{"resource":"playbyplay","parameters":{"GameID":"0041400167","StartPeriod":0,"EndPeriod":14},"resultSets":[{"name":"PlayByPlay","headers":["GAME_ID","EVENTNUM","EVENTMSGTYPE","EVENTMSGACTIONTYPE","PERIOD","WCTIMESTRING","PCTIMESTRING","HOMEDESCRIPTION","NEUTRALDESCRIPTION","VISITORDESCRIPTION","SCORE","SCOREMARGIN"],"rowSet":[["0041400167",0,12,0,1,"8:11 PM","12:00",null,null,null,null,null],["0041400167",1,10,0,1,"8:11 PM","12:00","Jump Ball Jordan vs. Duncan: Tip to Parker",null,null,null,null],["0041400167",2,1,78,1,"8:12 PM","11:37",null,null,"Leonard 8' Floating Jump Shot (2 PTS) (Parker 1 AST)","2 - 0","-2"],["0041400167",3,1,1,1,"8:12 PM","11:12","Paul 18' Jump Shot (2 PTS)",null,null,"2 - 2","TIE"],["0041400167",4,1,5,1,"8:13 PM","10:53",null,null,"Duncan 2' Layup (2 PTS) (Splitter 1 AST)","4 - 2","-2"],["0041400167",5,6,2,1,"8:13 PM","10:49",null,null,"Splitter S.FOUL (P1.T1) (J.Capers)",null,null],["0041400167",6,3,11,1,"8:13 PM","10:49","Griffin Free Throw 1 of 2 (1 PTS)",null,null,"4 - 3","-1"],["0041400167",8,3,12,1,"8:13 PM","10:49","Griffin Free Throw 2 of 2 (2 PTS)",null,null,"4 - 4","TIE"],["0041400167",10,6,1,1,"8:14 PM","10:39","Redick P.FOUL (P1.T1) (M.McCutchen)",null,null,null,null],["0041400167",11,1,5,1,"8:14 PM","10:36",null,null,"Green 2' Layup (2 PTS) (Leonard 1 AST)","6 - 4","-2"],["0041400167",12,5,1,1,"8:14 PM","10:31","Griffin Bad Pass Turnover (P1.T1)",null,null,null,null],["0041400167",13,2,1,1,"8:15 PM","10:15",null,null,"MISS Parker 15' Jump Shot",null,null],["0041400167",14,4,0,1,"8:15 PM","10:13",null,null,"Duncan REBOUND (Off:1 Def:0)",null,null],["0041400167",15,2,1,1,"8:15 PM","10:07",null,null,"MISS Green 26' 3PT Jump Shot",null,null],["0041400167",16,4,0,1,"8:15 PM","10:05","Jordan REBOUND (Off:0 Def:1)",null,null,null,null],["0041400167",17,1,1,1,"8:15 PM","9:55","Griffin 18' Jump Shot (4 PTS) (Paul 1 AST)",null,null,"6 - 6","TIE"],["0041400167",18,1,1,1,"8:15 PM","9:33",null,null,"Parker 15' Jump Shot (2 PTS)","8 - 6","-2"],["0041400167",19,2,1,1,"8:15 PM","9:18","MISS Redick 20' Jump Shot",null,null,null,null],["0041400167",20,4,0,1,"8:15 PM","9:17",null,null,"Splitter REBOUND (Off:0 Def:1)",null,null],["0041400167",21,1,1,1,"8:16 PM","9:05",null,null,"Green 24' 3PT Jump Shot (5 PTS) (Parker 2 AST)","11 - 6","-5"],["0041400167",22,2,5,1,"8:16 PM","8:53","MISS Griffin 1' Layup",null,"Splitter BLOCK (1 BLK)",null,null],["0041400167",23,4,0,1,"8:16 PM","8:53","CLIPPERS Rebound",null,null,null,null],["0041400167",24,2,1,1,"8:16 PM","8:46","MISS Redick 25' 3PT Jump Shot",null,null,null,null],["0041400167",25,4,0,1,"8:16 PM","8:44",null,null,"Green REBOUND (Off:0 Def:1)",null,null],["0041400167",26,1,1,1,"8:17 PM","8:30",null,null,"Parker 19' Jump Shot (4 PTS)","13 - 6","-7"],["0041400167",27,9,1,1,"8:17 PM","8:30","CLIPPERS Timeout: Regular (Full 1 Short 0)",null,null,null,null],["0041400167",29,2,1,1,"8:20 PM","8:19","MISS Paul 14' Jump Shot",null,null,null,null],["0041400167",30,4,0,1,"8:20 PM","8:17",null,null,"Splitter REBOUND (Off:0 Def:2)",null,null],["0041400167",31,2,1,1,"8:20 PM","7:58",null,null,"MISS Parker 19' Jump Shot",null,null],["0041400167",32,4,0,1,"8:20 PM","7:57","Jordan REBOUND (Off:0 Def:2)",null,null,null,null],["0041400167",33,1,1,1,"8:21 PM","7:37","Barnes  3PT Jump Shot (3 PTS) (Griffin 1 AST)",null,null,"13 - 9","-4"],["0041400167",34,1,79,1,"8:21 PM","7:15",null,null,"Leonard 14' Pullup Jump Shot (4 PTS)","15 - 9","-6"],["0041400167",35,1,80,1,"8:22 PM","6:46","Griffin 18' Step Back Jump Shot (6 PTS)",null,null,"15 - 11","-4"],["0041400167",36,1,65,1,"8:22 PM","6:31",null,null,"Duncan 7' Jump Hook Shot (4 PTS)","17 - 11","-6"],["0041400167",37,2,1,1,"8:22 PM","6:23","MISS Barnes 24' 3PT Jump Shot",null,null,null,null],["0041400167",38,4,0,1,"8:22 PM","6:18",null,null,"Duncan REBOUND (Off:1 Def:1)",null,null],["0041400167",39,1,78,1,"8:22 PM","6:12",null,null,"Parker 9' Floating Jump Shot (6 PTS)","19 - 11","-8"],["0041400167",40,1,1,1,"8:22 PM","5:56","Barnes  3PT Jump Shot (6 PTS) (Paul 2 AST)",null,null,"19 - 14","-5"],["0041400167",41,2,1,1,"8:23 PM","5:34",null,null,"MISS Parker 8' Jump Shot",null,null],["0041400167",42,4,0,1,"8:23 PM","5:33","Jordan REBOUND (Off:0 Def:3)",null,null,null,null],["0041400167",43,2,1,1,"8:23 PM","5:28","MISS Barnes 24' 3PT Jump Shot",null,null,null,null],["0041400167",44,4,0,1,"8:23 PM","5:25",null,null,"Leonard REBOUND (Off:0 Def:1)",null,null],["0041400167",45,9,1,1,"8:23 PM","5:20",null,null,"Spurs Timeout: Regular (Reg.1 Short 0)",null,null],["0041400167",47,8,0,1,"8:26 PM","5:20",null,null,"SUB: Diaw FOR Splitter",null,null],["0041400167",48,8,0,1,"8:26 PM","5:20",null,null,"SUB: Ginobili FOR Green",null,null],["0041400167",49,2,1,1,"8:27 PM","5:07",null,null,"MISS Diaw 13' Jump Shot",null,null],["0041400167",50,4,0,1,"8:27 PM","5:06","Barnes REBOUND (Off:0 Def:1)",null,null,null,null],["0041400167",51,6,1,1,"8:27 PM","4:59",null,null,"Parker P.FOUL (P1.T2) (J.Phillips)",null,null],["0041400167",52,1,42,1,"8:27 PM","4:51","Barnes 2' Driving Layup (8 PTS) (Redick 1 AST)",null,null,"19 - 16","-3"],["0041400167",53,5,4,1,"8:28 PM","4:30",null,null,"Diaw Traveling Turnover (P1.T1)",null,null],["0041400167",54,2,1,1,"8:28 PM","4:10","MISS Redick 17' Jump Shot",null,null,null,null],["0041400167",55,4,0,1,"8:28 PM","4:08","Jordan REBOUND (Off:1 Def:3)",null,null,null,null],["0041400167",56,1,5,1,"8:28 PM","4:05","Barnes 2' Layup (10 PTS) (Jordan 1 AST)",null,null,"19 - 18","-1"],["0041400167",57,6,1,1,"8:29 PM","3:51","Barnes P.FOUL (P1.T2) (J.Phillips)",null,null,null,null],["0041400167",58,8,0,1,"8:29 PM","3:51",null,null,"SUB: Mills FOR Parker",null,null],["0041400167",59,8,0,1,"8:29 PM","3:51",null,null,"SUB: Belinelli FOR Leonard",null,null],["0041400167",60,8,0,1,"8:29 PM","3:51","SUB: Crawford FOR Redick",null,null,null,null],["0041400167",61,2,1,1,"8:29 PM","3:36",null,null,"MISS Belinelli 35' 3PT Jump Shot",null,null],["0041400167",62,4,0,1,"8:29 PM","3:34",null,null,"Mills REBOUND (Off:1 Def:0)",null,null],["0041400167",63,5,2,1,"8:29 PM","3:23","Barnes STEAL (1 STL)",null,"Ginobili Lost Ball Turnover (P1.T2)",null,null],["0041400167",64,6,1,1,"8:30 PM","3:23",null,null,"Ginobili P.FOUL (P1.T3) (J.Phillips)",null,null],["0041400167",65,8,0,1,"8:30 PM","3:23","SUB: Davis FOR Griffin",null,null,null,null],["0041400167",67,1,1,1,"8:30 PM","3:09","Davis 18' Jump Shot (2 PTS) (Paul 3 AST)",null,null,"19 - 20","1"],["0041400167",68,6,1,1,"8:30 PM","2:53","Barnes P.FOUL (P2.T3) (J.Capers)",null,null,null,null],["0041400167",69,8,0,1,"8:31 PM","2:53","SUB: Rivers FOR Barnes",null,null,null,null],["0041400167",70,1,1,1,"8:31 PM","2:45",null,null,"Duncan 6' Jump Shot (6 PTS) (Belinelli 1 AST)","21 - 20","-1"],["0041400167",71,6,29,1,"8:31 PM","2:45","Davis Shooting Block Foul (P1.T4) (M.McCutchen)",null,null,null,null],["0041400167",72,3,10,1,"8:31 PM","2:45",null,null,"Duncan Free Throw 1 of 1 (7 PTS)","22 - 20","-2"],["0041400167",75,5,40,1,"8:32 PM","2:33","Crawford Out of Bounds Lost Ball Turnover (P1.T2)",null,null,null,null],["0041400167",76,5,2,1,"8:32 PM","2:19","Paul STEAL (1 STL)",null,"Diaw Lost Ball Turnover (P2.T3)",null,null],["0041400167",77,1,1,1,"8:32 PM","2:11","Paul 25' 3PT Jump Shot (5 PTS)",null,null,"22 - 23","1"],["0041400167",79,2,1,1,"8:33 PM","1:52","Jordan BLOCK (1 BLK)",null,"MISS Duncan 11' Jump Shot",null,null],["0041400167",81,4,0,1,"8:33 PM","1:52",null,null,"Spurs Rebound",null,null],["0041400167",80,8,0,1,"8:33 PM","1:52","SUB: Redick FOR Paul",null,null,null,null],["0041400167",82,10,0,1,"8:33 PM","1:52","Jump Ball Jordan vs. Duncan: Tip to Ginobili",null,null,null,null],["0041400167",83,2,5,1,"8:33 PM","1:46","Davis BLOCK (1 BLK)",null,"MISS Ginobili 2' Layup",null,null],["0041400167",84,4,0,1,"8:33 PM","1:46",null,null,"Spurs Rebound",null,null],["0041400167",86,1,66,1,"8:34 PM","1:42",null,null,"Duncan 12' Jump Bank Shot (9 PTS) (Mills 1 AST)","24 - 23","-1"],["0041400167",87,1,1,1,"8:34 PM","1:29","Crawford 24' 3PT Jump Shot (3 PTS)",null,null,"24 - 26","2"],["0041400167",89,2,40,1,"8:34 PM","1:10","Davis BLOCK (2 BLK)",null,"MISS Duncan 1' Layup",null,null],["0041400167",90,4,0,1,"8:34 PM","1:08","Davis REBOUND (Off:0 Def:1)",null,null,null,null],["0041400167",91,1,42,1,"8:34 PM","1:02","Crawford 2' Driving Layup (5 PTS)",null,null,"24 - 28","4"],["0041400167",93,1,1,1,"8:35 PM","0:43",null,null,"Mills 24' 3PT Jump Shot (3 PTS) (Diaw 1 AST)","27 - 28","1"],["0041400167",95,6,4,1,"8:35 PM","0:34","Jordan OFF.Foul (P1) (M.McCutchen)",null,null,null,null],["0041400167",96,5,5,1,"8:35 PM","0:34","Jordan Foul Turnover (P1.T3)",null,null,null,null],["0041400167",97,8,0,1,"8:35 PM","0:34",null,null,"SUB: Splitter FOR Duncan",null,null],["0041400167",98,1,1,1,"8:35 PM","0:27",null,null,"Diaw 25' 3PT Jump Shot (3 PTS) (Ginobili 1 AST)","30 - 28","-2"],["0041400167",99,2,1,1,"8:36 PM","0:10","MISS Crawford 20' Jump Shot",null,null,null,null],["0041400167",100,4,0,1,"8:36 PM","0:09",null,null,"Belinelli REBOUND (Off:0 Def:1)",null,null],["0041400167",101,2,1,1,"8:36 PM","0:01",null,null,"MISS Ginobili 25' 3PT Jump Shot",null,null],["0041400167",102,4,0,1,"8:36 PM","0:00",null,null,"Spurs Rebound",null,null],["0041400167",103,13,0,1,"8:36 PM","0:00",null,null,null,"30 - 28","-2"],["0041400167",105,12,0,2,"8:40 PM","12:00",null,null,null,"30 - 28","-2"],["0041400167",106,5,1,2,"8:40 PM","11:48","Redick Bad Pass Turnover (P1.T4)",null,"Splitter STEAL (1 STL)",null,null],["0041400167",107,1,5,2,"8:40 PM","11:31",null,null,"Splitter 1' Layup (2 PTS) (Belinelli 2 AST)","32 - 28","-4"],["0041400167",109,6,2,2,"8:41 PM","11:13",null,null,"Green S.FOUL (P1.T1) (M.McCutchen)",null,null],["0041400167",110,3,11,2,"8:41 PM","11:13","Griffin Free Throw 1 of 2 (7 PTS)",null,null,"32 - 29","-3"],["0041400167",112,8,0,2,"8:41 PM","11:13","SUB: Turkoglu FOR Davis",null,null,null,null],["0041400167",113,3,12,2,"8:41 PM","11:13","MISS Griffin Free Throw 2 of 2",null,null,null,null],["0041400167",115,4,0,2,"8:41 PM","11:11",null,null,"Green REBOUND (Off:0 Def:2)",null,null],["0041400167",117,2,1,2,"8:42 PM","10:49",null,null,"MISS Mills 29' 3PT Jump Shot",null,null],["0041400167",118,4,0,2,"8:42 PM","10:48","Griffin REBOUND (Off:0 Def:1)",null,null,null,null],["0041400167",119,1,1,2,"8:42 PM","10:39","Redick 24' 3PT Jump Shot (3 PTS) (Crawford 1 AST)",null,null,"32 - 32","TIE"],["0041400167",120,1,1,2,"8:42 PM","10:24",null,null,"Green 25' 3PT Jump Shot (8 PTS) (Ginobili 2 AST)","35 - 32","-3"],["0041400167",121,5,1,2,"8:43 PM","10:03","Griffin Bad Pass Turnover (P2.T5)",null,"Ginobili STEAL (1 STL)",null,null],["0041400167",122,5,40,2,"8:43 PM","10:01",null,null,"Ginobili Out of Bounds Lost Ball Turnover (P2.T4)",null,null],["0041400167",124,1,49,2,"8:43 PM","9:48","Griffin  Driving Dunk (9 PTS) (Crawford 2 AST)",null,null,"35 - 34","-1"],["0041400167",126,6,1,2,"8:43 PM","9:28","Griffin P.FOUL (P1.T1) (M.McCutchen)",null,null,null,null],["0041400167",127,2,5,2,"8:44 PM","9:23",null,null,"MISS Mills 2' Layup",null,null],["0041400167",128,4,0,2,"8:44 PM","9:22","Griffin REBOUND (Off:0 Def:2)",null,null,null,null],["0041400167",129,2,1,2,"8:44 PM","9:13","MISS Griffin 17' Jump Shot",null,null,null,null],["0041400167",130,4,0,2,"8:44 PM","9:12",null,null,"Green REBOUND (Off:0 Def:3)",null,null],["0041400167",131,1,5,2,"8:44 PM","8:57",null,null,"Splitter 1' Layup (4 PTS)","37 - 34","-3"],["0041400167",132,6,2,2,"8:44 PM","8:57","Turkoglu S.FOUL (P1.T2) (J.Phillips)",null,null,null,null],["0041400167",133,9,4,2,"8:45 PM","8:57",null,null,null,null,null],["0041400167",135,8,0,2,"8:48 PM","8:57",null,null,"SUB: Leonard FOR Ginobili",null,null],["0041400167",136,3,10,2,"8:48 PM","8:57",null,null,"MISS Splitter Free Throw 1 of 1",null,null],["0041400167",138,4,0,2,"8:48 PM","8:55","Griffin REBOUND (Off:0 Def:3)",null,null,null,null],["0041400167",139,5,1,2,"8:48 PM","8:44","Crawford Bad Pass Turnover (P2.T6)",null,"Splitter STEAL (2 STL)",null,null],["0041400167",140,6,26,2,"8:48 PM","8:35",null,null,"Belinelli Offensive Charge Foul (P1.T2) (J.Capers)",null,null],["0041400167",141,5,5,2,"8:48 PM","8:35",null,null,"Belinelli Foul Turnover (P1.T5)",null,null],["0041400167",142,8,0,2,"8:48 PM","8:35",null,null,"SUB: Diaw FOR Splitter",null,null],["0041400167",143,8,0,2,"8:48 PM","8:35",null,null,"SUB: Parker FOR Mills",null,null],["0041400167",144,8,0,2,"8:49 PM","8:35","SUB: Barnes FOR Turkoglu",null,null,null,null],["0041400167",146,2,1,2,"8:49 PM","8:17","MISS Barnes 24' 3PT Jump Shot",null,null,null,null],["0041400167",147,4,0,2,"8:49 PM","8:14","Griffin REBOUND (Off:1 Def:3)",null,null,null,null],["0041400167",148,2,5,2,"8:49 PM","8:11","MISS Griffin 2' Layup",null,"Green BLOCK (1 BLK)",null,null],["0041400167",149,4,0,2,"8:49 PM","8:10",null,null,"Leonard REBOUND (Off:0 Def:2)",null,null],["0041400167",150,2,1,2,"8:49 PM","8:05",null,null,"MISS Green 25' 3PT Jump Shot",null,null],["0041400167",151,4,0,2,"8:49 PM","8:02","Crawford REBOUND (Off:0 Def:1)",null,null,null,null],["0041400167",152,1,1,2,"8:49 PM","7:54","Crawford 17' Jump Shot (7 PTS) (Griffin 2 AST)",null,null,"37 - 36","-1"],["0041400167",154,2,1,2,"8:50 PM","7:34",null,null,"MISS Parker 20' Jump Shot",null,null],["0041400167",155,4,0,2,"8:50 PM","7:33","Griffin REBOUND (Off:1 Def:4)",null,null,null,null],["0041400167",156,1,66,2,"8:50 PM","7:21","Crawford 4' Jump Bank Shot (9 PTS)",null,null,"37 - 38","1"],["0041400167",157,9,1,2,"8:50 PM","7:21",null,null,"Spurs Timeout: Regular (Reg.2 Short 0)",null,null],["0041400167",159,1,5,2,"8:54 PM","7:08",null,null,"Diaw 3' Layup (5 PTS) (Parker 3 AST)","39 - 38","-1"],["0041400167",160,6,2,2,"8:54 PM","7:08","Griffin S.FOUL (P2.T3) (M.McCutchen)",null,null,null,null],["0041400167",161,3,10,2,"8:54 PM","7:08",null,null,"MISS Diaw Free Throw 1 of 1",null,null],["0041400167",163,4,0,2,"8:54 PM","7:05","Griffin REBOUND (Off:1 Def:5)",null,null,null,null],["0041400167",165,2,1,2,"8:54 PM","6:53","MISS Rivers 6' Jump Shot",null,null,null,null],["0041400167",166,4,0,2,"8:54 PM","6:51","Rivers REBOUND (Off:1 Def:0)",null,null,null,null],["0041400167",167,2,5,2,"8:55 PM","6:49","MISS Rivers 2' Layup",null,null,null,null],["0041400167",168,4,0,2,"8:55 PM","6:48",null,null,"Parker REBOUND (Off:0 Def:1)",null,null],["0041400167",169,2,3,2,"8:55 PM","6:34",null,null,"MISS Diaw 6' Hook Shot",null,null],["0041400167",170,4,0,2,"8:55 PM","6:31","Redick REBOUND (Off:0 Def:1)",null,null,null,null],["0041400167",171,9,1,2,"8:55 PM","6:27","CLIPPERS Timeout: Regular (Full 2 Short 0)",null,null,null,null],["0041400167",173,8,0,2,"8:58 PM","6:27","SUB: Paul FOR Redick",null,null,null,null],["0041400167",174,8,0,2,"8:58 PM","6:27","SUB: Jordan FOR Rivers",null,null,null,null],["0041400167",175,8,0,2,"8:58 PM","6:27",null,null,"SUB: Duncan FOR Belinelli",null,null],["0041400167",176,2,1,2,"8:59 PM","6:15","MISS Crawford 12' Jump Shot",null,null,null,null],["0041400167",177,4,0,2,"8:59 PM","6:14","Jordan REBOUND (Off:2 Def:3)",null,null,null,null],["0041400167",178,1,5,2,"8:59 PM","6:14","Jordan 1' Layup (2 PTS)",null,null,"39 - 40","1"],["0041400167",179,6,2,2,"8:59 PM","6:14",null,null,"Leonard S.FOUL (P1.T3) (M.McCutchen)",null,null],["0041400167",180,3,10,2,"8:59 PM","6:14","Jordan Free Throw 1 of 1 (3 PTS)",null,null,"39 - 41","2"],["0041400167",182,1,1,2,"8:59 PM","5:54",null,null,"Leonard 24' 3PT Jump Shot (7 PTS) (Green 1 AST)","42 - 41","-1"],["0041400167",183,6,2,2,"9:00 PM","5:38",null,null,"Duncan S.FOUL (P1.T4) (J.Phillips)",null,null],["0041400167",184,3,11,2,"9:00 PM","5:38","Griffin Free Throw 1 of 2 (10 PTS)",null,null,"42 - 42","TIE"],["0041400167",186,8,0,2,"9:00 PM","5:38","SUB: Redick FOR Crawford",null,null,null,null],["0041400167",187,3,12,2,"9:00 PM","5:38","Griffin Free Throw 2 of 2 (11 PTS)",null,null,"42 - 43","1"],["0041400167",189,1,5,2,"9:01 PM","5:21",null,null,"Duncan 1' Layup (11 PTS) (Green 2 AST)","44 - 43","-1"],["0041400167",190,2,1,2,"9:01 PM","5:05","MISS Barnes 7' Jump Shot",null,null,null,null],["0041400167",191,4,0,2,"9:01 PM","5:03",null,null,"Duncan REBOUND (Off:1 Def:2)",null,null],["0041400167",193,5,1,2,"9:01 PM","4:57","Redick STEAL (1 STL)",null,"Parker Bad Pass Turnover (P1.T6)",null,null],["0041400167",194,7,5,2,"9:02 PM","4:54",null,null,"Diaw Violation:Kicked Ball (J.Capers)",null,null],["0041400167",196,1,5,2,"9:02 PM","4:43","Griffin 2' Layup (13 PTS) (Paul 4 AST)",null,null,"44 - 45","1"],["0041400167",197,2,1,2,"9:02 PM","4:30",null,null,"MISS Diaw 24' 3PT Jump Shot",null,null],["0041400167",198,4,0,2,"9:02 PM","4:29","Barnes REBOUND (Off:0 Def:2)",null,null,null,null],["0041400167",199,2,1,2,"9:02 PM","4:23","MISS Redick 24' 3PT Jump Shot",null,null,null,null],["0041400167",200,4,0,2,"9:02 PM","4:20",null,null,"Duncan REBOUND (Off:1 Def:3)",null,null],["0041400167",201,6,2,2,"9:03 PM","4:12","Griffin S.FOUL (P3.T4) (J.Capers)",null,null,null,null],["0041400167",202,3,11,2,"9:03 PM","4:12",null,null,"Duncan Free Throw 1 of 2 (12 PTS)","45 - 45","TIE"],["0041400167",204,8,0,2,"9:03 PM","4:12","SUB: Davis FOR Griffin",null,null,null,null],["0041400167",205,8,0,2,"9:03 PM","4:12",null,null,"SUB: Splitter FOR Diaw",null,null],["0041400167",206,3,12,2,"9:04 PM","4:12",null,null,"Duncan Free Throw 2 of 2 (13 PTS)","46 - 45","-1"],["0041400167",209,6,1,2,"9:04 PM","4:05",null,null,"Green P.FOUL (P2.PN) (M.McCutchen)",null,null],["0041400167",210,2,1,2,"9:04 PM","4:00","MISS Redick 26' 3PT Jump Shot",null,"Green BLOCK (2 BLK)",null,null],["0041400167",211,4,0,2,"9:04 PM","3:58",null,null,"Leonard REBOUND (Off:0 Def:3)",null,null],["0041400167",212,6,29,2,"9:04 PM","3:58","Redick Shooting Block Foul (P2.PN) (M.McCutchen)",null,null,null,null],["0041400167",213,3,11,2,"9:05 PM","3:58",null,null,"Leonard Free Throw 1 of 2 (8 PTS)","47 - 45","-2"],["0041400167",215,3,12,2,"9:05 PM","3:58",null,null,"Leonard Free Throw 2 of 2 (9 PTS)","48 - 45","-3"],["0041400167",218,2,5,2,"9:05 PM","3:43","MISS Davis 2' Layup",null,null,null,null],["0041400167",220,4,0,2,"9:05 PM","3:42","Jordan REBOUND (Off:3 Def:3)",null,null,null,null],["0041400167",219,1,4,2,"9:05 PM","3:42","Jordan 2' Tip Shot (5 PTS)",null,null,"48 - 47","-1"],["0041400167",221,6,2,2,"9:06 PM","3:30","Davis S.FOUL (P2.PN) (J.Capers)",null,null,null,null],["0041400167",222,3,11,2,"9:06 PM","3:30",null,null,"MISS Duncan Free Throw 1 of 2",null,null],["0041400167",223,4,1,2,"9:06 PM","3:30",null,null,"Spurs Rebound",null,null],["0041400167",224,3,12,2,"9:06 PM","3:30",null,null,"MISS Duncan Free Throw 2 of 2",null,null],["0041400167",226,4,0,2,"9:06 PM","3:28","Jordan REBOUND (Off:3 Def:4)",null,null,null,null],["0041400167",227,6,1,2,"9:07 PM","3:22",null,null,"Leonard P.FOUL (P2.PN) (M.McCutchen)",null,null],["0041400167",229,3,11,2,"9:07 PM","3:22","Paul Free Throw 1 of 2 (6 PTS)",null,null,"48 - 48","TIE"],["0041400167",231,3,12,2,"9:07 PM","3:22","Paul Free Throw 2 of 2 (7 PTS)",null,null,"48 - 49","1"],["0041400167",233,1,79,2,"9:07 PM","3:10",null,null,"Parker 16' Pullup Jump Shot (8 PTS)","50 - 49","-1"],["0041400167",234,7,5,2,"9:08 PM","2:53",null,null,"Duncan Violation:Kicked Ball (J.Capers)",null,null],["0041400167",235,8,0,2,"9:08 PM","2:53",null,null,"SUB: Belinelli FOR Green",null,null],["0041400167",236,2,1,2,"9:08 PM","2:42","MISS Barnes 25' 3PT Jump Shot",null,null,null,null],["0041400167",237,4,0,2,"9:08 PM","2:40",null,null,"Leonard REBOUND (Off:0 Def:4)",null,null],["0041400167",238,5,1,2,"9:08 PM","2:35",null,null,"Leonard Bad Pass Turnover (P1.T7)",null,null],["0041400167",239,8,0,2,"9:09 PM","2:35","SUB: Crawford FOR Barnes",null,null,null,null],["0041400167",240,2,1,2,"9:09 PM","2:18","MISS Crawford 7' Jump Shot",null,null,null,null],["0041400167",241,4,0,2,"9:09 PM","2:17",null,null,"Splitter REBOUND (Off:0 Def:3)",null,null],["0041400167",242,6,1,2,"9:09 PM","2:02","Crawford P.FOUL (P1.PN) (J.Capers)",null,null,null,null],["0041400167",243,3,11,2,"9:10 PM","2:02",null,null,"Belinelli Free Throw 1 of 2 (1 PTS)","51 - 49","-2"],["0041400167",245,3,12,2,"9:10 PM","2:02",null,null,"Belinelli Free Throw 2 of 2 (2 PTS)","52 - 49","-3"],["0041400167",248,1,63,2,"9:10 PM","1:51","Paul 14' Fadeaway Jumper (9 PTS)",null,null,"52 - 51","-1"],["0041400167",249,2,1,2,"9:11 PM","1:40",null,null,"MISS Parker 15' Jump Shot",null,null],["0041400167",250,4,0,2,"9:11 PM","1:39","Paul REBOUND (Off:0 Def:1)",null,null,null,null],["0041400167",251,2,55,2,"9:11 PM","1:23","MISS Davis 4' Hook Shot",null,null,null,null],["0041400167",252,4,0,2,"9:11 PM","1:21",null,null,"Duncan REBOUND (Off:1 Def:4)",null,null],["0041400167",253,2,1,2,"9:11 PM","1:15",null,null,"MISS Parker 4' Jump Shot",null,null],["0041400167",254,4,0,2,"9:11 PM","1:14","Davis REBOUND (Off:0 Def:2)",null,null,null,null],["0041400167",255,1,5,2,"9:11 PM","1:02","Davis 2' Layup (4 PTS) (Paul 5 AST)",null,null,"52 - 53","1"],["0041400167",256,5,1,2,"9:12 PM","0:40","Jordan STEAL (1 STL)",null,"Parker Bad Pass Turnover (P2.T8)",null,null],["0041400167",257,9,2,2,"9:12 PM","0:38","CLIPPERS Timeout: Short (Full 2 Short 1)",null,null,null,null],["0041400167",259,8,0,2,"9:13 PM","0:38",null,null,"SUB: Diaw FOR Splitter",null,null],["0041400167",260,8,0,2,"9:13 PM","0:38",null,null,"SUB: Ginobili FOR Belinelli",null,null],["0041400167",261,6,28,2,"9:13 PM","0:38",null,null,"Ginobili Personal Take Foul (P2.PN) (J.Capers)",null,null],["0041400167",262,3,11,2,"9:13 PM","0:38","MISS Jordan Free Throw 1 of 2",null,null,null,null],["0041400167",263,4,1,2,"9:13 PM","0:38","CLIPPERS Rebound",null,null,null,null],["0041400167",264,3,12,2,"9:14 PM","0:38","MISS Jordan Free Throw 2 of 2",null,null,null,null],["0041400167",266,4,0,2,"9:14 PM","0:36","Davis REBOUND (Off:1 Def:2)",null,null,null,null],["0041400167",267,1,1,2,"9:14 PM","0:31","Crawford 26' 3PT Jump Shot (12 PTS) (Redick 2 AST)",null,null,"52 - 56","4"],["0041400167",268,2,1,2,"9:14 PM","0:22",null,null,"MISS Leonard 26' 3PT Jump Shot",null,null],["0041400167",269,4,0,2,"9:14 PM","0:21","Jordan REBOUND (Off:3 Def:5)",null,null,null,null],["0041400167",270,6,28,2,"9:14 PM","0:21",null,null,"Ginobili Personal Take Foul (P3.PN) (J.Phillips)",null,null],["0041400167",271,3,11,2,"9:15 PM","0:21","Jordan Free Throw 1 of 2 (6 PTS)",null,null,"52 - 57","5"],["0041400167",273,8,0,2,"9:15 PM","0:21","SUB: Rivers FOR Crawford",null,null,null,null],["0041400167",274,8,0,2,"9:15 PM","0:21","SUB: Jones FOR Redick",null,null,null,null],["0041400167",275,8,0,2,"9:15 PM","0:21",null,null,"SUB: Mills FOR Parker",null,null],["0041400167",276,3,12,2,"9:16 PM","0:21","MISS Jordan Free Throw 2 of 2",null,null,null,null],["0041400167",278,4,0,2,"9:16 PM","0:19",null,null,"Ginobili REBOUND (Off:0 Def:1)",null,null],["0041400167",279,1,1,2,"9:16 PM","0:00",null,null,"Diaw 24' 3PT Jump Shot (8 PTS) (Ginobili 3 AST)","55 - 57","2"],["0041400167",280,13,0,2,"9:16 PM","0:00",null,null,null,"55 - 57","2"],["0041400167",282,12,0,3,"9:34 PM","12:00",null,null,null,"55 - 57","2"],["0041400167",283,2,1,3,"9:34 PM","11:42","MISS Barnes  3PT Jump Shot",null,null,null,null],["0041400167",284,4,0,3,"9:34 PM","11:41",null,null,"Leonard REBOUND (Off:0 Def:5)",null,null],["0041400167",285,2,1,3,"9:34 PM","11:32",null,null,"MISS Duncan 7' Jump Shot",null,null],["0041400167",286,4,0,3,"9:34 PM","11:31","Griffin REBOUND (Off:1 Def:6)",null,null,null,null],["0041400167",287,1,1,3,"9:35 PM","11:15","Paul 26' 3PT Jump Shot (12 PTS) (Griffin 3 AST)",null,null,"55 - 60","5"],["0041400167",288,1,1,3,"9:35 PM","10:51",null,null,"Parker 11' Jump Shot (10 PTS)","57 - 60","3"],["0041400167",289,2,1,3,"9:35 PM","10:35","MISS Redick 19' Jump Shot",null,null,null,null],["0041400167",290,4,0,3,"9:35 PM","10:34",null,null,"Leonard REBOUND (Off:0 Def:6)",null,null],["0041400167",291,2,56,3,"9:36 PM","10:11",null,null,"MISS Splitter 3' Running Hook Shot",null,null],["0041400167",292,4,0,3,"9:36 PM","10:09","Paul REBOUND (Off:0 Def:2)",null,null,null,null],["0041400167",294,1,88,3,"9:36 PM","9:55","Barnes  Driving Slam Dunk (12 PTS) (Griffin 4 AST)",null,null,"57 - 62","5"],["0041400167",295,6,2,3,"9:36 PM","9:55",null,null,"Leonard S.FOUL (P3.T1) (M.McCutchen)",null,null],["0041400167",296,8,0,3,"9:37 PM","9:55",null,null,"SUB: Belinelli FOR Leonard",null,null],["0041400167",297,3,10,3,"9:37 PM","9:55","MISS Barnes Free Throw 1 of 1",null,null,null,null],["0041400167",299,4,0,3,"9:37 PM","9:53",null,null,"Duncan REBOUND (Off:1 Def:5)",null,null],["0041400167",300,6,1,3,"9:37 PM","9:43","Barnes P.FOUL (P3.T1) (J.Capers)",null,null,null,null],["0041400167",301,1,86,3,"9:38 PM","9:31",null,null,"Duncan 11' Turnaround Fadeaway (15 PTS)","59 - 62","3"],["0041400167",303,2,1,3,"9:38 PM","9:04","MISS Griffin 10' Jump Shot",null,null,null,null],["0041400167",304,4,0,3,"9:38 PM","9:03",null,null,"Duncan REBOUND (Off:1 Def:6)",null,null],["0041400167",305,2,66,3,"9:38 PM","8:51",null,null,"MISS Duncan 7' Jump Bank Shot",null,null],["0041400167",306,4,0,3,"9:38 PM","8:50","Griffin REBOUND (Off:1 Def:7)",null,null,null,null],["0041400167",307,1,1,3,"9:38 PM","8:45","Paul 25' 3PT Jump Shot (15 PTS)",null,null,"59 - 65","6"],["0041400167",308,1,1,3,"9:39 PM","8:19",null,null,"Green 22' Jump Shot (10 PTS) (Parker 4 AST)","61 - 65","4"],["0041400167",309,2,1,3,"9:39 PM","8:11","MISS Paul 24' 3PT Jump Shot",null,null,null,null],["0041400167",310,4,0,3,"9:39 PM","8:10",null,null,"Belinelli REBOUND (Off:0 Def:2)",null,null],["0041400167",311,1,1,3,"9:39 PM","7:56",null,null,"Green 26' 3PT Jump Shot (13 PTS) (Belinelli 3 AST)","64 - 65","1"],["0041400167",312,2,66,3,"9:39 PM","7:33","MISS Griffin 12' Jump Bank Shot",null,null,null,null],["0041400167",313,4,0,3,"9:39 PM","7:32",null,null,"Green REBOUND (Off:0 Def:4)",null,null],["0041400167",314,2,1,3,"9:40 PM","7:24",null,null,"MISS Parker 20' Jump Shot",null,null],["0041400167",316,4,0,3,"9:40 PM","7:20",null,null,"Duncan REBOUND (Off:2 Def:6)",null,null],["0041400167",315,2,53,3,"9:40 PM","7:20",null,null,"MISS Duncan 1' Tip Shot",null,null],["0041400167",317,4,0,3,"9:40 PM","7:17","Jordan REBOUND (Off:3 Def:6)",null,null,null,null],["0041400167",318,6,1,3,"9:40 PM","7:15",null,null,"Splitter P.FOUL (P2.T2) (J.Capers)",null,null],["0041400167",319,8,0,3,"9:40 PM","7:15",null,null,"SUB: Diaw FOR Splitter",null,null],["0041400167",320,8,0,3,"9:40 PM","7:15","SUB: Crawford FOR Barnes",null,null,null,null],["0041400167",321,2,1,3,"9:40 PM","7:02","MISS Crawford 13' Jump Shot",null,"Green BLOCK (3 BLK)",null,null],["0041400167",322,4,0,3,"9:40 PM","7:01",null,null,"Duncan REBOUND (Off:2 Def:7)",null,null],["0041400167",323,2,44,3,"9:40 PM","6:57","Paul BLOCK (1 BLK)",null,"MISS Parker 1' Reverse Layup",null,null],["0041400167",324,4,0,3,"9:41 PM","6:54","Jordan REBOUND (Off:3 Def:7)",null,null,null,null],["0041400167",325,1,1,3,"9:41 PM","6:49","Redick 24' 3PT Jump Shot (6 PTS) (Griffin 5 AST)",null,null,"64 - 68","4"],["0041400167",327,9,1,3,"9:41 PM","6:48",null,null,"Spurs Timeout: Regular (Reg.3 Short 0)",null,null],["0041400167",329,2,1,3,"9:44 PM","6:29",null,null,"MISS Belinelli 25' 3PT Jump Shot",null,null],["0041400167",330,4,0,3,"9:44 PM","6:28","Griffin REBOUND (Off:1 Def:8)",null,null,null,null],["0041400167",331,1,1,3,"9:45 PM","6:17","Griffin 18' Jump Shot (15 PTS) (Paul 6 AST)",null,null,"64 - 70","6"],["0041400167",332,1,47,3,"9:45 PM","5:59",null,null,"Duncan 3' Turnaround Jump Shot (17 PTS)","66 - 70","4"],["0041400167",333,5,2,3,"9:45 PM","5:32","Crawford Lost Ball Turnover (P3.T7)",null,"Green STEAL (1 STL)",null,null],["0041400167",334,2,1,3,"9:45 PM","5:26",null,null,"MISS Green 25' 3PT Jump Shot",null,null],["0041400167",335,4,0,3,"9:45 PM","5:25","Redick REBOUND (Off:0 Def:2)",null,null,null,null],["0041400167",336,5,2,3,"9:46 PM","5:13","Paul Lost Ball Turnover (P1.T8)",null,"Parker STEAL (1 STL)",null,null],["0041400167",337,1,42,3,"9:46 PM","5:07",null,null,"Parker 2' Driving Layup (12 PTS) (Belinelli 4 AST)","68 - 70","2"],["0041400167",339,6,1,3,"9:46 PM","4:57",null,null,"Belinelli P.FOUL (P2.T3) (J.Capers)",null,null],["0041400167",340,1,49,3,"9:46 PM","4:49","Griffin  Driving Dunk (17 PTS) (Crawford 3 AST)",null,null,"68 - 72","4"],["0041400167",341,1,47,3,"9:47 PM","4:33",null,null,"Parker 4' Turnaround Jump Shot (14 PTS) (Green 3 AST)","70 - 72","2"],["0041400167",342,2,1,3,"9:47 PM","4:21","MISS Crawford 10' Jump Shot",null,"Green BLOCK (4 BLK)",null,null],["0041400167",343,4,0,3,"9:47 PM","4:19",null,null,"Green REBOUND (Off:0 Def:5)",null,null],["0041400167",344,1,47,3,"9:47 PM","4:00",null,null,"Parker 7' Turnaround Jump Shot (16 PTS)","72 - 72","TIE"],["0041400167",346,6,1,3,"9:48 PM","3:41",null,null,"Belinelli P.FOUL (P3.T4) (J.Capers)",null,null],["0041400167",347,8,0,3,"9:48 PM","3:41",null,null,"SUB: Ginobili FOR Green",null,null],["0041400167",348,8,0,3,"9:48 PM","3:41",null,null,"SUB: Leonard FOR Belinelli",null,null],["0041400167",349,8,0,3,"9:48 PM","3:41","SUB: Rivers FOR Paul",null,null,null,null],["0041400167",350,8,0,3,"9:48 PM","3:41",null,null,"SUB: Mills FOR Parker",null,null],["0041400167",351,1,78,3,"9:48 PM","3:33","Redick 6' Floating Jump Shot (8 PTS) (Griffin 6 AST)",null,null,"72 - 74","2"],["0041400167",352,2,1,3,"9:49 PM","3:08",null,null,"MISS Leonard 25' 3PT Jump Shot",null,null],["0041400167",353,4,0,3,"9:49 PM","3:07",null,null,"Duncan REBOUND (Off:3 Def:7)",null,null],["0041400167",354,2,1,3,"9:49 PM","3:02",null,null,"MISS Mills 24' 3PT Jump Shot",null,null],["0041400167",355,4,0,3,"9:49 PM","3:01","Griffin REBOUND (Off:1 Def:9)",null,null,null,null],["0041400167",357,9,1,3,"9:49 PM","2:54","CLIPPERS Timeout: Regular (Full 3 Short 1)",null,null,null,null],["0041400167",359,6,28,3,"9:53 PM","2:54",null,null,"Diaw Personal Take Foul (P1.PN) (J.Phillips)",null,null],["0041400167",360,3,11,3,"9:53 PM","2:54","MISS Jordan Free Throw 1 of 2",null,null,null,null],["0041400167",361,4,1,3,"9:53 PM","2:54","CLIPPERS Rebound",null,null,null,null],["0041400167",362,3,12,3,"9:53 PM","2:54","MISS Jordan Free Throw 2 of 2",null,null,null,null],["0041400167",364,4,0,3,"9:54 PM","2:52",null,null,"Diaw REBOUND (Off:0 Def:1)",null,null],["0041400167",365,6,1,3,"9:54 PM","2:41","Redick P.FOUL (P3.T2) (M.McCutchen)",null,null,null,null],["0041400167",366,8,0,3,"9:54 PM","2:41","SUB: Davis FOR Jordan",null,null,null,null],["0041400167",367,2,5,3,"9:54 PM","2:29",null,null,"MISS Mills 2' Layup",null,null],["0041400167",368,4,0,3,"9:54 PM","2:28","Griffin REBOUND (Off:1 Def:10)",null,null,null,null],["0041400167",369,1,56,3,"9:55 PM","2:10","Davis 4' Running Hook Shot (6 PTS) (Rivers 1 AST)",null,null,"72 - 76","4"],["0041400167",370,1,47,3,"9:55 PM","1:51",null,null,"Leonard 9' Turnaround Jump Shot (11 PTS)","74 - 76","2"],["0041400167",371,2,1,3,"9:55 PM","1:35","MISS Crawford 27' 3PT Jump Shot",null,null,null,null],["0041400167",372,4,0,3,"9:55 PM","1:34","CLIPPERS Rebound",null,null,null,null],["0041400167",373,8,0,3,"9:56 PM","1:34",null,null,"SUB: Green FOR Duncan",null,null],["0041400167",374,2,1,3,"9:56 PM","1:21","MISS Rivers 24' 3PT Jump Shot",null,null,null,null],["0041400167",375,4,0,3,"9:56 PM","1:19",null,null,"Green REBOUND (Off:0 Def:6)",null,null],["0041400167",376,2,1,3,"9:56 PM","1:10",null,null,"MISS Ginobili 25' 3PT Jump Shot",null,null],["0041400167",377,4,0,3,"9:56 PM","1:08","Redick REBOUND (Off:0 Def:3)",null,null,null,null],["0041400167",378,2,1,3,"9:56 PM","0:54","MISS Crawford 24' 3PT Jump Shot",null,null,null,null],["0041400167",379,4,0,3,"9:56 PM","0:53",null,null,"Ginobili REBOUND (Off:0 Def:2)",null,null],["0041400167",380,1,42,3,"9:57 PM","0:32",null,null,"Diaw 3' Driving Layup (10 PTS) (Ginobili 4 AST)","76 - 76","TIE"],["0041400167",381,5,40,3,"9:57 PM","0:10","Davis Out of Bounds Lost Ball Turnover (P1.T9)",null,null,null,null],["0041400167",382,8,0,3,"9:58 PM","0:10","SUB: Jones FOR Davis",null,null,null,null],["0041400167",383,6,1,3,"9:58 PM","0:07","Rivers P.FOUL (P1.T3) (J.Phillips)",null,null,null,null],["0041400167",384,3,13,3,"9:59 PM","0:07",null,null,"Ginobili Free Throw 1 of 3 (1 PTS)","77 - 76","-1"],["0041400167",386,3,14,3,"9:59 PM","0:07",null,null,"Ginobili Free Throw 2 of 3 (2 PTS)","78 - 76","-2"],["0041400167",388,8,0,3,"9:59 PM","0:07","SUB: Barnes FOR Rivers",null,null,null,null],["0041400167",389,8,0,3,"9:59 PM","0:07","SUB: Paul FOR Jones",null,null,null,null],["0041400167",390,3,15,3,"9:59 PM","0:07",null,null,"MISS Ginobili Free Throw 3 of 3",null,null],["0041400167",392,4,0,3,"9:59 PM","0:05","Crawford REBOUND (Off:0 Def:2)",null,null,null,null],["0041400167",393,1,1,3,"10:00 PM","0:01","Paul 37' 3PT Jump Shot (18 PTS)",null,null,"78 - 79","1"],["0041400167",394,18,0,3,"10:00 PM","0:00",null,null,null,null,null],["0041400167",395,13,0,3,"10:00 PM","0:00",null,null,null,"78 - 79","1"],["0041400167",397,12,0,4,"10:04 PM","12:00",null,null,null,"78 - 79","1"],["0041400167",398,6,1,4,"10:04 PM","11:38","Jordan P.FOUL (P2.T1) (M.McCutchen)",null,null,null,null],["0041400167",399,1,1,4,"10:04 PM","11:31",null,null,"Mills 25' 3PT Jump Shot (6 PTS) (Ginobili 5 AST)","81 - 79","-2"],["0041400167",400,6,1,4,"10:05 PM","11:20",null,null,"Leonard P.FOUL (P4.T1) (J.Phillips)",null,null],["0041400167",401,1,1,4,"10:05 PM","11:05","Paul 27' 3PT Jump Shot (21 PTS)",null,null,"81 - 82","1"],["0041400167",402,2,1,4,"10:05 PM","10:48",null,null,"MISS Leonard 25' 3PT Jump Shot",null,null],["0041400167",403,4,0,4,"10:05 PM","10:46",null,null,"Diaw REBOUND (Off:1 Def:1)",null,null],["0041400167",404,1,1,4,"10:06 PM","10:33",null,null,"Ginobili 24' 3PT Jump Shot (5 PTS) (Diaw 2 AST)","84 - 82","-2"],["0041400167",405,5,1,4,"10:06 PM","10:20","Griffin Bad Pass Turnover (P3.T10)",null,"Mills STEAL (1 STL)",null,null],["0041400167",406,2,5,4,"10:06 PM","10:12",null,null,"MISS Leonard 2' Layup",null,null],["0041400167",407,4,0,4,"10:06 PM","10:11","Jordan REBOUND (Off:3 Def:8)",null,null,null,null],["0041400167",408,1,49,4,"10:06 PM","10:06","Barnes  Driving Dunk (14 PTS) (Griffin 7 AST)",null,null,"84 - 84","TIE"],["0041400167",409,1,1,4,"10:06 PM","9:48",null,null,"Diaw 15' Jump Shot (12 PTS) (Ginobili 6 AST)","86 - 84","-2"],["0041400167",411,1,46,4,"10:07 PM","9:25","Crawford 13' Running Jump Shot (14 PTS) (Barnes 1 AST)",null,null,"86 - 86","TIE"],["0041400167",412,6,2,4,"10:07 PM","9:14","Barnes S.FOUL (P4.T2) (M.McCutchen)",null,null,null,null],["0041400167",413,3,11,4,"10:07 PM","9:14",null,null,"Splitter Free Throw 1 of 2 (5 PTS)","87 - 86","-1"],["0041400167",415,8,0,4,"10:08 PM","9:14",null,null,"SUB: Green FOR Leonard",null,null],["0041400167",416,8,0,4,"10:08 PM","9:14",null,null,"SUB: Belinelli FOR Ginobili",null,null],["0041400167",417,3,12,4,"10:08 PM","9:14",null,null,"MISS Splitter Free Throw 2 of 2",null,null],["0041400167",419,4,0,4,"10:08 PM","9:13","Jordan REBOUND (Off:3 Def:9)",null,null,null,null],["0041400167",420,5,4,4,"10:08 PM","8:59","Griffin Traveling Turnover (P4.T11)",null,null,null,null],["0041400167",422,9,4,4,"10:08 PM","8:59",null,null,null,null,null],["0041400167",424,8,0,4,"10:11 PM","8:59","SUB: Redick FOR Barnes",null,null,null,null],["0041400167",425,8,0,4,"10:11 PM","8:59",null,null,"SUB: Duncan FOR Splitter",null,null],["0041400167",426,8,0,4,"10:11 PM","8:59",null,null,"SUB: Parker FOR Belinelli",null,null],["0041400167",427,2,66,4,"10:12 PM","8:43",null,null,"MISS Diaw 9' Jump Bank Shot",null,null],["0041400167",428,4,0,4,"10:12 PM","8:42","Jordan REBOUND (Off:3 Def:10)",null,null,null,null],["0041400167",429,1,1,4,"10:12 PM","8:28","Paul 16' Jump Shot (23 PTS)",null,null,"87 - 88","1"],["0041400167",430,1,96,4,"10:12 PM","8:03",null,null,"Duncan 4' Turnaround Bank Hook Shot (19 PTS)","89 - 88","-1"],["0041400167",431,1,73,4,"10:13 PM","7:41","Griffin 2' Driving Reverse Layup (19 PTS) (Jordan 2 AST)",null,null,"89 - 90","1"],["0041400167",432,6,2,4,"10:13 PM","7:41",null,null,"Duncan S.FOUL (P2.T2) (J.Phillips)",null,null],["0041400167",433,8,0,4,"10:13 PM","7:41",null,null,"SUB: Leonard FOR Mills",null,null],["0041400167",434,8,0,4,"10:13 PM","7:41",null,null,"SUB: Ginobili FOR Diaw",null,null],["0041400167",435,3,10,4,"10:13 PM","7:41","Griffin Free Throw 1 of 1 (20 PTS)",null,null,"89 - 91","2"],["0041400167",437,2,1,4,"10:14 PM","7:21",null,null,"MISS Leonard 16' Jump Shot",null,null],["0041400167",438,4,0,4,"10:14 PM","7:20",null,null,"Leonard REBOUND (Off:1 Def:6)",null,null],["0041400167",439,1,1,4,"10:14 PM","7:14",null,null,"Ginobili 25' 3PT Jump Shot (8 PTS) (Parker 5 AST)","92 - 91","-1"],["0041400167",440,6,1,4,"10:14 PM","6:49",null,null,"Parker P.FOUL (P2.T3) (J.Capers)",null,null],["0041400167",441,5,1,4,"10:15 PM","6:45","Crawford Bad Pass Turnover (P4.T12)",null,"Green STEAL (2 STL)",null,null],["0041400167",442,6,28,4,"10:15 PM","6:44","Crawford Personal Take Foul (P2.T3) (J.Capers)",null,null,null,null],["0041400167",443,2,5,4,"10:16 PM","6:33",null,null,"MISS Leonard 2' Layup",null,null],["0041400167",444,4,0,4,"10:16 PM","6:32","Jordan REBOUND (Off:3 Def:11)",null,null,null,null],["0041400167",445,2,1,4,"10:16 PM","6:27","MISS Crawford 24' 3PT Jump Shot",null,null,null,null],["0041400167",446,4,0,4,"10:16 PM","6:25",null,null,"Leonard REBOUND (Off:1 Def:7)",null,null],["0041400167",447,1,42,4,"10:16 PM","6:09",null,null,"Green 2' Driving Layup (15 PTS) (Duncan 1 AST)","94 - 91","-3"],["0041400167",448,6,2,4,"10:16 PM","6:09","Paul S.FOUL (P1.T4) (M.McCutchen)",null,null,null,null],["0041400167",449,3,10,4,"10:16 PM","6:09",null,null,"Green Free Throw 1 of 1 (16 PTS)","95 - 91","-4"],["0041400167",452,9,1,4,"10:17 PM","5:58","CLIPPERS Timeout: Regular (Full 4 Short 1)",null,null,null,null],["0041400167",454,6,5,4,"10:20 PM","5:58",null,null,"Green IN.FOUL (P3.T4) (J.Phillips)",null,null],["0041400167",455,3,11,4,"10:21 PM","5:58","Jordan Free Throw 1 of 2 (7 PTS)",null,null,"95 - 92","-3"],["0041400167",457,3,12,4,"10:21 PM","5:58","MISS Jordan Free Throw 2 of 2",null,null,null,null],["0041400167",459,4,0,4,"10:21 PM","5:56",null,null,"Leonard REBOUND (Off:1 Def:8)",null,null],["0041400167",460,1,66,4,"10:21 PM","5:40",null,null,"Duncan 5' Jump Bank Shot (21 PTS) (Ginobili 7 AST)","97 - 92","-5"],["0041400167",461,2,1,4,"10:22 PM","5:30","MISS Paul 18' Jump Shot",null,null,null,null],["0041400167",462,4,0,4,"10:22 PM","5:29",null,null,"Parker REBOUND (Off:0 Def:2)",null,null],["0041400167",463,5,2,4,"10:22 PM","5:26","Paul STEAL (2 STL)",null,"Parker Lost Ball Turnover (P3.T9)",null,null],["0041400167",464,6,1,4,"10:22 PM","5:26",null,null,"Parker P.FOUL (P3.PN) (M.McCutchen)",null,null],["0041400167",465,3,11,4,"10:22 PM","5:26","Griffin Free Throw 1 of 2 (21 PTS)",null,null,"97 - 93","-4"],["0041400167",468,8,0,4,"10:22 PM","5:26","SUB: Barnes FOR Jordan",null,null,null,null],["0041400167",469,3,12,4,"10:23 PM","5:26","Griffin Free Throw 2 of 2 (22 PTS)",null,null,"97 - 94","-3"],["0041400167",472,2,5,4,"10:23 PM","5:08",null,null,"MISS Leonard 1' Layup",null,null],["0041400167",473,4,0,4,"10:23 PM","5:07","Griffin REBOUND (Off:1 Def:11)",null,null,null,null],["0041400167",474,1,1,4,"10:23 PM","4:58","Redick 25' 3PT Jump Shot (11 PTS) (Griffin 8 AST)",null,null,"97 - 97","TIE"],["0041400167",475,9,1,4,"10:23 PM","4:57",null,null,"Spurs Timeout: Regular (Reg.4 Short 0)",null,null],["0041400167",477,8,0,4,"10:26 PM","4:57",null,null,"SUB: Diaw FOR Ginobili",null,null],["0041400167",478,1,5,4,"10:27 PM","4:39",null,null,"Duncan 2' Layup (23 PTS) (Diaw 3 AST)","99 - 97","-2"],["0041400167",479,1,1,4,"10:27 PM","4:23","Redick 25' 3PT Jump Shot (14 PTS) (Griffin 9 AST)",null,null,"99 - 100","1"],["0041400167",480,1,66,4,"10:27 PM","4:00",null,null,"Parker 4' Jump Bank Shot (18 PTS)","101 - 100","-1"],["0041400167",481,6,2,4,"10:28 PM","3:35",null,null,"Green S.FOUL (P4.PN) (J.Phillips)",null,null],["0041400167",482,3,11,4,"10:28 PM","3:35","Griffin Free Throw 1 of 2 (23 PTS)",null,null,"101 - 101","TIE"],["0041400167",484,3,12,4,"10:29 PM","3:35","Griffin Free Throw 2 of 2 (24 PTS)",null,null,"101 - 102","1"],["0041400167",487,2,1,4,"10:29 PM","3:14",null,null,"MISS Diaw 5' Jump Shot",null,null],["0041400167",488,4,0,4,"10:29 PM","3:13",null,null,"Green REBOUND (Off:1 Def:6)",null,null],["0041400167",489,2,5,4,"10:29 PM","3:11","Barnes BLOCK (1 BLK)",null,"MISS Green 2' Layup",null,null],["0041400167",490,4,0,4,"10:29 PM","3:11",null,null,"Green REBOUND (Off:2 Def:6)",null,null],["0041400167",491,2,5,4,"10:29 PM","3:11","Barnes BLOCK (2 BLK)",null,"MISS Green 1' Layup",null,null],["0041400167",492,4,0,4,"10:29 PM","3:11",null,null,"Duncan REBOUND (Off:4 Def:7)",null,null],["0041400167",493,1,5,4,"10:30 PM","3:11",null,null,"Duncan 1' Layup (25 PTS)","103 - 102","-1"],["0041400167",494,6,2,4,"10:30 PM","3:11","Griffin S.FOUL (P4.PN) (M.McCutchen)",null,null,null,null],["0041400167",495,3,10,4,"10:30 PM","3:11",null,null,"MISS Duncan Free Throw 1 of 1",null,null],["0041400167",497,4,0,4,"10:30 PM","3:09",null,null,"Diaw REBOUND (Off:2 Def:1)",null,null],["0041400167",498,2,1,4,"10:30 PM","2:51",null,null,"MISS Parker  3PT Jump Shot",null,null],["0041400167",499,4,0,4,"10:30 PM","2:50",null,null,"Leonard REBOUND (Off:2 Def:8)",null,null],["0041400167",500,1,5,4,"10:30 PM","2:48",null,null,"Leonard 2' Layup (13 PTS)","105 - 102","-3"],["0041400167",501,2,1,4,"10:30 PM","2:31","MISS Paul 3' Jump Shot",null,null,null,null],["0041400167",502,4,0,4,"10:30 PM","2:29",null,null,"Parker REBOUND (Off:0 Def:3)",null,null],["0041400167",503,2,1,4,"10:31 PM","2:25",null,null,"MISS Parker 5' Jump Shot",null,null],["0041400167",504,4,0,4,"10:31 PM","2:22","Barnes REBOUND (Off:0 Def:3)",null,null,null,null],["0041400167",505,1,1,4,"10:31 PM","2:12","Barnes 25' 3PT Jump Shot (17 PTS) (Redick 3 AST)",null,null,"105 - 105","TIE"],["0041400167",506,2,5,4,"10:31 PM","1:52",null,null,"MISS Diaw 2' Layup",null,null],["0041400167",507,4,0,4,"10:31 PM","1:51","Barnes REBOUND (Off:0 Def:4)",null,null,null,null],["0041400167",508,2,1,4,"10:31 PM","1:33","MISS Griffin 4' Jump Shot",null,"Green BLOCK (5 BLK)",null,null],["0041400167",509,4,0,4,"10:31 PM","1:31",null,null,"Parker REBOUND (Off:0 Def:4)",null,null],["0041400167",510,2,5,4,"10:32 PM","1:27","Redick BLOCK (1 BLK)",null,"MISS Parker  Layup",null,null],["0041400167",511,4,0,4,"10:32 PM","1:25",null,null,"Diaw REBOUND (Off:3 Def:1)",null,null],["0041400167",512,2,1,4,"10:32 PM","1:23",null,null,"MISS Green 24' 3PT Jump Shot",null,null],["0041400167",514,4,0,4,"10:32 PM","1:23",null,null,"Parker REBOUND (Off:1 Def:4)",null,null],["0041400167",513,1,4,4,"10:32 PM","1:23",null,null,"Parker  Tip Shot (20 PTS)","107 - 105","-2"],["0041400167",516,9,1,4,"10:32 PM","1:23","CLIPPERS Timeout: Regular (Full 5 Short 1)",null,null,null,null],["0041400167",519,1,5,4,"10:34 PM","1:10","Crawford 1' Layup (16 PTS) (Griffin 10 AST)",null,null,"107 - 107","TIE"],["0041400167",520,2,1,4,"10:35 PM","0:55",null,null,"MISS Leonard 12' Jump Shot",null,null],["0041400167",521,4,0,4,"10:35 PM","0:54","Griffin REBOUND (Off:1 Def:12)",null,null,null,null],["0041400167",522,2,1,4,"10:35 PM","0:31","MISS Griffin 18' Jump Shot",null,null,null,null],["0041400167",523,4,0,4,"10:35 PM","0:30","Barnes REBOUND (Off:1 Def:4)",null,null,null,null],["0041400167",524,9,2,4,"10:35 PM","0:30","CLIPPERS Timeout: Short (Full 5 Short 2)",null,null,null,null],["0041400167",526,6,2,4,"10:37 PM","0:13",null,null,"Duncan S.FOUL (P3.PN) (M.McCutchen)",null,null],["0041400167",527,3,11,4,"10:37 PM","0:13","Paul Free Throw 1 of 2 (24 PTS)",null,null,"107 - 108","1"],["0041400167",529,8,0,4,"10:37 PM","0:13","SUB: Jordan FOR Crawford",null,null,null,null],["0041400167",530,3,12,4,"10:38 PM","0:13","Paul Free Throw 2 of 2 (25 PTS)",null,null,"107 - 109","2"],["0041400167",532,9,2,4,"10:38 PM","0:13",null,null,"Spurs Timeout: Short (Reg.4 Short 1)",null,null],["0041400167",534,8,0,4,"10:39 PM","0:13",null,null,"SUB: Belinelli FOR Diaw",null,null],["0041400167",536,6,2,4,"10:40 PM","0:08","Redick S.FOUL (P4.PN) (J.Capers)",null,null,null,null],["0041400167",537,3,11,4,"10:40 PM","0:08",null,null,"Duncan Free Throw 1 of 2 (26 PTS)","108 - 109","1"],["0041400167",539,3,12,4,"10:40 PM","0:08",null,null,"Duncan Free Throw 2 of 2 (27 PTS)","109 - 109","TIE"],["0041400167",541,9,2,4,"10:40 PM","0:08","CLIPPERS Timeout: Short (Full 5 Short 3)",null,null,null,null],["0041400167",543,8,0,4,"10:41 PM","0:08","SUB: Crawford FOR Jordan",null,null,null,null],["0041400167",544,8,0,4,"10:41 PM","0:08",null,null,"SUB: Ginobili FOR Belinelli",null,null],["0041400167",546,1,84,4,"10:42 PM","0:01","Paul 9' Running Bank Shot (27 PTS)",null,null,"109 - 111","2"],["0041400167",547,9,1,4,"10:42 PM","0:01",null,null,"Spurs Timeout: Regular (Reg.5 Short 1)",null,null],["0041400167",548,8,0,4,"10:43 PM","0:01","SUB: Jordan FOR Paul",null,null,null,null],["0041400167",549,8,0,4,"10:43 PM","0:01",null,null,"SUB: Bonner FOR Duncan",null,null],["0041400167",550,8,0,4,"10:43 PM","0:01",null,null,"SUB: Belinelli FOR Parker",null,null],["0041400167",551,8,0,4,"10:43 PM","0:01",null,null,"SUB: Diaw FOR Ginobili",null,null],["0041400167",552,5,1,4,"10:45 PM","0:01","Barnes STEAL (2 STL)",null,"Diaw Bad Pass Turnover (P3.T10)",null,null],["0041400167",553,13,0,4,"10:45 PM","0:00",null,null,null,"109 - 111","2"]]},{"name":"AvailableVideo","headers":["VIDEO_AVAILABLE_FLAG"],"rowSet":[[1]]}]}