{"resource":"playbyplay","parameters":{"GameID":"0041400151","StartPeriod":0,"EndPeriod":14},"resultSets":[{"name":"PlayByPlay","headers":["GAME_ID","EVENTNUM","EVENTMSGTYPE","EVENTMSGACTIONTYPE","PERIOD","WCTIMESTRING","PCTIMESTRING","HOMEDESCRIPTION","NEUTRALDESCRIPTION","VISITORDESCRIPTION","SCORE","SCOREMARGIN"],"rowSet":[["0041400151",0,12,0,1,"9:41 PM","12:00",null,null,null,null,null],["0041400151",1,10,0,1,"9:41 PM","12:00","Jump Ball Howard vs. Chandler: Tip to Terry",null,null,null,null],["0041400151",2,6,26,1,"9:42 PM","11:39","Harden Offensive Charge Foul (P1.T1) (J.Crawford)",null,null,null,null],["0041400151",3,5,5,1,"9:42 PM","11:39","Harden Foul Turnover (P1.T1)",null,null,null,null],["0041400151",4,2,1,1,"9:42 PM","11:17",null,null,"MISS Ellis 20' Jump Shot",null,null],["0041400151",5,4,0,1,"9:42 PM","11:16","Ariza REBOUND (Off:0 Def:1)",null,null,null,null],["0041400151",6,2,1,1,"9:42 PM","11:08","MISS Jones 26' 3PT Jump Shot",null,null,null,null],["0041400151",7,4,0,1,"9:42 PM","11:07",null,null,"Parsons REBOUND (Off:0 Def:1)",null,null],["0041400151",8,6,1,1,"9:43 PM","11:02","Terry P.FOUL (P1.T2) (J.Crawford)",null,null,null,null],["0041400151",9,1,1,1,"9:43 PM","10:53",null,null,"Nowitzki 19' Jump Shot (2 PTS) (Rondo 1 AST)","2 - 0","-2"],["0041400151",10,6,1,1,"9:43 PM","10:36",null,null,"Chandler P.FOUL (P1.T1) (J.Crawford)",null,null],["0041400151",11,2,58,1,"9:44 PM","10:28","MISS Howard 7' Turnaround Hook Shot",null,null,null,null],["0041400151",12,4,0,1,"9:44 PM","10:27",null,null,"Parsons REBOUND (Off:0 Def:2)",null,null],["0041400151",13,2,1,1,"9:44 PM","10:21",null,null,"MISS Parsons 16' Jump Shot",null,null],["0041400151",14,4,0,1,"9:44 PM","10:20","Ariza REBOUND (Off:0 Def:2)",null,null,null,null],["0041400151",15,1,7,1,"9:44 PM","10:08","Howard  Dunk (2 PTS) (Ariza 1 AST)",null,null,"2 - 2","TIE"],["0041400151",16,2,1,1,"9:44 PM","9:55",null,null,"MISS Parsons 26' 3PT Jump Shot",null,null],["0041400151",17,4,0,1,"9:44 PM","9:54","Howard REBOUND (Off:0 Def:1)",null,null,null,null],["0041400151",18,1,52,1,"9:44 PM","9:45","Howard  Alley Oop Dunk (4 PTS) (Harden 1 AST)",null,null,"2 - 4","2"],["0041400151",19,2,47,1,"9:45 PM","9:18","Howard BLOCK (1 BLK)",null,"MISS Rondo 8' Turnaround Jump Shot",null,null],["0041400151",20,4,0,1,"9:45 PM","9:16","Terry REBOUND (Off:0 Def:1)",null,null,null,null],["0041400151",21,5,1,1,"9:45 PM","9:10","Terry Bad Pass Turnover (P1.T2)",null,"Ellis STEAL (1 STL)",null,null],["0041400151",22,5,1,1,"9:45 PM","9:07","Ariza STEAL (1 STL)",null,"Ellis Bad Pass Turnover (P1.T1)",null,null],["0041400151",23,1,1,1,"9:45 PM","9:03","Harden 26' 3PT Jump Shot (3 PTS) (Ariza 2 AST)",null,null,"2 - 7","5"],["0041400151",24,5,40,1,"9:45 PM","8:53",null,null,"Ellis Out of Bounds Lost Ball Turnover (P2.T2)",null,null],["0041400151",26,2,58,1,"9:46 PM","8:38","MISS Howard 3' Turnaround Hook Shot",null,null,null,null],["0041400151",27,4,0,1,"9:46 PM","8:37",null,null,"Nowitzki REBOUND (Off:0 Def:1)",null,null],["0041400151",28,5,1,1,"9:46 PM","8:30","Terry STEAL (1 STL)",null,"Nowitzki Bad Pass Turnover (P1.T3)",null,null],["0041400151",29,1,75,1,"9:46 PM","8:28","Terry 1' Driving Finger Roll Layup (2 PTS)",null,null,"2 - 9","7"],["0041400151",30,9,1,1,"9:46 PM","8:28",null,null,"Mavericks Timeout: Regular (Reg.1 Short 0)",null,null],["0041400151",32,2,46,1,"9:50 PM","8:08","Howard BLOCK (2 BLK)",null,"MISS Chandler 10' Running Jump Shot",null,null],["0041400151",33,4,0,1,"9:50 PM","8:08",null,null,"Mavericks Rebound",null,null],["0041400151",34,2,1,1,"9:50 PM","8:03",null,null,"MISS Rondo 25' 3PT Jump Shot",null,null],["0041400151",35,4,0,1,"9:50 PM","8:00","Ariza REBOUND (Off:0 Def:3)",null,null,null,null],["0041400151",36,7,5,1,"9:50 PM","7:55",null,null,"Rondo Violation:Kicked Ball (T.Brown)",null,null],["0041400151",38,5,1,1,"9:51 PM","7:48","Harden Bad Pass Turnover (P2.T3)",null,null,null,null],["0041400151",39,1,79,1,"9:51 PM","7:40",null,null,"Ellis 19' Pullup Jump Shot (2 PTS)","4 - 9","5"],["0041400151",40,1,52,1,"9:51 PM","7:28","Jones  Alley Oop Dunk (2 PTS) (Harden 2 AST)",null,null,"4 - 11","7"],["0041400151",41,2,1,1,"9:51 PM","7:14","Howard BLOCK (3 BLK)",null,"MISS Ellis 6' Jump Shot",null,null],["0041400151",42,4,0,1,"9:51 PM","7:12","Jones REBOUND (Off:0 Def:1)",null,null,null,null],["0041400151",43,1,1,1,"9:51 PM","7:07","Ariza 27' 3PT Jump Shot (3 PTS) (Jones 1 AST)",null,null,"4 - 14","10"],["0041400151",45,6,2,1,"9:52 PM","6:54","Howard S.FOUL (P1.T3) (T.Brown)",null,null,null,null],["0041400151",46,3,11,1,"9:52 PM","6:54",null,null,"Ellis Free Throw 1 of 2 (3 PTS)","5 - 14","9"],["0041400151",49,8,0,1,"9:53 PM","6:54",null,null,"SUB: Aminu FOR Nowitzki",null,null],["0041400151",50,3,12,1,"9:53 PM","6:54",null,null,"Ellis Free Throw 2 of 2 (4 PTS)","6 - 14","8"],["0041400151",53,1,1,1,"9:53 PM","6:36","Terry 24' 3PT Jump Shot (5 PTS) (Harden 3 AST)",null,null,"6 - 17","11"],["0041400151",54,2,1,1,"9:53 PM","6:23",null,null,"MISS Ellis 15' Jump Shot",null,null],["0041400151",55,4,0,1,"9:53 PM","6:22","Ariza REBOUND (Off:0 Def:4)",null,null,null,null],["0041400151",56,1,1,1,"9:54 PM","6:16","Terry 23' Jump Shot (7 PTS) (Ariza 3 AST)",null,null,"6 - 19","13"],["0041400151",57,9,2,1,"9:54 PM","6:15",null,null,"Mavericks Timeout: Short (Reg.1 Short 1)",null,null],["0041400151",60,2,42,1,"9:55 PM","6:01",null,null,"MISS Parsons 3' Driving Layup",null,null],["0041400151",61,4,0,1,"9:55 PM","6:01","Terry REBOUND (Off:0 Def:2)",null,null,null,null],["0041400151",62,5,1,1,"9:55 PM","5:54","Terry Bad Pass Turnover (P2.T4)",null,"Chandler STEAL (1 STL)",null,null],["0041400151",63,1,8,1,"9:55 PM","5:50",null,null,"Parsons  Slam Dunk (2 PTS) (Ellis 1 AST)","8 - 19","11"],["0041400151",64,2,1,1,"9:56 PM","5:40","MISS Ariza 19' Jump Shot",null,null,null,null],["0041400151",65,4,0,1,"9:56 PM","5:40",null,null,"Mavericks Rebound",null,null],["0041400151",66,6,3,1,"9:56 PM","5:40","Howard L.B.FOUL (P2.T4) (J.Crawford)",null,null,null,null],["0041400151",67,8,0,1,"9:56 PM","5:40","SUB: Capela FOR Howard",null,null,null,null],["0041400151",68,8,0,1,"9:56 PM","5:40",null,null,"SUB: Nowitzki FOR Parsons",null,null],["0041400151",69,8,0,1,"9:56 PM","5:40",null,null,"SUB: Harris FOR Rondo",null,null],["0041400151",71,1,42,1,"9:56 PM","5:25",null,null,"Harris  Driving Layup (2 PTS)","10 - 19","9"],["0041400151",72,6,2,1,"9:57 PM","5:13",null,null,"Nowitzki S.FOUL (P1.T2) (T.Brown)",null,null],["0041400151",73,3,11,1,"9:57 PM","5:13","MISS Capela Free Throw 1 of 2",null,null,null,null],["0041400151",74,4,1,1,"9:57 PM","5:13","ROCKETS Rebound",null,null,null,null],["0041400151",75,8,0,1,"9:57 PM","5:13","SUB: Prigioni FOR Terry",null,null,null,null],["0041400151",76,8,0,1,"9:57 PM","5:13",null,null,"SUB: Stoudemire FOR Chandler",null,null],["0041400151",77,3,12,1,"9:57 PM","5:13","Capela Free Throw 2 of 2 (1 PTS)",null,null,"10 - 20","10"],["0041400151",80,5,40,1,"9:58 PM","5:05",null,null,"Harris Out of Bounds Lost Ball Turnover (P1.T4)",null,null],["0041400151",81,1,44,1,"9:58 PM","4:54","Capela 2' Reverse Layup (3 PTS) (Jones 2 AST)",null,null,"10 - 22","12"],["0041400151",82,1,5,1,"9:58 PM","4:36",null,null,"Ellis 2' Layup (6 PTS) (Stoudemire 1 AST)","12 - 22","10"],["0041400151",83,6,2,1,"9:58 PM","4:26",null,null,"Harris S.FOUL (P1.T3) (R.Garretson)",null,null],["0041400151",84,3,11,1,"9:59 PM","4:26","Harden Free Throw 1 of 2 (4 PTS)",null,null,"12 - 23","11"],["0041400151",86,8,0,1,"9:59 PM","4:26","SUB: Smith FOR Jones",null,null,null,null],["0041400151",87,3,12,1,"9:59 PM","4:26","Harden Free Throw 2 of 2 (5 PTS)",null,null,"12 - 24","12"],["0041400151",89,2,1,1,"10:00 PM","4:06",null,null,"MISS Nowitzki 6' Jump Shot",null,null],["0041400151",90,4,0,1,"10:00 PM","4:05",null,null,"Aminu REBOUND (Off:1 Def:0)",null,null],["0041400151",91,2,5,1,"10:00 PM","4:02","Capela BLOCK (1 BLK)",null,"MISS Stoudemire 3' Layup",null,null],["0041400151",92,4,0,1,"10:00 PM","4:00",null,null,"Stoudemire REBOUND (Off:1 Def:0)",null,null],["0041400151",93,2,1,1,"10:00 PM","3:56",null,null,"MISS Stoudemire 3' Jump Shot",null,null],["0041400151",95,4,0,1,"10:00 PM","3:54",null,null,"Nowitzki REBOUND (Off:1 Def:1)",null,null],["0041400151",94,1,4,1,"10:00 PM","3:54",null,null,"Nowitzki 1' Tip Shot (4 PTS)","14 - 24","10"],["0041400151",96,8,0,1,"10:00 PM","3:48","SUB: Brewer FOR Ariza",null,null,null,null],["0041400151",97,5,1,1,"10:00 PM","3:38","Smith Bad Pass Turnover (P1.T5)",null,null,null,null],["0041400151",99,6,1,1,"10:01 PM","3:28","Capela P.FOUL (P1.PN) (R.Garretson)",null,null,null,null],["0041400151",101,6,1,1,"10:01 PM","3:26","Capela P.FOUL (P2.PN) (T.Brown)",null,null,null,null],["0041400151",102,3,11,1,"10:01 PM","3:26",null,null,"Stoudemire Free Throw 1 of 2 (1 PTS)","15 - 24","9"],["0041400151",104,3,12,1,"10:02 PM","3:26",null,null,"Stoudemire Free Throw 2 of 2 (2 PTS)","16 - 24","8"],["0041400151",107,1,88,1,"10:02 PM","3:12","Harden  Driving Slam Dunk (7 PTS)",null,null,"16 - 26","10"],["0041400151",108,5,2,1,"10:02 PM","2:55","Smith STEAL (1 STL)",null,"Nowitzki Lost Ball Turnover (P2.T5)",null,null],["0041400151",109,1,42,1,"10:02 PM","2:50","Brewer  Driving Layup (2 PTS)",null,null,"16 - 28","12"],["0041400151",110,2,5,1,"10:03 PM","2:39",null,null,"MISS Ellis 2' Layup",null,null],["0041400151",111,4,0,1,"10:03 PM","2:38","Capela REBOUND (Off:0 Def:1)",null,null,null,null],["0041400151",112,2,1,1,"10:03 PM","2:34","MISS Harden 26' 3PT Jump Shot",null,null,null,null],["0041400151",113,4,0,1,"10:03 PM","2:33",null,null,"Stoudemire REBOUND (Off:1 Def:1)",null,null],["0041400151",114,6,27,1,"10:03 PM","2:30","Prigioni Personal Block Foul (P1.PN) (J.Crawford)",null,null,null,null],["0041400151",115,9,1,1,"10:03 PM","2:30","ROCKETS Timeout: Regular (Full 1 Short 0)",null,null,null,null],["0041400151",117,8,0,1,"10:05 PM","2:30",null,null,"SUB: Parsons FOR Nowitzki",null,null],["0041400151",119,3,11,1,"10:06 PM","2:30",null,null,"MISS Ellis Free Throw 1 of 2",null,null],["0041400151",120,4,1,1,"10:06 PM","2:30",null,null,"Mavericks Rebound",null,null],["0041400151",121,3,12,1,"10:06 PM","2:30",null,null,"Ellis Free Throw 2 of 2 (7 PTS)","17 - 28","11"],["0041400151",124,2,1,1,"10:07 PM","2:15","MISS Harden 25' 3PT Jump Shot",null,null,null,null],["0041400151",125,4,0,1,"10:07 PM","2:14","Smith REBOUND (Off:1 Def:0)",null,null,null,null],["0041400151",126,1,72,1,"10:07 PM","2:11","Smith 2' Putback Layup (2 PTS)",null,null,"17 - 30","13"],["0041400151",127,2,1,1,"10:07 PM","1:50",null,null,"MISS Harris  3PT Jump Shot",null,null],["0041400151",128,4,0,1,"10:07 PM","1:49","Capela REBOUND (Off:0 Def:2)",null,null,null,null],["0041400151",129,6,2,1,"10:07 PM","1:42",null,null,"Aminu S.FOUL (P1.T4) (R.Garretson)",null,null],["0041400151",130,3,11,1,"10:07 PM","1:42","MISS Smith Free Throw 1 of 2",null,null,null,null],["0041400151",131,4,1,1,"10:07 PM","1:42","ROCKETS Rebound",null,null,null,null],["0041400151",132,8,0,1,"10:08 PM","1:42",null,null,"SUB: Barea FOR Ellis",null,null],["0041400151",133,3,12,1,"10:08 PM","1:42","MISS Smith Free Throw 2 of 2",null,null,null,null],["0041400151",135,4,0,1,"10:08 PM","1:41",null,null,"Stoudemire REBOUND (Off:1 Def:2)",null,null],["0041400151",137,2,86,1,"10:09 PM","1:18",null,null,"MISS Stoudemire 13' Turnaround Fadeaway Shot",null,null],["0041400151",138,4,0,1,"10:09 PM","1:17","Capela REBOUND (Off:0 Def:3)",null,null,null,null],["0041400151",139,6,2,1,"10:09 PM","1:12",null,null,"Parsons S.FOUL (P1.PN) (T.Brown)",null,null],["0041400151",140,3,11,1,"10:09 PM","1:12","Harden Free Throw 1 of 2 (8 PTS)",null,null,"17 - 31","14"],["0041400151",142,3,12,1,"10:10 PM","1:12","MISS Harden Free Throw 2 of 2",null,null,null,null],["0041400151",144,4,0,1,"10:10 PM","1:12",null,null,"Stoudemire REBOUND (Off:1 Def:3)",null,null],["0041400151",145,5,4,1,"10:10 PM","0:56",null,null,"Stoudemire Traveling Turnover (P1.T6)",null,null],["0041400151",146,6,28,1,"10:10 PM","0:54",null,null,"Barea Personal Take Foul (P1.PN) (J.Crawford)",null,null],["0041400151",147,3,11,1,"10:11 PM","0:54","MISS Capela Free Throw 1 of 2",null,null,null,null],["0041400151",148,4,1,1,"10:11 PM","0:54","ROCKETS Rebound",null,null,null,null],["0041400151",149,3,12,1,"10:11 PM","0:54","Capela Free Throw 2 of 2 (4 PTS)",null,null,"17 - 32","15"],["0041400151",152,1,83,1,"10:12 PM","0:32",null,null,"Barea 12' Fadeaway Bank Shot (2 PTS)","19 - 32","13"],["0041400151",153,2,1,1,"10:12 PM","0:21","MISS Harden 26' 3PT Jump Shot",null,null,null,null],["0041400151",154,4,0,1,"10:12 PM","0:21",null,null,"Barea REBOUND (Off:0 Def:1)",null,null],["0041400151",155,2,5,1,"10:12 PM","0:00","Smith BLOCK (1 BLK)",null,"MISS Stoudemire 2' Layup",null,null],["0041400151",156,4,0,1,"10:12 PM","0:00",null,null,"Mavericks Rebound",null,null],["0041400151",157,13,0,1,"10:12 PM","0:00",null,null,null,"19 - 32","13"],["0041400151",159,12,0,2,"10:16 PM","12:00",null,null,null,"19 - 32","13"],["0041400151",160,5,1,2,"10:16 PM","11:49",null,null,"Harris Bad Pass Turnover (P2.T7)",null,null],["0041400151",161,5,4,2,"10:16 PM","11:41","Prigioni Traveling Turnover (P1.T6)",null,null,null,null],["0041400151",162,2,1,2,"10:17 PM","11:29",null,null,"MISS Aminu 24' 3PT Jump Shot",null,null],["0041400151",163,4,0,2,"10:17 PM","11:28","Ariza REBOUND (Off:0 Def:5)",null,null,null,null],["0041400151",164,6,2,2,"10:17 PM","11:16",null,null,"Stoudemire S.FOUL (P1.T1) (R.Garretson)",null,null],["0041400151",165,3,11,2,"10:17 PM","11:16","MISS Howard Free Throw 1 of 2",null,null,null,null],["0041400151",166,4,1,2,"10:17 PM","11:16","ROCKETS Rebound",null,null,null,null],["0041400151",167,3,12,2,"10:18 PM","11:16","Howard Free Throw 2 of 2 (5 PTS)",null,null,"19 - 33","14"],["0041400151",170,2,1,2,"10:18 PM","10:55",null,null,"MISS Stoudemire 14' Jump Shot",null,null],["0041400151",171,4,0,2,"10:18 PM","10:54","Smith REBOUND (Off:1 Def:1)",null,null,null,null],["0041400151",172,5,1,2,"10:18 PM","10:49","Smith Bad Pass Turnover (P2.T7)",null,null,null,null],["0041400151",173,2,47,2,"10:19 PM","10:35","Smith BLOCK (2 BLK)",null,"MISS Stoudemire 4' Turnaround Jump Shot",null,null],["0041400151",174,4,0,2,"10:19 PM","10:33","Smith REBOUND (Off:1 Def:2)",null,null,null,null],["0041400151",175,2,1,2,"10:19 PM","10:28","MISS Prigioni 26' 3PT Jump Shot",null,null,null,null],["0041400151",176,4,0,2,"10:19 PM","10:27",null,null,"Harris REBOUND (Off:0 Def:1)",null,null],["0041400151",177,1,5,2,"10:19 PM","10:23",null,null,"Barea 1' Layup (4 PTS) (Harris 1 AST)","21 - 33","12"],["0041400151",178,2,5,2,"10:19 PM","10:14","MISS Howard 2' Layup",null,"Aminu BLOCK (1 BLK)",null,null],["0041400151",179,4,0,2,"10:19 PM","10:14",null,null,"Mavericks Rebound",null,null],["0041400151",180,6,2,2,"10:20 PM","9:56","Howard S.FOUL (P3.T1) (R.Garretson)",null,null,null,null],["0041400151",181,3,11,2,"10:20 PM","9:56",null,null,"Stoudemire Free Throw 1 of 2 (3 PTS)","22 - 33","11"],["0041400151",183,8,0,2,"10:20 PM","9:56","SUB: Jones FOR Howard",null,null,null,null],["0041400151",184,3,12,2,"10:20 PM","9:56",null,null,"Stoudemire Free Throw 2 of 2 (4 PTS)","23 - 33","10"],["0041400151",187,6,1,2,"10:20 PM","9:54",null,null,"Barea P.FOUL (P2.T2) (J.Crawford)",null,null],["0041400151",188,2,1,2,"10:21 PM","9:44","MISS Smith 25' 3PT Jump Shot",null,null,null,null],["0041400151",189,4,0,2,"10:21 PM","9:43",null,null,"Harris REBOUND (Off:0 Def:2)",null,null],["0041400151",190,1,79,2,"10:21 PM","9:33",null,null,"Barea 14' Pullup Jump Shot (6 PTS)","25 - 33","8"],["0041400151",191,1,5,2,"10:21 PM","9:22","Smith 1' Layup (4 PTS) (Ariza 4 AST)",null,null,"25 - 35","10"],["0041400151",192,2,1,2,"10:21 PM","9:04",null,null,"MISS Harris 24' 3PT Jump Shot",null,null],["0041400151",193,4,0,2,"10:21 PM","9:03","Smith REBOUND (Off:1 Def:3)",null,null,null,null],["0041400151",194,2,58,2,"10:22 PM","8:54","MISS Smith 7' Turnaround Hook Shot",null,null,null,null],["0041400151",195,4,0,2,"10:22 PM","8:53","ROCKETS Rebound",null,null,null,null],["0041400151",196,6,3,2,"10:22 PM","8:53",null,null,"Stoudemire L.B.FOUL (P2.T3) (R.Garretson)",null,null],["0041400151",197,9,1,2,"10:22 PM","8:53",null,null,null,null,null],["0041400151",199,8,0,2,"10:24 PM","8:53",null,null,"SUB: Chandler FOR Aminu",null,null],["0041400151",200,8,0,2,"10:24 PM","8:53",null,null,"SUB: Nowitzki FOR Stoudemire",null,null],["0041400151",202,2,1,2,"10:25 PM","8:35","MISS Brewer 21' Jump Shot",null,null,null,null],["0041400151",203,4,0,2,"10:25 PM","8:34",null,null,"Barea REBOUND (Off:0 Def:2)",null,null],["0041400151",204,1,42,2,"10:25 PM","8:20",null,null,"Parsons 2' Driving Layup (4 PTS)","27 - 35","8"],["0041400151",205,2,1,2,"10:26 PM","8:01","MISS Smith 7' Jump Shot",null,null,null,null],["0041400151",206,4,0,2,"10:26 PM","8:01",null,null,"Mavericks Rebound",null,null],["0041400151",207,6,3,2,"10:26 PM","8:01","Jones L.B.FOUL (P1.T2) (J.Crawford)",null,null,null,null],["0041400151",210,2,1,2,"10:26 PM","7:47",null,null,"MISS Parsons 4' Jump Shot",null,null],["0041400151",212,4,0,2,"10:27 PM","7:45",null,null,"Chandler REBOUND (Off:1 Def:0)",null,null],["0041400151",211,2,53,2,"10:27 PM","7:45",null,null,"MISS Chandler 1' Tip Shot",null,null],["0041400151",214,4,0,2,"10:27 PM","7:45",null,null,"Chandler REBOUND (Off:2 Def:0)",null,null],["0041400151",213,6,2,2,"10:27 PM","7:45","Jones S.FOUL (P2.T3) (T.Brown)",null,null,null,null],["0041400151",215,6,16,2,"10:27 PM","7:45",null,null,null,null,null],["0041400151",216,3,11,2,"10:27 PM","7:45",null,null,"MISS Chandler Free Throw 1 of 2",null,null],["0041400151",217,4,1,2,"10:27 PM","7:45",null,null,"Mavericks Rebound",null,null],["0041400151",218,8,0,2,"10:27 PM","7:45","SUB: Terry FOR Prigioni",null,null,null,null],["0041400151",219,8,0,2,"10:27 PM","7:45","SUB: Harden FOR Brewer",null,null,null,null],["0041400151",220,8,0,2,"10:28 PM","7:45",null,null,"SUB: Ellis FOR Harris",null,null],["0041400151",221,8,0,2,"10:28 PM","7:45",null,null,"SUB: Rondo FOR Barea",null,null],["0041400151",222,3,12,2,"10:28 PM","7:45",null,null,"Chandler Free Throw 2 of 2 (1 PTS)","28 - 35","7"],["0041400151",225,1,52,2,"10:28 PM","7:33","Smith  Alley Oop Dunk (6 PTS) (Harden 4 AST)",null,null,"28 - 37","9"],["0041400151",226,1,88,2,"10:28 PM","7:26",null,null,"Parsons  Driving Slam Dunk (6 PTS) (Rondo 2 AST)","30 - 37","7"],["0041400151",228,2,56,2,"10:29 PM","7:14","MISS Smith 4' Running Hook Shot",null,null,null,null],["0041400151",229,4,0,2,"10:29 PM","7:13",null,null,"Nowitzki REBOUND (Off:1 Def:2)",null,null],["0041400151",230,2,1,2,"10:29 PM","7:05",null,null,"MISS Parsons 25' 3PT Jump Shot",null,null],["0041400151",231,4,0,2,"10:29 PM","7:05","ROCKETS Rebound",null,null,null,null],["0041400151",232,5,2,2,"10:29 PM","6:50","Smith Lost Ball Turnover (P3.T8)",null,"Ellis STEAL (2 STL)",null,null],["0041400151",233,1,79,2,"10:29 PM","6:40",null,null,"Rondo 17' Pullup Jump Shot (2 PTS)","32 - 37","5"],["0041400151",235,8,0,2,"10:30 PM","6:27","SUB: Capela FOR Smith",null,null,null,null],["0041400151",236,8,0,2,"10:30 PM","6:27",null,null,"SUB: Jefferson FOR Parsons",null,null],["0041400151",237,9,1,2,"10:30 PM","6:27","ROCKETS Timeout: Regular (Full 2 Short 0)",null,null,null,null],["0041400151",241,2,46,2,"10:33 PM","6:15","MISS Jones 4' Running Jump Shot",null,null,null,null],["0041400151",242,4,0,2,"10:33 PM","6:12",null,null,"Chandler REBOUND (Off:2 Def:1)",null,null],["0041400151",243,2,84,2,"10:34 PM","6:05",null,null,"MISS Rondo 7' Running Bank Shot",null,null],["0041400151",245,4,0,2,"10:34 PM","6:03",null,null,"Chandler REBOUND (Off:3 Def:1)",null,null],["0041400151",244,1,4,2,"10:34 PM","6:03",null,null,"Chandler 1' Tip Shot (3 PTS)","34 - 37","3"],["0041400151",246,1,1,2,"10:34 PM","5:40","Terry 26' 3PT Jump Shot (10 PTS) (Ariza 5 AST)",null,null,"34 - 40","6"],["0041400151",247,1,52,2,"10:34 PM","5:29",null,null,"Chandler  Alley Oop Dunk (5 PTS) (Rondo 3 AST)","36 - 40","4"],["0041400151",248,2,80,2,"10:34 PM","5:20","MISS Harden 16' Step Back Jump Shot",null,null,null,null],["0041400151",249,4,0,2,"10:34 PM","5:19",null,null,"Jefferson REBOUND (Off:0 Def:1)",null,null],["0041400151",250,1,56,2,"10:34 PM","5:09",null,null,"Nowitzki 6' Running Hook Shot (6 PTS)","38 - 40","2"],["0041400151",251,5,1,2,"10:35 PM","4:52","Ariza Bad Pass Turnover (P1.T9)",null,"Chandler STEAL (2 STL)",null,null],["0041400151",252,1,81,2,"10:35 PM","4:45",null,null,"Nowitzki 15' Pullup Bank Shot (8 PTS) (Rondo 4 AST)","40 - 40","TIE"],["0041400151",253,9,2,2,"10:35 PM","4:44","ROCKETS Timeout: Short (Full 2 Short 1)",null,null,null,null],["0041400151",256,5,1,2,"10:37 PM","4:22","Capela Bad Pass Turnover (P1.T10)",null,null,null,null],["0041400151",257,1,73,2,"10:37 PM","4:12",null,null,"Rondo 2' Driving Reverse Layup (4 PTS) (Nowitzki 1 AST)","42 - 40","-2"],["0041400151",258,1,5,2,"10:37 PM","4:00","Jones 1' Layup (4 PTS) (Harden 5 AST)",null,null,"42 - 42","TIE"],["0041400151",259,6,2,2,"10:37 PM","4:00",null,null,"Nowitzki S.FOUL (P2.T4) (T.Brown)",null,null],["0041400151",260,8,0,2,"10:37 PM","4:00","SUB: Smith FOR Capela",null,null,null,null],["0041400151",261,3,10,2,"10:38 PM","4:00","MISS Jones Free Throw 1 of 1",null,null,null,null],["0041400151",263,4,0,2,"10:38 PM","4:00",null,null,"Nowitzki REBOUND (Off:1 Def:3)",null,null],["0041400151",264,1,63,2,"10:38 PM","3:42",null,null,"Nowitzki 13' Fadeaway Jumper (10 PTS)","44 - 42","-2"],["0041400151",265,1,5,2,"10:38 PM","3:30","Smith 1' Layup (8 PTS) (Jones 3 AST)",null,null,"44 - 44","TIE"],["0041400151",266,1,1,2,"10:39 PM","3:14",null,null,"Nowitzki 13' Jump Shot (12 PTS)","46 - 44","-2"],["0041400151",267,1,1,2,"10:39 PM","2:58","Jones 15' Jump Shot (6 PTS)",null,null,"46 - 46","TIE"],["0041400151",268,5,1,2,"10:39 PM","2:45","Ariza STEAL (2 STL)",null,"Nowitzki Bad Pass Turnover (P3.T8)",null,null],["0041400151",269,6,14,2,"10:39 PM","2:40",null,null,"Jefferson FLAGRANT.FOUL.TYPE1 (P1.PN) (T.Brown)",null,null],["0041400151",270,9,1,2,"10:40 PM","2:40",null,null,"Mavericks Timeout: Regular (Reg.2 Short 1)",null,null],["0041400151",272,18,0,2,"10:40 PM","2:40",null,null,null,null,null],["0041400151",273,3,18,2,"10:42 PM","2:40","Ariza Free Throw Flagrant 1 of 2 (4 PTS)",null,null,"46 - 47","1"],["0041400151",275,8,0,2,"10:42 PM","2:40",null,null,"SUB: Parsons FOR Jefferson",null,null],["0041400151",276,3,19,2,"10:43 PM","2:40","Ariza Free Throw Flagrant 2 of 2 (5 PTS)",null,null,"46 - 48","2"],["0041400151",278,5,4,2,"10:43 PM","2:29","Smith Traveling Turnover (P4.T11)",null,null,null,null],["0041400151",279,1,1,2,"10:44 PM","2:10",null,null,"Rondo 24' 3PT Jump Shot (7 PTS) (Ellis 2 AST)","49 - 48","-1"],["0041400151",280,2,1,2,"10:44 PM","1:55","MISS Terry  3PT Jump Shot",null,null,null,null],["0041400151",281,4,0,2,"10:44 PM","1:54","Jones REBOUND (Off:1 Def:1)",null,null,null,null],["0041400151",282,2,1,2,"10:44 PM","1:50","MISS Jones 5' Jump Shot",null,null,null,null],["0041400151",283,4,0,2,"10:44 PM","1:49",null,null,"Chandler REBOUND (Off:3 Def:2)",null,null],["0041400151",284,1,1,2,"10:44 PM","1:43",null,null,"Rondo 18' Jump Shot (9 PTS)","51 - 48","-3"],["0041400151",285,1,5,2,"10:44 PM","1:27","Jones 1' Layup (8 PTS) (Ariza 6 AST)",null,null,"51 - 50","-1"],["0041400151",286,2,78,2,"10:44 PM","1:15",null,null,"MISS Rondo 5' Floating Jump Shot",null,null],["0041400151",288,4,0,2,"10:44 PM","1:13",null,null,"Chandler REBOUND (Off:4 Def:2)",null,null],["0041400151",287,1,4,2,"10:44 PM","1:13",null,null,"Chandler  Tip Shot (7 PTS)","53 - 50","-3"],["0041400151",289,1,5,2,"10:45 PM","0:57","Jones  Layup (10 PTS) (Harden 6 AST)",null,null,"53 - 52","-1"],["0041400151",290,5,2,2,"10:45 PM","0:47","Harden STEAL (1 STL)",null,"Chandler Lost Ball Turnover (P1.T9)",null,null],["0041400151",291,6,2,2,"10:45 PM","0:43",null,null,"Nowitzki S.FOUL (P3.PN) (R.Garretson)",null,null],["0041400151",292,3,11,2,"10:45 PM","0:43","Harden Free Throw 1 of 2 (9 PTS)",null,null,"53 - 53","TIE"],["0041400151",294,8,0,2,"10:46 PM","0:43",null,null,"SUB: Villanueva FOR Nowitzki",null,null],["0041400151",295,3,12,2,"10:46 PM","0:43","Harden Free Throw 2 of 2 (10 PTS)",null,null,"53 - 54","1"],["0041400151",298,1,75,2,"10:47 PM","0:33",null,null,"Rondo 3' Driving Finger Roll Layup (11 PTS)","55 - 54","-1"],["0041400151",299,6,1,2,"10:47 PM","0:30",null,null,"Villanueva P.FOUL (P1.PN) (T.Brown)",null,null],["0041400151",300,3,11,2,"10:47 PM","0:30","Harden Free Throw 1 of 2 (11 PTS)",null,null,"55 - 55","TIE"],["0041400151",302,8,0,2,"10:47 PM","0:30","SUB: Brewer FOR Terry",null,null,null,null],["0041400151",303,3,12,2,"10:47 PM","0:30","Harden Free Throw 2 of 2 (12 PTS)",null,null,"55 - 56","1"],["0041400151",306,2,1,2,"10:48 PM","0:17",null,null,"MISS Ellis 6' Jump Shot",null,null],["0041400151",307,4,0,2,"10:48 PM","0:16","Ariza REBOUND (Off:0 Def:6)",null,null,null,null],["0041400151",308,1,1,2,"10:48 PM","0:10","Ariza 24' 3PT Jump Shot (8 PTS) (Harden 7 AST)",null,null,"55 - 59","4"],["0041400151",309,6,1,2,"10:48 PM","0:02","Jones P.FOUL (P3.T4) (J.Crawford)",null,null,null,null],["0041400151",311,2,1,2,"10:49 PM","0:00",null,null,"MISS Villanueva 29' 3PT Jump Shot",null,null],["0041400151",312,4,0,2,"10:49 PM","0:00",null,null,"Mavericks Rebound",null,null],["0041400151",313,13,0,2,"10:49 PM","0:00",null,null,null,"55 - 59","4"],["0041400151",315,12,0,3,"11:06 PM","12:00",null,null,null,"55 - 59","4"],["0041400151",316,2,42,3,"11:06 PM","11:39","Howard BLOCK (4 BLK)",null,"MISS Parsons 2' Driving Layup",null,null],["0041400151",317,4,0,3,"11:06 PM","11:37","Jones REBOUND (Off:1 Def:2)",null,null,null,null],["0041400151",318,1,42,3,"11:06 PM","11:31","Jones 2' Driving Layup (12 PTS)",null,null,"55 - 61","6"],["0041400151",319,5,8,3,"11:06 PM","11:12",null,null,"Chandler 3 Second Violation Turnover (P2.T10)",null,null],["0041400151",320,1,52,3,"11:07 PM","11:02","Howard  Alley Oop Dunk (7 PTS) (Jones 4 AST)",null,null,"55 - 63","8"],["0041400151",321,2,78,3,"11:07 PM","10:48",null,null,"MISS Rondo 6' Floating Jump Shot",null,null],["0041400151",322,4,0,3,"11:07 PM","10:47","Terry REBOUND (Off:0 Def:3)",null,null,null,null],["0041400151",323,1,71,3,"11:07 PM","10:37","Howard 3' Finger Roll Layup (9 PTS) (Harden 8 AST)",null,null,"55 - 65","10"],["0041400151",324,9,2,3,"11:07 PM","10:37",null,null,"Mavericks Timeout: Short (Reg.2 Short 2)",null,null],["0041400151",326,2,1,3,"11:09 PM","10:18",null,null,"MISS Parsons 25' 3PT Jump Shot",null,null],["0041400151",327,4,0,3,"11:09 PM","10:17","Jones REBOUND (Off:1 Def:3)",null,null,null,null],["0041400151",328,2,79,3,"11:09 PM","10:11","MISS Harden 25' 3PT Pullup Jump Shot",null,null,null,null],["0041400151",329,4,0,3,"11:09 PM","10:09",null,null,"Chandler REBOUND (Off:4 Def:3)",null,null],["0041400151",330,1,1,3,"11:09 PM","10:03",null,null,"Nowitzki 27' 3PT Jump Shot (15 PTS) (Ellis 3 AST)","58 - 65","7"],["0041400151",331,6,2,3,"11:09 PM","10:03","Terry S.FOUL (P2.T1) (T.Brown)",null,null,null,null],["0041400151",332,3,10,3,"11:09 PM","10:03",null,null,"Nowitzki Free Throw 1 of 1 (16 PTS)","59 - 65","6"],["0041400151",335,6,2,3,"11:10 PM","9:44",null,null,"Ellis S.FOUL (P1.T1) (T.Brown)",null,null],["0041400151",336,3,11,3,"11:10 PM","9:44","Harden Free Throw 1 of 2 (13 PTS)",null,null,"59 - 66","7"],["0041400151",338,3,12,3,"11:10 PM","9:44","Harden Free Throw 2 of 2 (14 PTS)",null,null,"59 - 67","8"],["0041400151",341,1,47,3,"11:11 PM","9:27",null,null,"Ellis 25' 3PT Turnaround Jump Shot (10 PTS) (Parsons 1 AST)","62 - 67","5"],["0041400151",342,2,1,3,"11:11 PM","9:18","MISS Ariza 18' Jump Shot",null,null,null,null],["0041400151",343,4,0,3,"11:11 PM","9:17",null,null,"Nowitzki REBOUND (Off:1 Def:4)",null,null],["0041400151",344,5,1,3,"11:11 PM","9:07","Jones STEAL (1 STL)",null,"Nowitzki Bad Pass Turnover (P4.T11)",null,null],["0041400151",345,1,1,3,"11:11 PM","9:00","Terry 25' 3PT Jump Shot (13 PTS) (Jones 5 AST)",null,null,"62 - 70","8"],["0041400151",347,2,86,3,"11:12 PM","8:36",null,null,"MISS Nowitzki 15' Turnaround Fadeaway Shot",null,null],["0041400151",348,4,0,3,"11:12 PM","8:35","Howard REBOUND (Off:0 Def:2)",null,null,null,null],["0041400151",349,2,1,3,"11:12 PM","8:23","MISS Terry 24' 3PT Jump Shot",null,null,null,null],["0041400151",350,4,0,3,"11:12 PM","8:22",null,null,"Chandler REBOUND (Off:4 Def:4)",null,null],["0041400151",351,5,1,3,"11:12 PM","8:18","Howard STEAL (1 STL)",null,"Rondo Bad Pass Turnover (P1.T12)",null,null],["0041400151",387,2,47,3,"11:13 PM","8:08","MISS Jones 8' Turnaround Jump Shot",null,null,null,null],["0041400151",392,4,0,3,"11:13 PM","8:08",null,null,"Mavericks Rebound",null,null],["0041400151",354,6,3,3,"11:13 PM","8:08","Howard L.B.FOUL (P4.T2) (J.Crawford)",null,null,null,null],["0041400151",356,8,0,3,"11:13 PM","8:08","SUB: Smith FOR Jones",null,null,null,null],["0041400151",357,8,0,3,"11:13 PM","8:04","SUB: Capela FOR Howard",null,null,null,null],["0041400151",358,2,84,3,"11:13 PM","7:56",null,null,"MISS Rondo 5' Running Bank Shot",null,null],["0041400151",359,4,0,3,"11:13 PM","7:54",null,null,"Chandler REBOUND (Off:5 Def:4)",null,null],["0041400151",360,2,79,3,"11:13 PM","7:43",null,null,"MISS Ellis 9' Pullup Jump Shot",null,null],["0041400151",361,4,0,3,"11:14 PM","7:43","Capela REBOUND (Off:0 Def:4)",null,null,null,null],["0041400151",362,1,5,3,"11:14 PM","7:38","Harden 1' Layup (16 PTS)",null,null,"62 - 72","10"],["0041400151",363,9,1,3,"11:14 PM","7:36",null,null,"Mavericks Timeout: Regular (Reg.3 Short 2)",null,null],["0041400151",365,6,11,3,"11:14 PM","7:36",null,null,null,null,null],["0041400151",369,3,16,3,"11:16 PM","7:36","Harden Free Throw Technical (17 PTS)",null,null,"62 - 73","11"],["0041400151",372,2,71,3,"11:17 PM","7:16",null,null,"MISS Rondo 2' Finger Roll Layup",null,null],["0041400151",374,4,0,3,"11:17 PM","7:15",null,null,"Chandler REBOUND (Off:6 Def:4)",null,null],["0041400151",373,1,4,3,"11:17 PM","7:15",null,null,"Chandler 1' Tip Shot (9 PTS)","64 - 73","9"],["0041400151",375,1,1,3,"11:18 PM","7:02","Terry 25' 3PT Jump Shot (16 PTS) (Harden 9 AST)",null,null,"64 - 76","12"],["0041400151",377,2,1,3,"11:18 PM","6:46",null,null,"MISS Ellis 5' Jump Shot",null,null],["0041400151",378,4,0,3,"11:18 PM","6:44","Terry REBOUND (Off:0 Def:4)",null,null,null,null],["0041400151",379,2,5,3,"11:18 PM","6:39","MISS Harden 1' Layup",null,null,null,null],["0041400151",380,4,0,3,"11:18 PM","6:37",null,null,"Nowitzki REBOUND (Off:1 Def:5)",null,null],["0041400151",381,5,1,3,"11:18 PM","6:36","Terry STEAL (2 STL)",null,"Nowitzki Bad Pass Turnover (P5.T13)",null,null],["0041400151",382,1,5,3,"11:18 PM","6:33","Harden 1' Layup (19 PTS) (Terry 1 AST)",null,null,"64 - 78","14"],["0041400151",384,1,5,3,"11:19 PM","6:16",null,null,"Nowitzki 1' Layup (18 PTS) (Rondo 5 AST)","66 - 78","12"],["0041400151",385,1,52,3,"11:19 PM","6:04","Capela  Alley Oop Dunk (6 PTS) (Smith 1 AST)",null,null,"66 - 80","14"],["0041400151",388,2,75,3,"11:19 PM","5:40",null,null,"MISS Rondo 2' Driving Finger Roll Layup",null,null],["0041400151",389,4,0,3,"11:19 PM","5:39","ROCKETS Rebound",null,null,null,null],["0041400151",390,8,0,3,"11:19 PM","5:39","SUB: Prigioni FOR Terry",null,null,null,null],["0041400151",393,2,5,3,"11:20 PM","5:27","MISS Smith 3' Layup",null,null,null,null],["0041400151",394,4,0,3,"11:20 PM","5:27",null,null,"Chandler REBOUND (Off:6 Def:5)",null,null],["0041400151",395,2,1,3,"11:20 PM","5:21",null,null,"MISS Ellis  3PT Jump Shot",null,null],["0041400151",396,4,0,3,"11:20 PM","5:20","Smith REBOUND (Off:1 Def:4)",null,null,null,null],["0041400151",398,2,1,3,"11:20 PM","5:01","MISS Smith 26' 3PT Jump Shot",null,null,null,null],["0041400151",399,4,0,3,"11:21 PM","5:01",null,null,"Mavericks Rebound",null,null],["0041400151",401,6,3,3,"11:21 PM","5:01","Capela L.B.FOUL (P3.T3) (R.Garretson)",null,null,null,null],["0041400151",403,8,0,3,"11:21 PM","5:01",null,null,"SUB: Aminu FOR Nowitzki",null,null],["0041400151",405,8,0,3,"11:21 PM","5:01",null,null,"SUB: Stoudemire FOR Chandler",null,null],["0041400151",406,8,0,3,"11:21 PM","5:01",null,null,"SUB: Barea FOR Rondo",null,null],["0041400151",408,1,65,3,"11:21 PM","4:47",null,null,"Stoudemire 3' Jump Hook Shot (6 PTS) (Barea 1 AST)","68 - 80","12"],["0041400151",409,2,47,3,"11:22 PM","4:30","MISS Smith 8' Turnaround Jump Shot",null,null,null,null],["0041400151",410,4,0,3,"11:22 PM","4:29",null,null,"Parsons REBOUND (Off:0 Def:3)",null,null],["0041400151",411,2,1,3,"11:22 PM","4:15","Capela BLOCK (2 BLK)",null,"MISS Stoudemire 3' Jump Shot",null,null],["0041400151",413,4,0,3,"11:22 PM","4:13",null,null,"Aminu REBOUND (Off:2 Def:0)",null,null],["0041400151",412,1,72,3,"11:22 PM","4:13",null,null,"Aminu 1' Putback Layup (2 PTS)","70 - 80","10"],["0041400151",414,5,1,3,"11:22 PM","4:00","Harden Bad Pass Turnover (P3.T12)",null,"Aminu STEAL (1 STL)",null,null],["0041400151",415,5,1,3,"11:22 PM","3:55","Prigioni STEAL (1 STL)",null,"Barea Bad Pass Turnover (P1.T14)",null,null],["0041400151",416,6,3,3,"11:22 PM","3:55",null,null,"Aminu L.B.FOUL (P2.T2) (R.Garretson)",null,null],["0041400151",418,2,1,3,"11:23 PM","3:36","MISS Ariza 6' Jump Shot",null,null,null,null],["0041400151",419,4,0,3,"11:23 PM","3:35",null,null,"Parsons REBOUND (Off:0 Def:4)",null,null],["0041400151",420,2,1,3,"11:23 PM","3:24",null,null,"MISS Parsons 8' Jump Shot",null,null],["0041400151",421,4,0,3,"11:23 PM","3:23","Smith REBOUND (Off:1 Def:5)",null,null,null,null],["0041400151",422,9,1,3,"11:23 PM","3:19","ROCKETS Timeout: Regular (Full 3 Short 1)",null,null,null,null],["0041400151",425,8,0,3,"11:26 PM","3:19","SUB: Brewer FOR Ariza",null,null,null,null],["0041400151",426,2,43,3,"11:27 PM","3:03","MISS Capela 2' Alley Oop Layup",null,null,null,null],["0041400151",427,4,0,3,"11:27 PM","3:01","Capela REBOUND (Off:1 Def:4)",null,null,null,null],["0041400151",428,1,72,3,"11:27 PM","3:00","Capela 1' Putback Layup (8 PTS)",null,null,"70 - 82","12"],["0041400151",429,2,1,3,"11:27 PM","2:36",null,null,"MISS Stoudemire 13' Jump Shot",null,null],["0041400151",430,4,0,3,"11:27 PM","2:35","Harden REBOUND (Off:0 Def:1)",null,null,null,null],["0041400151",431,2,1,3,"11:27 PM","2:23","MISS Smith 16' Jump Shot",null,null,null,null],["0041400151",432,4,0,3,"11:27 PM","2:22",null,null,"Parsons REBOUND (Off:0 Def:5)",null,null],["0041400151",433,5,2,3,"11:27 PM","2:15","Prigioni STEAL (2 STL)",null,"Parsons Lost Ball Turnover (P1.T15)",null,null],["0041400151",434,2,78,3,"11:28 PM","2:08","MISS Brewer 11' Floating Jump Shot",null,null,null,null],["0041400151",435,4,0,3,"11:28 PM","2:07","Smith REBOUND (Off:2 Def:5)",null,null,null,null],["0041400151",436,1,72,3,"11:28 PM","2:06","Smith  Putback Layup (10 PTS)",null,null,"70 - 84","14"],["0041400151",437,1,47,3,"11:28 PM","1:42",null,null,"Stoudemire 11' Turnaround Jump Shot (8 PTS)","72 - 84","12"],["0041400151",438,2,1,3,"11:28 PM","1:21","MISS Smith 6' Jump Shot",null,null,null,null],["0041400151",439,4,0,3,"11:28 PM","1:19",null,null,"Stoudemire REBOUND (Off:1 Def:4)",null,null],["0041400151",440,2,1,3,"11:28 PM","1:14",null,null,"MISS Barea 17' Jump Shot",null,null],["0041400151",441,4,0,3,"11:28 PM","1:13","Capela REBOUND (Off:1 Def:5)",null,null,null,null],["0041400151",442,2,7,3,"11:29 PM","0:57","MISS Capela  Dunk",null,null,null,null],["0041400151",443,4,0,3,"11:29 PM","0:55",null,null,"Aminu REBOUND (Off:2 Def:1)",null,null],["0041400151",444,6,1,3,"11:29 PM","0:45","Smith P.FOUL (P1.T4) (J.Crawford)",null,null,null,null],["0041400151",445,8,0,3,"11:29 PM","0:45",null,null,"SUB: Nowitzki FOR Parsons",null,null],["0041400151",446,8,0,3,"11:29 PM","0:45","SUB: Jones FOR Smith",null,null,null,null],["0041400151",448,2,86,3,"11:30 PM","0:32",null,null,"MISS Stoudemire 16' Turnaround Fadeaway Shot",null,null],["0041400151",449,4,0,3,"11:30 PM","0:31",null,null,"Mavericks Rebound",null,null],["0041400151",450,6,3,3,"11:30 PM","0:31","Prigioni L.B.FOUL (P2.PN) (J.Crawford)",null,null,null,null],["0041400151",451,3,11,3,"11:30 PM","0:31",null,null,"Nowitzki Free Throw 1 of 2 (19 PTS)","73 - 84","11"],["0041400151",453,3,12,3,"11:30 PM","0:31",null,null,"Nowitzki Free Throw 2 of 2 (20 PTS)","74 - 84","10"],["0041400151",456,2,80,3,"11:31 PM","0:07","MISS Harden 10' Step Back Jump Shot",null,null,null,null],["0041400151",457,4,0,3,"11:31 PM","0:06",null,null,"Aminu REBOUND (Off:2 Def:2)",null,null],["0041400151",458,1,79,3,"11:31 PM","0:00",null,null,"Ellis 25' 3PT Pullup Jump Shot (13 PTS)","77 - 84","7"],["0041400151",459,18,0,3,"11:31 PM","0:00",null,null,null,null,null],["0041400151",460,13,0,3,"11:32 PM","0:00",null,null,null,"77 - 84","7"],["0041400151",462,12,0,4,"11:35 PM","12:00",null,null,null,"77 - 84","7"],["0041400151",463,2,1,4,"11:35 PM","11:44","MISS Jones 27' 3PT Jump Shot",null,null,null,null],["0041400151",464,4,0,4,"11:35 PM","11:43",null,null,"Aminu REBOUND (Off:2 Def:3)",null,null],["0041400151",465,1,73,4,"11:35 PM","11:30",null,null,"Ellis 2' Driving Reverse Layup (15 PTS) (Nowitzki 2 AST)","79 - 84","5"],["0041400151",466,2,1,4,"11:36 PM","11:15","MISS Prigioni 25' 3PT Jump Shot",null,null,null,null],["0041400151",467,4,0,4,"11:36 PM","11:14","Jones REBOUND (Off:2 Def:3)",null,null,null,null],["0041400151",468,6,2,4,"11:36 PM","11:10",null,null,"Stoudemire S.FOUL (P3.T1) (J.Crawford)",null,null],["0041400151",469,3,11,4,"11:36 PM","11:10","Ariza Free Throw 1 of 2 (9 PTS)",null,null,"79 - 85","6"],["0041400151",471,3,12,4,"11:36 PM","11:10","Ariza Free Throw 2 of 2 (10 PTS)",null,null,"79 - 86","7"],["0041400151",473,6,2,4,"11:37 PM","10:54","Prigioni S.FOUL (P3.T1) (J.Crawford)",null,null,null,null],["0041400151",474,3,11,4,"11:37 PM","10:54",null,null,"Stoudemire Free Throw 1 of 2 (9 PTS)","80 - 86","6"],["0041400151",476,3,12,4,"11:37 PM","10:54",null,null,"Stoudemire Free Throw 2 of 2 (10 PTS)","81 - 86","5"],["0041400151",479,2,46,4,"11:38 PM","10:40","MISS Brewer 5' Running Jump Shot",null,"Ellis BLOCK (1 BLK)",null,null],["0041400151",480,4,0,4,"11:38 PM","10:39","ROCKETS Rebound",null,null,null,null],["0041400151",481,2,66,4,"11:38 PM","10:36","MISS Brewer 15' Jump Bank Shot",null,null,null,null],["0041400151",482,4,0,4,"11:38 PM","10:35",null,null,"Aminu REBOUND (Off:2 Def:4)",null,null],["0041400151",483,2,1,4,"11:38 PM","10:19",null,null,"MISS Ellis 20' Jump Shot",null,null],["0041400151",484,4,0,4,"11:38 PM","10:18",null,null,"Barea REBOUND (Off:1 Def:2)",null,null],["0041400151",485,6,1,4,"11:38 PM","10:15","Brewer P.FOUL (P1.T2) (T.Brown)",null,null,null,null],["0041400151",486,2,5,4,"11:39 PM","10:02",null,null,"MISS Stoudemire 3' Layup",null,null],["0041400151",487,4,0,4,"11:39 PM","10:01","Howard REBOUND (Off:0 Def:3)",null,null,null,null],["0041400151",488,6,27,4,"11:39 PM","9:57",null,null,"Barea Personal Block Foul (P3.T2) (J.Crawford)",null,null],["0041400151",490,1,73,4,"11:40 PM","9:49","Howard 1' Driving Reverse Layup (11 PTS)",null,null,"81 - 88","7"],["0041400151",491,2,5,4,"11:40 PM","9:41",null,null,"MISS Ellis 1' Layup",null,null],["0041400151",492,4,0,4,"11:40 PM","9:40","Howard REBOUND (Off:0 Def:4)",null,null,null,null],["0041400151",493,2,5,4,"11:40 PM","9:35","MISS Brewer 3' Layup",null,"Aminu BLOCK (2 BLK)",null,null],["0041400151",494,4,0,4,"11:40 PM","9:34","ROCKETS Rebound",null,null,null,null],["0041400151",495,8,0,4,"11:40 PM","9:34",null,null,"SUB: Chandler FOR Stoudemire",null,null],["0041400151",496,8,0,4,"11:40 PM","9:34",null,null,"SUB: Rondo FOR Ellis",null,null],["0041400151",498,2,1,4,"11:41 PM","9:23","MISS Howard 7' Jump Shot",null,null,null,null],["0041400151",499,4,0,4,"11:41 PM","9:22","ROCKETS Rebound",null,null,null,null],["0041400151",500,1,1,4,"11:41 PM","9:14","Ariza 23' Jump Shot (12 PTS) (Brewer 1 AST)",null,null,"81 - 90","9"],["0041400151",501,2,77,4,"11:41 PM","9:01","Howard BLOCK (5 BLK)",null,"MISS Aminu 4' Driving Jump Shot",null,null],["0041400151",502,4,0,4,"11:41 PM","8:58",null,null,"Chandler REBOUND (Off:7 Def:5)",null,null],["0041400151",503,2,5,4,"11:41 PM","8:57",null,null,"MISS Chandler 1' Layup",null,null],["0041400151",504,4,0,4,"11:41 PM","8:56","Howard REBOUND (Off:0 Def:5)",null,null,null,null],["0041400151",505,2,1,4,"11:41 PM","8:50","MISS Prigioni 25' 3PT Jump Shot",null,null,null,null],["0041400151",506,4,0,4,"11:41 PM","8:49",null,null,"Chandler REBOUND (Off:7 Def:6)",null,null],["0041400151",507,6,1,4,"11:42 PM","8:45","Prigioni P.FOUL (P4.T3) (J.Crawford)",null,null,null,null],["0041400151",508,9,1,4,"11:42 PM","8:45",null,null,null,null,null],["0041400151",509,18,0,4,"11:42 PM","8:45",null,null,null,null,null],["0041400151",511,8,0,4,"11:44 PM","8:45",null,null,"SUB: Parsons FOR Aminu",null,null],["0041400151",512,1,86,4,"11:45 PM","8:27",null,null,"Nowitzki 12' Turnaround Fadeaway (22 PTS)","83 - 90","7"],["0041400151",513,2,47,4,"11:46 PM","8:02","MISS Jones 4' Turnaround Jump Shot",null,"Chandler BLOCK (1 BLK)",null,null],["0041400151",514,4,0,4,"11:46 PM","8:00","Jones REBOUND (Off:3 Def:3)",null,null,null,null],["0041400151",515,1,1,4,"11:46 PM","7:58","Brewer 25' 3PT Jump Shot (5 PTS) (Jones 6 AST)",null,null,"83 - 93","10"],["0041400151",516,1,1,4,"11:46 PM","7:37",null,null,"Rondo 21' Jump Shot (13 PTS) (Parsons 2 AST)","85 - 93","8"],["0041400151",517,1,79,4,"11:46 PM","7:24","Prigioni 14' Pullup Jump Shot (2 PTS)",null,null,"85 - 95","10"],["0041400151",518,1,78,4,"11:47 PM","7:15",null,null,"Barea 9' Floating Jump Shot (8 PTS)","87 - 95","8"],["0041400151",519,6,4,4,"11:47 PM","7:03","Howard OFF.Foul (P5) (T.Brown)",null,null,null,null],["0041400151",520,5,5,4,"11:47 PM","7:03","Howard Foul Turnover (P1.T13)",null,null,null,null],["0041400151",521,8,0,4,"11:47 PM","7:03","SUB: Smith FOR Howard",null,null,null,null],["0041400151",523,8,0,4,"11:47 PM","7:03","SUB: Harden FOR Ariza",null,null,null,null],["0041400151",524,1,42,4,"11:48 PM","6:52",null,null,"Rondo 2' Driving Layup (15 PTS)","89 - 95","6"],["0041400151",525,6,2,4,"11:48 PM","6:38",null,null,"Rondo S.FOUL (P1.T3) (R.Garretson)",null,null],["0041400151",526,3,11,4,"11:48 PM","6:38","Jones Free Throw 1 of 2 (13 PTS)",null,null,"89 - 96","7"],["0041400151",528,3,12,4,"11:48 PM","6:38","Jones Free Throw 2 of 2 (14 PTS)",null,null,"89 - 97","8"],["0041400151",531,2,1,4,"11:49 PM","6:20",null,null,"MISS Rondo 18' Jump Shot",null,null],["0041400151",532,4,0,4,"11:49 PM","6:19","Jones REBOUND (Off:3 Def:4)",null,null,null,null],["0041400151",533,1,1,4,"11:49 PM","6:07","Brewer 24' 3PT Jump Shot (8 PTS) (Harden 10 AST)",null,null,"89 - 100","11"],["0041400151",534,9,1,4,"11:49 PM","6:07",null,null,"Mavericks Timeout: Regular (Reg.4 Short 2)",null,null],["0041400151",536,8,0,4,"11:51 PM","6:07","SUB: Terry FOR Prigioni",null,null,null,null],["0041400151",537,8,0,4,"11:52 PM","6:07",null,null,"SUB: Ellis FOR Nowitzki",null,null],["0041400151",538,1,42,4,"11:53 PM","5:48",null,null,"Parsons 2' Driving Layup (8 PTS) (Barea 2 AST)","91 - 100","9"],["0041400151",539,2,5,4,"11:53 PM","5:34","MISS Jones 1' Layup",null,null,null,null],["0041400151",540,4,0,4,"11:53 PM","5:33",null,null,"Parsons REBOUND (Off:0 Def:6)",null,null],["0041400151",541,2,1,4,"11:53 PM","5:25",null,null,"MISS Barea 5' Jump Shot",null,null],["0041400151",543,4,0,4,"11:53 PM","5:24",null,null,"Chandler REBOUND (Off:8 Def:6)",null,null],["0041400151",542,1,4,4,"11:53 PM","5:24",null,null,"Chandler  Tip Shot (11 PTS)","93 - 100","7"],["0041400151",544,1,1,4,"11:53 PM","4:54","Brewer  3PT Jump Shot (11 PTS) (Harden 11 AST)",null,null,"93 - 103","10"],["0041400151",545,2,1,4,"11:54 PM","4:34",null,null,"MISS Parsons 6' Jump Shot",null,null],["0041400151",546,4,0,4,"11:54 PM","4:33","Jones REBOUND (Off:3 Def:5)",null,null,null,null],["0041400151",547,2,1,4,"11:54 PM","4:28","MISS Terry 26' 3PT Jump Shot",null,null,null,null],["0041400151",548,4,0,4,"11:54 PM","4:27","Jones REBOUND (Off:4 Def:5)",null,null,null,null],["0041400151",549,6,2,4,"11:54 PM","4:27",null,null,"Rondo S.FOUL (P2.T4) (J.Crawford)",null,null],["0041400151",550,3,11,4,"11:54 PM","4:27","Jones Free Throw 1 of 2 (15 PTS)",null,null,"93 - 104","11"],["0041400151",552,8,0,4,"11:54 PM","4:27",null,null,"SUB: Nowitzki FOR Barea",null,null],["0041400151",553,3,12,4,"11:55 PM","4:27","Jones Free Throw 2 of 2 (16 PTS)",null,null,"93 - 105","12"],["0041400151",556,1,42,4,"11:55 PM","4:12",null,null,"Parsons  Driving Layup (10 PTS)","95 - 105","10"],["0041400151",557,6,28,4,"11:55 PM","4:09",null,null,"Chandler Personal Take Foul (P2.PN) (T.Brown)",null,null],["0041400151",558,3,11,4,"11:55 PM","4:09","MISS Smith Free Throw 1 of 2",null,null,null,null],["0041400151",559,4,1,4,"11:55 PM","4:09","ROCKETS Rebound",null,null,null,null],["0041400151",560,3,12,4,"11:56 PM","4:09","Smith Free Throw 2 of 2 (11 PTS)",null,null,"95 - 106","11"],["0041400151",563,6,28,4,"11:56 PM","4:08","Brewer Personal Take Foul (P2.T4) (R.Garretson)",null,null,null,null],["0041400151",566,8,0,4,"11:56 PM","4:08","SUB: Ariza FOR Smith",null,null,null,null],["0041400151",565,5,1,4,"11:57 PM","3:51",null,null,"Nowitzki Bad Pass Turnover (P6.T16)",null,null],["0041400151",568,2,1,4,"11:57 PM","3:36","MISS Terry 16' Jump Shot",null,null,null,null],["0041400151",569,4,0,4,"11:57 PM","3:35",null,null,"Chandler REBOUND (Off:8 Def:7)",null,null],["0041400151",571,2,1,4,"11:57 PM","3:25",null,null,"MISS Parsons 24' 3PT Jump Shot",null,null],["0041400151",572,4,0,4,"11:57 PM","3:24","Ariza REBOUND (Off:0 Def:7)",null,null,null,null],["0041400151",573,1,42,4,"11:57 PM","3:20","Brewer 2' Driving Layup (13 PTS)",null,null,"95 - 108","13"],["0041400151",574,6,2,4,"11:57 PM","3:20",null,null,"Ellis S.FOUL (P2.PN) (J.Crawford)",null,null],["0041400151",575,8,0,4,"11:58 PM","3:20",null,null,"SUB: Barea FOR Rondo",null,null],["0041400151",576,3,10,4,"11:58 PM","3:20","Brewer Free Throw 1 of 1 (14 PTS)",null,null,"95 - 109","14"],["0041400151",578,2,86,4,"11:58 PM","3:08",null,null,"MISS Nowitzki 9' Turnaround Fadeaway Shot",null,null],["0041400151",579,4,0,4,"11:58 PM","3:07","Ariza REBOUND (Off:0 Def:8)",null,null,null,null],["0041400151",580,6,2,4,"11:58 PM","3:03",null,null,"Barea S.FOUL (P4.PN) (T.Brown)",null,null],["0041400151",581,3,11,4,"11:59 PM","3:03","Harden Free Throw 1 of 2 (20 PTS)",null,null,"95 - 110","15"],["0041400151",583,3,12,4,"11:59 PM","3:03","MISS Harden Free Throw 2 of 2",null,null,null,null],["0041400151",585,4,0,4,"11:59 PM","3:03",null,null,"Nowitzki REBOUND (Off:1 Def:6)",null,null],["0041400151",586,5,1,4,"11:59 PM","2:49","Ariza STEAL (3 STL)",null,"Ellis Bad Pass Turnover (P3.T17)",null,null],["0041400151",587,2,42,4,"12:00 AM","2:43","MISS Jones 2' Driving Layup",null,null,null,null],["0041400151",588,4,0,4,"12:00 AM","2:43",null,null,"Chandler REBOUND (Off:8 Def:8)",null,null],["0041400151",589,1,5,4,"12:00 AM","2:37",null,null,"Barea 1' Layup (10 PTS) (Ellis 4 AST)","97 - 110","13"],["0041400151",590,6,2,4,"12:00 AM","2:15",null,null,"Nowitzki S.FOUL (P4.PN) (R.Garretson)",null,null],["0041400151",592,9,1,4,"12:01 AM","2:15","ROCKETS Timeout: Regular (Full 4 Short 1)",null,null,null,null],["0041400151",594,8,0,4,"12:02 AM","2:15","SUB: Howard FOR Terry",null,null,null,null],["0041400151",596,3,11,4,"12:03 AM","2:15","MISS Jones Free Throw 1 of 2",null,null,null,null],["0041400151",597,4,1,4,"12:03 AM","2:15","ROCKETS Rebound",null,null,null,null],["0041400151",598,3,12,4,"12:03 AM","2:15","Jones Free Throw 2 of 2 (17 PTS)",null,null,"97 - 111","14"],["0041400151",601,6,1,4,"12:04 AM","2:11","Brewer P.FOUL (P3.PN) (J.Crawford)",null,null,null,null],["0041400151",602,3,11,4,"12:04 AM","2:11",null,null,"Ellis Free Throw 1 of 2 (16 PTS)","98 - 111","13"],["0041400151",605,8,0,4,"12:04 AM","2:11","SUB: Terry FOR Howard",null,null,null,null],["0041400151",606,3,12,4,"12:04 AM","2:11",null,null,"MISS Ellis Free Throw 2 of 2",null,null],["0041400151",608,4,0,4,"12:04 AM","2:11","Ariza REBOUND (Off:0 Def:9)",null,null,null,null],["0041400151",610,2,42,4,"12:05 AM","1:49","MISS Jones 3' Driving Layup",null,null,null,null],["0041400151",611,4,0,4,"12:05 AM","1:48",null,null,"Chandler REBOUND (Off:8 Def:9)",null,null],["0041400151",612,2,42,4,"12:05 AM","1:41",null,null,"MISS Barea 3' Driving Layup",null,null],["0041400151",613,4,0,4,"12:05 AM","1:40",null,null,"Nowitzki REBOUND (Off:2 Def:6)",null,null],["0041400151",614,1,72,4,"12:05 AM","1:40",null,null,"Nowitzki 1' Putback Layup (24 PTS)","100 - 111","11"],["0041400151",615,2,1,4,"12:05 AM","1:18","MISS Brewer  3PT Jump Shot",null,null,null,null],["0041400151",616,4,0,4,"12:05 AM","1:17","Ariza REBOUND (Off:1 Def:9)",null,null,null,null],["0041400151",617,6,1,4,"12:06 AM","1:05",null,null,"Nowitzki P.FOUL (P5.PN) (R.Garretson)",null,null],["0041400151",618,3,11,4,"12:06 AM","1:05","MISS Jones Free Throw 1 of 2",null,null,null,null],["0041400151",619,4,1,4,"12:06 AM","1:05","ROCKETS Rebound",null,null,null,null],["0041400151",620,8,0,4,"12:06 AM","1:05","SUB: Howard FOR Terry",null,null,null,null],["0041400151",621,3,12,4,"12:06 AM","1:05","MISS Jones Free Throw 2 of 2",null,null,null,null],["0041400151",623,4,0,4,"12:06 AM","1:05",null,null,"Chandler REBOUND (Off:8 Def:10)",null,null],["0041400151",624,9,2,4,"12:06 AM","1:04",null,null,"Mavericks Timeout: Short (Reg.4 Short 3)",null,null],["0041400151",626,8,0,4,"12:07 AM","1:04",null,null,"SUB: Villanueva FOR Chandler",null,null],["0041400151",628,8,0,4,"12:07 AM","1:04","SUB: Smith FOR Howard",null,null,null,null],["0041400151",629,2,1,4,"12:08 AM","0:58",null,null,"MISS Nowitzki 5' Jump Shot",null,null],["0041400151",630,4,0,4,"12:08 AM","0:57","Ariza REBOUND (Off:1 Def:10)",null,null,null,null],["0041400151",631,6,28,4,"12:08 AM","0:51",null,null,"Ellis Personal Take Foul (P3.PN) (J.Crawford)",null,null],["0041400151",632,3,11,4,"12:08 AM","0:51","Jones Free Throw 1 of 2 (18 PTS)",null,null,"100 - 112","12"],["0041400151",634,3,12,4,"12:08 AM","0:51","Jones Free Throw 2 of 2 (19 PTS)",null,null,"100 - 113","13"],["0041400151",637,1,1,4,"12:09 AM","0:45",null,null,"Villanueva 26' 3PT Jump Shot (3 PTS) (Barea 3 AST)","103 - 113","10"],["0041400151",638,6,28,4,"12:09 AM","0:43",null,null,"Ellis Personal Take Foul (P4.PN) (R.Garretson)",null,null],["0041400151",639,3,11,4,"12:09 AM","0:43","MISS Brewer Free Throw 1 of 2",null,null,null,null],["0041400151",640,4,1,4,"12:09 AM","0:43","ROCKETS Rebound",null,null,null,null],["0041400151",641,3,12,4,"12:09 AM","0:43","Brewer Free Throw 2 of 2 (15 PTS)",null,null,"103 - 114","11"],["0041400151",645,1,1,4,"12:10 AM","0:33",null,null,"Villanueva 24' 3PT Jump Shot (6 PTS) (Barea 4 AST)","106 - 114","8"],["0041400151",646,6,28,4,"12:10 AM","0:28",null,null,"Ellis Personal Take Foul (P5.PN) (R.Garretson)",null,null],["0041400151",647,3,11,4,"12:10 AM","0:28","Harden Free Throw 1 of 2 (21 PTS)",null,null,"106 - 115","9"],["0041400151",649,8,0,4,"12:10 AM","0:28","SUB: Terry FOR Jones",null,null,null,null],["0041400151",650,3,12,4,"12:10 AM","0:28","Harden Free Throw 2 of 2 (22 PTS)",null,null,"106 - 116","10"],["0041400151",653,1,42,4,"12:11 AM","0:19",null,null,"Barea 1' Driving Layup (12 PTS)","108 - 116","8"],["0041400151",654,6,28,4,"12:11 AM","0:16",null,null,"Villanueva Personal Take Foul (P2.PN) (T.Brown)",null,null],["0041400151",655,3,11,4,"12:11 AM","0:16","Harden Free Throw 1 of 2 (23 PTS)",null,null,"108 - 117","9"],["0041400151",657,8,0,4,"12:12 AM","0:16",null,null,"SUB: Aminu FOR Nowitzki",null,null],["0041400151",658,8,0,4,"12:12 AM","0:16",null,null,"SUB: Jefferson FOR Parsons",null,null],["0041400151",659,3,12,4,"12:12 AM","0:16","Harden Free Throw 2 of 2 (24 PTS)",null,null,"108 - 118","10"],["0041400151",661,2,1,4,"12:12 AM","0:07",null,null,"MISS Ellis 28' 3PT Jump Shot",null,null],["0041400151",662,4,0,4,"12:12 AM","0:06","Harden REBOUND (Off:0 Def:2)",null,null,null,null],["0041400151",664,13,0,4,"12:12 AM","0:00",null,null,null,"108 - 118","10"]]},{"name":"AvailableVideo","headers":["VIDEO_AVAILABLE_FLAG"],"rowSet":[[1]]}]}