{"resource":"playbyplay","parameters":{"GameID":"0041400406","StartPeriod":0,"EndPeriod":14},"resultSets":[{"name":"PlayByPlay","headers":["GAME_ID","EVENTNUM","EVENTMSGTYPE","EVENTMSGACTIONTYPE","PERIOD","WCTIMESTRING","PCTIMESTRING","HOMEDESCRIPTION","NEUTRALDESCRIPTION","VISITORDESCRIPTION","SCORE","SCOREMARGIN"],"rowSet":[["0041400406",0,12,0,1,"9:11 PM","12:00",null,null,null,null,null],["0041400406",1,10,0,1,"9:11 PM","12:00","Jump Ball Mozgov vs. Green: Tip to Barnes",null,null,null,null],["0041400406",2,2,1,1,"9:11 PM","11:41",null,null,"MISS Green 21' Jump Shot",null,null],["0041400406",3,4,0,1,"9:11 PM","11:40","Shumpert REBOUND (Off:0 Def:1)",null,null,null,null],["0041400406",4,6,2,1,"9:11 PM","11:31",null,null,"Curry S.FOUL (P1.T1) (S.Foster)",null,null],["0041400406",5,3,11,1,"9:11 PM","11:31","Shumpert Free Throw 1 of 2 (1 PTS)",null,null,"0 - 1","1"],["0041400406",7,3,12,1,"9:12 PM","11:31","MISS Shumpert Free Throw 2 of 2",null,null,null,null],["0041400406",9,4,0,1,"9:12 PM","11:30",null,null,"Barnes REBOUND (Off:0 Def:1)",null,null],["0041400406",10,2,1,1,"9:12 PM","11:14",null,null,"MISS Curry 21' Jump Shot",null,null],["0041400406",11,4,0,1,"9:12 PM","11:13","Mozgov REBOUND (Off:0 Def:1)",null,null,null,null],["0041400406",12,1,5,1,"9:12 PM","10:50","Mozgov 1' Layup (2 PTS) (James 1 AST)",null,null,"0 - 3","3"],["0041400406",14,1,1,1,"9:13 PM","10:25",null,null,"Thompson 18' Jump Shot (2 PTS) (Green 1 AST)","2 - 3","1"],["0041400406",16,2,1,1,"9:14 PM","10:00","MISS James 24' 3PT Jump Shot",null,null,null,null],["0041400406",17,4,0,1,"9:14 PM","9:58",null,null,"Thompson REBOUND (Off:0 Def:1)",null,null],["0041400406",18,5,1,1,"9:14 PM","9:38","James STEAL (1 STL)",null,"Curry Bad Pass Turnover (P1.T1)",null,null],["0041400406",19,1,42,1,"9:14 PM","9:31","James 1' Driving Layup (2 PTS)",null,null,"2 - 5","3"],["0041400406",20,6,1,1,"9:14 PM","9:26","Dellavedova P.FOUL (P1.T1) (S.Foster)",null,null,null,null],["0041400406",21,2,1,1,"9:15 PM","9:18",null,null,"MISS Iguodala  3PT Jump Shot",null,null],["0041400406",22,4,0,1,"9:15 PM","9:16","James REBOUND (Off:0 Def:1)",null,null,null,null],["0041400406",23,1,58,1,"9:15 PM","9:04","Thompson 9' Turnaround Hook Shot (2 PTS)",null,null,"2 - 7","5"],["0041400406",24,6,1,1,"9:15 PM","8:53","Shumpert P.FOUL (P1.T2) (M.Davis)",null,null,null,null],["0041400406",25,1,5,1,"9:16 PM","8:43",null,null,"Curry  Layup (2 PTS) (Green 2 AST)","4 - 7","3"],["0041400406",26,5,1,1,"9:16 PM","8:24","Shumpert Bad Pass Turnover (P1.T1)",null,"Curry STEAL (1 STL)",null,null],["0041400406",27,2,1,1,"9:16 PM","8:09",null,null,"MISS Curry 26' 3PT Jump Shot",null,null],["0041400406",28,4,0,1,"9:16 PM","8:08","James REBOUND (Off:0 Def:2)",null,null,null,null],["0041400406",29,6,26,1,"9:16 PM","8:04","James Offensive Charge Foul (P1.T3) (S.Foster)",null,null,null,null],["0041400406",30,5,5,1,"9:16 PM","8:04","James Foul Turnover (P1.T2)",null,null,null,null],["0041400406",31,1,78,1,"9:17 PM","7:50",null,null,"Green 7' Floating Jump Shot (2 PTS) (Barnes 1 AST)","6 - 7","1"],["0041400406",32,2,78,1,"9:17 PM","7:24","MISS Dellavedova 8' Floating Jump Shot",null,null,null,null],["0041400406",33,4,0,1,"9:17 PM","7:24","CAVALIERS Rebound",null,null,null,null],["0041400406",34,5,11,1,"9:17 PM","7:24","CAVALIERS Turnover: Shot Clock (T#3)",null,null,null,null],["0041400406",35,2,1,1,"9:18 PM","7:07",null,null,"MISS Iguodala 25' 3PT Jump Shot",null,null],["0041400406",36,4,0,1,"9:18 PM","7:06","Thompson REBOUND (Off:0 Def:1)",null,null,null,null],["0041400406",37,6,2,1,"9:18 PM","6:59",null,null,"Iguodala S.FOUL (P1.T2) (S.Foster)",null,null],["0041400406",38,3,11,1,"9:18 PM","6:59","MISS Mozgov Free Throw 1 of 2",null,null,null,null],["0041400406",39,4,1,1,"9:18 PM","6:59","CAVALIERS Rebound",null,null,null,null],["0041400406",40,8,0,1,"9:19 PM","6:59","SUB: Smith FOR Dellavedova",null,null,null,null],["0041400406",41,3,12,1,"9:19 PM","6:59","Mozgov Free Throw 2 of 2 (3 PTS)",null,null,"6 - 8","2"],["0041400406",43,2,1,1,"9:19 PM","6:43",null,null,"MISS Iguodala 15' Jump Shot",null,null],["0041400406",44,4,0,1,"9:19 PM","6:42","James REBOUND (Off:0 Def:3)",null,null,null,null],["0041400406",45,2,1,1,"9:19 PM","6:33","MISS Shumpert  3PT Jump Shot",null,null,null,null],["0041400406",46,4,0,1,"9:19 PM","6:31",null,null,"Curry REBOUND (Off:0 Def:1)",null,null],["0041400406",47,2,79,1,"9:20 PM","6:19",null,null,"MISS Barnes 17' Pullup Jump Shot",null,null],["0041400406",48,4,0,1,"9:20 PM","6:17","James REBOUND (Off:0 Def:4)",null,null,null,null],["0041400406",49,5,2,1,"9:20 PM","6:06","James Lost Ball Turnover (P2.T4)",null,"Iguodala STEAL (1 STL)",null,null],["0041400406",50,1,44,1,"9:20 PM","6:00",null,null,"Curry 1' Reverse Layup (4 PTS) (Iguodala 1 AST)","8 - 8","TIE"],["0041400406",51,5,11,1,"9:21 PM","5:33","CAVALIERS Turnover: Shot Clock (T#5)",null,null,null,null],["0041400406",52,9,1,1,"9:21 PM","5:33","CAVALIERS Timeout: Regular (Full 1 Short 0)",null,null,null,null],["0041400406",56,1,1,1,"9:24 PM","5:15",null,null,"Curry  3PT Jump Shot (7 PTS) (Iguodala 2 AST)","11 - 8","-3"],["0041400406",57,2,42,1,"9:25 PM","4:50","MISS James 1' Driving Layup",null,null,null,null],["0041400406",58,4,0,1,"9:25 PM","4:48","Shumpert REBOUND (Off:1 Def:1)",null,null,null,null],["0041400406",59,2,1,1,"9:25 PM","4:46","MISS Shumpert 25' 3PT Jump Shot",null,null,null,null],["0041400406",60,4,0,1,"9:25 PM","4:46","CAVALIERS Rebound",null,null,null,null],["0041400406",61,5,11,1,"9:25 PM","4:46","CAVALIERS Turnover: Shot Clock (T#6)",null,null,null,null],["0041400406",62,1,42,1,"9:25 PM","4:28",null,null,"Curry  Driving Layup (9 PTS) (Green 3 AST)","13 - 8","-5"],["0041400406",63,1,58,1,"9:26 PM","4:04","Thompson 12' Turnaround Hook Shot (4 PTS)",null,null,"13 - 10","-3"],["0041400406",64,1,1,1,"9:26 PM","3:52",null,null,"Iguodala 16' Jump Shot (2 PTS) (Curry 1 AST)","15 - 10","-5"],["0041400406",65,6,2,1,"9:26 PM","3:37",null,null,"Thompson S.FOUL (P1.T3) (Z.Zarba)",null,null],["0041400406",66,3,11,1,"9:26 PM","3:37","MISS Smith Free Throw 1 of 2",null,null,null,null],["0041400406",67,4,1,1,"9:26 PM","3:37","CAVALIERS Rebound",null,null,null,null],["0041400406",68,8,0,1,"9:27 PM","3:37","SUB: Dellavedova FOR Shumpert",null,null,null,null],["0041400406",69,8,0,1,"9:27 PM","3:37",null,null,"SUB: Livingston FOR Thompson",null,null],["0041400406",70,3,12,1,"9:27 PM","3:37","Smith Free Throw 2 of 2 (1 PTS)",null,null,"15 - 11","-4"],["0041400406",72,1,1,1,"9:27 PM","3:24",null,null,"Iguodala 18' Jump Shot (4 PTS) (Curry 2 AST)","17 - 11","-6"],["0041400406",73,1,5,1,"9:28 PM","3:05","Thompson 2' Layup (6 PTS) (Mozgov 1 AST)",null,null,"17 - 13","-4"],["0041400406",74,2,1,1,"9:28 PM","2:53",null,null,"MISS Iguodala 16' Jump Shot",null,null],["0041400406",75,4,0,1,"9:28 PM","2:52","James REBOUND (Off:0 Def:5)",null,null,null,null],["0041400406",76,2,42,1,"9:28 PM","2:43","MISS James 1' Driving Layup",null,null,null,null],["0041400406",77,4,0,1,"9:28 PM","2:41",null,null,"Green REBOUND (Off:0 Def:1)",null,null],["0041400406",78,1,1,1,"9:28 PM","2:33",null,null,"Green 25' 3PT Jump Shot (5 PTS) (Iguodala 3 AST)","20 - 13","-7"],["0041400406",79,1,42,1,"9:29 PM","2:20","James 1' Driving Layup (4 PTS)",null,null,"20 - 15","-5"],["0041400406",80,1,1,1,"9:29 PM","2:07",null,null,"Iguodala 25' 3PT Jump Shot (7 PTS) (Green 4 AST)","23 - 15","-8"],["0041400406",81,2,75,1,"9:29 PM","1:45","MISS Smith 2' Driving Finger Roll Layup",null,null,null,null],["0041400406",82,4,0,1,"9:29 PM","1:42","Mozgov REBOUND (Off:1 Def:1)",null,null,null,null],["0041400406",83,5,40,1,"9:29 PM","1:42","Mozgov Out of Bounds Lost Ball Turnover (P1.T7)",null,null,null,null],["0041400406",84,9,1,1,"9:29 PM","1:42",null,null,"Warriors Timeout: Regular (Reg.1 Short 0)",null,null],["0041400406",86,8,0,1,"9:33 PM","1:42","SUB: Jones FOR Mozgov",null,null,null,null],["0041400406",87,8,0,1,"9:33 PM","1:42",null,null,"SUB: Ezeli FOR Green",null,null],["0041400406",88,5,4,1,"9:33 PM","1:32",null,null,"Ezeli Traveling Turnover (P1.T2)",null,null],["0041400406",89,2,1,1,"9:34 PM","1:15","MISS James 4' Jump Shot",null,null,null,null],["0041400406",90,4,0,1,"9:34 PM","1:13","Thompson REBOUND (Off:1 Def:1)",null,null,null,null],["0041400406",91,5,1,1,"9:34 PM","1:07","Dellavedova Bad Pass Turnover (P1.T8)",null,null,null,null],["0041400406",92,8,0,1,"9:34 PM","1:07","SUB: Shumpert FOR James",null,null,null,null],["0041400406",93,8,0,1,"9:35 PM","1:07",null,null,"SUB: Barbosa FOR Iguodala",null,null],["0041400406",94,2,1,1,"9:35 PM","0:56",null,null,"MISS Curry 26' 3PT Jump Shot",null,null],["0041400406",95,4,0,1,"9:35 PM","0:55",null,null,"Ezeli REBOUND (Off:1 Def:0)",null,null],["0041400406",96,1,8,1,"9:35 PM","0:55",null,null,"Ezeli  Slam Dunk (2 PTS)","25 - 15","-10"],["0041400406",97,5,2,1,"9:35 PM","0:42","Thompson Lost Ball Turnover (P1.T9)",null,"Curry STEAL (2 STL)",null,null],["0041400406",98,1,1,1,"9:35 PM","0:34",null,null,"Barnes 24' 3PT Jump Shot (3 PTS) (Curry 3 AST)","28 - 15","-13"],["0041400406",100,6,1,1,"9:36 PM","0:23",null,null,"Livingston P.FOUL (P1.T4) (S.Foster)",null,null],["0041400406",102,2,80,1,"9:36 PM","0:07","MISS Smith 19' Step Back Jump Shot",null,null,null,null],["0041400406",103,4,0,1,"9:36 PM","0:04",null,null,"Barbosa REBOUND (Off:0 Def:1)",null,null],["0041400406",104,2,1,1,"9:37 PM","0:00",null,null,"MISS Curry 35' 3PT Jump Shot",null,null],["0041400406",105,4,0,1,"9:37 PM","0:00",null,null,"Warriors Rebound",null,null],["0041400406",106,13,0,1,"9:37 PM","0:00",null,null,null,"28 - 15","-13"],["0041400406",108,12,0,2,"9:41 PM","12:00",null,null,null,"28 - 15","-13"],["0041400406",109,6,2,2,"9:41 PM","11:45",null,null,"Livingston S.FOUL (P2.T1) (M.Davis)",null,null],["0041400406",110,3,13,2,"9:41 PM","11:45","Jones Free Throw 1 of 3 (1 PTS)",null,null,"28 - 16","-12"],["0041400406",112,3,14,2,"9:41 PM","11:45","Jones Free Throw 2 of 3 (2 PTS)",null,null,"28 - 17","-11"],["0041400406",114,3,15,2,"9:41 PM","11:45","Jones Free Throw 3 of 3 (3 PTS)",null,null,"28 - 18","-10"],["0041400406",116,2,1,2,"9:42 PM","11:33",null,null,"MISS Thompson 14' Jump Shot",null,null],["0041400406",117,4,0,2,"9:42 PM","11:32","James REBOUND (Off:0 Def:6)",null,null,null,null],["0041400406",118,2,1,2,"9:42 PM","11:18","MISS James 6' Jump Shot",null,null,null,null],["0041400406",119,4,0,2,"9:42 PM","11:16","Mozgov REBOUND (Off:2 Def:1)",null,null,null,null],["0041400406",120,2,5,2,"9:42 PM","11:14","MISS Mozgov 1' Layup",null,"Thompson BLOCK (1 BLK)",null,null],["0041400406",121,4,0,2,"9:42 PM","11:12","Mozgov REBOUND (Off:3 Def:1)",null,null,null,null],["0041400406",122,1,80,2,"9:42 PM","11:04","James 24' 3PT Step Back Jump Shot (7 PTS)",null,null,"28 - 21","-7"],["0041400406",123,1,1,2,"9:42 PM","10:55",null,null,"Barbosa 25' 3PT Jump Shot (3 PTS) (Thompson 1 AST)","31 - 21","-10"],["0041400406",124,6,1,2,"9:43 PM","10:43",null,null,"Ezeli P.FOUL (P1.T2) (Z.Zarba)",null,null],["0041400406",125,2,73,2,"9:43 PM","10:34","MISS Smith 3' Driving Reverse Layup",null,"Ezeli BLOCK (1 BLK)",null,null],["0041400406",126,4,0,2,"9:43 PM","10:32",null,null,"Barnes REBOUND (Off:0 Def:2)",null,null],["0041400406",127,2,1,2,"9:43 PM","10:19",null,null,"MISS Thompson 26' 3PT Jump Shot",null,null],["0041400406",128,4,0,2,"9:43 PM","10:18","Smith REBOUND (Off:0 Def:1)",null,null,null,null],["0041400406",129,6,2,2,"9:44 PM","10:07",null,null,"Thompson S.FOUL (P2.T3) (M.Davis)",null,null],["0041400406",130,3,11,2,"9:44 PM","10:07","MISS Shumpert Free Throw 1 of 2",null,null,null,null],["0041400406",131,4,1,2,"9:44 PM","10:07","CAVALIERS Rebound",null,null,null,null],["0041400406",132,3,12,2,"9:44 PM","10:07","Shumpert Free Throw 2 of 2 (2 PTS)",null,null,"31 - 22","-9"],["0041400406",134,6,4,2,"9:45 PM","9:52",null,null,"Thompson OFF.Foul (P3) (S.Foster)",null,null],["0041400406",135,5,5,2,"9:45 PM","9:52",null,null,"Thompson Foul Turnover (P1.T3)",null,null],["0041400406",136,8,0,2,"9:45 PM","9:52",null,null,"SUB: Curry FOR Thompson",null,null],["0041400406",137,1,66,2,"9:45 PM","9:36","Jones 6' Jump Bank Shot (5 PTS) (James 2 AST)",null,null,"31 - 24","-7"],["0041400406",138,2,1,2,"9:45 PM","9:26",null,null,"MISS Livingston 15' Jump Shot",null,null],["0041400406",139,4,0,2,"9:45 PM","9:25",null,null,"Ezeli REBOUND (Off:2 Def:0)",null,null],["0041400406",140,2,5,2,"9:45 PM","9:23",null,null,"MISS Ezeli 1' Layup",null,null],["0041400406",141,4,0,2,"9:45 PM","9:22","CAVALIERS Rebound",null,null,null,null],["0041400406",142,2,78,2,"9:46 PM","9:12","MISS James 10' Floating Jump Shot",null,null,null,null],["0041400406",143,4,0,2,"9:46 PM","9:09","Mozgov REBOUND (Off:4 Def:1)",null,null,null,null],["0041400406",144,2,1,2,"9:46 PM","9:04","MISS Jones 24' 3PT Jump Shot",null,null,null,null],["0041400406",145,4,0,2,"9:46 PM","9:03",null,null,"Curry REBOUND (Off:0 Def:2)",null,null],["0041400406",146,2,1,2,"9:46 PM","8:56",null,null,"MISS Barbosa 25' 3PT Jump Shot",null,null],["0041400406",147,4,0,2,"9:46 PM","8:56",null,null,"Warriors Rebound",null,null],["0041400406",148,6,3,2,"9:46 PM","8:56","Mozgov L.B.FOUL (P1.T1) (M.Davis)",null,null,null,null],["0041400406",149,9,4,2,"9:47 PM","8:56",null,null,null,null,null],["0041400406",151,8,0,2,"9:49 PM","8:56","SUB: Thompson FOR Smith",null,null,null,null],["0041400406",152,8,0,2,"9:49 PM","8:56",null,null,"SUB: Iguodala FOR Barnes",null,null],["0041400406",153,8,0,2,"9:49 PM","8:56",null,null,"SUB: Green FOR Ezeli",null,null],["0041400406",154,2,1,2,"9:50 PM","8:48",null,null,"MISS Green 25' 3PT Jump Shot",null,null],["0041400406",155,4,0,2,"9:50 PM","8:47","James REBOUND (Off:0 Def:7)",null,null,null,null],["0041400406",156,7,5,2,"9:50 PM","8:42",null,null,"Iguodala Violation:Kicked Ball (S.Foster)",null,null],["0041400406",157,2,80,2,"9:51 PM","8:23","MISS Thompson 6' Step Back Jump Shot",null,null,null,null],["0041400406",158,4,0,2,"9:51 PM","8:21",null,null,"Green REBOUND (Off:0 Def:2)",null,null],["0041400406",159,8,0,2,"9:51 PM","8:16",null,null,"SUB: Barnes FOR Livingston",null,null],["0041400406",160,10,0,2,"9:52 PM","8:16","Jump Ball Shumpert vs. Green: Tip to Iguodala",null,null,null,null],["0041400406",162,2,5,2,"9:52 PM","8:11","Mozgov BLOCK (1 BLK)",null,"MISS Iguodala 2' Layup",null,null],["0041400406",163,4,0,2,"9:52 PM","8:09",null,null,"Barbosa REBOUND (Off:1 Def:1)",null,null],["0041400406",164,6,2,2,"9:52 PM","8:06","Mozgov S.FOUL (P2.T2) (Z.Zarba)",null,null,null,null],["0041400406",165,3,11,2,"9:52 PM","8:06",null,null,"Iguodala Free Throw 1 of 2 (8 PTS)","32 - 24","-8"],["0041400406",167,3,12,2,"9:52 PM","8:06",null,null,"MISS Iguodala Free Throw 2 of 2",null,null],["0041400406",169,4,0,2,"9:53 PM","8:05","Mozgov REBOUND (Off:4 Def:2)",null,null,null,null],["0041400406",170,6,4,2,"9:53 PM","7:51","Jones OFF.Foul (P1) (Z.Zarba)",null,null,null,null],["0041400406",171,5,5,2,"9:53 PM","7:51","Jones Foul Turnover (P1.T10)",null,null,null,null],["0041400406",172,2,44,2,"9:53 PM","7:42","Mozgov BLOCK (2 BLK)",null,"MISS Barnes 2' Reverse Layup",null,null],["0041400406",173,4,0,2,"9:53 PM","7:39","Thompson REBOUND (Off:1 Def:2)",null,null,null,null],["0041400406",174,1,5,2,"9:53 PM","7:33","James  Layup (9 PTS)",null,null,"32 - 26","-6"],["0041400406",175,6,1,2,"9:54 PM","7:21","Shumpert P.FOUL (P2.T3) (M.Davis)",null,null,null,null],["0041400406",176,18,0,2,"9:54 PM","7:21",null,null,null,null,null],["0041400406",179,2,1,2,"9:57 PM","7:13",null,null,"MISS Curry 24' 3PT Jump Shot",null,null],["0041400406",180,4,0,2,"9:57 PM","7:12","Mozgov REBOUND (Off:4 Def:3)",null,null,null,null],["0041400406",181,2,5,2,"9:57 PM","7:08","MISS Shumpert 2' Layup",null,"Green BLOCK (1 BLK)",null,null],["0041400406",182,4,0,2,"9:57 PM","7:07",null,null,"Green REBOUND (Off:0 Def:3)",null,null],["0041400406",184,2,1,2,"9:57 PM","6:53","Mozgov BLOCK (3 BLK)",null,"MISS Curry 7' Jump Shot",null,null],["0041400406",185,4,0,2,"9:57 PM","6:51","Jones REBOUND (Off:0 Def:1)",null,null,null,null],["0041400406",186,6,2,2,"9:58 PM","6:36",null,null,"Barnes S.FOUL (P1.T4) (M.Davis)",null,null],["0041400406",187,3,11,2,"9:58 PM","6:36","Thompson Free Throw 1 of 2 (7 PTS)",null,null,"32 - 27","-5"],["0041400406",189,8,0,2,"9:58 PM","6:36",null,null,"SUB: Livingston FOR Barbosa",null,null],["0041400406",190,3,12,2,"9:58 PM","6:36","MISS Thompson Free Throw 2 of 2",null,null,null,null],["0041400406",192,4,0,2,"9:59 PM","6:35",null,null,"Iguodala REBOUND (Off:0 Def:1)",null,null],["0041400406",193,1,85,2,"9:59 PM","6:13",null,null,"Green 7' Turnaround Bank Shot (7 PTS)","34 - 27","-7"],["0041400406",194,1,1,2,"9:59 PM","5:55","Shumpert 14' Jump Shot (4 PTS)",null,null,"34 - 29","-5"],["0041400406",195,2,66,2,"9:59 PM","5:39",null,null,"MISS Barnes 8' Jump Bank Shot",null,null],["0041400406",196,4,0,2,"9:59 PM","5:38","Thompson REBOUND (Off:1 Def:3)",null,null,null,null],["0041400406",197,5,2,2,"10:00 PM","5:14","Mozgov Lost Ball Turnover (P2.T11)",null,"Green STEAL (1 STL)",null,null],["0041400406",198,1,1,2,"10:00 PM","5:07",null,null,"Barnes 24' 3PT Jump Shot (6 PTS) (Iguodala 4 AST)","37 - 29","-8"],["0041400406",199,6,1,2,"10:00 PM","4:51",null,null,"Iguodala P.FOUL (P2.PN) (S.Foster)",null,null],["0041400406",200,9,1,2,"10:00 PM","4:51","CAVALIERS Timeout: Regular (Full 2 Short 0)",null,null,null,null],["0041400406",204,3,11,2,"10:04 PM","4:51","Mozgov Free Throw 1 of 2 (4 PTS)",null,null,"37 - 30","-7"],["0041400406",206,3,12,2,"10:04 PM","4:51","Mozgov Free Throw 2 of 2 (5 PTS)",null,null,"37 - 31","-6"],["0041400406",208,1,1,2,"10:05 PM","4:37",null,null,"Iguodala 18' Jump Shot (10 PTS) (Curry 4 AST)","39 - 31","-8"],["0041400406",209,2,43,2,"10:05 PM","4:28","MISS Mozgov 2' Alley Oop Layup",null,null,null,null],["0041400406",210,4,0,2,"10:05 PM","4:26",null,null,"Green REBOUND (Off:0 Def:4)",null,null],["0041400406",211,2,43,2,"10:05 PM","4:17",null,null,"MISS Iguodala 1' Alley Oop Layup",null,null],["0041400406",212,4,0,2,"10:05 PM","4:14","Thompson REBOUND (Off:1 Def:4)",null,null,null,null],["0041400406",213,2,44,2,"10:05 PM","4:10","MISS Shumpert 1' Reverse Layup",null,null,null,null],["0041400406",214,4,0,2,"10:05 PM","4:09","Mozgov REBOUND (Off:5 Def:3)",null,null,null,null],["0041400406",215,6,2,2,"10:05 PM","4:07",null,null,"Green S.FOUL (P1.PN) (M.Davis)",null,null],["0041400406",216,3,11,2,"10:06 PM","4:07","Mozgov Free Throw 1 of 2 (6 PTS)",null,null,"39 - 32","-7"],["0041400406",219,8,0,2,"10:06 PM","4:07","SUB: Dellavedova FOR Jones",null,null,null,null],["0041400406",220,3,12,2,"10:06 PM","4:07","Mozgov Free Throw 2 of 2 (7 PTS)",null,null,"39 - 33","-6"],["0041400406",222,6,1,2,"10:07 PM","4:00","Shumpert P.FOUL (P3.T4) (S.Foster)",null,null,null,null],["0041400406",223,8,0,2,"10:07 PM","4:00","SUB: Smith FOR Shumpert",null,null,null,null],["0041400406",224,2,1,2,"10:07 PM","3:48",null,null,"MISS Green  3PT Jump Shot",null,null],["0041400406",225,4,0,2,"10:07 PM","3:47","Mozgov REBOUND (Off:5 Def:4)",null,null,null,null],["0041400406",226,6,1,2,"10:08 PM","3:37",null,null,"Iguodala P.FOUL (P3.PN) (M.Davis)",null,null],["0041400406",227,3,11,2,"10:08 PM","3:37","MISS James Free Throw 1 of 2",null,null,null,null],["0041400406",228,4,1,2,"10:08 PM","3:37","CAVALIERS Rebound",null,null,null,null],["0041400406",230,9,1,2,"10:08 PM","3:37",null,null,"Warriors Timeout: Regular (Reg.2 Short 0)",null,null],["0041400406",233,8,0,2,"10:11 PM","3:37",null,null,"SUB: Lee FOR Iguodala",null,null],["0041400406",235,8,0,2,"10:11 PM","3:37","SUB: Jones FOR Mozgov",null,null,null,null],["0041400406",234,3,12,2,"10:11 PM","3:37","MISS James Free Throw 2 of 2",null,null,null,null],["0041400406",236,4,0,2,"10:12 PM","3:35",null,null,"Green REBOUND (Off:0 Def:5)",null,null],["0041400406",237,6,2,2,"10:12 PM","3:23","James S.FOUL (P2.PN) (S.Foster)",null,null,null,null],["0041400406",238,3,11,2,"10:12 PM","3:23",null,null,"Livingston Free Throw 1 of 2 (1 PTS)","40 - 33","-7"],["0041400406",240,8,0,2,"10:13 PM","3:23",null,null,"SUB: Barbosa FOR Green",null,null],["0041400406",241,3,12,2,"10:13 PM","3:23",null,null,"Livingston Free Throw 2 of 2 (2 PTS)","41 - 33","-8"],["0041400406",244,1,41,2,"10:13 PM","3:12","James 1' Running Layup (11 PTS)",null,null,"41 - 35","-6"],["0041400406",245,2,5,2,"10:13 PM","2:54",null,null,"MISS Lee 2' Layup",null,null],["0041400406",246,4,0,2,"10:13 PM","2:53","Dellavedova REBOUND (Off:0 Def:1)",null,null,null,null],["0041400406",247,5,1,2,"10:14 PM","2:38","James Bad Pass Turnover (P3.T12)",null,"Curry STEAL (3 STL)",null,null],["0041400406",248,1,5,2,"10:14 PM","2:33",null,null,"Curry 1' Layup (11 PTS) (Barbosa 1 AST)","43 - 35","-8"],["0041400406",249,5,1,2,"10:14 PM","2:28","Dellavedova Bad Pass Turnover (P2.T13)",null,"Barbosa STEAL (1 STL)",null,null],["0041400406",250,5,1,2,"10:14 PM","2:24",null,null,"Curry Bad Pass Turnover (P2.T4)",null,null],["0041400406",251,8,0,2,"10:14 PM","2:24",null,null,"SUB: Green FOR Lee",null,null],["0041400406",252,1,1,2,"10:15 PM","2:04","James 25' 3PT Jump Shot (14 PTS) (Dellavedova 1 AST)",null,null,"43 - 38","-5"],["0041400406",253,1,5,2,"10:15 PM","1:54",null,null,"Green  Layup (9 PTS) (Curry 5 AST)","45 - 38","-7"],["0041400406",254,6,1,2,"10:15 PM","1:40",null,null,"Barbosa P.FOUL (P1.PN) (Z.Zarba)",null,null],["0041400406",255,3,11,2,"10:15 PM","1:40","James Free Throw 1 of 2 (15 PTS)",null,null,"45 - 39","-6"],["0041400406",257,3,12,2,"10:15 PM","1:40","MISS James Free Throw 2 of 2",null,null,null,null],["0041400406",259,4,0,2,"10:16 PM","1:39",null,null,"Warriors Rebound",null,null],["0041400406",260,2,1,2,"10:17 PM","1:21",null,null,"MISS Livingston 14' Jump Shot",null,null],["0041400406",261,4,0,2,"10:17 PM","1:20","James REBOUND (Off:0 Def:8)",null,null,null,null],["0041400406",262,1,44,2,"10:17 PM","1:09","Thompson 1' Reverse Layup (9 PTS) (James 3 AST)",null,null,"45 - 41","-4"],["0041400406",263,5,4,2,"10:17 PM","0:58",null,null,"Green Traveling Turnover (P1.T5)",null,null],["0041400406",265,2,1,2,"10:18 PM","0:39","MISS James 26' 3PT Jump Shot",null,null,null,null],["0041400406",266,4,0,2,"10:18 PM","0:38",null,null,"Barbosa REBOUND (Off:1 Def:2)",null,null],["0041400406",267,2,77,2,"10:18 PM","0:25",null,null,"MISS Barnes 2' Driving Jump Shot",null,null],["0041400406",268,4,0,2,"10:18 PM","0:23","Thompson REBOUND (Off:1 Def:5)",null,null,null,null],["0041400406",269,2,84,2,"10:18 PM","0:04","MISS James 11' Running Bank Shot",null,null,null,null],["0041400406",271,4,0,2,"10:18 PM","0:03","Thompson REBOUND (Off:2 Def:5)",null,null,null,null],["0041400406",270,1,87,2,"10:18 PM","0:03","Thompson  Putback Dunk (11 PTS)",null,null,"45 - 43","-2"],["0041400406",273,5,2,2,"10:20 PM","0:02","Smith STEAL (1 STL)",null,"Curry Lost Ball Turnover (P3.T6)",null,null],["0041400406",274,13,0,2,"10:20 PM","0:00",null,null,null,"45 - 43","-2"],["0041400406",276,12,0,3,"10:36 PM","12:00",null,null,null,"45 - 43","-2"],["0041400406",278,5,1,3,"10:36 PM","11:48","James Bad Pass Turnover (P4.T14)",null,"Green STEAL (2 STL)",null,null],["0041400406",279,2,5,3,"10:36 PM","11:42",null,null,"MISS Green  Layup",null,null],["0041400406",280,4,0,3,"10:36 PM","11:39","Dellavedova REBOUND (Off:0 Def:2)",null,null,null,null],["0041400406",281,2,78,3,"10:36 PM","11:36","MISS James 12' Floating Jump Shot",null,null,null,null],["0041400406",282,4,0,3,"10:36 PM","11:35","James REBOUND (Off:1 Def:8)",null,null,null,null],["0041400406",284,1,5,3,"10:37 PM","11:31","Mozgov  Layup (9 PTS) (James 4 AST)",null,null,"45 - 45","TIE"],["0041400406",285,2,1,3,"10:37 PM","11:12",null,null,"MISS Iguodala  3PT Jump Shot",null,null],["0041400406",286,4,0,3,"10:37 PM","11:10","Thompson REBOUND (Off:2 Def:6)",null,null,null,null],["0041400406",287,1,65,3,"10:37 PM","10:54","Thompson 8' Jump Hook Shot (13 PTS)",null,null,"45 - 47","2"],["0041400406",288,2,5,3,"10:38 PM","10:36",null,null,"MISS Green 1' Layup",null,null],["0041400406",289,4,0,3,"10:38 PM","10:35","Thompson REBOUND (Off:2 Def:7)",null,null,null,null],["0041400406",290,2,1,3,"10:38 PM","10:12","MISS Shumpert  3PT Jump Shot",null,null,null,null],["0041400406",291,4,0,3,"10:38 PM","10:11","CAVALIERS Rebound",null,null,null,null],["0041400406",293,5,1,3,"10:38 PM","10:08","Mozgov Bad Pass Turnover (P3.T15)",null,"Iguodala STEAL (2 STL)",null,null],["0041400406",294,2,5,3,"10:39 PM","9:56","Thompson BLOCK (1 BLK)",null,"MISS Green 2' Layup",null,null],["0041400406",295,4,0,3,"10:39 PM","9:55",null,null,"Iguodala REBOUND (Off:1 Def:1)",null,null],["0041400406",296,1,1,3,"10:39 PM","9:49",null,null,"Barnes 25' 3PT Jump Shot (9 PTS) (Iguodala 5 AST)","48 - 47","-1"],["0041400406",297,2,1,3,"10:39 PM","9:21","MISS Mozgov 16' Jump Shot",null,null,null,null],["0041400406",298,4,0,3,"10:39 PM","9:20",null,null,"Thompson REBOUND (Off:0 Def:2)",null,null],["0041400406",299,6,27,3,"10:39 PM","9:16","Shumpert Personal Block Foul (P4.T1) (M.Davis)",null,null,null,null],["0041400406",301,2,1,3,"10:40 PM","9:04",null,null,"MISS Barnes  3PT Jump Shot",null,null],["0041400406",302,4,0,3,"10:40 PM","9:03","Mozgov REBOUND (Off:5 Def:5)",null,null,null,null],["0041400406",303,5,2,3,"10:40 PM","8:55","Shumpert Lost Ball Turnover (P2.T16)",null,"Barnes STEAL (1 STL)",null,null],["0041400406",304,1,49,3,"10:40 PM","8:50",null,null,"Iguodala  Driving Dunk (12 PTS) (Barnes 2 AST)","50 - 47","-3"],["0041400406",305,2,66,3,"10:41 PM","8:27","MISS Thompson 5' Jump Bank Shot",null,null,null,null],["0041400406",307,4,0,3,"10:41 PM","8:26","Thompson REBOUND (Off:3 Def:7)",null,null,null,null],["0041400406",306,2,4,3,"10:41 PM","8:26","MISS Thompson 2' Tip Shot",null,null,null,null],["0041400406",308,4,0,3,"10:41 PM","8:25",null,null,"Thompson REBOUND (Off:0 Def:3)",null,null],["0041400406",309,1,1,3,"10:41 PM","8:13",null,null,"Green 25' 3PT Jump Shot (12 PTS) (Thompson 2 AST)","53 - 47","-6"],["0041400406",310,9,1,3,"10:41 PM","8:13","CAVALIERS Timeout: Regular (Full 3 Short 0)",null,null,null,null],["0041400406",312,8,0,3,"10:44 PM","8:13","SUB: Smith FOR Mozgov",null,null,null,null],["0041400406",313,8,0,3,"10:44 PM","8:13","SUB: Jones FOR Shumpert",null,null,null,null],["0041400406",315,5,1,3,"10:45 PM","7:57","James Bad Pass Turnover (P5.T17)",null,"Green STEAL (3 STL)",null,null],["0041400406",316,6,2,3,"10:45 PM","7:36","Dellavedova S.FOUL (P2.T2) (Z.Zarba)",null,null,null,null],["0041400406",317,3,11,3,"10:46 PM","7:36",null,null,"MISS Curry Free Throw 1 of 2",null,null],["0041400406",318,4,1,3,"10:46 PM","7:36",null,null,"Warriors Rebound",null,null],["0041400406",319,3,12,3,"10:46 PM","7:36",null,null,"Curry Free Throw 2 of 2 (12 PTS)","54 - 47","-7"],["0041400406",321,6,2,3,"10:46 PM","7:22",null,null,"Barnes S.FOUL (P2.T1) (Z.Zarba)",null,null],["0041400406",322,3,11,3,"10:47 PM","7:22","James Free Throw 1 of 2 (16 PTS)",null,null,"54 - 48","-6"],["0041400406",324,3,12,3,"10:47 PM","7:22","James Free Throw 2 of 2 (17 PTS)",null,null,"54 - 49","-5"],["0041400406",326,1,5,3,"10:47 PM","7:06",null,null,"Iguodala  Layup (14 PTS) (Green 5 AST)","56 - 49","-7"],["0041400406",327,1,42,3,"10:48 PM","6:54","James 1' Driving Layup (19 PTS)",null,null,"56 - 51","-5"],["0041400406",328,2,1,3,"10:48 PM","6:44",null,null,"MISS Curry 26' 3PT Jump Shot",null,null],["0041400406",329,4,0,3,"10:48 PM","6:42","James REBOUND (Off:1 Def:9)",null,null,null,null],["0041400406",330,2,1,3,"10:48 PM","6:22","MISS James 24' 3PT Jump Shot",null,null,null,null],["0041400406",331,4,0,3,"10:48 PM","6:22","Thompson REBOUND (Off:4 Def:7)",null,null,null,null],["0041400406",332,6,1,3,"10:48 PM","6:22",null,null,"Thompson P.FOUL (P4.T2) (S.Foster)",null,null],["0041400406",333,8,0,3,"10:48 PM","6:22",null,null,"SUB: Livingston FOR Thompson",null,null],["0041400406",334,2,52,3,"10:49 PM","6:13","MISS Thompson  Alley Oop Dunk",null,null,null,null],["0041400406",335,4,0,3,"10:49 PM","6:12",null,null,"Green REBOUND (Off:0 Def:6)",null,null],["0041400406",336,6,2,3,"10:49 PM","6:10","Jones S.FOUL (P2.T3) (M.Davis)",null,null,null,null],["0041400406",337,3,11,3,"10:49 PM","6:10",null,null,"MISS Iguodala Free Throw 1 of 2",null,null],["0041400406",338,4,1,3,"10:49 PM","6:10",null,null,"Warriors Rebound",null,null],["0041400406",339,8,0,3,"10:49 PM","6:10",null,null,"SUB: Ezeli FOR Barnes",null,null],["0041400406",340,3,12,3,"10:49 PM","6:10",null,null,"Iguodala Free Throw 2 of 2 (15 PTS)","57 - 51","-6"],["0041400406",345,2,1,3,"10:50 PM","5:48","MISS Jones 26' 3PT Jump Shot",null,null,null,null],["0041400406",346,4,0,3,"10:50 PM","5:47",null,null,"Green REBOUND (Off:0 Def:7)",null,null],["0041400406",347,1,5,3,"10:50 PM","5:38",null,null,"Livingston 1' Layup (4 PTS)","59 - 51","-8"],["0041400406",348,2,78,3,"10:51 PM","5:19","MISS Dellavedova 9' Floating Jump Shot",null,null,null,null],["0041400406",349,4,0,3,"10:51 PM","5:16",null,null,"Curry REBOUND (Off:0 Def:3)",null,null],["0041400406",350,1,7,3,"10:51 PM","5:12",null,null,"Iguodala  Dunk (17 PTS) (Curry 6 AST)","61 - 51","-10"],["0041400406",351,9,1,3,"10:51 PM","5:11","CAVALIERS Timeout: Regular (Full 4 Short 0)",null,null,null,null],["0041400406",353,8,0,3,"10:54 PM","5:11","SUB: Shumpert FOR Dellavedova",null,null,null,null],["0041400406",354,8,0,3,"10:54 PM","5:11","SUB: Mozgov FOR Jones",null,null,null,null],["0041400406",356,6,2,3,"10:55 PM","4:59",null,null,"Green S.FOUL (P2.T3) (S.Foster)",null,null],["0041400406",357,3,11,3,"10:55 PM","4:59","Shumpert Free Throw 1 of 2 (5 PTS)",null,null,"61 - 52","-9"],["0041400406",359,3,12,3,"10:55 PM","4:59","Shumpert Free Throw 2 of 2 (6 PTS)",null,null,"61 - 53","-8"],["0041400406",361,1,47,3,"10:56 PM","4:43",null,null,"Livingston 5' Turnaround Jump Shot (6 PTS)","63 - 53","-10"],["0041400406",362,6,1,3,"10:56 PM","4:27",null,null,"Curry P.FOUL (P2.T4) (S.Foster)",null,null],["0041400406",363,1,80,3,"10:57 PM","4:19","Smith 16' Step Back Jump Shot (3 PTS) (James 5 AST)",null,null,"63 - 55","-8"],["0041400406",364,6,2,3,"10:57 PM","4:07","James S.FOUL (P3.T4) (S.Foster)",null,null,null,null],["0041400406",365,3,11,3,"10:57 PM","4:07",null,null,"Ezeli Free Throw 1 of 2 (3 PTS)","64 - 55","-9"],["0041400406",367,3,12,3,"10:57 PM","4:07",null,null,"MISS Ezeli Free Throw 2 of 2",null,null],["0041400406",369,4,0,3,"10:58 PM","4:05","Thompson REBOUND (Off:4 Def:8)",null,null,null,null],["0041400406",371,2,1,3,"10:58 PM","3:39","MISS Smith 15' Jump Shot",null,null,null,null],["0041400406",372,4,0,3,"10:58 PM","3:38",null,null,"Iguodala REBOUND (Off:1 Def:2)",null,null],["0041400406",373,1,52,3,"10:59 PM","3:25",null,null,"Ezeli  Alley Oop Dunk (5 PTS) (Green 6 AST)","66 - 55","-11"],["0041400406",374,2,1,3,"10:59 PM","3:09","MISS Thompson 9' Jump Shot",null,null,null,null],["0041400406",375,4,0,3,"10:59 PM","3:08",null,null,"Livingston REBOUND (Off:0 Def:1)",null,null],["0041400406",376,2,1,3,"10:59 PM","3:04",null,null,"MISS Curry 26' 3PT Jump Shot",null,null],["0041400406",378,4,0,3,"10:59 PM","3:04",null,null,"Ezeli REBOUND (Off:3 Def:0)",null,null],["0041400406",377,1,87,3,"10:59 PM","3:04",null,null,"Ezeli  Putback Dunk (7 PTS)","68 - 55","-13"],["0041400406",379,6,2,3,"10:59 PM","3:04","Mozgov S.FOUL (P3.PN) (Z.Zarba)",null,null,null,null],["0041400406",380,3,10,3,"10:59 PM","3:04",null,null,"Ezeli Free Throw 1 of 1 (8 PTS)","69 - 55","-14"],["0041400406",382,2,1,3,"11:00 PM","2:47","MISS James 5' Jump Shot",null,null,null,null],["0041400406",383,4,0,3,"11:00 PM","2:46","James REBOUND (Off:2 Def:9)",null,null,null,null],["0041400406",384,1,78,3,"11:00 PM","2:43","James 4' Floating Jump Shot (21 PTS)",null,null,"69 - 57","-12"],["0041400406",385,9,1,3,"11:00 PM","2:37",null,null,"Warriors Timeout: Regular (Reg.3 Short 0)",null,null],["0041400406",388,8,0,3,"11:02 PM","2:37","SUB: Jones FOR Thompson",null,null,null,null],["0041400406",389,2,1,3,"11:02 PM","2:20",null,null,"MISS Iguodala 20' Jump Shot",null,null],["0041400406",390,4,0,3,"11:02 PM","2:19","Smith REBOUND (Off:0 Def:2)",null,null,null,null],["0041400406",391,6,1,3,"11:02 PM","2:14",null,null,"Livingston P.FOUL (P3.PN) (M.Davis)",null,null],["0041400406",392,3,11,3,"11:03 PM","2:14","MISS Smith Free Throw 1 of 2",null,null,null,null],["0041400406",393,4,1,3,"11:03 PM","2:14","CAVALIERS Rebound",null,null,null,null],["0041400406",394,3,12,3,"11:03 PM","2:14","Smith Free Throw 2 of 2 (4 PTS)",null,null,"69 - 58","-11"],["0041400406",396,2,1,3,"11:03 PM","1:54",null,null,"MISS Iguodala 24' 3PT Jump Shot",null,null],["0041400406",397,4,0,3,"11:03 PM","1:53","James REBOUND (Off:2 Def:10)",null,null,null,null],["0041400406",398,2,1,3,"11:04 PM","1:46","MISS James 26' 3PT Jump Shot",null,null,null,null],["0041400406",399,4,0,3,"11:04 PM","1:45",null,null,"Ezeli REBOUND (Off:3 Def:1)",null,null],["0041400406",400,6,1,3,"11:04 PM","1:32","Smith P.FOUL (P1.PN) (S.Foster)",null,null,null,null],["0041400406",401,3,11,3,"11:04 PM","1:32",null,null,"Ezeli Free Throw 1 of 2 (9 PTS)","70 - 58","-12"],["0041400406",403,8,0,3,"11:04 PM","1:32",null,null,"SUB: Barbosa FOR Curry",null,null],["0041400406",404,3,12,3,"11:05 PM","1:32",null,null,"Ezeli Free Throw 2 of 2 (10 PTS)","71 - 58","-13"],["0041400406",406,2,1,3,"11:05 PM","1:21","MISS James 19' Jump Shot",null,null,null,null],["0041400406",407,4,0,3,"11:05 PM","1:20",null,null,"Livingston REBOUND (Off:0 Def:2)",null,null],["0041400406",408,1,84,3,"11:05 PM","1:02",null,null,"Green 5' Running Bank Shot (14 PTS)","73 - 58","-15"],["0041400406",410,6,2,3,"11:06 PM","0:47",null,null,"Ezeli S.FOUL (P2.PN) (M.Davis)",null,null],["0041400406",412,3,11,3,"11:06 PM","0:47","MISS James Free Throw 1 of 2",null,null,null,null],["0041400406",413,4,1,3,"11:06 PM","0:47","CAVALIERS Rebound",null,null,null,null],["0041400406",414,8,0,3,"11:06 PM","0:47",null,null,"SUB: Barnes FOR Green",null,null],["0041400406",415,8,0,3,"11:06 PM","0:47","SUB: Dellavedova FOR Shumpert",null,null,null,null],["0041400406",416,8,0,3,"11:06 PM","0:47",null,null,"SUB: Thompson FOR Iguodala",null,null],["0041400406",417,3,12,3,"11:06 PM","0:47","James Free Throw 2 of 2 (22 PTS)",null,null,"73 - 59","-14"],["0041400406",420,2,1,3,"11:07 PM","0:37",null,null,"MISS Thompson 25' 3PT Jump Shot",null,null],["0041400406",421,4,0,3,"11:07 PM","0:35","Smith REBOUND (Off:0 Def:3)",null,null,null,null],["0041400406",422,1,5,3,"11:07 PM","0:25","Mozgov 1' Layup (11 PTS) (Smith 1 AST)",null,null,"73 - 61","-12"],["0041400406",423,2,43,3,"11:07 PM","0:03","Mozgov BLOCK (4 BLK)",null,"MISS Ezeli 3' Alley Oop Layup",null,null],["0041400406",424,4,0,3,"11:08 PM","0:03",null,null,"Warriors Rebound",null,null],["0041400406",425,9,2,3,"11:08 PM","0:03",null,null,"Warriors Timeout: Short (Reg.3 Short 1)",null,null],["0041400406",430,2,1,3,"11:09 PM","0:00",null,null,"MISS Ezeli 8' Jump Shot",null,null],["0041400406",431,4,0,3,"11:09 PM","0:00","James REBOUND (Off:2 Def:11)",null,null,null,null],["0041400406",432,13,0,3,"11:09 PM","0:00",null,null,null,"73 - 61","-12"],["0041400406",434,12,0,4,"11:13 PM","12:00",null,null,null,"73 - 61","-12"],["0041400406",435,1,44,4,"11:13 PM","11:47",null,null,"Barbosa 2' Reverse Layup (5 PTS) (Green 7 AST)","75 - 61","-14"],["0041400406",437,2,79,4,"11:14 PM","11:26","MISS James 4' Pullup Jump Shot",null,null,null,null],["0041400406",438,4,0,4,"11:14 PM","11:26","Mozgov REBOUND (Off:6 Def:5)",null,null,null,null],["0041400406",439,6,1,4,"11:14 PM","11:26",null,null,"Green P.FOUL (P3.T1) (Z.Zarba)",null,null],["0041400406",440,6,2,4,"11:14 PM","11:18",null,null,"Barnes S.FOUL (P3.T2) (M.Davis)",null,null],["0041400406",441,3,11,4,"11:14 PM","11:18","Smith Free Throw 1 of 2 (5 PTS)",null,null,"75 - 62","-13"],["0041400406",443,8,0,4,"11:15 PM","11:18","SUB: Shumpert FOR Dellavedova",null,null,null,null],["0041400406",444,3,12,4,"11:15 PM","11:18","MISS Smith Free Throw 2 of 2",null,null,null,null],["0041400406",446,4,0,4,"11:15 PM","11:17",null,null,"Thompson REBOUND (Off:0 Def:4)",null,null],["0041400406",447,2,1,4,"11:15 PM","10:59",null,null,"MISS Green 25' 3PT Jump Shot",null,null],["0041400406",448,4,0,4,"11:15 PM","10:58","James REBOUND (Off:2 Def:12)",null,null,null,null],["0041400406",449,1,42,4,"11:15 PM","10:51","James  Driving Layup (24 PTS)",null,null,"75 - 64","-11"],["0041400406",450,6,1,4,"11:16 PM","10:46","Smith P.FOUL (P2.T1) (S.Foster)",null,null,null,null],["0041400406",451,8,0,4,"11:16 PM","10:46",null,null,"SUB: Curry FOR Barbosa",null,null],["0041400406",452,8,0,4,"11:16 PM","10:46",null,null,"SUB: Iguodala FOR Barnes",null,null],["0041400406",453,2,79,4,"11:16 PM","10:39",null,null,"MISS Thompson 11' Pullup Jump Shot",null,null],["0041400406",454,4,0,4,"11:16 PM","10:36","James REBOUND (Off:2 Def:13)",null,null,null,null],["0041400406",455,2,1,4,"11:16 PM","10:28","MISS Jones  3PT Jump Shot",null,null,null,null],["0041400406",456,4,0,4,"11:16 PM","10:27","Mozgov REBOUND (Off:7 Def:5)",null,null,null,null],["0041400406",457,6,2,4,"11:17 PM","10:27",null,null,"Green S.FOUL (P4.T3) (S.Foster)",null,null],["0041400406",458,3,11,4,"11:17 PM","10:27","Mozgov Free Throw 1 of 2 (12 PTS)",null,null,"75 - 65","-10"],["0041400406",460,3,12,4,"11:17 PM","10:27","Mozgov Free Throw 2 of 2 (13 PTS)",null,null,"75 - 66","-9"],["0041400406",462,5,1,4,"11:18 PM","10:16","James STEAL (2 STL)",null,"Green Bad Pass Turnover (P2.T7)",null,null],["0041400406",463,1,88,4,"11:18 PM","10:13","James  Driving Slam Dunk (26 PTS)",null,null,"75 - 68","-7"],["0041400406",464,9,1,4,"11:18 PM","10:13",null,null,"Warriors Timeout: Regular (Reg.4 Short 1)",null,null],["0041400406",469,2,1,4,"11:22 PM","9:57",null,null,"MISS Thompson 19' Jump Shot",null,null],["0041400406",470,4,0,4,"11:22 PM","9:56",null,null,"Green REBOUND (Off:1 Def:7)",null,null],["0041400406",471,1,1,4,"11:22 PM","9:48",null,null,"Curry 25' 3PT Jump Shot (15 PTS)","78 - 68","-10"],["0041400406",472,2,1,4,"11:22 PM","9:22","MISS Smith 7' Jump Shot",null,null,null,null],["0041400406",473,4,0,4,"11:22 PM","9:20",null,null,"Green REBOUND (Off:1 Def:8)",null,null],["0041400406",474,5,4,4,"11:22 PM","9:14",null,null,"Green Traveling Turnover (P3.T8)",null,null],["0041400406",475,1,7,4,"11:23 PM","9:02","Mozgov  Dunk (15 PTS) (James 6 AST)",null,null,"78 - 70","-8"],["0041400406",476,2,5,4,"11:23 PM","8:41",null,null,"MISS Iguodala 1' Layup",null,null],["0041400406",478,4,0,4,"11:23 PM","8:39",null,null,"Livingston REBOUND (Off:1 Def:2)",null,null],["0041400406",477,1,87,4,"11:23 PM","8:39",null,null,"Livingston  Putback Dunk (8 PTS)","80 - 70","-10"],["0041400406",479,1,1,4,"11:23 PM","8:23","Smith 24' 3PT Jump Shot (8 PTS) (Mozgov 2 AST)",null,null,"80 - 73","-7"],["0041400406",480,1,1,4,"11:24 PM","8:05",null,null,"Iguodala 26' 3PT Jump Shot (20 PTS) (Green 8 AST)","83 - 73","-10"],["0041400406",481,1,5,4,"11:24 PM","7:41","Mozgov  Layup (17 PTS) (James 7 AST)",null,null,"83 - 75","-8"],["0041400406",482,1,1,4,"11:24 PM","7:26",null,null,"Curry 25' 3PT Jump Shot (18 PTS) (Green 9 AST)","86 - 75","-11"],["0041400406",483,2,42,4,"11:25 PM","7:08","MISS James 2' Driving Layup",null,null,null,null],["0041400406",484,4,0,4,"11:25 PM","7:08","CAVALIERS Rebound",null,null,null,null],["0041400406",485,6,3,4,"11:25 PM","7:08",null,null,"Iguodala L.B.FOUL (P4.T4) (S.Foster)",null,null],["0041400406",486,8,0,4,"11:25 PM","7:08","SUB: Thompson FOR Mozgov",null,null,null,null],["0041400406",487,2,1,4,"11:25 PM","7:01","MISS Smith  3PT Jump Shot",null,"Livingston BLOCK (1 BLK)",null,null],["0041400406",488,4,0,4,"11:26 PM","6:58",null,null,"Green REBOUND (Off:1 Def:9)",null,null],["0041400406",489,1,1,4,"11:26 PM","6:45",null,null,"Thompson  3PT Jump Shot (5 PTS) (Curry 7 AST)","89 - 75","-14"],["0041400406",490,2,1,4,"11:26 PM","6:32","MISS Jones 24' 3PT Jump Shot",null,null,null,null],["0041400406",491,4,0,4,"11:26 PM","6:32","CAVALIERS Rebound",null,null,null,null],["0041400406",493,6,1,4,"11:27 PM","6:22",null,null,"Curry P.FOUL (P3.PN) (Z.Zarba)",null,null],["0041400406",494,3,11,4,"11:27 PM","6:22","Shumpert Free Throw 1 of 2 (7 PTS)",null,null,"89 - 76","-13"],["0041400406",496,3,12,4,"11:27 PM","6:22","Shumpert Free Throw 2 of 2 (8 PTS)",null,null,"89 - 77","-12"],["0041400406",498,7,5,4,"11:28 PM","6:10","Shumpert Violation:Kicked Ball (S.Foster)",null,null,null,null],["0041400406",499,9,1,4,"11:28 PM","6:10",null,null,"Warriors Timeout: Regular (Reg.5 Short 1)",null,null],["0041400406",503,1,1,4,"11:32 PM","6:01",null,null,"Iguodala  3PT Jump Shot (23 PTS) (Green 10 AST)","92 - 77","-15"],["0041400406",504,1,42,4,"11:32 PM","5:46","James 1' Driving Layup (28 PTS)",null,null,"92 - 79","-13"],["0041400406",505,2,1,4,"11:32 PM","5:30",null,null,"MISS Iguodala  3PT Jump Shot",null,null],["0041400406",506,4,0,4,"11:32 PM","5:30","CAVALIERS Rebound",null,null,null,null],["0041400406",507,2,1,4,"11:33 PM","5:19","MISS James 25' 3PT Jump Shot",null,null,null,null],["0041400406",508,4,0,4,"11:33 PM","5:18",null,null,"Curry REBOUND (Off:0 Def:4)",null,null],["0041400406",509,1,71,4,"11:33 PM","5:08",null,null,"Livingston 1' Finger Roll Layup (10 PTS) (Curry 8 AST)","94 - 79","-15"],["0041400406",510,2,80,4,"11:33 PM","4:51","MISS James 16' Step Back Jump Shot",null,null,null,null],["0041400406",511,4,0,4,"11:33 PM","4:48",null,null,"Thompson REBOUND (Off:0 Def:5)",null,null],["0041400406",512,6,1,4,"11:33 PM","4:37","Jones P.FOUL (P3.T2) (S.Foster)",null,null,null,null],["0041400406",513,2,1,4,"11:34 PM","4:33",null,null,"MISS Curry  3PT Jump Shot",null,null],["0041400406",514,4,0,4,"11:34 PM","4:32","Smith REBOUND (Off:0 Def:4)",null,null,null,null],["0041400406",515,6,2,4,"11:34 PM","4:28",null,null,"Thompson S.FOUL (P5.PN) (M.Davis)",null,null],["0041400406",516,3,11,4,"11:34 PM","4:28","Smith Free Throw 1 of 2 (9 PTS)",null,null,"94 - 80","-14"],["0041400406",518,8,0,4,"11:34 PM","4:28","SUB: Dellavedova FOR Jones",null,null,null,null],["0041400406",519,3,12,4,"11:34 PM","4:28","Smith Free Throw 2 of 2 (10 PTS)",null,null,"94 - 81","-13"],["0041400406",521,6,4,4,"11:35 PM","4:16",null,null,"Thompson OFF.Foul (P6) (M.Davis)",null,null],["0041400406",522,5,5,4,"11:35 PM","4:16",null,null,"Thompson Foul Turnover (P2.T9)",null,null],["0041400406",523,9,1,4,"11:35 PM","4:16","CAVALIERS Timeout: Regular (Full 5 Short 0)",null,null,null,null],["0041400406",525,8,0,4,"11:38 PM","4:16",null,null,"SUB: Barnes FOR Thompson",null,null],["0041400406",527,1,5,4,"11:39 PM","4:00","James  Layup (30 PTS)",null,null,"94 - 83","-11"],["0041400406",528,6,2,4,"11:39 PM","3:50","Smith S.FOUL (P3.T3) (M.Davis)",null,null,null,null],["0041400406",529,3,11,4,"11:39 PM","3:50",null,null,"MISS Iguodala Free Throw 1 of 2",null,null],["0041400406",530,4,1,4,"11:39 PM","3:50",null,null,"Warriors Rebound",null,null],["0041400406",531,3,12,4,"11:39 PM","3:50",null,null,"MISS Iguodala Free Throw 2 of 2",null,null],["0041400406",533,4,0,4,"11:40 PM","3:48","Shumpert REBOUND (Off:1 Def:2)",null,null,null,null],["0041400406",534,5,4,4,"11:40 PM","3:40","Smith Traveling Turnover (P1.T18)",null,null,null,null],["0041400406",535,6,1,4,"11:40 PM","3:40","Dellavedova P.FOUL (P3.T4) (Z.Zarba)",null,null,null,null],["0041400406",536,8,0,4,"11:40 PM","3:40",null,null,"SUB: Barbosa FOR Iguodala",null,null],["0041400406",537,2,5,4,"11:41 PM","3:31","Shumpert BLOCK (1 BLK)",null,"MISS Curry 2' Layup",null,null],["0041400406",538,4,0,4,"11:41 PM","3:31","CAVALIERS Rebound",null,null,null,null],["0041400406",539,5,1,4,"11:41 PM","3:22","James Bad Pass Turnover (P6.T19)",null,"Barbosa STEAL (2 STL)",null,null],["0041400406",540,2,5,4,"11:41 PM","3:16","Smith BLOCK (1 BLK)",null,"MISS Barbosa 1' Layup",null,null],["0041400406",541,4,0,4,"11:41 PM","3:13","Dellavedova REBOUND (Off:0 Def:3)",null,null,null,null],["0041400406",542,2,1,4,"11:41 PM","3:09","MISS James 25' 3PT Jump Shot",null,null,null,null],["0041400406",543,4,0,4,"11:41 PM","3:07",null,null,"Curry REBOUND (Off:0 Def:5)",null,null],["0041400406",544,6,2,4,"11:42 PM","2:51","Shumpert S.FOUL (P5.PN) (S.Foster)",null,null,null,null],["0041400406",545,3,11,4,"11:42 PM","2:51",null,null,"Green Free Throw 1 of 2 (15 PTS)","95 - 83","-12"],["0041400406",547,3,12,4,"11:42 PM","2:51",null,null,"Green Free Throw 2 of 2 (16 PTS)","96 - 83","-13"],["0041400406",549,1,1,4,"11:42 PM","2:39","Thompson 6' Jump Shot (15 PTS) (James 8 AST)",null,null,"96 - 85","-11"],["0041400406",550,2,1,4,"11:43 PM","2:16",null,null,"MISS Barbosa 24' 3PT Jump Shot",null,null],["0041400406",551,4,0,4,"11:43 PM","2:14","James REBOUND (Off:2 Def:14)",null,null,null,null],["0041400406",552,2,1,4,"11:43 PM","2:08","MISS Smith 25' 3PT Jump Shot",null,null,null,null],["0041400406",553,4,0,4,"11:43 PM","2:06","James REBOUND (Off:3 Def:14)",null,null,null,null],["0041400406",554,2,1,4,"11:43 PM","2:03","MISS James  3PT Jump Shot",null,null,null,null],["0041400406",555,4,0,4,"11:43 PM","2:02",null,null,"Green REBOUND (Off:1 Def:10)",null,null],["0041400406",556,1,42,4,"11:43 PM","1:54",null,null,"Curry 1' Driving Layup (20 PTS)","98 - 85","-13"],["0041400406",557,9,1,4,"11:43 PM","1:50","CAVALIERS Timeout: Regular (Full 6 Short 0)",null,null,null,null],["0041400406",559,8,0,4,"11:45 PM","1:50",null,null,"SUB: Iguodala FOR Barbosa",null,null],["0041400406",561,2,1,4,"11:46 PM","1:45","MISS Smith 25' 3PT Jump Shot",null,null,null,null],["0041400406",562,4,0,4,"11:46 PM","1:44","Dellavedova REBOUND (Off:1 Def:3)",null,null,null,null],["0041400406",563,2,5,4,"11:46 PM","1:41","MISS Dellavedova 2' Layup",null,null,null,null],["0041400406",564,4,0,4,"11:46 PM","1:41","CAVALIERS Rebound",null,null,null,null],["0041400406",565,6,3,4,"11:46 PM","1:41",null,null,"Green L.B.FOUL (P5.PN) (Z.Zarba)",null,null],["0041400406",566,3,11,4,"11:46 PM","1:41","MISS Dellavedova Free Throw 1 of 2",null,null,null,null],["0041400406",567,4,1,4,"11:46 PM","1:41","CAVALIERS Rebound",null,null,null,null],["0041400406",568,3,12,4,"11:46 PM","1:41","Dellavedova Free Throw 2 of 2 (1 PTS)",null,null,"98 - 86","-12"],["0041400406",570,2,1,4,"11:47 PM","1:20",null,null,"MISS Curry  3PT Jump Shot",null,null],["0041400406",571,4,0,4,"11:47 PM","1:19","Smith REBOUND (Off:0 Def:5)",null,null,null,null],["0041400406",572,1,1,4,"11:47 PM","1:14","Smith 25' 3PT Jump Shot (13 PTS)",null,null,"98 - 89","-9"],["0041400406",573,6,1,4,"11:48 PM","1:01","Shumpert P.FOUL (P6.PN) (M.Davis)",null,null,null,null],["0041400406",574,8,0,4,"11:48 PM","1:01","SUB: Jones FOR Shumpert",null,null,null,null],["0041400406",575,3,11,4,"11:48 PM","1:01",null,null,"Curry Free Throw 1 of 2 (21 PTS)","99 - 89","-10"],["0041400406",577,3,12,4,"11:48 PM","1:01",null,null,"Curry Free Throw 2 of 2 (22 PTS)","100 - 89","-11"],["0041400406",579,1,1,4,"11:49 PM","0:55","Smith 26' 3PT Jump Shot (16 PTS)",null,null,"100 - 92","-8"],["0041400406",580,9,1,4,"11:49 PM","0:55",null,null,"Warriors Timeout: Regular (Reg.6 Short 1)",null,null],["0041400406",584,6,1,4,"11:51 PM","0:48","Thompson P.FOUL (P1.PN) (M.Davis)",null,null,null,null],["0041400406",585,3,11,4,"11:51 PM","0:48",null,null,"MISS Green Free Throw 1 of 2",null,null],["0041400406",586,4,1,4,"11:51 PM","0:48",null,null,"Warriors Rebound",null,null],["0041400406",587,3,12,4,"11:51 PM","0:48",null,null,"MISS Green Free Throw 2 of 2",null,null],["0041400406",589,4,0,4,"11:51 PM","0:47","Thompson REBOUND (Off:4 Def:9)",null,null,null,null],["0041400406",590,1,42,4,"11:52 PM","0:37","James 1' Driving Layup (32 PTS) (Dellavedova 2 AST)",null,null,"100 - 94","-6"],["0041400406",591,6,1,4,"11:52 PM","0:37","Dellavedova P.FOUL (P4.PN) (M.Davis)",null,null,null,null],["0041400406",592,3,11,4,"11:52 PM","0:37",null,null,"Curry Free Throw 1 of 2 (23 PTS)","101 - 94","-7"],["0041400406",594,3,12,4,"11:52 PM","0:37",null,null,"MISS Curry Free Throw 2 of 2",null,null],["0041400406",596,4,0,4,"11:53 PM","0:36","James REBOUND (Off:3 Def:15)",null,null,null,null],["0041400406",597,9,2,4,"11:53 PM","0:36","CAVALIERS Timeout: Short (Full 6 Short 1)",null,null,null,null],["0041400406",601,1,1,4,"11:54 PM","0:33","Smith 25' 3PT Jump Shot (19 PTS) (James 9 AST)",null,null,"101 - 97","-4"],["0041400406",603,6,1,4,"11:55 PM","0:29","Dellavedova P.FOUL (P5.PN) (S.Foster)",null,null,null,null],["0041400406",604,3,11,4,"11:55 PM","0:29",null,null,"Curry Free Throw 1 of 2 (24 PTS)","102 - 97","-5"],["0041400406",606,3,12,4,"11:55 PM","0:29",null,null,"Curry Free Throw 2 of 2 (25 PTS)","103 - 97","-6"],["0041400406",609,2,1,4,"11:56 PM","0:21","MISS Smith 24' 3PT Jump Shot",null,null,null,null],["0041400406",610,4,0,4,"11:56 PM","0:21",null,null,"Iguodala REBOUND (Off:1 Def:3)",null,null],["0041400406",611,6,1,4,"11:56 PM","0:21","Thompson P.FOUL (P2.PN) (S.Foster)",null,null,null,null],["0041400406",612,3,11,4,"11:56 PM","0:21",null,null,"MISS Iguodala Free Throw 1 of 2",null,null],["0041400406",613,4,1,4,"11:56 PM","0:21",null,null,"Warriors Rebound",null,null],["0041400406",614,3,12,4,"11:56 PM","0:21",null,null,"Iguodala Free Throw 2 of 2 (24 PTS)","104 - 97","-7"],["0041400406",616,2,1,4,"11:57 PM","0:10","MISS James 25' 3PT Jump Shot",null,null,null,null],["0041400406",617,4,0,4,"11:57 PM","0:10",null,null,"Iguodala REBOUND (Off:1 Def:4)",null,null],["0041400406",618,6,1,4,"11:57 PM","0:10","Dellavedova P.FOUL (P6.PN) (Z.Zarba)",null,null,null,null],["0041400406",619,8,0,4,"11:57 PM","0:10","SUB: Miller FOR Dellavedova",null,null,null,null],["0041400406",620,8,0,4,"11:57 PM","0:10","SUB: Harris FOR James",null,null,null,null],["0041400406",621,3,11,4,"11:57 PM","0:10",null,null,"MISS Iguodala Free Throw 1 of 2",null,null],["0041400406",622,4,1,4,"11:57 PM","0:10",null,null,"Warriors Rebound",null,null],["0041400406",623,3,12,4,"11:58 PM","0:10",null,null,"Iguodala Free Throw 2 of 2 (25 PTS)","105 - 97","-8"],["0041400406",625,2,1,4,"11:58 PM","0:03","MISS Smith 30' 3PT Jump Shot",null,null,null,null],["0041400406",626,4,0,4,"11:58 PM","0:02",null,null,"Curry REBOUND (Off:0 Def:6)",null,null],["0041400406",627,13,0,4,"11:58 PM","0:00",null,null,null,"105 - 97","-8"]]},{"name":"AvailableVideo","headers":["VIDEO_AVAILABLE_FLAG"],"rowSet":[[1]]}]}