{"resource":"playbyplay","parameters":{"GameID":"0041400401","StartPeriod":0,"EndPeriod":14},"resultSets":[{"name":"PlayByPlay","headers":["GAME_ID","EVENTNUM","EVENTMSGTYPE","EVENTMSGACTIONTYPE","PERIOD","WCTIMESTRING","PCTIMESTRING","HOMEDESCRIPTION","NEUTRALDESCRIPTION","VISITORDESCRIPTION","SCORE","SCOREMARGIN"],"rowSet":[["0041400401",0,12,0,1,"9:11 PM","12:00",null,null,null,null,null],["0041400401",1,10,0,1,"9:11 PM","12:00","Jump Ball Bogut vs. Mozgov: Tip to Irving",null,null,null,null],["0041400401",2,1,65,1,"9:12 PM","11:39",null,null,"Thompson 9' Jump Hook Shot (2 PTS)","2 - 0","-2"],["0041400401",3,2,44,1,"9:12 PM","11:26","MISS Thompson 2' Reverse Layup",null,null,null,null],["0041400401",4,4,0,1,"9:12 PM","11:25",null,null,"Mozgov REBOUND (Off:0 Def:1)",null,null],["0041400401",5,5,1,1,"9:12 PM","11:18","Barnes STEAL (1 STL)",null,"Shumpert Bad Pass Turnover (P1.T1)",null,null],["0041400401",6,6,1,1,"9:12 PM","11:18",null,null,"James P.FOUL (P1.T1) (J.Phillips)",null,null],["0041400401",7,6,1,1,"9:12 PM","11:12",null,null,"Shumpert P.FOUL (P1.T2) (M.McCutchen)",null,null],["0041400401",8,2,1,1,"9:13 PM","11:05","MISS Curry 24' Jump Shot",null,null,null,null],["0041400401",9,4,0,1,"9:13 PM","11:04",null,null,"Irving REBOUND (Off:0 Def:1)",null,null],["0041400401",10,2,1,1,"9:13 PM","10:58",null,null,"MISS Irving 7' Jump Shot",null,null],["0041400401",11,4,0,1,"9:13 PM","10:57",null,null,"Thompson REBOUND (Off:1 Def:0)",null,null],["0041400401",12,2,1,1,"9:13 PM","10:51",null,null,"MISS Irving 24' 3PT Jump Shot",null,null],["0041400401",13,4,0,1,"9:13 PM","10:50","Barnes REBOUND (Off:0 Def:1)",null,null,null,null],["0041400401",14,2,1,1,"9:13 PM","10:45","MISS Thompson 25' 3PT Jump Shot",null,null,null,null],["0041400401",15,4,0,1,"9:13 PM","10:44",null,null,"Mozgov REBOUND (Off:0 Def:2)",null,null],["0041400401",16,6,2,1,"9:13 PM","10:36","Thompson S.FOUL (P1.T1) (J.Capers)",null,null,null,null],["0041400401",17,3,11,1,"9:13 PM","10:36",null,null,"MISS James Free Throw 1 of 2",null,null],["0041400401",18,4,1,1,"9:13 PM","10:36",null,null,"Cavaliers Rebound",null,null],["0041400401",19,3,12,1,"9:13 PM","10:36",null,null,"James Free Throw 2 of 2 (1 PTS)","3 - 0","-3"],["0041400401",21,1,79,1,"9:14 PM","10:23","Curry 18' Pullup Jump Shot (2 PTS)",null,null,"3 - 2","-1"],["0041400401",22,2,3,1,"9:14 PM","10:00",null,null,"MISS Thompson 8' Hook Shot",null,null],["0041400401",23,4,0,1,"9:14 PM","9:59",null,null,"Thompson REBOUND (Off:2 Def:0)",null,null],["0041400401",24,2,1,1,"9:15 PM","9:40","Bogut BLOCK (1 BLK)",null,"MISS James 8' Jump Shot",null,null],["0041400401",25,4,0,1,"9:15 PM","9:39","Bogut REBOUND (Off:0 Def:1)",null,null,null,null],["0041400401",27,6,2,1,"9:15 PM","9:36",null,null,"Irving S.FOUL (P1.T3) (J.Phillips)",null,null],["0041400401",28,3,11,1,"9:15 PM","9:36","Thompson Free Throw 1 of 2 (1 PTS)",null,null,"3 - 3","TIE"],["0041400401",30,3,12,1,"9:15 PM","9:36","Thompson Free Throw 2 of 2 (2 PTS)",null,null,"3 - 4","1"],["0041400401",32,2,1,1,"9:16 PM","9:18","Bogut BLOCK (2 BLK)",null,"MISS Mozgov 8' Jump Shot",null,null],["0041400401",33,4,0,1,"9:16 PM","9:17","Curry REBOUND (Off:0 Def:1)",null,null,null,null],["0041400401",34,2,79,1,"9:16 PM","9:11","MISS Green 27' 3PT Pullup Jump Shot",null,null,null,null],["0041400401",35,4,0,1,"9:16 PM","9:09",null,null,"Mozgov REBOUND (Off:0 Def:3)",null,null],["0041400401",36,1,1,1,"9:16 PM","9:01",null,null,"James 19' Jump Shot (3 PTS)","5 - 4","-1"],["0041400401",37,1,5,1,"9:16 PM","8:43","Curry 2' Layup (4 PTS) (Bogut 1 AST)",null,null,"5 - 6","1"],["0041400401",38,1,45,1,"9:17 PM","8:17",null,null,"James 16' Jump Shot (5 PTS) (Mozgov 1 AST)","7 - 6","-1"],["0041400401",39,6,2,1,"9:17 PM","8:04",null,null,"Mozgov S.FOUL (P1.T4) (M.McCutchen)",null,null],["0041400401",40,3,11,1,"9:17 PM","8:04","Green Free Throw 1 of 2 (1 PTS)",null,null,"7 - 7","TIE"],["0041400401",42,3,12,1,"9:18 PM","8:04","Green Free Throw 2 of 2 (2 PTS)",null,null,"7 - 8","1"],["0041400401",44,5,1,1,"9:18 PM","7:50","Bogut STEAL (1 STL)",null,"James Bad Pass Turnover (P1.T2)",null,null],["0041400401",45,2,78,1,"9:18 PM","7:42","MISS Curry 6' Floating Jump Shot",null,null,null,null],["0041400401",46,4,0,1,"9:18 PM","7:41",null,null,"James REBOUND (Off:0 Def:1)",null,null],["0041400401",47,2,86,1,"9:18 PM","7:32",null,null,"MISS James 17' Turnaround Fadeaway Shot",null,null],["0041400401",48,4,0,1,"9:18 PM","7:31","Thompson REBOUND (Off:0 Def:1)",null,null,null,null],["0041400401",49,2,85,1,"9:18 PM","7:23","MISS Thompson 4' Turnaround Bank Shot",null,null,null,null],["0041400401",50,4,0,1,"9:19 PM","7:22",null,null,"Thompson REBOUND (Off:2 Def:1)",null,null],["0041400401",51,2,79,1,"9:19 PM","7:17",null,null,"MISS Irving 28' 3PT Pullup Jump Shot",null,null],["0041400401",52,4,0,1,"9:19 PM","7:16","Thompson REBOUND (Off:0 Def:2)",null,null,null,null],["0041400401",53,2,42,1,"9:19 PM","7:03","MISS Green 3' Driving Layup",null,null,null,null],["0041400401",55,4,0,1,"9:19 PM","7:02","Bogut REBOUND (Off:1 Def:1)",null,null,null,null],["0041400401",54,2,87,1,"9:19 PM","7:02","MISS Bogut  Putback Dunk",null,null,null,null],["0041400401",56,4,0,1,"9:19 PM","7:01",null,null,"Irving REBOUND (Off:0 Def:2)",null,null],["0041400401",57,1,44,1,"9:19 PM","6:49",null,null,"James 3' Reverse Layup (7 PTS) (Thompson 1 AST)","9 - 8","-1"],["0041400401",58,9,1,1,"9:19 PM","6:44","WARRIORS Timeout: Regular (Full 1 Short 0)",null,null,null,null],["0041400401",60,1,1,1,"9:23 PM","6:31","Barnes 24' 3PT Jump Shot (3 PTS) (Green 1 AST)",null,null,"9 - 11","2"],["0041400401",61,2,1,1,"9:23 PM","6:13",null,null,"MISS Shumpert  3PT Jump Shot",null,null],["0041400401",62,4,0,1,"9:23 PM","6:12",null,null,"Thompson REBOUND (Off:3 Def:1)",null,null],["0041400401",63,2,65,1,"9:23 PM","6:00",null,null,"MISS Thompson 6' Jump Hook Shot",null,null],["0041400401",64,4,0,1,"9:24 PM","5:59","Bogut REBOUND (Off:1 Def:2)",null,null,null,null],["0041400401",65,2,78,1,"9:24 PM","5:41","MISS Curry 12' Floating Jump Shot",null,"Irving BLOCK (1 BLK)",null,null],["0041400401",66,4,0,1,"9:24 PM","5:40",null,null,"Thompson REBOUND (Off:3 Def:2)",null,null],["0041400401",67,6,2,1,"9:24 PM","5:36","Barnes S.FOUL (P1.T2) (J.Phillips)",null,null,null,null],["0041400401",68,3,11,1,"9:24 PM","5:36",null,null,"James Free Throw 1 of 2 (8 PTS)","10 - 11","1"],["0041400401",70,8,0,1,"9:24 PM","5:36",null,null,"SUB: Smith FOR Shumpert",null,null],["0041400401",71,8,0,1,"9:24 PM","5:36","SUB: Iguodala FOR Barnes",null,null,null,null],["0041400401",72,3,12,1,"9:25 PM","5:36",null,null,"James Free Throw 2 of 2 (9 PTS)","11 - 11","TIE"],["0041400401",74,2,79,1,"9:25 PM","5:20","MISS Iguodala 26' 3PT Pullup Jump Shot",null,null,null,null],["0041400401",75,4,0,1,"9:25 PM","5:19",null,null,"Thompson REBOUND (Off:3 Def:3)",null,null],["0041400401",76,1,8,1,"9:25 PM","5:07",null,null,"Mozgov  Slam Dunk (2 PTS) (James 1 AST)","13 - 11","-2"],["0041400401",77,2,3,1,"9:25 PM","4:53","MISS Bogut 7' Hook Shot",null,"Thompson BLOCK (1 BLK)",null,null],["0041400401",249,4,0,1,"9:25 PM","4:52","WARRIORS Rebound",null,null,null,null],["0041400401",250,2,45,1,"9:25 PM","4:51","MISS Curry 22' Jump Shot",null,null,null,null],["0041400401",79,4,0,1,"9:26 PM","4:48",null,null,"Cavaliers Rebound",null,null],["0041400401",80,6,3,1,"9:26 PM","4:48","Iguodala L.B.FOUL (P1.T3) (M.McCutchen)",null,null,null,null],["0041400401",81,2,63,1,"9:26 PM","4:32",null,null,"MISS James 13' Fadeaway Jumper",null,null],["0041400401",82,4,0,1,"9:26 PM","4:31",null,null,"Mozgov REBOUND (Off:1 Def:3)",null,null],["0041400401",83,1,1,1,"9:26 PM","4:26",null,null,"Irving 26' 3PT Jump Shot (3 PTS) (Mozgov 2 AST)","16 - 11","-5"],["0041400401",86,8,0,1,"9:27 PM","4:15","SUB: Livingston FOR Thompson",null,null,null,null],["0041400401",87,2,86,1,"9:27 PM","4:02","MISS Livingston 15' Turnaround Fadeaway Shot",null,null,null,null],["0041400401",88,4,0,1,"9:27 PM","4:01",null,null,"James REBOUND (Off:0 Def:2)",null,null],["0041400401",89,6,2,1,"9:28 PM","3:49","Green S.FOUL (P1.T4) (J.Phillips)",null,null,null,null],["0041400401",90,3,11,1,"9:28 PM","3:49",null,null,"MISS Mozgov Free Throw 1 of 2",null,null],["0041400401",91,4,1,1,"9:28 PM","3:49",null,null,"Cavaliers Rebound",null,null],["0041400401",93,8,0,1,"9:28 PM","3:49","SUB: Ezeli FOR Bogut",null,null,null,null],["0041400401",94,3,12,1,"9:28 PM","3:49",null,null,"Mozgov Free Throw 2 of 2 (3 PTS)","17 - 11","-6"],["0041400401",96,5,1,1,"9:29 PM","3:41","Green Bad Pass Turnover (P1.T1)",null,"Irving STEAL (1 STL)",null,null],["0041400401",97,1,42,1,"9:29 PM","3:36",null,null,"Irving 3' Driving Layup (5 PTS)","19 - 11","-8"],["0041400401",98,1,63,1,"9:29 PM","3:13","Iguodala 7' Fadeaway Jumper (2 PTS)",null,null,"19 - 13","-6"],["0041400401",99,2,1,1,"9:29 PM","2:55",null,null,"MISS Smith 24' 3PT Jump Shot",null,null],["0041400401",100,4,0,1,"9:30 PM","2:55",null,null,"Cavaliers Rebound",null,null],["0041400401",101,6,3,1,"9:30 PM","2:55","Ezeli L.B.FOUL (P1.PN) (J.Capers)",null,null,null,null],["0041400401",102,9,1,1,"9:30 PM","2:55",null,null,"Cavaliers Timeout: Regular (Reg.1 Short 0)",null,null],["0041400401",103,3,11,1,"9:33 PM","2:55",null,null,"Mozgov Free Throw 1 of 2 (4 PTS)","20 - 13","-7"],["0041400401",105,3,12,1,"9:33 PM","2:55",null,null,"MISS Mozgov Free Throw 2 of 2",null,null],["0041400401",107,4,0,1,"9:34 PM","2:54","Ezeli REBOUND (Off:0 Def:1)",null,null,null,null],["0041400401",109,8,0,1,"9:34 PM","2:53",null,null,"SUB: Jones FOR Mozgov",null,null],["0041400401",110,2,46,1,"9:34 PM","2:36","MISS Green 4' Running Jump Shot",null,null,null,null],["0041400401",111,4,0,1,"9:34 PM","2:35",null,null,"James REBOUND (Off:0 Def:3)",null,null],["0041400401",112,1,79,1,"9:35 PM","2:23",null,null,"Smith  3PT Pullup Jump Shot (3 PTS) (Irving 1 AST)","23 - 13","-10"],["0041400401",113,5,1,1,"9:35 PM","2:17","Ezeli Bad Pass Turnover (P1.T2)",null,"Jones STEAL (1 STL)",null,null],["0041400401",114,5,40,1,"9:35 PM","2:08",null,null,"Thompson Out of Bounds Lost Ball Turnover (P1.T3)",null,null],["0041400401",115,2,1,1,"9:35 PM","1:57","MISS Curry 26' 3PT Jump Shot",null,null,null,null],["0041400401",116,4,0,1,"9:35 PM","1:55",null,null,"Smith REBOUND (Off:0 Def:1)",null,null],["0041400401",118,8,0,1,"9:36 PM","1:48",null,null,"SUB: Dellavedova FOR Irving",null,null],["0041400401",119,8,0,1,"9:36 PM","1:48","SUB: Barbosa FOR Curry",null,null,null,null],["0041400401",120,1,79,1,"9:36 PM","1:41",null,null,"James 25' 3PT Pullup Jump Shot (12 PTS) (Dellavedova 1 AST)","26 - 13","-13"],["0041400401",121,2,63,1,"9:36 PM","1:23","MISS Livingston 14' Fadeaway Jumper",null,null,null,null],["0041400401",122,4,0,1,"9:36 PM","1:21",null,null,"Thompson REBOUND (Off:3 Def:4)",null,null],["0041400401",123,2,1,1,"9:36 PM","1:15",null,null,"MISS James 28' 3PT Jump Shot",null,null],["0041400401",124,4,0,1,"9:36 PM","1:14","WARRIORS Rebound",null,null,null,null],["0041400401",125,6,3,1,"9:37 PM","1:14",null,null,"Thompson L.B.FOUL (P1.PN) (M.McCutchen)",null,null],["0041400401",126,3,11,1,"9:37 PM","1:14","Ezeli Free Throw 1 of 2 (1 PTS)",null,null,"26 - 14","-12"],["0041400401",128,8,0,1,"9:37 PM","1:14","SUB: Barnes FOR Green",null,null,null,null],["0041400401",129,3,12,1,"9:37 PM","1:14","Ezeli Free Throw 2 of 2 (2 PTS)",null,null,"26 - 15","-11"],["0041400401",131,1,80,1,"9:38 PM","0:58",null,null,"Smith 25' 3PT Step Back Jump Shot (6 PTS) (Dellavedova 2 AST)","29 - 15","-14"],["0041400401",132,1,1,1,"9:38 PM","0:39","Barbosa 22' Jump Shot (2 PTS)",null,null,"29 - 17","-12"],["0041400401",133,7,5,1,"9:39 PM","0:24","Iguodala Violation:Kicked Ball (J.Capers)",null,null,null,null],["0041400401",134,2,63,1,"9:39 PM","0:15",null,null,"MISS James 16' Fadeaway Jumper",null,null],["0041400401",135,4,0,1,"9:39 PM","0:14","Barbosa REBOUND (Off:0 Def:1)",null,null,null,null],["0041400401",136,1,88,1,"9:40 PM","0:00","Iguodala  Driving Slam Dunk (4 PTS)",null,null,"29 - 19","-10"],["0041400401",138,18,0,1,"9:40 PM","0:00",null,null,null,null,null],["0041400401",139,13,0,1,"9:41 PM","0:00",null,null,null,"29 - 19","-10"],["0041400401",141,12,0,2,"9:43 PM","12:00",null,null,null,"29 - 19","-10"],["0041400401",142,2,63,2,"9:44 PM","11:38","MISS Barnes 15' Fadeaway Jumper",null,null,null,null],["0041400401",143,4,0,2,"9:44 PM","11:37",null,null,"Shumpert REBOUND (Off:0 Def:1)",null,null],["0041400401",144,2,1,2,"9:44 PM","11:21",null,null,"MISS Irving 18' Jump Shot",null,null],["0041400401",145,4,0,2,"9:44 PM","11:20","Ezeli REBOUND (Off:0 Def:2)",null,null,null,null],["0041400401",146,2,1,2,"9:44 PM","11:11","MISS Barbosa 24' 3PT Jump Shot",null,null,null,null],["0041400401",147,4,0,2,"9:44 PM","11:10",null,null,"Smith REBOUND (Off:0 Def:2)",null,null],["0041400401",148,2,63,2,"9:45 PM","10:48",null,null,"MISS Smith 27' 3PT Fadeaway Jumper",null,null],["0041400401",149,4,0,2,"9:45 PM","10:47","Barbosa REBOUND (Off:0 Def:2)",null,null,null,null],["0041400401",150,5,2,2,"9:45 PM","10:42","Iguodala Lost Ball Turnover (P1.T3)",null,"Shumpert STEAL (1 STL)",null,null],["0041400401",151,2,1,2,"9:45 PM","10:36",null,null,"MISS Shumpert 16' Jump Shot",null,null],["0041400401",152,4,0,2,"9:45 PM","10:33","Ezeli REBOUND (Off:0 Def:3)",null,null,null,null],["0041400401",153,2,5,2,"9:45 PM","10:26","MISS Barbosa 2' Layup",null,null,null,null],["0041400401",154,4,0,2,"9:45 PM","10:24","Livingston REBOUND (Off:1 Def:0)",null,null,null,null],["0041400401",155,1,72,2,"9:45 PM","10:23","Livingston 1' Putback Layup (2 PTS)",null,null,"29 - 21","-8"],["0041400401",156,2,42,2,"9:45 PM","10:00",null,null,"MISS Mozgov 1' Driving Layup",null,null],["0041400401",157,4,0,2,"9:45 PM","9:59","Livingston REBOUND (Off:1 Def:1)",null,null,null,null],["0041400401",158,1,47,2,"9:46 PM","9:40","Iguodala 14' Turnaround Jump Shot (6 PTS)",null,null,"29 - 23","-6"],["0041400401",159,1,8,2,"9:46 PM","9:12",null,null,"Mozgov  Slam Dunk (6 PTS) (Irving 2 AST)","31 - 23","-8"],["0041400401",160,6,1,2,"9:47 PM","8:57",null,null,"Jones P.FOUL (P1.T1) (J.Capers)",null,null],["0041400401",161,9,4,2,"9:47 PM","8:57",null,null,null,null,null],["0041400401",163,8,0,2,"9:50 PM","8:57",null,null,"SUB: Thompson FOR Mozgov",null,null],["0041400401",164,8,0,2,"9:50 PM","8:57","SUB: Speights FOR Ezeli",null,null,null,null],["0041400401",165,2,51,2,"9:50 PM","8:45","MISS Livingston  Reverse Dunk",null,"Shumpert BLOCK (1 BLK)",null,null],["0041400401",166,4,0,2,"9:50 PM","8:43",null,null,"Jones REBOUND (Off:0 Def:1)",null,null],["0041400401",167,2,1,2,"9:50 PM","8:29",null,null,"MISS Jones 25' 3PT Jump Shot",null,null],["0041400401",168,4,0,2,"9:50 PM","8:28","Livingston REBOUND (Off:1 Def:2)",null,null,null,null],["0041400401",169,1,86,2,"9:51 PM","8:12","Speights 11' Turnaround Fadeaway (2 PTS) (Livingston 1 AST)",null,null,"31 - 25","-6"],["0041400401",170,2,79,2,"9:51 PM","7:51",null,null,"MISS Smith 18' Pullup Jump Shot",null,null],["0041400401",171,4,0,2,"9:51 PM","7:50","Barnes REBOUND (Off:0 Def:2)",null,null,null,null],["0041400401",173,8,0,2,"9:51 PM","7:46","SUB: Thompson FOR Barbosa",null,null,null,null],["0041400401",174,8,0,2,"9:51 PM","7:46","SUB: Curry FOR Livingston",null,null,null,null],["0041400401",175,8,0,2,"9:51 PM","7:46",null,null,"SUB: James FOR Jones",null,null],["0041400401",176,1,63,2,"9:52 PM","7:41","Speights 17' Fadeaway Jumper (4 PTS) (Curry 1 AST)",null,null,"31 - 27","-4"],["0041400401",177,6,1,2,"9:52 PM","7:25","Iguodala P.FOUL (P2.T1) (J.Phillips)",null,null,null,null],["0041400401",178,3,11,2,"9:52 PM","7:25",null,null,"James Free Throw 1 of 2 (13 PTS)","32 - 27","-5"],["0041400401",180,8,0,2,"9:53 PM","7:25","SUB: Green FOR Iguodala",null,null,null,null],["0041400401",181,3,12,2,"9:53 PM","7:25",null,null,"MISS James Free Throw 2 of 2",null,null],["0041400401",183,4,0,2,"9:53 PM","7:24","Speights REBOUND (Off:0 Def:1)",null,null,null,null],["0041400401",184,5,2,2,"9:53 PM","7:14","Speights Lost Ball Turnover (P1.T4)",null,"Irving STEAL (2 STL)",null,null],["0041400401",185,2,79,2,"9:53 PM","7:08",null,null,"MISS Smith 26' 3PT Pullup Jump Shot",null,null],["0041400401",186,4,0,2,"9:53 PM","7:07","Thompson REBOUND (Off:0 Def:3)",null,null,null,null],["0041400401",192,2,78,2,"9:54 PM","6:42","MISS Thompson 9' Floating Jump Shot",null,null,null,null],["0041400401",187,4,0,2,"9:54 PM","6:41","Speights REBOUND (Off:1 Def:1)",null,null,null,null],["0041400401",188,2,5,2,"9:54 PM","6:40","MISS Speights 2' Layup",null,null,null,null],["0041400401",189,4,0,2,"9:54 PM","6:38",null,null,"Irving REBOUND (Off:0 Def:3)",null,null],["0041400401",190,1,79,2,"9:54 PM","6:30",null,null,"Irving 15' Pullup Jump Shot (7 PTS)","34 - 27","-7"],["0041400401",191,9,1,2,"9:54 PM","6:26","WARRIORS Timeout: Regular (Full 2 Short 0)",null,null,null,null],["0041400401",193,8,0,2,"9:57 PM","6:26",null,null,"SUB: Dellavedova FOR Irving",null,null],["0041400401",194,1,47,2,"9:58 PM","6:11","Curry 15' Turnaround Jump Shot (6 PTS)",null,null,"34 - 29","-5"],["0041400401",195,1,1,2,"9:58 PM","5:50",null,null,"James 18' Jump Shot (15 PTS) (Dellavedova 3 AST)","36 - 29","-7"],["0041400401",196,1,1,2,"9:58 PM","5:39","Speights 16' Jump Shot (6 PTS) (Curry 2 AST)",null,null,"36 - 31","-5"],["0041400401",197,2,63,2,"9:59 PM","5:21",null,null,"MISS James 18' Fadeaway Jumper",null,null],["0041400401",198,4,0,2,"9:59 PM","5:20","Thompson REBOUND (Off:0 Def:4)",null,null,null,null],["0041400401",199,1,5,2,"9:59 PM","5:08","Green 2' Layup (4 PTS) (Speights 1 AST)",null,null,"36 - 33","-3"],["0041400401",200,6,1,2,"9:59 PM","4:44","Speights P.FOUL (P1.T2) (J.Capers)",null,null,null,null],["0041400401",201,8,0,2,"10:00 PM","4:44","SUB: Bogut FOR Speights",null,null,null,null],["0041400401",202,2,1,2,"10:00 PM","4:33",null,null,"MISS James 25' 3PT Jump Shot",null,null],["0041400401",203,4,0,2,"10:00 PM","4:33","WARRIORS Rebound",null,null,null,null],["0041400401",204,1,79,2,"10:00 PM","4:21","Curry  3PT Pullup Jump Shot (9 PTS) (Green 2 AST)",null,null,"36 - 36","TIE"],["0041400401",205,9,1,2,"10:00 PM","4:13",null,null,"Cavaliers Timeout: Regular (Reg.2 Short 0)",null,null],["0041400401",207,2,1,2,"10:04 PM","3:55",null,null,"MISS James 12' Jump Shot",null,null],["0041400401",208,4,0,2,"10:04 PM","3:54",null,null,"Cavaliers Rebound",null,null],["0041400401",209,6,1,2,"10:04 PM","3:54","Bogut P.FOUL (P1.T3) (J.Phillips)",null,null,null,null],["0041400401",210,8,0,2,"10:05 PM","3:54",null,null,"SUB: Irving FOR Dellavedova",null,null],["0041400401",211,8,0,2,"10:05 PM","3:54",null,null,"SUB: Mozgov FOR Smith",null,null],["0041400401",212,5,1,2,"10:05 PM","3:51","Curry STEAL (1 STL)",null,"Shumpert Bad Pass Turnover (P2.T4)",null,null],["0041400401",213,1,80,2,"10:05 PM","3:46","Curry 26' 3PT Step Back Jump Shot (12 PTS)",null,null,"36 - 39","3"],["0041400401",214,2,1,2,"10:05 PM","3:25",null,null,"MISS James 26' 3PT Jump Shot",null,null],["0041400401",215,4,0,2,"10:05 PM","3:24","Curry REBOUND (Off:0 Def:2)",null,null,null,null],["0041400401",216,2,5,2,"10:05 PM","3:20","MISS Barnes 1' Layup",null,"Mozgov BLOCK (1 BLK)",null,null],["0041400401",217,4,0,2,"10:05 PM","3:18",null,null,"Irving REBOUND (Off:0 Def:4)",null,null],["0041400401",218,2,1,2,"10:06 PM","3:08",null,null,"MISS Irving 3' Jump Shot",null,null],["0041400401",219,4,0,2,"10:06 PM","3:07","Bogut REBOUND (Off:1 Def:3)",null,null,null,null],["0041400401",220,1,42,2,"10:06 PM","2:58","Curry 2' Driving Layup (14 PTS)",null,null,"36 - 41","5"],["0041400401",221,1,79,2,"10:06 PM","2:40",null,null,"Shumpert  3PT Pullup Jump Shot (3 PTS) (Irving 3 AST)","39 - 41","2"],["0041400401",222,1,88,2,"10:06 PM","2:28","Green  Driving Slam Dunk (6 PTS) (Curry 3 AST)",null,null,"39 - 43","4"],["0041400401",223,1,56,2,"10:06 PM","2:09",null,null,"Irving 5' Running Hook Shot (9 PTS)","41 - 43","2"],["0041400401",226,2,1,2,"10:07 PM","1:44","MISS Thompson  3PT Jump Shot",null,null,null,null],["0041400401",227,4,0,2,"10:07 PM","1:43","Bogut REBOUND (Off:2 Def:3)",null,null,null,null],["0041400401",228,1,79,2,"10:07 PM","1:40","Thompson 26' 3PT Pullup Jump Shot (5 PTS) (Bogut 2 AST)",null,null,"41 - 46","5"],["0041400401",229,1,79,2,"10:07 PM","1:20",null,null,"Shumpert  3PT Pullup Jump Shot (6 PTS) (James 2 AST)","44 - 46","2"],["0041400401",230,2,1,2,"10:08 PM","1:05","MISS Green 26' 3PT Jump Shot",null,null,null,null],["0041400401",231,4,0,2,"10:08 PM","1:03","Thompson REBOUND (Off:1 Def:4)",null,null,null,null],["0041400401",232,5,40,2,"10:08 PM","1:01","Thompson Out of Bounds Lost Ball Turnover (P1.T5)",null,null,null,null],["0041400401",233,1,79,2,"10:08 PM","0:48",null,null,"James 14' Pullup Jump Shot (17 PTS)","46 - 46","TIE"],["0041400401",234,5,2,2,"10:08 PM","0:39","Bogut Lost Ball Turnover (P1.T6)",null,"Shumpert STEAL (2 STL)",null,null],["0041400401",235,1,42,2,"10:08 PM","0:33",null,null,"James 3' Driving Layup (19 PTS)","48 - 46","-2"],["0041400401",236,6,1,2,"10:09 PM","0:18",null,null,"Irving P.FOUL (P2.T2) (M.McCutchen)",null,null],["0041400401",237,8,0,2,"10:09 PM","0:18",null,null,"SUB: Dellavedova FOR Irving",null,null],["0041400401",238,9,2,2,"10:09 PM","0:18","WARRIORS Timeout: Short (Full 2 Short 1)",null,null,null,null],["0041400401",239,1,49,2,"10:10 PM","0:10","Green  Driving Dunk (8 PTS) (Curry 4 AST)",null,null,"48 - 48","TIE"],["0041400401",240,6,1,2,"10:11 PM","0:03","Green P.FOUL (P2.T4) (J.Phillips)",null,null,null,null],["0041400401",241,9,2,2,"10:11 PM","0:03",null,null,"Cavaliers Timeout: Short (Reg.2 Short 1)",null,null],["0041400401",244,8,0,2,"10:12 PM","0:03",null,null,"SUB: Smith FOR Dellavedova",null,null],["0041400401",245,8,0,2,"10:12 PM","0:03",null,null,"SUB: Irving FOR Mozgov",null,null],["0041400401",242,1,1,2,"10:12 PM","0:02",null,null,"Smith 29' 3PT Jump Shot (9 PTS) (James 3 AST)","51 - 48","-3"],["0041400401",246,2,79,2,"10:15 PM","0:00","MISS Green 55' 3PT Pullup Jump Shot",null,null,null,null],["0041400401",247,4,0,2,"10:15 PM","0:00","WARRIORS Rebound",null,null,null,null],["0041400401",243,18,0,2,"10:15 PM","0:00",null,null,null,null,null],["0041400401",248,13,0,2,"10:15 PM","0:00",null,null,null,"51 - 48","-3"],["0041400401",252,12,0,3,"10:30 PM","12:00",null,null,null,"51 - 48","-3"],["0041400401",253,2,79,3,"10:30 PM","11:47","MISS Curry 25' 3PT Pullup Jump Shot",null,null,null,null],["0041400401",254,4,0,3,"10:30 PM","11:45",null,null,"Thompson REBOUND (Off:3 Def:5)",null,null],["0041400401",255,2,1,3,"10:30 PM","11:22","Thompson BLOCK (1 BLK)",null,"MISS Irving 26' 3PT Jump Shot",null,null],["0041400401",256,4,0,3,"10:30 PM","11:21",null,null,"Cavaliers Rebound",null,null],["0041400401",257,5,11,3,"10:30 PM","11:21",null,null,"Cavaliers Turnover: Shot Clock (T#5)",null,null],["0041400401",258,1,42,3,"10:31 PM","11:05","Thompson 2' Driving Layup (7 PTS)",null,null,"51 - 50","-1"],["0041400401",259,1,79,3,"10:31 PM","10:41",null,null,"Irving 20' Pullup Jump Shot (11 PTS)","53 - 50","-3"],["0041400401",260,2,79,3,"10:32 PM","10:26","MISS Thompson 25' 3PT Pullup Jump Shot",null,null,null,null],["0041400401",261,4,0,3,"10:32 PM","10:24",null,null,"Thompson REBOUND (Off:3 Def:6)",null,null],["0041400401",262,1,46,3,"10:32 PM","10:14",null,null,"James 7' Running Jump Shot (21 PTS)","55 - 50","-5"],["0041400401",263,6,1,3,"10:32 PM","10:07",null,null,"James P.FOUL (P2.T1) (J.Capers)",null,null],["0041400401",265,5,1,3,"10:32 PM","9:58","Curry Bad Pass Turnover (P1.T7)",null,"Thompson STEAL (1 STL)",null,null],["0041400401",266,1,84,3,"10:32 PM","9:56",null,null,"Irving 12' Running Bank Shot (13 PTS)","57 - 50","-7"],["0041400401",267,1,80,3,"10:33 PM","9:32","Curry 17' Step Back Jump Shot (16 PTS)",null,null,"57 - 52","-5"],["0041400401",268,1,52,3,"10:33 PM","9:15",null,null,"Mozgov  Alley Oop Dunk (8 PTS) (Irving 4 AST)","59 - 52","-7"],["0041400401",269,2,1,3,"10:33 PM","9:08","MISS Barnes 24' 3PT Jump Shot",null,null,null,null],["0041400401",270,4,0,3,"10:33 PM","9:05",null,null,"Irving REBOUND (Off:0 Def:5)",null,null],["0041400401",271,5,1,3,"10:33 PM","8:58","Green STEAL (1 STL)",null,"Irving Bad Pass Turnover (P1.T6)",null,null],["0041400401",272,5,2,3,"10:33 PM","8:46","Curry Lost Ball Turnover (P2.T8)",null,"Shumpert STEAL (3 STL)",null,null],["0041400401",273,6,4,3,"10:34 PM","8:37",null,null,"Thompson OFF.Foul (P2) (J.Capers)",null,null],["0041400401",274,5,5,3,"10:34 PM","8:37",null,null,"Thompson Foul Turnover (P2.T7)",null,null],["0041400401",275,9,1,3,"10:34 PM","8:37","WARRIORS Timeout: Regular (Full 3 Short 1)",null,null,null,null],["0041400401",278,1,1,3,"10:38 PM","8:21","Thompson 18' Jump Shot (9 PTS)",null,null,"59 - 54","-5"],["0041400401",279,2,1,3,"10:38 PM","7:51",null,null,"MISS Mozgov 18' Jump Shot",null,null],["0041400401",280,4,0,3,"10:38 PM","7:50",null,null,"Irving REBOUND (Off:1 Def:5)",null,null],["0041400401",281,6,1,3,"10:39 PM","7:45","Curry P.FOUL (P1.T1) (J.Phillips)",null,null,null,null],["0041400401",282,2,1,3,"10:39 PM","7:34",null,null,"MISS Shumpert 24' 3PT Jump Shot",null,null],["0041400401",283,4,0,3,"10:39 PM","7:33","Green REBOUND (Off:0 Def:1)",null,null,null,null],["0041400401",284,1,79,3,"10:39 PM","7:22","Barnes 25' 3PT Pullup Jump Shot (6 PTS) (Bogut 3 AST)",null,null,"59 - 57","-2"],["0041400401",285,1,77,3,"10:40 PM","6:56",null,null,"James 5' Driving Jump Shot (23 PTS)","61 - 57","-4"],["0041400401",286,6,1,3,"10:40 PM","6:47",null,null,"Shumpert P.FOUL (P2.T2) (M.McCutchen)",null,null],["0041400401",287,2,1,3,"10:40 PM","6:36","MISS Green 4' Jump Shot",null,null,null,null],["0041400401",289,4,0,3,"10:40 PM","6:35","Bogut REBOUND (Off:3 Def:3)",null,null,null,null],["0041400401",288,2,4,3,"10:40 PM","6:35","MISS Bogut 1' Tip Shot",null,null,null,null],["0041400401",291,4,0,3,"10:40 PM","6:34","Green REBOUND (Off:1 Def:1)",null,null,null,null],["0041400401",290,1,4,3,"10:40 PM","6:34","Green 2' Tip Shot (10 PTS)",null,null,"61 - 59","-2"],["0041400401",292,2,1,3,"10:41 PM","6:12","Thompson BLOCK (2 BLK)",null,"MISS Irving 5' Jump Shot",null,null],["0041400401",293,4,0,3,"10:41 PM","6:11",null,null,"Thompson REBOUND (Off:4 Def:6)",null,null],["0041400401",294,2,1,3,"10:41 PM","6:09",null,null,"MISS Thompson 5' Jump Shot",null,null],["0041400401",295,4,0,3,"10:41 PM","6:06",null,null,"Irving REBOUND (Off:2 Def:5)",null,null],["0041400401",296,2,1,3,"10:41 PM","6:04",null,null,"MISS James 26' 3PT Jump Shot",null,null],["0041400401",297,4,0,3,"10:41 PM","6:03",null,null,"Mozgov REBOUND (Off:2 Def:3)",null,null],["0041400401",298,6,2,3,"10:41 PM","6:03","Green S.FOUL (P3.T2) (J.Capers)",null,null,null,null],["0041400401",299,3,11,3,"10:41 PM","6:03",null,null,"Mozgov Free Throw 1 of 2 (9 PTS)","62 - 59","-3"],["0041400401",301,3,12,3,"10:41 PM","6:03",null,null,"Mozgov Free Throw 2 of 2 (10 PTS)","63 - 59","-4"],["0041400401",303,1,42,3,"10:42 PM","5:52","Barnes 2' Driving Layup (8 PTS) (Curry 5 AST)",null,null,"63 - 61","-2"],["0041400401",304,1,79,3,"10:42 PM","5:37",null,null,"Irving 18' Pullup Jump Shot (15 PTS)","65 - 61","-4"],["0041400401",305,1,79,3,"10:43 PM","5:16","Thompson 25' 3PT Pullup Jump Shot (12 PTS) (Green 3 AST)",null,null,"65 - 64","-1"],["0041400401",306,1,63,3,"10:43 PM","4:51",null,null,"James 17' Fadeaway Jumper (25 PTS) (Irving 5 AST)","67 - 64","-3"],["0041400401",307,5,2,3,"10:43 PM","4:40","Curry Lost Ball Turnover (P3.T9)",null,"Irving STEAL (3 STL)",null,null],["0041400401",308,6,2,3,"10:43 PM","4:28","Barnes S.FOUL (P2.T3) (M.McCutchen)",null,null,null,null],["0041400401",309,3,11,3,"10:44 PM","4:28",null,null,"James Free Throw 1 of 2 (26 PTS)","68 - 64","-4"],["0041400401",311,8,0,3,"10:44 PM","4:28","SUB: Iguodala FOR Barnes",null,null,null,null],["0041400401",312,8,0,3,"10:44 PM","4:28",null,null,"SUB: Jones FOR Mozgov",null,null],["0041400401",313,3,12,3,"10:44 PM","4:28",null,null,"James Free Throw 2 of 2 (27 PTS)","69 - 64","-5"],["0041400401",315,6,2,3,"10:45 PM","4:14",null,null,"Irving S.FOUL (P3.T3) (J.Phillips)",null,null],["0041400401",316,3,11,3,"10:45 PM","4:14","Thompson Free Throw 1 of 2 (13 PTS)",null,null,"69 - 65","-4"],["0041400401",318,3,12,3,"10:45 PM","4:14","Thompson Free Throw 2 of 2 (14 PTS)",null,null,"69 - 66","-3"],["0041400401",320,2,1,3,"10:46 PM","3:53",null,null,"MISS James 4' Jump Shot",null,null],["0041400401",321,4,0,3,"10:46 PM","3:51",null,null,"Thompson REBOUND (Off:5 Def:6)",null,null],["0041400401",322,2,1,3,"10:46 PM","3:42",null,null,"MISS Irving 24' 3PT Jump Shot",null,null],["0041400401",323,4,0,3,"10:46 PM","3:41","Curry REBOUND (Off:0 Def:3)",null,null,null,null],["0041400401",324,7,5,3,"10:46 PM","3:36",null,null,"Shumpert Violation:Kicked Ball (M.McCutchen)",null,null],["0041400401",325,8,0,3,"10:46 PM","3:36","SUB: Ezeli FOR Bogut",null,null,null,null],["0041400401",326,8,0,3,"10:46 PM","3:36",null,null,"SUB: Smith FOR Shumpert",null,null],["0041400401",327,2,79,3,"10:47 PM","3:31","MISS Thompson 24' 3PT Pullup Jump Shot",null,null,null,null],["0041400401",328,4,0,3,"10:47 PM","3:31",null,null,"Cavaliers Rebound",null,null],["0041400401",329,2,80,3,"10:47 PM","3:11",null,null,"MISS Smith 18' Step Back Jump Shot",null,null],["0041400401",330,4,0,3,"10:47 PM","3:10","Iguodala REBOUND (Off:0 Def:1)",null,null,null,null],["0041400401",331,2,1,3,"10:47 PM","3:00","MISS Green 6' Jump Shot",null,null,null,null],["0041400401",332,4,0,3,"10:47 PM","2:59",null,null,"Thompson REBOUND (Off:5 Def:7)",null,null],["0041400401",333,6,1,3,"10:48 PM","2:45","Green P.FOUL (P4.T4) (M.McCutchen)",null,null,null,null],["0041400401",334,9,1,3,"10:48 PM","2:45",null,null,"Cavaliers Timeout: Regular (Reg.3 Short 1)",null,null],["0041400401",335,8,0,3,"10:51 PM","2:45",null,null,"SUB: Dellavedova FOR Irving",null,null],["0041400401",336,8,0,3,"10:52 PM","2:45","SUB: Livingston FOR Thompson",null,null,null,null],["0041400401",337,8,0,3,"10:52 PM","2:45","SUB: Barnes FOR Green",null,null,null,null],["0041400401",338,3,11,3,"10:52 PM","2:45",null,null,"MISS James Free Throw 1 of 2",null,null],["0041400401",339,4,1,3,"10:52 PM","2:45",null,null,"Cavaliers Rebound",null,null],["0041400401",340,3,12,3,"10:52 PM","2:45",null,null,"MISS James Free Throw 2 of 2",null,null],["0041400401",342,4,0,3,"10:52 PM","2:44","Livingston REBOUND (Off:1 Def:3)",null,null,null,null],["0041400401",343,1,8,3,"10:52 PM","2:31","Ezeli  Slam Dunk (4 PTS) (Livingston 2 AST)",null,null,"69 - 68","-1"],["0041400401",344,2,86,3,"10:53 PM","2:05",null,null,"MISS James 14' Turnaround Fadeaway Shot",null,null],["0041400401",345,4,0,3,"10:53 PM","2:04","Barnes REBOUND (Off:0 Def:3)",null,null,null,null],["0041400401",346,2,79,3,"10:53 PM","1:49","MISS Barnes 14' Pullup Jump Shot",null,null,null,null],["0041400401",347,4,0,3,"10:53 PM","1:48",null,null,"Smith REBOUND (Off:0 Def:3)",null,null],["0041400401",348,1,78,3,"10:53 PM","1:38",null,null,"James 10' Floating Jump Shot (29 PTS)","71 - 68","-3"],["0041400401",349,1,44,3,"10:54 PM","1:23","Curry 1' Reverse Layup (18 PTS) (Ezeli 1 AST)",null,null,"71 - 70","-1"],["0041400401",350,1,78,3,"10:54 PM","1:00",null,null,"James 5' Floating Jump Shot (31 PTS) (Jones 1 AST)","73 - 70","-3"],["0041400401",351,6,1,3,"10:54 PM","0:54",null,null,"Dellavedova P.FOUL (P1.T4) (M.McCutchen)",null,null],["0041400401",352,6,2,3,"10:55 PM","0:48",null,null,"Jones S.FOUL (P2.PN) (J.Phillips)",null,null],["0041400401",353,3,11,3,"10:55 PM","0:48","MISS Ezeli Free Throw 1 of 2",null,null,null,null],["0041400401",354,4,1,3,"10:55 PM","0:48","WARRIORS Rebound",null,null,null,null],["0041400401",355,3,12,3,"10:55 PM","0:48","Ezeli Free Throw 2 of 2 (5 PTS)",null,null,"73 - 71","-2"],["0041400401",357,2,1,3,"10:56 PM","0:26",null,null,"MISS James 17' Jump Shot",null,null],["0041400401",358,4,0,3,"10:56 PM","0:25",null,null,"Dellavedova REBOUND (Off:1 Def:0)",null,null],["0041400401",359,5,2,3,"10:56 PM","0:04","Iguodala STEAL (1 STL)",null,"James Lost Ball Turnover (P2.T8)",null,null],["0041400401",360,1,90,3,"10:56 PM","0:01","Iguodala 1' Running Slam Dunk (8 PTS) (Barnes 1 AST)",null,null,"73 - 73","TIE"],["0041400401",361,13,0,3,"10:56 PM","0:00",null,null,null,"73 - 73","TIE"],["0041400401",363,12,0,4,"11:00 PM","12:00",null,null,null,"73 - 73","TIE"],["0041400401",364,1,42,4,"11:01 PM","11:45",null,null,"Irving 1' Driving Layup (17 PTS)","75 - 73","-2"],["0041400401",365,2,1,4,"11:01 PM","11:25","MISS Speights 8' Jump Shot",null,null,null,null],["0041400401",366,4,0,4,"11:01 PM","11:23","Barnes REBOUND (Off:1 Def:3)",null,null,null,null],["0041400401",367,2,77,4,"11:01 PM","11:09","MISS Speights 3' Driving Jump Shot",null,null,null,null],["0041400401",369,4,0,4,"11:01 PM","11:08","Speights REBOUND (Off:2 Def:1)",null,null,null,null],["0041400401",368,2,5,4,"11:01 PM","11:08","MISS Speights 1' Layup",null,null,null,null],["0041400401",370,4,0,4,"11:01 PM","11:06","Barnes REBOUND (Off:2 Def:3)",null,null,null,null],["0041400401",371,1,1,4,"11:01 PM","10:55","Iguodala  3PT Jump Shot (11 PTS) (Barbosa 1 AST)",null,null,"75 - 76","1"],["0041400401",372,2,1,4,"11:02 PM","10:34",null,null,"MISS Irving 25' 3PT Jump Shot",null,null],["0041400401",373,4,0,4,"11:02 PM","10:33","Iguodala REBOUND (Off:0 Def:2)",null,null,null,null],["0041400401",374,1,8,4,"11:02 PM","10:26","Livingston  Slam Dunk (4 PTS) (Iguodala 1 AST)",null,null,"75 - 78","3"],["0041400401",375,2,1,4,"11:02 PM","10:02","Iguodala BLOCK (1 BLK)",null,"MISS Smith 24' 3PT Jump Shot",null,null],["0041400401",376,4,0,4,"11:02 PM","10:00","Livingston REBOUND (Off:1 Def:4)",null,null,null,null],["0041400401",377,5,2,4,"11:02 PM","9:56","Barbosa Lost Ball Turnover (P1.T10)",null,"Shumpert STEAL (4 STL)",null,null],["0041400401",378,1,42,4,"11:03 PM","9:34",null,null,"Irving 2' Driving Layup (19 PTS)","77 - 78","1"],["0041400401",379,5,1,4,"11:03 PM","9:28","Barbosa Bad Pass Turnover (P2.T11)",null,null,null,null],["0041400401",380,2,1,4,"11:03 PM","9:06",null,null,"MISS Irving 18' Jump Shot",null,null],["0041400401",381,4,0,4,"11:03 PM","9:05","Barbosa REBOUND (Off:0 Def:3)",null,null,null,null],["0041400401",382,2,42,4,"11:04 PM","9:02","MISS Barbosa 2' Driving Layup",null,null,null,null],["0041400401",383,4,0,4,"11:04 PM","9:00",null,null,"Cavaliers Rebound",null,null],["0041400401",384,6,3,4,"11:04 PM","9:00","Speights L.B.FOUL (P2.T1) (M.McCutchen)",null,null,null,null],["0041400401",385,8,0,4,"11:04 PM","9:00",null,null,"SUB: James FOR Jones",null,null],["0041400401",386,8,0,4,"11:04 PM","9:00","SUB: Thompson FOR Barbosa",null,null,null,null],["0041400401",387,2,1,4,"11:04 PM","8:47",null,null,"MISS James 10' Jump Shot",null,null],["0041400401",388,4,0,4,"11:04 PM","8:47","WARRIORS Rebound",null,null,null,null],["0041400401",389,9,4,4,"11:05 PM","8:47",null,null,null,null,null],["0041400401",391,1,63,4,"11:08 PM","8:33","Speights 19' Fadeaway Jumper (8 PTS) (Livingston 3 AST)",null,null,"77 - 80","3"],["0041400401",392,1,65,4,"11:09 PM","8:03",null,null,"James 10' Jump Hook Shot (33 PTS)","79 - 80","1"],["0041400401",393,2,5,4,"11:09 PM","7:48","MISS Livingston 3' Layup",null,null,null,null],["0041400401",394,4,0,4,"11:09 PM","7:47",null,null,"James REBOUND (Off:0 Def:4)",null,null],["0041400401",395,6,17,4,"11:09 PM","7:41","WARRIORS T.Foul (Def. 3 Sec Speights ) (M.McCutchen)",null,null,null,null],["0041400401",397,3,16,4,"11:09 PM","7:41",null,null,"Irving Free Throw Technical (20 PTS)","80 - 80","TIE"],["0041400401",399,8,0,4,"11:09 PM","7:41","SUB: Curry FOR Livingston",null,null,null,null],["0041400401",400,8,0,4,"11:09 PM","7:41","SUB: Bogut FOR Speights",null,null,null,null],["0041400401",401,8,0,4,"11:10 PM","7:41",null,null,"SUB: Mozgov FOR Thompson",null,null],["0041400401",402,1,63,4,"11:10 PM","7:27",null,null,"James 19' Fadeaway Jumper (35 PTS) (Irving 6 AST)","82 - 80","-2"],["0041400401",403,1,88,4,"11:10 PM","7:15","Bogut  Driving Slam Dunk (2 PTS) (Curry 6 AST)",null,null,"82 - 82","TIE"],["0041400401",404,1,40,4,"11:10 PM","6:55",null,null,"Mozgov 3' Layup (12 PTS) (James 4 AST)","84 - 82","-2"],["0041400401",405,2,78,4,"11:11 PM","6:42","MISS Curry 8' Floating Jump Shot",null,null,null,null],["0041400401",406,4,0,4,"11:11 PM","6:42",null,null,"James REBOUND (Off:0 Def:5)",null,null],["0041400401",407,1,63,4,"11:11 PM","6:30",null,null,"James 12' Fadeaway Jumper (37 PTS)","86 - 82","-4"],["0041400401",408,9,1,4,"11:11 PM","6:29","WARRIORS Timeout: Regular (Full 4 Short 1)",null,null,null,null],["0041400401",410,8,0,4,"11:14 PM","6:29",null,null,"SUB: Thompson FOR Shumpert",null,null],["0041400401",411,8,0,4,"11:14 PM","6:29","SUB: Green FOR Barnes",null,null,null,null],["0041400401",412,1,79,4,"11:15 PM","6:08","Iguodala  3PT Pullup Jump Shot (14 PTS) (Curry 7 AST)",null,null,"86 - 85","-1"],["0041400401",413,1,79,4,"11:15 PM","5:44",null,null,"Irving 26' 3PT Pullup Jump Shot (23 PTS) (James 5 AST)","89 - 85","-4"],["0041400401",414,6,2,4,"11:16 PM","5:27",null,null,"Smith S.FOUL (P1.T1) (J.Phillips)",null,null],["0041400401",415,3,11,4,"11:16 PM","5:27","Thompson Free Throw 1 of 2 (15 PTS)",null,null,"89 - 86","-3"],["0041400401",417,3,12,4,"11:16 PM","5:27","Thompson Free Throw 2 of 2 (16 PTS)",null,null,"89 - 87","-2"],["0041400401",419,1,1,4,"11:17 PM","5:08",null,null,"James 8' Jump Shot (39 PTS)","91 - 87","-4"],["0041400401",420,1,79,4,"11:17 PM","5:02","Thompson 27' 3PT Pullup Jump Shot (19 PTS) (Curry 8 AST)",null,null,"91 - 90","-1"],["0041400401",421,2,1,4,"11:17 PM","4:44",null,null,"MISS Irving 25' 3PT Jump Shot",null,null],["0041400401",422,4,0,4,"11:17 PM","4:43","WARRIORS Rebound",null,null,null,null],["0041400401",423,2,1,4,"11:17 PM","4:32","MISS Curry 26' 3PT Jump Shot",null,null,null,null],["0041400401",424,4,0,4,"11:17 PM","4:31","Green REBOUND (Off:2 Def:1)",null,null,null,null],["0041400401",425,2,5,4,"11:18 PM","4:29","MISS Green 3' Layup",null,null,null,null],["0041400401",426,4,0,4,"11:18 PM","4:29",null,null,"Thompson REBOUND (Off:5 Def:8)",null,null],["0041400401",427,6,1,4,"11:18 PM","4:29","Green P.FOUL (P5.T2) (J.Capers)",null,null,null,null],["0041400401",428,8,0,4,"11:18 PM","4:29",null,null,"SUB: Shumpert FOR Thompson",null,null],["0041400401",429,1,8,4,"11:18 PM","4:17",null,null,"Mozgov  Slam Dunk (14 PTS) (James 6 AST)","93 - 90","-3"],["0041400401",430,1,5,4,"11:19 PM","4:05","Bogut 1' Layup (4 PTS) (Thompson 1 AST)",null,null,"93 - 92","-1"],["0041400401",431,2,1,4,"11:19 PM","3:47",null,null,"MISS Smith 25' 3PT Jump Shot",null,null],["0041400401",432,4,0,4,"11:19 PM","3:46","Iguodala REBOUND (Off:0 Def:3)",null,null,null,null],["0041400401",433,1,47,4,"11:19 PM","3:35","Curry 18' Turnaround Jump Shot (20 PTS)",null,null,"93 - 94","1"],["0041400401",434,2,63,4,"11:20 PM","3:08",null,null,"MISS James 8' Fadeaway Jumper",null,null],["0041400401",435,4,0,4,"11:20 PM","3:07","Curry REBOUND (Off:0 Def:4)",null,null,null,null],["0041400401",439,6,2,4,"11:20 PM","2:53",null,null,"Irving S.FOUL (P4.T2) (J.Phillips)",null,null],["0041400401",440,9,1,4,"11:20 PM","2:53",null,null,"Cavaliers Timeout: Regular (Reg.4 Short 1)",null,null],["0041400401",442,8,0,4,"11:23 PM","2:53",null,null,"SUB: Thompson FOR Shumpert",null,null],["0041400401",443,3,11,4,"11:24 PM","2:53","Thompson Free Throw 1 of 2 (20 PTS)",null,null,"93 - 95","2"],["0041400401",445,3,12,4,"11:24 PM","2:53","Thompson Free Throw 2 of 2 (21 PTS)",null,null,"93 - 96","3"],["0041400401",447,1,63,4,"11:24 PM","2:38",null,null,"James 26' 3PT Fadeaway Jumper (42 PTS)","96 - 96","TIE"],["0041400401",448,2,63,4,"11:25 PM","2:17","MISS Iguodala 17' Fadeaway Jumper",null,null,null,null],["0041400401",449,4,0,4,"11:25 PM","2:14",null,null,"Thompson REBOUND (Off:5 Def:9)",null,null],["0041400401",450,5,4,4,"11:25 PM","1:58",null,null,"Mozgov Traveling Turnover (P1.T9)",null,null],["0041400401",451,2,79,4,"11:25 PM","1:45","MISS Thompson 25' 3PT Pullup Jump Shot",null,null,null,null],["0041400401",452,4,0,4,"11:25 PM","1:44",null,null,"Cavaliers Rebound",null,null],["0041400401",453,2,63,4,"11:26 PM","1:22",null,null,"MISS James 16' Fadeaway Jumper",null,null],["0041400401",454,4,0,4,"11:26 PM","1:20",null,null,"Mozgov REBOUND (Off:3 Def:3)",null,null],["0041400401",455,9,1,4,"11:26 PM","1:16",null,null,"Cavaliers Timeout: Regular (Reg.5 Short 1)",null,null],["0041400401",459,2,1,4,"11:28 PM","1:04",null,null,"MISS Mozgov 10' Jump Shot",null,null],["0041400401",460,4,0,4,"11:28 PM","1:03","Bogut REBOUND (Off:3 Def:4)",null,null,null,null],["0041400401",461,1,79,4,"11:29 PM","0:53","Curry 20' Pullup Jump Shot (22 PTS)",null,null,"96 - 98","2"],["0041400401",463,6,2,4,"11:29 PM","0:31","Bogut S.FOUL (P2.T3) (J.Capers)",null,null,null,null],["0041400401",464,3,11,4,"11:29 PM","0:31",null,null,"Mozgov Free Throw 1 of 2 (15 PTS)","97 - 98","1"],["0041400401",466,8,0,4,"11:30 PM","0:31",null,null,"SUB: Shumpert FOR Irving",null,null],["0041400401",467,3,12,4,"11:30 PM","0:31",null,null,"Mozgov Free Throw 2 of 2 (16 PTS)","98 - 98","TIE"],["0041400401",469,9,1,4,"11:30 PM","0:31","WARRIORS Timeout: Regular (Full 5 Short 1)",null,null,null,null],["0041400401",470,8,0,4,"11:32 PM","0:31",null,null,"SUB: Irving FOR Mozgov",null,null],["0041400401",471,8,0,4,"11:32 PM","0:31","SUB: Barnes FOR Bogut",null,null,null,null],["0041400401",472,2,5,4,"11:32 PM","0:26","MISS Curry 3' Layup",null,"Irving BLOCK (2 BLK)",null,null],["0041400401",473,4,0,4,"11:32 PM","0:24",null,null,"Smith REBOUND (Off:0 Def:4)",null,null],["0041400401",474,9,2,4,"11:33 PM","0:24",null,null,"Cavaliers Timeout: Short (Reg.5 Short 2)",null,null],["0041400401",476,2,1,4,"11:34 PM","0:03",null,null,"MISS James 21' Jump Shot",null,null],["0041400401",477,4,0,4,"11:34 PM","0:01",null,null,"Shumpert REBOUND (Off:1 Def:1)",null,null],["0041400401",478,2,1,4,"11:34 PM","0:00",null,null,"MISS Shumpert 21' Jump Shot",null,null],["0041400401",479,4,0,4,"11:34 PM","0:00",null,null,"Cavaliers Rebound",null,null],["0041400401",480,13,0,4,"11:35 PM","0:00",null,null,null,"98 - 98","TIE"],["0041400401",482,12,0,5,"11:37 PM","5:00",null,null,null,"98 - 98","TIE"],["0041400401",483,10,0,5,"11:38 PM","4:59","Jump Ball Ezeli vs. Mozgov: Tip to Irving",null,null,null,null],["0041400401",484,2,65,5,"11:38 PM","4:37",null,null,"MISS James 9' Jump Hook Shot",null,null],["0041400401",485,4,0,5,"11:38 PM","4:36","Thompson REBOUND (Off:1 Def:5)",null,null,null,null],["0041400401",486,5,1,5,"11:38 PM","4:23","Curry Bad Pass Turnover (P4.T12)",null,"Irving STEAL (4 STL)",null,null],["0041400401",487,2,1,5,"11:38 PM","4:10",null,null,"MISS Smith 24' 3PT Jump Shot",null,null],["0041400401",488,4,0,5,"11:38 PM","4:09","Ezeli REBOUND (Off:0 Def:4)",null,null,null,null],["0041400401",489,2,42,5,"11:39 PM","3:49","MISS Green 2' Driving Layup",null,null,null,null],["0041400401",490,4,0,5,"11:39 PM","3:47",null,null,"Mozgov REBOUND (Off:3 Def:4)",null,null],["0041400401",491,2,44,5,"11:39 PM","3:31",null,null,"MISS Irving 2' Reverse Layup",null,null],["0041400401",492,4,0,5,"11:39 PM","3:30","Ezeli REBOUND (Off:0 Def:5)",null,null,null,null],["0041400401",493,6,2,5,"11:39 PM","3:17",null,null,"Thompson S.FOUL (P3.T1) (J.Capers)",null,null],["0041400401",494,3,11,5,"11:40 PM","3:17","Curry Free Throw 1 of 2 (23 PTS)",null,null,"98 - 99","1"],["0041400401",497,8,0,5,"11:40 PM","3:17","SUB: Barnes FOR Ezeli",null,null,null,null],["0041400401",498,3,12,5,"11:40 PM","3:17","Curry Free Throw 2 of 2 (24 PTS)",null,null,"98 - 100","2"],["0041400401",500,2,1,5,"11:41 PM","2:53",null,null,"MISS Smith 6' Jump Shot",null,null],["0041400401",501,4,0,5,"11:41 PM","2:52","Green REBOUND (Off:2 Def:2)",null,null,null,null],["0041400401",502,2,79,5,"11:41 PM","2:47","MISS Thompson  3PT Pullup Jump Shot",null,null,null,null],["0041400401",503,4,0,5,"11:41 PM","2:46",null,null,"James REBOUND (Off:0 Def:6)",null,null],["0041400401",504,2,44,5,"11:41 PM","2:36",null,null,"MISS Mozgov 2' Reverse Layup",null,null],["0041400401",505,4,0,5,"11:41 PM","2:35","Barnes REBOUND (Off:2 Def:4)",null,null,null,null],["0041400401",506,6,1,5,"11:41 PM","2:30",null,null,"Irving P.FOUL (P5.T2) (M.McCutchen)",null,null],["0041400401",507,18,0,5,"11:42 PM","2:30",null,null,null,null,null],["0041400401",508,3,11,5,"11:42 PM","2:30","Curry Free Throw 1 of 2 (25 PTS)",null,null,"98 - 101","3"],["0041400401",510,8,0,5,"11:42 PM","2:30",null,null,"SUB: Jones FOR Mozgov",null,null],["0041400401",511,3,12,5,"11:43 PM","2:30","Curry Free Throw 2 of 2 (26 PTS)",null,null,"98 - 102","4"],["0041400401",513,2,1,5,"11:43 PM","2:17",null,null,"MISS Smith 25' 3PT Jump Shot",null,null],["0041400401",514,4,0,5,"11:43 PM","2:16","Green REBOUND (Off:2 Def:3)",null,null,null,null],["0041400401",515,1,79,5,"11:43 PM","2:02","Barnes  3PT Pullup Jump Shot (11 PTS) (Iguodala 2 AST)",null,null,"98 - 105","7"],["0041400401",516,9,1,5,"11:43 PM","2:02",null,null,"Cavaliers Timeout: Regular (Reg.6 Short 2)",null,null],["0041400401",518,8,0,5,"11:46 PM","2:02",null,null,"SUB: Dellavedova FOR Irving",null,null],["0041400401",519,5,2,5,"11:46 PM","1:52","Curry STEAL (2 STL)",null,"James Lost Ball Turnover (P3.T10)",null,null],["0041400401",520,6,1,5,"11:46 PM","1:52",null,null,"Jones P.FOUL (P3.T3) (M.McCutchen)",null,null],["0041400401",521,6,2,5,"11:47 PM","1:40",null,null,"Jones S.FOUL (P4.PN) (J.Phillips)",null,null],["0041400401",522,3,11,5,"11:47 PM","1:40","MISS Iguodala Free Throw 1 of 2",null,null,null,null],["0041400401",523,4,1,5,"11:47 PM","1:40","WARRIORS Rebound",null,null,null,null],["0041400401",524,3,12,5,"11:47 PM","1:40","Iguodala Free Throw 2 of 2 (15 PTS)",null,null,"98 - 106","8"],["0041400401",526,2,1,5,"11:47 PM","1:30",null,null,"MISS James 26' 3PT Jump Shot",null,null],["0041400401",527,4,0,5,"11:48 PM","1:28",null,null,"Thompson REBOUND (Off:6 Def:9)",null,null],["0041400401",528,2,1,5,"11:48 PM","1:18",null,null,"MISS James 26' 3PT Jump Shot",null,null],["0041400401",529,4,0,5,"11:48 PM","1:17","Green REBOUND (Off:2 Def:4)",null,null,null,null],["0041400401",530,6,1,5,"11:48 PM","1:16",null,null,"Smith P.FOUL (P2.PN) (J.Capers)",null,null],["0041400401",531,3,11,5,"11:48 PM","1:16","Green Free Throw 1 of 2 (11 PTS)",null,null,"98 - 107","9"],["0041400401",533,3,12,5,"11:49 PM","1:16","Green Free Throw 2 of 2 (12 PTS)",null,null,"98 - 108","10"],["0041400401",535,9,1,5,"11:49 PM","1:16",null,null,"Cavaliers Timeout: Regular (Reg.7 Short 2)",null,null],["0041400401",539,5,2,5,"11:51 PM","1:10","Green STEAL (2 STL)",null,"Jones Lost Ball Turnover (P1.T11)",null,null],["0041400401",540,2,79,5,"11:51 PM","0:49","MISS Curry 27' 3PT Pullup Jump Shot",null,null,null,null],["0041400401",541,4,0,5,"11:51 PM","0:47",null,null,"James REBOUND (Off:0 Def:7)",null,null],["0041400401",542,5,1,5,"11:51 PM","0:39","Thompson STEAL (1 STL)",null,"James Bad Pass Turnover (P4.T12)",null,null],["0041400401",543,2,79,5,"11:52 PM","0:17","MISS Barnes 24' 3PT Pullup Jump Shot",null,null,null,null],["0041400401",544,4,0,5,"11:52 PM","0:16",null,null,"James REBOUND (Off:0 Def:8)",null,null],["0041400401",545,1,42,5,"11:52 PM","0:09",null,null,"James 2' Driving Layup (44 PTS)","100 - 108","8"],["0041400401",546,13,0,5,"11:52 PM","0:00",null,null,null,"100 - 108","8"]]},{"name":"AvailableVideo","headers":["VIDEO_AVAILABLE_FLAG"],"rowSet":[[1]]}]}