{"resource":"playbyplay","parameters":{"GameID":"0041400165","StartPeriod":0,"EndPeriod":14},"resultSets":[{"name":"PlayByPlay","headers":["GAME_ID","EVENTNUM","EVENTMSGTYPE","EVENTMSGACTIONTYPE","PERIOD","WCTIMESTRING","PCTIMESTRING","HOMEDESCRIPTION","NEUTRALDESCRIPTION","VISITORDESCRIPTION","SCORE","SCOREMARGIN"],"rowSet":[["0041400165",0,12,0,1,"10:51 PM","12:00",null,null,null,null,null],["0041400165",1,10,0,1,"10:51 PM","12:00","Jump Ball Jordan vs. Duncan: Tip to Paul",null,null,null,null],["0041400165",2,6,2,1,"10:51 PM","11:46",null,null,"Splitter S.FOUL (P1.T1) (J.Tiven)",null,null],["0041400165",3,3,11,1,"10:51 PM","11:46","MISS Griffin Free Throw 1 of 2",null,null,null,null],["0041400165",4,4,1,1,"10:51 PM","11:46","CLIPPERS Rebound",null,null,null,null],["0041400165",5,3,12,1,"10:51 PM","11:46","Griffin Free Throw 2 of 2 (1 PTS)",null,null,"0 - 1","1"],["0041400165",7,2,1,1,"10:52 PM","11:24",null,null,"MISS Parker 14' Jump Shot",null,null],["0041400165",8,4,0,1,"10:52 PM","11:23","Griffin REBOUND (Off:0 Def:1)",null,null,null,null],["0041400165",9,2,1,1,"10:52 PM","11:17","MISS Paul 26' 3PT Jump Shot",null,null,null,null],["0041400165",10,4,0,1,"10:52 PM","11:16",null,null,"Duncan REBOUND (Off:0 Def:1)",null,null],["0041400165",11,2,1,1,"10:53 PM","11:03",null,null,"MISS Parker 19' Jump Shot",null,null],["0041400165",12,4,0,1,"10:53 PM","11:01","Griffin REBOUND (Off:0 Def:2)",null,null,null,null],["0041400165",13,1,42,1,"10:53 PM","10:57","Griffin 2' Driving Layup (3 PTS)",null,null,"0 - 3","3"],["0041400165",14,1,79,1,"10:53 PM","10:43",null,null,"Leonard 14' Pullup Jump Shot (2 PTS) (Green 1 AST)","2 - 3","1"],["0041400165",15,5,4,1,"10:53 PM","10:23","Redick Traveling Turnover (P1.T1)",null,null,null,null],["0041400165",16,2,1,1,"10:54 PM","10:07",null,null,"MISS Parker 20' Jump Shot",null,null],["0041400165",17,4,0,1,"10:54 PM","10:06","Jordan REBOUND (Off:0 Def:1)",null,null,null,null],["0041400165",18,1,1,1,"10:54 PM","9:51","Barnes 26' 3PT Jump Shot (3 PTS) (Paul 1 AST)",null,null,"2 - 6","4"],["0041400165",19,6,2,1,"10:54 PM","9:31","Jordan S.FOUL (P1.T1) (S.Foster)",null,null,null,null],["0041400165",20,3,11,1,"10:54 PM","9:31",null,null,"MISS Duncan Free Throw 1 of 2",null,null],["0041400165",21,4,1,1,"10:54 PM","9:31",null,null,"Spurs Rebound",null,null],["0041400165",22,3,12,1,"10:55 PM","9:31",null,null,"Duncan Free Throw 2 of 2 (1 PTS)","3 - 6","3"],["0041400165",24,2,1,1,"10:55 PM","9:18","MISS Barnes 28' 3PT Jump Shot",null,null,null,null],["0041400165",25,4,0,1,"10:55 PM","9:17",null,null,"Leonard REBOUND (Off:0 Def:1)",null,null],["0041400165",26,6,2,1,"10:55 PM","9:14","Barnes S.FOUL (P1.T2) (J.Tiven)",null,null,null,null],["0041400165",27,3,11,1,"10:56 PM","9:14",null,null,"Leonard Free Throw 1 of 2 (3 PTS)","4 - 6","2"],["0041400165",29,3,12,1,"10:56 PM","9:14",null,null,"Leonard Free Throw 2 of 2 (4 PTS)","5 - 6","1"],["0041400165",31,1,1,1,"10:56 PM","8:49","Griffin 21' Jump Shot (5 PTS)",null,null,"5 - 8","3"],["0041400165",32,2,47,1,"10:57 PM","8:39",null,null,"MISS Leonard 10' Turnaround Jump Shot",null,null],["0041400165",33,4,0,1,"10:57 PM","8:37",null,null,"Splitter REBOUND (Off:1 Def:0)",null,null],["0041400165",34,2,1,1,"10:57 PM","8:33",null,null,"MISS Green 26' 3PT Jump Shot",null,null],["0041400165",35,4,0,1,"10:57 PM","8:32","Jordan REBOUND (Off:0 Def:2)",null,null,null,null],["0041400165",36,1,46,1,"10:57 PM","8:17","Redick 10' Running Jump Shot (2 PTS) (Griffin 1 AST)",null,null,"5 - 10","5"],["0041400165",37,6,1,1,"10:57 PM","8:09","Barnes P.FOUL (P2.T3) (J.Tiven)",null,null,null,null],["0041400165",38,2,5,1,"10:58 PM","7:58","Barnes BLOCK (1 BLK)",null,"MISS Splitter 3' Layup",null,null],["0041400165",39,4,0,1,"10:58 PM","7:57","CLIPPERS Rebound",null,null,null,null],["0041400165",40,1,1,1,"10:58 PM","7:45","Griffin 18' Jump Shot (7 PTS) (Paul 2 AST)",null,null,"5 - 12","7"],["0041400165",41,9,1,1,"10:58 PM","7:45",null,null,"Spurs Timeout: Regular (Reg.1 Short 0)",null,null],["0041400165",43,8,0,1,"11:01 PM","7:45",null,null,"SUB: Diaw FOR Splitter",null,null],["0041400165",44,5,1,1,"11:01 PM","7:31","Paul STEAL (1 STL)",null,"Parker Bad Pass Turnover (P1.T1)",null,null],["0041400165",45,2,3,1,"11:02 PM","7:22","MISS Jordan 5' Hook Shot",null,null,null,null],["0041400165",46,4,0,1,"11:02 PM","7:19",null,null,"Diaw REBOUND (Off:0 Def:1)",null,null],["0041400165",47,1,79,1,"11:02 PM","7:06",null,null,"Leonard 12' Pullup Jump Shot (6 PTS) (Green 2 AST)","7 - 12","5"],["0041400165",48,1,1,1,"11:02 PM","6:48","Griffin 5' Jump Shot (9 PTS) (Paul 3 AST)",null,null,"7 - 14","7"],["0041400165",49,1,78,1,"11:02 PM","6:30",null,null,"Parker 6' Floating Jump Shot (2 PTS)","9 - 14","5"],["0041400165",50,2,63,1,"11:03 PM","6:09","MISS Redick 12' Fadeaway Jumper",null,null,null,null],["0041400165",51,4,0,1,"11:03 PM","6:07",null,null,"Duncan REBOUND (Off:0 Def:2)",null,null],["0041400165",52,2,1,1,"11:03 PM","5:54",null,null,"MISS Green 26' 3PT Jump Shot",null,null],["0041400165",53,4,0,1,"11:03 PM","5:53","Griffin REBOUND (Off:0 Def:3)",null,null,null,null],["0041400165",54,2,1,1,"11:03 PM","5:45","MISS Barnes 25' 3PT Jump Shot",null,null,null,null],["0041400165",55,4,0,1,"11:03 PM","5:43",null,null,"Duncan REBOUND (Off:0 Def:3)",null,null],["0041400165",56,2,1,1,"11:03 PM","5:30",null,null,"MISS Duncan 4' Jump Shot",null,null],["0041400165",57,4,0,1,"11:03 PM","5:29","Jordan REBOUND (Off:0 Def:3)",null,null,null,null],["0041400165",58,1,88,1,"11:04 PM","5:26","Griffin  Driving Slam Dunk (11 PTS) (Paul 4 AST)",null,null,"9 - 16","7"],["0041400165",59,2,1,1,"11:04 PM","5:08",null,null,"MISS Green 7' Jump Shot",null,null],["0041400165",60,4,0,1,"11:04 PM","5:07","Griffin REBOUND (Off:0 Def:4)",null,null,null,null],["0041400165",61,2,1,1,"11:04 PM","5:01","MISS Redick 11' Jump Shot",null,null,null,null],["0041400165",62,4,0,1,"11:04 PM","5:00",null,null,"Leonard REBOUND (Off:0 Def:2)",null,null],["0041400165",63,2,78,1,"11:04 PM","4:53",null,null,"MISS Duncan 9' Floating Jump Shot",null,null],["0041400165",65,4,0,1,"11:04 PM","4:51",null,null,"Duncan REBOUND (Off:1 Def:3)",null,null],["0041400165",64,1,5,1,"11:04 PM","4:48",null,null,"Duncan 2' Layup (3 PTS)","11 - 16","5"],["0041400165",66,9,1,1,"11:05 PM","4:48","CLIPPERS Timeout: Regular (Full 1 Short 0)",null,null,null,null],["0041400165",68,8,0,1,"11:07 PM","4:48","SUB: Crawford FOR Barnes",null,null,null,null],["0041400165",69,8,0,1,"11:07 PM","4:48",null,null,"SUB: Mills FOR Parker",null,null],["0041400165",70,8,0,1,"11:07 PM","4:48",null,null,"SUB: Ginobili FOR Green",null,null],["0041400165",71,6,1,1,"11:08 PM","4:35",null,null,"Mills P.FOUL (P1.T2) (J.Tiven)",null,null],["0041400165",72,2,1,1,"11:08 PM","4:28","MISS Paul 17' Jump Shot",null,null,null,null],["0041400165",73,4,0,1,"11:08 PM","4:27",null,null,"Duncan REBOUND (Off:1 Def:4)",null,null],["0041400165",74,1,63,1,"11:09 PM","4:09",null,null,"Duncan 12' Fadeaway Jumper (5 PTS)","13 - 16","3"],["0041400165",75,6,17,1,"11:09 PM","3:55",null,null,"Spurs T.Foul (Def. 3 Sec Duncan ) (S.Foster)",null,null],["0041400165",76,3,16,1,"11:09 PM","3:55","Redick Free Throw Technical (3 PTS)",null,null,"13 - 17","4"],["0041400165",78,2,1,1,"11:10 PM","3:47","MISS Paul 13' Jump Shot",null,null,null,null],["0041400165",79,4,0,1,"11:10 PM","3:46",null,null,"Diaw REBOUND (Off:0 Def:2)",null,null],["0041400165",80,2,1,1,"11:10 PM","3:39",null,null,"MISS Ginobili 24' 3PT Jump Shot",null,null],["0041400165",81,4,0,1,"11:10 PM","3:38","Griffin REBOUND (Off:0 Def:5)",null,null,null,null],["0041400165",82,1,43,1,"11:10 PM","3:32","Jordan 2' Alley Oop Layup (2 PTS) (Griffin 2 AST)",null,null,"13 - 19","6"],["0041400165",83,9,2,1,"11:10 PM","3:21",null,null,"Spurs Timeout: Short (Reg.1 Short 1)",null,null],["0041400165",85,8,0,1,"11:11 PM","3:21","SUB: Rivers FOR Redick",null,null,null,null],["0041400165",86,5,1,1,"11:12 PM","3:14","Paul STEAL (2 STL)",null,"Mills Bad Pass Turnover (P1.T2)",null,null],["0041400165",87,1,52,1,"11:12 PM","3:10","Jordan  Alley Oop Dunk (4 PTS) (Paul 5 AST)",null,null,"13 - 21","8"],["0041400165",88,5,1,1,"11:12 PM","2:57",null,null,"Leonard Bad Pass Turnover (P1.T3)",null,null],["0041400165",89,6,1,1,"11:12 PM","2:54",null,null,"Leonard P.FOUL (P1.T3) (B.Kennedy)",null,null],["0041400165",90,8,0,1,"11:12 PM","2:54",null,null,"SUB: Baynes FOR Duncan",null,null],["0041400165",91,2,5,1,"11:13 PM","2:49","MISS Griffin 2' Layup",null,null,null,null],["0041400165",92,4,0,1,"11:13 PM","2:48","Griffin REBOUND (Off:1 Def:5)",null,null,null,null],["0041400165",93,6,2,1,"11:13 PM","2:48",null,null,"Diaw S.FOUL (P1.T4) (J.Tiven)",null,null],["0041400165",94,3,11,1,"11:13 PM","2:48","Griffin Free Throw 1 of 2 (12 PTS)",null,null,"13 - 22","9"],["0041400165",96,8,0,1,"11:13 PM","2:48",null,null,"SUB: Belinelli FOR Leonard",null,null],["0041400165",97,8,0,1,"11:14 PM","2:48","SUB: Davis FOR Jordan",null,null,null,null],["0041400165",98,3,12,1,"11:14 PM","2:48","Griffin Free Throw 2 of 2 (13 PTS)",null,null,"13 - 23","10"],["0041400165",100,6,1,1,"11:14 PM","2:34","Rivers P.FOUL (P1.T4) (B.Kennedy)",null,null,null,null],["0041400165",101,5,39,1,"11:15 PM","2:25",null,null,"Diaw Step Out of Bounds Turnover (P1.T4)",null,null],["0041400165",102,1,5,1,"11:15 PM","2:10","Davis 2' Layup (2 PTS) (Paul 6 AST)",null,null,"13 - 25","12"],["0041400165",103,2,1,1,"11:15 PM","1:51",null,null,"MISS Belinelli 23' Jump Shot",null,null],["0041400165",104,4,0,1,"11:15 PM","1:50","Davis REBOUND (Off:0 Def:1)",null,null,null,null],["0041400165",105,1,79,1,"11:16 PM","1:40","Paul 17' Pullup Jump Shot (2 PTS)",null,null,"13 - 27","14"],["0041400165",106,6,2,1,"11:16 PM","1:30","Davis S.FOUL (P1.PN) (J.Tiven)",null,null,null,null],["0041400165",107,3,11,1,"11:16 PM","1:30",null,null,"Belinelli Free Throw 1 of 2 (1 PTS)","14 - 27","13"],["0041400165",109,8,0,1,"11:16 PM","1:30","SUB: Redick FOR Paul",null,null,null,null],["0041400165",110,3,12,1,"11:16 PM","1:30",null,null,"Belinelli Free Throw 2 of 2 (2 PTS)","15 - 27","12"],["0041400165",112,5,8,1,"11:17 PM","1:16","Davis 3 Second Violation Turnover (P1.T2)",null,null,null,null],["0041400165",113,1,1,1,"11:17 PM","1:02",null,null,"Mills 28' 3PT Jump Shot (3 PTS) (Ginobili 1 AST)","18 - 27","9"],["0041400165",114,2,40,1,"11:18 PM","0:46","MISS Davis 1' Layup",null,"Ginobili BLOCK (1 BLK)",null,null],["0041400165",115,4,0,1,"11:18 PM","0:44",null,null,"Ginobili REBOUND (Off:0 Def:1)",null,null],["0041400165",116,1,73,1,"11:18 PM","0:38",null,null,"Diaw 2' Driving Reverse Layup (2 PTS)","20 - 27","7"],["0041400165",117,2,1,1,"11:18 PM","0:29","MISS Crawford 26' 3PT Jump Shot",null,null,null,null],["0041400165",118,4,0,1,"11:18 PM","0:28",null,null,"Diaw REBOUND (Off:0 Def:3)",null,null],["0041400165",120,1,42,1,"11:18 PM","0:08",null,null,"Ginobili 3' Driving Layup (2 PTS)","22 - 27","5"],["0041400165",121,2,1,1,"11:19 PM","0:02","MISS Crawford 26' 3PT Jump Shot",null,null,null,null],["0041400165",122,4,0,1,"11:19 PM","0:00","CLIPPERS Rebound",null,null,null,null],["0041400165",123,13,0,1,"11:19 PM","0:00",null,null,null,"22 - 27","5"],["0041400165",125,12,0,2,"11:22 PM","12:00",null,null,null,"22 - 27","5"],["0041400165",126,1,1,2,"11:23 PM","11:44",null,null,"Mills 27' 3PT Jump Shot (6 PTS) (Ginobili 2 AST)","25 - 27","2"],["0041400165",127,2,1,2,"11:23 PM","11:18","MISS Crawford 27' 3PT Jump Shot",null,null,null,null],["0041400165",128,4,0,2,"11:23 PM","11:17",null,null,"Mills REBOUND (Off:0 Def:1)",null,null],["0041400165",129,1,1,2,"11:23 PM","11:03",null,null,"Ginobili 25' 3PT Jump Shot (5 PTS) (Belinelli 1 AST)","28 - 27","-1"],["0041400165",130,1,5,2,"11:24 PM","10:51","Davis 3' Layup (4 PTS) (Rivers 1 AST)",null,null,"28 - 29","1"],["0041400165",131,6,29,2,"11:24 PM","10:51",null,null,"Baynes Shooting Block Foul (P1.T1) (S.Foster)",null,null],["0041400165",132,3,10,2,"11:24 PM","10:51","Davis Free Throw 1 of 1 (5 PTS)",null,null,"28 - 30","2"],["0041400165",134,2,5,2,"11:24 PM","10:38",null,null,"MISS Diaw 3' Layup",null,null],["0041400165",135,4,0,2,"11:24 PM","10:38","CLIPPERS Rebound",null,null,null,null],["0041400165",136,6,3,2,"11:25 PM","10:38",null,null,"Diaw L.B.FOUL (P2.T2) (J.Tiven)",null,null],["0041400165",140,2,5,2,"11:26 PM","10:26","MISS Crawford 3' Layup",null,null,null,null],["0041400165",141,4,0,2,"11:26 PM","10:25","Jordan REBOUND (Off:1 Def:3)",null,null,null,null],["0041400165",142,2,3,2,"11:26 PM","10:24","MISS Jordan 7' Hook Shot",null,null,null,null],["0041400165",143,4,0,2,"11:26 PM","10:20",null,null,"Baynes REBOUND (Off:0 Def:1)",null,null],["0041400165",144,2,78,2,"11:27 PM","9:59",null,null,"MISS Ginobili 4' Floating Jump Shot",null,null],["0041400165",145,4,0,2,"11:27 PM","9:56",null,null,"Ginobili REBOUND (Off:1 Def:1)",null,null],["0041400165",146,5,1,2,"11:27 PM","9:50","Redick STEAL (1 STL)",null,"Ginobili Bad Pass Turnover (P1.T5)",null,null],["0041400165",147,2,1,2,"11:27 PM","9:41","MISS Rivers 25' 3PT Jump Shot",null,null,null,null],["0041400165",148,4,0,2,"11:27 PM","9:40",null,null,"Mills REBOUND (Off:0 Def:2)",null,null],["0041400165",149,1,1,2,"11:27 PM","9:35",null,null,"Mills 27' 3PT Jump Shot (9 PTS)","31 - 30","-1"],["0041400165",150,6,2,2,"11:27 PM","9:35","Rivers S.FOUL (P2.T1) (B.Kennedy)",null,null,null,null],["0041400165",151,8,0,2,"11:27 PM","9:35",null,null,"SUB: Leonard FOR Ginobili",null,null],["0041400165",152,18,0,2,"11:27 PM","9:35",null,null,null,null,null],["0041400165",153,3,10,2,"11:28 PM","9:35",null,null,"Mills Free Throw 1 of 1 (10 PTS)","32 - 30","-2"],["0041400165",155,2,46,2,"11:28 PM","9:19","MISS Rivers 8' Running Jump Shot",null,null,null,null],["0041400165",157,4,0,2,"11:28 PM","9:18","Jordan REBOUND (Off:2 Def:3)",null,null,null,null],["0041400165",156,1,92,2,"11:28 PM","9:18","Jordan  Putback Slam Dunk (6 PTS)",null,null,"32 - 32","TIE"],["0041400165",158,2,3,2,"11:29 PM","9:04",null,null,"MISS Diaw 5' Hook Shot",null,null],["0041400165",160,4,0,2,"11:29 PM","9:01",null,null,"Baynes REBOUND (Off:1 Def:1)",null,null],["0041400165",159,2,4,2,"11:29 PM","9:01",null,null,"MISS Baynes 3' Tip Shot",null,null],["0041400165",161,4,0,2,"11:29 PM","8:58","Rivers REBOUND (Off:0 Def:1)",null,null,null,null],["0041400165",162,2,1,2,"11:29 PM","8:48","MISS Rivers 8' Jump Shot",null,null,null,null],["0041400165",163,4,0,2,"11:29 PM","8:47",null,null,"Diaw REBOUND (Off:0 Def:4)",null,null],["0041400165",164,2,5,2,"11:29 PM","8:43","Jordan BLOCK (1 BLK)",null,"MISS Mills 2' Layup",null,null],["0041400165",165,4,0,2,"11:29 PM","8:41","Davis REBOUND (Off:0 Def:2)",null,null,null,null],["0041400165",166,1,42,2,"11:29 PM","8:36","Crawford 3' Driving Layup (2 PTS)",null,null,"32 - 34","2"],["0041400165",167,9,1,2,"11:29 PM","8:35",null,null,"Spurs Timeout: Regular (Reg.2 Short 1)",null,null],["0041400165",168,8,0,2,"11:32 PM","8:35","SUB: Barnes FOR Crawford",null,null,null,null],["0041400165",169,8,0,2,"11:32 PM","8:35","SUB: Griffin FOR Davis",null,null,null,null],["0041400165",170,8,0,2,"11:32 PM","8:35","SUB: Paul FOR Rivers",null,null,null,null],["0041400165",171,8,0,2,"11:32 PM","8:35",null,null,"SUB: Duncan FOR Diaw",null,null],["0041400165",172,8,0,2,"11:32 PM","8:35",null,null,"SUB: Bonner FOR Baynes",null,null],["0041400165",173,2,1,2,"11:33 PM","8:14",null,null,"MISS Leonard 4' Jump Shot",null,null],["0041400165",174,4,0,2,"11:33 PM","8:13","Paul REBOUND (Off:0 Def:1)",null,null,null,null],["0041400165",175,1,42,2,"11:33 PM","8:08","Barnes 1' Driving Layup (5 PTS) (Paul 7 AST)",null,null,"32 - 36","4"],["0041400165",176,5,2,2,"11:33 PM","7:56","Griffin STEAL (1 STL)",null,"Mills Lost Ball Turnover (P2.T6)",null,null],["0041400165",177,2,1,2,"11:33 PM","7:45","MISS Barnes 26' 3PT Jump Shot",null,null,null,null],["0041400165",178,4,0,2,"11:33 PM","7:44",null,null,"Mills REBOUND (Off:0 Def:3)",null,null],["0041400165",181,5,4,2,"11:33 PM","7:34",null,null,"Leonard Traveling Turnover (P2.T7)",null,null],["0041400165",182,8,0,2,"11:34 PM","7:34",null,null,"SUB: Parker FOR Mills",null,null],["0041400165",183,8,0,2,"11:34 PM","7:34",null,null,"SUB: Splitter FOR Bonner",null,null],["0041400165",184,5,8,2,"11:34 PM","7:18","Jordan 3 Second Violation Turnover (P1.T3)",null,null,null,null],["0041400165",185,1,43,2,"11:34 PM","7:06",null,null,"Leonard 3' Alley Oop Layup (8 PTS) (Duncan 1 AST)","34 - 36","2"],["0041400165",186,1,1,2,"11:35 PM","6:51","Redick 20' Jump Shot (5 PTS) (Paul 8 AST)",null,null,"34 - 38","4"],["0041400165",187,5,1,2,"11:35 PM","6:37","Griffin STEAL (2 STL)",null,"Belinelli Bad Pass Turnover (P1.T8)",null,null],["0041400165",188,1,73,2,"11:35 PM","6:32","Redick 2' Driving Reverse Layup (7 PTS) (Griffin 3 AST)",null,null,"34 - 40","6"],["0041400165",189,6,4,2,"11:35 PM","6:20",null,null,"Splitter OFF.Foul (P2) (S.Foster)",null,null],["0041400165",190,5,5,2,"11:35 PM","6:20",null,null,"Splitter Foul Turnover (P1.T9)",null,null],["0041400165",191,8,0,2,"11:35 PM","6:20",null,null,"SUB: Green FOR Belinelli",null,null],["0041400165",196,6,2,2,"11:36 PM","6:14",null,null,"Splitter S.FOUL (P3.T3) (J.Tiven)",null,null],["0041400165",197,3,11,2,"11:36 PM","6:14","Griffin Free Throw 1 of 2 (14 PTS)",null,null,"34 - 41","7"],["0041400165",199,3,12,2,"11:36 PM","6:14","Griffin Free Throw 2 of 2 (15 PTS)",null,null,"34 - 42","8"],["0041400165",201,1,84,2,"11:37 PM","6:05",null,null,"Parker 10' Running Bank Shot (4 PTS)","36 - 42","6"],["0041400165",202,6,2,2,"11:37 PM","6:05","Paul S.FOUL (P1.T2) (S.Foster)",null,null,null,null],["0041400165",203,3,10,2,"11:37 PM","6:05",null,null,"Parker Free Throw 1 of 1 (5 PTS)","37 - 42","5"],["0041400165",205,2,1,2,"11:38 PM","5:45","MISS Redick 18' Jump Shot",null,null,null,null],["0041400165",207,4,0,2,"11:38 PM","5:45","Jordan REBOUND (Off:3 Def:3)",null,null,null,null],["0041400165",210,5,15,2,"11:38 PM","5:45","Barnes Offensive Goaltending Turnover (P1.T4)",null,null,null,null],["0041400165",211,9,4,2,"11:38 PM","5:45",null,null,null,null,null],["0041400165",212,8,0,2,"11:41 PM","5:45",null,null,"SUB: Diaw FOR Splitter",null,null],["0041400165",214,1,1,2,"11:42 PM","5:31",null,null,"Green 19' Jump Shot (2 PTS) (Leonard 1 AST)","39 - 42","3"],["0041400165",215,2,1,2,"11:42 PM","5:06","MISS Griffin 22' Jump Shot",null,null,null,null],["0041400165",216,4,0,2,"11:42 PM","5:05","CLIPPERS Rebound",null,null,null,null],["0041400165",217,5,11,2,"11:42 PM","5:05","CLIPPERS Turnover: Shot Clock (T#5)",null,null,null,null],["0041400165",218,1,1,2,"11:42 PM","4:53",null,null,"Leonard 17' Jump Shot (10 PTS)","41 - 42","1"],["0041400165",219,6,1,2,"11:43 PM","4:39",null,null,"Diaw P.FOUL (P3.T4) (J.Tiven)",null,null],["0041400165",221,8,0,2,"11:43 PM","4:39",null,null,"SUB: Bonner FOR Diaw",null,null],["0041400165",222,6,28,2,"11:43 PM","4:39",null,null,"Bonner Personal Take Foul (P1.PN) (J.Tiven)",null,null],["0041400165",223,3,11,2,"11:44 PM","4:39","MISS Jordan Free Throw 1 of 2",null,null,null,null],["0041400165",224,4,1,2,"11:44 PM","4:39","CLIPPERS Rebound",null,null,null,null],["0041400165",225,3,12,2,"11:44 PM","4:39","MISS Jordan Free Throw 2 of 2",null,null,null,null],["0041400165",227,4,0,2,"11:44 PM","4:38",null,null,"Leonard REBOUND (Off:0 Def:3)",null,null],["0041400165",228,2,1,2,"11:45 PM","4:29",null,null,"MISS Bonner 26' 3PT Jump Shot",null,null],["0041400165",229,4,0,2,"11:45 PM","4:28",null,null,"Duncan REBOUND (Off:2 Def:4)",null,null],["0041400165",230,1,5,2,"11:45 PM","4:26",null,null,"Duncan 3' Layup (7 PTS)","43 - 42","-1"],["0041400165",231,6,28,2,"11:45 PM","4:22",null,null,"Bonner Personal Take Foul (P2.PN) (B.Kennedy)",null,null],["0041400165",232,3,11,2,"11:45 PM","4:22","Jordan Free Throw 1 of 2 (7 PTS)",null,null,"43 - 43","TIE"],["0041400165",234,3,12,2,"11:45 PM","4:22","MISS Jordan Free Throw 2 of 2",null,null,null,null],["0041400165",236,4,0,2,"11:46 PM","4:20",null,null,"Bonner REBOUND (Off:0 Def:1)",null,null],["0041400165",237,1,1,2,"11:46 PM","4:02",null,null,"Bonner 25' 3PT Jump Shot (3 PTS) (Leonard 2 AST)","46 - 43","-3"],["0041400165",238,6,28,2,"11:46 PM","3:59",null,null,"Bonner Personal Take Foul (P3.PN) (B.Kennedy)",null,null],["0041400165",239,3,11,2,"11:46 PM","3:59","MISS Jordan Free Throw 1 of 2",null,null,null,null],["0041400165",240,4,1,2,"11:46 PM","3:59","CLIPPERS Rebound",null,null,null,null],["0041400165",241,3,12,2,"11:46 PM","3:59","Jordan Free Throw 2 of 2 (8 PTS)",null,null,"46 - 44","-2"],["0041400165",243,6,28,2,"11:47 PM","3:57","Redick Personal Take Foul (P1.T3) (S.Foster)",null,null,null,null],["0041400165",244,8,0,2,"11:47 PM","3:57","SUB: Crawford FOR Jordan",null,null,null,null],["0041400165",245,8,0,2,"11:47 PM","3:57",null,null,"SUB: Ginobili FOR Bonner",null,null],["0041400165",247,1,1,2,"11:48 PM","3:38",null,null,"Green 20' Jump Shot (4 PTS) (Parker 1 AST)","48 - 44","-4"],["0041400165",249,2,1,2,"11:48 PM","3:23","MISS Crawford 16' Jump Shot",null,null,null,null],["0041400165",250,4,0,2,"11:48 PM","3:22","Griffin REBOUND (Off:2 Def:5)",null,null,null,null],["0041400165",251,1,5,2,"11:48 PM","3:21","Griffin 1' Layup (17 PTS)",null,null,"48 - 46","-2"],["0041400165",252,2,1,2,"11:48 PM","3:01",null,null,"MISS Ginobili  3PT Jump Shot",null,null],["0041400165",253,4,0,2,"11:48 PM","3:00","Barnes REBOUND (Off:0 Def:1)",null,null,null,null],["0041400165",255,1,79,2,"11:49 PM","2:50","Paul 8' Pullup Jump Shot (4 PTS)",null,null,"48 - 48","TIE"],["0041400165",256,1,7,2,"11:49 PM","2:38",null,null,"Duncan  Dunk (9 PTS) (Ginobili 3 AST)","50 - 48","-2"],["0041400165",257,9,1,2,"11:49 PM","2:38","CLIPPERS Timeout: Regular (Full 2 Short 0)",null,null,null,null],["0041400165",260,1,1,2,"11:52 PM","2:27","Griffin 18' Jump Shot (19 PTS) (Crawford 1 AST)",null,null,"50 - 50","TIE"],["0041400165",261,5,1,2,"11:53 PM","2:11","Griffin STEAL (3 STL)",null,"Ginobili Bad Pass Turnover (P2.T10)",null,null],["0041400165",262,6,2,2,"11:53 PM","2:04",null,null,"Duncan S.FOUL (P1.PN) (S.Foster)",null,null],["0041400165",263,3,11,2,"11:53 PM","2:04","Griffin Free Throw 1 of 2 (20 PTS)",null,null,"50 - 51","1"],["0041400165",265,3,12,2,"11:53 PM","2:04","Griffin Free Throw 2 of 2 (21 PTS)",null,null,"50 - 52","2"],["0041400165",267,2,86,2,"11:54 PM","1:45",null,null,"MISS Leonard 13' Turnaround Fadeaway Shot",null,null],["0041400165",268,4,0,2,"11:54 PM","1:43","Redick REBOUND (Off:0 Def:1)",null,null,null,null],["0041400165",269,2,1,2,"11:54 PM","1:33","MISS Griffin 18' Jump Shot",null,null,null,null],["0041400165",270,4,0,2,"11:54 PM","1:32",null,null,"Ginobili REBOUND (Off:1 Def:2)",null,null],["0041400165",271,1,1,2,"11:55 PM","1:15",null,null,"Ginobili 26' 3PT Jump Shot (8 PTS) (Duncan 2 AST)","53 - 52","-1"],["0041400165",272,6,2,2,"11:55 PM","0:50",null,null,"Leonard S.FOUL (P2.PN) (S.Foster)",null,null],["0041400165",273,3,11,2,"11:55 PM","0:50","Paul Free Throw 1 of 2 (5 PTS)",null,null,"53 - 53","TIE"],["0041400165",275,3,12,2,"11:56 PM","0:50","Paul Free Throw 2 of 2 (6 PTS)",null,null,"53 - 54","1"],["0041400165",277,2,44,2,"11:56 PM","0:30",null,null,"MISS Parker 3' Reverse Layup",null,null],["0041400165",278,4,0,2,"11:56 PM","0:27",null,null,"Green REBOUND (Off:1 Def:0)",null,null],["0041400165",279,6,1,2,"11:56 PM","0:26","Paul P.FOUL (P2.T4) (S.Foster)",null,null,null,null],["0041400165",281,2,1,2,"11:57 PM","0:06","Barnes BLOCK (2 BLK)",null,"MISS Leonard 26' 3PT Jump Shot",null,null],["0041400165",282,4,0,2,"11:57 PM","0:03","Griffin REBOUND (Off:2 Def:6)",null,null,null,null],["0041400165",283,2,1,2,"11:58 PM","0:01","MISS Paul 27' 3PT Jump Shot",null,null,null,null],["0041400165",284,4,0,2,"11:58 PM","0:00","CLIPPERS Rebound",null,null,null,null],["0041400165",285,13,0,2,"11:58 PM","0:00",null,null,null,"53 - 54","1"],["0041400165",287,12,0,3,"12:16 AM","12:00",null,null,null,"53 - 54","1"],["0041400165",288,2,1,3,"12:16 AM","11:37",null,null,"MISS Parker 27' 3PT Jump Shot",null,null],["0041400165",289,4,0,3,"12:16 AM","11:35","Barnes REBOUND (Off:0 Def:2)",null,null,null,null],["0041400165",290,1,42,3,"12:16 AM","11:33","Redick 2' Driving Layup (9 PTS) (Barnes 1 AST)",null,null,"53 - 56","3"],["0041400165",291,6,2,3,"12:16 AM","11:33",null,null,"Parker S.FOUL (P1.T1) (J.Tiven)",null,null],["0041400165",292,3,10,3,"12:17 AM","11:33","MISS Redick Free Throw 1 of 1",null,null,null,null],["0041400165",293,4,0,3,"12:17 AM","11:31",null,null,"Leonard REBOUND (Off:0 Def:4)",null,null],["0041400165",294,6,2,3,"12:17 AM","11:18","Jordan S.FOUL (P2.T1) (S.Foster)",null,null,null,null],["0041400165",295,3,11,3,"12:18 AM","11:18",null,null,"MISS Splitter Free Throw 1 of 2",null,null],["0041400165",296,4,1,3,"12:18 AM","11:18",null,null,"Spurs Rebound",null,null],["0041400165",297,3,12,3,"12:18 AM","11:18",null,null,"MISS Splitter Free Throw 2 of 2",null,null],["0041400165",299,4,0,3,"12:18 AM","11:17","Jordan REBOUND (Off:3 Def:4)",null,null,null,null],["0041400165",300,1,42,3,"12:18 AM","11:02","Paul 3' Driving Layup (8 PTS)",null,null,"53 - 58","5"],["0041400165",301,1,5,3,"12:18 AM","10:47",null,null,"Splitter 2' Layup (2 PTS) (Duncan 3 AST)","55 - 58","3"],["0041400165",302,5,13,3,"12:19 AM","10:33","CLIPPERS Turnover: Backcourt (T#6)",null,null,null,null],["0041400165",303,6,2,3,"12:19 AM","10:25","Barnes S.FOUL (P3.T2) (S.Foster)",null,null,null,null],["0041400165",304,3,11,3,"12:19 AM","10:25",null,null,"Leonard Free Throw 1 of 2 (11 PTS)","56 - 58","2"],["0041400165",306,3,12,3,"12:19 AM","10:25",null,null,"MISS Leonard Free Throw 2 of 2",null,null],["0041400165",308,4,0,3,"12:20 AM","10:24","Jordan REBOUND (Off:3 Def:5)",null,null,null,null],["0041400165",309,1,75,3,"12:20 AM","10:10","Redick  Driving Finger Roll Layup (11 PTS) (Griffin 4 AST)",null,null,"56 - 60","4"],["0041400165",310,7,5,3,"12:20 AM","9:58","Barnes Violation:Kicked Ball (S.Foster)",null,null,null,null],["0041400165",311,2,1,3,"12:21 AM","9:48",null,null,"MISS Parker 12' Jump Shot",null,null],["0041400165",312,4,0,3,"12:21 AM","9:47",null,null,"Parker REBOUND (Off:1 Def:0)",null,null],["0041400165",313,2,5,3,"12:21 AM","9:44",null,null,"MISS Parker 2' Layup",null,null],["0041400165",314,4,0,3,"12:21 AM","9:42","Jordan REBOUND (Off:3 Def:6)",null,null,null,null],["0041400165",315,2,1,3,"12:21 AM","9:29","MISS Griffin 13' Jump Shot",null,null,null,null],["0041400165",317,4,0,3,"12:21 AM","9:27","Jordan REBOUND (Off:4 Def:6)",null,null,null,null],["0041400165",316,1,4,3,"12:21 AM","9:27","Jordan 2' Tip Shot (10 PTS)",null,null,"56 - 62","6"],["0041400165",318,9,1,3,"12:21 AM","9:27",null,null,"Spurs Timeout: Regular (Reg.3 Short 1)",null,null],["0041400165",320,8,0,3,"12:24 AM","9:27",null,null,"SUB: Baynes FOR Splitter",null,null],["0041400165",321,2,1,3,"12:25 AM","9:11",null,null,"MISS Leonard 10' Jump Shot",null,null],["0041400165",322,4,0,3,"12:25 AM","9:10","Jordan REBOUND (Off:4 Def:7)",null,null,null,null],["0041400165",323,2,1,3,"12:25 AM","9:01","MISS Paul 17' Jump Shot",null,null,null,null],["0041400165",324,4,0,3,"12:25 AM","9:00",null,null,"Parker REBOUND (Off:1 Def:1)",null,null],["0041400165",325,1,63,3,"12:25 AM","8:49",null,null,"Parker 6' Fadeaway Jumper (7 PTS)","58 - 62","4"],["0041400165",326,2,1,3,"12:25 AM","8:41","MISS Redick 21' Jump Shot",null,null,null,null],["0041400165",327,4,0,3,"12:25 AM","8:40",null,null,"Duncan REBOUND (Off:2 Def:5)",null,null],["0041400165",328,6,2,3,"12:25 AM","8:27","Griffin S.FOUL (P1.T3) (B.Kennedy)",null,null,null,null],["0041400165",329,3,11,3,"12:26 AM","8:27",null,null,"Duncan Free Throw 1 of 2 (10 PTS)","59 - 62","3"],["0041400165",331,3,12,3,"12:26 AM","8:27",null,null,"Duncan Free Throw 2 of 2 (11 PTS)","60 - 62","2"],["0041400165",333,2,1,3,"12:27 AM","8:05","MISS Griffin 25' 3PT Jump Shot",null,null,null,null],["0041400165",334,4,0,3,"12:27 AM","8:03",null,null,"Parker REBOUND (Off:1 Def:2)",null,null],["0041400165",335,2,5,3,"12:27 AM","7:58",null,null,"MISS Duncan 2' Layup",null,null],["0041400165",336,4,0,3,"12:27 AM","7:55",null,null,"Parker REBOUND (Off:2 Def:2)",null,null],["0041400165",337,2,5,3,"12:27 AM","7:45",null,null,"MISS Duncan 3' Layup",null,null],["0041400165",338,4,0,3,"12:27 AM","7:44","Barnes REBOUND (Off:0 Def:3)",null,null,null,null],["0041400165",341,5,2,3,"12:27 AM","7:36","Griffin Lost Ball Turnover (P1.T7)",null,"Duncan STEAL (1 STL)",null,null],["0041400165",342,2,1,3,"12:28 AM","7:14",null,null,"MISS Leonard 25' 3PT Jump Shot",null,null],["0041400165",343,4,0,3,"12:28 AM","7:13","Barnes REBOUND (Off:0 Def:4)",null,null,null,null],["0041400165",344,2,46,3,"12:28 AM","7:01","MISS Paul 7' Running Jump Shot",null,null,null,null],["0041400165",345,4,0,3,"12:28 AM","7:01",null,null,"Leonard REBOUND (Off:0 Def:5)",null,null],["0041400165",346,6,1,3,"12:28 AM","7:01","Paul P.FOUL (P3.T4) (J.Tiven)",null,null,null,null],["0041400165",347,9,1,3,"12:28 AM","7:01","CLIPPERS Timeout: Regular (Full 3 Short 0)",null,null,null,null],["0041400165",349,2,1,3,"12:32 AM","6:48",null,null,"MISS Leonard 24' 3PT Jump Shot",null,null],["0041400165",350,4,0,3,"12:32 AM","6:48","CLIPPERS Rebound",null,null,null,null],["0041400165",351,6,3,3,"12:32 AM","6:48",null,null,"Baynes L.B.FOUL (P2.T2) (J.Tiven)",null,null],["0041400165",352,2,1,3,"12:32 AM","6:27","MISS Griffin 18' Jump Shot",null,null,null,null],["0041400165",353,4,0,3,"12:32 AM","6:26",null,null,"Parker REBOUND (Off:2 Def:3)",null,null],["0041400165",354,6,1,3,"12:33 AM","6:10","Redick P.FOUL (P2.PN) (B.Kennedy)",null,null,null,null],["0041400165",355,3,11,3,"12:33 AM","6:10",null,null,"Parker Free Throw 1 of 2 (8 PTS)","61 - 62","1"],["0041400165",358,8,0,3,"12:33 AM","6:10",null,null,"SUB: Diaw FOR Baynes",null,null],["0041400165",359,3,12,3,"12:33 AM","6:10",null,null,"MISS Parker Free Throw 2 of 2",null,null],["0041400165",361,4,0,3,"12:34 AM","6:09",null,null,"Green REBOUND (Off:2 Def:0)",null,null],["0041400165",362,5,1,3,"12:34 AM","5:58","Redick STEAL (2 STL)",null,"Parker Bad Pass Turnover (P2.T11)",null,null],["0041400165",363,5,1,3,"12:34 AM","5:53","Barnes Bad Pass Turnover (P2.T8)",null,null,null,null],["0041400165",364,1,1,3,"12:34 AM","5:36",null,null,"Parker 13' Jump Shot (10 PTS) (Green 3 AST)","63 - 62","-1"],["0041400165",365,6,1,3,"12:34 AM","5:29",null,null,"Diaw P.FOUL (P4.T3) (J.Tiven)",null,null],["0041400165",366,8,0,3,"12:35 AM","5:29",null,null,"SUB: Baynes FOR Diaw",null,null],["0041400165",367,2,1,3,"12:35 AM","5:23","MISS Griffin 16' Jump Shot",null,null,null,null],["0041400165",368,4,0,3,"12:35 AM","5:23","CLIPPERS Rebound",null,null,null,null],["0041400165",369,6,3,3,"12:35 AM","5:23",null,null,"Baynes L.B.FOUL (P3.T4) (J.Tiven)",null,null],["0041400165",370,8,0,3,"12:35 AM","5:23","SUB: Crawford FOR Barnes",null,null,null,null],["0041400165",372,6,28,3,"12:36 AM","5:22",null,null,"Baynes Personal Take Foul (P4.PN) (S.Foster)",null,null],["0041400165",373,3,11,3,"12:36 AM","5:22","Jordan Free Throw 1 of 2 (11 PTS)",null,null,"63 - 63","TIE"],["0041400165",375,8,0,3,"12:36 AM","5:22",null,null,"SUB: Ginobili FOR Green",null,null],["0041400165",376,8,0,3,"12:36 AM","5:22",null,null,"SUB: Bonner FOR Baynes",null,null],["0041400165",377,3,12,3,"12:36 AM","5:22","Jordan Free Throw 2 of 2 (12 PTS)",null,null,"63 - 64","1"],["0041400165",379,2,1,3,"12:37 AM","5:07","Jordan BLOCK (2 BLK)",null,"MISS Leonard 15' Jump Shot",null,null],["0041400165",380,4,0,3,"12:37 AM","5:05","Jordan REBOUND (Off:4 Def:8)",null,null,null,null],["0041400165",381,5,4,3,"12:37 AM","5:01","Griffin Traveling Turnover (P2.T9)",null,null,null,null],["0041400165",382,2,5,3,"12:38 AM","4:39",null,null,"MISS Ginobili 2' Layup",null,null],["0041400165",383,4,0,3,"12:38 AM","4:38","Griffin REBOUND (Off:2 Def:7)",null,null,null,null],["0041400165",384,6,28,3,"12:38 AM","4:38",null,null,"Bonner Personal Take Foul (P4.PN) (S.Foster)",null,null],["0041400165",385,3,11,3,"12:38 AM","4:38","Jordan Free Throw 1 of 2 (13 PTS)",null,null,"63 - 65","2"],["0041400165",386,3,12,3,"12:38 AM","4:38","MISS Jordan Free Throw 2 of 2",null,null,null,null],["0041400165",387,4,0,3,"12:39 AM","4:36",null,null,"Leonard REBOUND (Off:0 Def:6)",null,null],["0041400165",388,6,1,3,"12:39 AM","4:24","Redick P.FOUL (P3.PN) (B.Kennedy)",null,null,null,null],["0041400165",389,3,11,3,"12:39 AM","4:24",null,null,"Ginobili Free Throw 1 of 2 (9 PTS)","64 - 65","1"],["0041400165",390,8,0,3,"12:40 AM","4:24",null,null,"SUB: Mills FOR Parker",null,null],["0041400165",391,3,12,3,"12:40 AM","4:24",null,null,"Ginobili Free Throw 2 of 2 (10 PTS)","65 - 65","TIE"],["0041400165",393,6,28,3,"12:41 AM","4:23",null,null,"Mills Personal Take Foul (P2.PN) (S.Foster)",null,null],["0041400165",394,3,11,3,"12:41 AM","4:23","MISS Jordan Free Throw 1 of 2",null,null,null,null],["0041400165",395,4,1,3,"12:41 AM","4:23","CLIPPERS Rebound",null,null,null,null],["0041400165",396,3,12,3,"12:41 AM","4:23","Jordan Free Throw 2 of 2 (14 PTS)",null,null,"65 - 66","1"],["0041400165",398,1,96,3,"12:42 AM","4:03",null,null,"Duncan 3' Turnaround Bank Hook Shot (13 PTS)","67 - 66","-1"],["0041400165",399,6,28,3,"12:42 AM","3:59",null,null,"Mills Personal Take Foul (P3.PN) (S.Foster)",null,null],["0041400165",400,3,11,3,"12:43 AM","3:59","Jordan Free Throw 1 of 2 (15 PTS)",null,null,"67 - 67","TIE"],["0041400165",402,8,0,3,"12:43 AM","3:59","SUB: Rivers FOR Redick",null,null,null,null],["0041400165",403,3,12,3,"12:43 AM","3:59","MISS Jordan Free Throw 2 of 2",null,null,null,null],["0041400165",405,4,0,3,"12:44 AM","3:57",null,null,"Leonard REBOUND (Off:0 Def:7)",null,null],["0041400165",406,1,1,3,"12:44 AM","3:41",null,null,"Mills 25' 3PT Jump Shot (13 PTS) (Duncan 4 AST)","70 - 67","-3"],["0041400165",407,6,28,3,"12:44 AM","3:36",null,null,"Mills Personal Take Foul (P4.PN) (S.Foster)",null,null],["0041400165",408,3,11,3,"12:44 AM","3:36","MISS Jordan Free Throw 1 of 2",null,null,null,null],["0041400165",409,4,1,3,"12:44 AM","3:36","CLIPPERS Rebound",null,null,null,null],["0041400165",410,3,12,3,"12:45 AM","3:36","MISS Jordan Free Throw 2 of 2",null,null,null,null],["0041400165",412,4,0,3,"12:45 AM","3:35",null,null,"Bonner REBOUND (Off:0 Def:2)",null,null],["0041400165",413,6,1,3,"12:45 AM","3:26","Rivers P.FOUL (P3.PN) (J.Tiven)",null,null,null,null],["0041400165",414,3,11,3,"12:46 AM","3:26",null,null,"Ginobili Free Throw 1 of 2 (11 PTS)","71 - 67","-4"],["0041400165",416,8,0,3,"12:46 AM","3:26","SUB: Davis FOR Jordan",null,null,null,null],["0041400165",417,8,0,3,"12:46 AM","3:26",null,null,"SUB: Green FOR Bonner",null,null],["0041400165",418,3,12,3,"12:46 AM","3:26",null,null,"Ginobili Free Throw 2 of 2 (12 PTS)","72 - 67","-5"],["0041400165",420,6,2,3,"12:47 AM","3:13",null,null,"Green S.FOUL (P1.PN) (J.Tiven)",null,null],["0041400165",421,3,11,3,"12:47 AM","3:13","Griffin Free Throw 1 of 2 (22 PTS)",null,null,"72 - 68","-4"],["0041400165",423,3,12,3,"12:47 AM","3:13","Griffin Free Throw 2 of 2 (23 PTS)",null,null,"72 - 69","-3"],["0041400165",425,2,3,3,"12:48 AM","2:56","Griffin BLOCK (1 BLK)",null,"MISS Leonard 8' Hook Shot",null,null],["0041400165",426,4,0,3,"12:48 AM","2:53","Paul REBOUND (Off:0 Def:2)",null,null,null,null],["0041400165",427,2,1,3,"12:48 AM","2:47","MISS Crawford 19' Jump Shot",null,null,null,null],["0041400165",428,4,0,3,"12:49 AM","2:46",null,null,"Mills REBOUND (Off:0 Def:4)",null,null],["0041400165",429,1,49,3,"12:49 AM","2:40",null,null,"Duncan  Driving Dunk (15 PTS) (Ginobili 4 AST)","74 - 69","-5"],["0041400165",430,6,2,3,"12:49 AM","2:27",null,null,"Leonard S.FOUL (P3.PN) (J.Tiven)",null,null],["0041400165",431,3,11,3,"12:49 AM","2:27","Griffin Free Throw 1 of 2 (24 PTS)",null,null,"74 - 70","-4"],["0041400165",433,3,12,3,"12:50 AM","2:27","MISS Griffin Free Throw 2 of 2",null,null,null,null],["0041400165",435,4,0,3,"12:50 AM","2:27",null,null,"Spurs Rebound",null,null],["0041400165",436,6,3,3,"12:50 AM","2:27","Davis L.B.FOUL (P2.PN) (S.Foster)",null,null,null,null],["0041400165",437,3,11,3,"12:50 AM","2:27",null,null,"Duncan Free Throw 1 of 2 (16 PTS)","75 - 70","-5"],["0041400165",439,3,12,3,"12:51 AM","2:27",null,null,"Duncan Free Throw 2 of 2 (17 PTS)","76 - 70","-6"],["0041400165",441,2,1,3,"12:51 AM","2:11","MISS Paul 12' Jump Shot",null,null,null,null],["0041400165",442,4,0,3,"12:51 AM","2:10","Paul REBOUND (Off:1 Def:2)",null,null,null,null],["0041400165",443,6,2,3,"12:51 AM","2:09",null,null,"Duncan S.FOUL (P2.PN) (B.Kennedy)",null,null],["0041400165",444,3,11,3,"12:52 AM","2:09","Paul Free Throw 1 of 2 (9 PTS)",null,null,"76 - 71","-5"],["0041400165",446,3,12,3,"12:52 AM","2:09","Paul Free Throw 2 of 2 (10 PTS)",null,null,"76 - 72","-4"],["0041400165",448,5,1,3,"12:53 AM","1:57","Rivers STEAL (1 STL)",null,"Ginobili Bad Pass Turnover (P3.T12)",null,null],["0041400165",449,1,90,3,"12:53 AM","1:54","Griffin  Running Slam Dunk (26 PTS)",null,null,"76 - 74","-2"],["0041400165",450,5,1,3,"12:53 AM","1:35","Davis STEAL (1 STL)",null,"Ginobili Bad Pass Turnover (P4.T13)",null,null],["0041400165",451,1,44,3,"12:53 AM","1:25","Griffin 1' Reverse Layup (28 PTS) (Paul 9 AST)",null,null,"76 - 76","TIE"],["0041400165",452,6,2,3,"12:54 AM","1:16","Griffin S.FOUL (P2.PN) (B.Kennedy)",null,null,null,null],["0041400165",453,3,11,3,"12:54 AM","1:16",null,null,"Leonard Free Throw 1 of 2 (12 PTS)","77 - 76","-1"],["0041400165",455,8,0,3,"12:54 AM","1:16","SUB: Barnes FOR Griffin",null,null,null,null],["0041400165",456,8,0,3,"12:54 AM","1:16","SUB: Redick FOR Paul",null,null,null,null],["0041400165",457,8,0,3,"12:54 AM","1:16",null,null,"SUB: Baynes FOR Duncan",null,null],["0041400165",458,3,12,3,"12:55 AM","1:16",null,null,"MISS Leonard Free Throw 2 of 2",null,null],["0041400165",460,4,0,3,"12:55 AM","1:12","Davis REBOUND (Off:0 Def:3)",null,null,null,null],["0041400165",461,1,86,3,"12:55 AM","1:00","Davis 3' Turnaround Fadeaway (7 PTS) (Redick 1 AST)",null,null,"77 - 78","1"],["0041400165",462,2,1,3,"12:55 AM","0:50",null,null,"MISS Leonard 4' Jump Shot",null,null],["0041400165",463,4,0,3,"12:55 AM","0:49","Davis REBOUND (Off:0 Def:4)",null,null,null,null],["0041400165",464,1,84,3,"12:55 AM","0:42","Crawford 11' Running Bank Shot (4 PTS)",null,null,"77 - 80","3"],["0041400165",465,6,2,3,"12:55 AM","0:35","Davis S.FOUL (P3.PN) (S.Foster)",null,null,null,null],["0041400165",466,3,11,3,"12:56 AM","0:35",null,null,"Ginobili Free Throw 1 of 2 (13 PTS)","78 - 80","2"],["0041400165",468,8,0,3,"12:56 AM","0:35",null,null,"SUB: Belinelli FOR Leonard",null,null],["0041400165",469,3,12,3,"12:56 AM","0:35",null,null,"Ginobili Free Throw 2 of 2 (14 PTS)","79 - 80","1"],["0041400165",471,2,1,3,"12:56 AM","0:26","MISS Crawford 21' Jump Shot",null,null,null,null],["0041400165",472,4,0,3,"12:56 AM","0:26",null,null,"Spurs Rebound",null,null],["0041400165",474,1,1,3,"12:57 AM","0:06",null,null,"Belinelli 26' 3PT Jump Shot (5 PTS) (Ginobili 5 AST)","82 - 80","-2"],["0041400165",475,1,66,3,"12:57 AM","0:01","Rivers 19' Jump Bank Shot (2 PTS) (Crawford 2 AST)",null,null,"82 - 82","TIE"],["0041400165",476,18,0,3,"12:57 AM","0:00",null,null,null,null,null],["0041400165",477,13,0,3,"12:58 AM","0:00",null,null,null,"82 - 82","TIE"],["0041400165",480,12,0,4,"1:01 AM","12:00",null,null,null,"82 - 82","TIE"],["0041400165",481,6,2,4,"1:01 AM","11:48",null,null,"Baynes S.FOUL (P5.T1) (B.Kennedy)",null,null],["0041400165",482,3,11,4,"1:02 AM","11:48","MISS Rivers Free Throw 1 of 2",null,null,null,null],["0041400165",483,4,1,4,"1:02 AM","11:48","CLIPPERS Rebound",null,null,null,null],["0041400165",484,3,12,4,"1:02 AM","11:48","MISS Rivers Free Throw 2 of 2",null,null,null,null],["0041400165",486,4,0,4,"1:02 AM","11:47","CLIPPERS Rebound",null,null,null,null],["0041400165",487,6,4,4,"1:03 AM","11:45","Redick OFF.Foul (P4) (S.Foster)",null,null,null,null],["0041400165",488,5,5,4,"1:03 AM","11:45","Redick Foul Turnover (P2.T10)",null,null,null,null],["0041400165",489,1,1,4,"1:03 AM","11:30",null,null,"Green 27' 3PT Jump Shot (7 PTS) (Ginobili 6 AST)","85 - 82","-3"],["0041400165",490,1,79,4,"1:03 AM","11:15","Crawford 16' Pullup Jump Shot (6 PTS)",null,null,"85 - 84","-1"],["0041400165",491,6,4,4,"1:03 AM","11:03",null,null,"Baynes OFF.Foul (P6) (S.Foster)",null,null],["0041400165",492,5,5,4,"1:03 AM","11:03",null,null,"Baynes Foul Turnover (P1.T14)",null,null],["0041400165",493,8,0,4,"1:04 AM","11:03",null,null,"SUB: Parker FOR Mills",null,null],["0041400165",494,8,0,4,"1:04 AM","11:03","SUB: Paul FOR Rivers",null,null,null,null],["0041400165",495,8,0,4,"1:04 AM","11:03","SUB: Jordan FOR Davis",null,null,null,null],["0041400165",496,8,0,4,"1:04 AM","11:03",null,null,"SUB: Diaw FOR Baynes",null,null],["0041400165",497,1,79,4,"1:04 AM","10:43","Paul 14' Pullup Jump Shot (12 PTS)",null,null,"85 - 86","1"],["0041400165",498,6,1,4,"1:05 AM","10:25","Redick P.FOUL (P5.T1) (J.Tiven)",null,null,null,null],["0041400165",499,2,3,4,"1:05 AM","10:16",null,null,"MISS Ginobili 5' Hook Shot",null,null],["0041400165",500,4,0,4,"1:05 AM","10:14","Jordan REBOUND (Off:4 Def:9)",null,null,null,null],["0041400165",501,1,42,4,"1:05 AM","10:09","Paul 3' Driving Layup (14 PTS)",null,null,"85 - 88","3"],["0041400165",502,9,1,4,"1:05 AM","10:09",null,null,"Spurs Timeout: Regular (Reg.4 Short 1)",null,null],["0041400165",504,8,0,4,"1:09 AM","10:09","SUB: Griffin FOR Redick",null,null,null,null],["0041400165",505,8,0,4,"1:09 AM","10:09",null,null,"SUB: Duncan FOR Ginobili",null,null],["0041400165",506,1,1,4,"1:09 AM","9:55",null,null,"Belinelli 26' 3PT Jump Shot (8 PTS) (Parker 2 AST)","88 - 88","TIE"],["0041400165",507,2,1,4,"1:09 AM","9:28","MISS Crawford 28' 3PT Jump Shot",null,null,null,null],["0041400165",508,4,0,4,"1:09 AM","9:27",null,null,"Duncan REBOUND (Off:2 Def:6)",null,null],["0041400165",509,6,2,4,"1:10 AM","9:12","Jordan S.FOUL (P3.T2) (J.Tiven)",null,null,null,null],["0041400165",510,3,11,4,"1:10 AM","9:12",null,null,"MISS Diaw Free Throw 1 of 2",null,null],["0041400165",511,4,1,4,"1:10 AM","9:12",null,null,"Spurs Rebound",null,null],["0041400165",513,8,0,4,"1:10 AM","9:12","SUB: Redick FOR Barnes",null,null,null,null],["0041400165",514,3,12,4,"1:10 AM","9:12",null,null,"Diaw Free Throw 2 of 2 (3 PTS)","89 - 88","-1"],["0041400165",516,1,1,4,"1:11 AM","9:01","Crawford 14' Jump Shot (8 PTS)",null,null,"89 - 90","1"],["0041400165",517,2,1,4,"1:11 AM","8:53",null,null,"MISS Parker 19' Jump Shot",null,null],["0041400165",518,4,0,4,"1:11 AM","8:52","Griffin REBOUND (Off:2 Def:8)",null,null,null,null],["0041400165",519,2,5,4,"1:11 AM","8:38","MISS Griffin 2' Layup",null,null,null,null],["0041400165",521,4,0,4,"1:11 AM","8:37","Griffin REBOUND (Off:3 Def:8)",null,null,null,null],["0041400165",520,2,4,4,"1:11 AM","8:37","MISS Griffin 1' Tip Shot",null,null,null,null],["0041400165",522,4,0,4,"1:11 AM","8:35",null,null,"Duncan REBOUND (Off:2 Def:7)",null,null],["0041400165",523,1,5,4,"1:11 AM","8:22",null,null,"Duncan 3' Layup (19 PTS) (Parker 3 AST)","91 - 90","-1"],["0041400165",524,2,1,4,"1:12 AM","8:05","MISS Crawford 27' 3PT Jump Shot",null,null,null,null],["0041400165",525,4,0,4,"1:12 AM","8:04",null,null,"Belinelli REBOUND (Off:0 Def:1)",null,null],["0041400165",526,1,1,4,"1:12 AM","7:50",null,null,"Parker 18' Jump Shot (12 PTS)","93 - 90","-3"],["0041400165",527,9,1,4,"1:12 AM","7:50","CLIPPERS Timeout: Regular (Full 4 Short 0)",null,null,null,null],["0041400165",530,1,52,4,"1:16 AM","7:36","Jordan  Alley Oop Dunk (17 PTS) (Paul 10 AST)",null,null,"93 - 92","-1"],["0041400165",531,2,55,4,"1:16 AM","7:10",null,null,"MISS Duncan 5' Hook Shot",null,null],["0041400165",532,4,0,4,"1:16 AM","7:09",null,null,"Diaw REBOUND (Off:1 Def:4)",null,null],["0041400165",533,2,1,4,"1:17 AM","6:56",null,null,"MISS Parker 21' Jump Shot",null,null],["0041400165",534,4,0,4,"1:17 AM","6:55","Redick REBOUND (Off:0 Def:2)",null,null,null,null],["0041400165",535,2,1,4,"1:17 AM","6:41","MISS Griffin 21' Jump Shot",null,null,null,null],["0041400165",536,4,0,4,"1:17 AM","6:40",null,null,"Diaw REBOUND (Off:1 Def:5)",null,null],["0041400165",537,2,1,4,"1:17 AM","6:18",null,null,"MISS Diaw 27' 3PT Jump Shot",null,null],["0041400165",538,4,0,4,"1:17 AM","6:17","Paul REBOUND (Off:1 Def:3)",null,null,null,null],["0041400165",539,2,40,4,"1:17 AM","6:12","MISS Griffin 1' Layup",null,null,null,null],["0041400165",541,4,0,4,"1:17 AM","6:09","Griffin REBOUND (Off:4 Def:8)",null,null,null,null],["0041400165",540,2,4,4,"1:17 AM","6:09","MISS Griffin 3' Tip Shot",null,null,null,null],["0041400165",542,4,0,4,"1:17 AM","6:07",null,null,"Diaw REBOUND (Off:1 Def:6)",null,null],["0041400165",543,6,1,4,"1:18 AM","6:04","Crawford P.FOUL (P1.T3) (S.Foster)",null,null,null,null],["0041400165",545,8,0,4,"1:18 AM","6:04",null,null,"SUB: Leonard FOR Belinelli",null,null],["0041400165",546,1,1,4,"1:18 AM","5:47",null,null,"Diaw 14' Jump Shot (5 PTS)","95 - 92","-3"],["0041400165",547,2,1,4,"1:19 AM","5:27","MISS Griffin 19' Jump Shot",null,null,null,null],["0041400165",548,4,0,4,"1:19 AM","5:27","CLIPPERS Rebound",null,null,null,null],["0041400165",549,6,3,4,"1:19 AM","5:27",null,null,"Diaw L.B.FOUL (P5.T2) (J.Tiven)",null,null],["0041400165",551,1,77,4,"1:19 AM","5:20","Redick 17' Driving Jump Shot (13 PTS) (Griffin 5 AST)",null,null,"95 - 94","-1"],["0041400165",552,2,1,4,"1:20 AM","4:57",null,null,"MISS Green 25' 3PT Jump Shot",null,null],["0041400165",553,4,0,4,"1:20 AM","4:56","Griffin REBOUND (Off:4 Def:9)",null,null,null,null],["0041400165",554,5,1,4,"1:20 AM","4:51","Griffin Bad Pass Turnover (P3.T11)",null,"Duncan STEAL (2 STL)",null,null],["0041400165",556,2,1,4,"1:20 AM","4:48",null,null,"MISS Parker 20' Jump Shot",null,null],["0041400165",558,4,0,4,"1:20 AM","4:48",null,null,"Leonard REBOUND (Off:1 Def:7)",null,null],["0041400165",557,1,4,4,"1:20 AM","4:48",null,null,"Leonard 1' Tip Shot (14 PTS)","97 - 94","-3"],["0041400165",559,6,11,4,"1:20 AM","4:48","Paul T.FOUL (P3.T3) (J.Tiven)",null,null,null,null],["0041400165",560,3,16,4,"1:20 AM","4:48",null,null,"Green Free Throw Technical (8 PTS)","98 - 94","-4"],["0041400165",562,8,0,4,"1:21 AM","4:48",null,null,"SUB: Belinelli FOR Green",null,null],["0041400165",565,5,2,4,"1:21 AM","4:36","Griffin Lost Ball Turnover (P4.T12)",null,"Duncan STEAL (3 STL)",null,null],["0041400165",566,1,1,4,"1:22 AM","4:14",null,null,"Duncan 18' Jump Shot (21 PTS) (Belinelli 2 AST)","100 - 94","-6"],["0041400165",567,1,42,4,"1:22 AM","4:02","Paul 2' Driving Layup (16 PTS)",null,null,"100 - 96","-4"],["0041400165",568,5,1,4,"1:22 AM","3:49","Crawford STEAL (1 STL)",null,"Belinelli Bad Pass Turnover (P2.T15)",null,null],["0041400165",569,2,41,4,"1:22 AM","3:44","MISS Crawford 2' Running Layup",null,null,null,null],["0041400165",570,4,0,4,"1:22 AM","3:41",null,null,"Duncan REBOUND (Off:2 Def:8)",null,null],["0041400165",571,1,1,4,"1:22 AM","3:35",null,null,"Diaw 24' 3PT Jump Shot (8 PTS) (Leonard 3 AST)","103 - 96","-7"],["0041400165",572,9,1,4,"1:22 AM","3:35","CLIPPERS Timeout: Regular (Full 5 Short 0)",null,null,null,null],["0041400165",574,8,0,4,"1:25 AM","3:35",null,null,"SUB: Green FOR Belinelli",null,null],["0041400165",576,1,7,4,"1:26 AM","3:18","Jordan  Dunk (19 PTS) (Griffin 6 AST)",null,null,"103 - 98","-5"],["0041400165",577,1,86,4,"1:26 AM","2:51",null,null,"Diaw 18' Turnaround Fadeaway (10 PTS)","105 - 98","-7"],["0041400165",578,1,44,4,"1:27 AM","2:25","Griffin 1' Reverse Layup (30 PTS)",null,null,"105 - 100","-5"],["0041400165",579,6,2,4,"1:27 AM","2:11","Crawford S.FOUL (P2.T4) (B.Kennedy)",null,null,null,null],["0041400165",580,3,11,4,"1:27 AM","2:11",null,null,"Leonard Free Throw 1 of 2 (15 PTS)","106 - 100","-6"],["0041400165",582,3,12,4,"1:28 AM","2:11",null,null,"Leonard Free Throw 2 of 2 (16 PTS)","107 - 100","-7"],["0041400165",584,1,42,4,"1:28 AM","2:07","Paul 2' Driving Layup (18 PTS)",null,null,"107 - 102","-5"],["0041400165",585,6,2,4,"1:28 AM","2:07",null,null,"Duncan S.FOUL (P3.T3) (B.Kennedy)",null,null],["0041400165",586,3,10,4,"1:29 AM","2:07","Paul Free Throw 1 of 1 (19 PTS)",null,null,"107 - 103","-4"],["0041400165",587,2,1,4,"1:29 AM","1:44",null,null,"MISS Leonard 20' Jump Shot",null,null],["0041400165",588,4,0,4,"1:29 AM","1:43","Paul REBOUND (Off:1 Def:4)",null,null,null,null],["0041400165",589,1,52,4,"1:30 AM","1:31","Jordan  Alley Oop Dunk (21 PTS) (Griffin 7 AST)",null,null,"107 - 105","-2"],["0041400165",590,9,1,4,"1:30 AM","1:31",null,null,"Spurs Timeout: Regular (Reg.5 Short 1)",null,null],["0041400165",591,8,0,4,"1:31 AM","1:31","SUB: Barnes FOR Crawford",null,null,null,null],["0041400165",592,2,1,4,"1:32 AM","1:14",null,null,"MISS Green 21' Jump Shot",null,null],["0041400165",593,4,0,4,"1:32 AM","1:13","Jordan REBOUND (Off:4 Def:10)",null,null,null,null],["0041400165",594,2,1,4,"1:32 AM","0:59","MISS Griffin 8' Jump Shot",null,"Duncan BLOCK (1 BLK)",null,null],["0041400165",596,4,0,4,"1:32 AM","0:57","Griffin REBOUND (Off:5 Def:9)",null,null,null,null],["0041400165",608,5,41,4,"1:32 AM","0:57","Griffin Poss Lost Ball Turnover (P5.T13)",null,"Diaw STEAL (1 STL)",null,null],["0041400165",598,6,2,4,"1:33 AM","0:48","Redick S.FOUL (P6.PN) (S.Foster)",null,null,null,null],["0041400165",600,8,0,4,"1:33 AM","0:48","SUB: Crawford FOR Redick",null,null,null,null],["0041400165",601,3,11,4,"1:33 AM","0:48",null,null,"MISS Parker Free Throw 1 of 2",null,null],["0041400165",606,4,0,4,"1:33 AM","0:48",null,null,"Spurs Rebound",null,null],["0041400165",603,3,12,4,"1:33 AM","0:48",null,null,"Parker Free Throw 2 of 2 (13 PTS)","108 - 105","-3"],["0041400165",605,9,1,4,"1:34 AM","0:48","CLIPPERS Timeout: Regular (Full 6 Short 0)",null,null,null,null],["0041400165",609,6,2,4,"1:36 AM","0:39",null,null,"Leonard S.FOUL (P4.T4) (S.Foster)",null,null],["0041400165",611,3,11,4,"1:36 AM","0:39","MISS Griffin Free Throw 1 of 2",null,null,null,null],["0041400165",612,4,1,4,"1:36 AM","0:39","CLIPPERS Rebound",null,null,null,null],["0041400165",613,3,12,4,"1:37 AM","0:39","MISS Griffin Free Throw 2 of 2",null,null,null,null],["0041400165",615,4,0,4,"1:37 AM","0:37",null,null,"Duncan REBOUND (Off:2 Def:9)",null,null],["0041400165",625,5,41,4,"1:37 AM","0:37","Griffin STEAL (4 STL)",null,"Duncan Poss Lost Ball Turnover (P1.T16)",null,null],["0041400165",616,2,1,4,"1:37 AM","0:31","MISS Crawford 26' 3PT Jump Shot",null,null,null,null],["0041400165",617,4,0,4,"1:37 AM","0:30","Barnes REBOUND (Off:1 Def:4)",null,null,null,null],["0041400165",618,6,2,4,"1:37 AM","0:30",null,null,"Leonard S.FOUL (P5.PN) (B.Kennedy)",null,null],["0041400165",619,3,11,4,"1:38 AM","0:30","Barnes Free Throw 1 of 2 (6 PTS)",null,null,"108 - 106","-2"],["0041400165",621,8,0,4,"1:38 AM","0:30","SUB: Rivers FOR Crawford",null,null,null,null],["0041400165",622,3,12,4,"1:39 AM","0:30","Barnes Free Throw 2 of 2 (7 PTS)",null,null,"108 - 107","-1"],["0041400165",626,2,1,4,"1:39 AM","0:06",null,null,"MISS Green 24' 3PT Jump Shot",null,null],["0041400165",627,4,0,4,"1:39 AM","0:06","Barnes REBOUND (Off:1 Def:5)",null,null,null,null],["0041400165",629,9,2,4,"1:39 AM","0:06","CLIPPERS Timeout: Short (Full 6 Short 1)",null,null,null,null],["0041400165",631,8,0,4,"1:41 AM","0:06","SUB: Crawford FOR Rivers",null,null,null,null],["0041400165",635,5,15,4,"1:41 AM","0:04","Jordan Offensive Goaltending Turnover (P2.T14)",null,null,null,null],["0041400165",636,18,0,4,"1:42 AM","0:04",null,null,null,null,null],["0041400165",637,9,2,4,"1:43 AM","0:04",null,null,"Spurs Timeout: Short (Reg.5 Short 2)",null,null],["0041400165",639,8,0,4,"1:44 AM","0:04","SUB: Rivers FOR Crawford",null,null,null,null],["0041400165",640,8,0,4,"1:44 AM","0:04",null,null,"SUB: Ginobili FOR Diaw",null,null],["0041400165",641,6,28,4,"1:45 AM","0:04","Griffin Personal Take Foul (P3.PN) (B.Kennedy)",null,null,null,null],["0041400165",642,3,11,4,"1:45 AM","0:04",null,null,"Green Free Throw 1 of 2 (9 PTS)","109 - 107","-2"],["0041400165",644,8,0,4,"1:46 AM","0:04","SUB: Crawford FOR Jordan",null,null,null,null],["0041400165",645,8,0,4,"1:46 AM","0:04",null,null,"SUB: Diaw FOR Duncan",null,null],["0041400165",646,3,12,4,"1:46 AM","0:04",null,null,"MISS Green Free Throw 2 of 2",null,null],["0041400165",648,4,0,4,"1:46 AM","0:02",null,null,"Leonard REBOUND (Off:2 Def:7)",null,null],["0041400165",649,6,28,4,"1:46 AM","0:01","Crawford Personal Take Foul (P3.PN) (S.Foster)",null,null,null,null],["0041400165",650,3,11,4,"1:47 AM","0:01",null,null,"Leonard Free Throw 1 of 2 (17 PTS)","110 - 107","-3"],["0041400165",652,3,12,4,"1:47 AM","0:01",null,null,"Leonard Free Throw 2 of 2 (18 PTS)","111 - 107","-4"],["0041400165",654,2,5,4,"1:47 AM","0:00","MISS Griffin 2' Layup",null,null,null,null],["0041400165",655,4,0,4,"1:47 AM","0:00","CLIPPERS Rebound",null,null,null,null],["0041400165",656,13,0,4,"1:47 AM","0:00",null,null,null,"111 - 107","-4"]]},{"name":"AvailableVideo","headers":["VIDEO_AVAILABLE_FLAG"],"rowSet":[[1]]}]}