{"resource":"playbyplay","parameters":{"GameID":"0041400111","StartPeriod":0,"EndPeriod":14},"resultSets":[{"name":"PlayByPlay","headers":["GAME_ID","EVENTNUM","EVENTMSGTYPE","EVENTMSGACTIONTYPE","PERIOD","WCTIMESTRING","PCTIMESTRING","HOMEDESCRIPTION","NEUTRALDESCRIPTION","VISITORDESCRIPTION","SCORE","SCOREMARGIN"],"rowSet":[["0041400111",0,12,0,1,"3:04 PM","12:00",null,null,null,null,null],["0041400111",1,10,0,1,"3:04 PM","12:00","Jump Ball Mozgov vs. Bass: Tip to Love",null,null,null,null],["0041400111",2,2,80,1,"3:04 PM","11:41","MISS Love 12' Step Back Jump Shot",null,null,null,null],["0041400111",3,4,0,1,"3:04 PM","11:38","Smith REBOUND (Off:1 Def:0)",null,null,null,null],["0041400111",4,2,1,1,"3:04 PM","11:34","MISS Smith  3PT Jump Shot",null,null,null,null],["0041400111",5,4,0,1,"3:04 PM","11:33",null,null,"Smart REBOUND (Off:0 Def:1)",null,null],["0041400111",6,6,2,1,"3:05 PM","11:24","Mozgov S.FOUL (P1.T1) (M.Callahan)",null,null,null,null],["0041400111",7,3,11,1,"3:05 PM","11:24",null,null,"Bass Free Throw 1 of 2 (1 PTS)","1 - 0","-1"],["0041400111",9,3,12,1,"3:05 PM","11:24",null,null,"Bass Free Throw 2 of 2 (2 PTS)","2 - 0","-2"],["0041400111",11,6,2,1,"3:06 PM","11:08",null,null,"Zeller S.FOUL (P1.T1) (M.Callahan)",null,null],["0041400111",12,3,11,1,"3:06 PM","11:08","MISS James Free Throw 1 of 2",null,null,null,null],["0041400111",13,4,1,1,"3:06 PM","11:08","CAVALIERS Rebound",null,null,null,null],["0041400111",14,3,12,1,"3:06 PM","11:08","James Free Throw 2 of 2 (1 PTS)",null,null,"2 - 1","-1"],["0041400111",17,6,1,1,"3:07 PM","11:02","Smith P.FOUL (P1.T2) (Z.Zarba)",null,null,null,null],["0041400111",19,2,1,1,"3:07 PM","10:46",null,null,"MISS Turner 19' Jump Shot",null,null],["0041400111",20,4,0,1,"3:07 PM","10:45","James REBOUND (Off:0 Def:1)",null,null,null,null],["0041400111",21,1,75,1,"3:07 PM","10:39","James  Driving Finger Roll Layup (3 PTS)",null,null,"2 - 3","1"],["0041400111",22,6,1,1,"3:08 PM","10:23","James P.FOUL (P1.T3) (Z.Zarba)",null,null,null,null],["0041400111",23,1,1,1,"3:08 PM","10:08",null,null,"Zeller 12' Jump Shot (2 PTS) (Bradley 1 AST)","4 - 3","-1"],["0041400111",24,1,5,1,"3:09 PM","9:49","Irving  Layup (2 PTS) (James 1 AST)",null,null,"4 - 5","1"],["0041400111",25,1,78,1,"3:09 PM","9:40",null,null,"Zeller 6' Floating Jump Shot (4 PTS) (Bass 1 AST)","6 - 5","-1"],["0041400111",26,2,46,1,"3:09 PM","9:19","MISS Smith 6' Running Jump Shot",null,null,null,null],["0041400111",27,4,0,1,"3:09 PM","9:16",null,null,"Bass REBOUND (Off:0 Def:1)",null,null],["0041400111",28,2,1,1,"3:09 PM","9:07",null,null,"MISS Bradley 26' 3PT Jump Shot",null,null],["0041400111",29,4,0,1,"3:09 PM","9:06","Mozgov REBOUND (Off:0 Def:1)",null,null,null,null],["0041400111",31,1,84,1,"3:10 PM","8:50","Irving 11' Running Bank Shot (4 PTS)",null,null,"6 - 7","1"],["0041400111",32,2,1,1,"3:10 PM","8:36",null,null,"MISS Zeller 15' Jump Shot",null,null],["0041400111",33,4,0,1,"3:10 PM","8:35","Love REBOUND (Off:0 Def:1)",null,null,null,null],["0041400111",34,2,1,1,"3:10 PM","8:19","MISS Love 26' 3PT Jump Shot",null,null,null,null],["0041400111",35,4,0,1,"3:10 PM","8:18",null,null,"Zeller REBOUND (Off:0 Def:1)",null,null],["0041400111",37,1,5,1,"3:11 PM","8:06",null,null,"Zeller  Layup (6 PTS) (Turner 1 AST)","8 - 7","-1"],["0041400111",38,6,1,1,"3:11 PM","7:53",null,null,"Smart P.FOUL (P1.T2) (M.Callahan)",null,null],["0041400111",39,2,1,1,"3:12 PM","7:45","MISS Smith 26' 3PT Jump Shot",null,null,null,null],["0041400111",40,4,0,1,"3:12 PM","7:44",null,null,"Turner REBOUND (Off:0 Def:1)",null,null],["0041400111",41,5,1,1,"3:12 PM","7:34","James STEAL (1 STL)",null,"Turner Bad Pass Turnover (P1.T1)",null,null],["0041400111",42,6,1,1,"3:12 PM","7:33",null,null,"Bradley P.FOUL (P1.T3) (Z.Zarba)",null,null],["0041400111",43,1,1,1,"3:12 PM","7:12","Smith  3PT Jump Shot (3 PTS) (James 2 AST)",null,null,"8 - 10","2"],["0041400111",44,6,1,1,"3:13 PM","7:00","Love P.FOUL (P1.T4) (M.Callahan)",null,null,null,null],["0041400111",45,2,80,1,"3:13 PM","6:52",null,null,"MISS Turner 15' Step Back Jump Shot",null,null],["0041400111",46,4,0,1,"3:13 PM","6:49","Smith REBOUND (Off:1 Def:1)",null,null,null,null],["0041400111",47,2,1,1,"3:13 PM","6:45","MISS Smith 25' 3PT Jump Shot",null,null,null,null],["0041400111",48,4,0,1,"3:13 PM","6:45","CAVALIERS Rebound",null,null,null,null],["0041400111",49,6,3,1,"3:13 PM","6:45",null,null,"Turner L.B.FOUL (P1.T4) (P.Fraher)",null,null],["0041400111",50,8,0,1,"3:14 PM","6:45",null,null,"SUB: Thomas FOR Smart",null,null],["0041400111",51,8,0,1,"3:14 PM","6:45","SUB: Shumpert FOR James",null,null,null,null],["0041400111",52,6,2,1,"3:14 PM","6:37",null,null,"Zeller S.FOUL (P2.PN) (Z.Zarba)",null,null],["0041400111",53,3,11,1,"3:14 PM","6:37","MISS Smith Free Throw 1 of 2",null,null,null,null],["0041400111",54,4,1,1,"3:14 PM","6:37","CAVALIERS Rebound",null,null,null,null],["0041400111",55,8,0,1,"3:15 PM","6:37",null,null,"SUB: Olynyk FOR Zeller",null,null],["0041400111",56,8,0,1,"3:15 PM","6:37","SUB: Thompson FOR Mozgov",null,null,null,null],["0041400111",57,3,12,1,"3:15 PM","6:37","Smith Free Throw 2 of 2 (4 PTS)",null,null,"8 - 11","3"],["0041400111",59,1,1,1,"3:15 PM","6:17",null,null,"Turner 24' 3PT Jump Shot (3 PTS) (Thomas 1 AST)","11 - 11","TIE"],["0041400111",60,6,2,1,"3:16 PM","5:59",null,null,"Olynyk S.FOUL (P1.PN) (Z.Zarba)",null,null],["0041400111",61,9,1,1,"3:16 PM","5:59","CAVALIERS Timeout: Regular (Full 1 Short 0)",null,null,null,null],["0041400111",65,3,11,1,"3:19 PM","5:59","Thompson Free Throw 1 of 2 (1 PTS)",null,null,"11 - 12","1"],["0041400111",67,3,12,1,"3:19 PM","5:59","Thompson Free Throw 2 of 2 (2 PTS)",null,null,"11 - 13","2"],["0041400111",71,2,1,1,"3:20 PM","5:44",null,null,"MISS Bass 12' Jump Shot",null,null],["0041400111",72,4,0,1,"3:20 PM","5:44",null,null,"Celtics Rebound",null,null],["0041400111",74,1,42,1,"3:20 PM","5:40",null,null,"Olynyk 1' Driving Layup (2 PTS) (Turner 2 AST)","13 - 13","TIE"],["0041400111",76,2,1,1,"3:20 PM","5:20","MISS Thompson 5' Jump Shot",null,null,null,null],["0041400111",77,4,0,1,"3:20 PM","5:19",null,null,"Turner REBOUND (Off:0 Def:2)",null,null],["0041400111",78,1,1,1,"3:20 PM","5:12",null,null,"Olynyk  3PT Jump Shot (5 PTS) (Bass 2 AST)","16 - 13","-3"],["0041400111",79,1,80,1,"3:21 PM","4:51","Smith 19' Step Back Jump Shot (6 PTS) (Irving 1 AST)",null,null,"16 - 15","-1"],["0041400111",80,1,5,1,"3:21 PM","4:37",null,null,"Turner  Layup (5 PTS)","18 - 15","-3"],["0041400111",81,1,42,1,"3:21 PM","4:28","Irving 1' Driving Layup (6 PTS)",null,null,"18 - 17","-1"],["0041400111",82,6,1,1,"3:21 PM","4:23","Shumpert P.FOUL (P1.PN) (Z.Zarba)",null,null,null,null],["0041400111",84,3,11,1,"3:22 PM","4:23",null,null,"Thomas Free Throw 1 of 2 (1 PTS)","19 - 17","-2"],["0041400111",86,8,0,1,"3:22 PM","4:23",null,null,"SUB: Crowder FOR Bass",null,null],["0041400111",88,8,0,1,"3:22 PM","4:23","SUB: Jones FOR Love",null,null,null,null],["0041400111",89,3,12,1,"3:22 PM","4:23",null,null,"Thomas Free Throw 2 of 2 (2 PTS)","20 - 17","-3"],["0041400111",91,2,1,1,"3:23 PM","4:08","MISS Shumpert 25' 3PT Jump Shot",null,null,null,null],["0041400111",92,4,0,1,"3:23 PM","4:07","Irving REBOUND (Off:1 Def:0)",null,null,null,null],["0041400111",93,5,39,1,"3:23 PM","4:06","Irving Step Out of Bounds Turnover (P1.T1)",null,null,null,null],["0041400111",94,1,49,1,"3:23 PM","3:54",null,null,"Olynyk  Driving Dunk (7 PTS) (Thomas 2 AST)","22 - 17","-5"],["0041400111",95,1,1,1,"3:23 PM","3:37","Jones  3PT Jump Shot (3 PTS) (Irving 2 AST)",null,null,"22 - 20","-2"],["0041400111",96,2,1,1,"3:23 PM","3:29",null,null,"MISS Thomas 25' 3PT Jump Shot",null,null],["0041400111",97,4,0,1,"3:23 PM","3:28","Smith REBOUND (Off:1 Def:2)",null,null,null,null],["0041400111",98,2,42,1,"3:23 PM","3:20","MISS Irving 1' Driving Layup",null,null,null,null],["0041400111",100,4,0,1,"3:23 PM","3:19","Thompson REBOUND (Off:1 Def:0)",null,null,null,null],["0041400111",99,1,4,1,"3:23 PM","3:19","Thompson  Tip Shot (4 PTS)",null,null,"22 - 22","TIE"],["0041400111",101,9,1,1,"3:24 PM","3:19",null,null,"Celtics Timeout: Regular (Reg.1 Short 0)",null,null],["0041400111",103,8,0,1,"3:27 PM","3:19",null,null,"SUB: Jerebko FOR Turner",null,null],["0041400111",104,8,0,1,"3:27 PM","3:19","SUB: James FOR Smith",null,null,null,null],["0041400111",105,2,1,1,"3:27 PM","3:06",null,null,"MISS Bradley 19' Jump Shot",null,null],["0041400111",106,4,0,1,"3:27 PM","3:05","Thompson REBOUND (Off:1 Def:1)",null,null,null,null],["0041400111",107,2,80,1,"3:27 PM","2:43","MISS James 18' Step Back Jump Shot",null,null,null,null],["0041400111",108,4,0,1,"3:27 PM","2:41",null,null,"Thomas REBOUND (Off:0 Def:1)",null,null],["0041400111",109,1,42,1,"3:28 PM","2:34",null,null,"Thomas 1' Driving Layup (4 PTS)","24 - 22","-2"],["0041400111",110,2,42,1,"3:28 PM","2:12","MISS Irving 2' Driving Layup",null,null,null,null],["0041400111",111,4,0,1,"3:28 PM","2:11","Thompson REBOUND (Off:2 Def:1)",null,null,null,null],["0041400111",112,2,4,1,"3:28 PM","2:11","MISS Thompson  Tip Shot",null,null,null,null],["0041400111",113,4,0,1,"3:28 PM","2:09",null,null,"Thomas REBOUND (Off:0 Def:2)",null,null],["0041400111",114,2,42,1,"3:28 PM","2:07","James BLOCK (1 BLK)",null,"MISS Thomas 1' Driving Layup",null,null],["0041400111",115,4,0,1,"3:28 PM","2:07",null,null,"Celtics Rebound",null,null],["0041400111",117,1,56,1,"3:28 PM","1:57",null,null,"Thomas 6' Running Hook Shot (6 PTS)","26 - 22","-4"],["0041400111",118,7,5,1,"3:29 PM","1:38",null,null,"Crowder Violation:Kicked Ball (P.Fraher)",null,null],["0041400111",119,6,1,1,"3:29 PM","1:29",null,null,"Crowder P.FOUL (P1.PN) (P.Fraher)",null,null],["0041400111",120,3,11,1,"3:29 PM","1:29","James Free Throw 1 of 2 (4 PTS)",null,null,"26 - 23","-3"],["0041400111",123,3,12,1,"3:30 PM","1:29","James Free Throw 2 of 2 (5 PTS)",null,null,"26 - 24","-2"],["0041400111",126,1,1,1,"3:30 PM","1:13",null,null,"Olynyk 26' 3PT Jump Shot (10 PTS) (Thomas 3 AST)","29 - 24","-5"],["0041400111",127,1,42,1,"3:31 PM","0:58","Irving 1' Driving Layup (8 PTS)",null,null,"29 - 26","-3"],["0041400111",128,1,5,1,"3:31 PM","0:43",null,null,"Bradley 1' Layup (2 PTS) (Jerebko 1 AST)","31 - 26","-5"],["0041400111",129,2,78,1,"3:31 PM","0:35","MISS Irving 9' Floating Jump Shot",null,null,null,null],["0041400111",130,4,0,1,"3:31 PM","0:35","CAVALIERS Rebound",null,null,null,null],["0041400111",131,6,3,1,"3:31 PM","0:35",null,null,"Olynyk L.B.FOUL (P2.PN) (Z.Zarba)",null,null],["0041400111",132,3,11,1,"3:31 PM","0:35","MISS Thompson Free Throw 1 of 2",null,null,null,null],["0041400111",133,4,1,1,"3:31 PM","0:35","CAVALIERS Rebound",null,null,null,null],["0041400111",134,8,0,1,"3:32 PM","0:35","SUB: Dellavedova FOR Irving",null,null,null,null],["0041400111",135,3,12,1,"3:32 PM","0:35","Thompson Free Throw 2 of 2 (5 PTS)",null,null,"31 - 27","-4"],["0041400111",138,2,5,1,"3:32 PM","0:19",null,null,"MISS Thomas 1' Layup",null,null],["0041400111",139,4,0,1,"3:32 PM","0:18","Shumpert REBOUND (Off:0 Def:1)",null,null,null,null],["0041400111",140,2,1,1,"3:32 PM","0:01","MISS Jones  3PT Jump Shot",null,null,null,null],["0041400111",141,4,0,1,"3:32 PM","0:00",null,null,"Olynyk REBOUND (Off:0 Def:1)",null,null],["0041400111",142,13,0,1,"3:33 PM","0:00",null,null,null,"31 - 27","-4"],["0041400111",144,12,0,2,"3:36 PM","12:00",null,null,null,"31 - 27","-4"],["0041400111",145,2,80,2,"3:37 PM","11:46",null,null,"MISS Sullinger 9' Step Back Jump Shot",null,null],["0041400111",146,4,0,2,"3:37 PM","11:43","James REBOUND (Off:0 Def:2)",null,null,null,null],["0041400111",147,5,2,2,"3:37 PM","11:31","James Lost Ball Turnover (P1.T2)",null,"Crowder STEAL (1 STL)",null,null],["0041400111",148,6,2,2,"3:37 PM","11:26","Mozgov S.FOUL (P2.T1) (P.Fraher)",null,null,null,null],["0041400111",149,3,11,2,"3:37 PM","11:26",null,null,"Jerebko Free Throw 1 of 2 (1 PTS)","32 - 27","-5"],["0041400111",151,3,12,2,"3:37 PM","11:26",null,null,"MISS Jerebko Free Throw 2 of 2",null,null],["0041400111",153,4,0,2,"3:38 PM","11:25","Mozgov REBOUND (Off:0 Def:2)",null,null,null,null],["0041400111",154,6,1,2,"3:38 PM","11:19",null,null,"Crowder P.FOUL (P2.T1) (M.Callahan)",null,null],["0041400111",155,6,1,2,"3:38 PM","11:13",null,null,"Jerebko P.FOUL (P1.T2) (Z.Zarba)",null,null],["0041400111",156,2,1,2,"3:39 PM","10:59","MISS Shumpert 26' 3PT Jump Shot",null,null,null,null],["0041400111",157,4,0,2,"3:39 PM","10:58","Mozgov REBOUND (Off:1 Def:2)",null,null,null,null],["0041400111",158,5,11,2,"3:39 PM","10:58","CAVALIERS Turnover: Shot Clock (T#3)",null,null,null,null],["0041400111",159,1,42,2,"3:39 PM","10:45",null,null,"Smart 2' Driving Layup (2 PTS) (Thomas 4 AST)","34 - 27","-7"],["0041400111",160,6,2,2,"3:39 PM","10:34",null,null,"Sullinger S.FOUL (P1.T3) (P.Fraher)",null,null],["0041400111",161,3,11,2,"3:39 PM","10:34","Mozgov Free Throw 1 of 2 (1 PTS)",null,null,"34 - 28","-6"],["0041400111",163,8,0,2,"3:40 PM","10:34","SUB: Love FOR Jones",null,null,null,null],["0041400111",164,3,12,2,"3:40 PM","10:34","Mozgov Free Throw 2 of 2 (2 PTS)",null,null,"34 - 29","-5"],["0041400111",166,1,1,2,"3:40 PM","10:23",null,null,"Smart 25' 3PT Jump Shot (5 PTS) (Thomas 5 AST)","37 - 29","-8"],["0041400111",167,1,84,2,"3:40 PM","10:04","James 5' Running Bank Shot (7 PTS)",null,null,"37 - 31","-6"],["0041400111",168,5,40,2,"3:41 PM","9:52",null,null,"Thomas Out of Bounds Lost Ball Turnover (P1.T2)",null,null],["0041400111",169,8,0,2,"3:41 PM","9:52","SUB: Smith FOR Shumpert",null,null,null,null],["0041400111",170,2,65,2,"3:41 PM","9:35","MISS Love 7' Jump Hook Shot",null,null,null,null],["0041400111",171,4,0,2,"3:41 PM","9:34","Mozgov REBOUND (Off:2 Def:2)",null,null,null,null],["0041400111",172,2,5,2,"3:41 PM","9:33","MISS Mozgov 1' Layup",null,"Sullinger BLOCK (1 BLK)",null,null],["0041400111",173,4,0,2,"3:41 PM","9:32",null,null,"Thomas REBOUND (Off:0 Def:3)",null,null],["0041400111",174,6,1,2,"3:41 PM","9:31","Dellavedova P.FOUL (P1.T2) (M.Callahan)",null,null,null,null],["0041400111",175,8,0,2,"3:42 PM","9:31","SUB: Irving FOR Dellavedova",null,null,null,null],["0041400111",176,6,2,2,"3:42 PM","9:24","Smith S.FOUL (P2.T3) (M.Callahan)",null,null,null,null],["0041400111",177,3,11,2,"3:42 PM","9:24",null,null,"Smart Free Throw 1 of 2 (6 PTS)","38 - 31","-7"],["0041400111",179,8,0,2,"3:43 PM","9:24",null,null,"SUB: Turner FOR Thomas",null,null],["0041400111",180,3,12,2,"3:43 PM","9:24",null,null,"MISS Smart Free Throw 2 of 2",null,null],["0041400111",182,4,0,2,"3:43 PM","9:23","Love REBOUND (Off:0 Def:2)",null,null,null,null],["0041400111",183,2,47,2,"3:43 PM","9:06","MISS Love 5' Turnaround Jump Shot",null,"Crowder BLOCK (1 BLK)",null,null],["0041400111",184,4,0,2,"3:43 PM","9:06","CAVALIERS Rebound",null,null,null,null],["0041400111",186,1,1,2,"3:44 PM","8:59","Irving 25' 3PT Jump Shot (11 PTS) (James 3 AST)",null,null,"38 - 34","-4"],["0041400111",188,2,42,2,"3:44 PM","8:41",null,null,"MISS Turner  Driving Layup",null,null],["0041400111",189,4,0,2,"3:44 PM","8:38","Love REBOUND (Off:0 Def:3)",null,null,null,null],["0041400111",190,1,1,2,"3:44 PM","8:32","Smith 25' 3PT Jump Shot (9 PTS) (James 4 AST)",null,null,"38 - 37","-1"],["0041400111",191,9,1,2,"3:44 PM","8:30",null,null,"Celtics Timeout: Regular (Reg.2 Short 0)",null,null],["0041400111",193,8,0,2,"3:47 PM","8:30",null,null,"SUB: Bass FOR Jerebko",null,null],["0041400111",195,2,1,2,"3:48 PM","8:09",null,null,"MISS Crowder 26' 3PT Jump Shot",null,null],["0041400111",196,4,0,2,"3:48 PM","8:08","Love REBOUND (Off:0 Def:4)",null,null,null,null],["0041400111",197,2,1,2,"3:48 PM","7:55","MISS Smith 27' 3PT Jump Shot",null,null,null,null],["0041400111",198,4,0,2,"3:48 PM","7:54",null,null,"Crowder REBOUND (Off:0 Def:1)",null,null],["0041400111",200,1,1,2,"3:49 PM","7:32",null,null,"Turner 17' Jump Shot (7 PTS)","40 - 37","-3"],["0041400111",201,1,1,2,"3:49 PM","7:13","Love 26' 3PT Jump Shot (3 PTS) (Smith 1 AST)",null,null,"40 - 40","TIE"],["0041400111",202,2,1,2,"3:49 PM","7:01",null,null,"MISS Bass 8' Jump Shot",null,null],["0041400111",203,4,0,2,"3:49 PM","7:00","Mozgov REBOUND (Off:2 Def:3)",null,null,null,null],["0041400111",204,2,1,2,"3:49 PM","6:44","MISS Love 17' Jump Shot",null,null,null,null],["0041400111",205,4,0,2,"3:49 PM","6:43",null,null,"Sullinger REBOUND (Off:0 Def:1)",null,null],["0041400111",206,5,1,2,"3:50 PM","6:40",null,null,"Smart Bad Pass Turnover (P1.T3)",null,null],["0041400111",207,8,0,2,"3:50 PM","6:40",null,null,"SUB: Olynyk FOR Crowder",null,null],["0041400111",208,8,0,2,"3:50 PM","6:40",null,null,"SUB: Thomas FOR Sullinger",null,null],["0041400111",210,8,0,2,"3:50 PM","6:40","SUB: Thompson FOR Mozgov",null,null,null,null],["0041400111",212,1,42,2,"3:50 PM","6:16","James 1' Driving Layup (9 PTS)",null,null,"40 - 42","2"],["0041400111",213,6,2,2,"3:51 PM","6:05","Love S.FOUL (P2.T4) (Z.Zarba)",null,null,null,null],["0041400111",214,3,11,2,"3:51 PM","6:05",null,null,"Bass Free Throw 1 of 2 (3 PTS)","41 - 42","1"],["0041400111",216,3,12,2,"3:51 PM","6:05",null,null,"Bass Free Throw 2 of 2 (4 PTS)","42 - 42","TIE"],["0041400111",219,2,1,2,"3:52 PM","5:52","MISS Love 5' Jump Shot",null,"Olynyk BLOCK (1 BLK)",null,null],["0041400111",220,4,0,2,"3:52 PM","5:49","Irving REBOUND (Off:2 Def:0)",null,null,null,null],["0041400111",221,1,85,2,"3:52 PM","5:43","James 6' Turnaround Bank Shot (11 PTS)",null,null,"42 - 44","2"],["0041400111",222,6,4,2,"3:52 PM","5:31",null,null,"Olynyk OFF.Foul (P3) (M.Callahan)",null,null],["0041400111",223,5,5,2,"3:52 PM","5:31",null,null,"Olynyk Foul Turnover (P1.T4)",null,null],["0041400111",224,9,4,2,"3:52 PM","5:31",null,null,null,null,null],["0041400111",227,8,0,2,"3:55 PM","5:31",null,null,"SUB: Zeller FOR Smart",null,null],["0041400111",228,8,0,2,"3:55 PM","5:31",null,null,"SUB: Bradley FOR Olynyk",null,null],["0041400111",229,2,47,2,"3:56 PM","5:06","MISS James 14' Turnaround Jump Shot",null,null,null,null],["0041400111",231,4,0,2,"3:56 PM","5:03","Thompson REBOUND (Off:3 Def:1)",null,null,null,null],["0041400111",230,1,7,2,"3:56 PM","5:03","Thompson  Dunk (7 PTS)",null,null,"42 - 46","4"],["0041400111",232,2,1,2,"3:56 PM","4:43",null,null,"MISS Thomas 25' 3PT Jump Shot",null,null],["0041400111",233,4,0,2,"3:56 PM","4:42","Love REBOUND (Off:0 Def:5)",null,null,null,null],["0041400111",234,1,1,2,"3:56 PM","4:23","Irving  3PT Jump Shot (14 PTS)",null,null,"42 - 49","7"],["0041400111",235,6,1,2,"3:57 PM","4:18","Irving P.FOUL (P1.PN) (Z.Zarba)",null,null,null,null],["0041400111",236,3,11,2,"3:57 PM","4:18",null,null,"Thomas Free Throw 1 of 2 (7 PTS)","43 - 49","6"],["0041400111",238,3,12,2,"3:57 PM","4:18",null,null,"Thomas Free Throw 2 of 2 (8 PTS)","44 - 49","5"],["0041400111",240,2,1,2,"3:57 PM","4:05","MISS Love 21' Jump Shot",null,null,null,null],["0041400111",241,4,0,2,"3:57 PM","4:04","Love REBOUND (Off:1 Def:5)",null,null,null,null],["0041400111",242,1,44,2,"3:58 PM","3:59","Thompson  Reverse Layup (9 PTS) (Love 1 AST)",null,null,"44 - 51","7"],["0041400111",243,2,1,2,"3:58 PM","3:47",null,null,"MISS Bass 16' Jump Shot",null,null],["0041400111",244,4,0,2,"3:58 PM","3:46",null,null,"Celtics Rebound",null,null],["0041400111",246,2,1,2,"3:58 PM","3:43",null,null,"MISS Zeller 17' Jump Shot",null,null],["0041400111",247,4,0,2,"3:58 PM","3:42","Smith REBOUND (Off:1 Def:3)",null,null,null,null],["0041400111",248,5,2,2,"3:58 PM","3:40","Smith Lost Ball Turnover (P1.T4)",null,"Turner STEAL (1 STL)",null,null],["0041400111",249,5,2,2,"3:58 PM","3:37","James STEAL (2 STL)",null,"Zeller Lost Ball Turnover (P1.T5)",null,null],["0041400111",250,1,5,2,"3:58 PM","3:33","Love 1' Layup (5 PTS) (James 5 AST)",null,null,"44 - 53","9"],["0041400111",251,6,2,2,"3:59 PM","3:20","James S.FOUL (P2.PN) (M.Callahan)",null,null,null,null],["0041400111",252,3,11,2,"3:59 PM","3:20",null,null,"Thomas Free Throw 1 of 2 (9 PTS)","45 - 53","8"],["0041400111",254,8,0,2,"3:59 PM","3:20",null,null,"SUB: Jerebko FOR Zeller",null,null],["0041400111",255,3,12,2,"3:59 PM","3:20",null,null,"Thomas Free Throw 2 of 2 (10 PTS)","46 - 53","7"],["0041400111",258,2,65,2,"4:00 PM","3:02","MISS Love 6' Jump Hook Shot",null,null,null,null],["0041400111",259,4,0,2,"4:00 PM","2:59",null,null,"Turner REBOUND (Off:0 Def:3)",null,null],["0041400111",260,1,1,2,"4:00 PM","2:48",null,null,"Jerebko 22' Jump Shot (3 PTS) (Turner 3 AST)","48 - 53","5"],["0041400111",261,2,1,2,"4:00 PM","2:32","MISS Irving 14' Jump Shot",null,null,null,null],["0041400111",262,4,0,2,"4:00 PM","2:31",null,null,"Jerebko REBOUND (Off:0 Def:1)",null,null],["0041400111",263,5,1,2,"4:00 PM","2:22","Love STEAL (1 STL)",null,"Thomas Bad Pass Turnover (P2.T6)",null,null],["0041400111",264,1,7,2,"4:00 PM","2:17","James  Dunk (13 PTS) (Love 2 AST)",null,null,"48 - 55","7"],["0041400111",265,2,78,2,"4:01 PM","2:00",null,null,"MISS Jerebko 10' Floating Jump Shot",null,null],["0041400111",267,4,0,2,"4:01 PM","1:59",null,null,"Jerebko REBOUND (Off:1 Def:1)",null,null],["0041400111",266,1,1,2,"4:01 PM","1:58",null,null,"Jerebko 6' Jump Shot (5 PTS)","50 - 55","5"],["0041400111",268,2,1,2,"4:01 PM","1:36","MISS Love 24' 3PT Jump Shot",null,null,null,null],["0041400111",269,4,0,2,"4:01 PM","1:35","Thompson REBOUND (Off:4 Def:1)",null,null,null,null],["0041400111",270,6,2,2,"4:01 PM","1:32",null,null,"Thomas S.FOUL (P1.T4) (Z.Zarba)",null,null],["0041400111",271,9,1,2,"4:01 PM","1:32","CAVALIERS Timeout: Regular (Full 2 Short 0)",null,null,null,null],["0041400111",272,18,0,2,"4:01 PM","1:32",null,null,null,null,null],["0041400111",273,18,0,2,"4:01 PM","1:32",null,null,null,null,null],["0041400111",275,8,0,2,"4:04 PM","1:32",null,null,"SUB: Smart FOR Bradley",null,null],["0041400111",276,8,0,2,"4:04 PM","1:32","SUB: Shumpert FOR Smith",null,null,null,null],["0041400111",277,3,11,2,"4:04 PM","1:32","Love Free Throw 1 of 2 (6 PTS)",null,null,"50 - 56","6"],["0041400111",279,3,12,2,"4:04 PM","1:32","MISS Love Free Throw 2 of 2",null,null,null,null],["0041400111",281,4,0,2,"4:04 PM","1:30",null,null,"Turner REBOUND (Off:0 Def:4)",null,null],["0041400111",282,1,1,2,"4:05 PM","1:11",null,null,"Smart 23' Jump Shot (8 PTS)","52 - 56","4"],["0041400111",283,1,1,2,"4:05 PM","0:50","Irving 27' 3PT Jump Shot (17 PTS) (Shumpert 1 AST)",null,null,"52 - 59","7"],["0041400111",284,5,1,2,"4:05 PM","0:34",null,null,"Turner Bad Pass Turnover (P2.T7)",null,null],["0041400111",286,2,1,2,"4:06 PM","0:30","MISS James 26' 3PT Jump Shot",null,null,null,null],["0041400111",287,4,0,2,"4:06 PM","0:30","CAVALIERS Rebound",null,null,null,null],["0041400111",290,5,1,2,"4:07 PM","0:16","Shumpert Bad Pass Turnover (P1.T5)",null,null,null,null],["0041400111",291,8,0,2,"4:07 PM","0:16",null,null,"SUB: Olynyk FOR Bass",null,null],["0041400111",292,8,0,2,"4:07 PM","0:16","SUB: Jones FOR Love",null,null,null,null],["0041400111",293,8,0,2,"4:07 PM","0:16","SUB: Dellavedova FOR James",null,null,null,null],["0041400111",294,1,79,2,"4:07 PM","0:05",null,null,"Thomas 14' Pullup Jump Shot (12 PTS)","54 - 59","5"],["0041400111",295,1,1,2,"4:07 PM","0:00","Irving 26' 3PT Jump Shot (20 PTS)",null,null,"54 - 62","8"],["0041400111",297,18,0,2,"4:07 PM","0:00",null,null,null,null,null],["0041400111",299,18,0,2,"4:07 PM","0:00",null,null,null,null,null],["0041400111",298,13,0,2,"4:08 PM","0:00",null,null,null,"54 - 62","8"],["0041400111",302,12,0,3,"4:26 PM","12:00",null,null,null,"54 - 62","8"],["0041400111",303,2,1,3,"4:26 PM","11:40",null,null,"MISS Bradley 22' Jump Shot",null,null],["0041400111",304,4,0,3,"4:26 PM","11:39","Irving REBOUND (Off:2 Def:1)",null,null,null,null],["0041400111",305,2,1,3,"4:27 PM","11:28","MISS Smith 26' 3PT Jump Shot",null,null,null,null],["0041400111",306,4,0,3,"4:27 PM","11:27","Love REBOUND (Off:2 Def:5)",null,null,null,null],["0041400111",307,6,2,3,"4:27 PM","11:21",null,null,"Bass S.FOUL (P1.T1) (M.Callahan)",null,null],["0041400111",308,3,11,3,"4:27 PM","11:21","Love Free Throw 1 of 2 (7 PTS)",null,null,"54 - 63","9"],["0041400111",310,3,12,3,"4:27 PM","11:21","Love Free Throw 2 of 2 (8 PTS)",null,null,"54 - 64","10"],["0041400111",312,6,3,3,"4:28 PM","11:03","Irving L.B.FOUL (P2.T1) (Z.Zarba)",null,null,null,null],["0041400111",313,2,1,3,"4:28 PM","10:51",null,null,"MISS Turner 18' Jump Shot",null,null],["0041400111",315,4,0,3,"4:28 PM","10:49",null,null,"Olynyk REBOUND (Off:1 Def:1)",null,null],["0041400111",314,1,4,3,"4:28 PM","10:49",null,null,"Olynyk 1' Tip Shot (12 PTS)","56 - 64","8"],["0041400111",316,5,1,3,"4:29 PM","10:43","James Bad Pass Turnover (P2.T6)",null,null,null,null],["0041400111",317,1,1,3,"4:29 PM","10:28",null,null,"Bass 15' Jump Shot (6 PTS) (Olynyk 1 AST)","58 - 64","6"],["0041400111",318,6,4,3,"4:29 PM","10:08","Love OFF.Foul (P3) (M.Callahan)",null,null,null,null],["0041400111",319,5,5,3,"4:29 PM","10:08","Love Foul Turnover (P1.T7)",null,null,null,null],["0041400111",320,6,1,3,"4:30 PM","10:01","Smith P.FOUL (P3.T2) (Z.Zarba)",null,null,null,null],["0041400111",321,6,1,3,"4:30 PM","9:56","Smith P.FOUL (P4.T3) (Z.Zarba)",null,null,null,null],["0041400111",322,8,0,3,"4:31 PM","9:56","SUB: Shumpert FOR Smith",null,null,null,null],["0041400111",323,2,1,3,"4:31 PM","9:45",null,null,"MISS Bradley 26' 3PT Jump Shot",null,null],["0041400111",324,4,0,3,"4:31 PM","9:43","Love REBOUND (Off:2 Def:6)",null,null,null,null],["0041400111",325,1,44,3,"4:31 PM","9:35","Mozgov 2' Reverse Layup (4 PTS) (Love 3 AST)",null,null,"58 - 66","8"],["0041400111",326,2,80,3,"4:31 PM","9:11",null,null,"MISS Turner 14' Step Back Jump Shot",null,null],["0041400111",327,4,0,3,"4:31 PM","9:08",null,null,"Smart REBOUND (Off:1 Def:1)",null,null],["0041400111",328,2,1,3,"4:32 PM","9:03",null,null,"MISS Olynyk 25' 3PT Jump Shot",null,null],["0041400111",329,4,0,3,"4:32 PM","9:02","Love REBOUND (Off:2 Def:7)",null,null,null,null],["0041400111",330,1,1,3,"4:32 PM","8:53","Irving 25' 3PT Jump Shot (23 PTS)",null,null,"58 - 69","11"],["0041400111",332,2,1,3,"4:32 PM","8:37",null,null,"MISS Smart 24' 3PT Jump Shot",null,null],["0041400111",333,4,0,3,"4:32 PM","8:35","Love REBOUND (Off:2 Def:8)",null,null,null,null],["0041400111",334,1,42,3,"4:32 PM","8:29","James 1' Driving Layup (15 PTS)",null,null,"58 - 71","13"],["0041400111",335,9,1,3,"4:32 PM","8:29",null,null,"Celtics Timeout: Regular (Reg.3 Short 0)",null,null],["0041400111",339,5,40,3,"4:36 PM","8:24",null,null,"Smart Out of Bounds Lost Ball Turnover (P2.T8)",null,null],["0041400111",340,5,2,3,"4:36 PM","8:10","Mozgov Lost Ball Turnover (P1.T8)",null,"Olynyk STEAL (1 STL)",null,null],["0041400111",341,2,1,3,"4:37 PM","7:54",null,null,"MISS Turner 5' Jump Shot",null,null],["0041400111",342,4,0,3,"4:37 PM","7:54","Love REBOUND (Off:2 Def:9)",null,null,null,null],["0041400111",343,6,1,3,"4:37 PM","7:54",null,null,"Turner P.FOUL (P2.T2) (Z.Zarba)",null,null],["0041400111",347,8,0,3,"4:37 PM","7:54",null,null,"SUB: Thomas FOR Turner",null,null],["0041400111",355,8,0,3,"4:37 PM","7:54",null,null,"SUB: Crowder FOR Smart",null,null],["0041400111",344,2,1,3,"4:37 PM","7:35","MISS Irving 25' 3PT Jump Shot",null,null,null,null],["0041400111",345,4,0,3,"4:37 PM","7:34","Mozgov REBOUND (Off:3 Def:3)",null,null,null,null],["0041400111",346,2,5,3,"4:37 PM","7:32","MISS Mozgov 2' Layup",null,"Olynyk BLOCK (2 BLK)",null,null],["0041400111",348,4,0,3,"4:37 PM","7:31",null,null,"Bradley REBOUND (Off:0 Def:1)",null,null],["0041400111",349,1,1,3,"4:38 PM","7:17",null,null,"Bass 14' Jump Shot (8 PTS) (Bradley 2 AST)","60 - 71","11"],["0041400111",350,2,66,3,"4:38 PM","6:53","MISS Irving 5' Jump Bank Shot",null,null,null,null],["0041400111",351,4,0,3,"4:38 PM","6:51","Shumpert REBOUND (Off:1 Def:1)",null,null,null,null],["0041400111",352,2,1,3,"4:38 PM","6:46","MISS Irving  3PT Jump Shot",null,null,null,null],["0041400111",353,4,0,3,"4:38 PM","6:46","Love REBOUND (Off:3 Def:9)",null,null,null,null],["0041400111",354,1,5,3,"4:38 PM","6:44","Love  Layup (10 PTS)",null,null,"60 - 73","13"],["0041400111",356,1,1,3,"4:38 PM","6:26",null,null,"Bass 17' Jump Shot (10 PTS)","62 - 73","11"],["0041400111",357,1,1,3,"4:39 PM","6:07","Shumpert 24' 3PT Jump Shot (3 PTS) (Love 4 AST)",null,null,"62 - 76","14"],["0041400111",359,2,1,3,"4:39 PM","5:54","Mozgov BLOCK (1 BLK)",null,"MISS Thomas 5' Jump Shot",null,null],["0041400111",360,4,0,3,"4:39 PM","5:54","CAVALIERS Rebound",null,null,null,null],["0041400111",362,8,0,3,"4:39 PM","5:54","SUB: Thompson FOR Mozgov",null,null,null,null],["0041400111",363,1,7,3,"4:40 PM","5:43","Thompson  Dunk (11 PTS) (James 6 AST)",null,null,"62 - 78","16"],["0041400111",364,5,1,3,"4:40 PM","5:19",null,null,"Bradley Bad Pass Turnover (P1.T9)",null,null],["0041400111",365,1,5,3,"4:41 PM","5:16","Love 1' Layup (12 PTS)",null,null,"62 - 80","18"],["0041400111",366,2,1,3,"4:41 PM","4:58",null,null,"MISS Bradley 26' 3PT Jump Shot",null,null],["0041400111",367,4,0,3,"4:41 PM","4:58","CAVALIERS Rebound",null,null,null,null],["0041400111",368,6,1,3,"4:41 PM","4:42",null,null,"Olynyk P.FOUL (P4.T3) (P.Fraher)",null,null],["0041400111",369,8,0,3,"4:42 PM","4:42",null,null,"SUB: Jerebko FOR Bass",null,null],["0041400111",370,8,0,3,"4:42 PM","4:42",null,null,"SUB: Zeller FOR Bradley",null,null],["0041400111",371,8,0,3,"4:42 PM","4:42",null,null,"SUB: Smart FOR Olynyk",null,null],["0041400111",372,6,2,3,"4:42 PM","4:33",null,null,"Jerebko S.FOUL (P2.T4) (M.Callahan)",null,null],["0041400111",373,3,11,3,"4:42 PM","4:33","Love Free Throw 1 of 2 (13 PTS)",null,null,"62 - 81","19"],["0041400111",375,3,12,3,"4:42 PM","4:33","Love Free Throw 2 of 2 (14 PTS)",null,null,"62 - 82","20"],["0041400111",377,1,75,3,"4:43 PM","4:15",null,null,"Smart 1' Driving Finger Roll Layup (10 PTS)","64 - 82","18"],["0041400111",378,5,2,3,"4:44 PM","3:50","James Lost Ball Turnover (P3.T9)",null,"Zeller STEAL (1 STL)",null,null],["0041400111",379,1,7,3,"4:44 PM","3:46",null,null,"Crowder  Dunk (2 PTS) (Thomas 6 AST)","66 - 82","16"],["0041400111",380,9,1,3,"4:44 PM","3:45","CAVALIERS Timeout: Regular (Full 3 Short 0)",null,null,null,null],["0041400111",383,8,0,3,"4:47 PM","3:45","SUB: Jones FOR Love",null,null,null,null],["0041400111",384,2,47,3,"4:48 PM","3:28","MISS Irving 13' Turnaround Jump Shot",null,null,null,null],["0041400111",385,4,0,3,"4:48 PM","3:25",null,null,"Jerebko REBOUND (Off:1 Def:2)",null,null],["0041400111",386,2,1,3,"4:48 PM","3:10",null,null,"MISS Thomas 26' 3PT Jump Shot",null,null],["0041400111",387,4,0,3,"4:48 PM","3:09",null,null,"Crowder REBOUND (Off:1 Def:1)",null,null],["0041400111",388,1,5,3,"4:48 PM","3:09",null,null,"Crowder  Layup (4 PTS)","68 - 82","14"],["0041400111",389,6,2,3,"4:48 PM","3:09","Irving S.FOUL (P3.T4) (Z.Zarba)",null,null,null,null],["0041400111",390,3,10,3,"4:48 PM","3:09",null,null,"Crowder Free Throw 1 of 1 (5 PTS)","69 - 82","13"],["0041400111",392,2,1,3,"4:49 PM","2:47","MISS James 15' Jump Shot",null,null,null,null],["0041400111",393,4,0,3,"4:49 PM","2:47",null,null,"Celtics Rebound",null,null],["0041400111",395,1,42,3,"4:49 PM","2:28",null,null,"Jerebko 1' Driving Layup (7 PTS) (Thomas 7 AST)","71 - 82","11"],["0041400111",396,2,5,3,"4:49 PM","2:14","MISS James 2' Layup",null,null,null,null],["0041400111",397,4,0,3,"4:49 PM","2:12",null,null,"Zeller REBOUND (Off:0 Def:2)",null,null],["0041400111",398,1,1,3,"4:50 PM","2:07",null,null,"Thomas 24' 3PT Jump Shot (15 PTS)","74 - 82","8"],["0041400111",399,2,1,3,"4:50 PM","1:49","MISS Jones 25' 3PT Jump Shot",null,null,null,null],["0041400111",400,4,0,3,"4:50 PM","1:48",null,null,"Thomas REBOUND (Off:0 Def:4)",null,null],["0041400111",401,6,1,3,"4:50 PM","1:43","Shumpert P.FOUL (P2.PN) (Z.Zarba)",null,null,null,null],["0041400111",402,3,11,3,"4:50 PM","1:43",null,null,"Thomas Free Throw 1 of 2 (16 PTS)","75 - 82","7"],["0041400111",404,8,0,3,"4:50 PM","1:43","SUB: Dellavedova FOR James",null,null,null,null],["0041400111",405,3,12,3,"4:51 PM","1:43",null,null,"Thomas Free Throw 2 of 2 (17 PTS)","76 - 82","6"],["0041400111",408,1,47,3,"4:51 PM","1:18","Jones 14' Turnaround Jump Shot (5 PTS) (Dellavedova 1 AST)",null,null,"76 - 84","8"],["0041400111",409,5,1,3,"4:52 PM","0:59","Irving STEAL (1 STL)",null,"Thomas Bad Pass Turnover (P3.T10)",null,null],["0041400111",410,6,1,3,"4:52 PM","0:58",null,null,"Smart P.FOUL (P2.PN) (Z.Zarba)",null,null],["0041400111",411,3,11,3,"4:52 PM","0:58","Irving Free Throw 1 of 2 (24 PTS)",null,null,"76 - 85","9"],["0041400111",413,3,12,3,"4:52 PM","0:58","Irving Free Throw 2 of 2 (25 PTS)",null,null,"76 - 86","10"],["0041400111",415,2,1,3,"4:53 PM","0:42","Irving BLOCK (1 BLK)",null,"MISS Thomas 4' Jump Shot",null,null],["0041400111",416,4,0,3,"4:53 PM","0:42",null,null,"Celtics Rebound",null,null],["0041400111",418,2,1,3,"4:53 PM","0:34",null,null,"MISS Smart 26' 3PT Jump Shot",null,null],["0041400111",419,4,0,3,"4:53 PM","0:33",null,null,"Crowder REBOUND (Off:2 Def:1)",null,null],["0041400111",420,2,66,3,"4:53 PM","0:31",null,null,"MISS Crowder 3' Jump Bank Shot",null,null],["0041400111",421,4,0,3,"4:53 PM","0:31","Shumpert REBOUND (Off:1 Def:2)",null,null,null,null],["0041400111",422,6,1,3,"4:53 PM","0:31",null,null,"Crowder P.FOUL (P3.PN) (Z.Zarba)",null,null],["0041400111",424,3,11,3,"4:54 PM","0:31","Shumpert Free Throw 1 of 2 (4 PTS)",null,null,"76 - 87","11"],["0041400111",427,8,0,3,"4:54 PM","0:31",null,null,"SUB: Olynyk FOR Zeller",null,null],["0041400111",428,8,0,3,"4:54 PM","0:31","SUB: Marion FOR Irving",null,null,null,null],["0041400111",429,3,12,3,"4:54 PM","0:31","Shumpert Free Throw 2 of 2 (5 PTS)",null,null,"76 - 88","12"],["0041400111",432,5,1,3,"4:54 PM","0:22","Marion STEAL (1 STL)",null,"Thomas Bad Pass Turnover (P4.T11)",null,null],["0041400111",433,5,2,3,"4:55 PM","0:18","Dellavedova Lost Ball Turnover (P1.T10)",null,"Thomas STEAL (1 STL)",null,null],["0041400111",434,5,1,3,"4:55 PM","0:14","Marion STEAL (2 STL)",null,"Thomas Bad Pass Turnover (P5.T12)",null,null],["0041400111",435,1,1,3,"4:55 PM","0:00","Jones 26' 3PT Jump Shot (8 PTS) (Dellavedova 2 AST)",null,null,"76 - 91","15"],["0041400111",438,18,0,3,"4:55 PM","0:00",null,null,null,null,null],["0041400111",436,13,0,3,"4:55 PM","0:00",null,null,null,"76 - 91","15"],["0041400111",439,12,0,4,"4:59 PM","12:00",null,null,null,"76 - 91","15"],["0041400111",440,6,1,4,"4:59 PM","11:44",null,null,"Smart P.FOUL (P3.T1) (M.Callahan)",null,null],["0041400111",441,1,1,4,"5:00 PM","11:32","James 26' 3PT Jump Shot (18 PTS) (Dellavedova 3 AST)",null,null,"76 - 94","18"],["0041400111",442,6,1,4,"5:00 PM","11:22","Dellavedova P.FOUL (P2.T1) (Z.Zarba)",null,null,null,null],["0041400111",443,1,5,4,"5:00 PM","11:13",null,null,"Crowder  Layup (7 PTS) (Smart 1 AST)","78 - 94","16"],["0041400111",444,2,1,4,"5:01 PM","10:51","MISS James 19' Jump Shot",null,null,null,null],["0041400111",445,4,0,4,"5:01 PM","10:49",null,null,"Turner REBOUND (Off:0 Def:5)",null,null],["0041400111",446,6,2,4,"5:01 PM","10:39","Dellavedova S.FOUL (P3.T2) (P.Fraher)",null,null,null,null],["0041400111",447,3,11,4,"5:01 PM","10:39",null,null,"MISS Smart Free Throw 1 of 2",null,null],["0041400111",448,4,1,4,"5:01 PM","10:39",null,null,"Celtics Rebound",null,null],["0041400111",449,3,12,4,"5:01 PM","10:39",null,null,"MISS Smart Free Throw 2 of 2",null,null],["0041400111",451,4,0,4,"5:02 PM","10:38","James REBOUND (Off:0 Def:3)",null,null,null,null],["0041400111",452,5,1,4,"5:02 PM","10:22","James Bad Pass Turnover (P4.T11)",null,null,null,null],["0041400111",453,1,1,4,"5:02 PM","10:08",null,null,"Crowder 25' 3PT Jump Shot (10 PTS) (Smart 2 AST)","81 - 94","13"],["0041400111",454,1,5,4,"5:03 PM","9:46","Dellavedova 1' Layup (2 PTS)",null,null,"81 - 96","15"],["0041400111",455,2,46,4,"5:03 PM","9:30",null,null,"MISS Crowder 5' Running Jump Shot",null,null],["0041400111",456,4,0,4,"5:03 PM","9:28","Shumpert REBOUND (Off:1 Def:3)",null,null,null,null],["0041400111",457,5,1,4,"5:03 PM","9:25","James Bad Pass Turnover (P5.T12)",null,"Smart STEAL (1 STL)",null,null],["0041400111",458,2,83,4,"5:03 PM","9:17",null,null,"MISS Jerebko 9' Fadeaway Bank Shot",null,null],["0041400111",459,4,0,4,"5:03 PM","9:14","Jones REBOUND (Off:0 Def:1)",null,null,null,null],["0041400111",460,5,1,4,"5:03 PM","9:03","Dellavedova Bad Pass Turnover (P2.T13)",null,"Jerebko STEAL (1 STL)",null,null],["0041400111",461,2,1,4,"5:03 PM","8:51",null,null,"MISS Turner 8' Jump Shot",null,null],["0041400111",462,4,0,4,"5:04 PM","8:49","Shumpert REBOUND (Off:1 Def:4)",null,null,null,null],["0041400111",463,6,3,4,"5:04 PM","8:48",null,null,"Turner L.B.FOUL (P3.T2) (M.Callahan)",null,null],["0041400111",464,9,4,4,"5:04 PM","8:48",null,null,null,null,null],["0041400111",466,18,0,4,"5:04 PM","8:48",null,null,null,null,null],["0041400111",467,8,0,4,"5:07 PM","8:48",null,null,"SUB: Bradley FOR Crowder",null,null],["0041400111",468,8,0,4,"5:07 PM","8:48","SUB: Irving FOR Jones",null,null,null,null],["0041400111",469,8,0,4,"5:07 PM","8:48","SUB: Love FOR Dellavedova",null,null,null,null],["0041400111",470,6,2,4,"5:07 PM","8:34",null,null,"Jerebko S.FOUL (P3.T3) (Z.Zarba)",null,null],["0041400111",471,3,11,4,"5:07 PM","8:34","Love Free Throw 1 of 2 (15 PTS)",null,null,"81 - 97","16"],["0041400111",473,3,12,4,"5:08 PM","8:34","Love Free Throw 2 of 2 (16 PTS)",null,null,"81 - 98","17"],["0041400111",476,8,0,4,"5:08 PM","8:18",null,null,"SUB: Sullinger FOR Jerebko",null,null],["0041400111",477,8,0,4,"5:09 PM","8:18",null,null,"SUB: Bass FOR Zeller",null,null],["0041400111",478,8,0,4,"5:09 PM","8:18",null,null,"SUB: Thomas FOR Smart",null,null],["0041400111",479,1,66,4,"5:09 PM","8:13",null,null,"Sullinger 6' Jump Bank Shot (2 PTS) (Turner 4 AST)","83 - 98","15"],["0041400111",480,6,1,4,"5:09 PM","7:59",null,null,"Bradley P.FOUL (P2.T4) (M.Callahan)",null,null],["0041400111",481,2,1,4,"5:10 PM","7:47","MISS James 26' 3PT Jump Shot",null,null,null,null],["0041400111",482,4,0,4,"5:10 PM","7:46",null,null,"Bradley REBOUND (Off:0 Def:2)",null,null],["0041400111",483,1,1,4,"5:10 PM","7:33",null,null,"Thomas 26' 3PT Jump Shot (20 PTS) (Bradley 3 AST)","86 - 98","12"],["0041400111",484,1,1,4,"5:10 PM","7:16","Irving 20' Jump Shot (27 PTS) (Thompson 1 AST)",null,null,"86 - 100","14"],["0041400111",485,6,2,4,"5:10 PM","7:16",null,null,"Bradley S.FOUL (P3.PN) (Z.Zarba)",null,null],["0041400111",486,8,0,4,"5:11 PM","7:16","SUB: Jones FOR Love",null,null,null,null],["0041400111",487,3,10,4,"5:11 PM","7:16","Irving Free Throw 1 of 1 (28 PTS)",null,null,"86 - 101","15"],["0041400111",489,5,1,4,"5:11 PM","6:57",null,null,"Bass Bad Pass Turnover (P1.T13)",null,null],["0041400111",490,2,1,4,"5:12 PM","6:33","MISS Irving 26' 3PT Jump Shot",null,null,null,null],["0041400111",491,4,0,4,"5:12 PM","6:32",null,null,"Turner REBOUND (Off:0 Def:6)",null,null],["0041400111",492,1,1,4,"5:12 PM","6:25",null,null,"Bradley  3PT Jump Shot (5 PTS) (Thomas 8 AST)","89 - 101","12"],["0041400111",493,6,1,4,"5:12 PM","6:21",null,null,"Sullinger P.FOUL (P2.PN) (Z.Zarba)",null,null],["0041400111",494,3,11,4,"5:12 PM","6:21","MISS Thompson Free Throw 1 of 2",null,null,null,null],["0041400111",495,4,1,4,"5:12 PM","6:21","CAVALIERS Rebound",null,null,null,null],["0041400111",496,3,12,4,"5:13 PM","6:21","Thompson Free Throw 2 of 2 (12 PTS)",null,null,"89 - 102","13"],["0041400111",499,7,5,4,"5:13 PM","6:13","Shumpert Violation:Kicked Ball (M.Callahan)",null,null,null,null],["0041400111",500,8,0,4,"5:13 PM","6:13","SUB: Mozgov FOR Thompson",null,null,null,null],["0041400111",501,8,0,4,"5:13 PM","6:13","SUB: Love FOR Jones",null,null,null,null],["0041400111",502,6,1,4,"5:14 PM","6:07","Shumpert P.FOUL (P3.T3) (M.Callahan)",null,null,null,null],["0041400111",503,9,1,4,"5:14 PM","6:07",null,null,"Celtics Timeout: Regular (Reg.4 Short 0)",null,null],["0041400111",507,6,26,4,"5:17 PM","6:01",null,null,"Sullinger Offensive Charge Foul (P3.PN) (Z.Zarba)",null,null],["0041400111",508,5,5,4,"5:17 PM","6:01",null,null,"Sullinger Foul Turnover (P1.T14)",null,null],["0041400111",509,1,42,4,"5:18 PM","5:48","Irving 1' Driving Layup (30 PTS)",null,null,"89 - 104","15"],["0041400111",510,6,1,4,"5:18 PM","5:40","Shumpert P.FOUL (P4.T4) (Z.Zarba)",null,null,null,null],["0041400111",511,1,1,4,"5:19 PM","5:29",null,null,"Sullinger 15' Jump Shot (4 PTS) (Thomas 9 AST)","91 - 104","13"],["0041400111",512,2,1,4,"5:19 PM","5:09","MISS Shumpert 24' 3PT Jump Shot",null,null,null,null],["0041400111",513,4,0,4,"5:19 PM","5:08",null,null,"Turner REBOUND (Off:0 Def:7)",null,null],["0041400111",514,1,1,4,"5:19 PM","4:57",null,null,"Bradley 18' Jump Shot (7 PTS) (Turner 5 AST)","93 - 104","11"],["0041400111",515,6,1,4,"5:19 PM","4:41",null,null,"Bass P.FOUL (P2.PN) (Z.Zarba)",null,null],["0041400111",516,3,11,4,"5:20 PM","4:41","Mozgov Free Throw 1 of 2 (5 PTS)",null,null,"93 - 105","12"],["0041400111",518,8,0,4,"5:20 PM","4:41",null,null,"SUB: Crowder FOR Bass",null,null],["0041400111",519,3,12,4,"5:20 PM","4:41","Mozgov Free Throw 2 of 2 (6 PTS)",null,null,"93 - 106","13"],["0041400111",522,2,44,4,"5:21 PM","4:24","Mozgov BLOCK (2 BLK)",null,"MISS Thomas 3' Reverse Layup",null,null],["0041400111",523,4,0,4,"5:21 PM","4:22","James REBOUND (Off:0 Def:4)",null,null,null,null],["0041400111",524,2,43,4,"5:21 PM","4:18","MISS Mozgov 1' Alley Oop Layup",null,null,null,null],["0041400111",525,4,0,4,"5:21 PM","4:15",null,null,"Sullinger REBOUND (Off:0 Def:2)",null,null],["0041400111",526,1,5,4,"5:21 PM","4:13",null,null,"Turner 1' Layup (9 PTS) (Thomas 10 AST)","95 - 106","11"],["0041400111",527,6,2,4,"5:21 PM","4:13","Love S.FOUL (P4.PN) (Z.Zarba)",null,null,null,null],["0041400111",528,3,10,4,"5:21 PM","4:13",null,null,"Turner Free Throw 1 of 1 (10 PTS)","96 - 106","10"],["0041400111",530,1,42,4,"5:22 PM","3:49","James 1' Driving Layup (20 PTS)",null,null,"96 - 108","12"],["0041400111",531,1,1,4,"5:22 PM","3:39",null,null,"Thomas 23' Jump Shot (22 PTS)","98 - 108","10"],["0041400111",532,1,1,4,"5:22 PM","3:21","Love  3PT Jump Shot (19 PTS) (James 7 AST)",null,null,"98 - 111","13"],["0041400111",533,2,1,4,"5:22 PM","3:08",null,null,"MISS Crowder 25' 3PT Jump Shot",null,null],["0041400111",534,4,0,4,"5:22 PM","3:07","James REBOUND (Off:0 Def:5)",null,null,null,null],["0041400111",535,2,80,4,"5:23 PM","2:46","MISS James 19' Step Back Jump Shot",null,null,null,null],["0041400111",536,4,0,4,"5:23 PM","2:44",null,null,"Sullinger REBOUND (Off:0 Def:3)",null,null],["0041400111",537,2,78,4,"5:23 PM","2:38",null,null,"MISS Turner 5' Floating Jump Shot",null,null],["0041400111",539,4,0,4,"5:23 PM","2:36",null,null,"Crowder REBOUND (Off:3 Def:1)",null,null],["0041400111",538,2,4,4,"5:23 PM","2:36",null,null,"MISS Crowder 1' Tip Shot",null,null],["0041400111",540,4,0,4,"5:23 PM","2:34","Mozgov REBOUND (Off:3 Def:4)",null,null,null,null],["0041400111",541,6,1,4,"5:23 PM","2:34",null,null,"Crowder P.FOUL (P4.PN) (M.Callahan)",null,null],["0041400111",542,9,1,4,"5:23 PM","2:34","CAVALIERS Timeout: Regular (Full 4 Short 0)",null,null,null,null],["0041400111",544,18,0,4,"5:23 PM","2:34",null,null,null,null,null],["0041400111",547,3,11,4,"5:26 PM","2:34","MISS Irving Free Throw 1 of 2",null,null,null,null],["0041400111",548,4,1,4,"5:26 PM","2:34","CAVALIERS Rebound",null,null,null,null],["0041400111",549,3,12,4,"5:26 PM","2:34","MISS Irving Free Throw 2 of 2",null,null,null,null],["0041400111",551,4,0,4,"5:27 PM","2:34",null,null,"Crowder REBOUND (Off:3 Def:2)",null,null],["0041400111",554,8,0,4,"5:28 PM","2:34",null,null,"SUB: Olynyk FOR Crowder",null,null],["0041400111",556,2,1,4,"5:28 PM","2:14","Mozgov BLOCK (3 BLK)",null,"MISS Olynyk 6' Jump Shot",null,null],["0041400111",557,4,0,4,"5:28 PM","2:14",null,null,"Celtics Rebound",null,null],["0041400111",559,9,2,4,"5:28 PM","2:14",null,null,"Celtics Timeout: Short (Reg.4 Short 1)",null,null],["0041400111",562,2,1,4,"5:29 PM","2:09",null,null,"MISS Bradley 25' 3PT Jump Shot",null,null],["0041400111",563,4,0,4,"5:29 PM","2:08","James REBOUND (Off:0 Def:6)",null,null,null,null],["0041400111",564,2,1,4,"5:30 PM","1:45","MISS James 19' Jump Shot",null,null,null,null],["0041400111",565,4,0,4,"5:30 PM","1:44","Shumpert REBOUND (Off:2 Def:4)",null,null,null,null],["0041400111",566,2,1,4,"5:30 PM","1:21","MISS Irving  3PT Jump Shot",null,null,null,null],["0041400111",567,4,0,4,"5:30 PM","1:20",null,null,"Thomas REBOUND (Off:0 Def:5)",null,null],["0041400111",568,2,1,4,"5:30 PM","1:09",null,null,"MISS Bradley  3PT Jump Shot",null,null],["0041400111",569,4,0,4,"5:30 PM","1:08","Mozgov REBOUND (Off:3 Def:5)",null,null,null,null],["0041400111",570,2,47,4,"5:31 PM","0:45","MISS James 15' Turnaround Jump Shot",null,null,null,null],["0041400111",571,4,0,4,"5:31 PM","0:42",null,null,"Sullinger REBOUND (Off:0 Def:4)",null,null],["0041400111",572,6,2,4,"5:31 PM","0:39","Mozgov S.FOUL (P3.PN) (M.Callahan)",null,null,null,null],["0041400111",573,3,11,4,"5:31 PM","0:39",null,null,"Turner Free Throw 1 of 2 (11 PTS)","99 - 111","12"],["0041400111",575,8,0,4,"5:32 PM","0:39",null,null,"SUB: Datome FOR Bradley",null,null],["0041400111",576,8,0,4,"5:32 PM","0:39",null,null,"SUB: Pressey FOR Thomas",null,null],["0041400111",577,8,0,4,"5:32 PM","0:39","SUB: Jones FOR James",null,null,null,null],["0041400111",578,8,0,4,"5:32 PM","0:39","SUB: Dellavedova FOR Love",null,null,null,null],["0041400111",579,8,0,4,"5:32 PM","0:39","SUB: Thompson FOR Irving",null,null,null,null],["0041400111",580,3,12,4,"5:32 PM","0:39",null,null,"Turner Free Throw 2 of 2 (12 PTS)","100 - 111","11"],["0041400111",583,6,1,4,"5:33 PM","0:20",null,null,"Pressey P.FOUL (P1.PN) (M.Callahan)",null,null],["0041400111",584,3,11,4,"5:33 PM","0:20","Shumpert Free Throw 1 of 2 (6 PTS)",null,null,"100 - 112","12"],["0041400111",586,8,0,4,"5:33 PM","0:20","SUB: Marion FOR Mozgov",null,null,null,null],["0041400111",587,3,12,4,"5:33 PM","0:20","Shumpert Free Throw 2 of 2 (7 PTS)",null,null,"100 - 113","13"],["0041400111",589,2,1,4,"5:34 PM","0:13",null,null,"MISS Pressey 26' 3PT Jump Shot",null,null],["0041400111",590,4,0,4,"5:34 PM","0:10",null,null,"Pressey REBOUND (Off:1 Def:0)",null,null],["0041400111",591,2,42,4,"5:34 PM","0:05",null,null,"MISS Pressey 2' Driving Layup",null,null],["0041400111",592,4,0,4,"5:34 PM","0:03","Thompson REBOUND (Off:4 Def:2)",null,null,null,null],["0041400111",594,13,0,4,"5:34 PM","0:00",null,null,null,"100 - 113","13"]]},{"name":"AvailableVideo","headers":["VIDEO_AVAILABLE_FLAG"],"rowSet":[[1]]}]}