{"resource":"playbyplay","parameters":{"GameID":"0041400211","StartPeriod":0,"EndPeriod":14},"resultSets":[{"name":"PlayByPlay","headers":["GAME_ID","EVENTNUM","EVENTMSGTYPE","EVENTMSGACTIONTYPE","PERIOD","WCTIMESTRING","PCTIMESTRING","HOMEDESCRIPTION","NEUTRALDESCRIPTION","VISITORDESCRIPTION","SCORE","SCOREMARGIN"],"rowSet":[["0041400211",0,12,0,1,"7:04 PM","12:00",null,null,null,null,null],["0041400211",1,10,0,1,"7:04 PM","12:00","Jump Ball Mozgov vs. Gasol: Tip to Rose",null,null,null,null],["0041400211",2,1,1,1,"7:05 PM","11:39",null,null,"Dunleavy  3PT Jump Shot (3 PTS) (Noah 1 AST)","3 - 0","-3"],["0041400211",3,1,1,1,"7:05 PM","11:13","Shumpert 16' Jump Shot (2 PTS) (Irving 1 AST)",null,null,"3 - 2","-1"],["0041400211",4,6,2,1,"7:05 PM","10:59","Shumpert S.FOUL (P1.T1) (K.Mauer)",null,null,null,null],["0041400211",5,3,11,1,"7:06 PM","10:59",null,null,"MISS Noah Free Throw 1 of 2",null,null],["0041400211",6,4,1,1,"7:06 PM","10:59",null,null,"Bulls Rebound",null,null],["0041400211",7,3,12,1,"7:06 PM","10:59",null,null,"MISS Noah Free Throw 2 of 2",null,null],["0041400211",9,4,0,1,"7:06 PM","10:57","James REBOUND (Off:0 Def:1)",null,null,null,null],["0041400211",10,2,1,1,"7:06 PM","10:44","MISS Irving 18' Jump Shot",null,null,null,null],["0041400211",11,4,0,1,"7:06 PM","10:43",null,null,"Noah REBOUND (Off:0 Def:1)",null,null],["0041400211",12,6,1,1,"7:07 PM","10:35","Irving P.FOUL (P1.T2) (B.Forte)",null,null,null,null],["0041400211",13,1,1,1,"7:07 PM","10:18",null,null,"Rose 28' 3PT Jump Shot (3 PTS) (Butler 1 AST)","6 - 2","-4"],["0041400211",14,5,40,1,"7:07 PM","10:04","James Out of Bounds Lost Ball Turnover (P1.T1)",null,null,null,null],["0041400211",15,2,47,1,"7:08 PM","9:43",null,null,"MISS Butler 14' Turnaround Jump Shot",null,null],["0041400211",16,4,0,1,"7:08 PM","9:42","Miller REBOUND (Off:0 Def:1)",null,null,null,null],["0041400211",17,2,1,1,"7:08 PM","9:34","MISS Miller 27' 3PT Jump Shot",null,null,null,null],["0041400211",18,4,0,1,"7:08 PM","9:33",null,null,"Noah REBOUND (Off:0 Def:2)",null,null],["0041400211",19,2,78,1,"7:08 PM","9:21",null,null,"MISS Rose 9' Floating Jump Shot",null,null],["0041400211",20,4,0,1,"7:08 PM","9:20","Miller REBOUND (Off:0 Def:2)",null,null,null,null],["0041400211",21,2,1,1,"7:08 PM","9:12","MISS Shumpert 25' 3PT Jump Shot",null,null,null,null],["0041400211",22,4,0,1,"7:08 PM","9:11",null,null,"Gasol REBOUND (Off:0 Def:1)",null,null],["0041400211",23,2,1,1,"7:08 PM","9:06",null,null,"MISS Butler 24' 3PT Jump Shot",null,null],["0041400211",24,4,0,1,"7:08 PM","9:04","Miller REBOUND (Off:0 Def:3)",null,null,null,null],["0041400211",25,2,5,1,"7:09 PM","8:42","MISS Shumpert 2' Layup",null,null,null,null],["0041400211",26,4,0,1,"7:09 PM","8:40",null,null,"Noah REBOUND (Off:0 Def:3)",null,null],["0041400211",27,2,1,1,"7:09 PM","8:29",null,null,"MISS Gasol 18' Jump Shot",null,null],["0041400211",28,4,0,1,"7:09 PM","8:27",null,null,"Dunleavy REBOUND (Off:1 Def:0)",null,null],["0041400211",29,1,5,1,"7:09 PM","8:26",null,null,"Dunleavy  Layup (5 PTS)","8 - 2","-6"],["0041400211",30,2,42,1,"7:09 PM","8:08","MISS Irving 1' Driving Layup",null,null,null,null],["0041400211",31,4,0,1,"7:09 PM","8:05",null,null,"Rose REBOUND (Off:0 Def:1)",null,null],["0041400211",32,1,5,1,"7:10 PM","7:50",null,null,"Gasol  Layup (2 PTS) (Noah 2 AST)","10 - 2","-8"],["0041400211",33,9,1,1,"7:10 PM","7:49","CAVALIERS Timeout: Regular (Full 1 Short 0)",null,null,null,null],["0041400211",37,2,1,1,"7:13 PM","7:35","MISS James 7' Jump Shot",null,null,null,null],["0041400211",38,4,0,1,"7:13 PM","7:34",null,null,"Gasol REBOUND (Off:0 Def:2)",null,null],["0041400211",39,2,1,1,"7:14 PM","7:19","Mozgov BLOCK (1 BLK)",null,"MISS Noah 5' Jump Shot",null,null],["0041400211",40,4,0,1,"7:14 PM","7:19",null,null,"Bulls Rebound",null,null],["0041400211",42,1,45,1,"7:14 PM","7:18",null,null,"Dunleavy 24' 3PT Jump Shot (8 PTS) (Butler 2 AST)","13 - 2","-11"],["0041400211",43,1,1,1,"7:14 PM","6:51","Shumpert 24' 3PT Jump Shot (5 PTS) (Irving 2 AST)",null,null,"13 - 5","-8"],["0041400211",44,2,65,1,"7:14 PM","6:39",null,null,"MISS Gasol 10' Jump Hook Shot",null,null],["0041400211",45,4,0,1,"7:14 PM","6:35",null,null,"Noah REBOUND (Off:1 Def:3)",null,null],["0041400211",46,1,80,1,"7:15 PM","6:29",null,null,"Butler 15' Step Back Jump Shot (2 PTS)","15 - 5","-10"],["0041400211",47,2,1,1,"7:15 PM","6:09","MISS Shumpert 24' 3PT Jump Shot",null,null,null,null],["0041400211",48,4,0,1,"7:15 PM","6:07",null,null,"Gasol REBOUND (Off:0 Def:3)",null,null],["0041400211",50,1,1,1,"7:15 PM","5:58",null,null,"Rose 26' 3PT Jump Shot (6 PTS)","18 - 5","-13"],["0041400211",52,1,44,1,"7:15 PM","5:38","Irving 2' Reverse Layup (2 PTS) (James 1 AST)",null,null,"18 - 7","-11"],["0041400211",53,1,1,1,"7:16 PM","5:19",null,null,"Dunleavy  3PT Jump Shot (11 PTS) (Noah 3 AST)","21 - 7","-14"],["0041400211",54,6,2,1,"7:16 PM","5:04",null,null,"Noah S.FOUL (P1.T1) (E.Malloy)",null,null],["0041400211",55,3,11,1,"7:16 PM","5:04","MISS Mozgov Free Throw 1 of 2",null,null,null,null],["0041400211",56,4,1,1,"7:16 PM","5:04","CAVALIERS Rebound",null,null,null,null],["0041400211",57,8,0,1,"7:17 PM","5:04","SUB: Thompson FOR Miller",null,null,null,null],["0041400211",58,3,12,1,"7:17 PM","5:04","Mozgov Free Throw 2 of 2 (1 PTS)",null,null,"21 - 8","-13"],["0041400211",60,5,1,1,"7:17 PM","4:50",null,null,"Noah Bad Pass Turnover (P1.T1)",null,null],["0041400211",61,2,1,1,"7:18 PM","4:41","MISS Mozgov 7' Jump Shot",null,null,null,null],["0041400211",62,4,0,1,"7:18 PM","4:39","CAVALIERS Rebound",null,null,null,null],["0041400211",63,8,0,1,"7:18 PM","4:39",null,null,"SUB: Gibson FOR Noah",null,null],["0041400211",64,10,0,1,"7:18 PM","4:39","Jump Ball Thompson vs. Butler: Tip to Irving",null,null,null,null],["0041400211",65,1,1,1,"7:18 PM","4:27","James 19' Jump Shot (2 PTS)",null,null,"21 - 10","-11"],["0041400211",66,1,1,1,"7:19 PM","4:10",null,null,"Gasol 19' Jump Shot (4 PTS) (Gibson 1 AST)","23 - 10","-13"],["0041400211",67,2,44,1,"7:19 PM","3:49","MISS Shumpert 1' Reverse Layup",null,null,null,null],["0041400211",68,4,0,1,"7:19 PM","3:47",null,null,"Gasol REBOUND (Off:0 Def:4)",null,null],["0041400211",69,2,5,1,"7:19 PM","3:43","Irving BLOCK (1 BLK)",null,"MISS Rose 2' Layup",null,null],["0041400211",70,4,0,1,"7:19 PM","3:41","Mozgov REBOUND (Off:0 Def:1)",null,null,null,null],["0041400211",71,6,17,1,"7:19 PM","3:27",null,null,"Bulls T.Foul (Def. 3 Sec Gibson ) (E.Malloy)",null,null],["0041400211",72,3,16,1,"7:20 PM","3:27","Irving Free Throw Technical (3 PTS)",null,null,"23 - 11","-12"],["0041400211",74,8,0,1,"7:20 PM","3:27","SUB: Marion FOR James",null,null,null,null],["0041400211",75,2,1,1,"7:20 PM","3:09","MISS Shumpert 25' 3PT Jump Shot",null,null,null,null],["0041400211",76,4,0,1,"7:20 PM","3:08",null,null,"Rose REBOUND (Off:0 Def:2)",null,null],["0041400211",78,8,0,1,"7:21 PM","3:06",null,null,"SUB: Hinrich FOR Butler",null,null],["0041400211",79,2,78,1,"7:21 PM","3:00",null,null,"MISS Rose 8' Floating Jump Shot",null,null],["0041400211",80,4,0,1,"7:21 PM","2:56",null,null,"Gasol REBOUND (Off:1 Def:4)",null,null],["0041400211",81,1,44,1,"7:21 PM","2:53",null,null,"Rose 2' Reverse Layup (8 PTS) (Gasol 1 AST)","25 - 11","-14"],["0041400211",82,6,2,1,"7:22 PM","2:43",null,null,"Hinrich S.FOUL (P1.T2) (K.Mauer)",null,null],["0041400211",83,9,1,1,"7:22 PM","2:43",null,null,"Bulls Timeout: Regular (Reg.1 Short 0)",null,null],["0041400211",87,3,11,1,"7:25 PM","2:43","Thompson Free Throw 1 of 2 (1 PTS)",null,null,"25 - 12","-13"],["0041400211",89,3,12,1,"7:25 PM","2:43","Thompson Free Throw 2 of 2 (2 PTS)",null,null,"25 - 13","-12"],["0041400211",91,1,1,1,"7:25 PM","2:31",null,null,"Dunleavy 23' Jump Shot (13 PTS) (Rose 1 AST)","27 - 13","-14"],["0041400211",92,2,66,1,"7:26 PM","2:10","MISS Irving 12' Jump Bank Shot",null,null,null,null],["0041400211",93,4,0,1,"7:26 PM","2:10",null,null,"Bulls Rebound",null,null],["0041400211",94,8,0,1,"7:26 PM","2:10","SUB: James FOR Shumpert",null,null,null,null],["0041400211",95,8,0,1,"7:26 PM","2:10",null,null,"SUB: Butler FOR Dunleavy",null,null],["0041400211",96,6,1,1,"7:26 PM","1:53","Marion P.FOUL (P1.T3) (K.Mauer)",null,null,null,null],["0041400211",97,5,1,1,"7:27 PM","1:39","Mozgov STEAL (1 STL)",null,"Butler Bad Pass Turnover (P1.T2)",null,null],["0041400211",98,1,1,1,"7:27 PM","1:28","James 7' Jump Shot (4 PTS)",null,null,"27 - 15","-12"],["0041400211",99,2,65,1,"7:28 PM","1:03",null,null,"MISS Gasol 11' Jump Hook Shot",null,null],["0041400211",100,4,0,1,"7:28 PM","1:00","James REBOUND (Off:0 Def:2)",null,null,null,null],["0041400211",101,2,86,1,"7:28 PM","0:49","MISS James 8' Turnaround Fadeaway Shot",null,null,null,null],["0041400211",102,4,0,1,"7:28 PM","0:46",null,null,"Gasol REBOUND (Off:1 Def:5)",null,null],["0041400211",103,2,1,1,"7:28 PM","0:34",null,null,"MISS Butler 25' 3PT Jump Shot",null,null],["0041400211",104,4,0,1,"7:28 PM","0:31","Thompson REBOUND (Off:0 Def:1)",null,null,null,null],["0041400211",105,6,1,1,"7:28 PM","0:25",null,null,"Hinrich P.FOUL (P2.T3) (B.Forte)",null,null],["0041400211",107,8,0,1,"7:29 PM","0:25","SUB: Miller FOR Thompson",null,null,null,null],["0041400211",108,8,0,1,"7:29 PM","0:25",null,null,"SUB: Dunleavy FOR Gibson",null,null],["0041400211",109,2,1,1,"7:29 PM","0:11","MISS Irving 5' Jump Shot",null,null,null,null],["0041400211",110,4,0,1,"7:29 PM","0:10","Mozgov REBOUND (Off:1 Def:1)",null,null,null,null],["0041400211",111,2,1,1,"7:29 PM","0:05","MISS Irving 22' Jump Shot",null,null,null,null],["0041400211",112,4,0,1,"7:29 PM","0:04","Mozgov REBOUND (Off:2 Def:1)",null,null,null,null],["0041400211",113,2,5,1,"7:29 PM","0:01","MISS Mozgov 1' Layup",null,"Gasol BLOCK (1 BLK)",null,null],["0041400211",114,4,0,1,"7:29 PM","0:01","James REBOUND (Off:1 Def:2)",null,null,null,null],["0041400211",115,13,0,1,"7:30 PM","0:00",null,null,null,"27 - 15","-12"],["0041400211",117,12,0,2,"7:34 PM","12:00",null,null,null,"27 - 15","-12"],["0041400211",118,1,84,2,"7:34 PM","11:43","Dellavedova 5' Running Bank Shot (2 PTS) (James 2 AST)",null,null,"27 - 17","-10"],["0041400211",119,5,1,2,"7:34 PM","11:19","James STEAL (1 STL)",null,"Noah Bad Pass Turnover (P2.T3)",null,null],["0041400211",120,2,1,2,"7:34 PM","11:13","MISS Dellavedova  3PT Jump Shot",null,null,null,null],["0041400211",121,4,0,2,"7:34 PM","11:12",null,null,"Gibson REBOUND (Off:0 Def:1)",null,null],["0041400211",122,1,84,2,"7:35 PM","10:50",null,null,"Hinrich 8' Running Bank Shot (2 PTS) (Noah 4 AST)","29 - 17","-12"],["0041400211",123,6,2,2,"7:35 PM","10:50","Jones S.FOUL (P1.T1) (K.Mauer)",null,null,null,null],["0041400211",124,3,10,2,"7:35 PM","10:50",null,null,"Hinrich Free Throw 1 of 1 (3 PTS)","30 - 17","-13"],["0041400211",126,5,1,2,"7:36 PM","10:31","James Bad Pass Turnover (P2.T2)",null,"Butler STEAL (1 STL)",null,null],["0041400211",127,1,1,2,"7:36 PM","10:17",null,null,"Hinrich 24' 3PT Jump Shot (6 PTS) (Butler 3 AST)","33 - 17","-16"],["0041400211",128,1,42,2,"7:36 PM","10:00","James 1' Driving Layup (6 PTS)",null,null,"33 - 19","-14"],["0041400211",129,2,1,2,"7:36 PM","9:37",null,null,"MISS Hinrich 20' Jump Shot",null,null],["0041400211",130,4,0,2,"7:36 PM","9:36","James REBOUND (Off:1 Def:3)",null,null,null,null],["0041400211",131,1,42,2,"7:37 PM","9:29","James 1' Driving Layup (8 PTS)",null,null,"33 - 21","-12"],["0041400211",132,6,1,2,"7:37 PM","9:06","Dellavedova P.FOUL (P1.T2) (E.Malloy)",null,null,null,null],["0041400211",133,8,0,2,"7:37 PM","9:06","SUB: Shumpert FOR Marion",null,null,null,null],["0041400211",134,8,0,2,"7:37 PM","9:06","SUB: Irving FOR Dellavedova",null,null,null,null],["0041400211",135,1,5,2,"7:38 PM","9:00",null,null,"Brooks  Layup (2 PTS) (Hinrich 1 AST)","35 - 21","-14"],["0041400211",136,2,1,2,"7:38 PM","8:40","MISS Irving 16' Jump Shot",null,null,null,null],["0041400211",137,4,0,2,"7:38 PM","8:40","CAVALIERS Rebound",null,null,null,null],["0041400211",138,6,3,2,"7:38 PM","8:40",null,null,"Noah L.B.FOUL (P2.T1) (E.Malloy)",null,null],["0041400211",139,9,4,2,"7:38 PM","8:40",null,null,null,null,null],["0041400211",141,8,0,2,"7:40 PM","8:40",null,null,"SUB: Rose FOR Brooks",null,null],["0041400211",143,1,88,2,"7:41 PM","8:26","Shumpert  Driving Slam Dunk (7 PTS) (James 3 AST)",null,null,"35 - 23","-12"],["0041400211",144,1,80,2,"7:42 PM","8:00",null,null,"Rose 16' Step Back Jump Shot (10 PTS)","37 - 23","-14"],["0041400211",145,1,1,2,"7:42 PM","7:47","Irving 15' Jump Shot (5 PTS)",null,null,"37 - 25","-12"],["0041400211",146,6,2,2,"7:42 PM","7:47",null,null,"Rose S.FOUL (P1.T2) (K.Mauer)",null,null],["0041400211",147,8,0,2,"7:42 PM","7:47",null,null,"SUB: Dunleavy FOR Hinrich",null,null],["0041400211",148,3,10,2,"7:42 PM","7:47","Irving Free Throw 1 of 1 (6 PTS)",null,null,"37 - 26","-11"],["0041400211",150,2,3,2,"7:43 PM","7:26",null,null,"MISS Noah 10' Hook Shot",null,null],["0041400211",151,4,0,2,"7:43 PM","7:25","Jones REBOUND (Off:0 Def:1)",null,null,null,null],["0041400211",152,6,2,2,"7:43 PM","7:20",null,null,"Rose S.FOUL (P2.T3) (E.Malloy)",null,null],["0041400211",153,3,11,2,"7:43 PM","7:20","Irving Free Throw 1 of 2 (7 PTS)",null,null,"37 - 27","-10"],["0041400211",155,3,12,2,"7:43 PM","7:20","Irving Free Throw 2 of 2 (8 PTS)",null,null,"37 - 28","-9"],["0041400211",158,1,1,2,"7:44 PM","7:00",null,null,"Gibson 16' Jump Shot (2 PTS) (Butler 4 AST)","39 - 28","-11"],["0041400211",159,1,1,2,"7:44 PM","6:45","Irving 26' 3PT Jump Shot (11 PTS)",null,null,"39 - 31","-8"],["0041400211",160,2,5,2,"7:45 PM","6:27","Thompson BLOCK (1 BLK)",null,"MISS Rose 3' Layup",null,null],["0041400211",161,4,0,2,"7:45 PM","6:25","Jones REBOUND (Off:0 Def:2)",null,null,null,null],["0041400211",162,1,5,2,"7:45 PM","6:21","Irving 1' Layup (13 PTS)",null,null,"39 - 33","-6"],["0041400211",163,9,1,2,"7:45 PM","6:16",null,null,"Bulls Timeout: Regular (Reg.2 Short 0)",null,null],["0041400211",167,1,42,2,"7:49 PM","5:56",null,null,"Butler 1' Driving Layup (4 PTS)","41 - 33","-8"],["0041400211",168,1,1,2,"7:49 PM","5:40","James 21' Jump Shot (10 PTS) (Irving 3 AST)",null,null,"41 - 35","-6"],["0041400211",169,1,42,2,"7:50 PM","5:23",null,null,"Rose 1' Driving Layup (12 PTS)","43 - 35","-8"],["0041400211",170,2,1,2,"7:50 PM","5:05","MISS Jones 24' 3PT Jump Shot",null,null,null,null],["0041400211",171,4,0,2,"7:50 PM","5:04",null,null,"Dunleavy REBOUND (Off:1 Def:1)",null,null],["0041400211",172,2,1,2,"7:50 PM","4:49",null,null,"MISS Butler 21' Jump Shot",null,null],["0041400211",173,4,0,2,"7:50 PM","4:48","CAVALIERS Rebound",null,null,null,null],["0041400211",174,2,1,2,"7:51 PM","4:31","MISS Jones 27' 3PT Jump Shot",null,null,null,null],["0041400211",175,4,0,2,"7:51 PM","4:29",null,null,"Dunleavy REBOUND (Off:1 Def:2)",null,null],["0041400211",176,2,1,2,"7:51 PM","4:19",null,null,"MISS Rose 25' 3PT Jump Shot",null,null],["0041400211",177,4,0,2,"7:51 PM","4:18","James REBOUND (Off:1 Def:4)",null,null,null,null],["0041400211",178,2,5,2,"7:51 PM","4:03","MISS James 1' Layup",null,"Noah BLOCK (1 BLK)",null,null],["0041400211",179,4,0,2,"7:51 PM","4:01",null,null,"Noah REBOUND (Off:1 Def:4)",null,null],["0041400211",180,6,1,2,"7:51 PM","3:58","Jones P.FOUL (P2.T3) (E.Malloy)",null,null,null,null],["0041400211",181,8,0,2,"7:52 PM","3:58",null,null,"SUB: Mirotic FOR Gibson",null,null],["0041400211",182,8,0,2,"7:52 PM","3:58","SUB: Mozgov FOR Jones",null,null,null,null],["0041400211",183,8,0,2,"7:52 PM","3:58",null,null,"SUB: Gasol FOR Noah",null,null],["0041400211",184,2,47,2,"7:52 PM","3:37",null,null,"MISS Gasol 16' Turnaround Jump Shot",null,null],["0041400211",185,4,0,2,"7:52 PM","3:36","Thompson REBOUND (Off:0 Def:2)",null,null,null,null],["0041400211",186,6,2,2,"7:52 PM","3:28",null,null,"Mirotic S.FOUL (P1.T4) (E.Malloy)",null,null],["0041400211",187,3,11,2,"7:53 PM","3:28","Irving Free Throw 1 of 2 (14 PTS)",null,null,"43 - 36","-7"],["0041400211",189,8,0,2,"7:53 PM","3:28","SUB: Miller FOR James",null,null,null,null],["0041400211",190,3,12,2,"7:53 PM","3:28","Irving Free Throw 2 of 2 (15 PTS)",null,null,"43 - 37","-6"],["0041400211",193,1,66,2,"7:53 PM","3:16",null,null,"Rose 15' Jump Bank Shot (14 PTS)","45 - 37","-8"],["0041400211",194,2,66,2,"7:54 PM","2:54","MISS Shumpert 10' Jump Bank Shot",null,null,null,null],["0041400211",195,4,0,2,"7:54 PM","2:53","Mozgov REBOUND (Off:3 Def:1)",null,null,null,null],["0041400211",196,2,1,2,"7:54 PM","2:42","MISS Shumpert 26' 3PT Jump Shot",null,null,null,null],["0041400211",197,4,0,2,"7:54 PM","2:41","Thompson REBOUND (Off:1 Def:2)",null,null,null,null],["0041400211",198,1,42,2,"7:54 PM","2:30","Irving 1' Driving Layup (17 PTS)",null,null,"45 - 39","-6"],["0041400211",199,2,1,2,"7:54 PM","2:12",null,null,"MISS Rose 16' Jump Shot",null,null],["0041400211",200,4,0,2,"7:54 PM","2:11","Miller REBOUND (Off:0 Def:4)",null,null,null,null],["0041400211",201,5,1,2,"7:54 PM","2:05","Irving Bad Pass Turnover (P1.T3)",null,"Dunleavy STEAL (1 STL)",null,null],["0041400211",202,5,1,2,"7:55 PM","2:03","Shumpert STEAL (1 STL)",null,"Dunleavy Bad Pass Turnover (P1.T4)",null,null],["0041400211",203,1,1,2,"7:55 PM","2:00","Miller 24' 3PT Jump Shot (3 PTS) (Shumpert 1 AST)",null,null,"45 - 42","-3"],["0041400211",204,1,5,2,"7:55 PM","1:40",null,null,"Rose 1' Layup (16 PTS) (Gasol 2 AST)","47 - 42","-5"],["0041400211",206,9,1,2,"7:55 PM","1:33","CAVALIERS Timeout: Regular (Full 2 Short 0)",null,null,null,null],["0041400211",208,8,0,2,"7:58 PM","1:33",null,null,"SUB: Gibson FOR Mirotic",null,null],["0041400211",209,8,0,2,"7:58 PM","1:33","SUB: James FOR Shumpert",null,null,null,null],["0041400211",210,2,1,2,"7:59 PM","1:29","MISS Irving 25' 3PT Jump Shot",null,null,null,null],["0041400211",211,4,0,2,"7:59 PM","1:28",null,null,"Rose REBOUND (Off:0 Def:3)",null,null],["0041400211",214,2,5,2,"8:01 PM","1:26","James BLOCK (1 BLK)",null,"MISS Rose 1' Layup",null,null],["0041400211",215,4,0,2,"8:01 PM","1:26",null,null,"Bulls Rebound",null,null],["0041400211",216,10,0,2,"8:01 PM","1:25","Jump Ball Mozgov vs. Gasol: Tip to Rose",null,null,null,null],["0041400211",218,2,1,2,"8:01 PM","1:08",null,null,"MISS Gibson 18' Jump Shot",null,null],["0041400211",219,4,0,2,"8:02 PM","1:07","James REBOUND (Off:1 Def:5)",null,null,null,null],["0041400211",220,2,1,2,"8:02 PM","0:58","MISS James 19' Jump Shot",null,null,null,null],["0041400211",221,4,0,2,"8:02 PM","0:57","Thompson REBOUND (Off:2 Def:2)",null,null,null,null],["0041400211",222,9,2,2,"8:02 PM","0:54","CAVALIERS Timeout: Short (Full 2 Short 1)",null,null,null,null],["0041400211",227,1,5,2,"8:03 PM","0:43","James 1' Layup (12 PTS)",null,null,"47 - 44","-3"],["0041400211",229,1,1,2,"8:04 PM","0:26",null,null,"Gasol 19' Jump Shot (6 PTS) (Butler 5 AST)","49 - 44","-5"],["0041400211",230,2,1,2,"8:04 PM","0:01","MISS James 12' Jump Shot",null,null,null,null],["0041400211",231,4,0,2,"8:04 PM","0:01",null,null,"Gasol REBOUND (Off:1 Def:6)",null,null],["0041400211",232,13,0,2,"8:04 PM","0:00",null,null,null,"49 - 44","-5"],["0041400211",234,12,0,3,"8:23 PM","12:00",null,null,null,"49 - 44","-5"],["0041400211",235,1,1,3,"8:23 PM","11:40","Shumpert 25' 3PT Jump Shot (10 PTS) (James 4 AST)",null,null,"49 - 47","-2"],["0041400211",236,6,2,3,"8:23 PM","11:16","James S.FOUL (P1.T1) (E.Malloy)",null,null,null,null],["0041400211",237,3,11,3,"8:24 PM","11:16",null,null,"Butler Free Throw 1 of 2 (5 PTS)","50 - 47","-3"],["0041400211",239,3,12,3,"8:24 PM","11:16",null,null,"Butler Free Throw 2 of 2 (6 PTS)","51 - 47","-4"],["0041400211",241,6,2,3,"8:24 PM","10:58",null,null,"Dunleavy S.FOUL (P1.T1) (B.Forte)",null,null],["0041400211",242,3,11,3,"8:25 PM","10:58","Mozgov Free Throw 1 of 2 (2 PTS)",null,null,"51 - 48","-3"],["0041400211",244,3,12,3,"8:25 PM","10:58","Mozgov Free Throw 2 of 2 (3 PTS)",null,null,"51 - 49","-2"],["0041400211",246,5,1,3,"8:26 PM","10:37","James STEAL (2 STL)",null,"Dunleavy Bad Pass Turnover (P2.T5)",null,null],["0041400211",247,6,1,3,"8:26 PM","10:36",null,null,"Dunleavy P.FOUL (P2.T2) (K.Mauer)",null,null],["0041400211",248,1,65,3,"8:26 PM","10:25","Mozgov 2' Jump Hook Shot (5 PTS) (Irving 4 AST)",null,null,"51 - 51","TIE"],["0041400211",249,5,8,3,"8:26 PM","10:08",null,null,"Noah 3 Second Violation Turnover (P3.T6)",null,null],["0041400211",250,2,1,3,"8:27 PM","9:58","MISS Mozgov 7' Jump Shot",null,"Gasol BLOCK (2 BLK)",null,null],["0041400211",251,4,0,3,"8:27 PM","9:58","CAVALIERS Rebound",null,null,null,null],["0041400211",253,2,66,3,"8:27 PM","9:52","MISS James 15' Jump Bank Shot",null,null,null,null],["0041400211",254,4,0,3,"8:27 PM","9:49",null,null,"Noah REBOUND (Off:1 Def:5)",null,null],["0041400211",255,2,1,3,"8:27 PM","9:40",null,null,"MISS Rose 12' Jump Shot",null,null],["0041400211",256,4,0,3,"8:27 PM","9:39","Miller REBOUND (Off:0 Def:5)",null,null,null,null],["0041400211",257,5,1,3,"8:27 PM","9:36","James Bad Pass Turnover (P3.T4)",null,"Butler STEAL (2 STL)",null,null],["0041400211",258,2,5,3,"8:28 PM","9:31","Miller BLOCK (1 BLK)",null,"MISS Butler 2' Layup",null,null],["0041400211",259,4,0,3,"8:28 PM","9:29",null,null,"Butler REBOUND (Off:1 Def:0)",null,null],["0041400211",260,1,1,3,"8:28 PM","9:22",null,null,"Gasol 19' Jump Shot (8 PTS) (Butler 6 AST)","53 - 51","-2"],["0041400211",261,1,42,3,"8:28 PM","9:03","Irving 1' Driving Layup (19 PTS)",null,null,"53 - 53","TIE"],["0041400211",262,1,1,3,"8:28 PM","8:46",null,null,"Butler  3PT Jump Shot (9 PTS) (Gasol 3 AST)","56 - 53","-3"],["0041400211",263,2,78,3,"8:29 PM","8:26","MISS Irving 7' Floating Jump Shot",null,null,null,null],["0041400211",264,4,0,3,"8:29 PM","8:26",null,null,"Gasol REBOUND (Off:1 Def:7)",null,null],["0041400211",265,6,1,3,"8:29 PM","8:26","Mozgov P.FOUL (P1.T2) (B.Forte)",null,null,null,null],["0041400211",266,8,0,3,"8:29 PM","8:22","SUB: Thompson FOR Mozgov",null,null,null,null],["0041400211",267,1,1,3,"8:29 PM","8:16",null,null,"Rose 18' Jump Shot (18 PTS)","58 - 53","-5"],["0041400211",268,2,1,3,"8:30 PM","7:56","MISS James 25' 3PT Jump Shot",null,null,null,null],["0041400211",269,4,0,3,"8:30 PM","7:55",null,null,"Dunleavy REBOUND (Off:1 Def:3)",null,null],["0041400211",270,1,1,3,"8:30 PM","7:31",null,null,"Rose 26' 3PT Jump Shot (21 PTS)","61 - 53","-8"],["0041400211",271,5,1,3,"8:30 PM","7:17","Irving Bad Pass Turnover (P2.T5)",null,"Butler STEAL (3 STL)",null,null],["0041400211",272,1,7,3,"8:30 PM","7:14",null,null,"Butler  Dunk (11 PTS)","63 - 53","-10"],["0041400211",273,9,1,3,"8:30 PM","7:14","CAVALIERS Timeout: Regular (Full 3 Short 1)",null,null,null,null],["0041400211",277,2,1,3,"8:34 PM","6:55","MISS James 21' Jump Shot",null,null,null,null],["0041400211",278,4,0,3,"8:34 PM","6:54",null,null,"Gasol REBOUND (Off:1 Def:8)",null,null],["0041400211",279,2,1,3,"8:34 PM","6:43",null,null,"MISS Rose 18' Jump Shot",null,null],["0041400211",280,4,0,3,"8:34 PM","6:42",null,null,"Gasol REBOUND (Off:2 Def:8)",null,null],["0041400211",281,1,5,3,"8:34 PM","6:42",null,null,"Gasol  Layup (10 PTS)","65 - 53","-12"],["0041400211",282,6,2,3,"8:34 PM","6:42","James S.FOUL (P2.T3) (K.Mauer)",null,null,null,null],["0041400211",283,8,0,3,"8:35 PM","6:42","SUB: Mozgov FOR Miller",null,null,null,null],["0041400211",284,3,10,3,"8:35 PM","6:42",null,null,"Gasol Free Throw 1 of 1 (11 PTS)","66 - 53","-13"],["0041400211",286,2,5,3,"8:35 PM","6:22","MISS Mozgov 2' Layup",null,"Gasol BLOCK (3 BLK)",null,null],["0041400211",287,4,0,3,"8:35 PM","6:22",null,null,"Bulls Rebound",null,null],["0041400211",288,1,1,3,"8:35 PM","6:11",null,null,"Gasol 18' Jump Shot (13 PTS) (Dunleavy 1 AST)","68 - 53","-15"],["0041400211",289,2,5,3,"8:36 PM","5:47","MISS Mozgov 2' Layup",null,"Noah BLOCK (2 BLK)",null,null],["0041400211",290,4,0,3,"8:36 PM","5:45","Mozgov REBOUND (Off:4 Def:1)",null,null,null,null],["0041400211",291,1,5,3,"8:36 PM","5:43","Mozgov  Layup (7 PTS)",null,null,"68 - 55","-13"],["0041400211",292,1,1,3,"8:36 PM","5:25",null,null,"Rose 18' Jump Shot (23 PTS) (Gasol 4 AST)","70 - 55","-15"],["0041400211",293,2,1,3,"8:37 PM","5:07","MISS James 25' 3PT Jump Shot",null,null,null,null],["0041400211",294,4,0,3,"8:37 PM","5:06",null,null,"Dunleavy REBOUND (Off:1 Def:4)",null,null],["0041400211",295,2,5,3,"8:37 PM","4:53",null,null,"MISS Noah 1' Layup",null,null],["0041400211",296,4,0,3,"8:37 PM","4:52","James REBOUND (Off:1 Def:6)",null,null,null,null],["0041400211",297,1,7,3,"8:37 PM","4:46","Mozgov  Dunk (9 PTS) (James 5 AST)",null,null,"70 - 57","-13"],["0041400211",298,1,1,3,"8:37 PM","4:28",null,null,"Gasol 18' Jump Shot (15 PTS) (Rose 2 AST)","72 - 57","-15"],["0041400211",299,1,42,3,"8:37 PM","4:11","Irving 1' Driving Layup (21 PTS)",null,null,"72 - 59","-13"],["0041400211",300,1,1,3,"8:38 PM","3:52",null,null,"Gasol 18' Jump Shot (17 PTS) (Rose 3 AST)","74 - 59","-15"],["0041400211",301,9,1,3,"8:38 PM","3:50","CAVALIERS Timeout: Regular (Full 4 Short 1)",null,null,null,null],["0041400211",303,8,0,3,"8:40 PM","3:50",null,null,"SUB: Gibson FOR Noah",null,null],["0041400211",304,8,0,3,"8:41 PM","3:50","SUB: Dellavedova FOR Irving",null,null,null,null],["0041400211",305,6,2,3,"8:42 PM","3:36",null,null,"Gibson S.FOUL (P1.T3) (E.Malloy)",null,null],["0041400211",306,3,11,3,"8:42 PM","3:36","James Free Throw 1 of 2 (13 PTS)",null,null,"74 - 60","-14"],["0041400211",308,3,12,3,"8:42 PM","3:36","MISS James Free Throw 2 of 2",null,null,null,null],["0041400211",310,4,0,3,"8:42 PM","3:34","James REBOUND (Off:2 Def:6)",null,null,null,null],["0041400211",311,1,1,3,"8:43 PM","3:25","Dellavedova 24' 3PT Jump Shot (5 PTS) (James 6 AST)",null,null,"74 - 63","-11"],["0041400211",312,2,1,3,"8:43 PM","2:56",null,null,"MISS Butler 24' 3PT Jump Shot",null,null],["0041400211",313,4,0,3,"8:43 PM","2:54","James REBOUND (Off:2 Def:7)",null,null,null,null],["0041400211",314,1,1,3,"8:43 PM","2:45","Shumpert 24' 3PT Jump Shot (13 PTS) (James 7 AST)",null,null,"74 - 66","-8"],["0041400211",315,9,1,3,"8:43 PM","2:42",null,null,"Bulls Timeout: Regular (Reg.3 Short 0)",null,null],["0041400211",317,8,0,3,"8:45 PM","2:42",null,null,"SUB: Brooks FOR Rose",null,null],["0041400211",318,8,0,3,"8:45 PM","2:42","SUB: Irving FOR Mozgov",null,null,null,null],["0041400211",319,8,0,3,"8:46 PM","2:42",null,null,"SUB: Hinrich FOR Dunleavy",null,null],["0041400211",320,2,80,3,"8:46 PM","2:18",null,null,"MISS Gasol 15' Step Back Jump Shot",null,null],["0041400211",321,4,0,3,"8:46 PM","2:14","Shumpert REBOUND (Off:0 Def:1)",null,null,null,null],["0041400211",322,5,2,3,"8:46 PM","2:08","James Lost Ball Turnover (P4.T6)",null,"Hinrich STEAL (1 STL)",null,null],["0041400211",323,2,1,3,"8:47 PM","1:51",null,null,"MISS Gasol 18' Jump Shot",null,null],["0041400211",324,4,0,3,"8:47 PM","1:50","Irving REBOUND (Off:0 Def:1)",null,null,null,null],["0041400211",325,5,2,3,"8:47 PM","1:41","Thompson Lost Ball Turnover (P1.T7)",null,"Brooks STEAL (1 STL)",null,null],["0041400211",326,2,5,3,"8:47 PM","1:35",null,null,"MISS Butler 2' Layup",null,null],["0041400211",328,4,0,3,"8:47 PM","1:35",null,null,"Gibson REBOUND (Off:1 Def:1)",null,null],["0041400211",327,1,87,3,"8:47 PM","1:35",null,null,"Gibson  Putback Dunk (4 PTS)","76 - 66","-10"],["0041400211",329,6,1,3,"8:47 PM","1:20",null,null,"Brooks P.FOUL (P1.T4) (E.Malloy)",null,null],["0041400211",330,1,1,3,"8:48 PM","1:05","James 3' Jump Shot (15 PTS)",null,null,"76 - 68","-8"],["0041400211",331,1,1,3,"8:48 PM","0:49",null,null,"Brooks 25' 3PT Jump Shot (5 PTS)","79 - 68","-11"],["0041400211",332,1,42,3,"8:48 PM","0:35","Irving 1' Driving Layup (23 PTS)",null,null,"79 - 70","-9"],["0041400211",333,1,1,3,"8:49 PM","0:16",null,null,"Gasol 13' Jump Shot (19 PTS)","81 - 70","-11"],["0041400211",335,2,42,3,"8:49 PM","0:01","MISS James 1' Driving Layup",null,null,null,null],["0041400211",336,4,0,3,"8:49 PM","0:00",null,null,"Butler REBOUND (Off:1 Def:1)",null,null],["0041400211",337,13,0,3,"8:49 PM","0:00",null,null,null,"81 - 70","-11"],["0041400211",339,12,0,4,"8:53 PM","12:00",null,null,null,"81 - 70","-11"],["0041400211",340,2,1,4,"8:53 PM","11:41",null,null,"MISS Brooks 17' Jump Shot",null,null],["0041400211",341,4,0,4,"8:53 PM","11:40","Thompson REBOUND (Off:2 Def:3)",null,null,null,null],["0041400211",342,2,1,4,"8:53 PM","11:32","MISS Irving 25' 3PT Jump Shot",null,null,null,null],["0041400211",343,4,0,4,"8:53 PM","11:31",null,null,"Noah REBOUND (Off:1 Def:6)",null,null],["0041400211",344,2,1,4,"8:53 PM","11:24",null,null,"MISS Dunleavy 24' 3PT Jump Shot",null,null],["0041400211",345,4,0,4,"8:53 PM","11:23","Dellavedova REBOUND (Off:0 Def:1)",null,null,null,null],["0041400211",346,6,2,4,"8:54 PM","11:05",null,null,"Hinrich S.FOUL (P3.T1) (E.Malloy)",null,null],["0041400211",347,3,11,4,"8:54 PM","11:05","Irving Free Throw 1 of 2 (24 PTS)",null,null,"81 - 71","-10"],["0041400211",349,3,12,4,"8:54 PM","11:05","Irving Free Throw 2 of 2 (25 PTS)",null,null,"81 - 72","-9"],["0041400211",351,2,1,4,"8:55 PM","10:39",null,null,"MISS Gibson 17' Jump Shot",null,null],["0041400211",352,4,0,4,"8:55 PM","10:36",null,null,"Brooks REBOUND (Off:1 Def:0)",null,null],["0041400211",353,2,1,4,"8:55 PM","10:28",null,null,"MISS Brooks 8' Jump Shot",null,null],["0041400211",354,4,0,4,"8:55 PM","10:28",null,null,"Noah REBOUND (Off:2 Def:6)",null,null],["0041400211",355,5,2,4,"8:55 PM","10:23","Irving STEAL (1 STL)",null,"Noah Lost Ball Turnover (P4.T7)",null,null],["0041400211",356,1,1,4,"8:55 PM","10:08","Shumpert 25' 3PT Jump Shot (16 PTS) (Irving 5 AST)",null,null,"81 - 75","-6"],["0041400211",357,1,8,4,"8:56 PM","9:47",null,null,"Gibson  Slam Dunk (6 PTS) (Dunleavy 2 AST)","83 - 75","-8"],["0041400211",358,1,79,4,"8:56 PM","9:29","Irving 14' Pullup Jump Shot (27 PTS)",null,null,"83 - 77","-6"],["0041400211",359,5,1,4,"8:56 PM","9:08",null,null,"Hinrich Bad Pass Turnover (P1.T8)",null,null],["0041400211",360,8,0,4,"8:57 PM","9:08",null,null,"SUB: Butler FOR Dunleavy",null,null],["0041400211",361,8,0,4,"8:57 PM","9:08","SUB: James FOR Mozgov",null,null,null,null],["0041400211",362,1,42,4,"8:57 PM","8:57","Irving 1' Driving Layup (29 PTS)",null,null,"83 - 79","-4"],["0041400211",363,6,2,4,"8:57 PM","8:57",null,null,"Noah S.FOUL (P3.T2) (B.Forte)",null,null],["0041400211",364,9,4,4,"8:57 PM","8:57",null,null,null,null,null],["0041400211",366,8,0,4,"9:00 PM","8:57",null,null,"SUB: Rose FOR Hinrich",null,null],["0041400211",367,8,0,4,"9:00 PM","8:57",null,null,"SUB: Dunleavy FOR Brooks",null,null],["0041400211",369,3,10,4,"9:00 PM","8:57","Irving Free Throw 1 of 1 (30 PTS)",null,null,"83 - 80","-3"],["0041400211",373,2,1,4,"9:01 PM","8:34",null,null,"MISS Rose 20' Jump Shot",null,null],["0041400211",375,4,0,4,"9:01 PM","8:32",null,null,"Noah REBOUND (Off:3 Def:6)",null,null],["0041400211",374,2,4,4,"9:01 PM","8:32",null,null,"MISS Noah 1' Tip Shot",null,null],["0041400211",376,4,0,4,"9:01 PM","8:31",null,null,"Gibson REBOUND (Off:2 Def:1)",null,null],["0041400211",377,6,2,4,"9:02 PM","8:31","Thompson S.FOUL (P1.T1) (B.Forte)",null,null,null,null],["0041400211",378,3,11,4,"9:02 PM","8:31",null,null,"Gibson Free Throw 1 of 2 (7 PTS)","84 - 80","-4"],["0041400211",380,3,12,4,"9:02 PM","8:31",null,null,"MISS Gibson Free Throw 2 of 2",null,null],["0041400211",382,4,0,4,"9:02 PM","8:30","James REBOUND (Off:2 Def:8)",null,null,null,null],["0041400211",383,2,1,4,"9:03 PM","8:15","MISS Shumpert 25' 3PT Jump Shot",null,null,null,null],["0041400211",384,4,0,4,"9:03 PM","8:14",null,null,"Dunleavy REBOUND (Off:1 Def:5)",null,null],["0041400211",385,1,1,4,"9:03 PM","7:56",null,null,"Butler 20' Jump Shot (13 PTS)","86 - 80","-6"],["0041400211",386,1,5,4,"9:03 PM","7:41","James  Layup (17 PTS) (Irving 6 AST)",null,null,"86 - 82","-4"],["0041400211",387,2,1,4,"9:04 PM","7:17",null,null,"MISS Butler 7' Jump Shot",null,null],["0041400211",388,4,0,4,"9:04 PM","7:15",null,null,"Bulls Rebound",null,null],["0041400211",390,8,0,4,"9:04 PM","7:15",null,null,"SUB: Gasol FOR Noah",null,null],["0041400211",391,5,1,4,"9:04 PM","6:57","James STEAL (3 STL)",null,"Rose Bad Pass Turnover (P1.T9)",null,null],["0041400211",392,2,5,4,"9:04 PM","6:52","MISS Irving 1' Layup",null,null,null,null],["0041400211",393,4,0,4,"9:04 PM","6:50",null,null,"Butler REBOUND (Off:1 Def:2)",null,null],["0041400211",394,6,1,4,"9:05 PM","6:48","Dellavedova P.FOUL (P2.T2) (K.Mauer)",null,null,null,null],["0041400211",395,2,1,4,"9:05 PM","6:43",null,null,"MISS Rose 7' Jump Shot",null,null],["0041400211",396,4,0,4,"9:05 PM","6:42","Thompson REBOUND (Off:2 Def:4)",null,null,null,null],["0041400211",397,2,5,4,"9:05 PM","6:19","MISS Thompson 3' Layup",null,null,null,null],["0041400211",399,4,0,4,"9:05 PM","6:18","James REBOUND (Off:3 Def:8)",null,null,null,null],["0041400211",398,1,72,4,"9:05 PM","6:18","James  Putback Layup (19 PTS)",null,null,"86 - 84","-2"],["0041400211",400,1,80,4,"9:06 PM","5:54",null,null,"Rose 20' Step Back Jump Shot (25 PTS)","88 - 84","-4"],["0041400211",401,2,1,4,"9:06 PM","5:36","MISS Dellavedova 24' 3PT Jump Shot",null,null,null,null],["0041400211",402,4,0,4,"9:06 PM","5:34","Thompson REBOUND (Off:3 Def:4)",null,null,null,null],["0041400211",403,6,2,4,"9:07 PM","5:21",null,null,"Gasol S.FOUL (P1.T3) (K.Mauer)",null,null],["0041400211",404,9,1,4,"9:07 PM","5:21","CAVALIERS Timeout: Regular (Full 5 Short 1)",null,null,null,null],["0041400211",408,3,11,4,"9:10 PM","5:21","Shumpert Free Throw 1 of 2 (17 PTS)",null,null,"88 - 85","-3"],["0041400211",410,3,12,4,"9:10 PM","5:21","Shumpert Free Throw 2 of 2 (18 PTS)",null,null,"88 - 86","-2"],["0041400211",412,6,29,4,"9:11 PM","5:00","James Shooting Block Foul (P3.T3) (K.Mauer)",null,null,null,null],["0041400211",413,3,11,4,"9:11 PM","5:00",null,null,"MISS Butler Free Throw 1 of 2",null,null],["0041400211",414,4,1,4,"9:11 PM","5:00",null,null,"Bulls Rebound",null,null],["0041400211",415,3,12,4,"9:11 PM","5:00",null,null,"Butler Free Throw 2 of 2 (14 PTS)","89 - 86","-3"],["0041400211",417,2,82,4,"9:12 PM","4:43","MISS Irving 5' Driving Bank Shot",null,null,null,null],["0041400211",418,4,0,4,"9:12 PM","4:40",null,null,"Rose REBOUND (Off:0 Def:4)",null,null],["0041400211",419,1,1,4,"9:12 PM","4:30",null,null,"Butler 26' 3PT Jump Shot (17 PTS) (Rose 4 AST)","92 - 86","-6"],["0041400211",420,2,1,4,"9:12 PM","4:15","MISS James 25' 3PT Jump Shot",null,null,null,null],["0041400211",421,4,0,4,"9:12 PM","4:14",null,null,"Gibson REBOUND (Off:2 Def:2)",null,null],["0041400211",422,6,26,4,"9:13 PM","4:04",null,null,"Rose Offensive Charge Foul (P3.T4) (E.Malloy)",null,null],["0041400211",423,5,5,4,"9:13 PM","4:04",null,null,"Rose Foul Turnover (P2.T10)",null,null],["0041400211",424,2,1,4,"9:13 PM","3:54","MISS Irving 26' 3PT Jump Shot",null,null,null,null],["0041400211",425,4,0,4,"9:13 PM","3:53","CAVALIERS Rebound",null,null,null,null],["0041400211",427,2,5,4,"9:14 PM","3:40","MISS James 3' Layup",null,"Gasol BLOCK (4 BLK)",null,null],["0041400211",428,4,0,4,"9:14 PM","3:40","James REBOUND (Off:4 Def:8)",null,null,null,null],["0041400211",429,5,4,4,"9:14 PM","3:40","James Traveling Turnover (P5.T8)",null,null,null,null],["0041400211",430,1,1,4,"9:14 PM","3:26",null,null,"Gasol 18' Jump Shot (21 PTS) (Rose 5 AST)","94 - 86","-8"],["0041400211",432,2,1,4,"9:14 PM","3:07","MISS Shumpert 25' 3PT Jump Shot",null,null,null,null],["0041400211",433,4,0,4,"9:15 PM","3:06",null,null,"Butler REBOUND (Off:1 Def:3)",null,null],["0041400211",434,2,1,4,"9:15 PM","2:49",null,null,"MISS Butler  3PT Jump Shot",null,null],["0041400211",435,4,0,4,"9:15 PM","2:48","James REBOUND (Off:4 Def:9)",null,null,null,null],["0041400211",436,1,43,4,"9:15 PM","2:35","Thompson 1' Alley Oop Layup (4 PTS) (Dellavedova 1 AST)",null,null,"94 - 88","-6"],["0041400211",437,2,46,4,"9:15 PM","2:19",null,null,"MISS Rose 6' Running Jump Shot",null,null],["0041400211",438,4,0,4,"9:15 PM","2:16","Thompson REBOUND (Off:3 Def:5)",null,null,null,null],["0041400211",439,5,1,4,"9:15 PM","2:09","James Bad Pass Turnover (P6.T9)",null,"Rose STEAL (1 STL)",null,null],["0041400211",440,6,1,4,"9:16 PM","2:08","Irving P.FOUL (P2.T4) (B.Forte)",null,null,null,null],["0041400211",441,9,1,4,"9:16 PM","2:08",null,null,"Bulls Timeout: Regular (Reg.4 Short 0)",null,null],["0041400211",443,8,0,4,"9:18 PM","2:08",null,null,"SUB: Hinrich FOR Gibson",null,null],["0041400211",445,2,1,4,"9:19 PM","1:45",null,null,"MISS Rose 20' Jump Shot",null,null],["0041400211",446,4,0,4,"9:19 PM","1:44","Irving REBOUND (Off:0 Def:2)",null,null,null,null],["0041400211",447,1,71,4,"9:19 PM","1:33","Shumpert 2' Finger Roll Layup (20 PTS) (James 8 AST)",null,null,"94 - 90","-4"],["0041400211",448,2,1,4,"9:20 PM","1:06","Thompson BLOCK (2 BLK)",null,"MISS Rose 26' 3PT Jump Shot",null,null],["0041400211",449,4,0,4,"9:20 PM","1:04",null,null,"Rose REBOUND (Off:1 Def:4)",null,null],["0041400211",450,2,1,4,"9:20 PM","1:01",null,null,"MISS Rose 27' 3PT Jump Shot",null,null],["0041400211",451,4,0,4,"9:20 PM","0:59","James REBOUND (Off:4 Def:10)",null,null,null,null],["0041400211",452,2,5,4,"9:20 PM","0:51","MISS James 1' Layup",null,null,null,null],["0041400211",453,4,0,4,"9:20 PM","0:50",null,null,"Butler REBOUND (Off:1 Def:4)",null,null],["0041400211",454,1,66,4,"9:20 PM","0:30",null,null,"Butler 14' Jump Bank Shot (19 PTS)","96 - 90","-6"],["0041400211",455,9,1,4,"9:20 PM","0:30","CAVALIERS Timeout: Regular (Full 6 Short 1)",null,null,null,null],["0041400211",457,8,0,4,"9:22 PM","0:30",null,null,"SUB: Gibson FOR Gasol",null,null],["0041400211",458,8,0,4,"9:22 PM","0:30",null,null,"SUB: Noah FOR Hinrich",null,null],["0041400211",460,2,1,4,"9:23 PM","0:22","MISS Irving 26' 3PT Jump Shot",null,null,null,null],["0041400211",461,4,0,4,"9:23 PM","0:21",null,null,"Dunleavy REBOUND (Off:1 Def:6)",null,null],["0041400211",462,6,1,4,"9:23 PM","0:21","Dellavedova P.FOUL (P3.PN) (K.Mauer)",null,null,null,null],["0041400211",463,3,11,4,"9:23 PM","0:21",null,null,"Dunleavy Free Throw 1 of 2 (14 PTS)","97 - 90","-7"],["0041400211",465,8,0,4,"9:23 PM","0:21",null,null,"SUB: Hinrich FOR Rose",null,null],["0041400211",466,3,12,4,"9:23 PM","0:21",null,null,"MISS Dunleavy Free Throw 2 of 2",null,null],["0041400211",468,4,0,4,"9:23 PM","0:20","James REBOUND (Off:4 Def:11)",null,null,null,null],["0041400211",469,1,49,4,"9:24 PM","0:11","Shumpert  Driving Dunk (22 PTS) (James 9 AST)",null,null,"97 - 92","-5"],["0041400211",470,6,1,4,"9:24 PM","0:09","James P.FOUL (P4.PN) (K.Mauer)",null,null,null,null],["0041400211",471,3,11,4,"9:24 PM","0:09",null,null,"MISS Butler Free Throw 1 of 2",null,null],["0041400211",472,4,1,4,"9:24 PM","0:09",null,null,"Bulls Rebound",null,null],["0041400211",473,8,0,4,"9:24 PM","0:09","SUB: Mozgov FOR Irving",null,null,null,null],["0041400211",474,3,12,4,"9:24 PM","0:09",null,null,"Butler Free Throw 2 of 2 (20 PTS)","98 - 92","-6"],["0041400211",476,9,2,4,"9:25 PM","0:09","CAVALIERS Timeout: Short (Full 6 Short 2)",null,null,null,null],["0041400211",479,8,0,4,"9:26 PM","0:09","SUB: Irving FOR Mozgov",null,null,null,null],["0041400211",480,2,1,4,"9:26 PM","0:05","MISS Dellavedova 25' 3PT Jump Shot",null,null,null,null],["0041400211",481,4,0,4,"9:26 PM","0:04",null,null,"Gibson REBOUND (Off:2 Def:3)",null,null],["0041400211",482,6,1,4,"9:26 PM","0:04","Shumpert P.FOUL (P2.PN) (B.Forte)",null,null,null,null],["0041400211",483,3,11,4,"9:26 PM","0:04",null,null,"MISS Gibson Free Throw 1 of 2",null,null],["0041400211",484,4,1,4,"9:26 PM","0:04",null,null,"Bulls Rebound",null,null],["0041400211",485,3,12,4,"9:26 PM","0:04",null,null,"Gibson Free Throw 2 of 2 (8 PTS)","99 - 92","-7"],["0041400211",487,13,0,4,"9:27 PM","0:00",null,null,null,"99 - 92","-7"]]},{"name":"AvailableVideo","headers":["VIDEO_AVAILABLE_FLAG"],"rowSet":[[1]]}]}