{"resource":"playbyplay","parameters":{"GameID":"0041400235","StartPeriod":0,"EndPeriod":14},"resultSets":[{"name":"PlayByPlay","headers":["GAME_ID","EVENTNUM","EVENTMSGTYPE","EVENTMSGACTIONTYPE","PERIOD","WCTIMESTRING","PCTIMESTRING","HOMEDESCRIPTION","NEUTRALDESCRIPTION","VISITORDESCRIPTION","SCORE","SCOREMARGIN"],"rowSet":[["0041400235",0,12,0,1,"9:46 PM","12:00",null,null,null,null,null],["0041400235",1,10,0,1,"9:46 PM","12:00","Jump Ball Howard vs. Jordan: Tip to Barnes",null,null,null,null],["0041400235",2,6,2,1,"9:47 PM","11:40","Howard S.FOUL (P1.T1) (S.Wright)",null,null,null,null],["0041400235",3,3,11,1,"9:47 PM","11:40",null,null,"MISS Jordan Free Throw 1 of 2",null,null],["0041400235",4,4,1,1,"9:47 PM","11:40",null,null,"Clippers Rebound",null,null],["0041400235",5,3,12,1,"9:47 PM","11:40",null,null,"MISS Jordan Free Throw 2 of 2",null,null],["0041400235",7,4,0,1,"9:48 PM","11:39",null,null,"Griffin REBOUND (Off:1 Def:0)",null,null],["0041400235",8,2,42,1,"9:48 PM","11:32",null,null,"MISS Barnes 4' Driving Layup",null,null],["0041400235",9,4,0,1,"9:48 PM","11:29","Howard REBOUND (Off:0 Def:1)",null,null,null,null],["0041400235",10,1,49,1,"9:48 PM","11:12","Ariza  Driving Dunk (2 PTS) (Terry 1 AST)",null,null,"0 - 2","2"],["0041400235",11,2,5,1,"9:48 PM","10:54",null,null,"MISS Griffin 3' Layup",null,null],["0041400235",13,4,0,1,"9:48 PM","10:53",null,null,"Griffin REBOUND (Off:2 Def:0)",null,null],["0041400235",12,2,4,1,"9:48 PM","10:53",null,null,"MISS Griffin 1' Tip Shot",null,null],["0041400235",14,4,0,1,"9:48 PM","10:52",null,null,"Griffin REBOUND (Off:3 Def:0)",null,null],["0041400235",15,2,46,1,"9:49 PM","10:42",null,null,"MISS Redick 14' Running Jump Shot",null,null],["0041400235",16,4,0,1,"9:49 PM","10:42","ROCKETS Rebound",null,null,null,null],["0041400235",17,6,3,1,"9:49 PM","10:42",null,null,"Jordan L.B.FOUL (P1.T1) (J.Capers)",null,null],["0041400235",18,2,78,1,"9:49 PM","10:26","MISS Smith 10' Floating Jump Shot",null,null,null,null],["0041400235",19,4,0,1,"9:49 PM","10:25","Smith REBOUND (Off:1 Def:0)",null,null,null,null],["0041400235",20,1,65,1,"9:49 PM","10:20","Smith 4' Jump Hook Shot (2 PTS)",null,null,"0 - 4","4"],["0041400235",22,2,1,1,"9:50 PM","10:06",null,null,"MISS Paul 26' 3PT Jump Shot",null,null],["0041400235",23,4,0,1,"9:50 PM","10:05","Ariza REBOUND (Off:0 Def:1)",null,null,null,null],["0041400235",24,5,1,1,"9:50 PM","9:55","Smith Bad Pass Turnover (P1.T1)",null,"Redick STEAL (1 STL)",null,null],["0041400235",25,2,1,1,"9:50 PM","9:38",null,null,"MISS Barnes 25' 3PT Jump Shot",null,null],["0041400235",26,4,0,1,"9:50 PM","9:37",null,null,"Jordan REBOUND (Off:1 Def:0)",null,null],["0041400235",27,1,44,1,"9:50 PM","9:34",null,null,"Jordan 2' Reverse Layup (2 PTS)","2 - 4","2"],["0041400235",28,2,1,1,"9:50 PM","9:17","MISS Terry  3PT Jump Shot",null,null,null,null],["0041400235",29,4,0,1,"9:50 PM","9:16",null,null,"Griffin REBOUND (Off:3 Def:1)",null,null],["0041400235",30,2,79,1,"9:51 PM","9:05",null,null,"MISS Redick 21' Pullup Jump Shot",null,null],["0041400235",31,4,0,1,"9:51 PM","9:04","Smith REBOUND (Off:1 Def:1)",null,null,null,null],["0041400235",32,2,1,1,"9:51 PM","8:59","MISS Ariza 3' Jump Shot",null,null,null,null],["0041400235",33,4,0,1,"9:51 PM","8:58",null,null,"Paul REBOUND (Off:0 Def:1)",null,null],["0041400235",34,2,44,1,"9:51 PM","8:49",null,null,"MISS Barnes 2' Reverse Layup",null,null],["0041400235",35,4,0,1,"9:51 PM","8:48","Ariza REBOUND (Off:0 Def:2)",null,null,null,null],["0041400235",36,2,1,1,"9:51 PM","8:41","MISS Terry 24' 3PT Jump Shot",null,null,null,null],["0041400235",37,4,0,1,"9:51 PM","8:40","Smith REBOUND (Off:2 Def:1)",null,null,null,null],["0041400235",38,2,1,1,"9:51 PM","8:36","MISS Ariza  3PT Jump Shot",null,null,null,null],["0041400235",39,4,0,1,"9:51 PM","8:34",null,null,"Jordan REBOUND (Off:1 Def:1)",null,null],["0041400235",40,5,2,1,"9:51 PM","8:32","Ariza STEAL (1 STL)",null,"Jordan Lost Ball Turnover (P1.T1)",null,null],["0041400235",41,1,1,1,"9:51 PM","8:28","Ariza 4' Jump Shot (4 PTS)",null,null,"2 - 6","4"],["0041400235",42,5,1,1,"9:52 PM","8:10","Howard STEAL (1 STL)",null,"Paul Bad Pass Turnover (P1.T2)",null,null],["0041400235",43,6,1,1,"9:52 PM","8:05",null,null,"Barnes P.FOUL (P1.T2) (S.Wright)",null,null],["0041400235",44,5,1,1,"9:52 PM","7:57","Harden Bad Pass Turnover (P1.T2)",null,"Barnes STEAL (1 STL)",null,null],["0041400235",45,2,1,1,"9:52 PM","7:46",null,null,"MISS Redick 26' 3PT Jump Shot",null,null],["0041400235",46,4,0,1,"9:52 PM","7:45","Howard REBOUND (Off:0 Def:2)",null,null,null,null],["0041400235",47,6,2,1,"9:53 PM","7:39",null,null,"Griffin S.FOUL (P1.T3) (M.McCutchen)",null,null],["0041400235",48,3,11,1,"9:53 PM","7:39","MISS Harden Free Throw 1 of 2",null,null,null,null],["0041400235",49,4,1,1,"9:53 PM","7:39","ROCKETS Rebound",null,null,null,null],["0041400235",50,3,12,1,"9:53 PM","7:39","Harden Free Throw 2 of 2 (1 PTS)",null,null,"2 - 7","5"],["0041400235",53,1,1,1,"9:54 PM","7:24",null,null,"Redick 25' 3PT Jump Shot (3 PTS) (Paul 1 AST)","5 - 7","2"],["0041400235",54,2,5,1,"9:54 PM","7:16","MISS Ariza 2' Layup",null,null,null,null],["0041400235",56,4,0,1,"9:54 PM","7:15","Howard REBOUND (Off:1 Def:2)",null,null,null,null],["0041400235",55,1,87,1,"9:54 PM","7:15","Howard  Putback Dunk (2 PTS)",null,null,"5 - 9","4"],["0041400235",57,2,63,1,"9:54 PM","7:02",null,null,"MISS Griffin 7' Fadeaway Jumper",null,null],["0041400235",59,4,0,1,"9:54 PM","7:01",null,null,"Jordan REBOUND (Off:2 Def:1)",null,null],["0041400235",58,1,4,1,"9:54 PM","7:01",null,null,"Jordan 2' Tip Shot (4 PTS)","7 - 9","2"],["0041400235",60,2,1,1,"9:54 PM","6:52","MISS Harden 27' 3PT Jump Shot",null,null,null,null],["0041400235",61,4,0,1,"9:54 PM","6:51",null,null,"Jordan REBOUND (Off:2 Def:2)",null,null],["0041400235",62,2,1,1,"9:54 PM","6:45",null,null,"MISS Barnes 20' Jump Shot",null,null],["0041400235",63,4,0,1,"9:54 PM","6:44","Ariza REBOUND (Off:0 Def:3)",null,null,null,null],["0041400235",64,5,1,1,"9:54 PM","6:35","Harden Bad Pass Turnover (P2.T3)",null,"Jordan STEAL (1 STL)",null,null],["0041400235",65,2,1,1,"9:55 PM","6:29",null,null,"MISS Redick  3PT Jump Shot",null,null],["0041400235",66,4,0,1,"9:55 PM","6:28",null,null,"Griffin REBOUND (Off:4 Def:1)",null,null],["0041400235",67,6,2,1,"9:55 PM","6:28","Harden S.FOUL (P1.T2) (M.McCutchen)",null,null,null,null],["0041400235",68,3,11,1,"9:55 PM","6:28",null,null,"Griffin Free Throw 1 of 2 (1 PTS)","8 - 9","1"],["0041400235",70,3,12,1,"9:55 PM","6:28",null,null,"Griffin Free Throw 2 of 2 (2 PTS)","9 - 9","TIE"],["0041400235",73,1,1,1,"9:56 PM","6:15","Ariza  3PT Jump Shot (7 PTS) (Terry 2 AST)",null,null,"9 - 12","3"],["0041400235",74,2,1,1,"9:56 PM","5:55",null,null,"MISS Redick 25' 3PT Jump Shot",null,null],["0041400235",75,4,0,1,"9:56 PM","5:53","Harden REBOUND (Off:0 Def:1)",null,null,null,null],["0041400235",76,1,5,1,"9:56 PM","5:49","Harden 1' Layup (3 PTS) (Ariza 1 AST)",null,null,"9 - 14","5"],["0041400235",77,2,1,1,"9:56 PM","5:42",null,null,"MISS Paul 26' 3PT Jump Shot",null,null],["0041400235",78,4,0,1,"9:56 PM","5:40",null,null,"Barnes REBOUND (Off:1 Def:0)",null,null],["0041400235",79,1,1,1,"9:56 PM","5:35",null,null,"Paul 25' 3PT Jump Shot (3 PTS) (Griffin 1 AST)","12 - 14","2"],["0041400235",80,9,1,1,"9:56 PM","5:35","ROCKETS Timeout: Regular (Full 1 Short 0)",null,null,null,null],["0041400235",82,8,0,1,"9:58 PM","5:35",null,null,"SUB: Crawford FOR Barnes",null,null],["0041400235",83,8,0,1,"9:59 PM","5:35","SUB: Prigioni FOR Ariza",null,null,null,null],["0041400235",84,8,0,1,"9:59 PM","5:35","SUB: Brewer FOR Terry",null,null,null,null],["0041400235",85,2,1,1,"10:00 PM","5:22","MISS Smith  3PT Jump Shot",null,null,null,null],["0041400235",86,4,0,1,"10:00 PM","5:21",null,null,"Clippers Rebound",null,null],["0041400235",87,1,1,1,"10:00 PM","5:04",null,null,"Crawford 21' Jump Shot (2 PTS) (Jordan 1 AST)","14 - 14","TIE"],["0041400235",88,2,42,1,"10:00 PM","4:57","MISS Brewer 2' Driving Layup",null,null,null,null],["0041400235",89,4,0,1,"10:01 PM","4:56",null,null,"Paul REBOUND (Off:0 Def:2)",null,null],["0041400235",90,1,1,1,"10:01 PM","4:45",null,null,"Griffin 4' Jump Shot (4 PTS) (Paul 2 AST)","16 - 14","-2"],["0041400235",91,2,44,1,"10:01 PM","4:25","MISS Howard 1' Reverse Layup",null,null,null,null],["0041400235",92,4,0,1,"10:01 PM","4:24","Howard REBOUND (Off:2 Def:2)",null,null,null,null],["0041400235",93,6,2,1,"10:01 PM","4:24",null,null,"Jordan S.FOUL (P2.T4) (M.McCutchen)",null,null],["0041400235",94,3,11,1,"10:01 PM","4:24","Howard Free Throw 1 of 2 (3 PTS)",null,null,"16 - 15","-1"],["0041400235",96,8,0,1,"10:02 PM","4:24",null,null,"SUB: Davis FOR Jordan",null,null],["0041400235",97,8,0,1,"10:02 PM","4:24",null,null,"SUB: Rivers FOR Paul",null,null],["0041400235",98,8,0,1,"10:02 PM","4:24","SUB: Jones FOR Smith",null,null,null,null],["0041400235",99,3,12,1,"10:02 PM","4:24","MISS Howard Free Throw 2 of 2",null,null,null,null],["0041400235",101,4,0,1,"10:02 PM","4:24",null,null,"Griffin REBOUND (Off:4 Def:2)",null,null],["0041400235",102,2,1,1,"10:02 PM","4:09",null,null,"MISS Rivers 26' 3PT Jump Shot",null,null],["0041400235",103,4,0,1,"10:02 PM","4:08","Prigioni REBOUND (Off:0 Def:1)",null,null,null,null],["0041400235",104,2,1,1,"10:02 PM","3:56","MISS Jones 5' Jump Shot",null,null,null,null],["0041400235",105,4,0,1,"10:02 PM","3:55",null,null,"Griffin REBOUND (Off:4 Def:3)",null,null],["0041400235",107,1,1,1,"10:03 PM","3:48",null,null,"Griffin 18' Jump Shot (6 PTS) (Rivers 1 AST)","18 - 15","-3"],["0041400235",108,2,1,1,"10:03 PM","3:36","MISS Harden 11' Jump Shot",null,null,null,null],["0041400235",109,4,0,1,"10:03 PM","3:35","Howard REBOUND (Off:3 Def:2)",null,null,null,null],["0041400235",110,1,72,1,"10:03 PM","3:34","Howard 1' Putback Layup (5 PTS)",null,null,"18 - 17","-1"],["0041400235",111,5,1,1,"10:03 PM","3:16","Brewer STEAL (1 STL)",null,"Davis Bad Pass Turnover (P1.T3)",null,null],["0041400235",112,1,7,1,"10:03 PM","3:12","Brewer  Dunk (2 PTS)",null,null,"18 - 19","1"],["0041400235",114,2,79,1,"10:04 PM","3:05",null,null,"MISS Redick 25' 3PT Pullup Jump Shot",null,null],["0041400235",115,4,0,1,"10:04 PM","3:04","Harden REBOUND (Off:0 Def:2)",null,null,null,null],["0041400235",116,1,8,1,"10:04 PM","2:59","Howard  Slam Dunk (7 PTS) (Harden 1 AST)",null,null,"18 - 21","3"],["0041400235",117,2,1,1,"10:04 PM","2:36",null,null,"MISS Crawford 17' Jump Shot",null,null],["0041400235",118,4,0,1,"10:04 PM","2:34","Prigioni REBOUND (Off:0 Def:2)",null,null,null,null],["0041400235",119,2,1,1,"10:04 PM","2:28","MISS Harden 26' 3PT Jump Shot",null,null,null,null],["0041400235",120,4,0,1,"10:04 PM","2:27","Howard REBOUND (Off:4 Def:2)",null,null,null,null],["0041400235",121,2,5,1,"10:04 PM","2:25","MISS Howard 1' Layup",null,null,null,null],["0041400235",122,4,0,1,"10:05 PM","2:24","Howard REBOUND (Off:5 Def:2)",null,null,null,null],["0041400235",123,6,1,1,"10:05 PM","2:24",null,null,"Davis P.FOUL (P1.PN) (J.Capers)",null,null],["0041400235",124,9,1,1,"10:05 PM","2:24",null,null,"Clippers Timeout: Regular (Reg.1 Short 0)",null,null],["0041400235",125,18,0,1,"10:06 PM","2:24",null,null,null,null,null],["0041400235",128,8,0,1,"10:07 PM","2:24","SUB: Ariza FOR Harden",null,null,null,null],["0041400235",129,3,11,1,"10:08 PM","2:24","MISS Howard Free Throw 1 of 2",null,null,null,null],["0041400235",130,4,1,1,"10:08 PM","2:24","ROCKETS Rebound",null,null,null,null],["0041400235",131,3,12,1,"10:08 PM","2:24","Howard Free Throw 2 of 2 (8 PTS)",null,null,"18 - 22","4"],["0041400235",133,1,42,1,"10:09 PM","2:10",null,null,"Rivers 2' Driving Layup (2 PTS)","20 - 22","2"],["0041400235",134,2,1,1,"10:09 PM","1:55","MISS Brewer 10' Jump Shot",null,null,null,null],["0041400235",136,4,0,1,"10:09 PM","1:54","Jones REBOUND (Off:1 Def:0)",null,null,null,null],["0041400235",135,1,4,1,"10:09 PM","1:54","Jones 1' Tip Shot (2 PTS)",null,null,"20 - 24","4"],["0041400235",137,2,96,1,"10:09 PM","1:33",null,null,"MISS Griffin 6' Turnaround Bank Hook Shot",null,null],["0041400235",139,4,0,1,"10:09 PM","1:32",null,null,"Griffin REBOUND (Off:5 Def:3)",null,null],["0041400235",138,1,4,1,"10:09 PM","1:32",null,null,"Griffin 2' Tip Shot (8 PTS)","22 - 24","2"],["0041400235",140,1,47,1,"10:10 PM","1:16","Jones 6' Turnaround Jump Shot (4 PTS)",null,null,"22 - 26","4"],["0041400235",141,2,1,1,"10:10 PM","0:47",null,null,"MISS Davis 18' Jump Shot",null,null],["0041400235",142,4,0,1,"10:10 PM","0:45","Prigioni REBOUND (Off:0 Def:3)",null,null,null,null],["0041400235",143,6,2,1,"10:10 PM","0:36",null,null,"Davis S.FOUL (P2.PN) (S.Wright)",null,null],["0041400235",144,3,11,1,"10:11 PM","0:36","Howard Free Throw 1 of 2 (9 PTS)",null,null,"22 - 27","5"],["0041400235",146,3,12,1,"10:11 PM","0:36","MISS Howard Free Throw 2 of 2",null,null,null,null],["0041400235",148,4,0,1,"10:11 PM","0:36",null,null,"Rivers REBOUND (Off:0 Def:1)",null,null],["0041400235",149,2,80,1,"10:11 PM","0:23",null,null,"MISS Rivers 19' Step Back Jump Shot",null,null],["0041400235",150,4,0,1,"10:11 PM","0:22","Howard REBOUND (Off:5 Def:3)",null,null,null,null],["0041400235",151,2,1,1,"10:12 PM","0:03","MISS Howard 8' Jump Shot",null,"Davis BLOCK (1 BLK)",null,null],["0041400235",152,4,0,1,"10:12 PM","0:03",null,null,"Clippers Rebound",null,null],["0041400235",153,2,1,1,"10:12 PM","0:00",null,null,"MISS Rivers 28' 3PT Jump Shot",null,null],["0041400235",154,4,0,1,"10:12 PM","0:00",null,null,"Clippers Rebound",null,null],["0041400235",155,13,0,1,"10:12 PM","0:00",null,null,null,"22 - 27","5"],["0041400235",157,12,0,2,"10:16 PM","12:00",null,null,null,"22 - 27","5"],["0041400235",158,5,1,2,"10:16 PM","11:50","Jones Bad Pass Turnover (P1.T4)",null,null,null,null],["0041400235",159,2,79,2,"10:16 PM","11:39",null,null,"MISS Crawford 17' Pullup Jump Shot",null,null],["0041400235",160,4,0,2,"10:16 PM","11:36","Ariza REBOUND (Off:0 Def:4)",null,null,null,null],["0041400235",161,1,52,2,"10:16 PM","11:23","Capela  Alley Oop Dunk (2 PTS) (Harden 2 AST)",null,null,"22 - 29","7"],["0041400235",162,5,1,2,"10:17 PM","11:09","Ariza STEAL (2 STL)",null,"Hawes Bad Pass Turnover (P1.T4)",null,null],["0041400235",163,1,48,2,"10:17 PM","11:06","Ariza  Dunk (9 PTS)",null,null,"22 - 31","9"],["0041400235",164,9,2,2,"10:17 PM","11:05",null,null,"Clippers Timeout: Short (Reg.1 Short 1)",null,null],["0041400235",166,8,0,2,"10:18 PM","11:05",null,null,"SUB: Jordan FOR Davis",null,null],["0041400235",167,1,80,2,"10:18 PM","10:53",null,null,"Paul 18' Step Back Jump Shot (5 PTS)","24 - 31","7"],["0041400235",168,1,8,2,"10:18 PM","10:28","Capela  Slam Dunk (4 PTS) (Prigioni 1 AST)",null,null,"24 - 33","9"],["0041400235",169,6,2,2,"10:18 PM","10:28",null,null,"Hawes S.FOUL (P1.T1) (M.McCutchen)",null,null],["0041400235",170,3,10,2,"10:19 PM","10:28","MISS Capela Free Throw 1 of 1",null,null,null,null],["0041400235",172,4,0,2,"10:19 PM","10:28",null,null,"Jordan REBOUND (Off:2 Def:3)",null,null],["0041400235",173,1,65,2,"10:19 PM","10:09",null,null,"Hawes 8' Jump Hook Shot (2 PTS) (Paul 3 AST)","26 - 33","7"],["0041400235",174,2,1,2,"10:19 PM","9:43","MISS Prigioni 28' 3PT Jump Shot",null,null,null,null],["0041400235",175,4,0,2,"10:19 PM","9:42","Capela REBOUND (Off:1 Def:0)",null,null,null,null],["0041400235",176,1,65,2,"10:20 PM","9:37","Jones 4' Jump Hook Shot (6 PTS) (Capela 1 AST)",null,null,"26 - 35","9"],["0041400235",177,1,1,2,"10:20 PM","9:24",null,null,"Crawford 24' 3PT Jump Shot (5 PTS) (Hawes 1 AST)","29 - 35","6"],["0041400235",179,6,2,2,"10:20 PM","9:14",null,null,"Jordan S.FOUL (P3.T2) (S.Wright)",null,null],["0041400235",180,3,11,2,"10:20 PM","9:14","Harden Free Throw 1 of 2 (4 PTS)",null,null,"29 - 36","7"],["0041400235",182,8,0,2,"10:21 PM","9:14",null,null,"SUB: Griffin FOR Jordan",null,null],["0041400235",183,3,12,2,"10:21 PM","9:14","Harden Free Throw 2 of 2 (5 PTS)",null,null,"29 - 37","8"],["0041400235",185,2,79,2,"10:21 PM","9:03",null,null,"MISS Crawford 27' 3PT Pullup Jump Shot",null,null],["0041400235",186,4,0,2,"10:21 PM","9:02","Ariza REBOUND (Off:0 Def:5)",null,null,null,null],["0041400235",187,5,1,2,"10:22 PM","8:43","Harden Bad Pass Turnover (P3.T5)",null,"Hawes STEAL (1 STL)",null,null],["0041400235",188,6,29,2,"10:22 PM","8:40","Prigioni Shooting Block Foul (P1.T1) (M.McCutchen)",null,null,null,null],["0041400235",189,9,4,2,"10:22 PM","8:40",null,null,null,null,null],["0041400235",192,8,0,2,"10:24 PM","8:40","SUB: Brewer FOR Ariza",null,null,null,null],["0041400235",193,8,0,2,"10:24 PM","8:40","SUB: Terry FOR Prigioni",null,null,null,null],["0041400235",194,8,0,2,"10:24 PM","8:40","SUB: Smith FOR Jones",null,null,null,null],["0041400235",195,3,11,2,"10:25 PM","8:40",null,null,"Rivers Free Throw 1 of 2 (3 PTS)","30 - 37","7"],["0041400235",197,3,12,2,"10:25 PM","8:40",null,null,"MISS Rivers Free Throw 2 of 2",null,null],["0041400235",199,4,0,2,"10:25 PM","8:40",null,null,"Griffin REBOUND (Off:6 Def:3)",null,null],["0041400235",200,2,1,2,"10:25 PM","8:33",null,null,"MISS Rivers 24' 3PT Jump Shot",null,null],["0041400235",201,4,0,2,"10:25 PM","8:32","Harden REBOUND (Off:0 Def:3)",null,null,null,null],["0041400235",202,2,1,2,"10:26 PM","8:16","MISS Brewer  3PT Jump Shot",null,null,null,null],["0041400235",203,4,0,2,"10:26 PM","8:15","Harden REBOUND (Off:1 Def:3)",null,null,null,null],["0041400235",204,6,2,2,"10:26 PM","8:10",null,null,"Griffin S.FOUL (P2.T3) (S.Wright)",null,null],["0041400235",205,3,11,2,"10:26 PM","8:10","Harden Free Throw 1 of 2 (6 PTS)",null,null,"30 - 38","8"],["0041400235",207,8,0,2,"10:26 PM","8:10",null,null,"SUB: Barnes FOR Crawford",null,null],["0041400235",208,8,0,2,"10:26 PM","8:10",null,null,"SUB: Redick FOR Rivers",null,null],["0041400235",209,8,0,2,"10:26 PM","8:10","SUB: Howard FOR Capela",null,null,null,null],["0041400235",210,3,12,2,"10:27 PM","8:10","Harden Free Throw 2 of 2 (7 PTS)",null,null,"30 - 39","9"],["0041400235",213,2,1,2,"10:27 PM","7:52",null,null,"MISS Paul 25' 3PT Jump Shot",null,null],["0041400235",214,4,0,2,"10:27 PM","7:51","Howard REBOUND (Off:5 Def:4)",null,null,null,null],["0041400235",215,5,1,2,"10:27 PM","7:44","Smith Bad Pass Turnover (P2.T6)",null,"Paul STEAL (1 STL)",null,null],["0041400235",216,6,1,2,"10:27 PM","7:39","Terry P.FOUL (P1.T2) (M.McCutchen)",null,null,null,null],["0041400235",217,6,1,2,"10:28 PM","7:34","Terry P.FOUL (P2.T3) (M.McCutchen)",null,null,null,null],["0041400235",218,1,78,2,"10:28 PM","7:28",null,null,"Hawes 13' Floating Jump Shot (4 PTS) (Redick 1 AST)","32 - 39","7"],["0041400235",219,1,80,2,"10:28 PM","7:12","Harden 15' Step Back Jump Shot (9 PTS)",null,null,"32 - 41","9"],["0041400235",220,1,1,2,"10:29 PM","6:51",null,null,"Paul 25' 3PT Jump Shot (8 PTS) (Barnes 1 AST)","35 - 41","6"],["0041400235",221,2,80,2,"10:29 PM","6:39","MISS Harden 25' 3PT Step Back Jump Shot",null,null,null,null],["0041400235",222,4,0,2,"10:29 PM","6:37","Terry REBOUND (Off:1 Def:0)",null,null,null,null],["0041400235",223,2,1,2,"10:29 PM","6:33","MISS Terry 11' Jump Shot",null,null,null,null],["0041400235",224,4,0,2,"10:29 PM","6:32",null,null,"Griffin REBOUND (Off:6 Def:4)",null,null],["0041400235",225,1,42,2,"10:29 PM","6:24",null,null,"Paul 2' Driving Layup (10 PTS)","37 - 41","4"],["0041400235",226,1,44,2,"10:30 PM","6:03","Howard 1' Reverse Layup (11 PTS)",null,null,"37 - 43","6"],["0041400235",227,1,42,2,"10:30 PM","5:45",null,null,"Griffin 2' Driving Layup (10 PTS)","39 - 43","4"],["0041400235",228,1,42,2,"10:30 PM","5:32","Harden 1' Driving Layup (11 PTS)",null,null,"39 - 45","6"],["0041400235",229,2,1,2,"10:30 PM","5:19",null,null,"MISS Hawes 25' 3PT Jump Shot",null,null],["0041400235",230,4,0,2,"10:30 PM","5:18","Howard REBOUND (Off:5 Def:5)",null,null,null,null],["0041400235",231,6,2,2,"10:31 PM","5:10",null,null,"Hawes S.FOUL (P2.T4) (J.Capers)",null,null],["0041400235",232,9,1,2,"10:31 PM","5:10","ROCKETS Timeout: Regular (Full 2 Short 0)",null,null,null,null],["0041400235",235,3,11,2,"10:34 PM","5:10","MISS Smith Free Throw 1 of 2",null,null,null,null],["0041400235",236,4,1,2,"10:34 PM","5:10","ROCKETS Rebound",null,null,null,null],["0041400235",237,3,12,2,"10:34 PM","5:10","MISS Smith Free Throw 2 of 2",null,null,null,null],["0041400235",239,4,0,2,"10:35 PM","5:10",null,null,"Griffin REBOUND (Off:6 Def:5)",null,null],["0041400235",240,1,5,2,"10:35 PM","4:54",null,null,"Griffin 2' Layup (12 PTS) (Paul 4 AST)","41 - 45","4"],["0041400235",241,2,56,2,"10:35 PM","4:34","MISS Howard 6' Running Hook Shot",null,null,null,null],["0041400235",242,4,0,2,"10:35 PM","4:34",null,null,"Clippers Rebound",null,null],["0041400235",243,1,5,2,"10:36 PM","4:21",null,null,"Hawes 2' Layup (6 PTS) (Paul 5 AST)","43 - 45","2"],["0041400235",244,1,1,2,"10:36 PM","4:03","Terry 25' 3PT Jump Shot (3 PTS) (Smith 1 AST)",null,null,"43 - 48","5"],["0041400235",245,2,1,2,"10:36 PM","3:41","Smith BLOCK (1 BLK)",null,"MISS Griffin 7' Jump Shot",null,null],["0041400235",246,4,0,2,"10:36 PM","3:39",null,null,"Barnes REBOUND (Off:2 Def:0)",null,null],["0041400235",247,1,1,2,"10:36 PM","3:36",null,null,"Hawes 25' 3PT Jump Shot (9 PTS) (Barnes 2 AST)","46 - 48","2"],["0041400235",248,2,79,2,"10:37 PM","3:21","MISS Harden 17' Pullup Jump Shot",null,null,null,null],["0041400235",249,4,0,2,"10:37 PM","3:19","Smith REBOUND (Off:3 Def:1)",null,null,null,null],["0041400235",250,2,1,2,"10:37 PM","3:16","MISS Terry 26' 3PT Jump Shot",null,null,null,null],["0041400235",251,4,0,2,"10:37 PM","3:15",null,null,"Hawes REBOUND (Off:0 Def:1)",null,null],["0041400235",252,2,1,2,"10:37 PM","3:03",null,null,"MISS Barnes  3PT Jump Shot",null,null],["0041400235",253,4,0,2,"10:37 PM","3:02","Harden REBOUND (Off:1 Def:4)",null,null,null,null],["0041400235",254,6,1,2,"10:37 PM","3:01",null,null,"Paul P.FOUL (P1.PN) (J.Capers)",null,null],["0041400235",255,3,11,2,"10:37 PM","3:01","Harden Free Throw 1 of 2 (12 PTS)",null,null,"46 - 49","3"],["0041400235",257,8,0,2,"10:38 PM","3:01","SUB: Jones FOR Smith",null,null,null,null],["0041400235",258,8,0,2,"10:38 PM","3:01","SUB: Ariza FOR Brewer",null,null,null,null],["0041400235",259,3,12,2,"10:38 PM","3:01","Harden Free Throw 2 of 2 (13 PTS)",null,null,"46 - 50","4"],["0041400235",261,2,66,2,"10:38 PM","2:44",null,null,"MISS Griffin 14' Jump Bank Shot",null,null],["0041400235",262,4,0,2,"10:38 PM","2:43","Jones REBOUND (Off:1 Def:1)",null,null,null,null],["0041400235",263,1,1,2,"10:38 PM","2:35","Terry 25' 3PT Jump Shot (6 PTS) (Harden 3 AST)",null,null,"46 - 53","7"],["0041400235",264,9,1,2,"10:39 PM","2:34",null,null,"Clippers Timeout: Regular (Reg.2 Short 1)",null,null],["0041400235",267,8,0,2,"10:41 PM","2:34",null,null,"SUB: Crawford FOR Barnes",null,null],["0041400235",268,5,1,2,"10:42 PM","2:25","Ariza STEAL (3 STL)",null,"Paul Bad Pass Turnover (P2.T5)",null,null],["0041400235",269,5,1,2,"10:42 PM","2:22","Ariza Bad Pass Turnover (P1.T7)",null,null,null,null],["0041400235",270,2,1,2,"10:42 PM","2:07",null,null,"MISS Griffin 18' Jump Shot",null,null],["0041400235",271,4,0,2,"10:42 PM","2:06","Harden REBOUND (Off:1 Def:5)",null,null,null,null],["0041400235",272,2,78,2,"10:42 PM","1:57","MISS Harden 9' Floating Jump Shot",null,null,null,null],["0041400235",273,4,0,2,"10:42 PM","1:56","ROCKETS Rebound",null,null,null,null],["0041400235",274,1,52,2,"10:43 PM","1:55","Howard  Alley Oop Dunk (13 PTS) (Terry 3 AST)",null,null,"46 - 55","9"],["0041400235",275,2,1,2,"10:43 PM","1:41",null,null,"MISS Crawford  3PT Jump Shot",null,null],["0041400235",276,4,0,2,"10:43 PM","1:40","Howard REBOUND (Off:5 Def:6)",null,null,null,null],["0041400235",277,1,42,2,"10:43 PM","1:32","Harden 2' Driving Layup (15 PTS)",null,null,"46 - 57","11"],["0041400235",278,1,5,2,"10:43 PM","1:17",null,null,"Griffin 2' Layup (14 PTS) (Paul 6 AST)","48 - 57","9"],["0041400235",279,6,2,2,"10:44 PM","1:02",null,null,"Hawes S.FOUL (P3.PN) (M.McCutchen)",null,null],["0041400235",280,3,11,2,"10:44 PM","1:02","Jones Free Throw 1 of 2 (7 PTS)",null,null,"48 - 58","10"],["0041400235",282,8,0,2,"10:44 PM","1:02","SUB: Prigioni FOR Terry",null,null,null,null],["0041400235",283,3,12,2,"10:44 PM","1:02","Jones Free Throw 2 of 2 (8 PTS)",null,null,"48 - 59","11"],["0041400235",285,2,79,2,"10:44 PM","0:48",null,null,"MISS Hawes 19' Pullup Jump Shot",null,null],["0041400235",286,4,0,2,"10:44 PM","0:47","Ariza REBOUND (Off:0 Def:6)",null,null,null,null],["0041400235",287,6,28,2,"10:44 PM","0:44",null,null,"Crawford Personal Take Foul (P1.PN) (M.McCutchen)",null,null],["0041400235",288,3,11,2,"10:45 PM","0:44","Howard Free Throw 1 of 2 (14 PTS)",null,null,"48 - 60","12"],["0041400235",290,3,12,2,"10:45 PM","0:44","Howard Free Throw 2 of 2 (15 PTS)",null,null,"48 - 61","13"],["0041400235",292,2,79,2,"10:46 PM","0:26",null,null,"MISS Crawford 12' Pullup Jump Shot",null,null],["0041400235",293,4,0,2,"10:46 PM","0:24","ROCKETS Rebound",null,null,null,null],["0041400235",295,9,2,2,"10:46 PM","0:24","ROCKETS Timeout: Short (Full 2 Short 1)",null,null,null,null],["0041400235",296,8,0,2,"10:47 PM","0:24","SUB: Terry FOR Howard",null,null,null,null],["0041400235",297,8,0,2,"10:47 PM","0:24",null,null,"SUB: Barnes FOR Griffin",null,null],["0041400235",298,8,0,2,"10:47 PM","0:24",null,null,"SUB: Rivers FOR Paul",null,null],["0041400235",299,8,0,2,"10:47 PM","0:24",null,null,"SUB: Jones FOR Crawford",null,null],["0041400235",300,8,0,2,"10:47 PM","0:24",null,null,"SUB: Davis FOR Hawes",null,null],["0041400235",301,1,80,2,"10:48 PM","0:00","Harden 17' Step Back Jump Shot (17 PTS)",null,null,"48 - 63","15"],["0041400235",304,18,0,2,"10:48 PM","0:00",null,null,null,null,null],["0041400235",305,13,0,2,"10:49 PM","0:00",null,null,null,"48 - 63","15"],["0041400235",307,12,0,3,"11:06 PM","12:00",null,null,null,"48 - 63","15"],["0041400235",308,1,1,3,"11:06 PM","11:40","Ariza 25' 3PT Jump Shot (12 PTS) (Harden 4 AST)",null,null,"48 - 66","18"],["0041400235",309,2,5,3,"11:06 PM","11:16","Howard BLOCK (1 BLK)",null,"MISS Barnes 3' Layup",null,null],["0041400235",310,4,0,3,"11:06 PM","11:15","Howard REBOUND (Off:5 Def:7)",null,null,null,null],["0041400235",311,1,44,3,"11:06 PM","11:10","Smith 3' Reverse Layup (4 PTS) (Terry 4 AST)",null,null,"48 - 68","20"],["0041400235",312,1,47,3,"11:07 PM","10:54",null,null,"Redick 16' Turnaround Jump Shot (5 PTS) (Paul 7 AST)","50 - 68","18"],["0041400235",313,2,1,3,"11:07 PM","10:33","MISS Smith 25' 3PT Jump Shot",null,null,null,null],["0041400235",314,4,0,3,"11:07 PM","10:32",null,null,"Jordan REBOUND (Off:2 Def:4)",null,null],["0041400235",315,2,1,3,"11:07 PM","10:21",null,null,"MISS Barnes  3PT Jump Shot",null,null],["0041400235",316,4,0,3,"11:07 PM","10:19","Terry REBOUND (Off:1 Def:1)",null,null,null,null],["0041400235",317,2,1,3,"11:07 PM","10:12","MISS Harden 27' 3PT Jump Shot",null,null,null,null],["0041400235",318,4,0,3,"11:07 PM","10:11","Smith REBOUND (Off:4 Def:1)",null,null,null,null],["0041400235",319,6,2,3,"11:08 PM","10:07",null,null,"Barnes S.FOUL (P2.T1) (J.Capers)",null,null],["0041400235",320,3,11,3,"11:08 PM","10:07","MISS Howard Free Throw 1 of 2",null,null,null,null],["0041400235",321,4,1,3,"11:08 PM","10:07","ROCKETS Rebound",null,null,null,null],["0041400235",322,3,12,3,"11:08 PM","10:07","MISS Howard Free Throw 2 of 2",null,null,null,null],["0041400235",324,4,0,3,"11:08 PM","10:07",null,null,"Jordan REBOUND (Off:2 Def:5)",null,null],["0041400235",325,6,1,3,"11:09 PM","9:57","Smith P.FOUL (P1.T1) (J.Capers)",null,null,null,null],["0041400235",326,2,80,3,"11:09 PM","9:44",null,null,"MISS Redick 25' 3PT Step Back Jump Shot",null,null],["0041400235",327,4,0,3,"11:09 PM","9:41","Smith REBOUND (Off:4 Def:2)",null,null,null,null],["0041400235",328,1,7,3,"11:09 PM","9:36","Ariza  Dunk (14 PTS) (Terry 5 AST)",null,null,"50 - 70","20"],["0041400235",329,6,1,3,"11:10 PM","9:14","Smith P.FOUL (P2.T2) (M.McCutchen)",null,null,null,null],["0041400235",330,1,80,3,"11:10 PM","9:08",null,null,"Paul 26' 3PT Step Back Jump Shot (13 PTS) (Jordan 2 AST)","53 - 70","17"],["0041400235",331,1,1,3,"11:10 PM","8:51","Terry 19' Jump Shot (8 PTS) (Smith 2 AST)",null,null,"53 - 72","19"],["0041400235",332,1,79,3,"11:11 PM","8:38",null,null,"Paul 16' Pullup Jump Shot (15 PTS)","55 - 72","17"],["0041400235",333,1,1,3,"11:11 PM","8:16","Ariza 24' 3PT Jump Shot (17 PTS) (Smith 3 AST)",null,null,"55 - 75","20"],["0041400235",334,6,29,3,"11:11 PM","8:02","Howard Shooting Block Foul (P2.T3) (M.McCutchen)",null,null,null,null],["0041400235",335,3,11,3,"11:11 PM","8:02",null,null,"Barnes Free Throw 1 of 2 (1 PTS)","56 - 75","19"],["0041400235",337,3,12,3,"11:12 PM","8:02",null,null,"Barnes Free Throw 2 of 2 (2 PTS)","57 - 75","18"],["0041400235",339,1,52,3,"11:12 PM","7:44","Howard  Alley Oop Dunk (17 PTS) (Smith 4 AST)",null,null,"57 - 77","20"],["0041400235",340,5,40,3,"11:12 PM","7:36",null,null,"Griffin Out of Bounds Lost Ball Turnover (P1.T6)",null,null],["0041400235",342,1,71,3,"11:13 PM","7:19","Howard 5' Finger Roll Layup (19 PTS) (Harden 5 AST)",null,null,"57 - 79","22"],["0041400235",343,1,42,3,"11:13 PM","7:08",null,null,"Paul 2' Driving Layup (17 PTS)","59 - 79","20"],["0041400235",344,2,1,3,"11:13 PM","6:49","MISS Terry 24' 3PT Jump Shot",null,null,null,null],["0041400235",345,4,0,3,"11:13 PM","6:48",null,null,"Griffin REBOUND (Off:6 Def:6)",null,null],["0041400235",347,2,1,3,"11:14 PM","6:29","Howard BLOCK (2 BLK)",null,"MISS Paul 7' Jump Shot",null,null],["0041400235",348,4,0,3,"11:14 PM","6:27","Ariza REBOUND (Off:0 Def:7)",null,null,null,null],["0041400235",349,6,1,3,"11:14 PM","6:24",null,null,"Jordan P.FOUL (P4.T2) (J.Capers)",null,null],["0041400235",350,8,0,3,"11:14 PM","6:24",null,null,"SUB: Crawford FOR Paul",null,null],["0041400235",351,8,0,3,"11:14 PM","6:24",null,null,"SUB: Rivers FOR Barnes",null,null],["0041400235",352,8,0,3,"11:14 PM","6:24","SUB: Prigioni FOR Ariza",null,null,null,null],["0041400235",353,8,0,3,"11:14 PM","6:24","SUB: Brewer FOR Smith",null,null,null,null],["0041400235",354,8,0,3,"11:14 PM","6:24","SUB: Jones FOR Terry",null,null,null,null],["0041400235",355,5,1,3,"11:15 PM","6:15","Harden Bad Pass Turnover (P4.T8)",null,"Rivers STEAL (1 STL)",null,null],["0041400235",356,1,5,3,"11:15 PM","6:02",null,null,"Griffin 1' Layup (16 PTS) (Redick 2 AST)","61 - 79","18"],["0041400235",357,6,2,3,"11:15 PM","6:02","Jones S.FOUL (P1.T4) (M.McCutchen)",null,null,null,null],["0041400235",358,3,10,3,"11:15 PM","6:02",null,null,"MISS Griffin Free Throw 1 of 1",null,null],["0041400235",360,4,0,3,"11:15 PM","6:02","Howard REBOUND (Off:5 Def:8)",null,null,null,null],["0041400235",361,2,1,3,"11:16 PM","5:38","MISS Jones  3PT Jump Shot",null,null,null,null],["0041400235",363,4,0,3,"11:16 PM","5:37","Brewer REBOUND (Off:1 Def:0)",null,null,null,null],["0041400235",362,1,92,3,"11:16 PM","5:37","Brewer  Putback Slam Dunk (4 PTS)",null,null,"61 - 81","20"],["0041400235",364,6,1,3,"11:16 PM","5:15","Brewer P.FOUL (P1.PN) (M.McCutchen)",null,null,null,null],["0041400235",365,9,1,3,"11:16 PM","5:15","ROCKETS Timeout: Regular (Full 3 Short 1)",null,null,null,null],["0041400235",369,3,11,3,"11:19 PM","5:15",null,null,"Griffin Free Throw 1 of 2 (17 PTS)","62 - 81","19"],["0041400235",371,3,12,3,"11:20 PM","5:15",null,null,"Griffin Free Throw 2 of 2 (18 PTS)","63 - 81","18"],["0041400235",373,2,42,3,"11:20 PM","4:58","MISS Howard 1' Driving Layup",null,null,null,null],["0041400235",374,4,0,3,"11:20 PM","4:57",null,null,"Jordan REBOUND (Off:2 Def:6)",null,null],["0041400235",375,1,65,3,"11:20 PM","4:45",null,null,"Griffin 6' Jump Hook Shot (20 PTS)","65 - 81","16"],["0041400235",376,2,3,3,"11:21 PM","4:27","MISS Howard 5' Hook Shot",null,null,null,null],["0041400235",377,4,0,3,"11:21 PM","4:26",null,null,"Griffin REBOUND (Off:6 Def:7)",null,null],["0041400235",378,6,1,3,"11:21 PM","4:26","Jones P.FOUL (P2.PN) (S.Wright)",null,null,null,null],["0041400235",379,3,11,3,"11:21 PM","4:26",null,null,"Griffin Free Throw 1 of 2 (21 PTS)","66 - 81","15"],["0041400235",381,3,12,3,"11:21 PM","4:26",null,null,"MISS Griffin Free Throw 2 of 2",null,null],["0041400235",383,4,0,3,"11:22 PM","4:26","Harden REBOUND (Off:1 Def:6)",null,null,null,null],["0041400235",384,1,42,3,"11:22 PM","4:11","Brewer 3' Driving Layup (6 PTS) (Harden 6 AST)",null,null,"66 - 83","17"],["0041400235",385,1,78,3,"11:22 PM","3:55",null,null,"Redick 9' Floating Jump Shot (7 PTS) (Griffin 2 AST)","68 - 83","15"],["0041400235",387,6,27,3,"11:23 PM","3:46",null,null,"Redick Personal Block Foul (P1.T3) (S.Wright)",null,null],["0041400235",388,8,0,3,"11:23 PM","3:46","SUB: Ariza FOR Harden",null,null,null,null],["0041400235",389,8,0,3,"11:23 PM","3:46",null,null,"SUB: Paul FOR Redick",null,null],["0041400235",390,2,3,3,"11:23 PM","3:37","MISS Howard 8' Hook Shot",null,"Jordan BLOCK (1 BLK)",null,null],["0041400235",391,4,0,3,"11:23 PM","3:36",null,null,"Jordan REBOUND (Off:2 Def:7)",null,null],["0041400235",392,1,8,3,"11:23 PM","3:31",null,null,"Griffin  Slam Dunk (23 PTS) (Paul 8 AST)","70 - 83","13"],["0041400235",393,9,2,3,"11:23 PM","3:29","ROCKETS Timeout: Short (Full 3 Short 2)",null,null,null,null],["0041400235",397,5,4,3,"11:25 PM","3:20","Jones Traveling Turnover (P2.T9)",null,null,null,null],["0041400235",400,2,80,3,"11:26 PM","2:57",null,null,"MISS Griffin 20' Step Back Jump Shot",null,null],["0041400235",401,4,0,3,"11:26 PM","2:56","Ariza REBOUND (Off:0 Def:8)",null,null,null,null],["0041400235",402,5,1,3,"11:26 PM","2:47","Prigioni Bad Pass Turnover (P1.T10)",null,null,null,null],["0041400235",403,9,1,3,"11:26 PM","2:47",null,null,"Clippers Timeout: Regular (Reg.3 Short 1)",null,null],["0041400235",405,8,0,3,"11:28 PM","2:47","SUB: Harden FOR Brewer",null,null,null,null],["0041400235",407,6,28,3,"11:29 PM","2:47","Prigioni Personal Take Foul (P2.PN) (S.Wright)",null,null,null,null],["0041400235",408,3,11,3,"11:29 PM","2:47",null,null,"MISS Jordan Free Throw 1 of 2",null,null],["0041400235",409,4,1,3,"11:29 PM","2:47",null,null,"Clippers Rebound",null,null],["0041400235",410,3,12,3,"11:30 PM","2:47",null,null,"Jordan Free Throw 2 of 2 (5 PTS)","71 - 83","12"],["0041400235",412,1,46,3,"11:30 PM","2:32","Jones 11' Running Jump Shot (10 PTS) (Harden 7 AST)",null,null,"71 - 85","14"],["0041400235",413,2,79,3,"11:31 PM","2:08",null,null,"MISS Paul 18' Pullup Jump Shot",null,null],["0041400235",414,4,0,3,"11:31 PM","2:06",null,null,"Jordan REBOUND (Off:3 Def:7)",null,null],["0041400235",415,6,2,3,"11:31 PM","2:06","Prigioni S.FOUL (P3.PN) (J.Capers)",null,null,null,null],["0041400235",416,3,11,3,"11:31 PM","2:06",null,null,"Jordan Free Throw 1 of 2 (6 PTS)","72 - 85","13"],["0041400235",418,3,12,3,"11:31 PM","2:06",null,null,"MISS Jordan Free Throw 2 of 2",null,null],["0041400235",420,4,0,3,"11:32 PM","2:06","Jones REBOUND (Off:1 Def:2)",null,null,null,null],["0041400235",421,1,80,3,"11:32 PM","1:43","Harden 15' Step Back Jump Shot (19 PTS)",null,null,"72 - 87","15"],["0041400235",422,1,42,3,"11:32 PM","1:26",null,null,"Griffin 2' Driving Layup (25 PTS)","74 - 87","13"],["0041400235",423,1,79,3,"11:33 PM","1:11","Jones 10' Pullup Jump Shot (12 PTS) (Prigioni 2 AST)",null,null,"74 - 89","15"],["0041400235",425,6,28,3,"11:33 PM","1:07","Prigioni Personal Take Foul (P4.PN) (J.Capers)",null,null,null,null],["0041400235",426,3,11,3,"11:33 PM","1:07",null,null,"MISS Jordan Free Throw 1 of 2",null,null],["0041400235",427,4,1,3,"11:33 PM","1:07",null,null,"Clippers Rebound",null,null],["0041400235",428,3,12,3,"11:34 PM","1:07",null,null,"MISS Jordan Free Throw 2 of 2",null,null],["0041400235",430,4,0,3,"11:34 PM","1:07","Howard REBOUND (Off:5 Def:9)",null,null,null,null],["0041400235",431,6,28,3,"11:35 PM","1:06",null,null,"Crawford Personal Take Foul (P2.T4) (S.Wright)",null,null],["0041400235",432,8,0,3,"11:35 PM","1:06",null,null,"SUB: Hawes FOR Jordan",null,null],["0041400235",433,6,28,3,"11:35 PM","1:04",null,null,"Hawes Personal Take Foul (P4.PN) (S.Wright)",null,null],["0041400235",434,3,11,3,"11:35 PM","1:04","Howard Free Throw 1 of 2 (20 PTS)",null,null,"74 - 90","16"],["0041400235",436,3,12,3,"11:35 PM","1:04","Free Throw 2 of 2",null,null,null,null],["0041400235",437,4,1,3,"11:35 PM","1:04",null,null,"Clippers Rebound",null,null],["0041400235",438,2,1,3,"11:36 PM","0:42",null,null,"MISS Griffin 7' Jump Shot",null,null],["0041400235",439,4,0,3,"11:36 PM","0:41","Howard REBOUND (Off:5 Def:10)",null,null,null,null],["0041400235",440,2,79,3,"11:36 PM","0:36","MISS Harden 24' 3PT Pullup Jump Shot",null,null,null,null],["0041400235",441,4,0,3,"11:36 PM","0:34",null,null,"Clippers Rebound",null,null],["0041400235",442,2,79,3,"11:37 PM","0:12",null,null,"MISS Paul 27' 3PT Pullup Jump Shot",null,null],["0041400235",443,4,0,3,"11:37 PM","0:12",null,null,"Hawes REBOUND (Off:1 Def:1)",null,null],["0041400235",444,2,73,3,"11:37 PM","0:00",null,null,"MISS Rivers 2' Driving Reverse Layup",null,null],["0041400235",446,4,0,3,"11:37 PM","0:00",null,null,"Hawes REBOUND (Off:2 Def:1)",null,null],["0041400235",445,1,4,3,"11:37 PM","0:00",null,null,"Hawes 1' Tip Shot (11 PTS)","76 - 90","14"],["0041400235",447,18,0,3,"11:38 PM","0:00",null,null,null,null,null],["0041400235",448,13,0,3,"11:38 PM","0:00",null,null,null,"76 - 90","14"],["0041400235",450,12,0,4,"11:41 PM","12:00",null,null,null,"76 - 90","14"],["0041400235",451,6,1,4,"11:42 PM","11:51","Harden P.FOUL (P2.T1) (J.Capers)",null,null,null,null],["0041400235",452,2,1,4,"11:42 PM","11:40",null,null,"MISS Paul 25' 3PT Jump Shot",null,null],["0041400235",453,4,0,4,"11:42 PM","11:39","Harden REBOUND (Off:1 Def:7)",null,null,null,null],["0041400235",454,6,4,4,"11:42 PM","11:32","Harden OFF.Foul (P3) (M.McCutchen)",null,null,null,null],["0041400235",455,5,5,4,"11:42 PM","11:32","Harden Foul Turnover (P5.T11)",null,null,null,null],["0041400235",456,2,1,4,"11:43 PM","11:18",null,null,"MISS Redick 25' 3PT Jump Shot",null,null],["0041400235",457,4,0,4,"11:43 PM","11:17",null,null,"Clippers Rebound",null,null],["0041400235",458,6,3,4,"11:43 PM","11:17","Jones L.B.FOUL (P3.T2) (S.Wright)",null,null,null,null],["0041400235",459,2,1,4,"11:43 PM","11:04",null,null,"MISS Crawford 26' 3PT Jump Shot",null,null],["0041400235",460,4,0,4,"11:43 PM","11:03","Harden REBOUND (Off:1 Def:8)",null,null,null,null],["0041400235",461,2,80,4,"11:43 PM","10:50","MISS Harden 19' Step Back Jump Shot",null,null,null,null],["0041400235",462,4,0,4,"11:43 PM","10:48",null,null,"Hawes REBOUND (Off:2 Def:2)",null,null],["0041400235",463,6,2,4,"11:44 PM","10:27","Capela S.FOUL (P1.T3) (J.Capers)",null,null,null,null],["0041400235",464,3,11,4,"11:44 PM","10:27",null,null,"Redick Free Throw 1 of 2 (8 PTS)","77 - 90","13"],["0041400235",466,8,0,4,"11:44 PM","10:27","SUB: Terry FOR Prigioni",null,null,null,null],["0041400235",467,8,0,4,"11:44 PM","10:27",null,null,"SUB: Rivers FOR Paul",null,null],["0041400235",468,3,12,4,"11:44 PM","10:27",null,null,"Redick Free Throw 2 of 2 (9 PTS)","78 - 90","12"],["0041400235",470,2,1,4,"11:45 PM","10:09","MISS Ariza 25' 3PT Jump Shot",null,null,null,null],["0041400235",471,4,0,4,"11:45 PM","10:08",null,null,"Griffin REBOUND (Off:6 Def:8)",null,null],["0041400235",472,2,63,4,"11:45 PM","9:49",null,null,"MISS Crawford 13' Fadeaway Jumper",null,null],["0041400235",473,4,0,4,"11:45 PM","9:48","Jones REBOUND (Off:1 Def:3)",null,null,null,null],["0041400235",474,6,2,4,"11:45 PM","9:41",null,null,"Crawford S.FOUL (P3.T1) (J.Capers)",null,null],["0041400235",475,3,11,4,"11:46 PM","9:41","Ariza Free Throw 1 of 2 (18 PTS)",null,null,"78 - 91","13"],["0041400235",477,8,0,4,"11:46 PM","9:41","SUB: Smith FOR Jones",null,null,null,null],["0041400235",478,3,12,4,"11:46 PM","9:41","Ariza Free Throw 2 of 2 (19 PTS)",null,null,"78 - 92","14"],["0041400235",480,5,1,4,"11:46 PM","9:33",null,null,"Rivers Bad Pass Turnover (P1.T7)",null,null],["0041400235",481,8,0,4,"11:46 PM","9:33","SUB: Brewer FOR Ariza",null,null,null,null],["0041400235",482,1,5,4,"11:47 PM","9:27","Capela 2' Layup (6 PTS) (Harden 8 AST)",null,null,"78 - 94","16"],["0041400235",483,9,1,4,"11:47 PM","9:26",null,null,"Clippers Timeout: Regular (Reg.4 Short 1)",null,null],["0041400235",485,8,0,4,"11:49 PM","9:26",null,null,"SUB: Jordan FOR Griffin",null,null],["0041400235",486,6,1,4,"11:50 PM","9:11","Brewer P.FOUL (P2.T4) (S.Wright)",null,null,null,null],["0041400235",487,6,28,4,"11:51 PM","9:11","Capela Personal Take Foul (P2.PN) (M.McCutchen)",null,null,null,null],["0041400235",488,3,11,4,"11:51 PM","9:11",null,null,"Jordan Free Throw 1 of 2 (7 PTS)","79 - 94","15"],["0041400235",490,3,12,4,"11:51 PM","9:11",null,null,"Jordan Free Throw 2 of 2 (8 PTS)","80 - 94","14"],["0041400235",492,1,1,4,"11:52 PM","8:54","Smith 14' Jump Shot (6 PTS) (Harden 9 AST)",null,null,"80 - 96","16"],["0041400235",493,2,46,4,"11:52 PM","8:38",null,null,"MISS Rivers 10' Running Jump Shot",null,null],["0041400235",494,4,0,4,"11:52 PM","8:37","Terry REBOUND (Off:1 Def:2)",null,null,null,null],["0041400235",495,1,1,4,"11:52 PM","8:29","Smith 25' 3PT Jump Shot (9 PTS) (Terry 6 AST)",null,null,"80 - 99","19"],["0041400235",496,9,1,4,"11:52 PM","8:25",null,null,"Clippers Timeout: Regular (Reg.5 Short 1)",null,null],["0041400235",498,8,0,4,"11:55 PM","8:25",null,null,"SUB: Paul FOR Hawes",null,null],["0041400235",500,8,0,4,"11:55 PM","8:25",null,null,"SUB: Barnes FOR Rivers",null,null],["0041400235",501,6,28,4,"11:56 PM","8:20","Capela Personal Take Foul (P3.PN) (J.Capers)",null,null,null,null],["0041400235",502,3,11,4,"11:56 PM","8:20",null,null,"MISS Jordan Free Throw 1 of 2",null,null],["0041400235",503,4,1,4,"11:56 PM","8:20",null,null,"Clippers Rebound",null,null],["0041400235",504,3,12,4,"11:56 PM","8:20",null,null,"Jordan Free Throw 2 of 2 (9 PTS)","81 - 99","18"],["0041400235",506,1,80,4,"11:57 PM","8:07","Harden 15' Step Back Jump Shot (21 PTS)",null,null,"81 - 101","20"],["0041400235",507,1,8,4,"11:57 PM","7:46",null,null,"Jordan  Slam Dunk (11 PTS) (Paul 9 AST)","83 - 101","18"],["0041400235",508,2,1,4,"11:58 PM","7:25","MISS Harden 29' 3PT Jump Shot",null,null,null,null],["0041400235",509,4,0,4,"11:58 PM","7:24",null,null,"Jordan REBOUND (Off:3 Def:8)",null,null],["0041400235",510,1,1,4,"11:58 PM","7:12",null,null,"Barnes 25' 3PT Jump Shot (5 PTS) (Redick 3 AST)","86 - 101","15"],["0041400235",511,1,1,4,"11:58 PM","6:50","Terry  3PT Jump Shot (11 PTS) (Capela 2 AST)",null,null,"86 - 104","18"],["0041400235",512,2,79,4,"11:59 PM","6:32",null,null,"MISS Redick 25' 3PT Pullup Jump Shot",null,null],["0041400235",513,4,0,4,"11:59 PM","6:31","Smith REBOUND (Off:4 Def:3)",null,null,null,null],["0041400235",514,1,5,4,"11:59 PM","6:27","Capela 2' Layup (8 PTS) (Brewer 1 AST)",null,null,"86 - 106","20"],["0041400235",515,6,2,4,"11:59 PM","6:27",null,null,"Redick S.FOUL (P2.T2) (M.McCutchen)",null,null],["0041400235",516,8,0,4,"11:59 PM","6:27",null,null,"SUB: Griffin FOR Crawford",null,null],["0041400235",517,3,10,4,"11:59 PM","6:27","MISS Capela Free Throw 1 of 1",null,null,null,null],["0041400235",519,4,0,4,"11:59 PM","6:27",null,null,"Redick REBOUND (Off:0 Def:1)",null,null],["0041400235",520,6,28,4,"12:00 AM","6:12","Harden Personal Take Foul (P4.PN) (S.Wright)",null,null,null,null],["0041400235",521,3,11,4,"12:00 AM","6:12",null,null,"Jordan Free Throw 1 of 2 (12 PTS)","87 - 106","19"],["0041400235",523,8,0,4,"12:00 AM","6:12","SUB: Howard FOR Capela",null,null,null,null],["0041400235",524,3,12,4,"12:00 AM","6:12",null,null,"MISS Jordan Free Throw 2 of 2",null,null],["0041400235",526,4,0,4,"12:01 AM","6:12","Brewer REBOUND (Off:1 Def:1)",null,null,null,null],["0041400235",527,6,28,4,"12:01 AM","6:10",null,null,"Barnes Personal Take Foul (P3.T3) (J.Capers)",null,null],["0041400235",528,8,0,4,"12:01 AM","6:10",null,null,"SUB: Jones FOR Barnes",null,null],["0041400235",529,8,0,4,"12:01 AM","6:10","SUB: Jones FOR Smith",null,null,null,null],["0041400235",531,6,28,4,"12:01 AM","6:09",null,null,"Jones Personal Take Foul (P1.T4) (M.McCutchen)",null,null],["0041400235",532,18,0,4,"12:02 AM","6:09",null,null,null,null,null],["0041400235",533,6,28,4,"12:03 AM","6:09",null,null,"Jones Personal Take Foul (P2.PN) (M.McCutchen)",null,null],["0041400235",534,3,11,4,"12:03 AM","6:09","MISS Howard Free Throw 1 of 2",null,null,null,null],["0041400235",535,4,1,4,"12:03 AM","6:09","ROCKETS Rebound",null,null,null,null],["0041400235",536,8,0,4,"12:03 AM","6:09",null,null,"SUB: Barnes FOR Jones",null,null],["0041400235",537,3,12,4,"12:03 AM","6:09","MISS Howard Free Throw 2 of 2",null,null,null,null],["0041400235",539,4,0,4,"12:04 AM","6:09",null,null,"Griffin REBOUND (Off:6 Def:9)",null,null],["0041400235",540,6,1,4,"12:04 AM","6:01","Brewer P.FOUL (P3.PN) (S.Wright)",null,null,null,null],["0041400235",541,3,11,4,"12:04 AM","6:01",null,null,"MISS Griffin Free Throw 1 of 2",null,null],["0041400235",542,4,1,4,"12:04 AM","6:01",null,null,"Clippers Rebound",null,null],["0041400235",543,8,0,4,"12:04 AM","6:01","SUB: Ariza FOR Howard",null,null,null,null],["0041400235",544,3,12,4,"12:05 AM","6:01",null,null,"Griffin Free Throw 2 of 2 (26 PTS)","88 - 106","18"],["0041400235",547,2,1,4,"12:05 AM","5:40","MISS Jones 11' Jump Shot",null,null,null,null],["0041400235",548,4,0,4,"12:05 AM","5:39",null,null,"Griffin REBOUND (Off:6 Def:10)",null,null],["0041400235",549,6,28,4,"12:05 AM","5:34","Ariza Personal Take Foul (P1.PN) (S.Wright)",null,null,null,null],["0041400235",550,3,11,4,"12:06 AM","5:34",null,null,"MISS Jordan Free Throw 1 of 2",null,null],["0041400235",551,4,1,4,"12:06 AM","5:34",null,null,"Clippers Rebound",null,null],["0041400235",552,3,12,4,"12:06 AM","5:34",null,null,"Jordan Free Throw 2 of 2 (13 PTS)","89 - 106","17"],["0041400235",554,6,28,4,"12:06 AM","5:34",null,null,"Paul Personal Take Foul (P2.PN) (S.Wright)",null,null],["0041400235",555,3,11,4,"12:07 AM","5:34","MISS Brewer Free Throw 1 of 2",null,null,null,null],["0041400235",556,4,1,4,"12:07 AM","5:34","ROCKETS Rebound",null,null,null,null],["0041400235",557,8,0,4,"12:07 AM","5:34",null,null,"SUB: Crawford FOR Jordan",null,null],["0041400235",558,3,12,4,"12:07 AM","5:34","Brewer Free Throw 2 of 2 (7 PTS)",null,null,"89 - 107","18"],["0041400235",560,1,5,4,"12:07 AM","5:24",null,null,"Griffin 3' Layup (28 PTS) (Paul 10 AST)","91 - 107","16"],["0041400235",561,6,1,4,"12:07 AM","5:22",null,null,"Paul P.FOUL (P3.PN) (J.Capers)",null,null],["0041400235",562,3,11,4,"12:08 AM","5:22","Brewer Free Throw 1 of 2 (8 PTS)",null,null,"91 - 108","17"],["0041400235",564,3,12,4,"12:08 AM","5:22","Brewer Free Throw 2 of 2 (9 PTS)",null,null,"91 - 109","18"],["0041400235",566,1,5,4,"12:08 AM","5:05",null,null,"Griffin 2' Layup (30 PTS)","93 - 109","16"],["0041400235",567,1,5,4,"12:09 AM","4:51","Brewer 2' Layup (11 PTS) (Terry 7 AST)",null,null,"93 - 111","18"],["0041400235",568,1,42,4,"12:09 AM","4:37",null,null,"Paul 3' Driving Layup (19 PTS)","95 - 111","16"],["0041400235",569,1,75,4,"12:09 AM","4:29","Brewer 2' Driving Finger Roll Layup (13 PTS) (Ariza 2 AST)",null,null,"95 - 113","18"],["0041400235",570,1,79,4,"12:09 AM","4:14",null,null,"Paul 26' 3PT Pullup Jump Shot (22 PTS)","98 - 113","15"],["0041400235",572,1,46,4,"12:10 AM","3:53","Harden 7' Running Jump Shot (23 PTS)",null,null,"98 - 115","17"],["0041400235",573,9,1,4,"12:10 AM","3:43",null,null,"Clippers Timeout: Regular (Reg.6 Short 1)",null,null],["0041400235",575,8,0,4,"12:12 AM","3:43",null,null,"SUB: Hudson FOR Barnes",null,null],["0041400235",576,8,0,4,"12:12 AM","3:43",null,null,"SUB: Rivers FOR Griffin",null,null],["0041400235",577,8,0,4,"12:12 AM","3:43",null,null,"SUB: Hawes FOR Redick",null,null],["0041400235",578,8,0,4,"12:12 AM","3:43",null,null,"SUB: Turkoglu FOR Paul",null,null],["0041400235",580,2,42,4,"12:13 AM","3:32",null,null,"MISS Rivers 2' Driving Layup",null,null],["0041400235",581,4,0,4,"12:13 AM","3:31","Jones REBOUND (Off:1 Def:4)",null,null,null,null],["0041400235",582,2,80,4,"12:14 AM","3:09","MISS Harden 25' 3PT Step Back Jump Shot",null,null,null,null],["0041400235",583,4,0,4,"12:14 AM","3:08",null,null,"Hawes REBOUND (Off:2 Def:3)",null,null],["0041400235",584,2,1,4,"12:14 AM","2:59",null,null,"MISS Hudson 24' 3PT Jump Shot",null,null],["0041400235",585,4,0,4,"12:14 AM","2:58","Terry REBOUND (Off:1 Def:3)",null,null,null,null],["0041400235",586,1,1,4,"12:14 AM","2:50","Ariza 28' 3PT Jump Shot (22 PTS) (Harden 10 AST)",null,null,"98 - 118","20"],["0041400235",587,1,42,4,"12:14 AM","2:37",null,null,"Rivers 3' Driving Layup (5 PTS)","100 - 118","18"],["0041400235",588,2,1,4,"12:15 AM","2:11","MISS Terry  3PT Jump Shot",null,null,null,null],["0041400235",589,4,0,4,"12:15 AM","2:10","Harden REBOUND (Off:2 Def:8)",null,null,null,null],["0041400235",591,1,1,4,"12:15 AM","2:02","Harden  3PT Jump Shot (26 PTS) (Ariza 3 AST)",null,null,"100 - 121","21"],["0041400235",592,2,79,4,"12:15 AM","1:48",null,null,"MISS Crawford 25' 3PT Pullup Jump Shot",null,null],["0041400235",593,4,0,4,"12:15 AM","1:47","Harden REBOUND (Off:2 Def:9)",null,null,null,null],["0041400235",594,9,1,4,"12:15 AM","1:45","ROCKETS Timeout: Regular (Full 4 Short 2)",null,null,null,null],["0041400235",597,8,0,4,"12:17 AM","1:45",null,null,"SUB: Jones FOR Turkoglu",null,null],["0041400235",598,8,0,4,"12:17 AM","1:45","SUB: Johnson FOR Ariza",null,null,null,null],["0041400235",599,8,0,4,"12:17 AM","1:45","SUB: Capela FOR Harden",null,null,null,null],["0041400235",600,8,0,4,"12:17 AM","1:45","SUB: Papanikolaou FOR Terry",null,null,null,null],["0041400235",601,8,0,4,"12:17 AM","1:45","SUB: Dorsey FOR Jones",null,null,null,null],["0041400235",602,8,0,4,"12:17 AM","1:45",null,null,"SUB: Turkoglu FOR Crawford",null,null],["0041400235",603,6,2,4,"12:17 AM","1:24",null,null,"Jones S.FOUL (P3.PN) (S.Wright)",null,null],["0041400235",604,3,11,4,"12:18 AM","1:24","Brewer Free Throw 1 of 2 (14 PTS)",null,null,"100 - 122","22"],["0041400235",606,3,12,4,"12:18 AM","1:24","Brewer Free Throw 2 of 2 (15 PTS)",null,null,"100 - 123","23"],["0041400235",608,2,1,4,"12:18 AM","1:13",null,null,"MISS Turkoglu 26' 3PT Jump Shot",null,null],["0041400235",609,4,0,4,"12:18 AM","1:12","Papanikolaou REBOUND (Off:0 Def:1)",null,null,null,null],["0041400235",610,2,1,4,"12:19 AM","0:49","MISS Papanikolaou 25' 3PT Jump Shot",null,null,null,null],["0041400235",611,4,0,4,"12:19 AM","0:48",null,null,"Turkoglu REBOUND (Off:0 Def:1)",null,null],["0041400235",612,1,1,4,"12:19 AM","0:39",null,null,"Rivers 27' 3PT Jump Shot (8 PTS) (Turkoglu 1 AST)","103 - 123","20"],["0041400235",613,6,1,4,"12:19 AM","0:36",null,null,"Rivers P.FOUL (P1.PN) (S.Wright)",null,null],["0041400235",614,3,11,4,"12:19 AM","0:36","MISS Papanikolaou Free Throw 1 of 2",null,null,null,null],["0041400235",615,4,1,4,"12:19 AM","0:36","ROCKETS Rebound",null,null,null,null],["0041400235",616,3,12,4,"12:19 AM","0:36","Papanikolaou Free Throw 2 of 2 (1 PTS)",null,null,"103 - 124","21"],["0041400235",618,2,1,4,"12:20 AM","0:21",null,null,"MISS Rivers 27' 3PT Jump Shot",null,null],["0041400235",619,4,0,4,"12:20 AM","0:21","Capela REBOUND (Off:1 Def:1)",null,null,null,null],["0041400235",621,13,0,4,"12:20 AM","0:00",null,null,null,"103 - 124","21"]]},{"name":"AvailableVideo","headers":["VIDEO_AVAILABLE_FLAG"],"rowSet":[[1]]}]}