{"resource":"playbyplay","parameters":{"GameID":"0041400114","StartPeriod":0,"EndPeriod":14},"resultSets":[{"name":"PlayByPlay","headers":["GAME_ID","EVENTNUM","EVENTMSGTYPE","EVENTMSGACTIONTYPE","PERIOD","WCTIMESTRING","PCTIMESTRING","HOMEDESCRIPTION","NEUTRALDESCRIPTION","VISITORDESCRIPTION","SCORE","SCOREMARGIN"],"rowSet":[["0041400114",0,12,0,1,"1:03 PM","12:00",null,null,null,null,null],["0041400114",1,10,0,1,"1:03 PM","12:00","Jump Ball Bass vs. Mozgov: Tip to Irving",null,null,null,null],["0041400114",2,1,1,1,"1:03 PM","11:48",null,null,"Love 18' Jump Shot (2 PTS) (James 1 AST)","2 - 0","-2"],["0041400114",3,1,1,1,"1:04 PM","11:30","Bradley 19' Jump Shot (2 PTS) (Turner 1 AST)",null,null,"2 - 2","TIE"],["0041400114",4,2,86,1,"1:04 PM","11:06",null,null,"MISS Love  3PT Turnaround Fadeaway Shot",null,null],["0041400114",5,4,0,1,"1:04 PM","11:04",null,null,"Irving REBOUND (Off:1 Def:0)",null,null],["0041400114",6,1,1,1,"1:04 PM","11:01",null,null,"Smith 27' 3PT Jump Shot (3 PTS) (Irving 1 AST)","5 - 2","-3"],["0041400114",7,1,1,1,"1:05 PM","10:46","Zeller 18' Jump Shot (2 PTS) (Bass 1 AST)",null,null,"5 - 4","-1"],["0041400114",8,2,5,1,"1:05 PM","10:26",null,null,"MISS James 2' Layup",null,null],["0041400114",10,4,0,1,"1:05 PM","10:25",null,null,"Mozgov REBOUND (Off:1 Def:0)",null,null],["0041400114",9,1,72,1,"1:05 PM","10:25",null,null,"Mozgov 2' Putback Layup (2 PTS)","7 - 4","-3"],["0041400114",11,9,1,1,"1:05 PM","10:22","CELTICS Timeout: Regular (Full 1 Short 0)",null,null,null,null],["0041400114",14,1,42,1,"1:08 PM","10:04","Bradley 2' Driving Layup (4 PTS) (Turner 2 AST)",null,null,"7 - 6","-1"],["0041400114",15,2,1,1,"1:09 PM","9:44",null,null,"MISS Irving 9' Jump Shot",null,null],["0041400114",16,4,0,1,"1:09 PM","9:43","Turner REBOUND (Off:0 Def:1)",null,null,null,null],["0041400114",17,2,5,1,"1:09 PM","9:34","MISS Turner  Layup",null,"Mozgov BLOCK (1 BLK)",null,null],["0041400114",18,4,0,1,"1:09 PM","9:33","CELTICS Rebound",null,null,null,null],["0041400114",19,1,58,1,"1:09 PM","9:27","Zeller 4' Turnaround Hook Shot (4 PTS)",null,null,"7 - 8","1"],["0041400114",20,1,8,1,"1:10 PM","9:06",null,null,"Mozgov  Slam Dunk (4 PTS) (James 2 AST)","9 - 8","-1"],["0041400114",21,2,1,1,"1:10 PM","8:48","MISS Turner 15' Jump Shot",null,null,null,null],["0041400114",22,4,0,1,"1:10 PM","8:47",null,null,"Love REBOUND (Off:0 Def:1)",null,null],["0041400114",23,6,1,1,"1:10 PM","8:35","Turner P.FOUL (P1.T1) (T.Brothers)",null,null,null,null],["0041400114",24,1,5,1,"1:11 PM","8:19",null,null,"Mozgov 2' Layup (6 PTS) (Love 1 AST)","11 - 8","-3"],["0041400114",25,2,1,1,"1:11 PM","8:06","MISS Bradley 19' Jump Shot",null,null,null,null],["0041400114",26,4,0,1,"1:11 PM","8:05",null,null,"Mozgov REBOUND (Off:1 Def:1)",null,null],["0041400114",27,1,1,1,"1:11 PM","7:57",null,null,"Smith 24' 3PT Jump Shot (6 PTS) (James 3 AST)","14 - 8","-6"],["0041400114",28,2,1,1,"1:11 PM","7:45","MISS Turner 16' Jump Shot",null,null,null,null],["0041400114",29,4,0,1,"1:11 PM","7:44",null,null,"Mozgov REBOUND (Off:1 Def:2)",null,null],["0041400114",30,6,29,1,"1:11 PM","7:38","Crowder Shooting Block Foul (P1.T2) (L.Richardson)",null,null,null,null],["0041400114",31,3,11,1,"1:12 PM","7:38",null,null,"James Free Throw 1 of 2 (1 PTS)","15 - 8","-7"],["0041400114",33,8,0,1,"1:12 PM","7:38","SUB: Thomas FOR Turner",null,null,null,null],["0041400114",34,3,12,1,"1:12 PM","7:38",null,null,"James Free Throw 2 of 2 (2 PTS)","16 - 8","-8"],["0041400114",36,2,1,1,"1:12 PM","7:21","MISS Thomas 23' Jump Shot",null,null,null,null],["0041400114",37,4,0,1,"1:12 PM","7:20",null,null,"James REBOUND (Off:0 Def:1)",null,null],["0041400114",38,2,1,1,"1:12 PM","7:13",null,null,"MISS Smith 28' 3PT Jump Shot",null,null],["0041400114",39,4,0,1,"1:13 PM","7:12","Zeller REBOUND (Off:0 Def:1)",null,null,null,null],["0041400114",40,5,2,1,"1:13 PM","7:04","Thomas Lost Ball Turnover (P1.T1)",null,"Irving STEAL (1 STL)",null,null],["0041400114",41,1,44,1,"1:13 PM","6:59",null,null,"Irving 1' Reverse Layup (2 PTS) (James 4 AST)","18 - 8","-10"],["0041400114",42,1,78,1,"1:13 PM","6:44","Zeller 3' Floating Jump Shot (6 PTS) (Thomas 1 AST)",null,null,"18 - 10","-8"],["0041400114",43,2,1,1,"1:13 PM","6:31",null,null,"MISS Love  3PT Jump Shot",null,null],["0041400114",44,4,0,1,"1:13 PM","6:30","Thomas REBOUND (Off:0 Def:1)",null,null,null,null],["0041400114",45,6,26,1,"1:13 PM","6:26","Bass Offensive Charge Foul (P1.T3) (L.Richardson)",null,null,null,null],["0041400114",46,5,5,1,"1:13 PM","6:26","Bass Foul Turnover (P1.T2)",null,null,null,null],["0041400114",47,8,0,1,"1:14 PM","6:26","SUB: Olynyk FOR Bass",null,null,null,null],["0041400114",48,6,2,1,"1:14 PM","6:14","Thomas S.FOUL (P1.T4) (T.Brothers)",null,null,null,null],["0041400114",49,3,11,1,"1:14 PM","6:14",null,null,"Mozgov Free Throw 1 of 2 (7 PTS)","19 - 10","-9"],["0041400114",51,3,12,1,"1:15 PM","6:14",null,null,"MISS Mozgov Free Throw 2 of 2",null,null],["0041400114",53,4,0,1,"1:15 PM","6:14","Zeller REBOUND (Off:0 Def:2)",null,null,null,null],["0041400114",54,2,1,1,"1:15 PM","6:01","MISS Thomas 24' 3PT Jump Shot",null,null,null,null],["0041400114",55,4,0,1,"1:15 PM","6:00",null,null,"James REBOUND (Off:0 Def:2)",null,null],["0041400114",56,2,1,1,"1:15 PM","5:41",null,null,"MISS James  3PT Jump Shot",null,null],["0041400114",57,4,0,1,"1:15 PM","5:40","Zeller REBOUND (Off:0 Def:3)",null,null,null,null],["0041400114",58,2,1,1,"1:16 PM","5:23","MISS Crowder 25' 3PT Jump Shot",null,null,null,null],["0041400114",59,4,0,1,"1:16 PM","5:22",null,null,"Cavaliers Rebound",null,null],["0041400114",60,6,3,1,"1:16 PM","5:22","Olynyk L.B.FOUL (P1.PN) (J.Goble)",null,null,null,null],["0041400114",61,9,1,1,"1:16 PM","5:22",null,null,"Cavaliers Timeout: Regular (Reg.1 Short 0)",null,null],["0041400114",64,18,1,1,"1:17 PM","5:22",null,null,null,null,null],["0041400114",66,8,0,1,"1:19 PM","5:22",null,null,"SUB: Jones FOR Love",null,null],["0041400114",67,8,0,1,"1:19 PM","5:22",null,null,"SUB: Thompson FOR Mozgov",null,null],["0041400114",68,8,0,1,"1:19 PM","5:22","SUB: Jerebko FOR Crowder",null,null,null,null],["0041400114",69,2,1,1,"1:20 PM","5:06",null,null,"MISS James 18' Jump Shot",null,null],["0041400114",70,4,0,1,"1:20 PM","5:05","Bradley REBOUND (Off:0 Def:1)",null,null,null,null],["0041400114",71,1,5,1,"1:20 PM","4:52","Zeller 1' Layup (8 PTS) (Thomas 2 AST)",null,null,"19 - 12","-7"],["0041400114",72,2,79,1,"1:20 PM","4:34",null,null,"MISS Irving 14' Pullup Jump Shot",null,null],["0041400114",73,4,0,1,"1:20 PM","4:32",null,null,"Irving REBOUND (Off:2 Def:0)",null,null],["0041400114",74,1,5,1,"1:20 PM","4:26",null,null,"James 2' Layup (4 PTS) (Irving 2 AST)","21 - 12","-9"],["0041400114",76,1,1,1,"1:21 PM","4:01","Bradley 22' Jump Shot (6 PTS) (Thomas 3 AST)",null,null,"21 - 14","-7"],["0041400114",77,6,2,1,"1:21 PM","3:44","Bradley S.FOUL (P1.PN) (T.Brothers)",null,null,null,null],["0041400114",78,3,11,1,"1:22 PM","3:44",null,null,"MISS Irving Free Throw 1 of 2",null,null],["0041400114",79,4,1,1,"1:22 PM","3:44",null,null,"Cavaliers Rebound",null,null],["0041400114",80,8,0,1,"1:22 PM","3:44","SUB: Sullinger FOR Zeller",null,null,null,null],["0041400114",81,3,12,1,"1:22 PM","3:44",null,null,"Irving Free Throw 2 of 2 (3 PTS)","22 - 14","-8"],["0041400114",83,6,29,1,"1:22 PM","3:33",null,null,"Thompson Shooting Block Foul (P1.T1) (T.Brothers)",null,null],["0041400114",84,3,11,1,"1:23 PM","3:33","Olynyk Free Throw 1 of 2 (1 PTS)",null,null,"22 - 15","-7"],["0041400114",86,3,12,1,"1:23 PM","3:33","MISS Olynyk Free Throw 2 of 2",null,null,null,null],["0041400114",88,4,0,1,"1:23 PM","3:32",null,null,"Jones REBOUND (Off:0 Def:1)",null,null],["0041400114",89,2,1,1,"1:23 PM","3:15",null,null,"MISS Jones 25' 3PT Jump Shot",null,null],["0041400114",90,4,0,1,"1:23 PM","3:14","Sullinger REBOUND (Off:0 Def:1)",null,null,null,null],["0041400114",91,6,1,1,"1:23 PM","3:08",null,null,"Smith P.FOUL (P1.T2) (L.Richardson)",null,null],["0041400114",92,8,0,1,"1:24 PM","3:08",null,null,"SUB: Shumpert FOR Smith",null,null],["0041400114",93,5,1,1,"1:24 PM","3:01","Thomas Bad Pass Turnover (P2.T3)",null,null,null,null],["0041400114",94,2,1,1,"1:24 PM","2:49",null,null,"MISS Shumpert  3PT Jump Shot",null,null],["0041400114",95,4,0,1,"1:24 PM","2:48","CELTICS Rebound",null,null,null,null],["0041400114",96,6,1,1,"1:24 PM","2:48",null,null,"Thompson P.FOUL (P2.T3) (T.Brothers)",null,null],["0041400114",97,8,0,1,"1:25 PM","2:48",null,null,"SUB: Mozgov FOR Thompson",null,null],["0041400114",98,2,1,1,"1:25 PM","2:37","MISS Sullinger 25' 3PT Jump Shot",null,null,null,null],["0041400114",99,4,0,1,"1:25 PM","2:36",null,null,"Mozgov REBOUND (Off:1 Def:3)",null,null],["0041400114",100,1,1,1,"1:25 PM","2:13",null,null,"Shumpert 9' Jump Shot (2 PTS) (James 5 AST)","24 - 15","-9"],["0041400114",101,1,77,1,"1:26 PM","1:55","Sullinger 2' Driving Jump Shot (2 PTS)",null,null,"24 - 17","-7"],["0041400114",102,6,2,1,"1:26 PM","1:38","Olynyk S.FOUL (P2.PN) (T.Brothers)",null,null,null,null],["0041400114",103,3,11,1,"1:26 PM","1:38",null,null,"Jones Free Throw 1 of 2 (1 PTS)","25 - 17","-8"],["0041400114",105,8,0,1,"1:26 PM","1:38",null,null,"SUB: Dellavedova FOR James",null,null],["0041400114",106,3,12,1,"1:27 PM","1:38",null,null,"Jones Free Throw 2 of 2 (2 PTS)","26 - 17","-9"],["0041400114",108,2,3,1,"1:27 PM","1:21","MISS Sullinger 3' Hook Shot",null,null,null,null],["0041400114",109,4,0,1,"1:27 PM","1:20","Olynyk REBOUND (Off:1 Def:0)",null,null,null,null],["0041400114",111,2,40,1,"1:27 PM","1:15","MISS Sullinger 3' Layup",null,"Mozgov BLOCK (2 BLK)",null,null],["0041400114",112,4,0,1,"1:27 PM","1:14","Sullinger REBOUND (Off:1 Def:1)",null,null,null,null],["0041400114",110,1,5,1,"1:27 PM","1:13","Sullinger 1' Layup (4 PTS)",null,null,"26 - 19","-7"],["0041400114",113,2,42,1,"1:28 PM","0:51",null,null,"MISS Irving 3' Driving Layup",null,null],["0041400114",114,4,0,1,"1:28 PM","0:50",null,null,"Cavaliers Rebound",null,null],["0041400114",115,8,0,1,"1:28 PM","0:50","SUB: Wallace FOR Bradley",null,null,null,null],["0041400114",116,2,5,1,"1:28 PM","0:39",null,null,"MISS Irving 2' Layup",null,null],["0041400114",117,4,0,1,"1:28 PM","0:38","Sullinger REBOUND (Off:1 Def:2)",null,null,null,null],["0041400114",118,6,1,1,"1:28 PM","0:36",null,null,"Shumpert P.FOUL (P1.T4) (L.Richardson)",null,null],["0041400114",120,2,1,1,"1:29 PM","0:29","MISS Thomas 26' 3PT Jump Shot",null,null,null,null],["0041400114",121,4,0,1,"1:29 PM","0:27",null,null,"Irving REBOUND (Off:2 Def:1)",null,null],["0041400114",122,1,1,1,"1:29 PM","0:11",null,null,"Irving 25' 3PT Jump Shot (6 PTS)","29 - 19","-10"],["0041400114",123,2,1,1,"1:29 PM","0:00","MISS Thomas 16' Jump Shot",null,null,null,null],["0041400114",124,4,0,1,"1:29 PM","0:00",null,null,"Irving REBOUND (Off:2 Def:2)",null,null],["0041400114",127,18,0,1,"1:30 PM","0:00",null,null,null,null,null],["0041400114",128,13,0,1,"1:30 PM","0:00",null,null,null,"29 - 19","-10"],["0041400114",130,12,0,2,"1:33 PM","12:00",null,null,null,"29 - 19","-10"],["0041400114",131,1,1,2,"1:33 PM","11:46","Sullinger 18' Jump Shot (6 PTS) (Thomas 4 AST)",null,null,"29 - 21","-8"],["0041400114",132,2,56,2,"1:34 PM","11:21",null,null,"MISS James 3' Running Hook Shot",null,null],["0041400114",133,4,0,2,"1:34 PM","11:20","Wallace REBOUND (Off:0 Def:1)",null,null,null,null],["0041400114",134,1,75,2,"1:34 PM","11:17","Smart 2' Driving Finger Roll Layup (2 PTS) (Thomas 5 AST)",null,null,"29 - 23","-6"],["0041400114",135,6,2,2,"1:34 PM","11:17",null,null,"Dellavedova S.FOUL (P1.T1) (T.Brothers)",null,null],["0041400114",136,3,10,2,"1:34 PM","11:17","MISS Smart Free Throw 1 of 1",null,null,null,null],["0041400114",138,4,0,2,"1:34 PM","11:15",null,null,"James REBOUND (Off:0 Def:3)",null,null],["0041400114",139,2,41,2,"1:34 PM","11:04",null,null,"MISS Dellavedova 3' Running Layup",null,null],["0041400114",140,4,0,2,"1:34 PM","11:03","CELTICS Rebound",null,null,null,null],["0041400114",141,6,1,2,"1:34 PM","11:03",null,null,"Mozgov P.FOUL (P1.T2) (L.Richardson)",null,null],["0041400114",142,2,1,2,"1:35 PM","10:52","MISS Sullinger 25' 3PT Jump Shot",null,null,null,null],["0041400114",143,4,0,2,"1:35 PM","10:51","CELTICS Rebound",null,null,null,null],["0041400114",144,6,3,2,"1:35 PM","10:51",null,null,"Jones L.B.FOUL (P1.T3) (L.Richardson)",null,null],["0041400114",145,2,5,2,"1:35 PM","10:40","MISS Wallace 2' Layup",null,"Shumpert BLOCK (1 BLK)",null,null],["0041400114",146,4,0,2,"1:35 PM","10:38",null,null,"Dellavedova REBOUND (Off:0 Def:1)",null,null],["0041400114",147,1,5,2,"1:36 PM","10:31",null,null,"Mozgov 2' Layup (9 PTS) (Dellavedova 1 AST)","31 - 23","-8"],["0041400114",148,6,2,2,"1:36 PM","10:31","Smart S.FOUL (P1.T1) (L.Richardson)",null,null,null,null],["0041400114",149,8,0,2,"1:36 PM","10:31","SUB: Turner FOR Thomas",null,null,null,null],["0041400114",150,8,0,2,"1:36 PM","10:31","SUB: Zeller FOR Sullinger",null,null,null,null],["0041400114",151,3,10,2,"1:36 PM","10:31",null,null,"Mozgov Free Throw 1 of 1 (10 PTS)","32 - 23","-9"],["0041400114",153,2,1,2,"1:36 PM","10:19","MISS Smart 14' Jump Shot",null,null,null,null],["0041400114",154,4,0,2,"1:36 PM","10:18",null,null,"James REBOUND (Off:0 Def:4)",null,null],["0041400114",155,2,1,2,"1:37 PM","10:04",null,null,"MISS Dellavedova 25' 3PT Jump Shot",null,null],["0041400114",156,4,0,2,"1:37 PM","10:02","Zeller REBOUND (Off:0 Def:4)",null,null,null,null],["0041400114",157,5,40,2,"1:37 PM","9:59","Zeller Out of Bounds Lost Ball Turnover (P1.T4)",null,null,null,null],["0041400114",158,1,1,2,"1:37 PM","9:48",null,null,"James 25' 3PT Jump Shot (7 PTS)","35 - 23","-12"],["0041400114",159,2,71,2,"1:38 PM","9:26","MISS Turner 2' Finger Roll Layup",null,"Mozgov BLOCK (3 BLK)",null,null],["0041400114",160,4,0,2,"1:38 PM","9:24",null,null,"James REBOUND (Off:0 Def:5)",null,null],["0041400114",161,6,1,2,"1:38 PM","9:09","Jerebko P.FOUL (P1.T2) (J.Goble)",null,null,null,null],["0041400114",162,8,0,2,"1:38 PM","9:09","SUB: Crowder FOR Wallace",null,null,null,null],["0041400114",163,8,0,2,"1:38 PM","9:09","SUB: Bass FOR Jerebko",null,null,null,null],["0041400114",164,2,1,2,"1:39 PM","8:59",null,null,"MISS James 24' 3PT Jump Shot",null,null],["0041400114",165,4,0,2,"1:39 PM","8:57",null,null,"Shumpert REBOUND (Off:1 Def:0)",null,null],["0041400114",166,6,4,2,"1:39 PM","8:42",null,null,"James OFF.Foul (P1) (L.Richardson)",null,null],["0041400114",167,5,5,2,"1:39 PM","8:42",null,null,"James Foul Turnover (P1.T1)",null,null],["0041400114",168,9,4,2,"1:39 PM","8:42",null,null,null,null,null],["0041400114",170,8,0,2,"1:42 PM","8:42",null,null,"SUB: Irving FOR Dellavedova",null,null],["0041400114",171,8,0,2,"1:43 PM","8:42",null,null,"SUB: Smith FOR Jones",null,null],["0041400114",173,5,1,2,"1:43 PM","8:21","Turner Bad Pass Turnover (P1.T5)",null,"Smith STEAL (1 STL)",null,null],["0041400114",174,6,1,2,"1:43 PM","8:16","Smart P.FOUL (P2.T3) (J.Goble)",null,null,null,null],["0041400114",175,1,75,2,"1:44 PM","8:06",null,null,"James 1' Driving Finger Roll Layup (9 PTS) (Irving 3 AST)","37 - 23","-14"],["0041400114",176,2,1,2,"1:44 PM","7:50","MISS Zeller 17' Jump Shot",null,null,null,null],["0041400114",177,4,0,2,"1:44 PM","7:49",null,null,"Shumpert REBOUND (Off:1 Def:1)",null,null],["0041400114",178,1,80,2,"1:44 PM","7:41",null,null,"Smith 19' Step Back Jump Shot (8 PTS)","39 - 23","-16"],["0041400114",179,5,1,2,"1:45 PM","7:23","Bass Bad Pass Turnover (P2.T6)",null,null,null,null],["0041400114",180,8,0,2,"1:45 PM","7:23","SUB: Bradley FOR Smart",null,null,null,null],["0041400114",181,8,0,2,"1:45 PM","7:23","SUB: Thomas FOR Turner",null,null,null,null],["0041400114",182,2,47,2,"1:45 PM","7:02",null,null,"MISS Mozgov 4' Turnaround Jump Shot",null,null],["0041400114",183,4,0,2,"1:45 PM","7:01","Bradley REBOUND (Off:0 Def:2)",null,null,null,null],["0041400114",184,2,1,2,"1:45 PM","6:47","MISS Bradley 19' Jump Shot",null,null,null,null],["0041400114",185,4,0,2,"1:46 PM","6:45",null,null,"Shumpert REBOUND (Off:1 Def:2)",null,null],["0041400114",186,1,78,2,"1:46 PM","6:36",null,null,"Irving 3' Floating Jump Shot (8 PTS)","41 - 23","-18"],["0041400114",187,9,1,2,"1:46 PM","6:36","CELTICS Timeout: Regular (Full 2 Short 0)",null,null,null,null],["0041400114",189,8,0,2,"1:49 PM","6:36","SUB: Sullinger FOR Zeller",null,null,null,null],["0041400114",190,1,1,2,"1:49 PM","6:21","Sullinger 5' Jump Shot (8 PTS) (Bass 2 AST)",null,null,"41 - 25","-16"],["0041400114",191,2,46,2,"1:50 PM","6:01",null,null,"MISS James 5' Running Jump Shot",null,null],["0041400114",192,4,0,2,"1:50 PM","6:00","Sullinger REBOUND (Off:1 Def:3)",null,null,null,null],["0041400114",193,5,1,2,"1:50 PM","5:57","Sullinger Bad Pass Turnover (P1.T7)",null,"Smith STEAL (2 STL)",null,null],["0041400114",194,2,1,2,"1:50 PM","5:50",null,null,"MISS James  3PT Jump Shot",null,null],["0041400114",195,4,0,2,"1:50 PM","5:49","Bradley REBOUND (Off:0 Def:3)",null,null,null,null],["0041400114",196,1,84,2,"1:50 PM","5:34","Crowder 3' Running Bank Shot (2 PTS)",null,null,"41 - 27","-14"],["0041400114",197,6,2,2,"1:50 PM","5:34",null,null,"Mozgov S.FOUL (P2.T4) (T.Brothers)",null,null],["0041400114",198,8,0,2,"1:50 PM","5:34",null,null,"SUB: Thompson FOR Mozgov",null,null],["0041400114",199,3,10,2,"1:51 PM","5:34","Crowder Free Throw 1 of 1 (3 PTS)",null,null,"41 - 28","-13"],["0041400114",202,2,1,2,"1:51 PM","5:16",null,null,"MISS Smith  3PT Jump Shot",null,null],["0041400114",203,4,0,2,"1:51 PM","5:15","Thomas REBOUND (Off:0 Def:2)",null,null,null,null],["0041400114",204,1,5,2,"1:51 PM","5:03","Sullinger 1' Layup (10 PTS) (Crowder 1 AST)",null,null,"41 - 30","-11"],["0041400114",205,9,1,2,"1:51 PM","4:55",null,null,"Cavaliers Timeout: Regular (Reg.2 Short 0)",null,null],["0041400114",207,2,1,2,"1:55 PM","4:51",null,null,"MISS Smith 25' 3PT Jump Shot",null,null],["0041400114",208,4,0,2,"1:55 PM","4:49",null,null,"Thompson REBOUND (Off:1 Def:0)",null,null],["0041400114",209,1,87,2,"1:55 PM","4:48",null,null,"Thompson  Putback Dunk (2 PTS)","43 - 30","-13"],["0041400114",210,2,1,2,"1:55 PM","4:31","MISS Thomas 25' 3PT Jump Shot",null,null,null,null],["0041400114",211,4,0,2,"1:55 PM","4:30",null,null,"Thompson REBOUND (Off:1 Def:1)",null,null],["0041400114",212,8,0,2,"1:56 PM","4:21","SUB: Smart FOR Bass",null,null,null,null],["0041400114",213,10,0,2,"1:56 PM","4:21","Jump Ball Crowder vs. James: Tip to Shumpert",null,null,null,null],["0041400114",214,2,1,2,"1:56 PM","4:09",null,null,"MISS Smith 25' 3PT Jump Shot",null,null],["0041400114",215,4,0,2,"1:56 PM","4:06",null,null,"Irving REBOUND (Off:3 Def:2)",null,null],["0041400114",218,2,1,2,"1:57 PM","3:52",null,null,"MISS James 26' 3PT Jump Shot",null,null],["0041400114",219,4,0,2,"1:57 PM","3:51","CELTICS Rebound",null,null,null,null],["0041400114",220,6,3,2,"1:57 PM","3:51",null,null,"Smith L.B.FOUL (P2.PN) (T.Brothers)",null,null],["0041400114",221,3,11,2,"1:57 PM","3:51","Crowder Free Throw 1 of 2 (4 PTS)",null,null,"43 - 31","-12"],["0041400114",223,3,12,2,"1:57 PM","3:51","Crowder Free Throw 2 of 2 (5 PTS)",null,null,"43 - 32","-11"],["0041400114",225,6,2,2,"1:58 PM","3:32","Sullinger S.FOUL (P1.T4) (J.Goble)",null,null,null,null],["0041400114",226,3,11,2,"1:58 PM","3:32",null,null,"MISS James Free Throw 1 of 2",null,null],["0041400114",227,4,1,2,"1:58 PM","3:32",null,null,"Cavaliers Rebound",null,null],["0041400114",228,8,0,2,"1:58 PM","3:32",null,null,"SUB: Dellavedova FOR Smith",null,null],["0041400114",229,3,12,2,"1:59 PM","3:32",null,null,"James Free Throw 2 of 2 (10 PTS)","44 - 32","-12"],["0041400114",231,2,42,2,"1:59 PM","3:21","MISS Thomas 3' Driving Layup",null,"Irving BLOCK (1 BLK)",null,null],["0041400114",232,4,0,2,"1:59 PM","3:20",null,null,"Irving REBOUND (Off:3 Def:3)",null,null],["0041400114",233,1,86,2,"1:59 PM","3:08",null,null,"Irving 9' Turnaround Fadeaway (10 PTS)","46 - 32","-14"],["0041400114",234,5,1,2,"1:59 PM","3:00","Smart Bad Pass Turnover (P1.T8)",null,"Shumpert STEAL (1 STL)",null,null],["0041400114",235,6,2,2,"1:59 PM","2:57","Bradley S.FOUL (P2.PN) (T.Brothers)",null,null,null,null],["0041400114",236,3,11,2,"2:00 PM","2:57",null,null,"Shumpert Free Throw 1 of 2 (3 PTS)","47 - 32","-15"],["0041400114",238,3,12,2,"2:00 PM","2:57",null,null,"Shumpert Free Throw 2 of 2 (4 PTS)","48 - 32","-16"],["0041400114",240,2,47,2,"2:00 PM","2:42","MISS Sullinger 7' Turnaround Jump Shot",null,null,null,null],["0041400114",241,4,0,2,"2:00 PM","2:40",null,null,"Shumpert REBOUND (Off:1 Def:3)",null,null],["0041400114",242,1,1,2,"2:01 PM","2:30",null,null,"Dellavedova  3PT Jump Shot (3 PTS) (James 6 AST)","51 - 32","-19"],["0041400114",243,9,2,2,"2:01 PM","2:22","CELTICS Timeout: Short (Full 2 Short 1)",null,null,null,null],["0041400114",245,8,0,2,"2:02 PM","2:22","SUB: Datome FOR Smart",null,null,null,null],["0041400114",248,8,0,2,"2:02 PM","2:22",null,null,"SUB: Perkins FOR Thompson",null,null],["0041400114",246,2,1,2,"2:02 PM","2:14","MISS Datome 7' Jump Shot",null,null,null,null],["0041400114",247,4,0,2,"2:02 PM","2:14","Sullinger REBOUND (Off:2 Def:3)",null,null,null,null],["0041400114",249,10,0,2,"2:02 PM","2:13","Jump Ball Sullinger vs. James: Tip to Perkins",null,null,null,null],["0041400114",251,5,2,2,"2:02 PM","2:13","Sullinger Lost Ball Turnover (P2.T9)",null,"James STEAL (1 STL)",null,null],["0041400114",253,5,40,2,"2:03 PM","2:00",null,null,"James Out of Bounds Lost Ball Turnover (P2.T2)",null,null],["0041400114",255,2,1,2,"2:03 PM","1:54","MISS Thomas 14' Jump Shot",null,null,null,null],["0041400114",256,4,0,2,"2:03 PM","1:53",null,null,"Shumpert REBOUND (Off:1 Def:4)",null,null],["0041400114",257,6,14,2,"2:03 PM","1:44",null,null,"Perkins FLAGRANT.FOUL.TYPE1 (P1.PN) (L.Richardson)",null,null],["0041400114",258,5,5,2,"2:03 PM","1:44",null,null,"Perkins Foul Turnover (P1.T3)",null,null],["0041400114",259,18,0,2,"2:04 PM","1:44",null,null,null,null,null],["0041400114",260,6,16,2,"2:07 PM","1:44",null,null,null,null,null],["0041400114",261,3,18,2,"2:07 PM","1:44","MISS Crowder Free Throw Flagrant 1 of 2",null,null,null,null],["0041400114",262,4,1,2,"2:07 PM","1:44","CELTICS Rebound",null,null,null,null],["0041400114",263,3,19,2,"2:08 PM","1:44","MISS Crowder Free Throw Flagrant 2 of 2",null,null,null,null],["0041400114",264,4,1,2,"2:08 PM","1:44","CELTICS Rebound",null,null,null,null],["0041400114",265,1,42,2,"2:08 PM","1:30","Crowder 2' Driving Layup (7 PTS)",null,null,"51 - 34","-17"],["0041400114",266,6,1,2,"2:09 PM","1:19","Crowder P.FOUL (P2.PN) (J.Goble)",null,null,null,null],["0041400114",267,3,11,2,"2:09 PM","1:19",null,null,"James Free Throw 1 of 2 (11 PTS)","52 - 34","-18"],["0041400114",269,8,0,2,"2:09 PM","1:19","SUB: Jerebko FOR Crowder",null,null,null,null],["0041400114",270,3,12,2,"2:09 PM","1:19",null,null,"MISS James Free Throw 2 of 2",null,null],["0041400114",272,4,0,2,"2:09 PM","1:17","Thomas REBOUND (Off:0 Def:3)",null,null,null,null],["0041400114",273,5,1,2,"2:10 PM","1:13","Thomas Bad Pass Turnover (P3.T10)",null,"James STEAL (2 STL)",null,null],["0041400114",274,6,3,2,"2:10 PM","1:12","Thomas L.B.FOUL (P2.PN) (J.Goble)",null,null,null,null],["0041400114",275,3,11,2,"2:10 PM","1:12",null,null,"MISS James Free Throw 1 of 2",null,null],["0041400114",276,4,1,2,"2:10 PM","1:12",null,null,"Cavaliers Rebound",null,null],["0041400114",277,3,12,2,"2:10 PM","1:12",null,null,"MISS James Free Throw 2 of 2",null,null],["0041400114",279,4,0,2,"2:10 PM","1:11","Jerebko REBOUND (Off:0 Def:1)",null,null,null,null],["0041400114",280,6,2,2,"2:11 PM","1:01",null,null,"Irving S.FOUL (P1.PN) (L.Richardson)",null,null],["0041400114",281,18,0,2,"2:11 PM","1:01",null,null,null,null,null],["0041400114",282,3,11,2,"2:12 PM","1:01","Thomas Free Throw 1 of 2 (1 PTS)",null,null,"52 - 35","-17"],["0041400114",284,8,0,2,"2:12 PM","1:01","SUB: Crowder FOR Datome",null,null,null,null],["0041400114",285,3,12,2,"2:13 PM","1:01","Thomas Free Throw 2 of 2 (2 PTS)",null,null,"52 - 36","-16"],["0041400114",287,2,1,2,"2:13 PM","0:47",null,null,"MISS Dellavedova 25' 3PT Jump Shot",null,null],["0041400114",288,4,0,2,"2:13 PM","0:45",null,null,"Perkins REBOUND (Off:1 Def:0)",null,null],["0041400114",289,6,2,2,"2:13 PM","0:45","Sullinger S.FOUL (P2.PN) (L.Richardson)",null,null,null,null],["0041400114",290,3,11,2,"2:13 PM","0:45",null,null,"Perkins Free Throw 1 of 2 (1 PTS)","53 - 36","-17"],["0041400114",292,3,12,2,"2:14 PM","0:45",null,null,"MISS Perkins Free Throw 2 of 2",null,null],["0041400114",294,4,0,2,"2:14 PM","0:44","Crowder REBOUND (Off:0 Def:1)",null,null,null,null],["0041400114",295,2,1,2,"2:14 PM","0:35","MISS Crowder 25' 3PT Jump Shot",null,null,null,null],["0041400114",296,4,0,2,"2:14 PM","0:33",null,null,"Shumpert REBOUND (Off:1 Def:5)",null,null],["0041400114",297,6,1,2,"2:14 PM","0:30","Sullinger P.FOUL (P3.PN) (L.Richardson)",null,null,null,null],["0041400114",298,3,11,2,"2:14 PM","0:30",null,null,"Perkins Free Throw 1 of 2 (2 PTS)","54 - 36","-18"],["0041400114",300,3,12,2,"2:14 PM","0:30",null,null,"Perkins Free Throw 2 of 2 (3 PTS)","55 - 36","-19"],["0041400114",302,2,1,2,"2:15 PM","0:13","MISS Jerebko  3PT Jump Shot",null,null,null,null],["0041400114",303,4,0,2,"2:15 PM","0:12",null,null,"Shumpert REBOUND (Off:1 Def:6)",null,null],["0041400114",304,1,84,2,"2:15 PM","0:01",null,null,"James 4' Running Bank Shot (13 PTS)","57 - 36","-21"],["0041400114",305,13,0,2,"2:15 PM","0:00",null,null,null,"57 - 36","-21"],["0041400114",307,12,0,3,"2:32 PM","12:00",null,null,null,"57 - 36","-21"],["0041400114",308,2,1,3,"2:33 PM","11:42","MISS Zeller 14' Jump Shot",null,null,null,null],["0041400114",309,4,0,3,"2:33 PM","11:40",null,null,"Mozgov REBOUND (Off:1 Def:4)",null,null],["0041400114",310,2,1,3,"2:33 PM","11:29",null,null,"MISS Mozgov 16' Jump Shot",null,null],["0041400114",311,4,0,3,"2:33 PM","11:27","Crowder REBOUND (Off:0 Def:2)",null,null,null,null],["0041400114",312,2,1,3,"2:33 PM","11:15","MISS Zeller 16' Jump Shot",null,null,null,null],["0041400114",313,4,0,3,"2:33 PM","11:14",null,null,"Irving REBOUND (Off:3 Def:4)",null,null],["0041400114",314,6,1,3,"2:33 PM","11:02","Bradley P.FOUL (P3.T1) (L.Richardson)",null,null,null,null],["0041400114",315,2,1,3,"2:34 PM","10:50",null,null,"MISS Smith 25' 3PT Jump Shot",null,null],["0041400114",316,4,0,3,"2:34 PM","10:48","Crowder REBOUND (Off:0 Def:3)",null,null,null,null],["0041400114",317,6,2,3,"2:34 PM","10:43",null,null,"Thompson S.FOUL (P3.T1) (J.Goble)",null,null],["0041400114",318,3,11,3,"2:34 PM","10:43","MISS Bass Free Throw 1 of 2",null,null,null,null],["0041400114",319,4,1,3,"2:34 PM","10:43","CELTICS Rebound",null,null,null,null],["0041400114",320,3,12,3,"2:35 PM","10:43","MISS Bass Free Throw 2 of 2",null,null,null,null],["0041400114",322,4,0,3,"2:35 PM","10:41","Bass REBOUND (Off:1 Def:0)",null,null,null,null],["0041400114",323,6,1,3,"2:35 PM","10:40",null,null,"Irving P.FOUL (P2.T2) (L.Richardson)",null,null],["0041400114",324,2,1,3,"2:35 PM","10:24","MISS Bradley 25' 3PT Jump Shot",null,null,null,null],["0041400114",325,4,0,3,"2:35 PM","10:24","CELTICS Rebound",null,null,null,null],["0041400114",327,6,15,3,"2:37 PM","10:24",null,null,"Smith FLAGRANT.FOUL.TYPE2 (P3.T3) (T.Brothers)",null,null],["0041400114",328,18,0,3,"2:37 PM","10:24",null,null,null,null,null],["0041400114",329,11,3,3,"2:37 PM","10:24",null,null,"Smith Ejection:First Flagrant Type 2",null,null],["0041400114",330,8,0,3,"2:37 PM","10:24",null,null,"SUB: Shumpert FOR Smith",null,null],["0041400114",334,8,0,3,"2:37 PM","10:24","SUB: Thomas FOR Crowder",null,null,null,null],["0041400114",331,3,18,3,"2:38 PM","10:24","Thomas Free Throw Flagrant 1 of 2 (3 PTS)",null,null,"57 - 37","-20"],["0041400114",333,3,19,3,"2:38 PM","10:24","Thomas Free Throw Flagrant 2 of 2 (4 PTS)",null,null,"57 - 38","-19"],["0041400114",337,1,1,3,"2:38 PM","10:17","Bradley 15' Jump Shot (8 PTS) (Zeller 1 AST)",null,null,"57 - 40","-17"],["0041400114",339,2,1,3,"2:39 PM","10:00",null,null,"MISS Irving 19' Jump Shot",null,null],["0041400114",340,4,0,3,"2:39 PM","9:57","CELTICS Rebound",null,null,null,null],["0041400114",341,2,1,3,"2:39 PM","9:49","MISS Thomas 25' 3PT Jump Shot",null,null,null,null],["0041400114",343,4,0,3,"2:39 PM","9:49","Bass REBOUND (Off:2 Def:0)",null,null,null,null],["0041400114",342,1,87,3,"2:39 PM","9:49","Bass  Putback Dunk (2 PTS)",null,null,"57 - 42","-15"],["0041400114",344,6,2,3,"2:39 PM","9:49",null,null,"Thompson S.FOUL (P4.T4) (J.Goble)",null,null],["0041400114",345,8,0,3,"2:39 PM","9:49",null,null,"SUB: Jones FOR Thompson",null,null],["0041400114",346,3,10,3,"2:40 PM","9:49","MISS Bass Free Throw 1 of 1",null,null,null,null],["0041400114",348,4,0,3,"2:40 PM","9:49",null,null,"James REBOUND (Off:0 Def:6)",null,null],["0041400114",349,5,4,3,"2:40 PM","9:27",null,null,"James Traveling Turnover (P3.T4)",null,null],["0041400114",350,2,1,3,"2:40 PM","9:19","MISS Thomas 25' 3PT Jump Shot",null,null,null,null],["0041400114",351,4,0,3,"2:40 PM","9:18",null,null,"Shumpert REBOUND (Off:1 Def:7)",null,null],["0041400114",352,2,1,3,"2:41 PM","9:10",null,null,"MISS James 21' Jump Shot",null,null],["0041400114",353,4,0,3,"2:41 PM","9:09","Bass REBOUND (Off:2 Def:1)",null,null,null,null],["0041400114",354,2,79,3,"2:41 PM","9:01","MISS Turner 15' Pullup Jump Shot",null,null,null,null],["0041400114",355,4,0,3,"2:41 PM","8:59",null,null,"Irving REBOUND (Off:3 Def:5)",null,null],["0041400114",357,8,0,3,"2:41 PM","8:46","SUB: Sullinger FOR Zeller",null,null,null,null],["0041400114",358,6,2,3,"2:42 PM","8:41","Bradley S.FOUL (P4.T2) (J.Goble)",null,null,null,null],["0041400114",359,3,11,3,"2:42 PM","8:41",null,null,"Irving Free Throw 1 of 2 (11 PTS)","58 - 42","-16"],["0041400114",361,3,12,3,"2:42 PM","8:41",null,null,"Irving Free Throw 2 of 2 (12 PTS)","59 - 42","-17"],["0041400114",363,6,1,3,"2:42 PM","8:35",null,null,"Mozgov P.FOUL (P3.PN) (J.Goble)",null,null],["0041400114",364,3,11,3,"2:43 PM","8:35","MISS Sullinger Free Throw 1 of 2",null,null,null,null],["0041400114",365,4,1,3,"2:43 PM","8:35","CELTICS Rebound",null,null,null,null],["0041400114",366,3,12,3,"2:43 PM","8:35","MISS Sullinger Free Throw 2 of 2",null,null,null,null],["0041400114",368,4,0,3,"2:43 PM","8:34",null,null,"James REBOUND (Off:0 Def:7)",null,null],["0041400114",369,2,1,3,"2:43 PM","8:23",null,null,"MISS Irving 25' 3PT Jump Shot",null,null],["0041400114",370,4,0,3,"2:43 PM","8:21",null,null,"Mozgov REBOUND (Off:2 Def:4)",null,null],["0041400114",372,2,1,3,"2:44 PM","8:12",null,null,"MISS Irving 26' 3PT Jump Shot",null,null],["0041400114",373,4,0,3,"2:44 PM","8:11","Sullinger REBOUND (Off:2 Def:4)",null,null,null,null],["0041400114",374,2,5,3,"2:44 PM","8:00","MISS Sullinger 3' Layup",null,"Shumpert BLOCK (2 BLK)",null,null],["0041400114",375,4,0,3,"2:44 PM","7:59",null,null,"Jones REBOUND (Off:0 Def:2)",null,null],["0041400114",376,1,42,3,"2:44 PM","7:46",null,null,"James 2' Driving Layup (15 PTS)","61 - 42","-19"],["0041400114",377,2,78,3,"2:44 PM","7:31","MISS Thomas 7' Floating Jump Shot",null,null,null,null],["0041400114",378,4,0,3,"2:44 PM","7:30",null,null,"Mozgov REBOUND (Off:2 Def:5)",null,null],["0041400114",379,2,5,3,"2:45 PM","7:19","Sullinger BLOCK (1 BLK)",null,"MISS Mozgov 3' Layup",null,null],["0041400114",380,4,0,3,"2:45 PM","7:18","CELTICS Rebound",null,null,null,null],["0041400114",381,1,1,3,"2:45 PM","7:08","Turner 14' Jump Shot (2 PTS)",null,null,"61 - 44","-17"],["0041400114",382,6,1,3,"2:45 PM","6:41","Sullinger P.FOUL (P4.T3) (L.Richardson)",null,null,null,null],["0041400114",383,2,80,3,"2:46 PM","6:28",null,null,"MISS James 25' 3PT Step Back Jump Shot",null,null],["0041400114",384,4,0,3,"2:46 PM","6:26",null,null,"Mozgov REBOUND (Off:3 Def:5)",null,null],["0041400114",385,6,1,3,"2:46 PM","6:26","Turner P.FOUL (P2.T4) (J.Goble)",null,null,null,null],["0041400114",386,6,1,3,"2:46 PM","6:23","Bass P.FOUL (P2.PN) (J.Goble)",null,null,null,null],["0041400114",387,3,11,3,"2:47 PM","6:23",null,null,"Mozgov Free Throw 1 of 2 (11 PTS)","62 - 44","-18"],["0041400114",389,3,12,3,"2:47 PM","6:23",null,null,"Mozgov Free Throw 2 of 2 (12 PTS)","63 - 44","-19"],["0041400114",390,2,1,3,"2:48 PM","6:06","MISS Bass 3' Jump Shot",null,"Shumpert BLOCK (3 BLK)",null,null],["0041400114",391,4,0,3,"2:48 PM","6:05","CELTICS Rebound",null,null,null,null],["0041400114",392,9,1,3,"2:48 PM","6:05","CELTICS Timeout: Regular (Full 3 Short 1)",null,null,null,null],["0041400114",394,2,1,3,"2:52 PM","5:59","MISS Bass 4' Jump Shot",null,"Jones BLOCK (1 BLK)",null,null],["0041400114",395,4,0,3,"2:52 PM","5:58",null,null,"Irving REBOUND (Off:3 Def:6)",null,null],["0041400114",396,2,1,3,"2:52 PM","5:50",null,null,"MISS Jones 25' 3PT Jump Shot",null,null],["0041400114",397,4,0,3,"2:52 PM","5:48","Bradley REBOUND (Off:0 Def:4)",null,null,null,null],["0041400114",398,5,2,3,"2:52 PM","5:39","Turner Lost Ball Turnover (P2.T11)",null,"Mozgov STEAL (1 STL)",null,null],["0041400114",399,2,1,3,"2:52 PM","5:29",null,null,"MISS Jones 24' 3PT Jump Shot",null,null],["0041400114",400,4,0,3,"2:52 PM","5:27","Turner REBOUND (Off:0 Def:2)",null,null,null,null],["0041400114",401,1,1,3,"2:52 PM","5:22","Thomas 25' 3PT Jump Shot (7 PTS) (Turner 3 AST)",null,null,"63 - 47","-16"],["0041400114",402,2,1,3,"2:53 PM","4:55",null,null,"MISS Irving 22' Jump Shot",null,null],["0041400114",403,4,0,3,"2:53 PM","4:54",null,null,"Mozgov REBOUND (Off:4 Def:5)",null,null],["0041400114",404,2,1,3,"2:53 PM","4:48",null,null,"MISS Jones  3PT Jump Shot",null,null],["0041400114",405,4,0,3,"2:53 PM","4:46","Sullinger REBOUND (Off:2 Def:5)",null,null,null,null],["0041400114",406,2,1,3,"2:53 PM","4:40","MISS Bradley 24' 3PT Jump Shot",null,null,null,null],["0041400114",407,4,0,3,"2:53 PM","4:39",null,null,"Mozgov REBOUND (Off:4 Def:6)",null,null],["0041400114",408,1,1,3,"2:53 PM","4:16",null,null,"James 22' Jump Shot (17 PTS)","65 - 47","-18"],["0041400114",410,6,2,3,"2:54 PM","4:09",null,null,"Irving S.FOUL (P3.PN) (J.Goble)",null,null],["0041400114",411,3,11,3,"2:54 PM","4:09","Thomas Free Throw 1 of 2 (8 PTS)",null,null,"65 - 48","-17"],["0041400114",413,8,0,3,"2:54 PM","4:09","SUB: Jerebko FOR Bass",null,null,null,null],["0041400114",414,3,12,3,"2:54 PM","4:09","Thomas Free Throw 2 of 2 (9 PTS)",null,null,"65 - 49","-16"],["0041400114",416,2,1,3,"2:54 PM","3:50",null,null,"MISS James 19' Jump Shot",null,null],["0041400114",417,4,0,3,"2:54 PM","3:49","Thomas REBOUND (Off:0 Def:4)",null,null,null,null],["0041400114",418,2,1,3,"2:55 PM","3:44","MISS Bradley 25' 3PT Jump Shot",null,null,null,null],["0041400114",419,4,0,3,"2:55 PM","3:43","CELTICS Rebound",null,null,null,null],["0041400114",420,6,3,3,"2:55 PM","3:43",null,null,"Mozgov L.B.FOUL (P4.PN) (L.Richardson)",null,null],["0041400114",421,3,11,3,"2:55 PM","3:43","MISS Sullinger Free Throw 1 of 2",null,null,null,null],["0041400114",422,4,1,3,"2:55 PM","3:43","CELTICS Rebound",null,null,null,null],["0041400114",424,8,0,3,"2:55 PM","3:43",null,null,"SUB: Perkins FOR Mozgov",null,null],["0041400114",425,3,12,3,"2:55 PM","3:43","Sullinger Free Throw 2 of 2 (11 PTS)",null,null,"65 - 50","-15"],["0041400114",427,5,1,3,"2:56 PM","3:21","Thomas STEAL (1 STL)",null,"Perkins Bad Pass Turnover (P2.T5)",null,null],["0041400114",428,1,75,3,"2:56 PM","3:17","Thomas 2' Driving Finger Roll Layup (11 PTS)",null,null,"65 - 52","-13"],["0041400114",429,1,46,3,"2:56 PM","2:58",null,null,"Irving 5' Running Jump Shot (14 PTS)","67 - 52","-15"],["0041400114",430,1,42,3,"2:57 PM","2:39","Bradley 1' Driving Layup (10 PTS)",null,null,"67 - 54","-13"],["0041400114",431,2,1,3,"2:57 PM","2:25",null,null,"MISS Irving 26' 3PT Jump Shot",null,null],["0041400114",432,4,0,3,"2:57 PM","2:24","Sullinger REBOUND (Off:2 Def:6)",null,null,null,null],["0041400114",433,6,1,3,"2:57 PM","2:24",null,null,"Jones P.FOUL (P2.PN) (T.Brothers)",null,null],["0041400114",434,9,1,3,"2:57 PM","2:24",null,null,"Cavaliers Timeout: Regular (Reg.3 Short 0)",null,null],["0041400114",436,8,0,3,"3:00 PM","2:24",null,null,"SUB: Dellavedova FOR Jones",null,null],["0041400114",437,8,0,3,"3:00 PM","2:24","SUB: Olynyk FOR Sullinger",null,null,null,null],["0041400114",438,8,0,3,"3:00 PM","2:24","SUB: Smart FOR Turner",null,null,null,null],["0041400114",439,3,11,3,"3:00 PM","2:24","Thomas Free Throw 1 of 2 (12 PTS)",null,null,"67 - 55","-12"],["0041400114",441,3,12,3,"3:01 PM","2:24","Thomas Free Throw 2 of 2 (13 PTS)",null,null,"67 - 56","-11"],["0041400114",443,6,2,3,"3:01 PM","2:02","Thomas S.FOUL (P3.PN) (T.Brothers)",null,null,null,null],["0041400114",444,3,11,3,"3:02 PM","2:02",null,null,"MISS Dellavedova Free Throw 1 of 2",null,null],["0041400114",445,4,1,3,"3:02 PM","2:02",null,null,"Cavaliers Rebound",null,null],["0041400114",446,8,0,3,"3:02 PM","2:02",null,null,"SUB: Thompson FOR Perkins",null,null],["0041400114",447,3,12,3,"3:02 PM","2:02",null,null,"MISS Dellavedova Free Throw 2 of 2",null,null],["0041400114",449,4,0,3,"3:02 PM","2:02","Jerebko REBOUND (Off:0 Def:2)",null,null,null,null],["0041400114",450,2,1,3,"3:02 PM","1:44","MISS Bradley 7' Jump Shot",null,null,null,null],["0041400114",452,4,0,3,"3:02 PM","1:43","Smart REBOUND (Off:1 Def:0)",null,null,null,null],["0041400114",451,1,87,3,"3:02 PM","1:43","Smart  Putback Dunk (4 PTS)",null,null,"67 - 58","-9"],["0041400114",453,2,42,3,"3:03 PM","1:23",null,null,"MISS James 3' Driving Layup",null,null],["0041400114",454,4,0,3,"3:03 PM","1:22","Smart REBOUND (Off:1 Def:1)",null,null,null,null],["0041400114",455,2,77,3,"3:03 PM","1:15","MISS Thomas 2' Driving Jump Shot",null,"James BLOCK (1 BLK)",null,null],["0041400114",456,4,0,3,"3:03 PM","1:13",null,null,"Thompson REBOUND (Off:1 Def:2)",null,null],["0041400114",457,8,0,3,"3:03 PM","1:13","SUB: Pressey FOR Bradley",null,null,null,null],["0041400114",458,10,0,3,"3:03 PM","1:13","Jump Ball Jerebko vs. Thompson: Tip to James",null,null,null,null],["0041400114",459,1,1,3,"3:04 PM","0:49",null,null,"Shumpert 24' 3PT Jump Shot (7 PTS) (James 7 AST)","70 - 58","-12"],["0041400114",460,2,1,3,"3:04 PM","0:35","MISS Jerebko  3PT Jump Shot",null,null,null,null],["0041400114",461,4,0,3,"3:04 PM","0:32","Smart REBOUND (Off:2 Def:1)",null,null,null,null],["0041400114",462,6,1,3,"3:04 PM","0:32",null,null,"Irving P.FOUL (P4.PN) (L.Richardson)",null,null],["0041400114",463,3,11,3,"3:05 PM","0:32","MISS Smart Free Throw 1 of 2",null,null,null,null],["0041400114",464,4,1,3,"3:05 PM","0:32","CELTICS Rebound",null,null,null,null],["0041400114",465,8,0,3,"3:05 PM","0:32","SUB: Sullinger FOR Olynyk",null,null,null,null],["0041400114",466,8,0,3,"3:05 PM","0:32",null,null,"SUB: Jones FOR Irving",null,null],["0041400114",467,3,12,3,"3:05 PM","0:32","Smart Free Throw 2 of 2 (5 PTS)",null,null,"70 - 59","-11"],["0041400114",469,2,1,3,"3:06 PM","0:10","Pressey BLOCK (1 BLK)",null,"MISS James 9' Jump Shot",null,null],["0041400114",470,4,0,3,"3:06 PM","0:09","CELTICS Rebound",null,null,null,null],["0041400114",471,10,0,3,"3:06 PM","0:07","Jump Ball Pressey vs. James: Tip to Sullinger",null,null,null,null],["0041400114",473,2,5,3,"3:06 PM","0:01","MISS Smart 2' Layup",null,null,null,null],["0041400114",475,4,0,3,"3:06 PM","0:00","Sullinger REBOUND (Off:3 Def:6)",null,null,null,null],["0041400114",474,1,4,3,"3:06 PM","0:00","Sullinger 1' Tip Shot (13 PTS)",null,null,"70 - 61","-9"],["0041400114",477,18,0,3,"3:06 PM","0:00",null,null,null,null,null],["0041400114",478,13,0,3,"3:07 PM","0:00",null,null,null,"70 - 61","-9"],["0041400114",480,12,0,4,"3:10 PM","12:00",null,null,null,"70 - 61","-9"],["0041400114",481,2,1,4,"3:11 PM","11:40",null,null,"MISS Dellavedova 14' Jump Shot",null,null],["0041400114",482,4,0,4,"3:11 PM","11:39","Sullinger REBOUND (Off:3 Def:7)",null,null,null,null],["0041400114",483,2,1,4,"3:11 PM","11:23","MISS Thomas 26' 3PT Jump Shot",null,null,null,null],["0041400114",484,4,0,4,"3:11 PM","11:21",null,null,"James REBOUND (Off:0 Def:8)",null,null],["0041400114",485,2,1,4,"3:11 PM","11:07",null,null,"MISS James 25' 3PT Jump Shot",null,null],["0041400114",486,4,0,4,"3:11 PM","11:07",null,null,"Cavaliers Rebound",null,null],["0041400114",487,6,1,4,"3:11 PM","11:07","Smart P.FOUL (P3.T1) (J.Goble)",null,null,null,null],["0041400114",488,8,0,4,"3:11 PM","11:07",null,null,"SUB: Irving FOR Dellavedova",null,null],["0041400114",489,8,0,4,"3:12 PM","11:07","SUB: Bradley FOR Thomas",null,null,null,null],["0041400114",490,1,42,4,"3:12 PM","10:58",null,null,"James 2' Driving Layup (19 PTS)","72 - 61","-11"],["0041400114",491,2,1,4,"3:12 PM","10:45","MISS Pressey 21' Jump Shot",null,null,null,null],["0041400114",492,4,0,4,"3:12 PM","10:43",null,null,"Shumpert REBOUND (Off:1 Def:8)",null,null],["0041400114",493,2,1,4,"3:13 PM","10:22",null,null,"MISS Jones  3PT Jump Shot",null,null],["0041400114",494,4,0,4,"3:13 PM","10:21","Smart REBOUND (Off:2 Def:2)",null,null,null,null],["0041400114",495,1,1,4,"3:13 PM","10:14","Sullinger 25' 3PT Jump Shot (16 PTS) (Smart 1 AST)",null,null,"72 - 64","-8"],["0041400114",496,2,77,4,"3:13 PM","9:47","Smart BLOCK (1 BLK)",null,"MISS Irving 4' Driving Jump Shot",null,null],["0041400114",497,4,0,4,"3:13 PM","9:45","Jerebko REBOUND (Off:0 Def:3)",null,null,null,null],["0041400114",498,2,47,4,"3:14 PM","9:30","MISS Sullinger 4' Turnaround Jump Shot",null,null,null,null],["0041400114",499,4,0,4,"3:14 PM","9:29","CELTICS Rebound",null,null,null,null],["0041400114",500,6,3,4,"3:14 PM","9:29",null,null,"Jones L.B.FOUL (P3.T1) (T.Brothers)",null,null],["0041400114",501,5,2,4,"3:14 PM","9:23","Bradley Lost Ball Turnover (P1.T12)",null,"Shumpert STEAL (2 STL)",null,null],["0041400114",502,6,1,4,"3:14 PM","9:13","Jerebko P.FOUL (P2.T2) (L.Richardson)",null,null,null,null],["0041400114",503,8,0,4,"3:14 PM","9:13","SUB: Thomas FOR Pressey",null,null,null,null],["0041400114",504,1,1,4,"3:15 PM","9:00",null,null,"Irving 25' 3PT Jump Shot (17 PTS) (James 8 AST)","75 - 64","-11"],["0041400114",505,9,1,4,"3:15 PM","9:00","CELTICS Timeout: Regular (Full 4 Short 1)",null,null,null,null],["0041400114",507,2,1,4,"3:18 PM","8:47","MISS Sullinger 25' 3PT Jump Shot",null,null,null,null],["0041400114",508,4,0,4,"3:18 PM","8:46","Bradley REBOUND (Off:1 Def:4)",null,null,null,null],["0041400114",509,2,1,4,"3:18 PM","8:32","MISS Smart 25' 3PT Jump Shot",null,null,null,null],["0041400114",510,4,0,4,"3:18 PM","8:31",null,null,"Irving REBOUND (Off:3 Def:7)",null,null],["0041400114",511,1,75,4,"3:19 PM","8:16",null,null,"James 2' Driving Finger Roll Layup (21 PTS)","77 - 64","-13"],["0041400114",512,2,63,4,"3:19 PM","7:56","MISS Thomas 15' Fadeaway Jumper",null,null,null,null],["0041400114",513,4,0,4,"3:19 PM","7:55","Sullinger REBOUND (Off:4 Def:7)",null,null,null,null],["0041400114",514,1,5,4,"3:19 PM","7:55","Sullinger 1' Layup (18 PTS)",null,null,"77 - 66","-11"],["0041400114",515,6,2,4,"3:19 PM","7:55",null,null,"Shumpert S.FOUL (P2.T2) (L.Richardson)",null,null],["0041400114",516,8,0,4,"3:19 PM","7:55","SUB: Bass FOR Jerebko",null,null,null,null],["0041400114",517,3,10,4,"3:19 PM","7:55","Sullinger Free Throw 1 of 1 (19 PTS)",null,null,"77 - 67","-10"],["0041400114",521,1,46,4,"3:20 PM","7:44",null,null,"Irving 4' Running Jump Shot (19 PTS)","79 - 67","-12"],["0041400114",522,6,2,4,"3:20 PM","7:32",null,null,"Shumpert S.FOUL (P3.T3) (J.Goble)",null,null],["0041400114",523,3,11,4,"3:20 PM","7:32","MISS Bradley Free Throw 1 of 2",null,null,null,null],["0041400114",524,4,1,4,"3:20 PM","7:32","CELTICS Rebound",null,null,null,null],["0041400114",525,8,0,4,"3:21 PM","7:32","SUB: Olynyk FOR Sullinger",null,null,null,null],["0041400114",526,3,12,4,"3:21 PM","7:32","Bradley Free Throw 2 of 2 (11 PTS)",null,null,"79 - 68","-11"],["0041400114",528,2,1,4,"3:21 PM","7:09",null,null,"MISS Jones 24' 3PT Jump Shot",null,null],["0041400114",529,4,0,4,"3:21 PM","7:08","Smart REBOUND (Off:2 Def:3)",null,null,null,null],["0041400114",530,1,44,4,"3:22 PM","6:51","Smart 2' Reverse Layup (7 PTS) (Thomas 6 AST)",null,null,"79 - 70","-9"],["0041400114",531,1,80,4,"3:22 PM","6:26",null,null,"Irving 20' Step Back Jump Shot (21 PTS)","81 - 70","-11"],["0041400114",532,1,1,4,"3:22 PM","6:03","Bass 4' Jump Shot (4 PTS)",null,null,"81 - 72","-9"],["0041400114",533,6,2,4,"3:22 PM","6:03",null,null,"Jones S.FOUL (P4.T4) (L.Richardson)",null,null],["0041400114",534,9,1,4,"3:23 PM","6:03",null,null,"Cavaliers Timeout: Regular (Reg.4 Short 0)",null,null],["0041400114",536,8,0,4,"3:26 PM","6:03",null,null,"SUB: Mozgov FOR Jones",null,null],["0041400114",537,3,10,4,"3:26 PM","6:03","MISS Bass Free Throw 1 of 1",null,null,null,null],["0041400114",539,4,0,4,"3:27 PM","6:02",null,null,"Mozgov REBOUND (Off:4 Def:7)",null,null],["0041400114",540,6,2,4,"3:27 PM","5:46","Olynyk S.FOUL (P3.T3) (L.Richardson)",null,null,null,null],["0041400114",541,3,11,4,"3:27 PM","5:46",null,null,"Shumpert Free Throw 1 of 2 (8 PTS)","82 - 72","-10"],["0041400114",543,3,12,4,"3:27 PM","5:46",null,null,"Shumpert Free Throw 2 of 2 (9 PTS)","83 - 72","-11"],["0041400114",545,2,1,4,"3:28 PM","5:35","MISS Bass 18' Jump Shot",null,null,null,null],["0041400114",546,4,0,4,"3:28 PM","5:33",null,null,"Shumpert REBOUND (Off:1 Def:9)",null,null],["0041400114",547,1,63,4,"3:28 PM","5:11",null,null,"Shumpert 11' Fadeaway Jumper (11 PTS)","85 - 72","-13"],["0041400114",548,2,78,4,"3:28 PM","4:58","MISS Olynyk 4' Floating Jump Shot",null,null,null,null],["0041400114",549,4,0,4,"3:28 PM","4:57",null,null,"James REBOUND (Off:0 Def:9)",null,null],["0041400114",550,6,2,4,"3:29 PM","4:42","Smart S.FOUL (P4.T4) (J.Goble)",null,null,null,null],["0041400114",551,3,11,4,"3:29 PM","4:42",null,null,"Thompson Free Throw 1 of 2 (3 PTS)","86 - 72","-14"],["0041400114",553,8,0,4,"3:29 PM","4:42","SUB: Sullinger FOR Olynyk",null,null,null,null],["0041400114",554,8,0,4,"3:29 PM","4:42","SUB: Jerebko FOR Bass",null,null,null,null],["0041400114",555,3,12,4,"3:29 PM","4:42",null,null,"Thompson Free Throw 2 of 2 (4 PTS)","87 - 72","-15"],["0041400114",557,1,1,4,"3:30 PM","4:26","Bradley 24' 3PT Jump Shot (14 PTS) (Thomas 7 AST)",null,null,"87 - 75","-12"],["0041400114",558,2,1,4,"3:30 PM","4:06",null,null,"MISS Irving 16' Jump Shot",null,null],["0041400114",559,4,0,4,"3:30 PM","4:05","Thomas REBOUND (Off:0 Def:5)",null,null,null,null],["0041400114",560,5,1,4,"3:30 PM","3:59","Jerebko Bad Pass Turnover (P1.T13)",null,"James STEAL (3 STL)",null,null],["0041400114",561,6,1,4,"3:30 PM","3:58","Jerebko P.FOUL (P3.PN) (J.Goble)",null,null,null,null],["0041400114",562,3,11,4,"3:30 PM","3:58",null,null,"James Free Throw 1 of 2 (22 PTS)","88 - 75","-13"],["0041400114",564,3,12,4,"3:31 PM","3:58",null,null,"James Free Throw 2 of 2 (23 PTS)","89 - 75","-14"],["0041400114",566,2,1,4,"3:31 PM","3:40","MISS Smart 28' 3PT Jump Shot",null,null,null,null],["0041400114",567,4,0,4,"3:31 PM","3:39",null,null,"James REBOUND (Off:0 Def:10)",null,null],["0041400114",568,1,63,4,"3:32 PM","3:14",null,null,"James 13' Fadeaway Jumper (25 PTS)","91 - 75","-16"],["0041400114",569,2,1,4,"3:32 PM","2:52","MISS Bradley 25' 3PT Jump Shot",null,null,null,null],["0041400114",570,4,0,4,"3:32 PM","2:50","Smart REBOUND (Off:3 Def:3)",null,null,null,null],["0041400114",571,6,2,4,"3:32 PM","2:47",null,null,"Mozgov S.FOUL (P5.PN) (T.Brothers)",null,null],["0041400114",572,9,4,4,"3:32 PM","2:47",null,null,null,null,null],["0041400114",574,8,0,4,"3:35 PM","2:47","SUB: Datome FOR Jerebko",null,null,null,null],["0041400114",575,3,11,4,"3:35 PM","2:47","Smart Free Throw 1 of 2 (8 PTS)",null,null,"91 - 76","-15"],["0041400114",577,8,0,4,"3:36 PM","2:47",null,null,"SUB: Dellavedova FOR Mozgov",null,null],["0041400114",578,3,12,4,"3:36 PM","2:47","Smart Free Throw 2 of 2 (9 PTS)",null,null,"91 - 77","-14"],["0041400114",580,2,1,4,"3:36 PM","2:25",null,null,"MISS Dellavedova 24' 3PT Jump Shot",null,null],["0041400114",581,4,0,4,"3:36 PM","2:24","Datome REBOUND (Off:0 Def:1)",null,null,null,null],["0041400114",582,6,2,4,"3:37 PM","2:07",null,null,"Dellavedova S.FOUL (P2.PN) (L.Richardson)",null,null],["0041400114",583,3,11,4,"3:37 PM","2:07","Thomas Free Throw 1 of 2 (14 PTS)",null,null,"91 - 78","-13"],["0041400114",585,3,12,4,"3:37 PM","2:07","Thomas Free Throw 2 of 2 (15 PTS)",null,null,"91 - 79","-12"],["0041400114",587,6,28,4,"3:37 PM","2:06","Datome Personal Take Foul (P1.PN) (T.Brothers)",null,null,null,null],["0041400114",588,3,11,4,"3:38 PM","2:06",null,null,"MISS Thompson Free Throw 1 of 2",null,null],["0041400114",589,4,1,4,"3:38 PM","2:06",null,null,"Cavaliers Rebound",null,null],["0041400114",590,3,12,4,"3:38 PM","2:06",null,null,"Thompson Free Throw 2 of 2 (5 PTS)","92 - 79","-13"],["0041400114",592,1,42,4,"3:38 PM","1:59","Thomas 2' Driving Layup (17 PTS)",null,null,"92 - 81","-11"],["0041400114",593,6,4,4,"3:39 PM","1:38",null,null,"James OFF.Foul (P2) (J.Goble)",null,null],["0041400114",594,5,5,4,"3:39 PM","1:38",null,null,"James Foul Turnover (P4.T6)",null,null],["0041400114",595,1,5,4,"3:39 PM","1:32","Sullinger 1' Layup (21 PTS) (Thomas 8 AST)",null,null,"92 - 83","-9"],["0041400114",596,1,42,4,"3:40 PM","1:10",null,null,"James 3' Driving Layup (27 PTS)","94 - 83","-11"],["0041400114",597,9,2,4,"3:40 PM","1:10","CELTICS Timeout: Short (Full 4 Short 2)",null,null,null,null],["0041400114",600,1,5,4,"3:41 PM","1:04","Smart 2' Layup (11 PTS)",null,null,"94 - 85","-9"],["0041400114",601,6,28,4,"3:41 PM","1:00","Thomas Personal Take Foul (P4.PN) (T.Brothers)",null,null,null,null],["0041400114",602,3,11,4,"3:41 PM","1:00",null,null,"Shumpert Free Throw 1 of 2 (12 PTS)","95 - 85","-10"],["0041400114",604,3,12,4,"3:41 PM","1:00",null,null,"Shumpert Free Throw 2 of 2 (13 PTS)","96 - 85","-11"],["0041400114",606,9,2,4,"3:42 PM","1:00","CELTICS Timeout: Short (Full 4 Short 3)",null,null,null,null],["0041400114",608,1,75,4,"3:43 PM","0:53","Datome 2' Driving Finger Roll Layup (2 PTS) (Thomas 9 AST)",null,null,"96 - 87","-9"],["0041400114",609,6,28,4,"3:43 PM","0:52","Datome Personal Take Foul (P2.PN) (L.Richardson)",null,null,null,null],["0041400114",611,3,11,4,"3:43 PM","0:52",null,null,"Shumpert Free Throw 1 of 2 (14 PTS)","97 - 87","-10"],["0041400114",613,3,12,4,"3:44 PM","0:52",null,null,"Shumpert Free Throw 2 of 2 (15 PTS)","98 - 87","-11"],["0041400114",615,6,2,4,"3:44 PM","0:48",null,null,"Shumpert S.FOUL (P4.PN) (L.Richardson)",null,null],["0041400114",616,3,11,4,"3:44 PM","0:48","Thomas Free Throw 1 of 2 (18 PTS)",null,null,"98 - 88","-10"],["0041400114",618,3,12,4,"3:44 PM","0:48","Thomas Free Throw 2 of 2 (19 PTS)",null,null,"98 - 89","-9"],["0041400114",620,9,1,4,"3:45 PM","0:48",null,null,"Cavaliers Timeout: Regular (Reg.5 Short 0)",null,null],["0041400114",622,8,0,4,"3:46 PM","0:48","SUB: Bass FOR Datome",null,null,null,null],["0041400114",623,6,28,4,"3:47 PM","0:44","Thomas Personal Take Foul (P5.PN) (T.Brothers)",null,null,null,null],["0041400114",624,3,11,4,"3:47 PM","0:44",null,null,"MISS Irving Free Throw 1 of 2",null,null],["0041400114",625,4,1,4,"3:47 PM","0:44",null,null,"Cavaliers Rebound",null,null],["0041400114",626,3,12,4,"3:47 PM","0:44",null,null,"Irving Free Throw 2 of 2 (22 PTS)","99 - 89","-10"],["0041400114",628,1,42,4,"3:47 PM","0:37","Thomas 3' Driving Layup (21 PTS)",null,null,"99 - 91","-8"],["0041400114",629,5,1,4,"3:47 PM","0:37","Bradley STEAL (1 STL)",null,"James Bad Pass Turnover (P5.T7)",null,null],["0041400114",630,6,2,4,"3:48 PM","0:37",null,null,"Irving S.FOUL (P5.PN) (L.Richardson)",null,null],["0041400114",631,3,11,4,"3:48 PM","0:37","Bradley Free Throw 1 of 2 (15 PTS)",null,null,"99 - 92","-7"],["0041400114",633,3,12,4,"3:48 PM","0:37","Bradley Free Throw 2 of 2 (16 PTS)",null,null,"99 - 93","-6"],["0041400114",635,5,1,4,"3:49 PM","0:36",null,null,"James Bad Pass Turnover (P6.T8)",null,null],["0041400114",636,18,1,4,"3:49 PM","0:36",null,null,null,null,null],["0041400114",641,8,0,4,"3:50 PM","0:36","SUB: Datome FOR Bass",null,null,null,null],["0041400114",638,2,1,4,"3:50 PM","0:30","MISS Datome 25' 3PT Jump Shot",null,null,null,null],["0041400114",639,4,0,4,"3:51 PM","0:29",null,null,"Irving REBOUND (Off:3 Def:8)",null,null],["0041400114",640,6,28,4,"3:51 PM","0:29","Sullinger Personal Take Foul (P5.PN) (J.Goble)",null,null,null,null],["0041400114",642,3,11,4,"3:51 PM","0:29",null,null,"Irving Free Throw 1 of 2 (23 PTS)","100 - 93","-7"],["0041400114",644,3,12,4,"3:51 PM","0:29",null,null,"Irving Free Throw 2 of 2 (24 PTS)","101 - 93","-8"],["0041400114",647,6,4,4,"3:52 PM","0:23","Thomas OFF.Foul (P6) (T.Brothers)",null,null,null,null],["0041400114",648,5,5,4,"3:52 PM","0:23","Thomas Foul Turnover (P4.T14)",null,null,null,null],["0041400114",649,8,0,4,"3:52 PM","0:23","SUB: Jerebko FOR Thomas",null,null,null,null],["0041400114",650,8,0,4,"3:52 PM","0:23",null,null,"SUB: Jones FOR Thompson",null,null],["0041400114",651,8,0,4,"3:52 PM","0:23","SUB: Pressey FOR Datome",null,null,null,null],["0041400114",652,9,2,4,"3:52 PM","0:23",null,null,"Cavaliers Timeout: Short (Reg.5 Short 1)",null,null],["0041400114",654,13,0,4,"3:54 PM","0:00",null,null,null,"101 - 93","-8"]]},{"name":"AvailableVideo","headers":["VIDEO_AVAILABLE_FLAG"],"rowSet":[[1]]}]}