{"resource":"playbyplay","parameters":{"GameID":"0041400236","StartPeriod":0,"EndPeriod":14},"resultSets":[{"name":"PlayByPlay","headers":["GAME_ID","EVENTNUM","EVENTMSGTYPE","EVENTMSGACTIONTYPE","PERIOD","WCTIMESTRING","PCTIMESTRING","HOMEDESCRIPTION","NEUTRALDESCRIPTION","VISITORDESCRIPTION","SCORE","SCOREMARGIN"],"rowSet":[["0041400236",0,12,0,1,"10:41 PM","12:00",null,null,null,null,null],["0041400236",1,10,0,1,"10:41 PM","12:00","Jump Ball Jordan vs. Howard: Tip to Smith",null,null,null,null],["0041400236",2,2,5,1,"10:41 PM","11:45","Jordan BLOCK (1 BLK)",null,"MISS Howard 2' Layup",null,null],["0041400236",3,4,0,1,"10:41 PM","11:43","Paul REBOUND (Off:0 Def:1)",null,null,null,null],["0041400236",4,2,1,1,"10:42 PM","11:34","MISS Barnes 26' 3PT Jump Shot",null,null,null,null],["0041400236",5,4,0,1,"10:42 PM","11:33",null,null,"Smith REBOUND (Off:0 Def:1)",null,null],["0041400236",6,1,52,1,"10:42 PM","11:26",null,null,"Howard  Alley Oop Dunk (2 PTS) (Harden 1 AST)","2 - 0","-2"],["0041400236",7,2,1,1,"10:42 PM","10:59","MISS Griffin 18' Jump Shot",null,null,null,null],["0041400236",8,4,0,1,"10:42 PM","10:58",null,null,"Ariza REBOUND (Off:0 Def:1)",null,null],["0041400236",9,2,1,1,"10:43 PM","10:35",null,null,"MISS Harden 27' 3PT Jump Shot",null,null],["0041400236",11,4,0,1,"10:43 PM","10:33",null,null,"Howard REBOUND (Off:1 Def:0)",null,null],["0041400236",10,2,4,1,"10:43 PM","10:33",null,null,"MISS Howard 1' Tip Shot",null,null],["0041400236",12,4,0,1,"10:43 PM","10:31","Barnes REBOUND (Off:0 Def:1)",null,null,null,null],["0041400236",13,6,1,1,"10:43 PM","10:28",null,null,"Harden P.FOUL (P1.T1) (S.Foster)",null,null],["0041400236",15,2,75,1,"10:43 PM","10:21","MISS Redick 3' Driving Finger Roll Layup",null,null,null,null],["0041400236",16,4,0,1,"10:43 PM","10:20",null,null,"Howard REBOUND (Off:1 Def:1)",null,null],["0041400236",17,2,1,1,"10:43 PM","10:16",null,null,"MISS Smith 13' Jump Shot",null,null],["0041400236",18,4,0,1,"10:43 PM","10:12","Barnes REBOUND (Off:0 Def:2)",null,null,null,null],["0041400236",19,1,8,1,"10:43 PM","10:03","Jordan  Slam Dunk (2 PTS) (Paul 1 AST)",null,null,"2 - 2","TIE"],["0041400236",20,2,1,1,"10:44 PM","9:36",null,null,"MISS Terry 17' Jump Shot",null,null],["0041400236",21,4,0,1,"10:44 PM","9:35","Paul REBOUND (Off:0 Def:2)",null,null,null,null],["0041400236",22,6,1,1,"10:44 PM","9:30",null,null,"Smith P.FOUL (P1.T2) (J.Phillips)",null,null],["0041400236",23,1,63,1,"10:45 PM","9:20","Paul 15' Fadeaway Jumper (2 PTS)",null,null,"2 - 4","2"],["0041400236",24,5,13,1,"10:45 PM","9:13",null,null,"Rockets Turnover: Backcourt (T#1)",null,null],["0041400236",25,7,1,1,"10:45 PM","9:13",null,null,"Rockets Violation: Delay of game Violation",null,null],["0041400236",27,1,3,1,"10:45 PM","9:01","Griffin 5' Hook Shot (2 PTS)",null,null,"2 - 6","4"],["0041400236",28,5,2,1,"10:45 PM","8:51","Griffin STEAL (1 STL)",null,"Harden Lost Ball Turnover (P1.T2)",null,null],["0041400236",29,1,42,1,"10:45 PM","8:47","Barnes 2' Driving Layup (2 PTS) (Griffin 1 AST)",null,null,"2 - 8","6"],["0041400236",30,9,1,1,"10:46 PM","8:38",null,null,"Rockets Timeout: Regular (Reg.1 Short 0)",null,null],["0041400236",32,2,5,1,"10:49 PM","8:28",null,null,"MISS Harden 1' Layup",null,null],["0041400236",33,4,0,1,"10:49 PM","8:27",null,null,"Howard REBOUND (Off:2 Def:1)",null,null],["0041400236",34,1,8,1,"10:49 PM","8:26",null,null,"Howard  Slam Dunk (4 PTS)","4 - 8","4"],["0041400236",35,2,1,1,"10:49 PM","7:59","MISS Barnes 27' 3PT Jump Shot",null,null,null,null],["0041400236",36,4,0,1,"10:49 PM","7:58",null,null,"Howard REBOUND (Off:2 Def:2)",null,null],["0041400236",37,2,1,1,"10:49 PM","7:49",null,null,"MISS Ariza 26' 3PT Jump Shot",null,null],["0041400236",38,4,0,1,"10:49 PM","7:49","Jordan REBOUND (Off:0 Def:1)",null,null,null,null],["0041400236",39,1,42,1,"10:50 PM","7:37","Griffin 3' Driving Layup (4 PTS)",null,null,"4 - 10","6"],["0041400236",40,5,2,1,"10:50 PM","7:20","Jordan STEAL (1 STL)",null,"Howard Lost Ball Turnover (P1.T3)",null,null],["0041400236",41,1,1,1,"10:50 PM","7:05","Griffin 19' Jump Shot (6 PTS) (Paul 2 AST)",null,null,"4 - 12","8"],["0041400236",42,6,1,1,"10:50 PM","6:53","Jordan P.FOUL (P1.T1) (S.Foster)",null,null,null,null],["0041400236",43,2,1,1,"10:51 PM","6:37",null,null,"MISS Harden 25' 3PT Jump Shot",null,null],["0041400236",44,4,0,1,"10:51 PM","6:36",null,null,"Howard REBOUND (Off:3 Def:2)",null,null],["0041400236",45,1,5,1,"10:51 PM","6:35",null,null,"Howard 2' Layup (6 PTS)","6 - 12","6"],["0041400236",46,1,41,1,"10:51 PM","6:29","Barnes 2' Running Layup (4 PTS) (Paul 3 AST)",null,null,"6 - 14","8"],["0041400236",47,2,1,1,"10:52 PM","6:00",null,null,"MISS Terry 24' 3PT Jump Shot",null,null],["0041400236",48,4,0,1,"10:52 PM","5:59","Redick REBOUND (Off:0 Def:1)",null,null,null,null],["0041400236",49,2,1,1,"10:52 PM","5:53","MISS Redick 26' 3PT Jump Shot",null,null,null,null],["0041400236",50,4,0,1,"10:52 PM","5:51","CLIPPERS Rebound",null,null,null,null],["0041400236",51,6,3,1,"10:52 PM","5:51",null,null,"Howard L.B.FOUL (P1.T3) (S.Foster)",null,null],["0041400236",52,8,0,1,"10:52 PM","5:51",null,null,"SUB: Jones FOR Smith",null,null],["0041400236",54,6,2,1,"10:53 PM","5:46",null,null,"Howard S.FOUL (P2.T4) (P.Fraher)",null,null],["0041400236",55,3,11,1,"10:53 PM","5:46","MISS Griffin Free Throw 1 of 2",null,null,null,null],["0041400236",56,4,1,1,"10:53 PM","5:46","CLIPPERS Rebound",null,null,null,null],["0041400236",57,3,12,1,"10:53 PM","5:46","Griffin Free Throw 2 of 2 (7 PTS)",null,null,"6 - 15","9"],["0041400236",59,1,49,1,"10:54 PM","5:31",null,null,"Ariza  Driving Dunk (2 PTS) (Terry 1 AST)","8 - 15","7"],["0041400236",60,2,79,1,"10:54 PM","5:21","MISS Paul 19' Pullup Jump Shot",null,null,null,null],["0041400236",61,4,0,1,"10:54 PM","5:19",null,null,"Terry REBOUND (Off:0 Def:1)",null,null],["0041400236",62,1,5,1,"10:54 PM","5:13",null,null,"Howard 2' Layup (8 PTS) (Terry 2 AST)","10 - 15","5"],["0041400236",63,1,1,1,"10:54 PM","4:55","Barnes 25' 3PT Jump Shot (7 PTS) (Redick 1 AST)",null,null,"10 - 18","8"],["0041400236",64,6,2,1,"10:55 PM","4:41","Griffin S.FOUL (P1.T2) (P.Fraher)",null,null,null,null],["0041400236",65,3,11,1,"10:55 PM","4:41",null,null,"MISS Howard Free Throw 1 of 2",null,null],["0041400236",66,4,1,1,"10:55 PM","4:41",null,null,"Rockets Rebound",null,null],["0041400236",68,8,0,1,"10:55 PM","4:41",null,null,"SUB: Brewer FOR Ariza",null,null],["0041400236",69,8,0,1,"10:55 PM","4:41",null,null,"SUB: Prigioni FOR Terry",null,null],["0041400236",70,3,12,1,"10:55 PM","4:41",null,null,"Howard Free Throw 2 of 2 (9 PTS)","11 - 18","7"],["0041400236",73,2,1,1,"10:56 PM","4:18","MISS Barnes 25' 3PT Jump Shot",null,null,null,null],["0041400236",74,4,0,1,"10:56 PM","4:18",null,null,"Brewer REBOUND (Off:0 Def:1)",null,null],["0041400236",75,2,1,1,"10:57 PM","4:04",null,null,"MISS Harden 19' Jump Shot",null,null],["0041400236",76,4,0,1,"10:57 PM","4:04","Griffin REBOUND (Off:0 Def:1)",null,null,null,null],["0041400236",77,5,1,1,"10:57 PM","3:56","Griffin Bad Pass Turnover (P1.T1)",null,"Harden STEAL (1 STL)",null,null],["0041400236",78,2,5,1,"10:57 PM","3:51",null,null,"MISS Jones 3' Layup",null,null],["0041400236",79,4,0,1,"10:57 PM","3:49","Barnes REBOUND (Off:0 Def:3)",null,null,null,null],["0041400236",80,1,88,1,"10:57 PM","3:45","Griffin  Driving Slam Dunk (9 PTS) (Paul 4 AST)",null,null,"11 - 20","9"],["0041400236",81,6,2,1,"10:57 PM","3:32","Redick S.FOUL (P1.T3) (P.Fraher)",null,null,null,null],["0041400236",82,3,11,1,"10:58 PM","3:32",null,null,"Harden Free Throw 1 of 2 (1 PTS)","12 - 20","8"],["0041400236",85,8,0,1,"10:58 PM","3:32",null,null,"SUB: Ariza FOR Howard",null,null],["0041400236",86,3,12,1,"10:58 PM","3:32",null,null,"Harden Free Throw 2 of 2 (2 PTS)","13 - 20","7"],["0041400236",88,2,1,1,"10:59 PM","3:23","MISS Redick 20' Jump Shot",null,null,null,null],["0041400236",89,4,0,1,"10:59 PM","3:22",null,null,"Prigioni REBOUND (Off:0 Def:1)",null,null],["0041400236",90,2,1,1,"10:59 PM","3:03",null,null,"MISS Ariza  3PT Jump Shot",null,null],["0041400236",91,4,0,1,"10:59 PM","3:01","Griffin REBOUND (Off:0 Def:2)",null,null,null,null],["0041400236",92,2,1,1,"10:59 PM","2:52","MISS Barnes 24' 3PT Jump Shot",null,null,null,null],["0041400236",93,4,0,1,"10:59 PM","2:50",null,null,"Brewer REBOUND (Off:0 Def:2)",null,null],["0041400236",94,1,5,1,"10:59 PM","2:42",null,null,"Jones 2' Layup (2 PTS) (Brewer 1 AST)","15 - 20","5"],["0041400236",95,1,42,1,"10:59 PM","2:38","Griffin 1' Driving Layup (11 PTS) (Barnes 1 AST)",null,null,"15 - 22","7"],["0041400236",96,6,2,1,"10:59 PM","2:38",null,null,"Brewer S.FOUL (P1.PN) (P.Fraher)",null,null],["0041400236",97,9,1,1,"11:00 PM","2:38","CLIPPERS Timeout: Regular (Full 1 Short 0)",null,null,null,null],["0041400236",99,8,0,1,"11:02 PM","2:38","SUB: Crawford FOR Barnes",null,null,null,null],["0041400236",100,8,0,1,"11:02 PM","2:38","SUB: Davis FOR Jordan",null,null,null,null],["0041400236",101,3,10,1,"11:03 PM","2:38","MISS Griffin Free Throw 1 of 1",null,null,null,null],["0041400236",103,4,0,1,"11:03 PM","2:35",null,null,"Harden REBOUND (Off:0 Def:1)",null,null],["0041400236",104,6,2,1,"11:03 PM","2:18","Davis S.FOUL (P1.T4) (S.Foster)",null,null,null,null],["0041400236",105,3,11,1,"11:03 PM","2:18",null,null,"Harden Free Throw 1 of 2 (3 PTS)","16 - 22","6"],["0041400236",107,3,12,1,"11:04 PM","2:18",null,null,"Harden Free Throw 2 of 2 (4 PTS)","17 - 22","5"],["0041400236",109,6,2,1,"11:04 PM","2:07",null,null,"Prigioni S.FOUL (P1.PN) (P.Fraher)",null,null],["0041400236",110,3,11,1,"11:05 PM","2:07","Davis Free Throw 1 of 2 (1 PTS)",null,null,"17 - 23","6"],["0041400236",112,8,0,1,"11:05 PM","2:07","SUB: Rivers FOR Redick",null,null,null,null],["0041400236",113,3,12,1,"11:05 PM","2:07","Davis Free Throw 2 of 2 (2 PTS)",null,null,"17 - 24","7"],["0041400236",115,1,1,1,"11:05 PM","1:49",null,null,"Ariza 26' 3PT Jump Shot (5 PTS) (Harden 2 AST)","20 - 24","4"],["0041400236",116,1,80,1,"11:06 PM","1:32","Paul 17' Step Back Jump Shot (4 PTS)",null,null,"20 - 26","6"],["0041400236",117,2,1,1,"11:06 PM","1:18","Rivers BLOCK (1 BLK)",null,"MISS Harden 9' Jump Shot",null,null],["0041400236",118,4,0,1,"11:06 PM","1:16","Davis REBOUND (Off:0 Def:1)",null,null,null,null],["0041400236",119,2,44,1,"11:06 PM","1:08","MISS Davis 3' Reverse Layup",null,null,null,null],["0041400236",120,4,0,1,"11:06 PM","1:04","Paul REBOUND (Off:1 Def:2)",null,null,null,null],["0041400236",121,2,1,1,"11:06 PM","1:01","MISS Crawford 29' 3PT Jump Shot",null,null,null,null],["0041400236",122,4,0,1,"11:06 PM","1:00",null,null,"Brewer REBOUND (Off:0 Def:3)",null,null],["0041400236",123,5,1,1,"11:06 PM","0:59","Crawford STEAL (1 STL)",null,"Brewer Bad Pass Turnover (P1.T4)",null,null],["0041400236",124,1,42,1,"11:06 PM","0:56","Paul 2' Driving Layup (6 PTS)",null,null,"20 - 28","8"],["0041400236",125,6,2,1,"11:06 PM","0:56",null,null,"Brewer S.FOUL (P2.PN) (J.Phillips)",null,null],["0041400236",126,8,0,1,"11:07 PM","0:56",null,null,"SUB: Howard FOR Harden",null,null],["0041400236",127,3,10,1,"11:07 PM","0:56","Paul Free Throw 1 of 1 (7 PTS)",null,null,"20 - 29","9"],["0041400236",129,2,1,1,"11:07 PM","0:35",null,null,"MISS Brewer 24' 3PT Jump Shot",null,null],["0041400236",130,4,0,1,"11:07 PM","0:34",null,null,"Jones REBOUND (Off:1 Def:0)",null,null],["0041400236",131,1,5,1,"11:07 PM","0:34",null,null,"Jones 2' Layup (4 PTS)","22 - 29","7"],["0041400236",132,6,2,1,"11:07 PM","0:34","Rivers S.FOUL (P1.PN) (J.Phillips)",null,null,null,null],["0041400236",133,8,0,1,"11:08 PM","0:34","SUB: Barnes FOR Paul",null,null,null,null],["0041400236",134,3,10,1,"11:08 PM","0:34",null,null,"Jones Free Throw 1 of 1 (5 PTS)","23 - 29","6"],["0041400236",136,2,3,1,"11:08 PM","0:10","MISS Griffin 4' Hook Shot",null,null,null,null],["0041400236",137,4,0,1,"11:08 PM","0:09",null,null,"Howard REBOUND (Off:3 Def:3)",null,null],["0041400236",138,6,2,1,"11:09 PM","0:06","Barnes S.FOUL (P1.PN) (P.Fraher)",null,null,null,null],["0041400236",139,3,11,1,"11:09 PM","0:06",null,null,"Brewer Free Throw 1 of 2 (1 PTS)","24 - 29","5"],["0041400236",141,8,0,1,"11:09 PM","0:06",null,null,"SUB: Capela FOR Howard",null,null],["0041400236",142,8,0,1,"11:09 PM","0:06","SUB: Paul FOR Davis",null,null,null,null],["0041400236",144,8,0,1,"11:09 PM","0:06",null,null,"SUB: Terry FOR Jones",null,null],["0041400236",145,3,12,1,"11:09 PM","0:06",null,null,"Brewer Free Throw 2 of 2 (2 PTS)","25 - 29","4"],["0041400236",147,2,1,1,"11:10 PM","0:02","MISS Paul 26' 3PT Jump Shot",null,null,null,null],["0041400236",148,4,0,1,"11:10 PM","0:00","CLIPPERS Rebound",null,null,null,null],["0041400236",149,13,0,1,"11:10 PM","0:00",null,null,null,"25 - 29","4"],["0041400236",151,12,0,2,"11:14 PM","12:00",null,null,null,"25 - 29","4"],["0041400236",152,2,78,2,"11:14 PM","11:41","MISS Rivers 4' Floating Jump Shot",null,null,null,null],["0041400236",153,4,0,2,"11:14 PM","11:38",null,null,"Brewer REBOUND (Off:0 Def:4)",null,null],["0041400236",154,1,1,2,"11:14 PM","11:24",null,null,"Ariza 24' 3PT Jump Shot (8 PTS) (Prigioni 1 AST)","28 - 29","1"],["0041400236",155,2,1,2,"11:14 PM","11:08","MISS Crawford 20' Jump Shot",null,null,null,null],["0041400236",156,4,0,2,"11:14 PM","11:07","Jordan REBOUND (Off:1 Def:1)",null,null,null,null],["0041400236",157,2,1,2,"11:14 PM","11:07","MISS Jordan 6' Jump Shot",null,null,null,null],["0041400236",158,4,0,2,"11:14 PM","11:06","Jordan REBOUND (Off:2 Def:1)",null,null,null,null],["0041400236",159,6,2,2,"11:15 PM","11:06",null,null,"Prigioni S.FOUL (P2.T1) (P.Fraher)",null,null],["0041400236",160,3,11,2,"11:15 PM","11:06","Jordan Free Throw 1 of 2 (3 PTS)",null,null,"28 - 30","2"],["0041400236",162,8,0,2,"11:15 PM","11:06","SUB: Hawes FOR Davis",null,null,null,null],["0041400236",163,3,12,2,"11:15 PM","11:06","Jordan Free Throw 2 of 2 (4 PTS)",null,null,"28 - 31","3"],["0041400236",166,1,52,2,"11:16 PM","10:44",null,null,"Howard  Alley Oop Dunk (11 PTS) (Jones 1 AST)","30 - 31","1"],["0041400236",167,2,3,2,"11:17 PM","10:27","MISS Crawford 6' Hook Shot",null,null,null,null],["0041400236",168,4,0,2,"11:17 PM","10:25",null,null,"Prigioni REBOUND (Off:0 Def:2)",null,null],["0041400236",169,2,78,2,"11:17 PM","10:18",null,null,"MISS Brewer 5' Floating Jump Shot",null,null],["0041400236",170,4,0,2,"11:17 PM","10:15","Rivers REBOUND (Off:0 Def:1)",null,null,null,null],["0041400236",171,1,5,2,"11:17 PM","10:13","Crawford 2' Layup (2 PTS) (Rivers 1 AST)",null,null,"30 - 33","3"],["0041400236",172,2,1,2,"11:17 PM","9:57",null,null,"MISS Prigioni 9' Jump Shot",null,null],["0041400236",173,4,0,2,"11:17 PM","9:56","Barnes REBOUND (Off:0 Def:4)",null,null,null,null],["0041400236",174,2,78,2,"11:17 PM","9:48","MISS Rivers 5' Floating Jump Shot",null,null,null,null],["0041400236",175,4,0,2,"11:17 PM","9:46",null,null,"Howard REBOUND (Off:3 Def:4)",null,null],["0041400236",176,5,2,2,"11:17 PM","9:40","Rivers STEAL (1 STL)",null,"Prigioni Lost Ball Turnover (P1.T5)",null,null],["0041400236",177,1,88,2,"11:17 PM","9:37","Rivers  Driving Slam Dunk (2 PTS)",null,null,"30 - 35","5"],["0041400236",178,1,3,2,"11:18 PM","9:19",null,null,"Jones 4' Hook Shot (7 PTS) (Prigioni 2 AST)","32 - 35","3"],["0041400236",179,1,89,2,"11:18 PM","9:05","Jordan 2' Reverse Slam Dunk (6 PTS) (Rivers 2 AST)",null,null,"32 - 37","5"],["0041400236",180,2,1,2,"11:18 PM","8:39",null,null,"MISS Prigioni 19' Jump Shot",null,null],["0041400236",181,4,0,2,"11:18 PM","8:38","Crawford REBOUND (Off:0 Def:1)",null,null,null,null],["0041400236",182,2,1,2,"11:19 PM","8:30","MISS Rivers 24' 3PT Jump Shot",null,null,null,null],["0041400236",183,4,0,2,"11:19 PM","8:29",null,null,"Prigioni REBOUND (Off:0 Def:3)",null,null],["0041400236",184,5,4,2,"11:19 PM","8:25",null,null,"Ariza Traveling Turnover (P1.T6)",null,null],["0041400236",185,9,4,2,"11:19 PM","8:25",null,null,null,null,null],["0041400236",187,6,11,2,"11:20 PM","8:25",null,null,"Prigioni T.FOUL (P2.T1) (J.Phillips)",null,null],["0041400236",188,8,0,2,"11:21 PM","8:25",null,null,"SUB: Terry FOR Brewer",null,null],["0041400236",189,8,0,2,"11:22 PM","8:25",null,null,"SUB: Harden FOR Prigioni",null,null],["0041400236",190,8,0,2,"11:22 PM","8:25","SUB: Griffin FOR Hawes",null,null,null,null],["0041400236",191,3,16,2,"11:22 PM","8:25","MISS Crawford Free Throw Technical",null,null,null,null],["0041400236",192,4,1,2,"11:22 PM","8:25","CLIPPERS Rebound",null,null,null,null],["0041400236",193,1,1,2,"11:23 PM","8:09","Crawford 6' Jump Shot (4 PTS)",null,null,"32 - 39","7"],["0041400236",194,1,46,2,"11:23 PM","7:56",null,null,"Harden 8' Running Jump Shot (6 PTS)","34 - 39","5"],["0041400236",195,6,2,2,"11:23 PM","7:56","Rivers S.FOUL (P2.T1) (J.Phillips)",null,null,null,null],["0041400236",196,8,0,2,"11:23 PM","7:56","SUB: Paul FOR Rivers",null,null,null,null],["0041400236",197,8,0,2,"11:23 PM","7:56",null,null,"SUB: Smith FOR Jones",null,null],["0041400236",198,3,10,2,"11:23 PM","7:56",null,null,"Harden Free Throw 1 of 1 (7 PTS)","35 - 39","4"],["0041400236",200,1,46,2,"11:24 PM","7:44","Crawford 4' Running Jump Shot (6 PTS)",null,null,"35 - 41","6"],["0041400236",201,1,1,2,"11:24 PM","7:28",null,null,"Harden 25' 3PT Jump Shot (10 PTS)","38 - 41","3"],["0041400236",202,5,1,2,"11:25 PM","7:13","Crawford Bad Pass Turnover (P1.T2)",null,"Howard STEAL (1 STL)",null,null],["0041400236",203,1,1,2,"11:25 PM","7:06",null,null,"Harden 28' 3PT Jump Shot (13 PTS) (Terry 3 AST)","41 - 41","TIE"],["0041400236",204,2,1,2,"11:25 PM","6:50","MISS Griffin 16' Jump Shot",null,null,null,null],["0041400236",205,4,0,2,"11:25 PM","6:49",null,null,"Howard REBOUND (Off:3 Def:5)",null,null],["0041400236",206,6,2,2,"11:25 PM","6:41","Barnes S.FOUL (P2.T2) (S.Foster)",null,null,null,null],["0041400236",207,3,11,2,"11:25 PM","6:41",null,null,"Harden Free Throw 1 of 2 (14 PTS)","42 - 41","-1"],["0041400236",209,8,0,2,"11:26 PM","6:41",null,null,"SUB: Capela FOR Howard",null,null],["0041400236",211,8,0,2,"11:26 PM","6:41","SUB: Redick FOR Crawford",null,null,null,null],["0041400236",212,3,12,2,"11:26 PM","6:41",null,null,"Harden Free Throw 2 of 2 (15 PTS)","43 - 41","-2"],["0041400236",214,6,2,2,"11:26 PM","6:27",null,null,"Smith S.FOUL (P2.T2) (P.Fraher)",null,null],["0041400236",215,3,11,2,"11:27 PM","6:27","Griffin Free Throw 1 of 2 (12 PTS)",null,null,"43 - 42","-1"],["0041400236",217,3,12,2,"11:27 PM","6:27","Griffin Free Throw 2 of 2 (13 PTS)",null,null,"43 - 43","TIE"],["0041400236",219,2,80,2,"11:27 PM","6:16",null,null,"MISS Harden 21' Step Back Jump Shot",null,null],["0041400236",220,4,0,2,"11:28 PM","6:13",null,null,"Capela REBOUND (Off:1 Def:0)",null,null],["0041400236",221,1,1,2,"11:28 PM","6:10",null,null,"Smith 25' 3PT Jump Shot (3 PTS) (Ariza 1 AST)","46 - 43","-3"],["0041400236",222,1,80,2,"11:28 PM","5:56","Paul 16' Step Back Jump Shot (9 PTS)",null,null,"46 - 45","-1"],["0041400236",223,6,2,2,"11:28 PM","5:56",null,null,"Terry S.FOUL (P1.T3) (S.Foster)",null,null],["0041400236",225,9,1,2,"11:28 PM","5:56","CLIPPERS Timeout: Regular (Full 2 Short 0)",null,null,null,null],["0041400236",227,3,10,2,"11:31 PM","5:56","Paul Free Throw 1 of 1 (10 PTS)",null,null,"46 - 46","TIE"],["0041400236",229,1,42,2,"11:31 PM","5:47",null,null,"Terry 2' Driving Layup (2 PTS)","48 - 46","-2"],["0041400236",230,2,1,2,"11:32 PM","5:38","MISS Barnes 24' 3PT Jump Shot",null,null,null,null],["0041400236",231,4,0,2,"11:32 PM","5:37",null,null,"Terry REBOUND (Off:0 Def:2)",null,null],["0041400236",232,6,29,2,"11:32 PM","5:32","Paul Shooting Block Foul (P1.T3) (S.Foster)",null,null,null,null],["0041400236",233,3,11,2,"11:32 PM","5:32",null,null,"Harden Free Throw 1 of 2 (16 PTS)","49 - 46","-3"],["0041400236",235,3,12,2,"11:33 PM","5:32",null,null,"Harden Free Throw 2 of 2 (17 PTS)","50 - 46","-4"],["0041400236",237,5,1,2,"11:33 PM","5:07","Paul Bad Pass Turnover (P1.T3)",null,"Ariza STEAL (1 STL)",null,null],["0041400236",238,1,52,2,"11:33 PM","5:04",null,null,"Capela  Alley Oop Dunk (2 PTS) (Smith 1 AST)","52 - 46","-6"],["0041400236",240,6,2,2,"11:33 PM","4:49",null,null,"Ariza S.FOUL (P1.T4) (P.Fraher)",null,null],["0041400236",242,3,11,2,"11:34 PM","4:49","Redick Free Throw 1 of 2 (1 PTS)",null,null,"52 - 47","-5"],["0041400236",243,8,0,2,"11:34 PM","4:49","SUB: Crawford FOR Barnes",null,null,null,null],["0041400236",244,3,12,2,"11:34 PM","4:49","Redick Free Throw 2 of 2 (2 PTS)",null,null,"52 - 48","-4"],["0041400236",247,6,2,2,"11:34 PM","4:31","Jordan S.FOUL (P2.T4) (P.Fraher)",null,null,null,null],["0041400236",248,3,11,2,"11:35 PM","4:31",null,null,"Smith Free Throw 1 of 2 (4 PTS)","53 - 48","-5"],["0041400236",249,3,12,2,"11:35 PM","4:31",null,null,"Smith Free Throw 2 of 2 (5 PTS)","54 - 48","-6"],["0041400236",251,1,1,2,"11:35 PM","4:07","Griffin 26' 3PT Jump Shot (16 PTS) (Redick 2 AST)",null,null,"54 - 51","-3"],["0041400236",252,1,80,2,"11:36 PM","3:56",null,null,"Harden 19' Step Back Jump Shot (19 PTS)","56 - 51","-5"],["0041400236",253,1,3,2,"11:36 PM","3:50","Griffin 5' Hook Shot (18 PTS) (Crawford 1 AST)",null,null,"56 - 53","-3"],["0041400236",254,2,1,2,"11:36 PM","3:36",null,null,"MISS Harden 19' Jump Shot",null,null],["0041400236",255,4,0,2,"11:36 PM","3:36","Paul REBOUND (Off:1 Def:3)",null,null,null,null],["0041400236",256,2,1,2,"11:36 PM","3:20","MISS Redick  3PT Jump Shot",null,null,null,null],["0041400236",257,4,0,2,"11:36 PM","3:19",null,null,"Smith REBOUND (Off:0 Def:2)",null,null],["0041400236",258,2,1,2,"11:36 PM","3:05",null,null,"MISS Ariza 26' 3PT Jump Shot",null,null],["0041400236",259,4,0,2,"11:37 PM","3:04","Griffin REBOUND (Off:0 Def:3)",null,null,null,null],["0041400236",260,2,1,2,"11:37 PM","2:46","MISS Paul 19' Jump Shot",null,null,null,null],["0041400236",261,4,0,2,"11:37 PM","2:45",null,null,"Terry REBOUND (Off:0 Def:3)",null,null],["0041400236",262,9,1,2,"11:37 PM","2:43",null,null,"Rockets Timeout: Regular (Reg.2 Short 0)",null,null],["0041400236",264,8,0,2,"11:39 PM","2:43",null,null,"SUB: Howard FOR Smith",null,null],["0041400236",265,8,0,2,"11:39 PM","2:43",null,null,"SUB: Jones FOR Capela",null,null],["0041400236",266,2,1,2,"11:40 PM","2:28",null,null,"MISS Harden 4' Jump Shot",null,null],["0041400236",267,4,0,2,"11:40 PM","2:27","Griffin REBOUND (Off:0 Def:4)",null,null,null,null],["0041400236",268,2,1,2,"11:40 PM","2:15","MISS Crawford 18' Jump Shot",null,null,null,null],["0041400236",269,4,0,2,"11:40 PM","2:14",null,null,"Howard REBOUND (Off:3 Def:6)",null,null],["0041400236",270,6,1,2,"11:41 PM","2:00","Redick P.FOUL (P2.PN) (J.Phillips)",null,null,null,null],["0041400236",271,3,11,2,"11:41 PM","2:00",null,null,"Harden Free Throw 1 of 2 (20 PTS)","57 - 53","-4"],["0041400236",273,8,0,2,"11:41 PM","2:00",null,null,"SUB: Capela FOR Howard",null,null],["0041400236",274,3,12,2,"11:41 PM","2:00",null,null,"Harden Free Throw 2 of 2 (21 PTS)","58 - 53","-5"],["0041400236",276,6,1,2,"11:42 PM","1:59",null,null,"Capela P.FOUL (P1.PN) (S.Foster)",null,null],["0041400236",277,3,11,2,"11:42 PM","1:59","Jordan Free Throw 1 of 2 (7 PTS)",null,null,"58 - 54","-4"],["0041400236",280,8,0,2,"11:43 PM","1:59",null,null,"SUB: Howard FOR Capela",null,null],["0041400236",281,3,12,2,"11:43 PM","1:59","Jordan Free Throw 2 of 2 (8 PTS)",null,null,"58 - 55","-3"],["0041400236",283,6,3,2,"11:43 PM","1:59","Crawford L.B.FOUL (P1.PN) (J.Phillips)",null,null,null,null],["0041400236",284,3,11,2,"11:44 PM","1:59",null,null,"MISS Howard Free Throw 1 of 2",null,null],["0041400236",285,4,1,2,"11:44 PM","1:59",null,null,"Rockets Rebound",null,null],["0041400236",286,3,12,2,"11:44 PM","1:59",null,null,"MISS Howard Free Throw 2 of 2",null,null],["0041400236",288,4,0,2,"11:44 PM","1:57","Griffin REBOUND (Off:0 Def:5)",null,null,null,null],["0041400236",289,2,1,2,"11:44 PM","1:42","MISS Paul 27' 3PT Jump Shot",null,null,null,null],["0041400236",290,4,0,2,"11:44 PM","1:41","CLIPPERS Rebound",null,null,null,null],["0041400236",291,1,88,2,"11:45 PM","1:33","Griffin 3' Driving Slam Dunk (20 PTS)",null,null,"58 - 57","-1"],["0041400236",292,6,28,2,"11:45 PM","1:25","Crawford Personal Take Foul (P2.PN) (S.Foster)",null,null,null,null],["0041400236",293,3,11,2,"11:45 PM","1:25",null,null,"MISS Howard Free Throw 1 of 2",null,null],["0041400236",294,4,1,2,"11:45 PM","1:25",null,null,"Rockets Rebound",null,null],["0041400236",295,3,12,2,"11:45 PM","1:25",null,null,"MISS Howard Free Throw 2 of 2",null,null],["0041400236",297,4,0,2,"11:46 PM","1:24","Jordan REBOUND (Off:2 Def:2)",null,null,null,null],["0041400236",298,1,1,2,"11:46 PM","1:13","Redick 27' 3PT Jump Shot (5 PTS) (Paul 5 AST)",null,null,"58 - 60","2"],["0041400236",299,9,2,2,"11:46 PM","1:12",null,null,"Rockets Timeout: Short (Reg.2 Short 1)",null,null],["0041400236",301,8,0,2,"11:47 PM","1:12","SUB: Barnes FOR Jordan",null,null,null,null],["0041400236",302,8,0,2,"11:47 PM","1:12",null,null,"SUB: Brewer FOR Howard",null,null],["0041400236",303,2,1,2,"11:48 PM","0:48",null,null,"MISS Harden 20' Jump Shot",null,null],["0041400236",305,4,0,2,"11:48 PM","0:47",null,null,"Brewer REBOUND (Off:1 Def:4)",null,null],["0041400236",304,1,87,2,"11:48 PM","0:47",null,null,"Brewer  Putback Dunk (4 PTS)","60 - 60","TIE"],["0041400236",306,1,49,2,"11:48 PM","0:36","Griffin  Driving Dunk (22 PTS) (Paul 6 AST)",null,null,"60 - 62","2"],["0041400236",307,1,42,2,"11:49 PM","0:18",null,null,"Jones 3' Driving Layup (9 PTS)","62 - 62","TIE"],["0041400236",308,1,42,2,"11:49 PM","0:03","Redick 1' Driving Layup (7 PTS) (Paul 7 AST)",null,null,"62 - 64","2"],["0041400236",309,2,1,2,"11:49 PM","0:00",null,null,"MISS Brewer 25' 3PT Jump Shot",null,null],["0041400236",310,4,0,2,"11:49 PM","0:00",null,null,"Rockets Rebound",null,null],["0041400236",311,13,0,2,"11:49 PM","0:00",null,null,null,"62 - 64","2"],["0041400236",313,12,0,3,"12:06 AM","12:00",null,null,null,"62 - 64","2"],["0041400236",314,1,1,3,"12:06 AM","11:45","Redick 25' 3PT Jump Shot (10 PTS) (Paul 8 AST)",null,null,"62 - 67","5"],["0041400236",315,2,5,3,"12:07 AM","11:24","Jordan BLOCK (2 BLK)",null,"MISS Howard 3' Layup",null,null],["0041400236",316,4,0,3,"12:07 AM","11:21","Paul REBOUND (Off:1 Def:4)",null,null,null,null],["0041400236",317,1,42,3,"12:07 AM","11:19","Barnes 3' Driving Layup (9 PTS) (Paul 9 AST)",null,null,"62 - 69","7"],["0041400236",319,2,1,3,"12:07 AM","11:02",null,null,"MISS Terry  3PT Jump Shot",null,null],["0041400236",320,4,0,3,"12:07 AM","11:01","Barnes REBOUND (Off:0 Def:5)",null,null,null,null],["0041400236",321,6,14,3,"12:07 AM","10:57",null,null,"Howard FLAGRANT.FOUL.TYPE1 (P3.T1) (P.Fraher)",null,null],["0041400236",322,18,0,3,"12:08 AM","10:57",null,null,null,null,null],["0041400236",323,3,18,3,"12:10 AM","10:57","MISS Griffin Free Throw Flagrant 1 of 2",null,null,null,null],["0041400236",324,4,1,3,"12:10 AM","10:57","CLIPPERS Rebound",null,null,null,null],["0041400236",325,3,19,3,"12:11 AM","10:57","MISS Griffin Free Throw Flagrant 2 of 2",null,null,null,null],["0041400236",326,4,1,3,"12:11 AM","10:57","CLIPPERS Rebound",null,null,null,null],["0041400236",327,1,3,3,"12:12 AM","10:49","Griffin 4' Hook Shot (24 PTS)",null,null,"62 - 71","9"],["0041400236",328,1,5,3,"12:12 AM","10:38",null,null,"Harden 2' Layup (23 PTS)","64 - 71","7"],["0041400236",329,2,1,3,"12:12 AM","10:10","MISS Jordan 3' Jump Shot",null,null,null,null],["0041400236",330,4,0,3,"12:12 AM","10:10",null,null,"Howard REBOUND (Off:3 Def:7)",null,null],["0041400236",331,2,1,3,"12:13 AM","9:48",null,null,"MISS Terry 20' Jump Shot",null,null],["0041400236",332,4,0,3,"12:13 AM","9:47","Jordan REBOUND (Off:2 Def:3)",null,null,null,null],["0041400236",334,6,1,3,"12:13 AM","9:26",null,null,"Terry P.FOUL (P2.T2) (S.Foster)",null,null],["0041400236",335,2,1,3,"12:14 AM","9:13","MISS Redick 26' 3PT Jump Shot",null,null,null,null],["0041400236",336,4,0,3,"12:14 AM","9:13",null,null,"Smith REBOUND (Off:0 Def:3)",null,null],["0041400236",337,6,11,3,"12:14 AM","9:13",null,null,"Howard T.FOUL (P3.T2) (S.Foster)",null,null],["0041400236",338,3,16,3,"12:14 AM","9:13","Redick Free Throw Technical (11 PTS)",null,null,"64 - 72","8"],["0041400236",340,2,1,3,"12:15 AM","9:00",null,null,"MISS Harden 25' 3PT Jump Shot",null,null],["0041400236",341,4,0,3,"12:15 AM","9:00",null,null,"Rockets Rebound",null,null],["0041400236",342,6,3,3,"12:15 AM","9:00","Jordan L.B.FOUL (P3.T1) (S.Foster)",null,null,null,null],["0041400236",343,1,43,3,"12:16 AM","8:48",null,null,"Howard 2' Alley Oop Layup (13 PTS) (Harden 3 AST)","66 - 72","6"],["0041400236",344,6,2,3,"12:16 AM","8:37",null,null,"Smith S.FOUL (P3.T3) (P.Fraher)",null,null],["0041400236",345,3,11,3,"12:16 AM","8:37","MISS Jordan Free Throw 1 of 2",null,null,null,null],["0041400236",346,4,1,3,"12:16 AM","8:37","CLIPPERS Rebound",null,null,null,null],["0041400236",347,3,12,3,"12:16 AM","8:37","MISS Jordan Free Throw 2 of 2",null,null,null,null],["0041400236",349,4,0,3,"12:17 AM","8:36",null,null,"Smith REBOUND (Off:0 Def:4)",null,null],["0041400236",350,2,1,3,"12:17 AM","8:22",null,null,"MISS Harden 13' Jump Shot",null,null],["0041400236",351,4,0,3,"12:17 AM","8:21","Barnes REBOUND (Off:0 Def:6)",null,null,null,null],["0041400236",352,1,1,3,"12:17 AM","8:11","Griffin 19' Jump Shot (26 PTS) (Paul 10 AST)",null,null,"66 - 74","8"],["0041400236",353,2,1,3,"12:18 AM","7:50",null,null,"MISS Smith 28' 3PT Jump Shot",null,null],["0041400236",354,4,0,3,"12:18 AM","7:49","Jordan REBOUND (Off:2 Def:4)",null,null,null,null],["0041400236",355,2,1,3,"12:18 AM","7:41","MISS Barnes 25' 3PT Jump Shot",null,null,null,null],["0041400236",356,4,0,3,"12:18 AM","7:39",null,null,"Harden REBOUND (Off:0 Def:2)",null,null],["0041400236",357,6,1,3,"12:18 AM","7:30","Paul P.FOUL (P2.T2) (S.Foster)",null,null,null,null],["0041400236",358,2,1,3,"12:18 AM","7:15",null,null,"MISS Smith 24' 3PT Jump Shot",null,null],["0041400236",359,4,0,3,"12:19 AM","7:14","Jordan REBOUND (Off:2 Def:5)",null,null,null,null],["0041400236",360,1,42,3,"12:19 AM","7:09","Paul 3' Driving Layup (12 PTS)",null,null,"66 - 76","10"],["0041400236",361,6,2,3,"12:19 AM","7:09",null,null,"Harden S.FOUL (P2.T4) (S.Foster)",null,null],["0041400236",362,3,10,3,"12:19 AM","7:09","Paul Free Throw 1 of 1 (13 PTS)",null,null,"66 - 77","11"],["0041400236",364,2,1,3,"12:19 AM","6:51",null,null,"MISS Ariza 3' Jump Shot",null,null],["0041400236",366,4,0,3,"12:19 AM","6:50",null,null,"Howard REBOUND (Off:4 Def:7)",null,null],["0041400236",365,1,4,3,"12:19 AM","6:50",null,null,"Howard 1' Tip Shot (15 PTS)","68 - 77","9"],["0041400236",367,1,86,3,"12:20 AM","6:36","Paul 5' Turnaround Fadeaway (15 PTS)",null,null,"68 - 79","11"],["0041400236",368,2,1,3,"12:20 AM","6:22",null,null,"MISS Harden 15' Jump Shot",null,null],["0041400236",369,4,0,3,"12:20 AM","6:20","Paul REBOUND (Off:1 Def:5)",null,null,null,null],["0041400236",372,8,0,3,"12:20 AM","6:15",null,null,"SUB: Prigioni FOR Terry",null,null],["0041400236",373,8,0,3,"12:20 AM","6:15",null,null,"SUB: Jones FOR Smith",null,null],["0041400236",374,2,1,3,"12:21 AM","6:04","MISS Redick 19' Jump Shot",null,null,null,null],["0041400236",375,4,0,3,"12:21 AM","6:03",null,null,"Howard REBOUND (Off:4 Def:8)",null,null],["0041400236",377,2,1,3,"12:21 AM","5:49",null,null,"MISS Ariza 4' Jump Shot",null,null],["0041400236",378,4,0,3,"12:21 AM","5:48","Barnes REBOUND (Off:0 Def:7)",null,null,null,null],["0041400236",379,5,1,3,"12:21 AM","5:44","Paul Bad Pass Turnover (P2.T4)",null,"Harden STEAL (2 STL)",null,null],["0041400236",380,5,2,3,"12:21 AM","5:39","Jordan STEAL (2 STL)",null,"Howard Lost Ball Turnover (P2.T7)",null,null],["0041400236",381,2,1,3,"12:21 AM","5:33","MISS Redick 26' 3PT Jump Shot",null,null,null,null],["0041400236",382,4,0,3,"12:21 AM","5:31",null,null,"Howard REBOUND (Off:4 Def:9)",null,null],["0041400236",384,6,1,3,"12:21 AM","5:27","Barnes P.FOUL (P3.T3) (S.Foster)",null,null,null,null],["0041400236",387,6,11,3,"12:22 AM","5:27",null,null,"Harden T.FOUL (P2.T4) (S.Foster)",null,null],["0041400236",388,9,1,3,"12:22 AM","5:27","CLIPPERS Timeout: Regular (Full 3 Short 0)",null,null,null,null],["0041400236",390,3,16,3,"12:25 AM","5:27","Redick Free Throw Technical (12 PTS)",null,null,"68 - 80","12"],["0041400236",392,2,80,3,"12:25 AM","5:08",null,null,"MISS Harden 20' Step Back Jump Shot",null,null],["0041400236",393,4,0,3,"12:26 AM","5:07","Barnes REBOUND (Off:0 Def:8)",null,null,null,null],["0041400236",394,1,1,3,"12:26 AM","4:58","Paul 19' Jump Shot (17 PTS)",null,null,"68 - 82","14"],["0041400236",395,2,44,3,"12:26 AM","4:38",null,null,"MISS Howard 4' Reverse Layup",null,null],["0041400236",396,4,0,3,"12:26 AM","4:37","Barnes REBOUND (Off:0 Def:9)",null,null,null,null],["0041400236",397,6,1,3,"12:26 AM","4:33",null,null,"Prigioni P.FOUL (P3.PN) (S.Foster)",null,null],["0041400236",398,3,11,3,"12:26 AM","4:33","Paul Free Throw 1 of 2 (18 PTS)",null,null,"68 - 83","15"],["0041400236",400,3,12,3,"12:27 AM","4:33","Paul Free Throw 2 of 2 (19 PTS)",null,null,"68 - 84","16"],["0041400236",402,5,1,3,"12:27 AM","4:18","Griffin STEAL (2 STL)",null,"Jones Bad Pass Turnover (P1.T8)",null,null],["0041400236",403,1,76,3,"12:27 AM","4:12","Griffin 3' Running Finger Roll Layup (28 PTS)",null,null,"68 - 86","18"],["0041400236",404,2,3,3,"12:28 AM","3:55","Jordan BLOCK (3 BLK)",null,"MISS Howard 5' Hook Shot",null,null],["0041400236",405,4,0,3,"12:28 AM","3:53",null,null,"Ariza REBOUND (Off:1 Def:1)",null,null],["0041400236",406,2,1,3,"12:28 AM","3:52",null,null,"MISS Ariza 27' 3PT Jump Shot",null,null],["0041400236",407,4,0,3,"12:28 AM","3:50","Griffin REBOUND (Off:0 Def:6)",null,null,null,null],["0041400236",408,2,5,3,"12:28 AM","3:27","MISS Barnes 3' Layup",null,"Howard BLOCK (1 BLK)",null,null],["0041400236",409,4,0,3,"12:28 AM","3:26",null,null,"Howard REBOUND (Off:4 Def:10)",null,null],["0041400236",410,2,1,3,"12:28 AM","3:19",null,null,"MISS Prigioni 26' 3PT Jump Shot",null,null],["0041400236",411,4,0,3,"12:28 AM","3:18","Barnes REBOUND (Off:0 Def:10)",null,null,null,null],["0041400236",412,9,1,3,"12:28 AM","3:18","CLIPPERS Timeout: Regular (Full 4 Short 0)",null,null,null,null],["0041400236",414,8,0,3,"12:32 AM","3:18",null,null,"SUB: Brewer FOR Ariza",null,null],["0041400236",415,6,1,3,"12:32 AM","3:04",null,null,"Prigioni P.FOUL (P4.PN) (J.Phillips)",null,null],["0041400236",416,3,11,3,"12:32 AM","3:04","MISS Paul Free Throw 1 of 2",null,null,null,null],["0041400236",417,4,1,3,"12:32 AM","3:04","CLIPPERS Rebound",null,null,null,null],["0041400236",419,8,0,3,"12:32 AM","3:04","SUB: Crawford FOR Barnes",null,null,null,null],["0041400236",420,3,12,3,"12:33 AM","3:04","Paul Free Throw 2 of 2 (20 PTS)",null,null,"68 - 87","19"],["0041400236",422,2,1,3,"12:33 AM","2:51","Crawford BLOCK (1 BLK)",null,"MISS Brewer 11' Jump Shot",null,null],["0041400236",423,4,0,3,"12:33 AM","2:48",null,null,"Jones REBOUND (Off:2 Def:0)",null,null],["0041400236",424,1,74,3,"12:33 AM","2:46",null,null,"Jones 1' Running Reverse Layup (11 PTS)","70 - 87","17"],["0041400236",425,1,73,3,"12:33 AM","2:35","Paul 3' Driving Reverse Layup (22 PTS)",null,null,"70 - 89","19"],["0041400236",426,6,1,3,"12:33 AM","2:27","Crawford P.FOUL (P3.T4) (P.Fraher)",null,null,null,null],["0041400236",427,2,5,3,"12:34 AM","2:17",null,null,"MISS Harden 1' Layup",null,null],["0041400236",428,4,0,3,"12:34 AM","2:16",null,null,"Howard REBOUND (Off:5 Def:10)",null,null],["0041400236",429,6,2,3,"12:34 AM","2:16","Griffin S.FOUL (P2.PN) (J.Phillips)",null,null,null,null],["0041400236",430,3,11,3,"12:34 AM","2:16",null,null,"Howard Free Throw 1 of 2 (16 PTS)","71 - 89","18"],["0041400236",432,8,0,3,"12:34 AM","2:16","SUB: Rivers FOR Paul",null,null,null,null],["0041400236",433,3,12,3,"12:34 AM","2:16",null,null,"Howard Free Throw 2 of 2 (17 PTS)","72 - 89","17"],["0041400236",435,5,1,3,"12:35 AM","2:13","Griffin Bad Pass Turnover (P2.T5)",null,"Jones STEAL (1 STL)",null,null],["0041400236",436,2,1,3,"12:35 AM","2:06",null,null,"MISS Harden 25' 3PT Jump Shot",null,null],["0041400236",437,4,0,3,"12:35 AM","2:04","Jordan REBOUND (Off:2 Def:6)",null,null,null,null],["0041400236",438,5,2,3,"12:35 AM","1:52","Griffin Lost Ball Turnover (P3.T6)",null,"Prigioni STEAL (1 STL)",null,null],["0041400236",439,2,5,3,"12:35 AM","1:47","Griffin BLOCK (1 BLK)",null,"MISS Brewer 2' Layup",null,null],["0041400236",440,4,0,3,"12:35 AM","1:44","Redick REBOUND (Off:0 Def:2)",null,null,null,null],["0041400236",441,2,5,3,"12:35 AM","1:33","MISS Rivers 2' Layup",null,"Brewer BLOCK (1 BLK)",null,null],["0041400236",442,4,0,3,"12:35 AM","1:33","CLIPPERS Rebound",null,null,null,null],["0041400236",443,8,0,3,"12:36 AM","1:33",null,null,"SUB: Ariza FOR Harden",null,null],["0041400236",445,2,1,3,"12:36 AM","1:23","MISS Rivers 28' 3PT Jump Shot",null,null,null,null],["0041400236",446,4,0,3,"12:36 AM","1:22",null,null,"Howard REBOUND (Off:5 Def:11)",null,null],["0041400236",447,6,2,3,"12:36 AM","1:16","Griffin S.FOUL (P3.PN) (P.Fraher)",null,null,null,null],["0041400236",448,3,11,3,"12:36 AM","1:16",null,null,"Jones Free Throw 1 of 2 (12 PTS)","73 - 89","16"],["0041400236",450,8,0,3,"12:37 AM","1:16","SUB: Davis FOR Jordan",null,null,null,null],["0041400236",451,3,12,3,"12:37 AM","1:16",null,null,"Jones Free Throw 2 of 2 (13 PTS)","74 - 89","15"],["0041400236",453,2,1,3,"12:37 AM","1:04","MISS Redick 25' 3PT Jump Shot",null,null,null,null],["0041400236",454,4,0,3,"12:37 AM","1:04",null,null,"Rockets Rebound",null,null],["0041400236",455,9,1,3,"12:38 AM","1:04",null,null,"Rockets Timeout: Regular (Reg.3 Short 1)",null,null],["0041400236",456,8,0,3,"12:40 AM","1:04","SUB: Paul FOR Redick",null,null,null,null],["0041400236",457,6,28,3,"12:40 AM","1:03","Davis Personal Take Foul (P2.PN) (S.Foster)",null,null,null,null],["0041400236",460,3,11,3,"12:41 AM","1:03",null,null,"Howard Free Throw 1 of 2 (18 PTS)","75 - 89","14"],["0041400236",462,3,12,3,"12:41 AM","1:03",null,null,"Howard Free Throw 2 of 2 (19 PTS)","76 - 89","13"],["0041400236",464,2,78,3,"12:41 AM","0:47","MISS Crawford 5' Floating Jump Shot",null,null,null,null],["0041400236",465,4,0,3,"12:41 AM","0:45",null,null,"Ariza REBOUND (Off:1 Def:2)",null,null],["0041400236",466,1,1,3,"12:41 AM","0:40",null,null,"Jones 27' 3PT Jump Shot (16 PTS) (Prigioni 3 AST)","79 - 89","10"],["0041400236",467,1,1,3,"12:42 AM","0:27","Crawford 24' 3PT Jump Shot (9 PTS) (Paul 11 AST)",null,null,"79 - 92","13"],["0041400236",468,2,1,3,"12:42 AM","0:03",null,null,"MISS Jones 4' Jump Shot",null,null],["0041400236",470,10,0,3,"12:43 AM","0:03","Jump Ball Griffin vs. Jones: Tip to Paul",null,null,null,null],["0041400236",471,4,0,3,"12:43 AM","0:03","Griffin REBOUND (Off:1 Def:6)",null,null,null,null],["0041400236",473,13,0,3,"12:43 AM","0:00",null,null,null,"79 - 92","13"],["0041400236",476,12,0,4,"12:46 AM","12:00",null,null,null,"79 - 92","13"],["0041400236",477,5,1,4,"12:47 AM","11:39","Davis STEAL (1 STL)",null,"Jones Bad Pass Turnover (P2.T9)",null,null],["0041400236",478,9,2,4,"12:47 AM","11:33","CLIPPERS Timeout: Short (Full 4 Short 1)",null,null,null,null],["0041400236",480,8,0,4,"12:48 AM","11:33",null,null,"SUB: Terry FOR Prigioni",null,null],["0041400236",481,2,1,4,"12:49 AM","11:18","MISS Crawford 10' Jump Shot",null,null,null,null],["0041400236",482,4,0,4,"12:49 AM","11:17",null,null,"Jones REBOUND (Off:2 Def:1)",null,null],["0041400236",483,6,2,4,"12:49 AM","11:12","Rivers S.FOUL (P3.T1) (P.Fraher)",null,null,null,null],["0041400236",484,3,11,4,"12:49 AM","11:12",null,null,"MISS Brewer Free Throw 1 of 2",null,null],["0041400236",485,4,1,4,"12:49 AM","11:12",null,null,"Rockets Rebound",null,null],["0041400236",486,3,12,4,"12:49 AM","11:12",null,null,"Brewer Free Throw 2 of 2 (5 PTS)","80 - 92","12"],["0041400236",488,2,1,4,"12:50 AM","10:51","MISS Paul 28' 3PT Jump Shot",null,"Terry BLOCK (1 BLK)",null,null],["0041400236",489,4,0,4,"12:50 AM","10:48",null,null,"Terry REBOUND (Off:0 Def:4)",null,null],["0041400236",490,2,1,4,"12:50 AM","10:45",null,null,"MISS Brewer 24' 3PT Jump Shot",null,null],["0041400236",491,4,0,4,"12:50 AM","10:42",null,null,"Jones REBOUND (Off:3 Def:1)",null,null],["0041400236",492,6,1,4,"12:50 AM","10:36","Crawford P.FOUL (P4.T2) (P.Fraher)",null,null,null,null],["0041400236",494,1,42,4,"12:50 AM","10:30",null,null,"Brewer 3' Driving Layup (7 PTS) (Howard 1 AST)","82 - 92","10"],["0041400236",495,5,1,4,"12:51 AM","10:11","Davis Bad Pass Turnover (P1.T7)",null,"Ariza STEAL (2 STL)",null,null],["0041400236",496,5,1,4,"12:51 AM","10:06","Crawford STEAL (2 STL)",null,"Terry Bad Pass Turnover (P1.T10)",null,null],["0041400236",497,6,2,4,"12:51 AM","9:59",null,null,"Brewer S.FOUL (P3.T1) (P.Fraher)",null,null],["0041400236",498,3,11,4,"12:51 AM","9:59","Paul Free Throw 1 of 2 (23 PTS)",null,null,"82 - 93","11"],["0041400236",500,8,0,4,"12:52 AM","9:59","SUB: Griffin FOR Davis",null,null,null,null],["0041400236",501,3,12,4,"12:52 AM","9:59","Paul Free Throw 2 of 2 (24 PTS)",null,null,"82 - 94","12"],["0041400236",503,1,1,4,"12:52 AM","9:46",null,null,"Ariza 25' 3PT Jump Shot (11 PTS) (Jones 2 AST)","85 - 94","9"],["0041400236",504,2,1,4,"12:52 AM","9:27","MISS Griffin 16' Jump Shot",null,null,null,null],["0041400236",505,4,0,4,"12:52 AM","9:25",null,null,"Jones REBOUND (Off:3 Def:2)",null,null],["0041400236",506,2,1,4,"12:53 AM","9:15",null,null,"MISS Brewer 6' Jump Shot",null,null],["0041400236",507,4,0,4,"12:53 AM","9:14","Crawford REBOUND (Off:0 Def:2)",null,null,null,null],["0041400236",508,2,1,4,"12:53 AM","8:58","MISS Crawford 12' Jump Shot",null,null,null,null],["0041400236",509,4,0,4,"12:53 AM","8:57",null,null,"Howard REBOUND (Off:5 Def:12)",null,null],["0041400236",510,9,1,4,"12:53 AM","8:51",null,null,"Rockets Timeout: Regular (Reg.4 Short 1)",null,null],["0041400236",512,8,0,4,"12:56 AM","8:51","SUB: Barnes FOR Paul",null,null,null,null],["0041400236",513,8,0,4,"12:56 AM","8:51","SUB: Redick FOR Crawford",null,null,null,null],["0041400236",514,8,0,4,"12:56 AM","8:51",null,null,"SUB: Smith FOR Jones",null,null],["0041400236",515,2,1,4,"12:56 AM","8:40",null,null,"MISS Terry 26' 3PT Jump Shot",null,null],["0041400236",516,4,0,4,"12:56 AM","8:39","Redick REBOUND (Off:0 Def:3)",null,null,null,null],["0041400236",517,1,1,4,"12:57 AM","8:17","Redick 26' 3PT Jump Shot (15 PTS) (Griffin 2 AST)",null,null,"85 - 97","12"],["0041400236",518,2,5,4,"12:57 AM","7:57","Jordan BLOCK (4 BLK)",null,"MISS Ariza 3' Layup",null,null],["0041400236",519,4,0,4,"12:57 AM","7:54",null,null,"Brewer REBOUND (Off:2 Def:4)",null,null],["0041400236",520,1,1,4,"12:57 AM","7:53",null,null,"Brewer 24' 3PT Jump Shot (10 PTS)","88 - 97","9"],["0041400236",521,1,42,4,"12:57 AM","7:38","Rivers 2' Driving Layup (4 PTS)",null,null,"88 - 99","11"],["0041400236",522,6,2,4,"12:57 AM","7:38",null,null,"Terry S.FOUL (P3.T2) (J.Phillips)",null,null],["0041400236",523,3,10,4,"12:58 AM","7:38","Rivers Free Throw 1 of 1 (5 PTS)",null,null,"88 - 100","12"],["0041400236",524,1,42,4,"12:58 AM","7:29",null,null,"Brewer 3' Driving Layup (12 PTS)","90 - 100","10"],["0041400236",525,6,29,4,"12:58 AM","7:29","Griffin Shooting Block Foul (P4.T3) (J.Phillips)",null,null,null,null],["0041400236",526,8,0,4,"12:58 AM","7:29","SUB: Paul FOR Rivers",null,null,null,null],["0041400236",527,3,10,4,"12:58 AM","7:29",null,null,"Brewer Free Throw 1 of 1 (13 PTS)","91 - 100","9"],["0041400236",531,5,1,4,"12:59 AM","7:10","Barnes Bad Pass Turnover (P1.T8)",null,"Smith STEAL (1 STL)",null,null],["0041400236",532,1,1,4,"1:00 AM","6:59",null,null,"Smith 26' 3PT Jump Shot (8 PTS)","94 - 100","6"],["0041400236",533,1,42,4,"1:00 AM","6:47","Paul 3' Driving Layup (26 PTS)",null,null,"94 - 102","8"],["0041400236",534,1,1,4,"1:00 AM","6:25",null,null,"Smith 27' 3PT Jump Shot (11 PTS) (Terry 4 AST)","97 - 102","5"],["0041400236",535,2,47,4,"1:00 AM","6:11","MISS Paul 18' Turnaround Jump Shot",null,null,null,null],["0041400236",536,4,0,4,"1:00 AM","6:09",null,null,"Brewer REBOUND (Off:2 Def:5)",null,null],["0041400236",537,6,2,4,"1:00 AM","6:07","Redick S.FOUL (P3.T4) (S.Foster)",null,null,null,null],["0041400236",538,3,11,4,"1:01 AM","6:07",null,null,"MISS Howard Free Throw 1 of 2",null,null],["0041400236",539,4,1,4,"1:01 AM","6:07",null,null,"Rockets Rebound",null,null],["0041400236",540,3,12,4,"1:01 AM","6:07",null,null,"MISS Howard Free Throw 2 of 2",null,null],["0041400236",542,4,0,4,"1:01 AM","6:06","Griffin REBOUND (Off:1 Def:7)",null,null,null,null],["0041400236",543,6,1,4,"1:01 AM","5:57",null,null,"Ariza P.FOUL (P2.T3) (S.Foster)",null,null],["0041400236",544,9,4,4,"1:02 AM","5:57",null,null,null,null,null],["0041400236",545,2,8,4,"1:04 AM","5:48","MISS Jordan  Slam Dunk",null,null,null,null],["0041400236",546,4,0,4,"1:05 AM","5:46","CLIPPERS Rebound",null,null,null,null],["0041400236",547,2,1,4,"1:05 AM","5:35","MISS Barnes 25' 3PT Jump Shot",null,null,null,null],["0041400236",548,4,0,4,"1:05 AM","5:33",null,null,"Howard REBOUND (Off:5 Def:13)",null,null],["0041400236",549,1,42,4,"1:05 AM","5:24",null,null,"Smith 3' Driving Layup (13 PTS)","99 - 102","3"],["0041400236",550,2,1,4,"1:06 AM","5:08","MISS Griffin 4' Jump Shot",null,"Howard BLOCK (2 BLK)",null,null],["0041400236",551,4,0,4,"1:06 AM","5:06",null,null,"Ariza REBOUND (Off:1 Def:3)",null,null],["0041400236",552,2,1,4,"1:06 AM","4:57",null,null,"MISS Ariza 26' 3PT Jump Shot",null,null],["0041400236",553,4,0,4,"1:06 AM","4:56",null,null,"Howard REBOUND (Off:6 Def:13)",null,null],["0041400236",554,2,1,4,"1:06 AM","4:44",null,null,"MISS Smith 26' 3PT Jump Shot",null,null],["0041400236",555,4,0,4,"1:06 AM","4:44",null,null,"Howard REBOUND (Off:7 Def:13)",null,null],["0041400236",556,6,2,4,"1:06 AM","4:44","Barnes S.FOUL (P4.PN) (S.Foster)",null,null,null,null],["0041400236",557,3,11,4,"1:07 AM","4:44",null,null,"MISS Howard Free Throw 1 of 2",null,null],["0041400236",558,4,1,4,"1:07 AM","4:44",null,null,"Rockets Rebound",null,null],["0041400236",559,8,0,4,"1:07 AM","4:44","SUB: Crawford FOR Barnes",null,null,null,null],["0041400236",560,3,12,4,"1:07 AM","4:44",null,null,"Howard Free Throw 2 of 2 (20 PTS)","100 - 102","2"],["0041400236",562,2,1,4,"1:08 AM","4:26","MISS Griffin 3' Jump Shot",null,null,null,null],["0041400236",563,4,0,4,"1:08 AM","4:25",null,null,"Smith REBOUND (Off:0 Def:5)",null,null],["0041400236",564,1,49,4,"1:08 AM","4:21",null,null,"Brewer  Driving Dunk (15 PTS) (Smith 2 AST)","102 - 102","TIE"],["0041400236",565,2,5,4,"1:08 AM","4:04","MISS Griffin 3' Layup",null,null,null,null],["0041400236",566,4,0,4,"1:08 AM","4:02",null,null,"Smith REBOUND (Off:0 Def:6)",null,null],["0041400236",567,9,1,4,"1:08 AM","3:59",null,null,"Rockets Timeout: Regular (Reg.5 Short 1)",null,null],["0041400236",569,1,1,4,"1:11 AM","3:42",null,null,"Brewer  3PT Jump Shot (18 PTS) (Terry 5 AST)","105 - 102","-3"],["0041400236",570,2,1,4,"1:12 AM","3:15","MISS Crawford 26' 3PT Jump Shot",null,null,null,null],["0041400236",571,4,0,4,"1:12 AM","3:14",null,null,"Howard REBOUND (Off:7 Def:14)",null,null],["0041400236",572,6,2,4,"1:12 AM","3:04","Jordan S.FOUL (P4.PN) (J.Phillips)",null,null,null,null],["0041400236",573,3,11,4,"1:12 AM","3:04",null,null,"MISS Smith Free Throw 1 of 2",null,null],["0041400236",574,4,1,4,"1:12 AM","3:04",null,null,"Rockets Rebound",null,null],["0041400236",575,3,12,4,"1:12 AM","3:04",null,null,"Smith Free Throw 2 of 2 (14 PTS)","106 - 102","-4"],["0041400236",577,2,1,4,"1:13 AM","2:48","MISS Paul  3PT Jump Shot",null,null,null,null],["0041400236",578,4,0,4,"1:13 AM","2:47",null,null,"Terry REBOUND (Off:0 Def:5)",null,null],["0041400236",579,1,1,4,"1:13 AM","2:28",null,null,"Terry 17' Jump Shot (4 PTS)","108 - 102","-6"],["0041400236",580,9,1,4,"1:13 AM","2:27","CLIPPERS Timeout: Regular (Full 5 Short 1)",null,null,null,null],["0041400236",582,2,1,4,"1:15 AM","2:07","MISS Griffin 3' Jump Shot",null,"Smith BLOCK (1 BLK)",null,null],["0041400236",583,4,0,4,"1:16 AM","2:07","CLIPPERS Rebound",null,null,null,null],["0041400236",584,2,1,4,"1:16 AM","2:03","MISS Paul 16' Jump Shot",null,null,null,null],["0041400236",585,4,0,4,"1:16 AM","2:02",null,null,"Terry REBOUND (Off:0 Def:6)",null,null],["0041400236",586,1,1,4,"1:16 AM","1:44",null,null,"Smith 26' 3PT Jump Shot (17 PTS)","111 - 102","-9"],["0041400236",587,2,1,4,"1:16 AM","1:28","MISS Redick 25' 3PT Jump Shot",null,null,null,null],["0041400236",588,4,0,4,"1:16 AM","1:28",null,null,"Terry REBOUND (Off:0 Def:7)",null,null],["0041400236",589,6,28,4,"1:17 AM","1:16","Griffin Personal Take Foul (P5.PN) (J.Phillips)",null,null,null,null],["0041400236",590,3,11,4,"1:17 AM","1:16",null,null,"Smith Free Throw 1 of 2 (18 PTS)","112 - 102","-10"],["0041400236",592,3,12,4,"1:17 AM","1:16",null,null,"MISS Smith Free Throw 2 of 2",null,null],["0041400236",594,4,0,4,"1:17 AM","1:15","Jordan REBOUND (Off:2 Def:7)",null,null,null,null],["0041400236",595,9,1,4,"1:17 AM","1:15","CLIPPERS Timeout: Regular (Full 6 Short 1)",null,null,null,null],["0041400236",596,6,2,4,"1:20 AM","1:01",null,null,"Howard S.FOUL (P4.T4) (S.Foster)",null,null],["0041400236",597,3,11,4,"1:20 AM","1:01","Paul Free Throw 1 of 2 (27 PTS)",null,null,"112 - 103","-9"],["0041400236",599,8,0,4,"1:20 AM","1:01","SUB: Rivers FOR Crawford",null,null,null,null],["0041400236",600,8,0,4,"1:20 AM","1:01",null,null,"SUB: Harden FOR Howard",null,null],["0041400236",601,3,12,4,"1:20 AM","1:01","Paul Free Throw 2 of 2 (28 PTS)",null,null,"112 - 104","-8"],["0041400236",603,6,3,4,"1:21 AM","1:01","Jordan L.B.FOUL (P5.PN) (J.Phillips)",null,null,null,null],["0041400236",604,3,11,4,"1:21 AM","1:01",null,null,"MISS Smith Free Throw 1 of 2",null,null],["0041400236",605,4,1,4,"1:21 AM","1:01",null,null,"Rockets Rebound",null,null],["0041400236",606,8,0,4,"1:22 AM","1:01","SUB: Crawford FOR Jordan",null,null,null,null],["0041400236",607,8,0,4,"1:22 AM","1:01",null,null,"SUB: Howard FOR Harden",null,null],["0041400236",608,3,12,4,"1:22 AM","1:01",null,null,"Smith Free Throw 2 of 2 (19 PTS)","113 - 104","-9"],["0041400236",610,2,1,4,"1:22 AM","0:55","MISS Paul 14' Jump Shot",null,null,null,null],["0041400236",611,4,0,4,"1:22 AM","0:54",null,null,"Brewer REBOUND (Off:2 Def:6)",null,null],["0041400236",612,6,28,4,"1:22 AM","0:53","Crawford Personal Take Foul (P5.PN) (J.Phillips)",null,null,null,null],["0041400236",613,3,11,4,"1:22 AM","0:53",null,null,"Brewer Free Throw 1 of 2 (19 PTS)","114 - 104","-10"],["0041400236",615,3,12,4,"1:23 AM","0:53",null,null,"MISS Brewer Free Throw 2 of 2",null,null],["0041400236",617,4,0,4,"1:23 AM","0:53",null,null,"Rockets Rebound",null,null],["0041400236",618,6,3,4,"1:23 AM","0:53","Griffin L.B.FOUL (P6.PN) (P.Fraher)",null,null,null,null],["0041400236",619,8,0,4,"1:23 AM","0:53","SUB: Hawes FOR Griffin",null,null,null,null],["0041400236",620,3,11,4,"1:24 AM","0:53",null,null,"MISS Howard Free Throw 1 of 2",null,null],["0041400236",621,4,1,4,"1:24 AM","0:53",null,null,"Rockets Rebound",null,null],["0041400236",622,3,12,4,"1:24 AM","0:53",null,null,"MISS Howard Free Throw 2 of 2",null,null],["0041400236",624,4,0,4,"1:24 AM","0:51",null,null,"Brewer REBOUND (Off:3 Def:6)",null,null],["0041400236",625,2,1,4,"1:24 AM","0:50",null,null,"MISS Brewer 4' Jump Shot",null,null],["0041400236",626,4,0,4,"1:24 AM","0:47","Paul REBOUND (Off:1 Def:6)",null,null,null,null],["0041400236",627,2,1,4,"1:25 AM","0:40","MISS Crawford 26' 3PT Jump Shot",null,null,null,null],["0041400236",628,4,0,4,"1:25 AM","0:39",null,null,"Ariza REBOUND (Off:1 Def:4)",null,null],["0041400236",629,6,28,4,"1:25 AM","0:39","Rivers Personal Take Foul (P4.PN) (P.Fraher)",null,null,null,null],["0041400236",630,3,11,4,"1:25 AM","0:39",null,null,"Ariza Free Throw 1 of 2 (12 PTS)","115 - 104","-11"],["0041400236",632,3,12,4,"1:25 AM","0:39",null,null,"Ariza Free Throw 2 of 2 (13 PTS)","116 - 104","-12"],["0041400236",634,2,1,4,"1:25 AM","0:33","MISS Rivers 29' 3PT Jump Shot",null,null,null,null],["0041400236",635,4,0,4,"1:26 AM","0:32",null,null,"Brewer REBOUND (Off:3 Def:7)",null,null],["0041400236",636,1,1,4,"1:26 AM","0:11",null,null,"Terry 27' 3PT Jump Shot (7 PTS) (Brewer 2 AST)","119 - 104","-15"],["0041400236",637,1,1,4,"1:26 AM","0:02","Paul 26' 3PT Jump Shot (31 PTS)",null,null,"119 - 107","-12"],["0041400236",641,18,0,4,"1:27 AM","0:00",null,null,null,null,null],["0041400236",642,13,0,4,"1:27 AM","0:00",null,null,null,"119 - 107","-12"]]},{"name":"AvailableVideo","headers":["VIDEO_AVAILABLE_FLAG"],"rowSet":[[1]]}]}