{"resource":"playbyplay","parameters":{"GameID":"0041400304","StartPeriod":0,"EndPeriod":14},"resultSets":[{"name":"PlayByPlay","headers":["GAME_ID","EVENTNUM","EVENTMSGTYPE","EVENTMSGACTIONTYPE","PERIOD","WCTIMESTRING","PCTIMESTRING","HOMEDESCRIPTION","NEUTRALDESCRIPTION","VISITORDESCRIPTION","SCORE","SCOREMARGIN"],"rowSet":[["0041400304",0,12,0,1,"8:35 PM","12:00",null,null,null,null,null],["0041400304",1,10,0,1,"8:35 PM","12:00","Jump Ball Mozgov vs. Horford: Tip to Carroll",null,null,null,null],["0041400304",2,1,42,1,"8:35 PM","11:42",null,null,"Teague 1' Driving Layup (2 PTS)","2 - 0","-2"],["0041400304",3,1,78,1,"8:35 PM","11:22","Irving 8' Floating Jump Shot (2 PTS) (James 1 AST)",null,null,"2 - 2","TIE"],["0041400304",4,5,1,1,"8:35 PM","11:10","Mozgov STEAL (1 STL)",null,"Carroll Bad Pass Turnover (P1.T1)",null,null],["0041400304",5,1,5,1,"8:35 PM","11:05","Mozgov 1' Layup (2 PTS) (James 2 AST)",null,null,"2 - 4","2"],["0041400304",6,1,63,1,"8:36 PM","10:46",null,null,"Bazemore 10' Fadeaway Jumper (2 PTS) (Millsap 1 AST)","4 - 4","TIE"],["0041400304",7,2,1,1,"8:36 PM","10:19","MISS Shumpert 20' Jump Shot",null,null,null,null],["0041400304",8,4,0,1,"8:36 PM","10:18",null,null,"Millsap REBOUND (Off:0 Def:1)",null,null],["0041400304",9,2,1,1,"8:36 PM","10:07",null,null,"MISS Horford 20' Jump Shot",null,null],["0041400304",10,4,0,1,"8:36 PM","10:06","Mozgov REBOUND (Off:0 Def:1)",null,null,null,null],["0041400304",12,1,1,1,"8:37 PM","9:48","Irving 25' 3PT Jump Shot (5 PTS) (Mozgov 1 AST)",null,null,"4 - 7","3"],["0041400304",13,5,1,1,"8:37 PM","9:34","James STEAL (1 STL)",null,"Teague Bad Pass Turnover (P1.T2)",null,null],["0041400304",14,1,50,1,"8:37 PM","9:29","James  Running Dunk (2 PTS) (Shumpert 1 AST)",null,null,"4 - 9","5"],["0041400304",15,9,1,1,"8:37 PM","9:29",null,null,"Hawks Timeout: Regular (Reg.1 Short 0)",null,null],["0041400304",19,2,1,1,"8:41 PM","9:10",null,null,"MISS Carroll 16' Jump Shot",null,null],["0041400304",20,4,0,1,"8:41 PM","9:09","Thompson REBOUND (Off:0 Def:1)",null,null,null,null],["0041400304",21,1,1,1,"8:41 PM","8:55","Shumpert 24' 3PT Jump Shot (3 PTS) (James 3 AST)",null,null,"4 - 12","8"],["0041400304",22,1,78,1,"8:41 PM","8:45",null,null,"Teague 6' Floating Jump Shot (4 PTS) (Horford 1 AST)","6 - 12","6"],["0041400304",23,2,1,1,"8:42 PM","8:28","MISS Irving 11' Jump Shot",null,"Teague BLOCK (1 BLK)",null,null],["0041400304",24,4,0,1,"8:42 PM","8:26","Irving REBOUND (Off:1 Def:0)",null,null,null,null],["0041400304",25,1,1,1,"8:42 PM","8:23","Thompson 9' Jump Shot (2 PTS) (Irving 1 AST)",null,null,"6 - 14","8"],["0041400304",26,2,1,1,"8:42 PM","8:07",null,null,"MISS Bazemore 25' 3PT Jump Shot",null,null],["0041400304",27,4,0,1,"8:42 PM","8:06","Mozgov REBOUND (Off:0 Def:2)",null,null,null,null],["0041400304",28,2,1,1,"8:42 PM","7:57","MISS James 25' 3PT Jump Shot",null,null,null,null],["0041400304",29,4,0,1,"8:42 PM","7:56",null,null,"Millsap REBOUND (Off:0 Def:2)",null,null],["0041400304",30,2,1,1,"8:42 PM","7:49",null,null,"MISS Teague 25' 3PT Jump Shot",null,null],["0041400304",31,4,0,1,"8:42 PM","7:48",null,null,"Carroll REBOUND (Off:1 Def:0)",null,null],["0041400304",32,2,1,1,"8:42 PM","7:44",null,null,"MISS Millsap 25' 3PT Jump Shot",null,null],["0041400304",33,4,0,1,"8:42 PM","7:43",null,null,"Carroll REBOUND (Off:2 Def:0)",null,null],["0041400304",34,1,44,1,"8:42 PM","7:38",null,null,"Bazemore 2' Reverse Layup (4 PTS) (Carroll 1 AST)","8 - 14","6"],["0041400304",35,2,1,1,"8:43 PM","7:23","MISS Mozgov 17' Jump Shot",null,null,null,null],["0041400304",36,4,0,1,"8:43 PM","7:22",null,null,"Teague REBOUND (Off:0 Def:1)",null,null],["0041400304",37,6,2,1,"8:43 PM","7:10","Mozgov S.FOUL (P1.T1) (M.Davis)",null,null,null,null],["0041400304",38,3,11,1,"8:43 PM","7:10",null,null,"Millsap Free Throw 1 of 2 (1 PTS)","9 - 14","5"],["0041400304",40,8,0,1,"8:43 PM","7:10","SUB: Dellavedova FOR Irving",null,null,null,null],["0041400304",41,3,12,1,"8:43 PM","7:10",null,null,"Millsap Free Throw 2 of 2 (2 PTS)","10 - 14","4"],["0041400304",43,5,1,1,"8:44 PM","6:59","Mozgov Bad Pass Turnover (P1.T1)",null,"Carroll STEAL (1 STL)",null,null],["0041400304",44,5,2,1,"8:44 PM","6:54","James STEAL (2 STL)",null,"Carroll Lost Ball Turnover (P2.T3)",null,null],["0041400304",45,1,1,1,"8:44 PM","6:43","Dellavedova 28' 3PT Jump Shot (3 PTS) (Shumpert 2 AST)",null,null,"10 - 17","7"],["0041400304",48,6,4,1,"8:44 PM","6:37",null,null,"Teague OFF.Foul (P1) (M.Davis)",null,null],["0041400304",49,5,5,1,"8:44 PM","6:37",null,null,"Teague Foul Turnover (P2.T4)",null,null],["0041400304",50,8,0,1,"8:45 PM","6:37",null,null,"SUB: Mack FOR Bazemore",null,null],["0041400304",51,8,0,1,"8:45 PM","6:37",null,null,"SUB: Scott FOR Millsap",null,null],["0041400304",52,2,1,1,"8:45 PM","6:21","MISS James 21' Jump Shot",null,null,null,null],["0041400304",53,4,0,1,"8:45 PM","6:21",null,null,"Hawks Rebound",null,null],["0041400304",54,2,71,1,"8:45 PM","6:10",null,null,"MISS Teague 2' Finger Roll Layup",null,null],["0041400304",55,4,0,1,"8:45 PM","6:09","Shumpert REBOUND (Off:0 Def:1)",null,null,null,null],["0041400304",56,2,5,1,"8:45 PM","6:06","MISS James 1' Layup",null,"Horford BLOCK (1 BLK)",null,null],["0041400304",57,4,0,1,"8:45 PM","6:06","CAVALIERS Rebound",null,null,null,null],["0041400304",61,6,5,1,"8:46 PM","6:06",null,null,"Carroll IN.FOUL (P1.T1) (D.Crawford)",null,null],["0041400304",62,3,11,1,"8:46 PM","6:06","MISS James Free Throw 1 of 2",null,null,null,null],["0041400304",63,4,1,1,"8:46 PM","6:06","CAVALIERS Rebound",null,null,null,null],["0041400304",64,3,12,1,"8:46 PM","6:06","MISS James Free Throw 2 of 2",null,null,null,null],["0041400304",66,4,0,1,"8:46 PM","6:05",null,null,"Scott REBOUND (Off:0 Def:1)",null,null],["0041400304",68,2,77,1,"8:47 PM","5:43",null,null,"MISS Mack 8' Driving Jump Shot",null,null],["0041400304",69,4,0,1,"8:47 PM","5:39","James REBOUND (Off:0 Def:1)",null,null,null,null],["0041400304",70,5,40,1,"8:47 PM","5:30","Thompson Out of Bounds Lost Ball Turnover (P1.T2)",null,null,null,null],["0041400304",72,2,1,1,"8:47 PM","5:13",null,null,"MISS Scott 26' 3PT Jump Shot",null,null],["0041400304",73,4,0,1,"8:47 PM","5:12","James REBOUND (Off:0 Def:2)",null,null,null,null],["0041400304",74,2,1,1,"8:47 PM","4:59","MISS James 16' Jump Shot",null,null,null,null],["0041400304",75,4,0,1,"8:47 PM","4:58",null,null,"Mack REBOUND (Off:0 Def:1)",null,null],["0041400304",76,1,42,1,"8:48 PM","4:42",null,null,"Mack  Driving Layup (2 PTS)","12 - 17","5"],["0041400304",77,1,77,1,"8:48 PM","4:26","Dellavedova 10' Driving Jump Shot (5 PTS)",null,null,"12 - 19","7"],["0041400304",78,1,1,1,"8:48 PM","4:10",null,null,"Teague 7' Jump Shot (6 PTS)","14 - 19","5"],["0041400304",79,1,1,1,"8:48 PM","3:57","James 26' 3PT Jump Shot (5 PTS)",null,null,"14 - 22","8"],["0041400304",80,2,1,1,"8:49 PM","3:48",null,null,"MISS Mack 25' 3PT Jump Shot",null,null],["0041400304",81,4,0,1,"8:49 PM","3:47","CAVALIERS Rebound",null,null,null,null],["0041400304",82,9,1,1,"8:49 PM","3:47","CAVALIERS Timeout: Regular (Full 1 Short 0)",null,null,null,null],["0041400304",84,8,0,1,"8:52 PM","3:47","SUB: Irving FOR James",null,null,null,null],["0041400304",85,8,0,1,"8:52 PM","3:47","SUB: Smith FOR Mozgov",null,null,null,null],["0041400304",86,8,0,1,"8:52 PM","3:47","SUB: Jones FOR Dellavedova",null,null,null,null],["0041400304",87,8,0,1,"8:52 PM","3:47",null,null,"SUB: Millsap FOR Carroll",null,null],["0041400304",88,8,0,1,"8:52 PM","3:47",null,null,"SUB: Schroder FOR Horford",null,null],["0041400304",89,8,0,1,"8:52 PM","3:47",null,null,"SUB: Bazemore FOR Teague",null,null],["0041400304",90,5,41,1,"8:53 PM","3:22","Shumpert Poss Lost Ball Turnover (P1.T3)",null,"Mack STEAL (1 STL)",null,null],["0041400304",92,2,41,1,"8:53 PM","3:17",null,null,"MISS Bazemore 1' Running Layup",null,null],["0041400304",93,4,0,1,"8:53 PM","3:15","Smith REBOUND (Off:0 Def:1)",null,null,null,null],["0041400304",94,1,42,1,"8:53 PM","3:01","Irving 2' Driving Layup (7 PTS)",null,null,"14 - 24","10"],["0041400304",95,6,2,1,"8:53 PM","3:01",null,null,"Schroder S.FOUL (P1.T2) (D.Stafford)",null,null],["0041400304",96,8,0,1,"8:53 PM","3:01",null,null,"SUB: Horford FOR Scott",null,null],["0041400304",97,3,10,1,"8:53 PM","3:01","MISS Irving Free Throw 1 of 1",null,null,null,null],["0041400304",99,4,0,1,"8:54 PM","3:00",null,null,"Bazemore REBOUND (Off:0 Def:1)",null,null],["0041400304",100,1,5,1,"8:54 PM","2:39",null,null,"Bazemore 1' Layup (6 PTS) (Millsap 2 AST)","16 - 24","8"],["0041400304",101,2,1,1,"8:54 PM","2:22","MISS Jones 25' 3PT Jump Shot",null,null,null,null],["0041400304",102,4,0,1,"8:54 PM","2:20","Shumpert REBOUND (Off:1 Def:1)",null,null,null,null],["0041400304",103,1,1,1,"8:54 PM","2:15","Irving 10' Jump Shot (9 PTS) (Shumpert 3 AST)",null,null,"16 - 26","10"],["0041400304",104,1,1,1,"8:55 PM","1:54",null,null,"Millsap 6' Jump Shot (4 PTS) (Horford 2 AST)","18 - 26","8"],["0041400304",105,2,1,1,"8:55 PM","1:35","MISS Irving 24' 3PT Jump Shot",null,null,null,null],["0041400304",106,4,0,1,"8:55 PM","1:34",null,null,"Millsap REBOUND (Off:0 Def:3)",null,null],["0041400304",107,6,2,1,"8:55 PM","1:17","Jones S.FOUL (P1.T2) (M.Davis)",null,null,null,null],["0041400304",108,3,11,1,"8:56 PM","1:17",null,null,"Millsap Free Throw 1 of 2 (5 PTS)","19 - 26","7"],["0041400304",110,8,0,1,"8:56 PM","1:17","SUB: Mozgov FOR Jones",null,null,null,null],["0041400304",111,8,0,1,"8:56 PM","1:17",null,null,"SUB: Scott FOR Horford",null,null],["0041400304",112,3,12,1,"8:56 PM","1:17",null,null,"Millsap Free Throw 2 of 2 (6 PTS)","20 - 26","6"],["0041400304",114,1,75,1,"8:57 PM","1:01","Thompson 1' Driving Finger Roll Layup (4 PTS)",null,null,"20 - 28","8"],["0041400304",115,2,1,1,"8:57 PM","0:45",null,null,"MISS Millsap 5' Jump Shot",null,null],["0041400304",116,4,0,1,"8:57 PM","0:43","Irving REBOUND (Off:1 Def:1)",null,null,null,null],["0041400304",117,1,42,1,"8:57 PM","0:36","Smith 1' Driving Layup (2 PTS)",null,null,"20 - 30","10"],["0041400304",118,2,1,1,"8:57 PM","0:26",null,null,"MISS Scott 27' 3PT Jump Shot",null,null],["0041400304",119,4,0,1,"8:57 PM","0:25","Smith REBOUND (Off:0 Def:2)",null,null,null,null],["0041400304",121,2,1,1,"8:58 PM","0:03","MISS Shumpert 19' Jump Shot",null,null,null,null],["0041400304",122,4,0,1,"8:58 PM","0:02","Thompson REBOUND (Off:1 Def:1)",null,null,null,null],["0041400304",123,1,1,1,"8:58 PM","0:00","Thompson 18' Jump Shot (6 PTS)",null,null,"20 - 32","12"],["0041400304",126,18,0,1,"8:58 PM","0:00",null,null,null,null,null],["0041400304",124,13,0,1,"8:58 PM","0:00",null,null,null,"20 - 32","12"],["0041400304",127,12,0,2,"9:02 PM","12:00",null,null,null,"20 - 32","12"],["0041400304",128,1,1,2,"9:02 PM","11:40","James 18' Jump Shot (7 PTS)",null,null,"20 - 34","14"],["0041400304",129,1,1,2,"9:02 PM","11:23",null,null,"Mack 26' 3PT Jump Shot (5 PTS)","23 - 34","11"],["0041400304",130,1,1,2,"9:03 PM","10:53","James 22' Jump Shot (9 PTS)",null,null,"23 - 36","13"],["0041400304",131,1,1,2,"9:03 PM","10:45",null,null,"Millsap 14' Jump Shot (8 PTS) (Horford 3 AST)","25 - 36","11"],["0041400304",132,6,2,2,"9:03 PM","10:45","James S.FOUL (P1.T1) (D.Crawford)",null,null,null,null],["0041400304",133,3,10,2,"9:03 PM","10:45",null,null,"Millsap Free Throw 1 of 1 (9 PTS)","26 - 36","10"],["0041400304",135,2,1,2,"9:04 PM","10:32","MISS Dellavedova 25' 3PT Jump Shot",null,null,null,null],["0041400304",136,4,0,2,"9:04 PM","10:31",null,null,"Millsap REBOUND (Off:0 Def:4)",null,null],["0041400304",137,1,71,2,"9:04 PM","10:25",null,null,"Teague 1' Finger Roll Layup (8 PTS)","28 - 36","8"],["0041400304",138,1,1,2,"9:04 PM","10:07","Smith 25' 3PT Jump Shot (5 PTS) (James 4 AST)",null,null,"28 - 39","11"],["0041400304",139,2,80,2,"9:04 PM","9:51",null,null,"MISS Horford 16' Step Back Jump Shot",null,null],["0041400304",140,4,0,2,"9:04 PM","9:49","James REBOUND (Off:0 Def:3)",null,null,null,null],["0041400304",141,1,42,2,"9:05 PM","9:30","James  Driving Layup (11 PTS)",null,null,"28 - 41","13"],["0041400304",142,2,1,2,"9:05 PM","9:10",null,null,"MISS Mack 27' 3PT Jump Shot",null,null],["0041400304",143,4,0,2,"9:05 PM","9:09",null,null,"Horford REBOUND (Off:1 Def:0)",null,null],["0041400304",144,2,1,2,"9:05 PM","9:04",null,null,"MISS Millsap 24' 3PT Jump Shot",null,null],["0041400304",145,4,0,2,"9:05 PM","9:03","Smith REBOUND (Off:0 Def:3)",null,null,null,null],["0041400304",146,2,1,2,"9:06 PM","8:40","MISS Smith 24' 3PT Jump Shot",null,null,null,null],["0041400304",147,4,0,2,"9:06 PM","8:39",null,null,"Millsap REBOUND (Off:0 Def:5)",null,null],["0041400304",148,2,1,2,"9:06 PM","8:31","Shumpert BLOCK (1 BLK)",null,"MISS Mack 10' Jump Shot",null,null],["0041400304",149,4,0,2,"9:06 PM","8:29","Shumpert REBOUND (Off:1 Def:2)",null,null,null,null],["0041400304",150,1,5,2,"9:06 PM","8:24","James 2' Layup (13 PTS) (Smith 1 AST)",null,null,"28 - 43","15"],["0041400304",151,9,1,2,"9:06 PM","8:24",null,null,"Hawks Timeout: Regular (Reg.2 Short 0)",null,null],["0041400304",153,8,0,2,"9:09 PM","8:24","SUB: Jones FOR Shumpert",null,null,null,null],["0041400304",154,8,0,2,"9:09 PM","8:24",null,null,"SUB: Carroll FOR Mack",null,null],["0041400304",155,2,1,2,"9:09 PM","8:09",null,null,"MISS Horford 17' Jump Shot",null,null],["0041400304",156,4,0,2,"9:09 PM","8:08","Jones REBOUND (Off:0 Def:1)",null,null,null,null],["0041400304",157,5,2,2,"9:09 PM","8:00","James Lost Ball Turnover (P1.T4)",null,"Teague STEAL (1 STL)",null,null],["0041400304",158,6,27,2,"9:10 PM","7:56","Dellavedova Personal Block Foul (P1.T2) (D.Crawford)",null,null,null,null],["0041400304",159,1,86,2,"9:10 PM","7:38",null,null,"Millsap 14' Turnaround Fadeaway (11 PTS) (Teague 1 AST)","30 - 43","13"],["0041400304",160,6,2,2,"9:10 PM","7:38","James S.FOUL (P2.T3) (D.Stafford)",null,null,null,null],["0041400304",161,8,0,2,"9:11 PM","7:38",null,null,"SUB: Scott FOR Horford",null,null],["0041400304",162,8,0,2,"9:11 PM","7:38","SUB: Shumpert FOR Dellavedova",null,null,null,null],["0041400304",163,8,0,2,"9:11 PM","7:38","SUB: Thompson FOR Jones",null,null,null,null],["0041400304",164,3,10,2,"9:11 PM","7:38",null,null,"MISS Millsap Free Throw 1 of 1",null,null],["0041400304",166,4,0,2,"9:11 PM","7:37","Smith REBOUND (Off:0 Def:4)",null,null,null,null],["0041400304",167,2,42,2,"9:11 PM","7:19","MISS James 1' Driving Layup",null,null,null,null],["0041400304",168,4,0,2,"9:11 PM","7:17",null,null,"Millsap REBOUND (Off:0 Def:6)",null,null],["0041400304",169,2,1,2,"9:11 PM","7:10",null,null,"MISS Bazemore 25' 3PT Jump Shot",null,null],["0041400304",170,4,0,2,"9:11 PM","7:09","Shumpert REBOUND (Off:1 Def:3)",null,null,null,null],["0041400304",171,1,44,2,"9:12 PM","7:01","Mozgov  Reverse Layup (4 PTS) (James 5 AST)",null,null,"30 - 45","15"],["0041400304",172,6,2,2,"9:12 PM","7:01",null,null,"Carroll S.FOUL (P2.T1) (D.Stafford)",null,null],["0041400304",173,3,10,2,"9:12 PM","7:01","Mozgov Free Throw 1 of 1 (5 PTS)",null,null,"30 - 46","16"],["0041400304",175,1,1,2,"9:12 PM","6:53",null,null,"Teague 26' 3PT Jump Shot (11 PTS)","33 - 46","13"],["0041400304",176,1,80,2,"9:13 PM","6:24","Smith 25' 3PT Step Back Jump Shot (8 PTS)",null,null,"33 - 49","16"],["0041400304",177,6,1,2,"9:13 PM","6:15","Shumpert P.FOUL (P1.T4) (D.Crawford)",null,null,null,null],["0041400304",178,2,1,2,"9:13 PM","6:02",null,null,"MISS Teague 25' 3PT Jump Shot",null,null],["0041400304",179,4,0,2,"9:14 PM","6:01","Shumpert REBOUND (Off:1 Def:4)",null,null,null,null],["0041400304",181,9,4,2,"9:14 PM","5:55",null,null,null,null,null],["0041400304",184,8,0,2,"9:17 PM","5:55",null,null,"SUB: Mack FOR Millsap",null,null],["0041400304",185,8,0,2,"9:17 PM","5:55",null,null,"SUB: Horford FOR Bazemore",null,null],["0041400304",186,6,2,2,"9:18 PM","5:49",null,null,"Scott S.FOUL (P1.T2) (D.Crawford)",null,null],["0041400304",187,3,11,2,"9:18 PM","5:49","Mozgov Free Throw 1 of 2 (6 PTS)",null,null,"33 - 50","17"],["0041400304",189,3,12,2,"9:18 PM","5:49","Mozgov Free Throw 2 of 2 (7 PTS)",null,null,"33 - 51","18"],["0041400304",191,2,5,2,"9:19 PM","5:33","James BLOCK (1 BLK)",null,"MISS Carroll 2' Layup",null,null],["0041400304",192,4,0,2,"9:19 PM","5:31","Mozgov REBOUND (Off:0 Def:3)",null,null,null,null],["0041400304",193,1,5,2,"9:19 PM","5:25","James 1' Layup (15 PTS)",null,null,"33 - 53","20"],["0041400304",194,2,65,2,"9:19 PM","5:10",null,null,"MISS Horford 6' Jump Hook Shot",null,null],["0041400304",195,4,0,2,"9:19 PM","5:07","Thompson REBOUND (Off:1 Def:2)",null,null,null,null],["0041400304",196,2,1,2,"9:19 PM","5:02","MISS James 26' 3PT Jump Shot",null,null,null,null],["0041400304",197,4,0,2,"9:19 PM","5:01",null,null,"Horford REBOUND (Off:1 Def:1)",null,null],["0041400304",198,1,5,2,"9:19 PM","4:57",null,null,"Carroll  Layup (2 PTS) (Scott 1 AST)","35 - 53","18"],["0041400304",199,6,1,2,"9:20 PM","4:40",null,null,"Scott P.FOUL (P2.T3) (D.Crawford)",null,null],["0041400304",200,8,0,2,"9:20 PM","4:40",null,null,"SUB: Millsap FOR Scott",null,null],["0041400304",201,2,1,2,"9:20 PM","4:34","MISS Smith 25' 3PT Jump Shot",null,null,null,null],["0041400304",202,4,0,2,"9:20 PM","4:33","Thompson REBOUND (Off:2 Def:2)",null,null,null,null],["0041400304",203,1,5,2,"9:20 PM","4:21","Smith 1' Layup (10 PTS) (James 6 AST)",null,null,"35 - 55","20"],["0041400304",204,2,1,2,"9:21 PM","3:59",null,null,"MISS Carroll 25' 3PT Jump Shot",null,null],["0041400304",205,4,0,2,"9:21 PM","3:58","James REBOUND (Off:0 Def:4)",null,null,null,null],["0041400304",206,2,1,2,"9:21 PM","3:53","MISS Mozgov 3' Jump Shot",null,null,null,null],["0041400304",207,4,0,2,"9:21 PM","3:49",null,null,"Carroll REBOUND (Off:2 Def:1)",null,null],["0041400304",208,2,1,2,"9:21 PM","3:41",null,null,"MISS Millsap 25' 3PT Jump Shot",null,null],["0041400304",209,4,0,2,"9:21 PM","3:39","Thompson REBOUND (Off:2 Def:3)",null,null,null,null],["0041400304",210,9,1,2,"9:21 PM","3:39","CAVALIERS Timeout: Regular (Full 2 Short 0)",null,null,null,null],["0041400304",212,8,0,2,"9:24 PM","3:39",null,null,"SUB: Bazemore FOR Teague",null,null],["0041400304",213,8,0,2,"9:24 PM","3:39","SUB: Irving FOR James",null,null,null,null],["0041400304",214,2,1,2,"9:25 PM","3:15","MISS Mozgov 15' Jump Shot",null,null,null,null],["0041400304",215,4,0,2,"9:25 PM","3:13",null,null,"Mack REBOUND (Off:0 Def:2)",null,null],["0041400304",216,1,57,2,"9:25 PM","2:58",null,null,"Carroll 5' Driving Hook Shot (4 PTS) (Horford 4 AST)","37 - 55","18"],["0041400304",217,2,1,2,"9:25 PM","2:43","MISS Smith 25' 3PT Jump Shot",null,null,null,null],["0041400304",218,4,0,2,"9:25 PM","2:42","CAVALIERS Rebound",null,null,null,null],["0041400304",219,2,1,2,"9:26 PM","2:29","MISS Shumpert  3PT Jump Shot",null,null,null,null],["0041400304",220,4,0,2,"9:26 PM","2:28","Mozgov REBOUND (Off:1 Def:3)",null,null,null,null],["0041400304",221,6,2,2,"9:26 PM","2:20",null,null,"Mack S.FOUL (P1.T4) (D.Stafford)",null,null],["0041400304",222,3,11,2,"9:26 PM","2:20","Irving Free Throw 1 of 2 (10 PTS)",null,null,"37 - 56","19"],["0041400304",224,8,0,2,"9:26 PM","2:20",null,null,"SUB: Teague FOR Mack",null,null],["0041400304",225,8,0,2,"9:26 PM","2:20","SUB: Dellavedova FOR Shumpert",null,null,null,null],["0041400304",226,3,12,2,"9:27 PM","2:20","Irving Free Throw 2 of 2 (11 PTS)",null,null,"37 - 57","20"],["0041400304",228,1,42,2,"9:27 PM","2:07",null,null,"Teague  Driving Layup (13 PTS)","39 - 57","18"],["0041400304",229,1,52,2,"9:27 PM","1:45","Mozgov  Alley Oop Dunk (9 PTS) (Irving 2 AST)",null,null,"39 - 59","20"],["0041400304",230,6,2,2,"9:28 PM","1:33","Mozgov S.FOUL (P2.PN) (D.Stafford)",null,null,null,null],["0041400304",231,3,11,2,"9:28 PM","1:33",null,null,"MISS Millsap Free Throw 1 of 2",null,null],["0041400304",232,4,1,2,"9:28 PM","1:33",null,null,"Hawks Rebound",null,null],["0041400304",234,8,0,2,"9:28 PM","1:33","SUB: James FOR Mozgov",null,null,null,null],["0041400304",235,3,12,2,"9:28 PM","1:33",null,null,"Millsap Free Throw 2 of 2 (12 PTS)","40 - 59","19"],["0041400304",237,2,1,2,"9:29 PM","1:11","MISS James  3PT Jump Shot",null,null,null,null],["0041400304",238,4,0,2,"9:29 PM","1:10",null,null,"Carroll REBOUND (Off:2 Def:2)",null,null],["0041400304",239,2,5,2,"9:29 PM","1:01",null,null,"MISS Bazemore 1' Layup",null,null],["0041400304",240,4,0,2,"9:29 PM","1:00","Smith REBOUND (Off:0 Def:5)",null,null,null,null],["0041400304",241,6,4,2,"9:29 PM","0:56","Thompson OFF.Foul (P1) (D.Stafford)",null,null,null,null],["0041400304",242,5,5,2,"9:29 PM","0:56","Thompson Foul Turnover (P2.T5)",null,null,null,null],["0041400304",243,2,42,2,"9:30 PM","0:34",null,null,"MISS Bazemore 2' Driving Layup",null,null],["0041400304",244,4,0,2,"9:30 PM","0:32",null,null,"Millsap REBOUND (Off:1 Def:6)",null,null],["0041400304",245,1,5,2,"9:30 PM","0:32",null,null,"Millsap 1' Layup (14 PTS)","42 - 59","17"],["0041400304",246,2,1,2,"9:30 PM","0:12","MISS Irving 7' Jump Shot",null,"Carroll BLOCK (1 BLK)",null,null],["0041400304",247,4,0,2,"9:30 PM","0:10","Dellavedova REBOUND (Off:1 Def:0)",null,null,null,null],["0041400304",248,2,1,2,"9:30 PM","0:06","MISS Irving 19' Jump Shot",null,null,null,null],["0041400304",249,4,0,2,"9:31 PM","0:04","Thompson REBOUND (Off:3 Def:3)",null,null,null,null],["0041400304",250,2,1,2,"9:31 PM","0:00","MISS Smith 31' 3PT Jump Shot",null,null,null,null],["0041400304",251,4,0,2,"9:31 PM","0:00","CAVALIERS Rebound",null,null,null,null],["0041400304",255,6,16,2,"9:31 PM","0:00",null,null,null,null,null],["0041400304",254,18,1,2,"9:31 PM","0:00",null,null,null,null,null],["0041400304",252,13,0,2,"9:31 PM","0:00",null,null,null,"42 - 59","17"],["0041400304",257,12,0,3,"9:49 PM","12:00",null,null,null,"42 - 59","17"],["0041400304",258,5,1,3,"9:50 PM","11:48","Mozgov Bad Pass Turnover (P2.T6)",null,null,null,null],["0041400304",259,2,1,3,"9:50 PM","11:30",null,null,"MISS Bazemore 26' 3PT Jump Shot",null,null],["0041400304",260,4,0,3,"9:50 PM","11:29","James REBOUND (Off:0 Def:5)",null,null,null,null],["0041400304",261,1,1,3,"9:50 PM","11:18","Irving 25' 3PT Jump Shot (14 PTS) (James 7 AST)",null,null,"42 - 62","20"],["0041400304",262,2,1,3,"9:50 PM","11:02",null,null,"MISS Carroll 26' 3PT Jump Shot",null,null],["0041400304",263,4,0,3,"9:50 PM","11:01","Thompson REBOUND (Off:3 Def:4)",null,null,null,null],["0041400304",264,6,2,3,"9:51 PM","10:53",null,null,"Millsap S.FOUL (P1.T1) (D.Stafford)",null,null],["0041400304",265,3,11,3,"9:51 PM","10:53","Thompson Free Throw 1 of 2 (7 PTS)",null,null,"42 - 63","21"],["0041400304",267,3,12,3,"9:51 PM","10:53","MISS Thompson Free Throw 2 of 2",null,null,null,null],["0041400304",269,4,0,3,"9:51 PM","10:52",null,null,"Carroll REBOUND (Off:2 Def:3)",null,null],["0041400304",270,2,1,3,"9:52 PM","10:42",null,null,"MISS Teague 25' 3PT Jump Shot",null,null],["0041400304",271,4,0,3,"9:52 PM","10:41","Thompson REBOUND (Off:3 Def:5)",null,null,null,null],["0041400304",272,2,65,3,"9:52 PM","10:26","MISS Thompson 5' Jump Hook Shot",null,null,null,null],["0041400304",273,4,0,3,"9:52 PM","10:25","Mozgov REBOUND (Off:2 Def:3)",null,null,null,null],["0041400304",274,2,1,3,"9:52 PM","10:21","MISS Shumpert 24' 3PT Jump Shot",null,null,null,null],["0041400304",275,4,0,3,"9:52 PM","10:20",null,null,"Carroll REBOUND (Off:2 Def:4)",null,null],["0041400304",276,2,77,3,"9:52 PM","10:12",null,null,"MISS Millsap 9' Driving Jump Shot",null,null],["0041400304",277,4,0,3,"9:52 PM","10:09","James REBOUND (Off:0 Def:6)",null,null,null,null],["0041400304",278,6,1,3,"9:52 PM","10:00",null,null,"Carroll P.FOUL (P3.T2) (M.Davis)",null,null],["0041400304",279,2,47,3,"9:53 PM","9:48","MISS Mozgov 8' Turnaround Jump Shot",null,null,null,null],["0041400304",280,4,0,3,"9:53 PM","9:46",null,null,"Bazemore REBOUND (Off:0 Def:2)",null,null],["0041400304",281,1,42,3,"9:53 PM","9:34",null,null,"Teague  Driving Layup (15 PTS) (Millsap 3 AST)","44 - 63","19"],["0041400304",282,1,1,3,"9:53 PM","9:16","James 24' 3PT Jump Shot (18 PTS) (Irving 3 AST)",null,null,"44 - 66","22"],["0041400304",283,1,42,3,"9:54 PM","9:03",null,null,"Teague 1' Driving Layup (17 PTS)","46 - 66","20"],["0041400304",284,6,2,3,"9:54 PM","8:49",null,null,"Horford S.FOUL (P1.T3) (D.Stafford)",null,null],["0041400304",285,3,11,3,"9:54 PM","8:49","Mozgov Free Throw 1 of 2 (10 PTS)",null,null,"46 - 67","21"],["0041400304",287,3,12,3,"9:54 PM","8:49","MISS Mozgov Free Throw 2 of 2",null,null,null,null],["0041400304",289,4,0,3,"9:55 PM","8:48",null,null,"Bazemore REBOUND (Off:0 Def:3)",null,null],["0041400304",290,2,1,3,"9:55 PM","8:37",null,null,"MISS Millsap 25' 3PT Jump Shot",null,null],["0041400304",291,4,0,3,"9:55 PM","8:36","Shumpert REBOUND (Off:1 Def:5)",null,null,null,null],["0041400304",292,2,79,3,"9:55 PM","8:20","MISS Thompson 13' Pullup Jump Shot",null,null,null,null],["0041400304",293,4,0,3,"9:55 PM","8:20",null,null,"Bazemore REBOUND (Off:0 Def:4)",null,null],["0041400304",294,6,2,3,"9:55 PM","8:16","Irving S.FOUL (P1.T1) (D.Stafford)",null,null,null,null],["0041400304",295,3,11,3,"9:56 PM","8:16",null,null,"Bazemore Free Throw 1 of 2 (7 PTS)","47 - 67","20"],["0041400304",297,3,12,3,"9:56 PM","8:16",null,null,"Bazemore Free Throw 2 of 2 (8 PTS)","48 - 67","19"],["0041400304",299,6,2,3,"9:56 PM","8:01",null,null,"Millsap S.FOUL (P2.T4) (D.Stafford)",null,null],["0041400304",300,3,11,3,"9:57 PM","8:01","MISS James Free Throw 1 of 2",null,null,null,null],["0041400304",301,4,1,3,"9:57 PM","8:01","CAVALIERS Rebound",null,null,null,null],["0041400304",302,3,12,3,"9:57 PM","8:01","James Free Throw 2 of 2 (19 PTS)",null,null,"48 - 68","20"],["0041400304",304,6,1,3,"9:57 PM","7:50","Mozgov P.FOUL (P3.T2) (D.Stafford)",null,null,null,null],["0041400304",305,1,1,3,"9:58 PM","7:37",null,null,"Carroll 25' 3PT Jump Shot (7 PTS) (Millsap 4 AST)","51 - 68","17"],["0041400304",306,2,1,3,"9:58 PM","7:12","MISS James 17' Jump Shot",null,null,null,null],["0041400304",307,4,0,3,"9:58 PM","7:11",null,null,"Carroll REBOUND (Off:2 Def:5)",null,null],["0041400304",308,1,44,3,"9:58 PM","7:04",null,null,"Millsap  Reverse Layup (16 PTS) (Horford 5 AST)","53 - 68","15"],["0041400304",309,1,42,3,"9:58 PM","6:51","Irving 1' Driving Layup (16 PTS)",null,null,"53 - 70","17"],["0041400304",310,5,1,3,"9:59 PM","6:44","Irving STEAL (1 STL)",null,"Teague Bad Pass Turnover (P3.T5)",null,null],["0041400304",311,5,1,3,"9:59 PM","6:38","Irving Bad Pass Turnover (P1.T7)",null,null,null,null],["0041400304",312,8,0,3,"9:59 PM","6:38","SUB: Smith FOR Mozgov",null,null,null,null],["0041400304",314,9,1,3,"9:59 PM","6:38",null,null,"Hawks Timeout: Regular (Reg.3 Short 0)",null,null],["0041400304",316,8,0,3,"10:02 PM","6:38","SUB: Mozgov FOR Irving",null,null,null,null],["0041400304",318,2,1,3,"10:03 PM","6:24",null,null,"MISS Carroll 25' 3PT Jump Shot",null,null],["0041400304",319,4,0,3,"10:03 PM","6:23",null,null,"Millsap REBOUND (Off:2 Def:6)",null,null],["0041400304",320,1,89,3,"10:03 PM","6:17",null,null,"Bazemore  Reverse Slam Dunk (10 PTS) (Millsap 5 AST)","55 - 70","15"],["0041400304",321,2,1,3,"10:03 PM","5:55","MISS James 26' 3PT Jump Shot",null,null,null,null],["0041400304",322,4,0,3,"10:03 PM","5:53",null,null,"Bazemore REBOUND (Off:0 Def:5)",null,null],["0041400304",323,2,1,3,"10:03 PM","5:45",null,null,"MISS Carroll 25' 3PT Jump Shot",null,null],["0041400304",324,4,0,3,"10:03 PM","5:44","James REBOUND (Off:0 Def:7)",null,null,null,null],["0041400304",325,2,66,3,"10:03 PM","5:28","MISS Shumpert 12' Jump Bank Shot",null,null,null,null],["0041400304",326,4,0,3,"10:03 PM","5:26",null,null,"Millsap REBOUND (Off:2 Def:7)",null,null],["0041400304",327,2,1,3,"10:04 PM","5:21",null,null,"MISS Teague 25' 3PT Jump Shot",null,null],["0041400304",328,4,0,3,"10:04 PM","5:20","James REBOUND (Off:0 Def:8)",null,null,null,null],["0041400304",329,6,2,3,"10:04 PM","5:16",null,null,"Teague S.FOUL (P2.PN) (D.Crawford)",null,null],["0041400304",330,3,11,3,"10:04 PM","5:16","Thompson Free Throw 1 of 2 (8 PTS)",null,null,"55 - 71","16"],["0041400304",332,8,0,3,"10:04 PM","5:16",null,null,"SUB: Mack FOR Carroll",null,null],["0041400304",333,3,12,3,"10:04 PM","5:16","MISS Thompson Free Throw 2 of 2",null,null,null,null],["0041400304",335,4,0,3,"10:05 PM","5:15",null,null,"Bazemore REBOUND (Off:0 Def:6)",null,null],["0041400304",336,2,1,3,"10:05 PM","5:01","Mozgov BLOCK (1 BLK)",null,"MISS Horford 18' Jump Shot",null,null],["0041400304",337,4,0,3,"10:05 PM","4:58","Smith REBOUND (Off:0 Def:6)",null,null,null,null],["0041400304",338,2,1,3,"10:05 PM","4:52","MISS Smith 26' 3PT Jump Shot",null,null,null,null],["0041400304",340,4,0,3,"10:05 PM","4:49","Shumpert REBOUND (Off:2 Def:5)",null,null,null,null],["0041400304",339,2,87,3,"10:05 PM","4:49","MISS Shumpert  Putback Dunk",null,null,null,null],["0041400304",341,4,0,3,"10:05 PM","4:48","Thompson REBOUND (Off:4 Def:5)",null,null,null,null],["0041400304",342,1,65,3,"10:05 PM","4:47","Thompson 3' Jump Hook Shot (10 PTS)",null,null,"55 - 73","18"],["0041400304",343,1,56,3,"10:05 PM","4:35",null,null,"Horford 6' Running Hook Shot (2 PTS)","57 - 73","16"],["0041400304",344,6,1,3,"10:06 PM","4:20",null,null,"Mack P.FOUL (P2.PN) (D.Stafford)",null,null],["0041400304",345,3,11,3,"10:06 PM","4:20","MISS Thompson Free Throw 1 of 2",null,null,null,null],["0041400304",346,4,1,3,"10:06 PM","4:20","CAVALIERS Rebound",null,null,null,null],["0041400304",347,8,0,3,"10:06 PM","4:20",null,null,"SUB: Scott FOR Horford",null,null],["0041400304",348,8,0,3,"10:06 PM","4:20","SUB: Jones FOR Mozgov",null,null,null,null],["0041400304",349,8,0,3,"10:06 PM","4:20","SUB: Irving FOR Shumpert",null,null,null,null],["0041400304",350,3,12,3,"10:06 PM","4:20","MISS Thompson Free Throw 2 of 2",null,null,null,null],["0041400304",352,4,0,3,"10:07 PM","4:19",null,null,"Hawks Rebound",null,null],["0041400304",353,6,3,3,"10:07 PM","4:19","Smith L.B.FOUL (P1.T3) (M.Davis)",null,null,null,null],["0041400304",354,2,1,3,"10:07 PM","4:01",null,null,"MISS Millsap 11' Jump Shot",null,null],["0041400304",355,4,0,3,"10:07 PM","3:59","Irving REBOUND (Off:1 Def:2)",null,null,null,null],["0041400304",356,2,42,3,"10:07 PM","3:49","MISS James 1' Driving Layup",null,null,null,null],["0041400304",358,4,0,3,"10:08 PM","3:45","Thompson REBOUND (Off:5 Def:5)",null,null,null,null],["0041400304",357,1,87,3,"10:08 PM","3:45","Thompson  Putback Dunk (12 PTS)",null,null,"57 - 75","18"],["0041400304",359,2,1,3,"10:08 PM","3:28",null,null,"MISS Bazemore 24' 3PT Jump Shot",null,null],["0041400304",360,4,0,3,"10:08 PM","3:26","James REBOUND (Off:0 Def:9)",null,null,null,null],["0041400304",361,1,52,3,"10:08 PM","3:17","Thompson  Alley Oop Dunk (14 PTS) (Smith 2 AST)",null,null,"57 - 77","20"],["0041400304",362,9,1,3,"10:08 PM","3:16",null,null,"Hawks Timeout: Regular (Reg.4 Short 0)",null,null],["0041400304",365,8,0,3,"10:11 PM","3:16",null,null,"SUB: Carroll FOR Bazemore",null,null],["0041400304",366,8,0,3,"10:11 PM","3:16",null,null,"SUB: Schroder FOR Teague",null,null],["0041400304",367,6,2,3,"10:12 PM","2:56","Smith S.FOUL (P2.T4) (M.Davis)",null,null,null,null],["0041400304",368,3,11,3,"10:12 PM","2:56",null,null,"MISS Mack Free Throw 1 of 2",null,null],["0041400304",369,4,1,3,"10:12 PM","2:56",null,null,"Hawks Rebound",null,null],["0041400304",370,3,12,3,"10:12 PM","2:56",null,null,"Mack Free Throw 2 of 2 (6 PTS)","58 - 77","19"],["0041400304",372,6,1,3,"10:13 PM","2:54",null,null,"Scott P.FOUL (P3.PN) (D.Crawford)",null,null],["0041400304",373,3,11,3,"10:13 PM","2:54","Thompson Free Throw 1 of 2 (15 PTS)",null,null,"58 - 78","20"],["0041400304",375,3,12,3,"10:13 PM","2:54","Thompson Free Throw 2 of 2 (16 PTS)",null,null,"58 - 79","21"],["0041400304",377,2,42,3,"10:14 PM","2:43","Irving BLOCK (1 BLK)",null,"MISS Schroder 2' Driving Layup",null,null],["0041400304",378,4,0,3,"10:14 PM","2:41","Thompson REBOUND (Off:5 Def:6)",null,null,null,null],["0041400304",379,1,41,3,"10:14 PM","2:36","James  Running Layup (21 PTS) (Jones 1 AST)",null,null,"58 - 81","23"],["0041400304",380,2,80,3,"10:14 PM","2:10",null,null,"MISS Mack 19' Step Back Jump Shot",null,null],["0041400304",381,4,0,3,"10:14 PM","2:10",null,null,"Hawks Rebound",null,null],["0041400304",382,5,11,3,"10:14 PM","2:10",null,null,"Hawks Turnover: Shot Clock (T#6)",null,null],["0041400304",383,2,1,3,"10:15 PM","1:55","MISS Irving 20' Jump Shot",null,null,null,null],["0041400304",384,4,0,3,"10:15 PM","1:53",null,null,"Millsap REBOUND (Off:2 Def:8)",null,null],["0041400304",385,2,5,3,"10:15 PM","1:48","Thompson BLOCK (1 BLK)",null,"MISS Millsap 2' Layup",null,null],["0041400304",386,4,0,3,"10:15 PM","1:46","Irving REBOUND (Off:1 Def:3)",null,null,null,null],["0041400304",387,1,5,3,"10:15 PM","1:43","James 2' Layup (23 PTS) (Irving 4 AST)",null,null,"58 - 83","25"],["0041400304",388,2,1,3,"10:15 PM","1:28",null,null,"MISS Mack 26' 3PT Jump Shot",null,null],["0041400304",389,4,0,3,"10:15 PM","1:26","Smith REBOUND (Off:0 Def:7)",null,null,null,null],["0041400304",390,5,2,3,"10:16 PM","1:10","Smith Lost Ball Turnover (P1.T8)",null,"Mack STEAL (2 STL)",null,null],["0041400304",391,1,5,3,"10:16 PM","1:05",null,null,"Mack 1' Layup (8 PTS)","60 - 83","23"],["0041400304",392,9,1,3,"10:16 PM","0:56","CAVALIERS Timeout: Regular (Full 3 Short 0)",null,null,null,null],["0041400304",394,8,0,3,"10:18 PM","0:56","SUB: Shumpert FOR James",null,null,null,null],["0041400304",395,8,0,3,"10:18 PM","0:56",null,null,"SUB: Horford FOR Millsap",null,null],["0041400304",396,8,0,3,"10:18 PM","0:56","SUB: Mozgov FOR Thompson",null,null,null,null],["0041400304",397,2,1,3,"10:18 PM","0:46","MISS Jones 23' Jump Shot",null,null,null,null],["0041400304",398,4,0,3,"10:18 PM","0:45",null,null,"Carroll REBOUND (Off:2 Def:6)",null,null],["0041400304",399,6,2,3,"10:18 PM","0:34","Mozgov S.FOUL (P4.PN) (D.Crawford)",null,null,null,null],["0041400304",400,3,11,3,"10:19 PM","0:34",null,null,"MISS Carroll Free Throw 1 of 2",null,null],["0041400304",401,4,1,3,"10:19 PM","0:34",null,null,"Hawks Rebound",null,null],["0041400304",402,3,12,3,"10:19 PM","0:34",null,null,"MISS Carroll Free Throw 2 of 2",null,null],["0041400304",404,4,0,3,"10:19 PM","0:32","Smith REBOUND (Off:0 Def:8)",null,null,null,null],["0041400304",405,1,52,3,"10:19 PM","0:21","Mozgov  Alley Oop Dunk (12 PTS) (Irving 5 AST)",null,null,"60 - 85","25"],["0041400304",406,2,1,3,"10:20 PM","0:00","Mozgov BLOCK (2 BLK)",null,"MISS Schroder 5' Jump Shot",null,null],["0041400304",407,4,0,3,"10:20 PM","0:00","Shumpert REBOUND (Off:2 Def:6)",null,null,null,null],["0041400304",408,2,1,3,"10:20 PM","0:00","MISS Shumpert 77' 3PT Jump Shot",null,null,null,null],["0041400304",409,4,0,3,"10:20 PM","0:00","CAVALIERS Rebound",null,null,null,null],["0041400304",410,13,0,3,"10:20 PM","0:00",null,null,null,"60 - 85","25"],["0041400304",412,12,0,4,"10:24 PM","12:00",null,null,null,"60 - 85","25"],["0041400304",413,2,1,4,"10:24 PM","11:47",null,null,"MISS Scott 24' 3PT Jump Shot",null,null],["0041400304",414,4,0,4,"10:24 PM","11:46","Smith REBOUND (Off:0 Def:9)",null,null,null,null],["0041400304",415,6,2,4,"10:24 PM","11:27",null,null,"Schroder S.FOUL (P2.T1) (D.Crawford)",null,null],["0041400304",416,3,11,4,"10:25 PM","11:27","Dellavedova Free Throw 1 of 2 (6 PTS)",null,null,"60 - 86","26"],["0041400304",418,3,12,4,"10:25 PM","11:27","Dellavedova Free Throw 2 of 2 (7 PTS)",null,null,"60 - 87","27"],["0041400304",420,1,42,4,"10:25 PM","11:14",null,null,"Muscala  Driving Layup (2 PTS) (Schroder 1 AST)","62 - 87","25"],["0041400304",421,2,1,4,"10:26 PM","10:52","MISS Jones 25' 3PT Jump Shot",null,null,null,null],["0041400304",422,4,0,4,"10:26 PM","10:51",null,null,"Bazemore REBOUND (Off:0 Def:7)",null,null],["0041400304",423,6,2,4,"10:26 PM","10:47","Jones S.FOUL (P2.T1) (M.Davis)",null,null,null,null],["0041400304",424,3,11,4,"10:26 PM","10:47",null,null,"MISS Bazemore Free Throw 1 of 2",null,null],["0041400304",425,4,1,4,"10:26 PM","10:47",null,null,"Hawks Rebound",null,null],["0041400304",426,3,12,4,"10:26 PM","10:47",null,null,"MISS Bazemore Free Throw 2 of 2",null,null],["0041400304",428,4,0,4,"10:27 PM","10:47","Mozgov REBOUND (Off:2 Def:4)",null,null,null,null],["0041400304",429,2,84,4,"10:27 PM","10:28","MISS Dellavedova 5' Running Bank Shot",null,null,null,null],["0041400304",431,4,0,4,"10:27 PM","10:26","Mozgov REBOUND (Off:3 Def:4)",null,null,null,null],["0041400304",430,1,87,4,"10:27 PM","10:26","Mozgov  Putback Dunk (14 PTS)",null,null,"62 - 89","27"],["0041400304",432,1,80,4,"10:27 PM","10:11",null,null,"Muscala 20' Step Back Jump Shot (4 PTS)","64 - 89","25"],["0041400304",433,1,1,4,"10:28 PM","9:52","Smith 24' 3PT Jump Shot (13 PTS)",null,null,"64 - 92","28"],["0041400304",434,2,1,4,"10:28 PM","9:43",null,null,"MISS Schroder 25' 3PT Jump Shot",null,null],["0041400304",435,4,0,4,"10:28 PM","9:42",null,null,"Jenkins REBOUND (Off:1 Def:0)",null,null],["0041400304",436,1,42,4,"10:28 PM","9:32",null,null,"Schroder 1' Driving Layup (2 PTS)","66 - 92","26"],["0041400304",437,2,1,4,"10:28 PM","9:10","MISS Smith  3PT Jump Shot",null,null,null,null],["0041400304",438,4,0,4,"10:28 PM","9:09",null,null,"Muscala REBOUND (Off:0 Def:1)",null,null],["0041400304",439,1,78,4,"10:28 PM","8:59",null,null,"Jenkins 7' Floating Jump Shot (2 PTS) (Bazemore 1 AST)","68 - 92","24"],["0041400304",440,5,1,4,"10:29 PM","8:29","Smith Bad Pass Turnover (P2.T9)",null,null,null,null],["0041400304",441,9,4,4,"10:29 PM","8:29",null,null,null,null,null],["0041400304",445,1,40,4,"10:32 PM","8:20",null,null,"Jenkins 1' Layup (4 PTS) (Bazemore 2 AST)","70 - 92","22"],["0041400304",446,1,1,4,"10:33 PM","8:02","Jones  3PT Jump Shot (3 PTS) (Smith 3 AST)",null,null,"70 - 95","25"],["0041400304",447,2,78,4,"10:33 PM","7:51","Mozgov BLOCK (3 BLK)",null,"MISS Schroder 5' Floating Jump Shot",null,null],["0041400304",448,4,0,4,"10:33 PM","7:49","Smith REBOUND (Off:0 Def:10)",null,null,null,null],["0041400304",449,1,1,4,"10:33 PM","7:36","Smith 25' 3PT Jump Shot (16 PTS) (Shumpert 4 AST)",null,null,"70 - 98","28"],["0041400304",450,6,2,4,"10:33 PM","7:23","Mozgov S.FOUL (P5.T2) (D.Crawford)",null,null,null,null],["0041400304",451,3,11,4,"10:34 PM","7:23",null,null,"Bazemore Free Throw 1 of 2 (11 PTS)","71 - 98","27"],["0041400304",454,8,0,4,"10:34 PM","7:23",null,null,"SUB: Mack FOR Scott",null,null],["0041400304",455,3,12,4,"10:34 PM","7:23",null,null,"Bazemore Free Throw 2 of 2 (12 PTS)","72 - 98","26"],["0041400304",457,2,1,4,"10:35 PM","7:02","MISS Smith 11' Jump Shot",null,null,null,null],["0041400304",459,4,0,4,"10:35 PM","7:02","Dellavedova REBOUND (Off:2 Def:0)",null,null,null,null],["0041400304",458,1,4,4,"10:35 PM","7:02","Dellavedova 1' Tip Shot (9 PTS)",null,null,"72 - 100","28"],["0041400304",460,6,2,4,"10:35 PM","7:02",null,null,"Schroder S.FOUL (P3.T2) (M.Davis)",null,null],["0041400304",461,8,0,4,"10:35 PM","7:02",null,null,"SUB: Scott FOR Bazemore",null,null],["0041400304",462,3,10,4,"10:35 PM","7:02","Dellavedova Free Throw 1 of 1 (10 PTS)",null,null,"72 - 101","29"],["0041400304",464,1,42,4,"10:36 PM","6:44",null,null,"Schroder 1' Driving Layup (4 PTS)","74 - 101","27"],["0041400304",466,1,5,4,"10:36 PM","6:16","Smith 2' Layup (18 PTS) (Dellavedova 1 AST)",null,null,"74 - 103","29"],["0041400304",467,5,13,4,"10:37 PM","6:00",null,null,"Scott Backcourt Turnover (P1.T7)",null,null],["0041400304",468,9,1,4,"10:37 PM","6:00","CAVALIERS Timeout: Regular (Full 4 Short 0)",null,null,null,null],["0041400304",471,8,0,4,"10:40 PM","6:00","SUB: Harris FOR Shumpert",null,null,null,null],["0041400304",472,2,1,4,"10:41 PM","5:48","MISS Dellavedova 11' Jump Shot",null,null,null,null],["0041400304",473,4,0,4,"10:41 PM","5:47",null,null,"Scott REBOUND (Off:0 Def:2)",null,null],["0041400304",474,1,1,4,"10:41 PM","5:36",null,null,"Jenkins 26' 3PT Jump Shot (7 PTS) (Schroder 2 AST)","77 - 103","26"],["0041400304",475,6,1,4,"10:41 PM","5:26",null,null,"Schroder P.FOUL (P4.T3) (M.Davis)",null,null],["0041400304",476,8,0,4,"10:42 PM","5:26","SUB: Miller FOR Mozgov",null,null,null,null],["0041400304",477,8,0,4,"10:42 PM","5:26","SUB: Perkins FOR Dellavedova",null,null,null,null],["0041400304",478,8,0,4,"10:42 PM","5:26","SUB: Marion FOR Smith",null,null,null,null],["0041400304",479,2,65,4,"10:42 PM","5:10","MISS Perkins 7' Jump Hook Shot",null,null,null,null],["0041400304",480,4,0,4,"10:42 PM","5:08",null,null,"Scott REBOUND (Off:0 Def:3)",null,null],["0041400304",481,6,1,4,"10:42 PM","5:06","Harris P.FOUL (P1.T3) (D.Stafford)",null,null,null,null],["0041400304",482,6,1,4,"10:42 PM","5:04","Miller P.FOUL (P1.T4) (D.Stafford)",null,null,null,null],["0041400304",483,2,1,4,"10:43 PM","4:52",null,null,"MISS Muscala 24' 3PT Jump Shot",null,null],["0041400304",484,4,0,4,"10:43 PM","4:51",null,null,"Scott REBOUND (Off:1 Def:3)",null,null],["0041400304",485,1,42,4,"10:43 PM","4:43",null,null,"Mack 1' Driving Layup (10 PTS) (Scott 2 AST)","79 - 103","24"],["0041400304",486,1,1,4,"10:43 PM","4:27","Harris 24' 3PT Jump Shot (3 PTS)",null,null,"79 - 106","27"],["0041400304",487,1,58,4,"10:44 PM","4:02",null,null,"Scott 12' Turnaround Hook Shot (2 PTS) (Mack 1 AST)","81 - 106","25"],["0041400304",488,1,65,4,"10:44 PM","3:35","Perkins 7' Jump Hook Shot (2 PTS)",null,null,"81 - 108","27"],["0041400304",489,2,1,4,"10:44 PM","3:27",null,null,"MISS Mack 27' 3PT Jump Shot",null,null],["0041400304",490,4,0,4,"10:44 PM","3:26","Harris REBOUND (Off:0 Def:1)",null,null,null,null],["0041400304",491,6,2,4,"10:45 PM","3:09",null,null,"Schroder S.FOUL (P5.T4) (D.Stafford)",null,null],["0041400304",492,3,11,4,"10:45 PM","3:09","Harris Free Throw 1 of 2 (4 PTS)",null,null,"81 - 109","28"],["0041400304",494,3,12,4,"10:45 PM","3:09","Harris Free Throw 2 of 2 (5 PTS)",null,null,"81 - 110","29"],["0041400304",496,2,1,4,"10:45 PM","3:00",null,null,"MISS Schroder 14' Jump Shot",null,null],["0041400304",497,4,0,4,"10:45 PM","2:59","Perkins REBOUND (Off:0 Def:1)",null,null,null,null],["0041400304",498,1,75,4,"10:46 PM","2:42","Harris  Driving Finger Roll Layup (7 PTS)",null,null,"81 - 112","31"],["0041400304",499,5,1,4,"10:46 PM","2:30","Jones STEAL (1 STL)",null,"Schroder Bad Pass Turnover (P1.T8)",null,null],["0041400304",500,2,1,4,"10:46 PM","2:12","MISS Jones  3PT Jump Shot",null,null,null,null],["0041400304",501,4,0,4,"10:46 PM","2:11",null,null,"Schroder REBOUND (Off:0 Def:1)",null,null],["0041400304",502,1,5,4,"10:46 PM","2:06",null,null,"Muscala 1' Layup (6 PTS) (Schroder 3 AST)","83 - 112","29"],["0041400304",503,6,1,4,"10:47 PM","2:01",null,null,"Jenkins P.FOUL (P1.PN) (M.Davis)",null,null],["0041400304",504,9,1,4,"10:49 PM","2:01",null,null,"Hawks Timeout: Regular (Reg.5 Short 0)",null,null],["0041400304",505,8,0,4,"10:50 PM","2:01","SUB: Haywood FOR Marion",null,null,null,null],["0041400304",506,8,0,4,"10:50 PM","2:01",null,null,"SUB: Bazemore FOR Mack",null,null],["0041400304",507,3,11,4,"10:50 PM","2:01","Perkins Free Throw 1 of 2 (3 PTS)",null,null,"83 - 113","30"],["0041400304",509,3,12,4,"10:51 PM","2:01","MISS Perkins Free Throw 2 of 2",null,null,null,null],["0041400304",511,4,0,4,"10:51 PM","2:00",null,null,"Bazemore REBOUND (Off:0 Def:8)",null,null],["0041400304",512,1,7,4,"10:51 PM","1:49",null,null,"Muscala  Dunk (8 PTS) (Bazemore 3 AST)","85 - 113","28"],["0041400304",513,1,1,4,"10:51 PM","1:33","Miller  3PT Jump Shot (3 PTS) (Harris 1 AST)",null,null,"85 - 116","31"],["0041400304",514,2,1,4,"10:52 PM","1:26",null,null,"MISS Scott 26' 3PT Jump Shot",null,null],["0041400304",515,4,0,4,"10:52 PM","1:24","Perkins REBOUND (Off:0 Def:2)",null,null,null,null],["0041400304",516,2,85,4,"10:52 PM","1:04","MISS Haywood 15' Turnaround Bank Shot",null,null,null,null],["0041400304",517,4,0,4,"10:52 PM","1:03",null,null,"Jenkins REBOUND (Off:1 Def:1)",null,null],["0041400304",518,1,1,4,"10:52 PM","0:57",null,null,"Jenkins 25' 3PT Jump Shot (10 PTS) (Schroder 4 AST)","88 - 116","28"],["0041400304",520,6,2,4,"10:52 PM","0:47",null,null,"Bazemore S.FOUL (P1.PN) (D.Crawford)",null,null],["0041400304",521,3,13,4,"10:53 PM","0:47","Jones Free Throw 1 of 3 (4 PTS)",null,null,"88 - 117","29"],["0041400304",523,3,14,4,"10:53 PM","0:47","MISS Jones Free Throw 2 of 3",null,null,null,null],["0041400304",524,4,1,4,"10:53 PM","0:47","CAVALIERS Rebound",null,null,null,null],["0041400304",525,3,15,4,"10:53 PM","0:47","Jones Free Throw 3 of 3 (5 PTS)",null,null,"88 - 118","30"],["0041400304",527,2,1,4,"10:53 PM","0:26",null,null,"MISS Jenkins 26' 3PT Jump Shot",null,null],["0041400304",528,4,0,4,"10:54 PM","0:25","Jones REBOUND (Off:0 Def:2)",null,null,null,null],["0041400304",529,6,4,4,"10:54 PM","0:13","Perkins OFF.Foul (P1) (M.Davis)",null,null,null,null],["0041400304",530,5,5,4,"10:54 PM","0:13","Perkins Foul Turnover (P1.T10)",null,null,null,null],["0041400304",531,13,0,4,"10:54 PM","0:00",null,null,null,"88 - 118","30"]]},{"name":"AvailableVideo","headers":["VIDEO_AVAILABLE_FLAG"],"rowSet":[[1]]}]}