{"resource":"playbyplay","parameters":{"GameID":"0041400234","StartPeriod":0,"EndPeriod":14},"resultSets":[{"name":"PlayByPlay","headers":["GAME_ID","EVENTNUM","EVENTMSGTYPE","EVENTMSGACTIONTYPE","PERIOD","WCTIMESTRING","PCTIMESTRING","HOMEDESCRIPTION","NEUTRALDESCRIPTION","VISITORDESCRIPTION","SCORE","SCOREMARGIN"],"rowSet":[["0041400234",0,12,0,1,"8:34 PM","12:00",null,null,null,null,null],["0041400234",1,10,0,1,"8:34 PM","12:00","Jump Ball Jordan vs. Howard: Tip to Griffin",null,null,null,null],["0041400234",2,1,5,1,"8:34 PM","11:35","Barnes 3' Layup (2 PTS) (Griffin 1 AST)",null,null,"0 - 2","2"],["0041400234",3,1,5,1,"8:34 PM","11:21",null,null,"Jones 2' Layup (2 PTS) (Terry 1 AST)","2 - 2","TIE"],["0041400234",4,2,1,1,"8:34 PM","11:13","MISS Paul 17' Jump Shot",null,null,null,null],["0041400234",5,4,0,1,"8:34 PM","11:11",null,null,"Howard REBOUND (Off:0 Def:1)",null,null],["0041400234",6,1,42,1,"8:35 PM","11:01",null,null,"Ariza 2' Driving Layup (2 PTS) (Howard 1 AST)","4 - 2","-2"],["0041400234",7,2,1,1,"8:35 PM","10:55","MISS Redick 26' 3PT Jump Shot",null,null,null,null],["0041400234",8,4,0,1,"8:35 PM","10:49",null,null,"Harden REBOUND (Off:0 Def:1)",null,null],["0041400234",9,1,3,1,"8:35 PM","10:29",null,null,"Jones 4' Hook Shot (4 PTS) (Ariza 1 AST)","6 - 2","-4"],["0041400234",10,1,79,1,"8:35 PM","10:14","Redick 13' Pullup Jump Shot (2 PTS) (Paul 1 AST)",null,null,"6 - 4","-2"],["0041400234",11,1,1,1,"8:36 PM","10:00",null,null,"Ariza 18' Jump Shot (4 PTS)","8 - 4","-4"],["0041400234",12,5,1,1,"8:36 PM","9:45","Barnes Bad Pass Turnover (P1.T1)",null,"Terry STEAL (1 STL)",null,null],["0041400234",13,2,1,1,"8:36 PM","9:37",null,null,"MISS Terry 24' 3PT Jump Shot",null,null],["0041400234",14,4,0,1,"8:36 PM","9:36","Jordan REBOUND (Off:0 Def:1)",null,null,null,null],["0041400234",15,6,26,1,"8:36 PM","9:31","Paul Offensive Charge Foul (P1.T1) (D.Crawford)",null,null,null,null],["0041400234",16,5,5,1,"8:36 PM","9:31","Paul Foul Turnover (P1.T2)",null,null,null,null],["0041400234",35,2,45,1,"8:37 PM","9:21",null,null,"MISS Ariza 17' Jump Shot",null,null],["0041400234",39,4,0,1,"8:37 PM","9:21","CLIPPERS Rebound",null,null,null,null],["0041400234",17,6,3,1,"8:37 PM","9:21",null,null,"Howard L.B.FOUL (P1.T1) (M.Davis)",null,null],["0041400234",19,5,40,1,"8:37 PM","9:11","Redick Out of Bounds Lost Ball Turnover (P1.T3)",null,null,null,null],["0041400234",21,5,2,1,"8:38 PM","8:59","Paul STEAL (1 STL)",null,"Howard Lost Ball Turnover (P1.T1)",null,null],["0041400234",22,2,1,1,"8:38 PM","8:52","MISS Barnes 25' 3PT Jump Shot",null,null,null,null],["0041400234",23,4,0,1,"8:38 PM","8:50",null,null,"Ariza REBOUND (Off:0 Def:1)",null,null],["0041400234",24,2,1,1,"8:38 PM","8:41",null,null,"MISS Ariza 26' 3PT Jump Shot",null,null],["0041400234",25,4,0,1,"8:38 PM","8:40","Redick REBOUND (Off:0 Def:1)",null,null,null,null],["0041400234",26,2,3,1,"8:38 PM","8:32","MISS Griffin 3' Hook Shot",null,null,null,null],["0041400234",27,4,0,1,"8:38 PM","8:30",null,null,"Howard REBOUND (Off:0 Def:2)",null,null],["0041400234",28,2,1,1,"8:38 PM","8:20",null,null,"MISS Jones 14' Jump Shot",null,null],["0041400234",29,4,0,1,"8:38 PM","8:20","Paul REBOUND (Off:0 Def:1)",null,null,null,null],["0041400234",30,6,3,1,"8:38 PM","8:20",null,null,"Howard L.B.FOUL (P2.T2) (D.Crawford)",null,null],["0041400234",31,6,11,1,"8:38 PM","8:20",null,null,"Howard T.FOUL (P2.T2) (D.Crawford)",null,null],["0041400234",32,3,16,1,"8:39 PM","8:20","Redick Free Throw Technical (3 PTS)",null,null,"8 - 5","-3"],["0041400234",34,8,0,1,"8:39 PM","8:20",null,null,"SUB: Smith FOR Howard",null,null],["0041400234",40,6,5,1,"8:41 PM","8:20",null,null,"Terry IN.FOUL (P1.T3) (M.Davis)",null,null],["0041400234",42,3,11,1,"8:41 PM","8:20","MISS Jordan Free Throw 1 of 2",null,null,null,null],["0041400234",44,4,0,1,"8:42 PM","8:20","CLIPPERS Rebound",null,null,null,null],["0041400234",45,3,12,1,"8:42 PM","8:20","MISS Jordan Free Throw 2 of 2",null,null,null,null],["0041400234",47,4,0,1,"8:42 PM","8:16",null,null,"Smith REBOUND (Off:0 Def:1)",null,null],["0041400234",50,6,2,1,"8:42 PM","8:03","Griffin S.FOUL (P1.T2) (M.Davis)",null,null,null,null],["0041400234",51,3,11,1,"8:42 PM","8:03",null,null,"MISS Jones Free Throw 1 of 2",null,null],["0041400234",52,4,1,1,"8:42 PM","8:03",null,null,"Rockets Rebound",null,null],["0041400234",53,3,12,1,"8:42 PM","8:03",null,null,"MISS Jones Free Throw 2 of 2",null,null],["0041400234",55,4,0,1,"8:43 PM","8:02","Jordan REBOUND (Off:0 Def:2)",null,null,null,null],["0041400234",57,1,3,1,"8:43 PM","7:42","Griffin 5' Hook Shot (2 PTS)",null,null,"8 - 7","-1"],["0041400234",59,5,40,1,"8:43 PM","7:11",null,null,"Smith Out of Bounds Lost Ball Turnover (P1.T2)",null,null],["0041400234",60,2,1,1,"8:44 PM","7:11","MISS Jordan 4' Jump Shot",null,null,null,null],["0041400234",61,4,0,1,"8:44 PM","7:11",null,null,"Rockets Rebound",null,null],["0041400234",62,5,8,1,"8:44 PM","6:51",null,null,"Jones 3 Second Violation Turnover (P1.T3)",null,null],["0041400234",63,8,0,1,"8:44 PM","6:51","SUB: Crawford FOR Barnes",null,null,null,null],["0041400234",64,1,42,1,"8:45 PM","6:39","Paul 3' Driving Layup (2 PTS)",null,null,"8 - 9","1"],["0041400234",66,1,78,1,"8:45 PM","6:28",null,null,"Terry 3' Floating Jump Shot (2 PTS)","10 - 9","-1"],["0041400234",67,1,5,1,"8:45 PM","6:17","Jordan 3' Layup (2 PTS) (Paul 2 AST)",null,null,"10 - 11","1"],["0041400234",68,1,5,1,"8:45 PM","5:56",null,null,"Jones 3' Layup (6 PTS) (Smith 1 AST)","12 - 11","-1"],["0041400234",69,6,1,1,"8:46 PM","5:37",null,null,"Harden P.FOUL (P1.T4) (M.Davis)",null,null],["0041400234",70,9,1,1,"8:46 PM","5:37","CLIPPERS Timeout: Regular (Full 1 Short 0)",null,null,null,null],["0041400234",72,8,0,1,"8:49 PM","5:37","SUB: Rivers FOR Paul",null,null,null,null],["0041400234",73,6,28,1,"8:49 PM","5:34",null,null,"Smith Personal Take Foul (P1.PN) (M.Davis)",null,null],["0041400234",74,3,11,1,"8:49 PM","5:34","Jordan Free Throw 1 of 2 (3 PTS)",null,null,"12 - 12","TIE"],["0041400234",76,3,12,1,"8:50 PM","5:34","Jordan Free Throw 2 of 2 (4 PTS)",null,null,"12 - 13","1"],["0041400234",78,6,2,1,"8:50 PM","5:21","Rivers S.FOUL (P1.T3) (D.Crawford)",null,null,null,null],["0041400234",79,3,11,1,"8:51 PM","5:21",null,null,"Harden Free Throw 1 of 2 (1 PTS)","13 - 13","TIE"],["0041400234",80,8,0,1,"8:51 PM","5:21",null,null,"SUB: Capela FOR Jones",null,null],["0041400234",81,3,12,1,"8:51 PM","5:21",null,null,"Harden Free Throw 2 of 2 (2 PTS)","14 - 13","-1"],["0041400234",83,6,1,1,"8:51 PM","5:21",null,null,"Capela P.FOUL (P1.PN) (D.Crawford)",null,null],["0041400234",84,3,11,1,"8:52 PM","5:21","MISS Jordan Free Throw 1 of 2",null,null,null,null],["0041400234",85,4,1,1,"8:52 PM","5:21","CLIPPERS Rebound",null,null,null,null],["0041400234",86,3,12,1,"8:52 PM","5:21","MISS Jordan Free Throw 2 of 2",null,null,null,null],["0041400234",88,4,0,1,"8:52 PM","5:19",null,null,"Capela REBOUND (Off:0 Def:1)",null,null],["0041400234",89,1,1,1,"8:53 PM","5:05",null,null,"Harden 26' 3PT Jump Shot (5 PTS)","17 - 13","-4"],["0041400234",90,6,28,1,"8:53 PM","4:58",null,null,"Capela Personal Take Foul (P2.PN) (R.Garretson)",null,null],["0041400234",91,3,11,1,"8:53 PM","4:58","MISS Jordan Free Throw 1 of 2",null,null,null,null],["0041400234",92,4,1,1,"8:53 PM","4:58","CLIPPERS Rebound",null,null,null,null],["0041400234",93,3,12,1,"8:53 PM","4:58","Jordan Free Throw 2 of 2 (5 PTS)",null,null,"17 - 14","-3"],["0041400234",95,6,1,1,"8:54 PM","4:49","Redick P.FOUL (P1.T4) (M.Davis)",null,null,null,null],["0041400234",96,2,1,1,"8:54 PM","4:37",null,null,"MISS Terry 8' Jump Shot",null,null],["0041400234",98,4,0,1,"8:54 PM","4:35",null,null,"Capela REBOUND (Off:1 Def:1)",null,null],["0041400234",97,1,87,1,"8:54 PM","4:35",null,null,"Capela  Putback Dunk (2 PTS)","19 - 14","-5"],["0041400234",99,6,28,1,"8:55 PM","4:29",null,null,"Capela Personal Take Foul (P3.PN) (M.Davis)",null,null],["0041400234",101,3,11,1,"8:55 PM","4:29","MISS Jordan Free Throw 1 of 2",null,null,null,null],["0041400234",102,4,1,1,"8:55 PM","4:29","CLIPPERS Rebound",null,null,null,null],["0041400234",103,3,12,1,"8:55 PM","4:29","Jordan Free Throw 2 of 2 (6 PTS)",null,null,"19 - 15","-4"],["0041400234",105,2,5,1,"8:56 PM","4:14",null,null,"MISS Capela 2' Layup",null,null],["0041400234",106,4,0,1,"8:56 PM","4:11","Jordan REBOUND (Off:0 Def:3)",null,null,null,null],["0041400234",107,1,5,1,"8:56 PM","4:01","Griffin 3' Layup (4 PTS) (Redick 1 AST)",null,null,"19 - 17","-2"],["0041400234",109,1,1,1,"8:56 PM","3:46",null,null,"Ariza 24' 3PT Jump Shot (7 PTS) (Smith 2 AST)","22 - 17","-5"],["0041400234",110,5,2,1,"8:56 PM","3:40","Griffin Lost Ball Turnover (P1.T4)",null,"Smith STEAL (1 STL)",null,null],["0041400234",112,1,1,1,"8:57 PM","3:35",null,null,"Ariza 27' 3PT Jump Shot (10 PTS) (Terry 2 AST)","25 - 17","-8"],["0041400234",113,6,1,1,"8:57 PM","3:33",null,null,"Capela P.FOUL (P4.PN) (M.Davis)",null,null],["0041400234",115,3,11,1,"8:57 PM","3:33","Jordan Free Throw 1 of 2 (7 PTS)",null,null,"25 - 18","-7"],["0041400234",117,8,0,1,"8:57 PM","3:33","SUB: Paul FOR Redick",null,null,null,null],["0041400234",118,8,0,1,"8:57 PM","3:33",null,null,"SUB: Dorsey FOR Capela",null,null],["0041400234",119,3,12,1,"8:57 PM","3:33","Jordan Free Throw 2 of 2 (8 PTS)",null,null,"25 - 19","-6"],["0041400234",122,2,1,1,"8:58 PM","3:10",null,null,"MISS Ariza 24' 3PT Jump Shot",null,null],["0041400234",123,4,0,1,"8:58 PM","3:09","Paul REBOUND (Off:0 Def:2)",null,null,null,null],["0041400234",124,6,28,1,"8:58 PM","3:03",null,null,"Dorsey Personal Take Foul (P1.PN) (R.Garretson)",null,null],["0041400234",125,3,11,1,"8:59 PM","3:03","MISS Jordan Free Throw 1 of 2",null,null,null,null],["0041400234",126,4,1,1,"8:59 PM","3:03","CLIPPERS Rebound",null,null,null,null],["0041400234",127,8,0,1,"8:59 PM","3:03",null,null,"SUB: Prigioni FOR Terry",null,null],["0041400234",128,8,0,1,"8:59 PM","3:03",null,null,"SUB: Brewer FOR Ariza",null,null],["0041400234",129,3,12,1,"8:59 PM","3:03","Jordan Free Throw 2 of 2 (9 PTS)",null,null,"25 - 20","-5"],["0041400234",131,6,28,1,"8:59 PM","3:02","Crawford Personal Take Foul (P1.PN) (M.Davis)",null,null,null,null],["0041400234",132,8,0,1,"9:00 PM","3:02","SUB: Hawes FOR Jordan",null,null,null,null],["0041400234",133,8,0,1,"9:00 PM","3:02",null,null,"SUB: Jones FOR Dorsey",null,null],["0041400234",135,2,5,1,"9:00 PM","2:45",null,null,"MISS Brewer 3' Layup",null,null],["0041400234",136,4,0,1,"9:00 PM","2:44","Griffin REBOUND (Off:0 Def:1)",null,null,null,null],["0041400234",137,6,1,1,"9:00 PM","2:35",null,null,"Prigioni P.FOUL (P1.PN) (D.Crawford)",null,null],["0041400234",138,9,1,1,"9:00 PM","2:35",null,null,"Rockets Timeout: Regular (Reg.1 Short 0)",null,null],["0041400234",140,3,11,1,"9:04 PM","2:35","Hawes Free Throw 1 of 2 (1 PTS)",null,null,"25 - 21","-4"],["0041400234",142,3,12,1,"9:04 PM","2:35","Hawes Free Throw 2 of 2 (2 PTS)",null,null,"25 - 22","-3"],["0041400234",144,1,63,1,"9:04 PM","2:22",null,null,"Harden 14' Fadeaway Jumper (7 PTS)","27 - 22","-5"],["0041400234",145,1,1,1,"9:05 PM","2:04","Hawes 25' 3PT Jump Shot (5 PTS) (Paul 3 AST)",null,null,"27 - 25","-2"],["0041400234",146,1,85,1,"9:05 PM","1:47",null,null,"Jones 3' Turnaround Bank Shot (8 PTS) (Harden 1 AST)","29 - 25","-4"],["0041400234",147,1,1,1,"9:05 PM","1:26","Paul 27' 3PT Jump Shot (5 PTS)",null,null,"29 - 28","-1"],["0041400234",148,2,1,1,"9:05 PM","1:06",null,null,"MISS Smith 13' Jump Shot",null,null],["0041400234",149,4,0,1,"9:06 PM","1:05",null,null,"Jones REBOUND (Off:1 Def:0)",null,null],["0041400234",150,2,1,1,"9:06 PM","0:57",null,null,"MISS Prigioni 19' Jump Shot",null,null],["0041400234",151,4,0,1,"9:06 PM","0:56","Hawes REBOUND (Off:0 Def:1)",null,null,null,null],["0041400234",152,2,5,1,"9:06 PM","0:37","MISS Rivers 4' Layup",null,null,null,null],["0041400234",153,4,0,1,"9:06 PM","0:35",null,null,"Smith REBOUND (Off:0 Def:2)",null,null],["0041400234",154,6,1,1,"9:06 PM","0:33","Paul P.FOUL (P2.PN) (D.Crawford)",null,null,null,null],["0041400234",155,3,11,1,"9:06 PM","0:33",null,null,"MISS Smith Free Throw 1 of 2",null,null],["0041400234",156,4,1,1,"9:06 PM","0:33",null,null,"Rockets Rebound",null,null],["0041400234",157,8,0,1,"9:07 PM","0:33","SUB: Barnes FOR Paul",null,null,null,null],["0041400234",158,3,12,1,"9:07 PM","0:33",null,null,"Smith Free Throw 2 of 2 (1 PTS)","30 - 28","-2"],["0041400234",160,1,78,1,"9:07 PM","0:13","Crawford 3' Floating Jump Shot (2 PTS)",null,null,"30 - 30","TIE"],["0041400234",161,1,1,1,"9:08 PM","0:05",null,null,"Harden 26' 3PT Jump Shot (10 PTS)","33 - 30","-3"],["0041400234",162,2,1,1,"9:08 PM","0:01","MISS Crawford 41' 3PT Jump Shot",null,null,null,null],["0041400234",163,4,0,1,"9:08 PM","0:00","CLIPPERS Rebound",null,null,null,null],["0041400234",164,13,0,1,"9:08 PM","0:00",null,null,null,"33 - 30","-3"],["0041400234",166,12,0,2,"9:11 PM","12:00",null,null,null,"33 - 30","-3"],["0041400234",167,1,42,2,"9:12 PM","11:36",null,null,"Howard 3' Driving Layup (2 PTS)","35 - 30","-5"],["0041400234",168,2,5,2,"9:12 PM","11:21","MISS Davis 2' Layup",null,"Smith BLOCK (1 BLK)",null,null],["0041400234",169,4,0,2,"9:12 PM","11:19",null,null,"Ariza REBOUND (Off:0 Def:2)",null,null],["0041400234",170,6,2,2,"9:12 PM","11:07","Hawes S.FOUL (P1.T1) (M.Davis)",null,null,null,null],["0041400234",171,3,11,2,"9:13 PM","11:07",null,null,"MISS Howard Free Throw 1 of 2",null,null],["0041400234",172,4,1,2,"9:13 PM","11:07",null,null,"Rockets Rebound",null,null],["0041400234",173,8,0,2,"9:13 PM","11:07","SUB: Jordan FOR Hawes",null,null,null,null],["0041400234",174,3,12,2,"9:13 PM","11:07",null,null,"MISS Howard Free Throw 2 of 2",null,null],["0041400234",176,4,0,2,"9:13 PM","11:05","Rivers REBOUND (Off:0 Def:1)",null,null,null,null],["0041400234",177,5,1,2,"9:14 PM","10:45","Crawford Bad Pass Turnover (P1.T5)",null,null,null,null],["0041400234",178,6,2,2,"9:14 PM","10:35","Barnes S.FOUL (P1.T2) (R.Garretson)",null,null,null,null],["0041400234",179,3,11,2,"9:14 PM","10:35",null,null,"MISS Smith Free Throw 1 of 2",null,null],["0041400234",180,4,1,2,"9:14 PM","10:35",null,null,"Rockets Rebound",null,null],["0041400234",181,3,12,2,"9:14 PM","10:35",null,null,"MISS Smith Free Throw 2 of 2",null,null],["0041400234",184,4,0,2,"9:15 PM","10:34",null,null,"Howard REBOUND (Off:1 Def:2)",null,null],["0041400234",183,1,87,2,"9:15 PM","10:34",null,null,"Howard  Putback Dunk (4 PTS)","37 - 30","-7"],["0041400234",185,6,1,2,"9:15 PM","10:23",null,null,"Smith P.FOUL (P2.T1) (R.Garretson)",null,null],["0041400234",186,6,1,2,"9:15 PM","10:21",null,null,"Brewer P.FOUL (P1.T2) (D.Crawford)",null,null],["0041400234",187,2,1,2,"9:16 PM","10:08","MISS Crawford 19' Jump Shot",null,null,null,null],["0041400234",188,4,0,2,"9:16 PM","10:07","Barnes REBOUND (Off:1 Def:0)",null,null,null,null],["0041400234",189,1,1,2,"9:16 PM","9:59","Rivers 26' 3PT Jump Shot (3 PTS) (Jordan 1 AST)",null,null,"37 - 33","-4"],["0041400234",190,5,1,2,"9:16 PM","9:48","Jordan STEAL (1 STL)",null,"Smith Bad Pass Turnover (P2.T4)",null,null],["0041400234",191,1,42,2,"9:16 PM","9:45","Rivers 2' Driving Layup (5 PTS) (Jordan 2 AST)",null,null,"37 - 35","-2"],["0041400234",192,2,78,2,"9:16 PM","9:35",null,null,"MISS Smith 5' Floating Jump Shot",null,null],["0041400234",193,4,0,2,"9:16 PM","9:31","Jordan REBOUND (Off:0 Def:4)",null,null,null,null],["0041400234",194,1,1,2,"9:16 PM","9:27","Crawford 26' 3PT Jump Shot (5 PTS) (Barnes 1 AST)",null,null,"37 - 38","1"],["0041400234",195,9,1,2,"9:16 PM","9:27",null,null,"Rockets Timeout: Regular (Reg.2 Short 0)",null,null],["0041400234",197,8,0,2,"9:19 PM","9:27",null,null,"SUB: Jones FOR Smith",null,null],["0041400234",198,6,2,2,"9:20 PM","9:10","Jordan S.FOUL (P1.T3) (M.Davis)",null,null,null,null],["0041400234",199,3,11,2,"9:20 PM","9:10",null,null,"MISS Howard Free Throw 1 of 2",null,null],["0041400234",200,4,1,2,"9:20 PM","9:10",null,null,"Rockets Rebound",null,null],["0041400234",201,3,12,2,"9:20 PM","9:10",null,null,"MISS Howard Free Throw 2 of 2",null,null],["0041400234",203,4,0,2,"9:21 PM","9:08","Barnes REBOUND (Off:1 Def:1)",null,null,null,null],["0041400234",204,1,42,2,"9:21 PM","8:53","Rivers 3' Driving Layup (7 PTS)",null,null,"37 - 40","3"],["0041400234",205,2,1,2,"9:21 PM","8:39",null,null,"MISS Brewer 25' 3PT Jump Shot",null,null],["0041400234",206,4,0,2,"9:21 PM","8:38","Rivers REBOUND (Off:0 Def:2)",null,null,null,null],["0041400234",207,2,1,2,"9:21 PM","8:30","MISS Crawford 27' 3PT Jump Shot",null,null,null,null],["0041400234",208,4,0,2,"9:21 PM","8:29","CLIPPERS Rebound",null,null,null,null],["0041400234",210,8,0,2,"9:21 PM","8:28",null,null,"SUB: Harden FOR Brewer",null,null],["0041400234",211,6,2,2,"9:22 PM","8:19",null,null,"Howard S.FOUL (P3.T3) (R.Garretson)",null,null],["0041400234",212,3,11,2,"9:22 PM","8:19","Barnes Free Throw 1 of 2 (3 PTS)",null,null,"37 - 41","4"],["0041400234",215,8,0,2,"9:23 PM","8:19","SUB: Redick FOR Crawford",null,null,null,null],["0041400234",216,8,0,2,"9:23 PM","8:19","SUB: Griffin FOR Davis",null,null,null,null],["0041400234",217,8,0,2,"9:23 PM","8:19",null,null,"SUB: Brewer FOR Howard",null,null],["0041400234",218,8,0,2,"9:23 PM","8:19",null,null,"SUB: Terry FOR Prigioni",null,null],["0041400234",219,3,12,2,"9:23 PM","8:19","MISS Barnes Free Throw 2 of 2",null,null,null,null],["0041400234",221,4,0,2,"9:23 PM","8:17",null,null,"Ariza REBOUND (Off:0 Def:3)",null,null],["0041400234",222,2,80,2,"9:23 PM","8:05",null,null,"MISS Harden 17' Step Back Jump Shot",null,null],["0041400234",223,4,0,2,"9:23 PM","8:02","Jordan REBOUND (Off:0 Def:5)",null,null,null,null],["0041400234",224,6,1,2,"9:23 PM","7:52",null,null,"Harden P.FOUL (P2.T4) (D.Crawford)",null,null],["0041400234",225,2,5,2,"9:24 PM","7:48","MISS Barnes 2' Layup",null,null,null,null],["0041400234",226,4,0,2,"9:24 PM","7:46",null,null,"Harden REBOUND (Off:0 Def:2)",null,null],["0041400234",227,2,1,2,"9:24 PM","7:40",null,null,"MISS Jones 4' Jump Shot",null,null],["0041400234",228,4,0,2,"9:24 PM","7:37","Griffin REBOUND (Off:0 Def:2)",null,null,null,null],["0041400234",229,2,66,2,"9:24 PM","7:30","MISS Rivers 5' Jump Bank Shot",null,null,null,null],["0041400234",230,4,0,2,"9:24 PM","7:29",null,null,"Jones REBOUND (Off:1 Def:1)",null,null],["0041400234",231,2,1,2,"9:24 PM","7:13",null,null,"MISS Ariza 26' 3PT Jump Shot",null,null],["0041400234",232,4,0,2,"9:24 PM","7:12","Barnes REBOUND (Off:1 Def:2)",null,null,null,null],["0041400234",234,8,0,2,"9:25 PM","7:10","SUB: Paul FOR Rivers",null,null,null,null],["0041400234",235,6,28,2,"9:25 PM","7:05",null,null,"Jones Personal Take Foul (P1.PN) (D.Crawford)",null,null],["0041400234",236,3,11,2,"9:25 PM","7:05","MISS Jordan Free Throw 1 of 2",null,null,null,null],["0041400234",238,4,0,2,"9:26 PM","7:05","CLIPPERS Rebound",null,null,null,null],["0041400234",237,3,12,2,"9:26 PM","7:05","Jordan Free Throw 2 of 2 (10 PTS)",null,null,"37 - 42","5"],["0041400234",239,1,42,2,"9:26 PM","6:51",null,null,"Brewer 3' Driving Layup (2 PTS) (Harden 2 AST)","39 - 42","3"],["0041400234",240,2,1,2,"9:27 PM","6:40","MISS Barnes 26' 3PT Jump Shot",null,null,null,null],["0041400234",241,4,0,2,"9:27 PM","6:39",null,null,"Ariza REBOUND (Off:0 Def:4)",null,null],["0041400234",242,5,1,2,"9:27 PM","6:36","Jordan STEAL (2 STL)",null,"Ariza Bad Pass Turnover (P1.T5)",null,null],["0041400234",243,2,1,2,"9:27 PM","6:30","MISS Redick 26' 3PT Jump Shot",null,null,null,null],["0041400234",244,4,0,2,"9:27 PM","6:29",null,null,"Harden REBOUND (Off:0 Def:3)",null,null],["0041400234",245,1,42,2,"9:27 PM","6:24",null,null,"Ariza 3' Driving Layup (12 PTS) (Brewer 1 AST)","41 - 42","1"],["0041400234",246,6,2,2,"9:27 PM","6:11",null,null,"Jones S.FOUL (P2.PN) (M.Davis)",null,null],["0041400234",247,3,11,2,"9:27 PM","6:11","Barnes Free Throw 1 of 2 (4 PTS)",null,null,"41 - 43","2"],["0041400234",249,3,12,2,"9:28 PM","6:11","Barnes Free Throw 2 of 2 (5 PTS)",null,null,"41 - 44","3"],["0041400234",251,1,1,2,"9:29 PM","5:56",null,null,"Terry 25' 3PT Jump Shot (5 PTS)","44 - 44","TIE"],["0041400234",252,6,1,2,"9:29 PM","5:51",null,null,"Ariza P.FOUL (P1.PN) (R.Garretson)",null,null],["0041400234",253,9,4,2,"9:29 PM","5:51",null,null,null,null,null],["0041400234",255,3,11,2,"9:32 PM","5:51","Griffin Free Throw 1 of 2 (5 PTS)",null,null,"44 - 45","1"],["0041400234",257,3,12,2,"9:32 PM","5:51","Griffin Free Throw 2 of 2 (6 PTS)",null,null,"44 - 46","2"],["0041400234",260,5,11,2,"9:33 PM","5:26",null,null,"Rockets Turnover: Shot Clock (T#6)",null,null],["0041400234",261,6,28,2,"9:34 PM","5:24",null,null,"Brewer Personal Take Foul (P2.PN) (R.Garretson)",null,null],["0041400234",262,3,11,2,"9:34 PM","5:24","MISS Jordan Free Throw 1 of 2",null,null,null,null],["0041400234",263,4,1,2,"9:34 PM","5:24","CLIPPERS Rebound",null,null,null,null],["0041400234",264,3,12,2,"9:34 PM","5:24","MISS Jordan Free Throw 2 of 2",null,null,null,null],["0041400234",266,4,0,2,"9:35 PM","5:20",null,null,"Harden REBOUND (Off:0 Def:4)",null,null],["0041400234",267,1,42,2,"9:35 PM","5:14",null,null,"Brewer 2' Driving Layup (4 PTS) (Ariza 2 AST)","46 - 46","TIE"],["0041400234",268,6,2,2,"9:35 PM","5:14","Griffin S.FOUL (P2.T4) (D.Crawford)",null,null,null,null],["0041400234",270,8,0,2,"9:35 PM","5:14",null,null,"SUB: Papanikolaou FOR Jones",null,null],["0041400234",271,8,0,2,"9:35 PM","5:14","SUB: Crawford FOR Jordan",null,null,null,null],["0041400234",272,3,10,2,"9:35 PM","5:14",null,null,"MISS Brewer Free Throw 1 of 1",null,null],["0041400234",274,4,0,2,"9:36 PM","5:13","Barnes REBOUND (Off:1 Def:3)",null,null,null,null],["0041400234",275,6,2,2,"9:36 PM","4:55",null,null,"Papanikolaou S.FOUL (P1.PN) (D.Crawford)",null,null],["0041400234",276,3,11,2,"9:36 PM","4:55","MISS Paul Free Throw 1 of 2",null,null,null,null],["0041400234",277,4,1,2,"9:36 PM","4:55","CLIPPERS Rebound",null,null,null,null],["0041400234",278,8,0,2,"9:37 PM","4:55",null,null,"SUB: Jones FOR Papanikolaou",null,null],["0041400234",279,8,0,2,"9:37 PM","4:55","SUB: Jordan FOR Crawford",null,null,null,null],["0041400234",280,3,12,2,"9:37 PM","4:55","Paul Free Throw 2 of 2 (6 PTS)",null,null,"46 - 47","1"],["0041400234",282,2,1,2,"9:37 PM","4:41",null,null,"MISS Harden 20' Jump Shot",null,null],["0041400234",283,4,0,2,"9:37 PM","4:40","Barnes REBOUND (Off:1 Def:4)",null,null,null,null],["0041400234",284,5,1,2,"9:37 PM","4:36","Redick Bad Pass Turnover (P2.T6)",null,"Ariza STEAL (1 STL)",null,null],["0041400234",285,1,1,2,"9:37 PM","4:30",null,null,"Terry 26' 3PT Jump Shot (8 PTS) (Harden 3 AST)","49 - 47","-2"],["0041400234",286,9,1,2,"9:37 PM","4:26","CLIPPERS Timeout: Regular (Full 2 Short 0)",null,null,null,null],["0041400234",288,8,0,2,"9:41 PM","4:26",null,null,"SUB: Papanikolaou FOR Jones",null,null],["0041400234",289,6,28,2,"9:42 PM","4:25",null,null,"Papanikolaou Personal Take Foul (P2.PN) (D.Crawford)",null,null],["0041400234",290,3,11,2,"9:42 PM","4:25","MISS Jordan Free Throw 1 of 2",null,null,null,null],["0041400234",291,4,1,2,"9:42 PM","4:25","CLIPPERS Rebound",null,null,null,null],["0041400234",292,3,12,2,"9:43 PM","4:25","Jordan Free Throw 2 of 2 (11 PTS)",null,null,"49 - 48","-1"],["0041400234",294,2,8,2,"9:44 PM","4:05",null,null,"MISS Brewer  Slam Dunk",null,null],["0041400234",295,4,0,2,"9:44 PM","4:04","Griffin REBOUND (Off:0 Def:3)",null,null,null,null],["0041400234",296,6,28,2,"9:44 PM","4:01",null,null,"Papanikolaou Personal Take Foul (P3.PN) (M.Davis)",null,null],["0041400234",297,3,11,2,"9:44 PM","4:01","MISS Jordan Free Throw 1 of 2",null,null,null,null],["0041400234",299,4,0,2,"9:44 PM","4:01","CLIPPERS Rebound",null,null,null,null],["0041400234",298,3,12,2,"9:44 PM","4:01","MISS Jordan Free Throw 2 of 2",null,null,null,null],["0041400234",301,4,0,2,"9:45 PM","3:59",null,null,"Ariza REBOUND (Off:0 Def:5)",null,null],["0041400234",302,2,1,2,"9:45 PM","3:53",null,null,"MISS Brewer 24' 3PT Jump Shot",null,null],["0041400234",303,4,0,2,"9:45 PM","3:52","Griffin REBOUND (Off:0 Def:4)",null,null,null,null],["0041400234",304,6,28,2,"9:45 PM","3:47",null,null,"Papanikolaou Personal Take Foul (P4.PN) (R.Garretson)",null,null],["0041400234",305,3,11,2,"9:45 PM","3:47","Jordan Free Throw 1 of 2 (12 PTS)",null,null,"49 - 49","TIE"],["0041400234",308,8,0,2,"9:45 PM","3:47","SUB: Crawford FOR Barnes",null,null,null,null],["0041400234",309,8,0,2,"9:45 PM","3:47",null,null,"SUB: Jones FOR Papanikolaou",null,null],["0041400234",310,3,12,2,"9:46 PM","3:47","MISS Jordan Free Throw 2 of 2",null,null,null,null],["0041400234",312,4,0,2,"9:46 PM","3:45",null,null,"Harden REBOUND (Off:0 Def:5)",null,null],["0041400234",313,2,40,2,"9:46 PM","3:22","Jordan BLOCK (1 BLK)",null,"MISS Brewer 1' Layup",null,null],["0041400234",314,4,0,2,"9:46 PM","3:21","Jordan REBOUND (Off:0 Def:6)",null,null,null,null],["0041400234",315,6,28,2,"9:46 PM","3:21",null,null,"Terry Personal Take Foul (P2.PN) (D.Crawford)",null,null],["0041400234",316,3,11,2,"9:47 PM","3:21","MISS Jordan Free Throw 1 of 2",null,null,null,null],["0041400234",318,4,1,2,"9:47 PM","3:21","CLIPPERS Rebound",null,null,null,null],["0041400234",319,3,12,2,"9:47 PM","3:21","MISS Jordan Free Throw 2 of 2",null,null,null,null],["0041400234",321,4,0,2,"9:47 PM","3:20",null,null,"Harden REBOUND (Off:0 Def:6)",null,null],["0041400234",323,2,1,2,"9:48 PM","3:09",null,null,"MISS Harden 26' 3PT Jump Shot",null,null],["0041400234",324,4,0,2,"9:48 PM","3:08",null,null,"Jones REBOUND (Off:2 Def:1)",null,null],["0041400234",325,2,1,2,"9:48 PM","3:05",null,null,"MISS Terry 26' 3PT Jump Shot",null,null],["0041400234",326,4,0,2,"9:48 PM","3:04","Jordan REBOUND (Off:0 Def:7)",null,null,null,null],["0041400234",327,1,40,2,"9:48 PM","2:59","Griffin 3' Layup (8 PTS) (Paul 4 AST)",null,null,"49 - 51","2"],["0041400234",328,2,1,2,"9:48 PM","2:39",null,null,"MISS Harden 17' Jump Shot",null,null],["0041400234",329,4,0,2,"9:48 PM","2:37","Jordan REBOUND (Off:0 Def:8)",null,null,null,null],["0041400234",330,6,2,2,"9:48 PM","2:30",null,null,"Brewer S.FOUL (P3.PN) (M.Davis)",null,null],["0041400234",331,3,13,2,"9:49 PM","2:30","Crawford Free Throw 1 of 3 (6 PTS)",null,null,"49 - 52","3"],["0041400234",333,3,14,2,"9:49 PM","2:30","Crawford Free Throw 2 of 3 (7 PTS)",null,null,"49 - 53","4"],["0041400234",335,3,15,2,"9:49 PM","2:30","Crawford Free Throw 3 of 3 (8 PTS)",null,null,"49 - 54","5"],["0041400234",337,5,40,2,"9:50 PM","2:15",null,null,"Ariza Out of Bounds Lost Ball Turnover (P2.T7)",null,null],["0041400234",338,2,1,2,"9:50 PM","2:07","MISS Crawford 26' 3PT Jump Shot",null,null,null,null],["0041400234",339,4,0,2,"9:50 PM","2:03",null,null,"Ariza REBOUND (Off:0 Def:6)",null,null],["0041400234",340,2,1,2,"9:50 PM","1:55",null,null,"MISS Ariza 26' 3PT Jump Shot",null,null],["0041400234",341,4,0,2,"9:50 PM","1:54","Jordan REBOUND (Off:0 Def:9)",null,null,null,null],["0041400234",342,2,1,2,"9:50 PM","1:46","MISS Redick 26' 3PT Jump Shot",null,null,null,null],["0041400234",343,4,0,2,"9:50 PM","1:44",null,null,"Jones REBOUND (Off:2 Def:2)",null,null],["0041400234",344,2,5,2,"9:50 PM","1:33","Crawford BLOCK (1 BLK)",null,"MISS Jones 2' Layup",null,null],["0041400234",345,4,0,2,"9:50 PM","1:31","Griffin REBOUND (Off:0 Def:5)",null,null,null,null],["0041400234",346,1,1,2,"9:51 PM","1:27","Griffin 3' Jump Shot (10 PTS) (Paul 5 AST)",null,null,"49 - 56","7"],["0041400234",348,9,2,2,"9:51 PM","1:25",null,null,"Rockets Timeout: Short (Reg.2 Short 1)",null,null],["0041400234",350,8,0,2,"9:52 PM","1:25","SUB: Rivers FOR Griffin",null,null,null,null],["0041400234",351,7,1,2,"9:52 PM","1:25",null,null,"Rockets Violation: Delay of game Violation",null,null],["0041400234",352,5,1,2,"9:52 PM","1:15",null,null,"Terry Bad Pass Turnover (P1.T8)",null,null],["0041400234",353,9,2,2,"9:52 PM","1:15","CLIPPERS Timeout: Short (Full 2 Short 1)",null,null,null,null],["0041400234",354,8,0,2,"9:53 PM","1:15","SUB: Griffin FOR Jordan",null,null,null,null],["0041400234",355,2,79,2,"9:53 PM","1:03","MISS Paul 18' Pullup Jump Shot",null,null,null,null],["0041400234",356,4,0,2,"9:54 PM","1:00",null,null,"Ariza REBOUND (Off:0 Def:7)",null,null],["0041400234",357,5,1,2,"9:54 PM","0:57",null,null,"Harden Bad Pass Turnover (P1.T9)",null,null],["0041400234",358,1,5,2,"9:54 PM","0:45","Griffin 1' Layup (12 PTS) (Paul 6 AST)",null,null,"49 - 58","9"],["0041400234",359,1,7,2,"9:54 PM","0:36",null,null,"Jones  Dunk (10 PTS) (Harden 4 AST)","51 - 58","7"],["0041400234",360,6,27,2,"9:54 PM","0:30",null,null,"Terry Personal Block Foul (P3.PN) (D.Crawford)",null,null],["0041400234",361,3,11,2,"9:54 PM","0:30","Paul Free Throw 1 of 2 (7 PTS)",null,null,"51 - 59","8"],["0041400234",363,8,0,2,"9:55 PM","0:30",null,null,"SUB: Prigioni FOR Terry",null,null],["0041400234",364,8,0,2,"9:55 PM","0:30","SUB: Jordan FOR Griffin",null,null,null,null],["0041400234",365,3,12,2,"9:55 PM","0:30","Paul Free Throw 2 of 2 (8 PTS)",null,null,"51 - 60","9"],["0041400234",367,1,1,2,"9:56 PM","0:10",null,null,"Ariza 25' 3PT Jump Shot (15 PTS) (Brewer 2 AST)","54 - 60","6"],["0041400234",368,6,28,2,"9:56 PM","0:08",null,null,"Ariza Personal Take Foul (P2.PN) (R.Garretson)",null,null],["0041400234",369,3,11,2,"9:57 PM","0:08","MISS Jordan Free Throw 1 of 2",null,null,null,null],["0041400234",370,4,1,2,"9:57 PM","0:08","CLIPPERS Rebound",null,null,null,null],["0041400234",371,8,0,2,"9:57 PM","0:08","SUB: Barnes FOR Paul",null,null,null,null],["0041400234",372,8,0,2,"9:57 PM","0:08",null,null,"SUB: Terry FOR Prigioni",null,null],["0041400234",373,3,12,2,"9:57 PM","0:08","MISS Jordan Free Throw 2 of 2",null,null,null,null],["0041400234",375,4,0,2,"9:57 PM","0:06",null,null,"Brewer REBOUND (Off:0 Def:1)",null,null],["0041400234",376,2,1,2,"9:57 PM","0:01",null,null,"MISS Terry 28' 3PT Jump Shot",null,null],["0041400234",377,4,0,2,"9:57 PM","0:00",null,null,"Rockets Rebound",null,null],["0041400234",378,13,0,2,"9:57 PM","0:00",null,null,null,"54 - 60","6"],["0041400234",380,12,0,3,"10:16 PM","12:00",null,null,null,"54 - 60","6"],["0041400234",381,2,3,3,"10:16 PM","11:41",null,null,"MISS Jones 5' Hook Shot",null,null],["0041400234",382,4,0,3,"10:16 PM","11:37","Barnes REBOUND (Off:1 Def:5)",null,null,null,null],["0041400234",383,6,2,3,"10:16 PM","11:21",null,null,"Jones S.FOUL (P3.T1) (D.Crawford)",null,null],["0041400234",384,3,11,3,"10:17 PM","11:21","Griffin Free Throw 1 of 2 (13 PTS)",null,null,"54 - 61","7"],["0041400234",386,3,12,3,"10:17 PM","11:21","Griffin Free Throw 2 of 2 (14 PTS)",null,null,"54 - 62","8"],["0041400234",388,2,5,3,"10:18 PM","11:04",null,null,"MISS Ariza 3' Layup",null,null],["0041400234",390,4,0,3,"10:18 PM","11:02",null,null,"Jones REBOUND (Off:3 Def:2)",null,null],["0041400234",389,2,4,3,"10:18 PM","11:02",null,null,"MISS Jones 2' Tip Shot",null,null],["0041400234",391,4,0,3,"10:18 PM","10:59","Jordan REBOUND (Off:0 Def:10)",null,null,null,null],["0041400234",392,2,3,3,"10:18 PM","10:42","MISS Griffin 9' Hook Shot",null,null,null,null],["0041400234",393,4,0,3,"10:18 PM","10:40","Paul REBOUND (Off:1 Def:2)",null,null,null,null],["0041400234",394,1,1,3,"10:18 PM","10:39","Paul 27' 3PT Jump Shot (11 PTS)",null,null,"54 - 65","11"],["0041400234",395,2,86,3,"10:18 PM","10:14",null,null,"MISS Harden 16' Turnaround Fadeaway Shot",null,null],["0041400234",396,4,0,3,"10:19 PM","10:12","Jordan REBOUND (Off:0 Def:11)",null,null,null,null],["0041400234",397,2,78,3,"10:19 PM","10:05","MISS Paul 7' Floating Jump Shot",null,null,null,null],["0041400234",398,4,0,3,"10:19 PM","10:04","Paul REBOUND (Off:2 Def:2)",null,null,null,null],["0041400234",399,2,78,3,"10:19 PM","10:00","MISS Redick 3' Floating Jump Shot",null,null,null,null],["0041400234",401,4,0,3,"10:19 PM","10:00","Jordan REBOUND (Off:1 Def:11)",null,null,null,null],["0041400234",400,1,4,3,"10:19 PM","10:00","Jordan 1' Tip Shot (14 PTS)",null,null,"54 - 67","13"],["0041400234",402,9,1,3,"10:19 PM","10:00",null,null,"Rockets Timeout: Regular (Reg.3 Short 1)",null,null],["0041400234",404,1,3,3,"10:23 PM","9:38",null,null,"Howard 3' Hook Shot (6 PTS)","56 - 67","11"],["0041400234",405,1,1,3,"10:23 PM","9:23","Redick 25' 3PT Jump Shot (6 PTS) (Paul 7 AST)",null,null,"56 - 70","14"],["0041400234",406,6,1,3,"10:23 PM","9:18","Jordan P.FOUL (P2.T1) (R.Garretson)",null,null,null,null],["0041400234",407,2,1,3,"10:24 PM","8:56",null,null,"MISS Jones 27' 3PT Jump Shot",null,null],["0041400234",408,4,0,3,"10:24 PM","8:56",null,null,"Rockets Rebound",null,null],["0041400234",409,5,11,3,"10:24 PM","8:56",null,null,"Rockets Turnover: Shot Clock (T#10)",null,null],["0041400234",410,2,1,3,"10:24 PM","8:35","MISS Barnes 24' 3PT Jump Shot",null,null,null,null],["0041400234",411,4,0,3,"10:24 PM","8:34","Jordan REBOUND (Off:2 Def:11)",null,null,null,null],["0041400234",413,2,1,3,"10:24 PM","8:25","MISS Paul 27' 3PT Jump Shot",null,null,null,null],["0041400234",414,4,0,3,"10:24 PM","8:24",null,null,"Howard REBOUND (Off:1 Def:3)",null,null],["0041400234",415,2,1,3,"10:25 PM","8:15",null,null,"MISS Terry 19' Jump Shot",null,null],["0041400234",416,4,0,3,"10:25 PM","8:14","Jordan REBOUND (Off:2 Def:12)",null,null,null,null],["0041400234",417,6,2,3,"10:25 PM","8:10",null,null,"Ariza S.FOUL (P3.T2) (D.Crawford)",null,null],["0041400234",419,6,11,3,"10:25 PM","8:10",null,null,"Jones T.FOUL (P3.T2) (D.Crawford)",null,null],["0041400234",420,3,16,3,"10:26 PM","8:10","Redick Free Throw Technical (7 PTS)",null,null,"56 - 71","15"],["0041400234",422,3,11,3,"10:26 PM","8:10","Griffin Free Throw 1 of 2 (15 PTS)",null,null,"56 - 72","16"],["0041400234",424,3,12,3,"10:26 PM","8:10","MISS Griffin Free Throw 2 of 2",null,null,null,null],["0041400234",426,4,0,3,"10:27 PM","8:09",null,null,"Ariza REBOUND (Off:0 Def:8)",null,null],["0041400234",427,6,4,3,"10:27 PM","8:05",null,null,"Howard OFF.Foul (P4) (D.Crawford)",null,null],["0041400234",428,5,5,3,"10:27 PM","8:05",null,null,"Howard Foul Turnover (P2.T11)",null,null],["0041400234",429,1,1,3,"10:27 PM","7:50","Redick 25' 3PT Jump Shot (10 PTS) (Paul 8 AST)",null,null,"56 - 75","19"],["0041400234",430,6,2,3,"10:28 PM","7:34","Jordan S.FOUL (P3.T2) (D.Crawford)",null,null,null,null],["0041400234",431,3,11,3,"10:28 PM","7:34",null,null,"Harden Free Throw 1 of 2 (11 PTS)","57 - 75","18"],["0041400234",433,3,12,3,"10:28 PM","7:34",null,null,"Harden Free Throw 2 of 2 (12 PTS)","58 - 75","17"],["0041400234",435,1,8,3,"10:29 PM","7:18","Jordan  Slam Dunk (16 PTS) (Griffin 2 AST)",null,null,"58 - 77","19"],["0041400234",436,2,3,3,"10:29 PM","6:58",null,null,"MISS Howard 4' Hook Shot",null,null],["0041400234",437,4,0,3,"10:29 PM","6:56","Jordan REBOUND (Off:2 Def:13)",null,null,null,null],["0041400234",438,1,52,3,"10:29 PM","6:46","Jordan  Alley Oop Dunk (18 PTS) (Paul 9 AST)",null,null,"58 - 79","21"],["0041400234",439,9,2,3,"10:29 PM","6:46",null,null,"Rockets Timeout: Short (Reg.3 Short 2)",null,null],["0041400234",441,8,0,3,"10:30 PM","6:46",null,null,"SUB: Brewer FOR Terry",null,null],["0041400234",442,6,26,3,"10:31 PM","6:36",null,null,"Ariza Offensive Charge Foul (P4.T3) (D.Crawford)",null,null],["0041400234",443,5,5,3,"10:31 PM","6:36",null,null,"Ariza Foul Turnover (P3.T12)",null,null],["0041400234",444,1,52,3,"10:31 PM","6:25","Jordan  Alley Oop Dunk (20 PTS) (Paul 10 AST)",null,null,"58 - 81","23"],["0041400234",445,2,1,3,"10:31 PM","6:11",null,null,"MISS Harden 18' Jump Shot",null,null],["0041400234",446,4,0,3,"10:31 PM","6:10",null,null,"Jones REBOUND (Off:4 Def:2)",null,null],["0041400234",447,2,55,3,"10:31 PM","6:08",null,null,"MISS Jones 5' Hook Shot",null,null],["0041400234",449,4,0,3,"10:31 PM","6:07",null,null,"Howard REBOUND (Off:2 Def:3)",null,null],["0041400234",448,2,53,3,"10:31 PM","6:07",null,null,"MISS Howard 2' Tip Shot",null,null],["0041400234",450,4,0,3,"10:31 PM","6:05","Griffin REBOUND (Off:0 Def:6)",null,null,null,null],["0041400234",451,2,1,3,"10:32 PM","5:42","MISS Paul 21' Jump Shot",null,null,null,null],["0041400234",452,4,0,3,"10:32 PM","5:42","CLIPPERS Rebound",null,null,null,null],["0041400234",453,5,11,3,"10:32 PM","5:42","CLIPPERS Turnover: Shot Clock (T#7)",null,null,null,null],["0041400234",455,6,2,3,"10:32 PM","5:34","Barnes S.FOUL (P2.T3) (M.Davis)",null,null,null,null],["0041400234",457,3,11,3,"10:33 PM","5:34",null,null,"MISS Howard Free Throw 1 of 2",null,null],["0041400234",458,4,1,3,"10:33 PM","5:34",null,null,"Rockets Rebound",null,null],["0041400234",459,8,0,3,"10:33 PM","5:34","SUB: Rivers FOR Paul",null,null,null,null],["0041400234",460,8,0,3,"10:33 PM","5:34","SUB: Crawford FOR Barnes",null,null,null,null],["0041400234",461,3,12,3,"10:33 PM","5:34",null,null,"Howard Free Throw 2 of 2 (7 PTS)","59 - 81","22"],["0041400234",463,6,2,3,"10:34 PM","5:21",null,null,"Brewer S.FOUL (P4.T4) (R.Garretson)",null,null],["0041400234",464,3,11,3,"10:34 PM","5:21","Redick Free Throw 1 of 2 (11 PTS)",null,null,"59 - 82","23"],["0041400234",466,8,0,3,"10:34 PM","5:21",null,null,"SUB: Terry FOR Jones",null,null],["0041400234",467,3,12,3,"10:34 PM","5:21","Redick Free Throw 2 of 2 (12 PTS)",null,null,"59 - 83","24"],["0041400234",469,1,42,3,"10:35 PM","5:14",null,null,"Harden 2' Driving Layup (14 PTS)","61 - 83","22"],["0041400234",470,1,45,3,"10:35 PM","4:52","Rivers 25' 3PT Jump Shot (10 PTS) (Redick 2 AST)",null,null,"61 - 86","25"],["0041400234",471,2,1,3,"10:35 PM","4:44",null,null,"MISS Terry 25' 3PT Jump Shot",null,null],["0041400234",472,4,0,3,"10:35 PM","4:44","CLIPPERS Rebound",null,null,null,null],["0041400234",473,6,1,3,"10:36 PM","4:23",null,null,"Harden P.FOUL (P3.PN) (M.Davis)",null,null],["0041400234",474,1,47,3,"10:36 PM","4:16","Redick 27' 3PT Turnaround Jump Shot (15 PTS)",null,null,"61 - 89","28"],["0041400234",475,6,1,3,"10:37 PM","4:06","Redick P.FOUL (P2.T4) (R.Garretson)",null,null,null,null],["0041400234",476,8,0,3,"10:37 PM","4:06",null,null,"SUB: Johnson FOR Brewer",null,null],["0041400234",478,1,1,3,"10:37 PM","3:54",null,null,"Terry 26' 3PT Jump Shot (11 PTS) (Johnson 1 AST)","64 - 89","25"],["0041400234",479,2,1,3,"10:37 PM","3:33","MISS Rivers 26' 3PT Jump Shot",null,null,null,null],["0041400234",480,4,0,3,"10:37 PM","3:30",null,null,"Harden REBOUND (Off:0 Def:7)",null,null],["0041400234",481,1,1,3,"10:38 PM","3:25",null,null,"Terry 24' 3PT Jump Shot (14 PTS) (Harden 5 AST)","67 - 89","22"],["0041400234",482,6,2,3,"10:38 PM","3:07",null,null,"Howard S.FOUL (P5.PN) (R.Garretson)",null,null],["0041400234",483,18,0,3,"10:38 PM","3:07",null,null,null,null,null],["0041400234",484,3,11,3,"10:41 PM","3:07","Griffin Free Throw 1 of 2 (16 PTS)",null,null,"67 - 90","23"],["0041400234",486,8,0,3,"10:41 PM","3:07",null,null,"SUB: Smith FOR Howard",null,null],["0041400234",487,3,12,3,"10:41 PM","3:07","MISS Griffin Free Throw 2 of 2",null,null,null,null],["0041400234",489,4,0,3,"10:42 PM","3:06",null,null,"Smith REBOUND (Off:0 Def:3)",null,null],["0041400234",490,6,1,3,"10:42 PM","3:01","Rivers P.FOUL (P2.PN) (R.Garretson)",null,null,null,null],["0041400234",491,3,11,3,"10:42 PM","3:01",null,null,"MISS Harden Free Throw 1 of 2",null,null],["0041400234",492,4,1,3,"10:42 PM","3:01",null,null,"Rockets Rebound",null,null],["0041400234",493,8,0,3,"10:42 PM","3:01","SUB: Barnes FOR Griffin",null,null,null,null],["0041400234",494,3,12,3,"10:42 PM","3:01",null,null,"Harden Free Throw 2 of 2 (15 PTS)","68 - 90","22"],["0041400234",496,6,28,3,"10:43 PM","3:00",null,null,"Smith Personal Take Foul (P3.PN) (M.Davis)",null,null],["0041400234",497,3,11,3,"10:43 PM","3:00","Jordan Free Throw 1 of 2 (21 PTS)",null,null,"68 - 91","23"],["0041400234",499,3,12,3,"10:43 PM","3:00","Jordan Free Throw 2 of 2 (22 PTS)",null,null,"68 - 92","24"],["0041400234",501,6,2,3,"10:44 PM","2:53","Barnes S.FOUL (P3.PN) (M.Davis)",null,null,null,null],["0041400234",502,9,1,3,"10:44 PM","2:53","CLIPPERS Timeout: Regular (Full 3 Short 1)",null,null,null,null],["0041400234",504,3,11,3,"10:47 PM","2:53",null,null,"Harden Free Throw 1 of 2 (16 PTS)","69 - 92","23"],["0041400234",506,3,12,3,"10:48 PM","2:53",null,null,"Harden Free Throw 2 of 2 (17 PTS)","70 - 92","22"],["0041400234",508,6,28,3,"10:48 PM","2:51",null,null,"Johnson Personal Take Foul (P1.PN) (R.Garretson)",null,null],["0041400234",509,3,11,3,"10:48 PM","2:51","Jordan Free Throw 1 of 2 (23 PTS)",null,null,"70 - 93","23"],["0041400234",511,3,12,3,"10:48 PM","2:51","Jordan Free Throw 2 of 2 (24 PTS)",null,null,"70 - 94","24"],["0041400234",513,1,1,3,"10:49 PM","2:41",null,null,"Terry 19' Jump Shot (16 PTS) (Johnson 2 AST)","72 - 94","22"],["0041400234",514,1,42,3,"10:49 PM","2:27","Rivers 3' Driving Layup (12 PTS)",null,null,"72 - 96","24"],["0041400234",516,1,1,3,"10:49 PM","2:11",null,null,"Ariza 26' 3PT Jump Shot (18 PTS) (Harden 6 AST)","75 - 96","21"],["0041400234",517,2,1,3,"10:50 PM","1:46","MISS Barnes 26' 3PT Jump Shot",null,null,null,null],["0041400234",518,4,0,3,"10:50 PM","1:46","Jordan REBOUND (Off:3 Def:13)",null,null,null,null],["0041400234",519,6,1,3,"10:50 PM","1:46",null,null,"Johnson P.FOUL (P2.PN) (M.Davis)",null,null],["0041400234",520,3,11,3,"10:50 PM","1:46","MISS Jordan Free Throw 1 of 2",null,null,null,null],["0041400234",522,4,0,3,"10:50 PM","1:46","CLIPPERS Rebound",null,null,null,null],["0041400234",521,3,12,3,"10:50 PM","1:46","MISS Jordan Free Throw 2 of 2",null,null,null,null],["0041400234",524,4,0,3,"10:51 PM","1:45",null,null,"Smith REBOUND (Off:0 Def:4)",null,null],["0041400234",525,1,80,3,"10:51 PM","1:33",null,null,"Harden 15' Step Back Jump Shot (19 PTS)","77 - 96","19"],["0041400234",526,2,57,3,"10:51 PM","1:15","MISS Crawford 4' Driving Hook Shot",null,null,null,null],["0041400234",527,4,0,3,"10:51 PM","1:13","Jordan REBOUND (Off:4 Def:13)",null,null,null,null],["0041400234",528,1,1,3,"10:51 PM","1:12","Jordan 5' Jump Shot (26 PTS)",null,null,"77 - 98","21"],["0041400234",529,6,1,3,"10:52 PM","1:04","Rivers P.FOUL (P3.PN) (D.Crawford)",null,null,null,null],["0041400234",530,3,11,3,"10:52 PM","1:04",null,null,"Harden Free Throw 1 of 2 (20 PTS)","78 - 98","20"],["0041400234",532,8,0,3,"10:52 PM","1:04","SUB: Griffin FOR Jordan",null,null,null,null],["0041400234",533,8,0,3,"10:52 PM","1:04",null,null,"SUB: Brewer FOR Ariza",null,null],["0041400234",534,3,12,3,"10:52 PM","1:04",null,null,"Harden Free Throw 2 of 2 (21 PTS)","79 - 98","19"],["0041400234",536,2,1,3,"10:53 PM","0:51","MISS Redick 17' Jump Shot",null,null,null,null],["0041400234",537,4,0,3,"10:53 PM","0:50","Rivers REBOUND (Off:1 Def:2)",null,null,null,null],["0041400234",538,2,7,3,"10:53 PM","0:38","MISS Barnes  Dunk",null,null,null,null],["0041400234",539,4,0,3,"10:53 PM","0:37","Crawford REBOUND (Off:1 Def:0)",null,null,null,null],["0041400234",540,1,5,3,"10:53 PM","0:36","Barnes 2' Layup (7 PTS) (Crawford 1 AST)",null,null,"79 - 100","21"],["0041400234",541,2,1,3,"10:53 PM","0:27",null,null,"MISS Harden 25' 3PT Jump Shot",null,null],["0041400234",542,4,0,3,"10:53 PM","0:25","Crawford REBOUND (Off:1 Def:1)",null,null,null,null],["0041400234",543,1,1,3,"10:53 PM","0:19","Redick 25' 3PT Jump Shot (18 PTS) (Barnes 2 AST)",null,null,"79 - 103","24"],["0041400234",544,2,43,3,"10:54 PM","0:15","Rivers BLOCK (1 BLK)",null,"MISS Johnson 3' Alley Oop Layup",null,null],["0041400234",545,4,0,3,"10:54 PM","0:15",null,null,"Rockets Rebound",null,null],["0041400234",546,8,0,3,"10:54 PM","0:15","SUB: Jones FOR Crawford",null,null,null,null],["0041400234",547,2,1,3,"10:54 PM","0:13","Griffin BLOCK (1 BLK)",null,"MISS Johnson 3' Jump Shot",null,null],["0041400234",548,4,0,3,"10:54 PM","0:10","Rivers REBOUND (Off:1 Def:3)",null,null,null,null],["0041400234",549,2,86,3,"10:55 PM","0:01","MISS Griffin 17' Turnaround Fadeaway Shot",null,null,null,null],["0041400234",550,4,0,3,"10:55 PM","0:00",null,null,"Harden REBOUND (Off:0 Def:8)",null,null],["0041400234",551,13,0,3,"10:55 PM","0:00",null,null,null,"79 - 103","24"],["0041400234",553,12,0,4,"10:58 PM","12:00",null,null,null,"79 - 103","24"],["0041400234",554,2,1,4,"10:58 PM","11:43","MISS Griffin 18' Jump Shot",null,null,null,null],["0041400234",555,4,0,4,"10:59 PM","11:41",null,null,"Howard REBOUND (Off:2 Def:4)",null,null],["0041400234",556,5,1,4,"10:59 PM","11:30","Rivers STEAL (1 STL)",null,"Johnson Bad Pass Turnover (P1.T13)",null,null],["0041400234",558,1,1,4,"10:59 PM","11:13","Crawford 26' 3PT Jump Shot (11 PTS) (Paul 11 AST)",null,null,"79 - 106","27"],["0041400234",559,2,58,4,"10:59 PM","10:54",null,null,"MISS Howard 6' Turnaround Hook Shot",null,null],["0041400234",560,4,0,4,"11:00 PM","10:52","Griffin REBOUND (Off:0 Def:7)",null,null,null,null],["0041400234",561,1,42,4,"11:00 PM","10:44","Griffin 3' Driving Layup (18 PTS) (Paul 12 AST)",null,null,"79 - 108","29"],["0041400234",563,7,2,4,"11:00 PM","10:38","Griffin Violation:Defensive Goaltending (R.Garretson)",null,null,null,null],["0041400234",562,1,42,4,"11:00 PM","10:38",null,null,"Johnson 2' Driving Layup (2 PTS) (Ariza 3 AST)","81 - 108","27"],["0041400234",565,6,2,4,"11:00 PM","10:30",null,null,"Brewer S.FOUL (P5.T1) (D.Crawford)",null,null],["0041400234",566,3,11,4,"11:01 PM","10:30","MISS Crawford Free Throw 1 of 2",null,null,null,null],["0041400234",567,4,1,4,"11:01 PM","10:30","CLIPPERS Rebound",null,null,null,null],["0041400234",568,3,12,4,"11:01 PM","10:30","MISS Crawford Free Throw 2 of 2",null,null,null,null],["0041400234",570,4,0,4,"11:01 PM","10:28","Crawford REBOUND (Off:2 Def:1)",null,null,null,null],["0041400234",571,5,1,4,"11:01 PM","10:11","Rivers Bad Pass Turnover (P1.T8)",null,"Ariza STEAL (2 STL)",null,null],["0041400234",574,2,3,4,"11:02 PM","9:56",null,null,"MISS Howard 6' Hook Shot",null,null],["0041400234",575,4,0,4,"11:02 PM","9:54","Griffin REBOUND (Off:0 Def:8)",null,null,null,null],["0041400234",576,1,42,4,"11:02 PM","9:52","Griffin 3' Driving Layup (20 PTS)",null,null,"81 - 110","29"],["0041400234",577,6,2,4,"11:02 PM","9:52",null,null,"Howard S.FOUL (P6.T2) (R.Garretson)",null,null],["0041400234",578,6,11,4,"11:02 PM","9:52",null,null,"Howard T.FOUL (P6.T2) (R.Garretson)",null,null],["0041400234",587,11,1,4,"11:02 PM","9:52",null,null,"Howard Ejection:Second Technical",null,null],["0041400234",580,8,0,4,"11:03 PM","9:52",null,null,"SUB: Capela FOR Howard",null,null],["0041400234",581,3,16,4,"11:03 PM","9:52","Paul Free Throw Technical (12 PTS)",null,null,"81 - 111","30"],["0041400234",583,3,10,4,"11:03 PM","9:52","Griffin Free Throw 1 of 1 (21 PTS)",null,null,"81 - 112","31"],["0041400234",585,2,5,4,"11:03 PM","9:39",null,null,"MISS Capela 3' Layup",null,null],["0041400234",586,4,0,4,"11:03 PM","9:37","Barnes REBOUND (Off:1 Def:6)",null,null,null,null],["0041400234",588,5,1,4,"11:04 PM","9:21","Griffin Bad Pass Turnover (P2.T9)",null,"Ariza STEAL (3 STL)",null,null],["0041400234",589,2,1,4,"11:04 PM","9:16",null,null,"MISS Ariza 21' Jump Shot",null,null],["0041400234",590,4,0,4,"11:04 PM","9:14",null,null,"Capela REBOUND (Off:2 Def:1)",null,null],["0041400234",591,2,1,4,"11:04 PM","9:12",null,null,"MISS Brewer 9' Jump Shot",null,null],["0041400234",592,4,0,4,"11:04 PM","9:08","Rivers REBOUND (Off:1 Def:4)",null,null,null,null],["0041400234",594,1,1,4,"11:04 PM","8:53","Paul 27' 3PT Jump Shot (15 PTS) (Griffin 3 AST)",null,null,"81 - 115","34"],["0041400234",595,6,2,4,"11:04 PM","8:38","Paul S.FOUL (P3.T1) (D.Crawford)",null,null,null,null],["0041400234",596,9,4,4,"11:05 PM","8:38",null,null,null,null,null],["0041400234",598,8,0,4,"11:08 PM","8:38","SUB: Turkoglu FOR Griffin",null,null,null,null],["0041400234",599,8,0,4,"11:08 PM","8:38","SUB: Davis FOR Paul",null,null,null,null],["0041400234",600,8,0,4,"11:08 PM","8:38",null,null,"SUB: Papanikolaou FOR Ariza",null,null],["0041400234",601,3,13,4,"11:08 PM","8:38",null,null,"Johnson Free Throw 1 of 3 (3 PTS)","82 - 115","33"],["0041400234",603,3,14,4,"11:08 PM","8:38",null,null,"Johnson Free Throw 2 of 3 (4 PTS)","83 - 115","32"],["0041400234",605,3,15,4,"11:08 PM","8:38",null,null,"Johnson Free Throw 3 of 3 (5 PTS)","84 - 115","31"],["0041400234",607,1,1,4,"11:09 PM","8:09","Crawford 19' Jump Shot (13 PTS)",null,null,"84 - 117","33"],["0041400234",609,2,1,4,"11:09 PM","7:52",null,null,"MISS Johnson 6' Jump Shot",null,null],["0041400234",610,4,0,4,"11:09 PM","7:51",null,null,"Johnson REBOUND (Off:1 Def:0)",null,null],["0041400234",611,1,5,4,"11:09 PM","7:50",null,null,"Johnson 3' Layup (7 PTS)","86 - 117","31"],["0041400234",613,5,4,4,"11:09 PM","7:27","Rivers Traveling Turnover (P2.T10)",null,null,null,null],["0041400234",614,2,1,4,"11:10 PM","7:21",null,null,"MISS Prigioni 26' 3PT Jump Shot",null,null],["0041400234",615,4,0,4,"11:10 PM","7:20","Crawford REBOUND (Off:2 Def:2)",null,null,null,null],["0041400234",617,2,1,4,"11:10 PM","6:59","MISS Crawford 24' 3PT Jump Shot",null,null,null,null],["0041400234",618,4,0,4,"11:10 PM","6:58",null,null,"Papanikolaou REBOUND (Off:0 Def:1)",null,null],["0041400234",619,2,1,4,"11:10 PM","6:50",null,null,"MISS Papanikolaou 26' 3PT Jump Shot",null,null],["0041400234",620,4,0,4,"11:10 PM","6:49","Barnes REBOUND (Off:1 Def:7)",null,null,null,null],["0041400234",621,2,1,4,"11:11 PM","6:26","MISS Davis 19' Jump Shot",null,null,null,null],["0041400234",622,4,0,4,"11:11 PM","6:25",null,null,"Brewer REBOUND (Off:0 Def:2)",null,null],["0041400234",623,1,3,4,"11:11 PM","6:19",null,null,"Papanikolaou 7' Hook Shot (2 PTS) (Prigioni 1 AST)","88 - 117","29"],["0041400234",624,2,66,4,"11:11 PM","5:55","MISS Rivers 4' Jump Bank Shot",null,null,null,null],["0041400234",625,4,0,4,"11:11 PM","5:52",null,null,"Capela REBOUND (Off:2 Def:2)",null,null],["0041400234",626,5,1,4,"11:11 PM","5:47","Davis STEAL (1 STL)",null,"Johnson Bad Pass Turnover (P2.T14)",null,null],["0041400234",627,2,1,4,"11:12 PM","5:31","MISS Turkoglu 27' 3PT Jump Shot",null,null,null,null],["0041400234",628,4,0,4,"11:12 PM","5:30",null,null,"Capela REBOUND (Off:2 Def:3)",null,null],["0041400234",630,9,1,4,"11:12 PM","5:21","CLIPPERS Timeout: Regular (Full 4 Short 1)",null,null,null,null],["0041400234",631,8,0,4,"11:14 PM","5:21",null,null,"SUB: Dorsey FOR Brewer",null,null],["0041400234",632,8,0,4,"11:15 PM","5:21","SUB: Hawes FOR Barnes",null,null,null,null],["0041400234",633,8,0,4,"11:15 PM","5:21","SUB: Jones FOR Crawford",null,null,null,null],["0041400234",634,8,0,4,"11:15 PM","5:21","SUB: Hudson FOR Davis",null,null,null,null],["0041400234",635,2,1,4,"11:15 PM","5:07","Rivers BLOCK (2 BLK)",null,"MISS Johnson 27' 3PT Jump Shot",null,null],["0041400234",636,4,0,4,"11:15 PM","5:07",null,null,"Capela REBOUND (Off:3 Def:3)",null,null],["0041400234",637,5,11,4,"11:15 PM","5:07",null,null,"Rockets Turnover: Shot Clock (T#15)",null,null],["0041400234",638,8,0,4,"11:16 PM","5:07","SUB: Udoh FOR Rivers",null,null,null,null],["0041400234",639,2,1,4,"11:16 PM","4:51","MISS Turkoglu 26' 3PT Jump Shot",null,null,null,null],["0041400234",640,4,0,4,"11:16 PM","4:50",null,null,"Rockets Rebound",null,null],["0041400234",641,5,1,4,"11:16 PM","4:41","Turkoglu STEAL (1 STL)",null,"Papanikolaou Bad Pass Turnover (P1.T16)",null,null],["0041400234",642,1,73,4,"11:16 PM","4:36","Jones 3' Driving Reverse Layup (2 PTS) (Turkoglu 1 AST)",null,null,"88 - 119","31"],["0041400234",643,7,1,4,"11:16 PM","4:33","CLIPPERS Violation: Delay of game Violation",null,null,null,null],["0041400234",644,6,2,4,"11:17 PM","4:20","Hawes S.FOUL (P2.T2) (D.Crawford)",null,null,null,null],["0041400234",645,3,11,4,"11:17 PM","4:20",null,null,"Dorsey Free Throw 1 of 2 (1 PTS)","89 - 119","30"],["0041400234",647,3,12,4,"11:17 PM","4:20",null,null,"MISS Dorsey Free Throw 2 of 2",null,null],["0041400234",649,4,0,4,"11:17 PM","4:17","Turkoglu REBOUND (Off:0 Def:1)",null,null,null,null],["0041400234",650,2,1,4,"11:18 PM","4:03","MISS Udoh 14' Jump Shot",null,null,null,null],["0041400234",651,4,0,4,"11:18 PM","4:02",null,null,"Dorsey REBOUND (Off:0 Def:1)",null,null],["0041400234",652,5,1,4,"11:18 PM","3:53","Hawes STEAL (1 STL)",null,"Prigioni Bad Pass Turnover (P1.T17)",null,null],["0041400234",653,1,42,4,"11:18 PM","3:47","Hudson 3' Driving Layup (2 PTS) (Hawes 1 AST)",null,null,"89 - 121","32"],["0041400234",654,5,1,4,"11:18 PM","3:32","Jones STEAL (1 STL)",null,"Papanikolaou Bad Pass Turnover (P2.T18)",null,null],["0041400234",655,6,28,4,"11:18 PM","3:32",null,null,"Prigioni Personal Take Foul (P2.T3) (R.Garretson)",null,null],["0041400234",656,5,2,4,"11:19 PM","3:21","Hudson Lost Ball Turnover (P1.T11)",null,"Prigioni STEAL (1 STL)",null,null],["0041400234",657,6,28,4,"11:19 PM","3:21","Hudson Personal Take Foul (P1.T3) (M.Davis)",null,null,null,null],["0041400234",658,6,1,4,"11:19 PM","3:11","Hudson P.FOUL (P2.T4) (R.Garretson)",null,null,null,null],["0041400234",659,2,86,4,"11:20 PM","2:56",null,null,"MISS Dorsey 12' Turnaround Fadeaway Shot",null,null],["0041400234",660,4,0,4,"11:20 PM","2:55","Udoh REBOUND (Off:0 Def:1)",null,null,null,null],["0041400234",661,2,1,4,"11:20 PM","2:38","MISS Hudson 25' 3PT Jump Shot",null,null,null,null],["0041400234",662,4,0,4,"11:20 PM","2:37",null,null,"Capela REBOUND (Off:3 Def:4)",null,null],["0041400234",664,6,2,4,"11:20 PM","2:22","Udoh S.FOUL (P1.PN) (D.Crawford)",null,null,null,null],["0041400234",665,9,1,4,"11:20 PM","2:22",null,null,"Rockets Timeout: Regular (Reg.4 Short 2)",null,null],["0041400234",668,3,11,4,"11:24 PM","2:22",null,null,"MISS Capela Free Throw 1 of 2",null,null],["0041400234",669,4,1,4,"11:24 PM","2:22",null,null,"Rockets Rebound",null,null],["0041400234",670,3,12,4,"11:24 PM","2:22",null,null,"MISS Capela Free Throw 2 of 2",null,null],["0041400234",672,4,0,4,"11:24 PM","2:21","Udoh REBOUND (Off:0 Def:2)",null,null,null,null],["0041400234",673,1,5,4,"11:24 PM","2:00","Hudson 2' Layup (4 PTS) (Hawes 2 AST)",null,null,"89 - 123","34"],["0041400234",674,5,12,4,"11:24 PM","2:00",null,null,"Papanikolaou Inbound Turnover (P3.T19)",null,null],["0041400234",675,1,1,4,"11:25 PM","1:48","Hawes 28' 3PT Jump Shot (8 PTS) (Turkoglu 2 AST)",null,null,"89 - 126","37"],["0041400234",676,5,1,4,"11:25 PM","1:39",null,null,"Prigioni Bad Pass Turnover (P2.T20)",null,null],["0041400234",677,2,1,4,"11:26 PM","1:15","MISS Udoh 13' Jump Shot",null,null,null,null],["0041400234",678,4,0,4,"11:26 PM","1:14",null,null,"Dorsey REBOUND (Off:0 Def:2)",null,null],["0041400234",679,1,1,4,"11:26 PM","1:05",null,null,"Prigioni 25' 3PT Jump Shot (3 PTS) (Dorsey 1 AST)","92 - 126","34"],["0041400234",680,2,1,4,"11:26 PM","0:56","MISS Turkoglu 25' 3PT Jump Shot",null,null,null,null],["0041400234",681,4,0,4,"11:26 PM","0:54",null,null,"Prigioni REBOUND (Off:0 Def:1)",null,null],["0041400234",682,5,2,4,"11:26 PM","0:47","Hudson STEAL (1 STL)",null,"Papanikolaou Lost Ball Turnover (P4.T21)",null,null],["0041400234",683,1,42,4,"11:26 PM","0:43","Udoh 3' Driving Layup (2 PTS) (Turkoglu 3 AST)",null,null,"92 - 128","36"],["0041400234",684,1,1,4,"11:27 PM","0:34",null,null,"Johnson 27' 3PT Jump Shot (10 PTS)","95 - 128","33"],["0041400234",685,2,1,4,"11:27 PM","0:15","MISS Turkoglu 31' 3PT Jump Shot",null,null,null,null],["0041400234",686,4,0,4,"11:27 PM","0:14",null,null,"Prigioni REBOUND (Off:0 Def:2)",null,null],["0041400234",687,13,0,4,"11:27 PM","0:00",null,null,null,"95 - 128","33"]]},{"name":"AvailableVideo","headers":["VIDEO_AVAILABLE_FLAG"],"rowSet":[[1]]}]}