{"resource":"playbyplay","parameters":{"GameID":"0041400313","StartPeriod":0,"EndPeriod":14},"resultSets":[{"name":"PlayByPlay","headers":["GAME_ID","EVENTNUM","EVENTMSGTYPE","EVENTMSGACTIONTYPE","PERIOD","WCTIMESTRING","PCTIMESTRING","HOMEDESCRIPTION","NEUTRALDESCRIPTION","VISITORDESCRIPTION","SCORE","SCOREMARGIN"],"rowSet":[["0041400313",0,12,0,1,"9:11 PM","12:00",null,null,null,null,null],["0041400313",1,10,0,1,"9:11 PM","12:00","Jump Ball Howard vs. Bogut: Tip to Green",null,null,null,null],["0041400313",2,2,1,1,"9:12 PM","11:35",null,null,"MISS Thompson  3PT Jump Shot",null,null],["0041400313",3,4,0,1,"9:12 PM","11:34","Howard REBOUND (Off:0 Def:1)",null,null,null,null],["0041400313",4,2,5,1,"9:12 PM","11:29","MISS Smith 2' Layup",null,null,null,null],["0041400313",5,4,0,1,"9:12 PM","11:28","Smith REBOUND (Off:1 Def:0)",null,null,null,null],["0041400313",6,1,5,1,"9:12 PM","11:17","Howard 2' Layup (2 PTS) (Smith 1 AST)",null,null,"0 - 2","2"],["0041400313",7,2,1,1,"9:12 PM","10:59",null,null,"MISS Barnes  3PT Jump Shot",null,null],["0041400313",8,4,0,1,"9:12 PM","10:58","Howard REBOUND (Off:0 Def:2)",null,null,null,null],["0041400313",10,2,79,1,"9:13 PM","10:36","MISS Terry 26' 3PT Pullup Jump Shot",null,null,null,null],["0041400313",11,4,0,1,"9:13 PM","10:35",null,null,"Green REBOUND (Off:0 Def:1)",null,null],["0041400313",12,1,5,1,"9:13 PM","10:21",null,null,"Bogut 1' Layup (2 PTS) (Green 1 AST)","2 - 2","TIE"],["0041400313",13,2,5,1,"9:13 PM","10:14","MISS Terry 1' Layup",null,"Thompson BLOCK (1 BLK)",null,null],["0041400313",14,4,0,1,"9:13 PM","10:13",null,null,"Green REBOUND (Off:0 Def:2)",null,null],["0041400313",15,2,1,1,"9:13 PM","10:07",null,null,"MISS Green 25' 3PT Jump Shot",null,null],["0041400313",16,4,0,1,"9:13 PM","10:06","Smith REBOUND (Off:1 Def:1)",null,null,null,null],["0041400313",17,1,1,1,"9:14 PM","9:54","Ariza 24' 3PT Jump Shot (3 PTS) (Terry 1 AST)",null,null,"2 - 5","3"],["0041400313",18,1,1,1,"9:14 PM","9:35",null,null,"Thompson 20' Jump Shot (2 PTS) (Bogut 1 AST)","4 - 5","1"],["0041400313",19,6,1,1,"9:14 PM","9:24",null,null,"Curry P.FOUL (P1.T1) (J.Phillips)",null,null],["0041400313",20,1,46,1,"9:14 PM","9:19","Terry 5' Running Jump Shot (2 PTS)",null,null,"4 - 7","3"],["0041400313",21,1,1,1,"9:15 PM","9:03",null,null,"Curry 25' 3PT Jump Shot (3 PTS) (Green 2 AST)","7 - 7","TIE"],["0041400313",22,2,42,1,"9:15 PM","8:47","MISS Ariza 2' Driving Layup",null,"Bogut BLOCK (1 BLK)",null,null],["0041400313",23,4,0,1,"9:15 PM","8:45","Howard REBOUND (Off:1 Def:2)",null,null,null,null],["0041400313",24,2,1,1,"9:15 PM","8:42","MISS Terry 25' 3PT Jump Shot",null,null,null,null],["0041400313",25,4,0,1,"9:15 PM","8:41",null,null,"Thompson REBOUND (Off:0 Def:1)",null,null],["0041400313",26,2,79,1,"9:15 PM","8:37",null,null,"MISS Curry 25' 3PT Pullup Jump Shot",null,null],["0041400313",27,4,0,1,"9:15 PM","8:36","Harden REBOUND (Off:0 Def:1)",null,null,null,null],["0041400313",28,2,80,1,"9:15 PM","8:27","MISS Harden 22' Step Back Jump Shot",null,null,null,null],["0041400313",29,4,0,1,"9:15 PM","8:26",null,null,"Thompson REBOUND (Off:0 Def:2)",null,null],["0041400313",30,1,79,1,"9:15 PM","8:16",null,null,"Thompson 17' Pullup Jump Shot (4 PTS)","9 - 7","-2"],["0041400313",32,1,88,1,"9:16 PM","7:56","Howard  Driving Slam Dunk (4 PTS) (Terry 2 AST)",null,null,"9 - 9","TIE"],["0041400313",36,7,2,1,"9:16 PM","7:44","Howard Violation:Defensive Goaltending (S.Foster)",null,null,null,null],["0041400313",35,1,3,1,"9:16 PM","7:44",null,null,"Bogut 4' Hook Shot (4 PTS) (Curry 1 AST)","11 - 9","-2"],["0041400313",38,6,26,1,"9:17 PM","7:29","Howard Offensive Charge Foul (P1.T1) (Z.Zarba)",null,null,null,null],["0041400313",39,5,5,1,"9:17 PM","7:29","Howard Foul Turnover (P1.T1)",null,null,null,null],["0041400313",40,1,52,1,"9:17 PM","7:21",null,null,"Bogut  Alley Oop Dunk (6 PTS) (Green 3 AST)","13 - 9","-4"],["0041400313",41,9,1,1,"9:17 PM","7:20","ROCKETS Timeout: Regular (Full 1 Short 0)",null,null,null,null],["0041400313",43,18,0,1,"9:18 PM","7:20",null,null,null,null,null],["0041400313",44,5,1,1,"9:21 PM","7:02","Harden Bad Pass Turnover (P1.T2)",null,null,null,null],["0041400313",45,2,1,1,"9:21 PM","6:41",null,null,"MISS Barnes 19' Jump Shot",null,null],["0041400313",46,4,0,1,"9:21 PM","6:40",null,null,"Green REBOUND (Off:1 Def:2)",null,null],["0041400313",47,1,5,1,"9:21 PM","6:31",null,null,"Bogut 1' Layup (8 PTS) (Thompson 1 AST)","15 - 9","-6"],["0041400313",48,6,2,1,"9:22 PM","6:15",null,null,"Green S.FOUL (P1.T2) (S.Foster)",null,null],["0041400313",49,3,11,1,"9:22 PM","6:15","Smith Free Throw 1 of 2 (1 PTS)",null,null,"15 - 10","-5"],["0041400313",51,3,12,1,"9:22 PM","6:15","MISS Smith Free Throw 2 of 2",null,null,null,null],["0041400313",53,4,0,1,"9:22 PM","6:15",null,null,"Bogut REBOUND (Off:0 Def:1)",null,null],["0041400313",56,6,5,1,"9:23 PM","6:04","Ariza IN.FOUL (P1.T2) (J.Phillips)",null,null,null,null],["0041400313",57,3,11,1,"9:23 PM","6:04",null,null,"Bogut Free Throw 1 of 2 (9 PTS)","16 - 10","-6"],["0041400313",59,3,12,1,"9:23 PM","6:04",null,null,"Bogut Free Throw 2 of 2 (10 PTS)","17 - 10","-7"],["0041400313",62,2,80,1,"9:24 PM","5:48","MISS Harden 21' Step Back Jump Shot",null,null,null,null],["0041400313",63,4,0,1,"9:24 PM","5:46","Howard REBOUND (Off:2 Def:2)",null,null,null,null],["0041400313",64,1,92,1,"9:24 PM","5:45","Howard  Putback Slam Dunk (6 PTS)",null,null,"17 - 12","-5"],["0041400313",65,1,1,1,"9:24 PM","5:29",null,null,"Green 25' 3PT Jump Shot (3 PTS) (Curry 2 AST)","20 - 12","-8"],["0041400313",66,1,81,1,"9:24 PM","5:18","Terry 10' Pullup Bank Shot (4 PTS)",null,null,"20 - 14","-6"],["0041400313",67,2,42,1,"9:25 PM","4:59",null,null,"MISS Green 2' Driving Layup",null,null],["0041400313",68,4,0,1,"9:25 PM","4:58","Howard REBOUND (Off:2 Def:3)",null,null,null,null],["0041400313",69,2,1,1,"9:25 PM","4:53","MISS Ariza 24' 3PT Jump Shot",null,null,null,null],["0041400313",70,4,0,1,"9:25 PM","4:52",null,null,"Barnes REBOUND (Off:0 Def:1)",null,null],["0041400313",71,2,79,1,"9:25 PM","4:36",null,null,"MISS Thompson 29' 3PT Pullup Jump Shot",null,null],["0041400313",72,4,0,1,"9:25 PM","4:35","Howard REBOUND (Off:2 Def:4)",null,null,null,null],["0041400313",73,6,27,1,"9:25 PM","4:30",null,null,"Thompson Personal Block Foul (P1.T3) (S.Foster)",null,null],["0041400313",74,8,0,1,"9:25 PM","4:30",null,null,"SUB: Iguodala FOR Barnes",null,null],["0041400313",75,8,0,1,"9:25 PM","4:30","SUB: Prigioni FOR Terry",null,null,null,null],["0041400313",76,8,0,1,"9:26 PM","4:30","SUB: Jones FOR Smith",null,null,null,null],["0041400313",77,8,0,1,"9:26 PM","4:30",null,null,"SUB: Ezeli FOR Bogut",null,null],["0041400313",78,2,1,1,"9:26 PM","4:22","MISS Jones 12' Jump Shot",null,null,null,null],["0041400313",79,4,0,1,"9:26 PM","4:21","Howard REBOUND (Off:3 Def:4)",null,null,null,null],["0041400313",80,2,3,1,"9:26 PM","3:59","MISS Jones 6' Hook Shot",null,null,null,null],["0041400313",81,4,0,1,"9:26 PM","3:58",null,null,"Ezeli REBOUND (Off:0 Def:1)",null,null],["0041400313",82,2,5,1,"9:27 PM","3:48",null,null,"MISS Green 2' Layup",null,null],["0041400313",83,4,0,1,"9:27 PM","3:47",null,null,"Green REBOUND (Off:2 Def:2)",null,null],["0041400313",84,1,5,1,"9:27 PM","3:46",null,null,"Green 2' Layup (5 PTS)","22 - 14","-8"],["0041400313",85,2,42,1,"9:27 PM","3:30","MISS Prigioni 2' Driving Layup",null,null,null,null],["0041400313",86,4,0,1,"9:27 PM","3:30",null,null,"Green REBOUND (Off:2 Def:3)",null,null],["0041400313",87,6,1,1,"9:27 PM","3:30","Prigioni P.FOUL (P1.T3) (Z.Zarba)",null,null,null,null],["0041400313",88,8,0,1,"9:27 PM","3:30","SUB: Brewer FOR Ariza",null,null,null,null],["0041400313",89,8,0,1,"9:27 PM","3:30",null,null,"SUB: Livingston FOR Curry",null,null],["0041400313",90,2,79,1,"9:28 PM","3:18",null,null,"MISS Thompson 26' 3PT Pullup Jump Shot",null,null],["0041400313",91,4,0,1,"9:28 PM","3:17","Harden REBOUND (Off:0 Def:2)",null,null,null,null],["0041400313",92,1,42,1,"9:28 PM","3:08","Harden 3' Driving Layup (2 PTS) (Prigioni 1 AST)",null,null,"22 - 16","-6"],["0041400313",93,2,73,1,"9:28 PM","2:50",null,null,"MISS Thompson 3' Driving Reverse Layup",null,null],["0041400313",94,4,0,1,"9:28 PM","2:50",null,null,"Warriors Rebound",null,null],["0041400313",95,9,1,1,"9:28 PM","2:50",null,null,"Warriors Timeout: Regular (Reg.1 Short 0)",null,null],["0041400313",97,8,0,1,"9:30 PM","2:50","SUB: Capela FOR Howard",null,null,null,null],["0041400313",99,6,1,1,"9:32 PM","2:47","Prigioni P.FOUL (P2.T4) (Z.Zarba)",null,null,null,null],["0041400313",100,1,79,1,"9:32 PM","2:40",null,null,"Livingston 10' Pullup Jump Shot (2 PTS)","24 - 16","-8"],["0041400313",101,2,1,1,"9:32 PM","2:23","MISS Prigioni 27' 3PT Jump Shot",null,null,null,null],["0041400313",102,4,0,1,"9:32 PM","2:22",null,null,"Ezeli REBOUND (Off:0 Def:2)",null,null],["0041400313",103,2,1,1,"9:33 PM","2:08",null,null,"MISS Thompson 26' 3PT Jump Shot",null,null],["0041400313",104,4,0,1,"9:33 PM","2:07",null,null,"Iguodala REBOUND (Off:1 Def:0)",null,null],["0041400313",105,1,43,1,"9:33 PM","2:02",null,null,"Thompson 1' Alley Oop Layup (6 PTS) (Iguodala 1 AST)","26 - 16","-10"],["0041400313",106,2,80,1,"9:33 PM","1:40","MISS Brewer 21' Step Back Jump Shot",null,null,null,null],["0041400313",107,4,0,1,"9:33 PM","1:38",null,null,"Warriors Rebound",null,null],["0041400313",110,2,49,1,"9:34 PM","1:21","Capela BLOCK (1 BLK)",null,"MISS Thompson  Driving Dunk",null,null],["0041400313",111,4,0,1,"9:34 PM","1:20","Jones REBOUND (Off:0 Def:1)",null,null,null,null],["0041400313",112,2,1,1,"9:34 PM","1:10","MISS Brewer 14' Jump Shot",null,null,null,null],["0041400313",113,4,0,1,"9:34 PM","1:09","Jones REBOUND (Off:1 Def:1)",null,null,null,null],["0041400313",114,6,2,1,"9:34 PM","1:09",null,null,"Ezeli S.FOUL (P1.T4) (S.Foster)",null,null],["0041400313",115,3,11,1,"9:34 PM","1:09","Jones Free Throw 1 of 2 (1 PTS)",null,null,"26 - 17","-9"],["0041400313",117,3,12,1,"9:35 PM","1:09","Jones Free Throw 2 of 2 (2 PTS)",null,null,"26 - 18","-8"],["0041400313",119,1,52,1,"9:35 PM","0:56",null,null,"Ezeli  Alley Oop Dunk (2 PTS) (Thompson 2 AST)","28 - 18","-10"],["0041400313",120,5,1,1,"9:35 PM","0:35","Jones Bad Pass Turnover (P1.T3)",null,"Iguodala STEAL (1 STL)",null,null],["0041400313",121,6,2,1,"9:36 PM","0:31","Prigioni S.FOUL (P3.PN) (S.Foster)",null,null,null,null],["0041400313",122,3,11,1,"9:36 PM","0:31",null,null,"Livingston Free Throw 1 of 2 (3 PTS)","29 - 18","-11"],["0041400313",124,8,0,1,"9:36 PM","0:31",null,null,"SUB: Barnes FOR Thompson",null,null],["0041400313",125,8,0,1,"9:36 PM","0:31",null,null,"SUB: Barbosa FOR Green",null,null],["0041400313",126,3,12,1,"9:36 PM","0:31",null,null,"Livingston Free Throw 2 of 2 (4 PTS)","30 - 18","-12"],["0041400313",129,2,80,1,"9:37 PM","0:09","MISS Harden 25' 3PT Step Back Jump Shot",null,null,null,null],["0041400313",130,4,0,1,"9:37 PM","0:06",null,null,"Barnes REBOUND (Off:0 Def:2)",null,null],["0041400313",131,2,1,1,"9:37 PM","0:01",null,null,"MISS Barnes 6' Jump Shot",null,null],["0041400313",133,4,0,1,"9:38 PM","0:00",null,null,"Iguodala REBOUND (Off:2 Def:0)",null,null],["0041400313",132,2,4,1,"9:38 PM","0:00",null,null,"MISS Iguodala 2' Tip Shot",null,null],["0041400313",135,4,0,1,"9:38 PM","0:00",null,null,"Warriors Rebound",null,null],["0041400313",134,13,0,1,"9:38 PM","0:00",null,null,null,"30 - 18","-12"],["0041400313",137,12,0,2,"9:41 PM","12:00",null,null,null,"30 - 18","-12"],["0041400313",138,2,3,2,"9:41 PM","11:38","MISS Howard 7' Hook Shot",null,null,null,null],["0041400313",140,4,0,2,"9:41 PM","11:37","Ariza REBOUND (Off:1 Def:0)",null,null,null,null],["0041400313",139,1,4,2,"9:41 PM","11:37","Ariza 1' Tip Shot (5 PTS)",null,null,"30 - 20","-10"],["0041400313",141,1,52,2,"9:42 PM","11:15",null,null,"Ezeli  Alley Oop Dunk (4 PTS) (Livingston 1 AST)","32 - 20","-12"],["0041400313",142,2,42,2,"9:42 PM","11:06","MISS Brewer 3' Driving Layup",null,null,null,null],["0041400313",143,4,0,2,"9:42 PM","11:05",null,null,"Livingston REBOUND (Off:0 Def:1)",null,null],["0041400313",144,2,5,2,"9:42 PM","10:59",null,null,"MISS Barbosa 2' Layup",null,null],["0041400313",145,4,0,2,"9:42 PM","10:57","Jones REBOUND (Off:1 Def:2)",null,null,null,null],["0041400313",146,1,65,2,"9:42 PM","10:51","Howard 6' Jump Hook Shot (8 PTS)",null,null,"32 - 22","-10"],["0041400313",147,2,63,2,"9:42 PM","10:28",null,null,"MISS Livingston 9' Fadeaway Jumper",null,null],["0041400313",148,4,0,2,"9:43 PM","10:25",null,null,"Ezeli REBOUND (Off:1 Def:2)",null,null],["0041400313",149,2,5,2,"9:43 PM","10:24","Jones BLOCK (1 BLK)",null,"MISS Ezeli 2' Layup",null,null],["0041400313",150,4,0,2,"9:43 PM","10:23","Howard REBOUND (Off:3 Def:5)",null,null,null,null],["0041400313",151,2,42,2,"9:43 PM","10:18","MISS Brewer 2' Driving Layup",null,null,null,null],["0041400313",152,4,0,2,"9:43 PM","10:16","ROCKETS Rebound",null,null,null,null],["0041400313",153,6,1,2,"9:43 PM","10:12",null,null,"Iguodala P.FOUL (P1.T1) (J.Phillips)",null,null],["0041400313",154,6,2,2,"9:44 PM","10:04",null,null,"Ezeli S.FOUL (P2.T2) (S.Foster)",null,null],["0041400313",155,3,11,2,"9:44 PM","10:04","MISS Howard Free Throw 1 of 2",null,null,null,null],["0041400313",156,4,1,2,"9:44 PM","10:04","ROCKETS Rebound",null,null,null,null],["0041400313",157,8,0,2,"9:44 PM","10:04",null,null,"SUB: Bogut FOR Ezeli",null,null],["0041400313",158,8,0,2,"9:44 PM","10:04",null,null,"SUB: Curry FOR Barbosa",null,null],["0041400313",159,3,12,2,"9:44 PM","10:04","MISS Howard Free Throw 2 of 2",null,null,null,null],["0041400313",161,4,0,2,"9:44 PM","10:04",null,null,"Bogut REBOUND (Off:0 Def:2)",null,null],["0041400313",162,6,4,2,"9:45 PM","9:49",null,null,"Barnes OFF.Foul (P1) (S.Foster)",null,null],["0041400313",163,5,5,2,"9:45 PM","9:49",null,null,"Barnes Foul Turnover (P1.T1)",null,null],["0041400313",164,1,65,2,"9:45 PM","9:28","Howard 4' Jump Hook Shot (10 PTS)",null,null,"32 - 24","-8"],["0041400313",165,1,8,2,"9:45 PM","9:21",null,null,"Iguodala  Slam Dunk (2 PTS) (Curry 3 AST)","34 - 24","-10"],["0041400313",166,2,65,2,"9:46 PM","9:00","MISS Howard 6' Jump Hook Shot",null,null,null,null],["0041400313",167,4,0,2,"9:46 PM","8:59",null,null,"Bogut REBOUND (Off:0 Def:3)",null,null],["0041400313",168,1,42,2,"9:46 PM","8:43",null,null,"Iguodala 3' Driving Layup (4 PTS)","36 - 24","-12"],["0041400313",169,2,1,2,"9:46 PM","8:32","MISS Ariza 25' 3PT Jump Shot",null,null,null,null],["0041400313",170,4,0,2,"9:46 PM","8:31",null,null,"Barnes REBOUND (Off:0 Def:3)",null,null],["0041400313",171,2,80,2,"9:46 PM","8:12",null,null,"MISS Curry 26' 3PT Step Back Jump Shot",null,null],["0041400313",172,4,0,2,"9:47 PM","8:11",null,null,"Warriors Rebound",null,null],["0041400313",173,9,4,2,"9:47 PM","8:11",null,null,null,null,null],["0041400313",175,8,0,2,"9:49 PM","8:11","SUB: Smith FOR Prigioni",null,null,null,null],["0041400313",176,8,0,2,"9:49 PM","8:11","SUB: Harden FOR Jones",null,null,null,null],["0041400313",177,8,0,2,"9:49 PM","8:11","SUB: Terry FOR Brewer",null,null,null,null],["0041400313",179,2,79,2,"9:50 PM","8:05",null,null,"MISS Iguodala 17' Pullup Jump Shot",null,null],["0041400313",180,4,0,2,"9:50 PM","8:04",null,null,"Bogut REBOUND (Off:1 Def:3)",null,null],["0041400313",181,2,1,2,"9:50 PM","7:58",null,null,"MISS Barnes 8' Jump Shot",null,null],["0041400313",182,4,0,2,"9:50 PM","7:58","Smith REBOUND (Off:1 Def:2)",null,null,null,null],["0041400313",183,6,1,2,"9:50 PM","7:52",null,null,"Bogut P.FOUL (P1.T3) (Z.Zarba)",null,null],["0041400313",184,8,0,2,"9:51 PM","7:52",null,null,"SUB: Green FOR Barnes",null,null],["0041400313",185,2,1,2,"9:51 PM","7:48","MISS Harden 26' 3PT Jump Shot",null,null,null,null],["0041400313",186,4,0,2,"9:51 PM","7:47",null,null,"Curry REBOUND (Off:0 Def:1)",null,null],["0041400313",187,2,1,2,"9:51 PM","7:36",null,null,"MISS Green 20' Jump Shot",null,null],["0041400313",188,4,0,2,"9:51 PM","7:35","Ariza REBOUND (Off:1 Def:1)",null,null,null,null],["0041400313",189,2,1,2,"9:51 PM","7:28","MISS Terry 25' 3PT Jump Shot",null,null,null,null],["0041400313",190,4,0,2,"9:51 PM","7:27",null,null,"Bogut REBOUND (Off:1 Def:4)",null,null],["0041400313",191,2,1,2,"9:51 PM","7:14",null,null,"MISS Livingston 4' Jump Shot",null,null],["0041400313",192,4,0,2,"9:51 PM","7:13","Howard REBOUND (Off:3 Def:6)",null,null,null,null],["0041400313",193,1,1,2,"9:52 PM","6:58","Smith  3PT Jump Shot (4 PTS) (Harden 1 AST)",null,null,"36 - 27","-9"],["0041400313",194,2,75,2,"9:52 PM","6:37",null,null,"MISS Curry 4' Driving Finger Roll Layup",null,null],["0041400313",196,4,0,2,"9:52 PM","6:36",null,null,"Bogut REBOUND (Off:2 Def:4)",null,null],["0041400313",195,1,4,2,"9:52 PM","6:36",null,null,"Bogut 1' Tip Shot (12 PTS)","38 - 27","-11"],["0041400313",197,2,86,2,"9:52 PM","6:22","MISS Smith 6' Turnaround Fadeaway Shot",null,null,null,null],["0041400313",198,4,0,2,"9:52 PM","6:22","ROCKETS Rebound",null,null,null,null],["0041400313",199,6,3,2,"9:52 PM","6:22",null,null,"Bogut L.B.FOUL (P2.T4) (Z.Zarba)",null,null],["0041400313",200,8,0,2,"9:52 PM","6:22",null,null,"SUB: Thompson FOR Livingston",null,null],["0041400313",201,6,2,2,"9:53 PM","6:15",null,null,"Iguodala S.FOUL (P2.PN) (S.Foster)",null,null],["0041400313",202,3,11,2,"9:53 PM","6:15","Harden Free Throw 1 of 2 (3 PTS)",null,null,"38 - 28","-10"],["0041400313",205,9,1,2,"9:53 PM","6:15",null,null,"Warriors Timeout: Regular (Reg.2 Short 0)",null,null],["0041400313",206,8,0,2,"9:56 PM","6:15",null,null,"SUB: Barnes FOR Iguodala",null,null],["0041400313",207,3,12,2,"9:57 PM","6:15","Harden Free Throw 2 of 2 (4 PTS)",null,null,"38 - 29","-9"],["0041400313",209,1,75,2,"9:57 PM","5:57",null,null,"Curry 2' Driving Finger Roll Layup (5 PTS)","40 - 29","-11"],["0041400313",210,5,1,2,"9:57 PM","5:46","Terry Bad Pass Turnover (P1.T4)",null,"Curry STEAL (1 STL)",null,null],["0041400313",211,2,79,2,"9:58 PM","5:30",null,null,"MISS Thompson 17' Pullup Jump Shot",null,null],["0041400313",212,4,0,2,"9:58 PM","5:29",null,null,"Curry REBOUND (Off:1 Def:1)",null,null],["0041400313",213,6,2,2,"9:58 PM","5:28","Howard S.FOUL (P2.T1) (Z.Zarba)",null,null,null,null],["0041400313",214,3,11,2,"9:58 PM","5:28",null,null,"Curry Free Throw 1 of 2 (6 PTS)","41 - 29","-12"],["0041400313",216,3,12,2,"9:58 PM","5:28",null,null,"Curry Free Throw 2 of 2 (7 PTS)","42 - 29","-13"],["0041400313",218,2,42,2,"9:59 PM","5:21","MISS Howard 3' Driving Layup",null,null,null,null],["0041400313",219,4,0,2,"9:59 PM","5:20",null,null,"Bogut REBOUND (Off:2 Def:5)",null,null],["0041400313",220,6,2,2,"9:59 PM","5:15","Howard S.FOUL (P3.T2) (S.Foster)",null,null,null,null],["0041400313",221,3,11,2,"9:59 PM","5:15",null,null,"Curry Free Throw 1 of 2 (8 PTS)","43 - 29","-14"],["0041400313",223,3,12,2,"9:59 PM","5:15",null,null,"Curry Free Throw 2 of 2 (9 PTS)","44 - 29","-15"],["0041400313",225,6,1,2,"10:00 PM","5:05",null,null,"Bogut P.FOUL (P3.PN) (S.Foster)",null,null],["0041400313",226,3,11,2,"10:00 PM","5:05","MISS Howard Free Throw 1 of 2",null,null,null,null],["0041400313",227,4,1,2,"10:00 PM","5:05","ROCKETS Rebound",null,null,null,null],["0041400313",228,8,0,2,"10:00 PM","5:05",null,null,"SUB: Ezeli FOR Bogut",null,null],["0041400313",229,3,12,2,"10:01 PM","5:05","Howard Free Throw 2 of 2 (11 PTS)",null,null,"44 - 30","-14"],["0041400313",231,1,5,2,"10:01 PM","4:50",null,null,"Ezeli 2' Layup (6 PTS) (Thompson 3 AST)","46 - 30","-16"],["0041400313",232,6,2,2,"10:01 PM","4:40",null,null,"Curry S.FOUL (P2.PN) (Z.Zarba)",null,null],["0041400313",233,3,11,2,"10:01 PM","4:40","Harden Free Throw 1 of 2 (5 PTS)",null,null,"46 - 31","-15"],["0041400313",235,3,12,2,"10:02 PM","4:40","Harden Free Throw 2 of 2 (6 PTS)",null,null,"46 - 32","-14"],["0041400313",237,1,79,2,"10:02 PM","4:32",null,null,"Curry 29' 3PT Pullup Jump Shot (12 PTS)","49 - 32","-17"],["0041400313",238,2,79,2,"10:02 PM","4:19","MISS Harden 11' Pullup Jump Shot",null,null,null,null],["0041400313",239,4,0,2,"10:02 PM","4:19",null,null,"Curry REBOUND (Off:1 Def:2)",null,null],["0041400313",240,2,1,2,"10:02 PM","4:12",null,null,"MISS Barnes 20' Jump Shot",null,null],["0041400313",241,4,0,2,"10:03 PM","4:12",null,null,"Warriors Rebound",null,null],["0041400313",242,6,3,2,"10:03 PM","4:12","Ariza L.B.FOUL (P2.T3) (Z.Zarba)",null,null,null,null],["0041400313",243,6,2,2,"10:03 PM","4:06","Terry S.FOUL (P1.T4) (Z.Zarba)",null,null,null,null],["0041400313",244,9,1,2,"10:03 PM","4:06","ROCKETS Timeout: Regular (Full 2 Short 0)",null,null,null,null],["0041400313",247,3,13,2,"10:06 PM","4:06",null,null,"Curry Free Throw 1 of 3 (13 PTS)","50 - 32","-18"],["0041400313",249,3,14,2,"10:07 PM","4:06",null,null,"Curry Free Throw 2 of 3 (14 PTS)","51 - 32","-19"],["0041400313",251,3,15,2,"10:07 PM","4:06",null,null,"Curry Free Throw 3 of 3 (15 PTS)","52 - 32","-20"],["0041400313",253,7,5,2,"10:07 PM","3:44",null,null,"Curry Violation:Kicked Ball (S.Foster)",null,null],["0041400313",254,1,65,2,"10:08 PM","3:31","Smith 6' Jump Hook Shot (6 PTS)",null,null,"52 - 34","-18"],["0041400313",255,1,84,2,"10:08 PM","3:13",null,null,"Curry 8' Running Bank Shot (17 PTS) (Green 4 AST)","54 - 34","-20"],["0041400313",256,6,1,2,"10:08 PM","3:06",null,null,"Ezeli P.FOUL (P3.PN) (Z.Zarba)",null,null],["0041400313",257,3,11,2,"10:09 PM","3:06","MISS Howard Free Throw 1 of 2",null,null,null,null],["0041400313",258,4,1,2,"10:09 PM","3:06","ROCKETS Rebound",null,null,null,null],["0041400313",259,3,12,2,"10:09 PM","3:06","Howard Free Throw 2 of 2 (12 PTS)",null,null,"54 - 35","-19"],["0041400313",261,2,1,2,"10:10 PM","2:45",null,null,"MISS Thompson 25' 3PT Jump Shot",null,null],["0041400313",262,4,0,2,"10:10 PM","2:44",null,null,"Curry REBOUND (Off:2 Def:2)",null,null],["0041400313",263,1,1,2,"10:10 PM","2:41",null,null,"Thompson  3PT Jump Shot (9 PTS) (Curry 4 AST)","57 - 35","-22"],["0041400313",265,8,0,2,"10:10 PM","2:29",null,null,"SUB: Iguodala FOR Ezeli",null,null],["0041400313",266,2,80,2,"10:10 PM","2:22","MISS Harden 18' Step Back Jump Shot",null,null,null,null],["0041400313",267,4,0,2,"10:10 PM","2:21","Howard REBOUND (Off:4 Def:6)",null,null,null,null],["0041400313",268,6,2,2,"10:10 PM","2:21",null,null,"Barnes S.FOUL (P2.PN) (S.Foster)",null,null],["0041400313",269,3,11,2,"10:11 PM","2:21","MISS Howard Free Throw 1 of 2",null,null,null,null],["0041400313",270,4,1,2,"10:11 PM","2:21","ROCKETS Rebound",null,null,null,null],["0041400313",271,3,12,2,"10:11 PM","2:21","MISS Howard Free Throw 2 of 2",null,null,null,null],["0041400313",273,4,0,2,"10:11 PM","2:21",null,null,"Green REBOUND (Off:2 Def:4)",null,null],["0041400313",275,1,5,2,"10:11 PM","2:05",null,null,"Green 1' Layup (7 PTS)","59 - 35","-24"],["0041400313",276,9,2,2,"10:12 PM","2:00","ROCKETS Timeout: Short (Full 2 Short 1)",null,null,null,null],["0041400313",277,8,0,2,"10:12 PM","2:00","SUB: Jones FOR Smith",null,null,null,null],["0041400313",278,8,0,2,"10:12 PM","2:00","SUB: Brewer FOR Howard",null,null,null,null],["0041400313",281,6,2,2,"10:13 PM","1:55",null,null,"Green S.FOUL (P2.PN) (Z.Zarba)",null,null],["0041400313",282,3,11,2,"10:13 PM","1:55","Harden Free Throw 1 of 2 (7 PTS)",null,null,"59 - 36","-23"],["0041400313",284,3,12,2,"10:13 PM","1:55","Harden Free Throw 2 of 2 (8 PTS)",null,null,"59 - 37","-22"],["0041400313",286,2,1,2,"10:14 PM","1:32",null,null,"MISS Barnes 26' 3PT Jump Shot",null,null],["0041400313",287,4,0,2,"10:14 PM","1:31","Ariza REBOUND (Off:1 Def:2)",null,null,null,null],["0041400313",288,5,1,2,"10:14 PM","1:25","Jones Bad Pass Turnover (P2.T5)",null,"Thompson STEAL (1 STL)",null,null],["0041400313",289,6,1,2,"10:15 PM","1:07","Jones P.FOUL (P1.PN) (J.Phillips)",null,null,null,null],["0041400313",290,3,11,2,"10:15 PM","1:07",null,null,"MISS Curry Free Throw 1 of 2",null,null],["0041400313",291,4,1,2,"10:15 PM","1:07",null,null,"Warriors Rebound",null,null],["0041400313",292,8,0,2,"10:15 PM","1:07",null,null,"SUB: Lee FOR Green",null,null],["0041400313",293,3,12,2,"10:15 PM","1:07",null,null,"Curry Free Throw 2 of 2 (18 PTS)","60 - 37","-23"],["0041400313",295,2,1,2,"10:16 PM","0:57","MISS Brewer  3PT Jump Shot",null,null,null,null],["0041400313",296,4,0,2,"10:16 PM","0:56",null,null,"Lee REBOUND (Off:0 Def:1)",null,null],["0041400313",297,2,1,2,"10:16 PM","0:37",null,null,"MISS Thompson 25' 3PT Jump Shot",null,null],["0041400313",298,4,0,2,"10:16 PM","0:36","Jones REBOUND (Off:1 Def:3)",null,null,null,null],["0041400313",299,2,79,2,"10:16 PM","0:31","MISS Terry 25' 3PT Pullup Jump Shot",null,null,null,null],["0041400313",300,4,0,2,"10:16 PM","0:30",null,null,"Thompson REBOUND (Off:0 Def:3)",null,null],["0041400313",302,1,42,2,"10:16 PM","0:11",null,null,"Lee 3' Driving Layup (2 PTS) (Curry 5 AST)","62 - 37","-25"],["0041400313",304,2,80,2,"10:17 PM","0:00","MISS Harden 25' 3PT Step Back Jump Shot",null,null,null,null],["0041400313",306,4,0,2,"10:17 PM","0:00","ROCKETS Rebound",null,null,null,null],["0041400313",305,13,0,2,"10:17 PM","0:00",null,null,null,"62 - 37","-25"],["0041400313",308,12,0,3,"10:34 PM","12:00",null,null,null,"62 - 37","-25"],["0041400313",309,6,2,3,"10:34 PM","11:47",null,null,"Thompson S.FOUL (P2.T1) (Z.Zarba)",null,null],["0041400313",311,6,11,3,"10:35 PM","11:47","Howard T.FOUL (P3.T0) (S.Foster)",null,null,null,null],["0041400313",312,3,16,3,"10:35 PM","11:47",null,null,"Curry Free Throw Technical (19 PTS)","63 - 37","-26"],["0041400313",314,3,11,3,"10:36 PM","11:47","Harden Free Throw 1 of 2 (9 PTS)",null,null,"63 - 38","-25"],["0041400313",316,3,12,3,"10:36 PM","11:47","Harden Free Throw 2 of 2 (10 PTS)",null,null,"63 - 39","-24"],["0041400313",318,2,1,3,"10:36 PM","11:25",null,null,"MISS Curry 21' Jump Shot",null,null],["0041400313",319,4,0,3,"10:36 PM","11:24","Howard REBOUND (Off:4 Def:7)",null,null,null,null],["0041400313",320,1,1,3,"10:36 PM","11:17","Smith 25' 3PT Jump Shot (9 PTS) (Harden 2 AST)",null,null,"63 - 42","-21"],["0041400313",321,5,11,3,"10:37 PM","10:49",null,null,"Warriors Turnover: Shot Clock (T#2)",null,null],["0041400313",322,1,46,3,"10:37 PM","10:37","Howard 7' Running Jump Shot (14 PTS) (Harden 3 AST)",null,null,"63 - 44","-19"],["0041400313",323,2,1,3,"10:38 PM","10:24",null,null,"MISS Curry 9' Jump Shot",null,null],["0041400313",325,4,0,3,"10:38 PM","10:23",null,null,"Bogut REBOUND (Off:3 Def:5)",null,null],["0041400313",324,2,4,3,"10:38 PM","10:23",null,null,"MISS Bogut 1' Tip Shot",null,null],["0041400313",327,4,0,3,"10:38 PM","10:22",null,null,"Bogut REBOUND (Off:4 Def:5)",null,null],["0041400313",326,2,4,3,"10:38 PM","10:22",null,null,"MISS Bogut 1' Tip Shot",null,null],["0041400313",328,4,0,3,"10:38 PM","10:20","Howard REBOUND (Off:4 Def:8)",null,null,null,null],["0041400313",329,6,3,3,"10:38 PM","10:20",null,null,"Bogut L.B.FOUL (P4.T2) (J.Phillips)",null,null],["0041400313",345,8,0,3,"10:38 PM","10:20",null,null,"SUB: Ezeli FOR Bogut",null,null],["0041400313",330,2,42,3,"10:38 PM","10:12","MISS Harden 3' Driving Layup",null,null,null,null],["0041400313",331,4,0,3,"10:38 PM","10:12","ROCKETS Rebound",null,null,null,null],["0041400313",332,2,1,3,"10:38 PM","10:06","MISS Smith 25' 3PT Jump Shot",null,null,null,null],["0041400313",333,4,0,3,"10:38 PM","10:05",null,null,"Barnes REBOUND (Off:0 Def:4)",null,null],["0041400313",334,2,5,3,"10:39 PM","9:54",null,null,"MISS Green 2' Layup",null,null],["0041400313",335,4,0,3,"10:39 PM","9:53","Smith REBOUND (Off:1 Def:3)",null,null,null,null],["0041400313",336,2,1,3,"10:39 PM","9:48","MISS Ariza 25' 3PT Jump Shot",null,null,null,null],["0041400313",338,10,0,3,"10:39 PM","9:47","Jump Ball Harden vs. Green: Tip to Curry",null,null,null,null],["0041400313",339,4,0,3,"10:39 PM","9:47",null,null,"Warriors Rebound",null,null],["0041400313",340,2,1,3,"10:39 PM","9:33",null,null,"MISS Barnes 24' 3PT Jump Shot",null,null],["0041400313",341,4,0,3,"10:39 PM","9:32","Harden REBOUND (Off:0 Def:3)",null,null,null,null],["0041400313",342,2,5,3,"10:40 PM","9:27","MISS Smith 1' Layup",null,"Thompson BLOCK (2 BLK)",null,null],["0041400313",343,4,0,3,"10:40 PM","9:26",null,null,"Ezeli REBOUND (Off:1 Def:3)",null,null],["0041400313",344,1,1,3,"10:40 PM","9:16",null,null,"Curry  3PT Jump Shot (22 PTS) (Thompson 4 AST)","66 - 44","-22"],["0041400313",346,1,1,3,"10:40 PM","9:06","Smith 26' 3PT Jump Shot (12 PTS) (Terry 3 AST)",null,null,"66 - 47","-19"],["0041400313",347,9,1,3,"10:40 PM","9:05",null,null,"Warriors Timeout: Regular (Reg.3 Short 0)",null,null],["0041400313",351,6,1,3,"10:43 PM","9:01","Smith P.FOUL (P1.T1) (Z.Zarba)",null,null,null,null],["0041400313",352,6,1,3,"10:44 PM","9:01","Smith P.FOUL (P2.T2) (Z.Zarba)",null,null,null,null],["0041400313",353,5,1,3,"10:44 PM","8:52","Terry STEAL (1 STL)",null,"Curry Bad Pass Turnover (P1.T3)",null,null],["0041400313",354,2,1,3,"10:44 PM","8:43","MISS Smith 19' Jump Shot",null,null,null,null],["0041400313",355,4,0,3,"10:44 PM","8:42",null,null,"Ezeli REBOUND (Off:1 Def:4)",null,null],["0041400313",356,2,79,3,"10:45 PM","8:25",null,null,"MISS Barnes 18' Pullup Jump Shot",null,null],["0041400313",357,4,0,3,"10:45 PM","8:24","Smith REBOUND (Off:1 Def:4)",null,null,null,null],["0041400313",358,5,1,3,"10:45 PM","8:04","Smith Bad Pass Turnover (P1.T6)",null,"Curry STEAL (2 STL)",null,null],["0041400313",359,1,42,3,"10:45 PM","7:55",null,null,"Curry 4' Driving Layup (24 PTS)","68 - 47","-21"],["0041400313",360,1,79,3,"10:45 PM","7:43","Harden 25' 3PT Pullup Jump Shot (13 PTS)",null,null,"68 - 50","-18"],["0041400313",362,6,4,3,"10:46 PM","7:33",null,null,"Green OFF.Foul (P3) (S.Foster)",null,null],["0041400313",363,5,5,3,"10:46 PM","7:33",null,null,"Green Foul Turnover (P1.T4)",null,null],["0041400313",364,8,0,3,"10:46 PM","7:33",null,null,"SUB: Iguodala FOR Barnes",null,null],["0041400313",365,8,0,3,"10:46 PM","7:33","SUB: Jones FOR Smith",null,null,null,null],["0041400313",366,2,42,3,"10:46 PM","7:25","MISS Harden 4' Driving Layup",null,"Curry BLOCK (1 BLK)",null,null],["0041400313",367,4,0,3,"10:46 PM","7:25","ROCKETS Rebound",null,null,null,null],["0041400313",368,2,80,3,"10:47 PM","7:19","MISS Harden 11' Step Back Jump Shot",null,null,null,null],["0041400313",369,4,0,3,"10:47 PM","7:18",null,null,"Green REBOUND (Off:2 Def:5)",null,null],["0041400313",370,6,2,3,"10:47 PM","7:06","Terry S.FOUL (P2.T3) (S.Foster)",null,null,null,null],["0041400313",371,3,11,3,"10:47 PM","7:06",null,null,"MISS Thompson Free Throw 1 of 2",null,null],["0041400313",372,4,1,3,"10:47 PM","7:06",null,null,"Warriors Rebound",null,null],["0041400313",373,3,12,3,"10:47 PM","7:06",null,null,"Thompson Free Throw 2 of 2 (10 PTS)","69 - 50","-19"],["0041400313",375,7,5,3,"10:48 PM","6:51",null,null,"Curry Violation:Kicked Ball (.)",null,null],["0041400313",377,2,65,3,"10:48 PM","6:42","MISS Howard 6' Jump Hook Shot",null,null,null,null],["0041400313",378,4,0,3,"10:48 PM","6:41",null,null,"Green REBOUND (Off:2 Def:6)",null,null],["0041400313",379,1,46,3,"10:48 PM","6:32",null,null,"Curry 7' Running Jump Shot (26 PTS)","71 - 50","-21"],["0041400313",380,2,42,3,"10:49 PM","6:18","MISS Harden 3' Driving Layup",null,null,null,null],["0041400313",381,4,0,3,"10:49 PM","6:17",null,null,"Green REBOUND (Off:2 Def:7)",null,null],["0041400313",382,2,42,3,"10:49 PM","6:08","Howard BLOCK (1 BLK)",null,"MISS Thompson 4' Driving Layup",null,null],["0041400313",383,4,0,3,"10:49 PM","6:07",null,null,"Curry REBOUND (Off:3 Def:2)",null,null],["0041400313",384,1,1,3,"10:49 PM","6:05",null,null,"Curry  3PT Jump Shot (29 PTS)","74 - 50","-24"],["0041400313",385,9,1,3,"10:49 PM","6:05","ROCKETS Timeout: Regular (Full 3 Short 1)",null,null,null,null],["0041400313",387,6,4,3,"10:53 PM","6:00","Howard OFF.Foul (P4) (S.Foster)",null,null,null,null],["0041400313",388,5,5,3,"10:53 PM","6:00","Howard Foul Turnover (P2.T7)",null,null,null,null],["0041400313",389,1,8,3,"10:53 PM","5:45",null,null,"Ezeli  Slam Dunk (8 PTS) (Iguodala 2 AST)","76 - 50","-26"],["0041400313",390,6,2,3,"10:54 PM","5:30",null,null,"Ezeli S.FOUL (P4.T3) (Z.Zarba)",null,null],["0041400313",391,6,11,3,"10:54 PM","5:30",null,null,"Green T.FOUL (P3.T3) (J.Phillips)",null,null],["0041400313",392,3,16,3,"10:54 PM","5:30","Harden Free Throw Technical (14 PTS)",null,null,"76 - 51","-25"],["0041400313",394,3,11,3,"10:54 PM","5:30","Harden Free Throw 1 of 2 (15 PTS)",null,null,"76 - 52","-24"],["0041400313",396,8,0,3,"10:55 PM","5:30","SUB: Brewer FOR Howard",null,null,null,null],["0041400313",397,3,12,3,"10:55 PM","5:30","MISS Harden Free Throw 2 of 2",null,null,null,null],["0041400313",399,4,0,3,"10:55 PM","5:30",null,null,"Iguodala REBOUND (Off:2 Def:1)",null,null],["0041400313",400,1,96,3,"10:55 PM","5:15",null,null,"Ezeli 7' Turnaround Bank Hook Shot (10 PTS)","78 - 52","-26"],["0041400313",401,1,46,3,"10:56 PM","4:58","Brewer 6' Running Jump Shot (2 PTS) (Ariza 1 AST)",null,null,"78 - 54","-24"],["0041400313",402,5,1,3,"10:56 PM","4:47","Brewer STEAL (1 STL)",null,"Curry Bad Pass Turnover (P2.T5)",null,null],["0041400313",403,1,7,3,"10:56 PM","4:45","Brewer  Dunk (4 PTS)",null,null,"78 - 56","-22"],["0041400313",404,1,42,3,"10:56 PM","4:27",null,null,"Green 2' Driving Layup (9 PTS) (Iguodala 3 AST)","80 - 56","-24"],["0041400313",405,2,5,3,"10:56 PM","4:15","MISS Brewer 1' Layup",null,"Ezeli BLOCK (1 BLK)",null,null],["0041400313",406,4,0,3,"10:56 PM","4:14",null,null,"Green REBOUND (Off:2 Def:8)",null,null],["0041400313",407,1,1,3,"10:57 PM","4:08",null,null,"Curry 25' 3PT Jump Shot (32 PTS) (Thompson 5 AST)","83 - 56","-27"],["0041400313",408,1,80,3,"10:57 PM","3:57","Harden 14' Step Back Jump Shot (17 PTS)",null,null,"83 - 58","-25"],["0041400313",409,6,2,3,"10:57 PM","3:45","Terry S.FOUL (P3.T4) (J.Phillips)",null,null,null,null],["0041400313",410,3,11,3,"10:57 PM","3:45",null,null,"Thompson Free Throw 1 of 2 (11 PTS)","84 - 58","-26"],["0041400313",412,8,0,3,"10:57 PM","3:45","SUB: Johnson FOR Terry",null,null,null,null],["0041400313",413,8,0,3,"10:57 PM","3:45",null,null,"SUB: Barnes FOR Ezeli",null,null],["0041400313",414,3,12,3,"10:58 PM","3:45",null,null,"Thompson Free Throw 2 of 2 (12 PTS)","85 - 58","-27"],["0041400313",416,6,2,3,"10:58 PM","3:28",null,null,"Iguodala S.FOUL (P3.T4) (Z.Zarba)",null,null],["0041400313",417,3,11,3,"10:58 PM","3:28","Brewer Free Throw 1 of 2 (5 PTS)",null,null,"85 - 59","-26"],["0041400313",419,8,0,3,"10:58 PM","3:28",null,null,"SUB: Livingston FOR Thompson",null,null],["0041400313",420,3,12,3,"10:59 PM","3:28","MISS Brewer Free Throw 2 of 2",null,null,null,null],["0041400313",422,4,0,3,"10:59 PM","3:28",null,null,"Barnes REBOUND (Off:0 Def:5)",null,null],["0041400313",423,5,4,3,"10:59 PM","3:10",null,null,"Curry Traveling Turnover (P3.T6)",null,null],["0041400313",424,2,1,3,"10:59 PM","3:00","MISS Harden 4' Jump Shot",null,"Green BLOCK (1 BLK)",null,null],["0041400313",425,4,0,3,"10:59 PM","2:58",null,null,"Iguodala REBOUND (Off:2 Def:2)",null,null],["0041400313",426,5,1,3,"10:59 PM","2:54","Ariza STEAL (1 STL)",null,"Iguodala Bad Pass Turnover (P1.T7)",null,null],["0041400313",427,5,2,3,"10:59 PM","2:46","Ariza Lost Ball Turnover (P1.T8)",null,"Iguodala STEAL (2 STL)",null,null],["0041400313",428,6,1,3,"11:00 PM","2:44","Johnson P.FOUL (P1.PN) (J.Phillips)",null,null,null,null],["0041400313",429,3,11,3,"11:00 PM","2:44",null,null,"MISS Iguodala Free Throw 1 of 2",null,null],["0041400313",430,4,1,3,"11:00 PM","2:44",null,null,"Warriors Rebound",null,null],["0041400313",431,8,0,3,"11:00 PM","2:44","SUB: Smith FOR Jones",null,null,null,null],["0041400313",432,3,12,3,"11:00 PM","2:44",null,null,"MISS Iguodala Free Throw 2 of 2",null,null],["0041400313",434,4,0,3,"11:00 PM","2:44","Ariza REBOUND (Off:1 Def:3)",null,null,null,null],["0041400313",435,2,42,3,"11:01 PM","2:27","MISS Smith 2' Driving Layup",null,null,null,null],["0041400313",436,4,0,3,"11:01 PM","2:26",null,null,"Barnes REBOUND (Off:0 Def:6)",null,null],["0041400313",437,2,42,3,"11:01 PM","2:15","Johnson BLOCK (1 BLK)",null,"MISS Curry 3' Driving Layup",null,null],["0041400313",438,4,0,3,"11:01 PM","2:15",null,null,"Warriors Rebound",null,null],["0041400313",439,1,66,3,"11:01 PM","2:07",null,null,"Green 8' Jump Bank Shot (11 PTS) (Curry 6 AST)","87 - 59","-28"],["0041400313",440,2,1,3,"11:01 PM","1:56","MISS Brewer 25' 3PT Jump Shot",null,null,null,null],["0041400313",441,4,0,3,"11:01 PM","1:55",null,null,"Iguodala REBOUND (Off:2 Def:3)",null,null],["0041400313",442,6,4,3,"11:02 PM","1:36",null,null,"Livingston OFF.Foul (P1) (S.Foster)",null,null],["0041400313",443,5,5,3,"11:02 PM","1:36",null,null,"Livingston Foul Turnover (P1.T8)",null,null],["0041400313",444,5,1,3,"11:02 PM","1:25","Smith Bad Pass Turnover (P2.T9)",null,null,null,null],["0041400313",445,1,42,3,"11:03 PM","1:09",null,null,"Curry 4' Driving Layup (34 PTS) (Green 5 AST)","89 - 59","-30"],["0041400313",446,1,3,3,"11:03 PM","0:56","Smith 6' Hook Shot (14 PTS) (Harden 4 AST)",null,null,"89 - 61","-28"],["0041400313",447,1,1,3,"11:03 PM","0:39",null,null,"Curry  3PT Jump Shot (37 PTS) (Livingston 2 AST)","92 - 61","-31"],["0041400313",448,2,1,3,"11:03 PM","0:28","MISS Harden 25' 3PT Jump Shot",null,null,null,null],["0041400313",449,4,0,3,"11:03 PM","0:27",null,null,"Green REBOUND (Off:2 Def:9)",null,null],["0041400313",450,5,2,3,"11:04 PM","0:09","Brewer STEAL (2 STL)",null,"Curry Lost Ball Turnover (P4.T9)",null,null],["0041400313",451,2,42,3,"11:04 PM","0:04","MISS Johnson 1' Driving Layup",null,null,null,null],["0041400313",452,4,0,3,"11:04 PM","0:03",null,null,"Iguodala REBOUND (Off:2 Def:4)",null,null],["0041400313",453,2,46,3,"11:04 PM","0:00",null,null,"MISS Iguodala 32' 3PT Running Jump Shot",null,null],["0041400313",454,4,0,3,"11:04 PM","0:00",null,null,"Warriors Rebound",null,null],["0041400313",455,13,0,3,"11:04 PM","0:00",null,null,null,"92 - 61","-31"],["0041400313",456,12,0,4,"11:08 PM","12:00",null,null,null,"92 - 61","-31"],["0041400313",457,2,42,4,"11:08 PM","11:38",null,null,"MISS Barbosa 2' Driving Layup",null,null],["0041400313",458,4,0,4,"11:08 PM","11:37","Howard REBOUND (Off:4 Def:9)",null,null,null,null],["0041400313",459,1,7,4,"11:08 PM","11:32","Brewer  Dunk (7 PTS) (Smith 2 AST)",null,null,"92 - 63","-29"],["0041400313",460,2,80,4,"11:09 PM","11:11",null,null,"MISS Barnes 18' Step Back Jump Shot",null,null],["0041400313",461,4,0,4,"11:09 PM","11:10","Smith REBOUND (Off:1 Def:5)",null,null,null,null],["0041400313",462,1,5,4,"11:09 PM","11:05","Brewer 1' Layup (9 PTS) (Smith 3 AST)",null,null,"92 - 65","-27"],["0041400313",463,2,86,4,"11:09 PM","10:38",null,null,"MISS Bogut 20' Turnaround Fadeaway Shot",null,null],["0041400313",464,4,0,4,"11:09 PM","10:37","Ariza REBOUND (Off:1 Def:4)",null,null,null,null],["0041400313",465,2,1,4,"11:09 PM","10:29","MISS Brewer  3PT Jump Shot",null,null,null,null],["0041400313",466,4,0,4,"11:09 PM","10:28","ROCKETS Rebound",null,null,null,null],["0041400313",467,5,39,4,"11:10 PM","10:27","Brewer Step Out of Bounds Turnover (P1.T10)",null,null,null,null],["0041400313",469,1,1,4,"11:10 PM","10:05",null,null,"Livingston 7' Jump Shot (6 PTS) (Barnes 1 AST)","94 - 65","-29"],["0041400313",470,2,79,4,"11:10 PM","9:56","MISS Smith 25' 3PT Pullup Jump Shot",null,null,null,null],["0041400313",471,4,0,4,"11:11 PM","9:55",null,null,"Bogut REBOUND (Off:4 Def:6)",null,null],["0041400313",472,2,1,4,"11:11 PM","9:30",null,null,"MISS Iguodala 21' Jump Shot",null,null],["0041400313",473,4,0,4,"11:11 PM","9:29","Howard REBOUND (Off:4 Def:10)",null,null,null,null],["0041400313",474,6,2,4,"11:11 PM","9:19",null,null,"Bogut S.FOUL (P5.T1) (J.Phillips)",null,null],["0041400313",475,3,11,4,"11:11 PM","9:19","MISS Brewer Free Throw 1 of 2",null,null,null,null],["0041400313",476,4,1,4,"11:11 PM","9:19","ROCKETS Rebound",null,null,null,null],["0041400313",477,8,0,4,"11:12 PM","9:19",null,null,"SUB: Thompson FOR Iguodala",null,null],["0041400313",478,3,12,4,"11:12 PM","9:19","Brewer Free Throw 2 of 2 (10 PTS)",null,null,"94 - 66","-28"],["0041400313",480,5,1,4,"11:12 PM","9:11","Ariza STEAL (2 STL)",null,"Thompson Bad Pass Turnover (P1.T10)",null,null],["0041400313",481,1,7,4,"11:12 PM","9:08","Ariza  Dunk (7 PTS)",null,null,"94 - 68","-26"],["0041400313",482,9,1,4,"11:12 PM","9:08",null,null,"Warriors Timeout: Regular (Reg.4 Short 0)",null,null],["0041400313",483,8,0,4,"11:15 PM","9:08",null,null,"SUB: Green FOR Barnes",null,null],["0041400313",484,8,0,4,"11:15 PM","9:08",null,null,"SUB: Curry FOR Barbosa",null,null],["0041400313",485,6,1,4,"11:15 PM","8:57","Johnson P.FOUL (P2.T1) (Z.Zarba)",null,null,null,null],["0041400313",486,2,1,4,"11:16 PM","8:54",null,null,"MISS Green 26' 3PT Jump Shot",null,null],["0041400313",487,4,0,4,"11:16 PM","8:53","Smith REBOUND (Off:1 Def:6)",null,null,null,null],["0041400313",488,5,1,4,"11:16 PM","8:46","Smith Bad Pass Turnover (P3.T11)",null,"Green STEAL (1 STL)",null,null],["0041400313",489,2,79,4,"11:16 PM","8:27",null,null,"MISS Livingston 12' Pullup Jump Shot",null,null],["0041400313",490,4,0,4,"11:16 PM","8:26","Ariza REBOUND (Off:1 Def:5)",null,null,null,null],["0041400313",491,1,5,4,"11:16 PM","8:20","Smith 2' Layup (16 PTS) (Brewer 1 AST)",null,null,"94 - 70","-24"],["0041400313",492,5,1,4,"11:17 PM","8:04","Brewer STEAL (3 STL)",null,"Green Bad Pass Turnover (P2.T11)",null,null],["0041400313",493,2,42,4,"11:17 PM","7:57","MISS Smith 1' Driving Layup",null,null,null,null],["0041400313",494,4,0,4,"11:17 PM","7:56",null,null,"Bogut REBOUND (Off:4 Def:7)",null,null],["0041400313",495,1,1,4,"11:17 PM","7:40",null,null,"Thompson 19' Jump Shot (14 PTS)","96 - 70","-26"],["0041400313",497,2,1,4,"11:17 PM","7:20","MISS Johnson  3PT Jump Shot",null,null,null,null],["0041400313",498,4,0,4,"11:17 PM","7:19","ROCKETS Rebound",null,null,null,null],["0041400313",499,6,3,4,"11:17 PM","7:19",null,null,"Green L.B.FOUL (P4.T2) (Z.Zarba)",null,null],["0041400313",500,6,2,4,"11:18 PM","7:15",null,null,"Livingston S.FOUL (P2.T3) (J.Phillips)",null,null],["0041400313",501,3,11,4,"11:18 PM","7:15","Brewer Free Throw 1 of 2 (11 PTS)",null,null,"96 - 71","-25"],["0041400313",503,3,12,4,"11:18 PM","7:15","MISS Brewer Free Throw 2 of 2",null,null,null,null],["0041400313",505,4,0,4,"11:18 PM","7:15",null,null,"Bogut REBOUND (Off:4 Def:8)",null,null],["0041400313",506,2,42,4,"11:18 PM","6:57",null,null,"MISS Curry 4' Driving Layup",null,null],["0041400313",508,4,0,4,"11:19 PM","6:55",null,null,"Green REBOUND (Off:3 Def:9)",null,null],["0041400313",507,1,4,4,"11:19 PM","6:55",null,null,"Green 1' Tip Shot (13 PTS)","98 - 71","-27"],["0041400313",509,5,1,4,"11:19 PM","6:50","Johnson Bad Pass Turnover (P1.T12)",null,"Livingston STEAL (1 STL)",null,null],["0041400313",510,1,46,4,"11:19 PM","6:29",null,null,"Green 8' Running Jump Shot (15 PTS) (Curry 7 AST)","100 - 71","-29"],["0041400313",511,1,42,4,"11:19 PM","6:06","Brewer 3' Driving Layup (13 PTS) (Smith 4 AST)",null,null,"100 - 73","-27"],["0041400313",512,2,1,4,"11:20 PM","5:49",null,null,"MISS Green 26' 3PT Jump Shot",null,null],["0041400313",513,4,0,4,"11:20 PM","5:48","Smith REBOUND (Off:1 Def:7)",null,null,null,null],["0041400313",514,6,1,4,"11:20 PM","5:42",null,null,"Bogut P.FOUL (P6.T4) (S.Foster)",null,null],["0041400313",515,9,4,4,"11:20 PM","5:42",null,null,null,null,null],["0041400313",518,8,0,4,"11:23 PM","5:42",null,null,"SUB: Iguodala FOR Bogut",null,null],["0041400313",519,8,0,4,"11:23 PM","5:42",null,null,"SUB: Ezeli FOR Livingston",null,null],["0041400313",520,6,26,4,"11:23 PM","5:39","Johnson Offensive Charge Foul (P3.T2) (Z.Zarba)",null,null,null,null],["0041400313",521,5,5,4,"11:23 PM","5:39","Johnson Foul Turnover (P2.T13)",null,null,null,null],["0041400313",522,1,79,4,"11:23 PM","5:34",null,null,"Curry 24' 3PT Pullup Jump Shot (40 PTS)","103 - 73","-30"],["0041400313",523,5,1,4,"11:23 PM","5:22","Smith Bad Pass Turnover (P4.T14)",null,"Iguodala STEAL (3 STL)",null,null],["0041400313",524,1,5,4,"11:24 PM","5:15",null,null,"Iguodala 1' Layup (6 PTS)","105 - 73","-32"],["0041400313",525,2,1,4,"11:24 PM","5:05","MISS Brewer 24' 3PT Jump Shot",null,null,null,null],["0041400313",526,4,0,4,"11:24 PM","5:04","Ariza REBOUND (Off:2 Def:5)",null,null,null,null],["0041400313",527,2,4,4,"11:24 PM","5:04","MISS Ariza 1' Tip Shot",null,null,null,null],["0041400313",528,4,0,4,"11:24 PM","5:01","Ariza REBOUND (Off:3 Def:5)",null,null,null,null],["0041400313",529,1,42,4,"11:24 PM","4:55","Johnson 2' Driving Layup (2 PTS) (Ariza 2 AST)",null,null,"105 - 75","-30"],["0041400313",530,6,27,4,"11:24 PM","4:44","Johnson Personal Block Foul (P4.T3) (S.Foster)",null,null,null,null],["0041400313",531,8,0,4,"11:24 PM","4:44","SUB: Jones FOR Smith",null,null,null,null],["0041400313",532,8,0,4,"11:24 PM","4:44","SUB: Capela FOR Howard",null,null,null,null],["0041400313",533,8,0,4,"11:25 PM","4:44",null,null,"SUB: Barbosa FOR Curry",null,null],["0041400313",534,2,42,4,"11:25 PM","4:32",null,null,"MISS Green 4' Driving Layup",null,null],["0041400313",535,4,0,4,"11:25 PM","4:30",null,null,"Green REBOUND (Off:4 Def:9)",null,null],["0041400313",536,1,72,4,"11:25 PM","4:29",null,null,"Green 1' Putback Layup (17 PTS)","107 - 75","-32"],["0041400313",537,2,56,4,"11:25 PM","4:12","MISS Brewer 7' Running Hook Shot",null,null,null,null],["0041400313",538,4,0,4,"11:25 PM","4:11",null,null,"Ezeli REBOUND (Off:1 Def:5)",null,null],["0041400313",539,1,1,4,"11:26 PM","3:57",null,null,"Thompson 25' 3PT Jump Shot (17 PTS) (Barbosa 1 AST)","110 - 75","-35"],["0041400313",540,1,79,4,"11:26 PM","3:45","Jones 19' Pullup Jump Shot (4 PTS)",null,null,"110 - 77","-33"],["0041400313",541,6,4,4,"11:26 PM","3:31",null,null,"Ezeli OFF.Foul (P5) (Z.Zarba)",null,null],["0041400313",542,5,5,4,"11:26 PM","3:31",null,null,"Ezeli Foul Turnover (P1.T12)",null,null],["0041400313",543,8,0,4,"11:26 PM","3:31",null,null,"SUB: Lee FOR Green",null,null],["0041400313",544,8,0,4,"11:26 PM","3:31",null,null,"SUB: McAdoo FOR Thompson",null,null],["0041400313",545,8,0,4,"11:26 PM","3:31",null,null,"SUB: Rush FOR Iguodala",null,null],["0041400313",546,8,0,4,"11:26 PM","3:31",null,null,"SUB: Holiday FOR Ezeli",null,null],["0041400313",547,8,0,4,"11:26 PM","3:31","SUB: Papanikolaou FOR Ariza",null,null,null,null],["0041400313",548,2,42,4,"11:27 PM","3:22","MISS Jones 2' Driving Layup",null,null,null,null],["0041400313",551,4,0,4,"11:27 PM","3:19",null,null,"Rush REBOUND (Off:0 Def:1)",null,null],["0041400313",552,2,1,4,"11:27 PM","3:04",null,null,"MISS Rush 26' 3PT Jump Shot",null,null],["0041400313",553,4,0,4,"11:27 PM","3:03","Jones REBOUND (Off:1 Def:4)",null,null,null,null],["0041400313",554,1,79,4,"11:27 PM","2:57","Jones 19' Pullup Jump Shot (6 PTS)",null,null,"110 - 79","-31"],["0041400313",556,2,1,4,"11:27 PM","2:37",null,null,"MISS Barbosa 25' 3PT Jump Shot",null,null],["0041400313",557,4,0,4,"11:27 PM","2:36",null,null,"McAdoo REBOUND (Off:1 Def:0)",null,null],["0041400313",558,5,39,4,"11:27 PM","2:34",null,null,"Holiday Step Out of Bounds Turnover (P1.T13)",null,null],["0041400313",559,9,1,4,"11:28 PM","2:34","ROCKETS Timeout: Regular (Full 4 Short 1)",null,null,null,null],["0041400313",561,5,1,4,"11:30 PM","2:24","Papanikolaou Bad Pass Turnover (P1.T15)",null,"Barbosa STEAL (1 STL)",null,null],["0041400313",562,2,58,4,"11:31 PM","2:04",null,null,"MISS Lee 9' Turnaround Hook Shot",null,null],["0041400313",576,4,0,4,"11:31 PM","2:03",null,null,"Rush REBOUND (Off:1 Def:1)",null,null],["0041400313",575,2,53,4,"11:31 PM","2:03",null,null,"MISS Rush 1' Tip Shot",null,null],["0041400313",563,4,0,4,"11:31 PM","2:02","Capela REBOUND (Off:0 Def:1)",null,null,null,null],["0041400313",564,2,66,4,"11:31 PM","1:52","MISS Jones 5' Jump Bank Shot",null,null,null,null],["0041400313",565,4,0,4,"11:31 PM","1:51",null,null,"Barbosa REBOUND (Off:0 Def:1)",null,null],["0041400313",566,5,1,4,"11:31 PM","1:34","Capela STEAL (1 STL)",null,"Holiday Bad Pass Turnover (P2.T14)",null,null],["0041400313",567,2,1,4,"11:31 PM","1:26","MISS Johnson 25' 3PT Jump Shot",null,null,null,null],["0041400313",568,4,0,4,"11:31 PM","1:25",null,null,"Lee REBOUND (Off:0 Def:2)",null,null],["0041400313",570,2,79,4,"11:31 PM","1:17",null,null,"MISS Rush 21' Pullup Jump Shot",null,null],["0041400313",571,4,0,4,"11:31 PM","1:16",null,null,"Lee REBOUND (Off:1 Def:2)",null,null],["0041400313",572,2,42,4,"11:32 PM","1:07",null,null,"MISS Rush 2' Driving Layup",null,null],["0041400313",573,4,0,4,"11:32 PM","1:07",null,null,"Warriors Rebound",null,null],["0041400313",574,1,1,4,"11:32 PM","0:57",null,null,"Rush  3PT Jump Shot (3 PTS) (Holiday 1 AST)","113 - 79","-34"],["0041400313",577,6,29,4,"11:32 PM","0:47",null,null,"Rush Shooting Block Foul (P1.PN) (Z.Zarba)",null,null],["0041400313",578,3,11,4,"11:33 PM","0:47","MISS Capela Free Throw 1 of 2",null,null,null,null],["0041400313",580,4,1,4,"11:33 PM","0:47","ROCKETS Rebound",null,null,null,null],["0041400313",581,3,12,4,"11:33 PM","0:47","Capela Free Throw 2 of 2 (1 PTS)",null,null,"113 - 80","-33"],["0041400313",584,1,73,4,"11:33 PM","0:31",null,null,"Barbosa 2' Driving Reverse Layup (2 PTS)","115 - 80","-35"],["0041400313",585,2,46,4,"11:33 PM","0:23","MISS Johnson 14' Running Jump Shot",null,null,null,null],["0041400313",587,4,0,4,"11:34 PM","0:22",null,null,"Holiday REBOUND (Off:0 Def:1)",null,null],["0041400313",589,13,0,4,"11:35 PM","0:00",null,null,null,"115 - 80","-35"]]},{"name":"AvailableVideo","headers":["VIDEO_AVAILABLE_FLAG"],"rowSet":[[1]]}]}