{"resource":"playbyplay","parameters":{"GameID":"0041400233","StartPeriod":0,"EndPeriod":14},"resultSets":[{"name":"PlayByPlay","headers":["GAME_ID","EVENTNUM","EVENTMSGTYPE","EVENTMSGACTIONTYPE","PERIOD","WCTIMESTRING","PCTIMESTRING","HOMEDESCRIPTION","NEUTRALDESCRIPTION","VISITORDESCRIPTION","SCORE","SCOREMARGIN"],"rowSet":[["0041400233",0,12,0,1,"10:47 PM","12:00",null,null,null,null,null],["0041400233",1,10,0,1,"10:47 PM","12:00","Jump Ball Jordan vs. Howard: Tip to Paul",null,null,null,null],["0041400233",2,2,1,1,"10:47 PM","11:39","MISS Paul 27' 3PT Jump Shot",null,null,null,null],["0041400233",3,4,0,1,"10:47 PM","11:38",null,null,"Howard REBOUND (Off:0 Def:1)",null,null],["0041400233",4,1,1,1,"10:47 PM","11:27",null,null,"Jones 22' Jump Shot (2 PTS) (Howard 1 AST)","2 - 0","-2"],["0041400233",5,2,5,1,"10:47 PM","11:17","MISS Griffin 3' Layup",null,"Howard BLOCK (1 BLK)",null,null],["0041400233",6,4,0,1,"10:47 PM","11:17","Griffin REBOUND (Off:1 Def:0)",null,null,null,null],["0041400233",7,6,2,1,"10:47 PM","11:17",null,null,"Howard S.FOUL (P1.T1) (K.Mauer)",null,null],["0041400233",8,3,11,1,"10:48 PM","11:17","MISS Griffin Free Throw 1 of 2",null,null,null,null],["0041400233",9,4,1,1,"10:48 PM","11:17","CLIPPERS Rebound",null,null,null,null],["0041400233",10,3,12,1,"10:48 PM","11:17","Griffin Free Throw 2 of 2 (1 PTS)",null,null,"2 - 1","-1"],["0041400233",12,2,1,1,"10:48 PM","11:04",null,null,"MISS Terry 26' 3PT Jump Shot",null,null],["0041400233",13,4,0,1,"10:48 PM","11:03","Barnes REBOUND (Off:0 Def:1)",null,null,null,null],["0041400233",14,1,1,1,"10:48 PM","10:57","Redick 26' 3PT Jump Shot (3 PTS) (Griffin 1 AST)",null,null,"2 - 4","2"],["0041400233",15,1,3,1,"10:49 PM","10:32",null,null,"Howard 5' Hook Shot (2 PTS) (Harden 1 AST)","4 - 4","TIE"],["0041400233",16,2,1,1,"10:49 PM","10:24","MISS Paul 13' Jump Shot",null,null,null,null],["0041400233",17,4,0,1,"10:49 PM","10:23",null,null,"Howard REBOUND (Off:0 Def:2)",null,null],["0041400233",18,2,1,1,"10:49 PM","10:14",null,null,"MISS Terry 25' 3PT Jump Shot",null,null],["0041400233",20,4,0,1,"10:49 PM","10:12",null,null,"Howard REBOUND (Off:1 Def:2)",null,null],["0041400233",19,1,4,1,"10:49 PM","10:12",null,null,"Howard 2' Tip Shot (4 PTS)","6 - 4","-2"],["0041400233",21,2,1,1,"10:50 PM","9:56","MISS Barnes 26' 3PT Jump Shot",null,null,null,null],["0041400233",22,4,0,1,"10:50 PM","9:55","Griffin REBOUND (Off:2 Def:0)",null,null,null,null],["0041400233",23,2,1,1,"10:50 PM","9:49","MISS Redick 21' Jump Shot",null,null,null,null],["0041400233",24,4,0,1,"10:50 PM","9:48","Griffin REBOUND (Off:3 Def:0)",null,null,null,null],["0041400233",25,1,88,1,"10:50 PM","9:35","Griffin  Driving Slam Dunk (3 PTS) (Paul 1 AST)",null,null,"6 - 6","TIE"],["0041400233",26,1,56,1,"10:50 PM","9:21",null,null,"Jones 5' Running Hook Shot (4 PTS) (Harden 2 AST)","8 - 6","-2"],["0041400233",27,1,49,1,"10:51 PM","8:59","Griffin  Driving Dunk (5 PTS) (Paul 2 AST)",null,null,"8 - 8","TIE"],["0041400233",28,1,3,1,"10:51 PM","8:43",null,null,"Howard 4' Hook Shot (6 PTS) (Terry 1 AST)","10 - 8","-2"],["0041400233",29,6,2,1,"10:51 PM","8:43","Griffin S.FOUL (P1.T1) (J.Goble)",null,null,null,null],["0041400233",30,3,10,1,"10:51 PM","8:43",null,null,"Howard Free Throw 1 of 1 (7 PTS)","11 - 8","-3"],["0041400233",32,1,1,1,"10:52 PM","8:32","Redick 26' 3PT Jump Shot (6 PTS) (Paul 3 AST)",null,null,"11 - 11","TIE"],["0041400233",33,2,1,1,"10:52 PM","8:19",null,null,"MISS Jones 3' Jump Shot",null,null],["0041400233",34,4,0,1,"10:52 PM","8:18","Jordan REBOUND (Off:0 Def:1)",null,null,null,null],["0041400233",35,6,1,1,"10:52 PM","8:14",null,null,"Harden P.FOUL (P1.T2) (K.Mauer)",null,null],["0041400233",36,1,1,1,"10:52 PM","8:06","Redick 18' Jump Shot (8 PTS) (Paul 4 AST)",null,null,"11 - 13","2"],["0041400233",37,1,63,1,"10:53 PM","7:48",null,null,"Harden 8' Fadeaway Jumper (2 PTS)","13 - 13","TIE"],["0041400233",38,1,42,1,"10:53 PM","7:32","Griffin 2' Driving Layup (7 PTS) (Paul 5 AST)",null,null,"13 - 15","2"],["0041400233",39,1,3,1,"10:53 PM","7:07",null,null,"Howard 4' Hook Shot (9 PTS)","15 - 15","TIE"],["0041400233",40,1,1,1,"10:54 PM","6:55","Paul 15' Jump Shot (2 PTS)",null,null,"15 - 17","2"],["0041400233",41,2,1,1,"10:54 PM","6:45",null,null,"MISS Ariza 27' 3PT Jump Shot",null,null],["0041400233",42,4,0,1,"10:54 PM","6:44","Griffin REBOUND (Off:3 Def:1)",null,null,null,null],["0041400233",43,1,79,1,"10:54 PM","6:36","Paul 15' Pullup Jump Shot (4 PTS)",null,null,"15 - 19","4"],["0041400233",45,8,0,1,"10:54 PM","6:21","SUB: Rivers FOR Paul",null,null,null,null],["0041400233",47,6,1,1,"10:55 PM","6:21","Redick P.FOUL (P1.T2) (J.Goble)",null,null,null,null],["0041400233",48,2,1,1,"10:55 PM","6:18",null,null,"MISS Jones 26' 3PT Jump Shot",null,null],["0041400233",49,4,0,1,"10:55 PM","6:17","Jordan REBOUND (Off:0 Def:2)",null,null,null,null],["0041400233",50,5,2,1,"10:55 PM","6:02","Griffin Lost Ball Turnover (P1.T1)",null,"Howard STEAL (1 STL)",null,null],["0041400233",51,2,5,1,"10:55 PM","5:53",null,null,"MISS Jones 3' Layup",null,null],["0041400233",52,4,0,1,"10:55 PM","5:52","Jordan REBOUND (Off:0 Def:3)",null,null,null,null],["0041400233",53,2,48,1,"10:56 PM","5:38","MISS Griffin 2' Dunk",null,"Howard BLOCK (2 BLK)",null,null],["0041400233",54,4,0,1,"10:56 PM","5:37","Griffin REBOUND (Off:4 Def:1)",null,null,null,null],["0041400233",55,2,5,1,"10:56 PM","5:36","MISS Griffin 3' Layup",null,null,null,null],["0041400233",56,4,0,1,"10:56 PM","5:36",null,null,"Howard REBOUND (Off:1 Def:3)",null,null],["0041400233",57,6,1,1,"10:56 PM","5:36","Griffin P.FOUL (P2.T3) (J.Goble)",null,null,null,null],["0041400233",58,9,1,1,"10:56 PM","5:36","CLIPPERS Timeout: Regular (Full 1 Short 0)",null,null,null,null],["0041400233",60,8,0,1,"10:59 PM","5:36","SUB: Hawes FOR Griffin",null,null,null,null],["0041400233",61,2,1,1,"10:59 PM","5:26",null,null,"MISS Ariza 24' 3PT Jump Shot",null,null],["0041400233",63,4,0,1,"10:59 PM","5:24",null,null,"Howard REBOUND (Off:2 Def:3)",null,null],["0041400233",62,2,87,1,"10:59 PM","5:24",null,null,"MISS Howard  Putback Dunk",null,null],["0041400233",64,4,0,1,"10:59 PM","5:20",null,null,"Howard REBOUND (Off:3 Def:3)",null,null],["0041400233",65,1,82,1,"11:00 PM","5:11",null,null,"Terry 6' Driving Bank Shot (2 PTS) (Harden 3 AST)","17 - 19","2"],["0041400233",66,6,1,1,"11:00 PM","4:57",null,null,"Terry P.FOUL (P1.T3) (J.Goble)",null,null],["0041400233",67,1,1,1,"11:00 PM","4:50","Redick 26' 3PT Jump Shot (11 PTS) (Jordan 1 AST)",null,null,"17 - 22","5"],["0041400233",68,1,1,1,"11:00 PM","4:38",null,null,"Harden 27' 3PT Jump Shot (5 PTS)","20 - 22","2"],["0041400233",69,1,1,1,"11:01 PM","4:22","Hawes 18' Jump Shot (2 PTS) (Redick 1 AST)",null,null,"20 - 24","4"],["0041400233",70,1,42,1,"11:01 PM","4:09",null,null,"Jones 3' Driving Layup (6 PTS) (Harden 4 AST)","22 - 24","2"],["0041400233",71,1,1,1,"11:01 PM","3:55","Rivers 19' Jump Shot (2 PTS)",null,null,"22 - 26","4"],["0041400233",72,1,5,1,"11:01 PM","3:38",null,null,"Jones 3' Layup (8 PTS) (Terry 2 AST)","24 - 26","2"],["0041400233",73,2,1,1,"11:02 PM","3:11","MISS Jordan 14' Jump Shot",null,null,null,null],["0041400233",74,4,0,1,"11:02 PM","3:10",null,null,"Ariza REBOUND (Off:0 Def:1)",null,null],["0041400233",75,2,42,1,"11:02 PM","3:05",null,null,"MISS Harden 3' Driving Layup",null,null],["0041400233",76,4,0,1,"11:02 PM","3:03","Hawes REBOUND (Off:0 Def:1)",null,null,null,null],["0041400233",77,1,1,1,"11:02 PM","2:57","Barnes  3PT Jump Shot (3 PTS) (Rivers 1 AST)",null,null,"24 - 29","5"],["0041400233",78,9,1,1,"11:02 PM","2:49",null,null,"Rockets Timeout: Regular (Reg.1 Short 0)",null,null],["0041400233",80,8,0,1,"11:05 PM","2:49","SUB: Crawford FOR Barnes",null,null,null,null],["0041400233",81,8,0,1,"11:05 PM","2:49",null,null,"SUB: Capela FOR Howard",null,null],["0041400233",82,8,0,1,"11:05 PM","2:49",null,null,"SUB: Prigioni FOR Terry",null,null],["0041400233",83,8,0,1,"11:05 PM","2:49",null,null,"SUB: Smith FOR Jones",null,null],["0041400233",84,8,0,1,"11:05 PM","2:49",null,null,"SUB: Brewer FOR Ariza",null,null],["0041400233",85,5,1,1,"11:06 PM","2:41","Jordan STEAL (1 STL)",null,"Smith Bad Pass Turnover (P1.T1)",null,null],["0041400233",86,2,43,1,"11:06 PM","2:20","MISS Jordan 4' Alley Oop Layup",null,null,null,null],["0041400233",87,4,0,1,"11:06 PM","2:16",null,null,"Smith REBOUND (Off:0 Def:1)",null,null],["0041400233",88,2,44,1,"11:06 PM","2:13",null,null,"MISS Capela 3' Reverse Layup",null,null],["0041400233",89,4,0,1,"11:06 PM","2:11","Jordan REBOUND (Off:0 Def:4)",null,null,null,null],["0041400233",90,1,52,1,"11:06 PM","2:00","Jordan 2' Alley Oop Dunk (2 PTS) (Hawes 1 AST)",null,null,"24 - 31","7"],["0041400233",91,2,5,1,"11:07 PM","1:47",null,null,"MISS Smith 1' Layup",null,null],["0041400233",93,4,0,1,"11:07 PM","1:47",null,null,"Smith REBOUND (Off:1 Def:1)",null,null],["0041400233",92,2,4,1,"11:07 PM","1:47",null,null,"MISS Smith 2' Tip Shot",null,null],["0041400233",95,4,0,1,"11:07 PM","1:47","CLIPPERS Rebound",null,null,null,null],["0041400233",94,8,0,1,"11:07 PM","1:47","SUB: Paul FOR Redick",null,null,null,null],["0041400233",96,10,0,1,"11:07 PM","1:43","Jump Ball Jordan vs. Capela: Tip to Paul",null,null,null,null],["0041400233",99,2,1,1,"11:07 PM","1:36","MISS Rivers 24' 3PT Jump Shot",null,null,null,null],["0041400233",100,4,0,1,"11:07 PM","1:35",null,null,"Brewer REBOUND (Off:0 Def:1)",null,null],["0041400233",101,2,78,1,"11:08 PM","1:29",null,null,"MISS Brewer 14' Floating Jump Shot",null,null],["0041400233",102,4,0,1,"11:08 PM","1:26",null,null,"Capela REBOUND (Off:1 Def:0)",null,null],["0041400233",103,2,5,1,"11:08 PM","1:24","Hawes BLOCK (1 BLK)",null,"MISS Capela 1' Layup",null,null],["0041400233",104,4,0,1,"11:08 PM","1:22","Rivers REBOUND (Off:0 Def:1)",null,null,null,null],["0041400233",105,2,1,1,"11:08 PM","1:15","MISS Paul 25' 3PT Jump Shot",null,null,null,null],["0041400233",106,4,0,1,"11:08 PM","1:14",null,null,"Smith REBOUND (Off:1 Def:2)",null,null],["0041400233",107,5,1,1,"11:08 PM","1:00","Crawford STEAL (1 STL)",null,"Harden Bad Pass Turnover (P1.T2)",null,null],["0041400233",108,1,56,1,"11:08 PM","0:55","Crawford 4' Running Hook Shot (2 PTS)",null,null,"24 - 33","9"],["0041400233",110,2,1,1,"11:08 PM","0:44",null,null,"MISS Harden 6' Jump Shot",null,null],["0041400233",111,4,0,1,"11:09 PM","0:42","Hawes REBOUND (Off:0 Def:2)",null,null,null,null],["0041400233",112,2,1,1,"11:09 PM","0:31","MISS Crawford 25' 3PT Jump Shot",null,null,null,null],["0041400233",113,4,0,1,"11:09 PM","0:30",null,null,"Capela REBOUND (Off:1 Def:1)",null,null],["0041400233",115,6,1,1,"11:09 PM","0:13","Rivers P.FOUL (P1.T4) (K.Mauer)",null,null,null,null],["0041400233",117,8,0,1,"11:09 PM","0:13","SUB: Davis FOR Jordan",null,null,null,null],["0041400233",119,8,0,1,"11:09 PM","0:13",null,null,"SUB: Ariza FOR Capela",null,null],["0041400233",120,8,0,1,"11:10 PM","0:13","SUB: Jones FOR Hawes",null,null,null,null],["0041400233",121,8,0,1,"11:10 PM","0:13",null,null,"SUB: Terry FOR Smith",null,null],["0041400233",122,8,0,1,"11:10 PM","0:13","SUB: Barnes FOR Paul",null,null,null,null],["0041400233",123,2,40,1,"11:11 PM","0:01","Barnes BLOCK (1 BLK)",null,"MISS Harden 3' Layup",null,null],["0041400233",124,4,0,1,"11:11 PM","0:00","Rivers REBOUND (Off:0 Def:2)",null,null,null,null],["0041400233",125,13,0,1,"11:11 PM","0:00",null,null,null,"24 - 33","9"],["0041400233",127,12,0,2,"11:15 PM","12:00",null,null,null,"24 - 33","9"],["0041400233",128,2,1,2,"11:15 PM","11:46",null,null,"MISS Brewer 4' Jump Shot",null,null],["0041400233",129,4,0,2,"11:15 PM","11:44",null,null,"Brewer REBOUND (Off:1 Def:1)",null,null],["0041400233",130,2,5,2,"11:15 PM","11:44","Rivers BLOCK (1 BLK)",null,"MISS Brewer 1' Layup",null,null],["0041400233",131,4,0,2,"11:15 PM","11:42",null,null,"Smith REBOUND (Off:2 Def:2)",null,null],["0041400233",132,2,1,2,"11:15 PM","11:37",null,null,"MISS Prigioni 27' 3PT Jump Shot",null,null],["0041400233",133,4,0,2,"11:15 PM","11:37",null,null,"Rockets Rebound",null,null],["0041400233",134,6,3,2,"11:15 PM","11:37","Rivers L.B.FOUL (P2.T1) (J.Goble)",null,null,null,null],["0041400233",135,2,1,2,"11:15 PM","11:30",null,null,"MISS Smith 26' 3PT Jump Shot",null,null],["0041400233",136,4,0,2,"11:15 PM","11:29",null,null,"Howard REBOUND (Off:4 Def:3)",null,null],["0041400233",137,1,1,2,"11:15 PM","11:24",null,null,"Prigioni 25' 3PT Jump Shot (3 PTS)","27 - 33","6"],["0041400233",138,2,1,2,"11:16 PM","11:09","MISS Paul 17' Jump Shot",null,null,null,null],["0041400233",139,4,0,2,"11:16 PM","11:08",null,null,"Howard REBOUND (Off:4 Def:4)",null,null],["0041400233",140,1,82,2,"11:16 PM","10:56",null,null,"Smith 5' Driving Bank Shot (2 PTS) (Prigioni 1 AST)","29 - 33","4"],["0041400233",141,1,1,2,"11:16 PM","10:33","Rivers 27' 3PT Jump Shot (5 PTS) (Hawes 2 AST)",null,null,"29 - 36","7"],["0041400233",142,2,1,2,"11:17 PM","10:10",null,null,"MISS Prigioni 26' 3PT Jump Shot",null,null],["0041400233",143,4,0,2,"11:17 PM","10:09","Crawford REBOUND (Off:0 Def:1)",null,null,null,null],["0041400233",144,1,41,2,"11:17 PM","10:04","Rivers 3' Running Layup (7 PTS) (Crawford 1 AST)",null,null,"29 - 38","9"],["0041400233",145,2,40,2,"11:17 PM","9:47","Hawes BLOCK (2 BLK)",null,"MISS Howard 4' Layup",null,null],["0041400233",146,4,0,2,"11:17 PM","9:46",null,null,"Smith REBOUND (Off:3 Def:2)",null,null],["0041400233",147,1,42,2,"11:17 PM","9:46",null,null,"Smith 2' Driving Layup (4 PTS)","31 - 38","7"],["0041400233",148,6,2,2,"11:17 PM","9:46","Hawes S.FOUL (P1.T2) (D.Guthrie)",null,null,null,null],["0041400233",149,8,0,2,"11:17 PM","9:46","SUB: Griffin FOR Hawes",null,null,null,null],["0041400233",150,8,0,2,"11:17 PM","9:46","SUB: Jordan FOR Davis",null,null,null,null],["0041400233",151,3,10,2,"11:18 PM","9:46",null,null,"Smith Free Throw 1 of 1 (5 PTS)","32 - 38","6"],["0041400233",154,2,1,2,"11:18 PM","9:33","MISS Crawford 17' Jump Shot",null,null,null,null],["0041400233",155,4,0,2,"11:18 PM","9:32","Crawford REBOUND (Off:1 Def:1)",null,null,null,null],["0041400233",156,1,1,2,"11:18 PM","9:29","Crawford 16' Jump Shot (4 PTS)",null,null,"32 - 40","8"],["0041400233",157,5,1,2,"11:18 PM","9:15","Crawford STEAL (2 STL)",null,"Brewer Bad Pass Turnover (P1.T3)",null,null],["0041400233",158,6,4,2,"11:19 PM","9:05","Jordan OFF.Foul (P1) (J.Goble)",null,null,null,null],["0041400233",159,5,5,2,"11:19 PM","9:05","Jordan Foul Turnover (P1.T2)",null,null,null,null],["0041400233",160,2,3,2,"11:19 PM","8:51",null,null,"MISS Howard 6' Hook Shot",null,null],["0041400233",161,4,0,2,"11:19 PM","8:49",null,null,"Smith REBOUND (Off:4 Def:2)",null,null],["0041400233",162,2,5,2,"11:19 PM","8:48",null,null,"MISS Smith 1' Layup",null,null],["0041400233",164,4,0,2,"11:19 PM","8:46",null,null,"Smith REBOUND (Off:5 Def:2)",null,null],["0041400233",163,1,4,2,"11:19 PM","8:46",null,null,"Smith 2' Tip Shot (7 PTS)","34 - 40","6"],["0041400233",165,5,39,2,"11:19 PM","8:36","Rivers Step Out of Bounds Turnover (P1.T3)",null,null,null,null],["0041400233",166,9,4,2,"11:19 PM","8:36",null,null,null,null,null],["0041400233",168,8,0,2,"11:22 PM","8:36","SUB: Redick FOR Rivers",null,null,null,null],["0041400233",169,5,1,2,"11:23 PM","8:25","Paul STEAL (1 STL)",null,"Prigioni Bad Pass Turnover (P1.T4)",null,null],["0041400233",170,6,1,2,"11:23 PM","8:19",null,null,"Prigioni P.FOUL (P1.T1) (D.Guthrie)",null,null],["0041400233",171,2,1,2,"11:23 PM","8:00","MISS Griffin 28' 3PT Jump Shot",null,null,null,null],["0041400233",172,4,0,2,"11:23 PM","7:59","Jordan REBOUND (Off:1 Def:4)",null,null,null,null],["0041400233",173,1,1,2,"11:23 PM","7:52","Crawford 24' 3PT Jump Shot (7 PTS) (Jordan 2 AST)",null,null,"34 - 43","9"],["0041400233",174,2,1,2,"11:24 PM","7:38",null,null,"MISS Prigioni 20' Jump Shot",null,null],["0041400233",175,4,0,2,"11:24 PM","7:37","Paul REBOUND (Off:0 Def:1)",null,null,null,null],["0041400233",176,2,8,2,"11:24 PM","7:33","MISS Griffin  Slam Dunk",null,"Brewer BLOCK (1 BLK)",null,null],["0041400233",177,4,0,2,"11:24 PM","7:30",null,null,"Brewer REBOUND (Off:1 Def:2)",null,null],["0041400233",178,2,1,2,"11:24 PM","7:25",null,null,"MISS Smith 24' 3PT Jump Shot",null,null],["0041400233",179,4,0,2,"11:24 PM","7:22","Paul REBOUND (Off:0 Def:2)",null,null,null,null],["0041400233",180,6,2,2,"11:24 PM","7:19",null,null,"Brewer S.FOUL (P1.T2) (J.Goble)",null,null],["0041400233",181,3,13,2,"11:24 PM","7:19","Redick Free Throw 1 of 3 (12 PTS)",null,null,"34 - 44","10"],["0041400233",183,3,14,2,"11:25 PM","7:19","Redick Free Throw 2 of 3 (13 PTS)",null,null,"34 - 45","11"],["0041400233",185,8,0,2,"11:25 PM","7:19",null,null,"SUB: Terry FOR Prigioni",null,null],["0041400233",186,8,0,2,"11:25 PM","7:19",null,null,"SUB: Harden FOR Brewer",null,null],["0041400233",187,8,0,2,"11:25 PM","7:19",null,null,"SUB: Jones FOR Smith",null,null],["0041400233",188,3,15,2,"11:25 PM","7:19","Redick Free Throw 3 of 3 (14 PTS)",null,null,"34 - 46","12"],["0041400233",190,1,52,2,"11:26 PM","7:02",null,null,"Howard  Alley Oop Dunk (11 PTS) (Harden 5 AST)","36 - 46","10"],["0041400233",191,5,20,2,"11:26 PM","6:47","Jordan Illegal Assist Turnover (P2.T4)",null,null,null,null],["0041400233",192,2,1,2,"11:27 PM","6:24",null,null,"MISS Jones 12' Jump Shot",null,null],["0041400233",193,4,0,2,"11:27 PM","6:23",null,null,"Howard REBOUND (Off:5 Def:4)",null,null],["0041400233",194,2,1,2,"11:27 PM","6:22",null,null,"MISS Jones 9' Jump Shot",null,null],["0041400233",195,4,0,2,"11:27 PM","6:19","Griffin REBOUND (Off:4 Def:2)",null,null,null,null],["0041400233",196,5,40,2,"11:27 PM","6:17","Griffin Out of Bounds Lost Ball Turnover (P2.T5)",null,null,null,null],["0041400233",197,9,1,2,"11:27 PM","6:17","CLIPPERS Timeout: Regular (Full 2 Short 0)",null,null,null,null],["0041400233",199,8,0,2,"11:29 PM","6:17","SUB: Barnes FOR Paul",null,null,null,null],["0041400233",200,6,1,2,"11:31 PM","6:05","Crawford P.FOUL (P1.T3) (J.Goble)",null,null,null,null],["0041400233",201,6,2,2,"11:31 PM","6:01","Barnes S.FOUL (P1.T4) (K.Mauer)",null,null,null,null],["0041400233",202,3,11,2,"11:31 PM","6:01",null,null,"MISS Howard Free Throw 1 of 2",null,null],["0041400233",203,4,1,2,"11:31 PM","6:01",null,null,"Rockets Rebound",null,null],["0041400233",204,3,12,2,"11:31 PM","6:01",null,null,"MISS Howard Free Throw 2 of 2",null,null],["0041400233",206,4,0,2,"11:32 PM","6:00","Jordan REBOUND (Off:1 Def:5)",null,null,null,null],["0041400233",207,1,75,2,"11:32 PM","5:43","Crawford 3' Driving Finger Roll Layup (9 PTS)",null,null,"36 - 48","12"],["0041400233",208,6,2,2,"11:32 PM","5:32","Jordan S.FOUL (P2.PN) (D.Guthrie)",null,null,null,null],["0041400233",209,3,11,2,"11:32 PM","5:32",null,null,"MISS Jones Free Throw 1 of 2",null,null],["0041400233",210,4,1,2,"11:32 PM","5:32",null,null,"Rockets Rebound",null,null],["0041400233",211,3,12,2,"11:32 PM","5:32",null,null,"Jones Free Throw 2 of 2 (9 PTS)","37 - 48","11"],["0041400233",213,2,1,2,"11:33 PM","5:19","MISS Crawford 20' Jump Shot",null,null,null,null],["0041400233",214,4,0,2,"11:33 PM","5:18","Jordan REBOUND (Off:2 Def:5)",null,null,null,null],["0041400233",215,2,1,2,"11:33 PM","5:11","MISS Crawford 27' 3PT Jump Shot",null,null,null,null],["0041400233",216,4,0,2,"11:33 PM","5:10",null,null,"Howard REBOUND (Off:5 Def:5)",null,null],["0041400233",217,1,1,2,"11:33 PM","5:04",null,null,"Harden 27' 3PT Jump Shot (8 PTS)","40 - 48","8"],["0041400233",218,1,46,2,"11:33 PM","4:50","Redick 13' Running Jump Shot (16 PTS) (Griffin 2 AST)",null,null,"40 - 50","10"],["0041400233",219,2,5,2,"11:34 PM","4:38",null,null,"MISS Harden 4' Layup",null,null],["0041400233",220,4,0,2,"11:34 PM","4:34","Griffin REBOUND (Off:4 Def:3)",null,null,null,null],["0041400233",221,5,1,2,"11:34 PM","4:33","Griffin Bad Pass Turnover (P3.T6)",null,null,null,null],["0041400233",222,1,1,2,"11:34 PM","4:17",null,null,"Terry  3PT Jump Shot (5 PTS) (Jones 1 AST)","43 - 50","7"],["0041400233",223,2,1,2,"11:34 PM","4:02","MISS Redick 21' Jump Shot",null,null,null,null],["0041400233",224,4,0,2,"11:34 PM","3:59",null,null,"Jones REBOUND (Off:0 Def:1)",null,null],["0041400233",225,5,1,2,"11:35 PM","3:54","Crawford STEAL (3 STL)",null,"Harden Bad Pass Turnover (P2.T5)",null,null],["0041400233",226,6,14,2,"11:35 PM","3:51",null,null,"Jones FLAGRANT.FOUL.TYPE1 (P1.T3) (J.Goble)",null,null],["0041400233",227,18,0,2,"11:35 PM","3:51",null,null,null,null,null],["0041400233",228,3,18,2,"11:36 PM","3:51","Barnes Free Throw Flagrant 1 of 2 (4 PTS)",null,null,"43 - 51","8"],["0041400233",230,3,19,2,"11:37 PM","3:51","Barnes Free Throw Flagrant 2 of 2 (5 PTS)",null,null,"43 - 52","9"],["0041400233",233,8,0,2,"11:37 PM","3:51","SUB: Rivers FOR Crawford",null,null,null,null],["0041400233",234,8,0,2,"11:37 PM","3:51",null,null,"SUB: Brewer FOR Ariza",null,null],["0041400233",237,7,2,2,"11:38 PM","3:27",null,null,"Howard Violation:Defensive Goaltending (J.Goble)",null,null],["0041400233",236,1,1,2,"11:38 PM","3:27","Griffin 19' Jump Shot (9 PTS)",null,null,"43 - 54","11"],["0041400233",239,1,1,2,"11:39 PM","3:10",null,null,"Terry 24' 3PT Jump Shot (8 PTS) (Harden 6 AST)","46 - 54","8"],["0041400233",240,6,1,2,"11:39 PM","3:01",null,null,"Brewer P.FOUL (P2.T4) (D.Guthrie)",null,null],["0041400233",243,9,1,2,"11:39 PM","3:01",null,null,"Rockets Timeout: Regular (Reg.2 Short 0)",null,null],["0041400233",245,8,0,2,"11:41 PM","3:01","SUB: Paul FOR Barnes",null,null,null,null],["0041400233",247,8,0,2,"11:42 PM","3:01","SUB: Hawes FOR Jordan",null,null,null,null],["0041400233",248,1,58,2,"11:42 PM","2:48","Griffin 5' Turnaround Hook Shot (11 PTS) (Rivers 2 AST)",null,null,"46 - 56","10"],["0041400233",249,6,1,2,"11:43 PM","2:47","Hawes P.FOUL (P2.PN) (K.Mauer)",null,null,null,null],["0041400233",250,3,11,2,"11:43 PM","2:47",null,null,"Howard Free Throw 1 of 2 (12 PTS)","47 - 56","9"],["0041400233",252,3,12,2,"11:43 PM","2:47",null,null,"MISS Howard Free Throw 2 of 2",null,null],["0041400233",254,4,0,2,"11:43 PM","2:46","Rivers REBOUND (Off:0 Def:3)",null,null,null,null],["0041400233",255,1,8,2,"11:44 PM","2:33","Griffin  Slam Dunk (13 PTS) (Paul 6 AST)",null,null,"47 - 58","11"],["0041400233",256,6,1,2,"11:44 PM","2:30","Hawes P.FOUL (P3.PN) (J.Goble)",null,null,null,null],["0041400233",257,3,11,2,"11:44 PM","2:30",null,null,"Howard Free Throw 1 of 2 (13 PTS)","48 - 58","10"],["0041400233",259,3,12,2,"11:44 PM","2:30",null,null,"MISS Howard Free Throw 2 of 2",null,null],["0041400233",261,4,0,2,"11:44 PM","2:28","Griffin REBOUND (Off:4 Def:4)",null,null,null,null],["0041400233",262,1,80,2,"11:45 PM","2:17","Paul 14' Step Back Jump Shot (6 PTS)",null,null,"48 - 60","12"],["0041400233",263,6,28,2,"11:45 PM","2:12","Hawes Personal Take Foul (P4.PN) (K.Mauer)",null,null,null,null],["0041400233",264,3,11,2,"11:45 PM","2:12",null,null,"MISS Howard Free Throw 1 of 2",null,null],["0041400233",265,4,1,2,"11:45 PM","2:12",null,null,"Rockets Rebound",null,null],["0041400233",266,8,0,2,"11:45 PM","2:12","SUB: Davis FOR Hawes",null,null,null,null],["0041400233",267,3,12,2,"11:45 PM","2:12",null,null,"Howard Free Throw 2 of 2 (14 PTS)","49 - 60","11"],["0041400233",269,2,1,2,"11:46 PM","1:48","MISS Paul 26' 3PT Jump Shot",null,null,null,null],["0041400233",270,4,0,2,"11:46 PM","1:47",null,null,"Brewer REBOUND (Off:1 Def:3)",null,null],["0041400233",271,1,1,2,"11:46 PM","1:24",null,null,"Terry 27' 3PT Jump Shot (11 PTS) (Harden 7 AST)","52 - 60","8"],["0041400233",272,6,1,2,"11:47 PM","1:09",null,null,"Howard P.FOUL (P2.PN) (K.Mauer)",null,null],["0041400233",273,3,11,2,"11:47 PM","1:09","Davis Free Throw 1 of 2 (1 PTS)",null,null,"52 - 61","9"],["0041400233",275,8,0,2,"11:47 PM","1:09","SUB: Barnes FOR Rivers",null,null,null,null],["0041400233",276,8,0,2,"11:47 PM","1:09",null,null,"SUB: Ariza FOR Howard",null,null],["0041400233",278,8,0,2,"11:48 PM","1:09","SUB: Crawford FOR Griffin",null,null,null,null],["0041400233",279,3,12,2,"11:48 PM","1:09","Davis Free Throw 2 of 2 (2 PTS)",null,null,"52 - 62","10"],["0041400233",281,2,1,2,"11:48 PM","0:53","Barnes BLOCK (2 BLK)",null,"MISS Terry 4' Jump Shot",null,null],["0041400233",282,4,0,2,"11:48 PM","0:53",null,null,"Terry REBOUND (Off:1 Def:0)",null,null],["0041400233",283,5,39,2,"11:48 PM","0:53",null,null,"Terry Step Out of Bounds Turnover (P1.T6)",null,null],["0041400233",284,1,1,2,"11:48 PM","0:47","Davis 3' Jump Shot (4 PTS) (Barnes 1 AST)",null,null,"52 - 64","12"],["0041400233",285,6,2,2,"11:49 PM","0:37","Davis S.FOUL (P1.PN) (K.Mauer)",null,null,null,null],["0041400233",286,3,11,2,"11:49 PM","0:37",null,null,"Jones Free Throw 1 of 2 (10 PTS)","53 - 64","11"],["0041400233",288,8,0,2,"11:49 PM","0:37","SUB: Griffin FOR Davis",null,null,null,null],["0041400233",289,3,12,2,"11:49 PM","0:37",null,null,"Jones Free Throw 2 of 2 (11 PTS)","54 - 64","10"],["0041400233",291,2,42,2,"11:50 PM","0:27","MISS Paul 1' Driving Layup",null,null,null,null],["0041400233",292,4,0,2,"11:50 PM","0:25",null,null,"Jones REBOUND (Off:0 Def:2)",null,null],["0041400233",293,6,1,2,"11:50 PM","0:23","Paul P.FOUL (P1.PN) (K.Mauer)",null,null,null,null],["0041400233",294,3,11,2,"11:50 PM","0:23",null,null,"MISS Jones Free Throw 1 of 2",null,null],["0041400233",295,4,1,2,"11:50 PM","0:23",null,null,"Rockets Rebound",null,null],["0041400233",296,3,12,2,"11:50 PM","0:23",null,null,"Jones Free Throw 2 of 2 (12 PTS)","55 - 64","9"],["0041400233",298,9,2,2,"11:51 PM","0:18","CLIPPERS Timeout: Short (Full 2 Short 1)",null,null,null,null],["0041400233",300,8,0,2,"11:52 PM","0:18",null,null,"SUB: Smith FOR Terry",null,null],["0041400233",301,5,40,2,"11:52 PM","0:07","Griffin Out of Bounds Lost Ball Turnover (P4.T7)",null,null,null,null],["0041400233",302,1,1,2,"11:52 PM","0:01",null,null,"Harden 15' Jump Shot (10 PTS)","57 - 64","7"],["0041400233",303,18,0,2,"11:53 PM","0:00",null,null,null,null,null],["0041400233",304,13,0,2,"11:53 PM","0:00",null,null,null,"57 - 64","7"],["0041400233",306,12,0,3,"12:10 AM","12:00",null,null,null,"57 - 64","7"],["0041400233",307,2,1,3,"12:10 AM","11:45",null,null,"MISS Ariza 25' 3PT Jump Shot",null,null],["0041400233",308,4,0,3,"12:10 AM","11:44","Jordan REBOUND (Off:2 Def:6)",null,null,null,null],["0041400233",309,2,1,3,"12:10 AM","11:23","MISS Griffin 6' Jump Shot",null,null,null,null],["0041400233",310,4,0,3,"12:10 AM","11:22",null,null,"Ariza REBOUND (Off:0 Def:2)",null,null],["0041400233",311,2,96,3,"12:11 AM","11:06",null,null,"MISS Howard 9' Turnaround Bank Hook Shot",null,null],["0041400233",312,4,0,3,"12:11 AM","11:05","Griffin REBOUND (Off:4 Def:5)",null,null,null,null],["0041400233",314,2,5,3,"12:11 AM","10:47","MISS Griffin 4' Layup",null,null,null,null],["0041400233",315,4,0,3,"12:11 AM","10:45",null,null,"Howard REBOUND (Off:5 Def:6)",null,null],["0041400233",316,6,2,3,"12:11 AM","10:38","Paul S.FOUL (P2.T1) (J.Goble)",null,null,null,null],["0041400233",317,3,11,3,"12:12 AM","10:38",null,null,"Harden Free Throw 1 of 2 (11 PTS)","58 - 64","6"],["0041400233",319,3,12,3,"12:12 AM","10:38",null,null,"Harden Free Throw 2 of 2 (12 PTS)","59 - 64","5"],["0041400233",323,7,2,3,"12:13 AM","10:20",null,null,"Howard Violation:Defensive Goaltending (D.Guthrie)",null,null],["0041400233",321,1,58,3,"12:13 AM","10:20","Griffin 4' Turnaround Hook Shot (15 PTS)",null,null,"59 - 66","7"],["0041400233",324,1,88,3,"12:13 AM","10:01",null,null,"Ariza  Driving Slam Dunk (2 PTS) (Terry 3 AST)","61 - 66","5"],["0041400233",325,5,1,3,"12:14 AM","9:41","Paul Bad Pass Turnover (P1.T8)",null,"Howard STEAL (2 STL)",null,null],["0041400233",326,1,1,3,"12:14 AM","9:37",null,null,"Terry 19' Jump Shot (13 PTS) (Howard 2 AST)","63 - 66","3"],["0041400233",327,9,1,3,"12:14 AM","9:36","CLIPPERS Timeout: Regular (Full 3 Short 1)",null,null,null,null],["0041400233",329,2,5,3,"12:17 AM","9:29","MISS Griffin 3' Layup",null,null,null,null],["0041400233",331,4,0,3,"12:17 AM","9:28","Griffin REBOUND (Off:5 Def:5)",null,null,null,null],["0041400233",330,1,4,3,"12:17 AM","9:28","Griffin 4' Tip Shot (17 PTS)",null,null,"63 - 68","5"],["0041400233",332,2,1,3,"12:18 AM","9:03",null,null,"MISS Ariza 21' Jump Shot",null,null],["0041400233",333,4,0,3,"12:18 AM","9:02","Paul REBOUND (Off:0 Def:3)",null,null,null,null],["0041400233",334,1,1,3,"12:18 AM","8:55","Paul 25' 3PT Jump Shot (9 PTS)",null,null,"63 - 71","8"],["0041400233",335,1,1,3,"12:18 AM","8:29",null,null,"Ariza 26' 3PT Jump Shot (5 PTS) (Harden 8 AST)","66 - 71","5"],["0041400233",336,1,8,3,"12:19 AM","8:13","Griffin  Slam Dunk (19 PTS) (Paul 7 AST)",null,null,"66 - 73","7"],["0041400233",337,6,4,3,"12:19 AM","7:56",null,null,"Harden OFF.Foul (P2) (D.Guthrie)",null,null],["0041400233",338,5,5,3,"12:19 AM","7:56",null,null,"Harden Foul Turnover (P3.T7)",null,null],["0041400233",340,2,1,3,"12:20 AM","7:47","MISS Barnes  3PT Jump Shot",null,null,null,null],["0041400233",341,4,0,3,"12:20 AM","7:46","Jordan REBOUND (Off:3 Def:6)",null,null,null,null],["0041400233",346,5,1,3,"12:21 AM","7:33","Griffin Bad Pass Turnover (P5.T9)",null,"Ariza STEAL (1 STL)",null,null],["0041400233",348,2,1,3,"12:22 AM","7:13",null,null,"MISS Jones 9' Jump Shot",null,null],["0041400233",349,4,0,3,"12:22 AM","7:12","Barnes REBOUND (Off:0 Def:2)",null,null,null,null],["0041400233",350,1,1,3,"12:22 AM","7:03","Paul 26' 3PT Jump Shot (12 PTS)",null,null,"66 - 76","10"],["0041400233",351,6,2,3,"12:22 AM","6:49","Barnes S.FOUL (P2.T2) (J.Goble)",null,null,null,null],["0041400233",352,3,11,3,"12:22 AM","6:49",null,null,"MISS Ariza Free Throw 1 of 2",null,null],["0041400233",354,4,0,3,"12:22 AM","6:49",null,null,"Rockets Rebound",null,null],["0041400233",353,3,12,3,"12:22 AM","6:49",null,null,"Ariza Free Throw 2 of 2 (6 PTS)","67 - 76","9"],["0041400233",356,1,1,3,"12:23 AM","6:42","Redick 21' Jump Shot (18 PTS) (Griffin 3 AST)",null,null,"67 - 78","11"],["0041400233",357,5,1,3,"12:23 AM","6:22","Paul STEAL (2 STL)",null,"Terry Bad Pass Turnover (P2.T8)",null,null],["0041400233",358,2,79,3,"12:24 AM","6:03","MISS Paul 28' 3PT Pullup Jump Shot",null,null,null,null],["0041400233",359,4,0,3,"12:24 AM","6:01","Jordan REBOUND (Off:4 Def:6)",null,null,null,null],["0041400233",360,6,2,3,"12:24 AM","6:01",null,null,"Ariza S.FOUL (P1.T1) (J.Goble)",null,null],["0041400233",361,3,11,3,"12:24 AM","6:01","MISS Jordan Free Throw 1 of 2",null,null,null,null],["0041400233",362,4,1,3,"12:24 AM","6:01","CLIPPERS Rebound",null,null,null,null],["0041400233",363,8,0,3,"12:24 AM","6:01",null,null,"SUB: Smith FOR Jones",null,null],["0041400233",364,8,0,3,"12:24 AM","6:01","SUB: Rivers FOR Paul",null,null,null,null],["0041400233",365,3,12,3,"12:25 AM","6:01","Jordan Free Throw 2 of 2 (3 PTS)",null,null,"67 - 79","12"],["0041400233",367,1,80,3,"12:25 AM","5:38",null,null,"Harden 19' Step Back Jump Shot (14 PTS)","69 - 79","10"],["0041400233",368,6,26,3,"12:26 AM","5:18","Barnes Offensive Charge Foul (P3.T3) (K.Mauer)",null,null,null,null],["0041400233",369,5,5,3,"12:26 AM","5:18","Barnes Foul Turnover (P1.T10)",null,null,null,null],["0041400233",370,8,0,3,"12:26 AM","5:18",null,null,"SUB: Brewer FOR Ariza",null,null],["0041400233",371,8,0,3,"12:26 AM","5:18","SUB: Crawford FOR Barnes",null,null,null,null],["0041400233",373,2,1,3,"12:26 AM","4:57",null,null,"MISS Harden 17' Jump Shot",null,null],["0041400233",374,4,0,3,"12:26 AM","4:56","Griffin REBOUND (Off:5 Def:6)",null,null,null,null],["0041400233",375,5,2,3,"12:26 AM","4:52","Griffin Lost Ball Turnover (P6.T11)",null,"Smith STEAL (1 STL)",null,null],["0041400233",376,1,52,3,"12:26 AM","4:49",null,null,"Brewer  Alley Oop Dunk (2 PTS) (Harden 9 AST)","71 - 79","8"],["0041400233",377,2,1,3,"12:27 AM","4:40","MISS Rivers 26' 3PT Jump Shot",null,null,null,null],["0041400233",378,4,0,3,"12:27 AM","4:39",null,null,"Smith REBOUND (Off:5 Def:3)",null,null],["0041400233",379,6,2,3,"12:27 AM","4:33","Jordan S.FOUL (P3.T4) (J.Goble)",null,null,null,null],["0041400233",381,3,11,3,"12:27 AM","4:33",null,null,"Harden Free Throw 1 of 2 (15 PTS)","72 - 79","7"],["0041400233",383,3,12,3,"12:27 AM","4:33",null,null,"Harden Free Throw 2 of 2 (16 PTS)","73 - 79","6"],["0041400233",385,1,42,3,"12:28 AM","4:08","Rivers 3' Driving Layup (9 PTS)",null,null,"73 - 81","8"],["0041400233",386,7,5,3,"12:28 AM","4:04","Griffin Violation:Kicked Ball (D.Guthrie)",null,null,null,null],["0041400233",388,1,1,3,"12:29 AM","3:50",null,null,"Brewer 24' 3PT Jump Shot (5 PTS) (Harden 10 AST)","76 - 81","5"],["0041400233",389,2,1,3,"12:29 AM","3:34","MISS Redick 28' 3PT Jump Shot",null,null,null,null],["0041400233",390,4,0,3,"12:29 AM","3:33",null,null,"Smith REBOUND (Off:5 Def:4)",null,null],["0041400233",392,6,4,3,"12:29 AM","3:28",null,null,"Smith OFF.Foul (P1) (K.Mauer)",null,null],["0041400233",393,5,5,3,"12:29 AM","3:28",null,null,"Smith Foul Turnover (P2.T9)",null,null],["0041400233",395,1,1,3,"12:30 AM","3:16","Rivers 24' 3PT Jump Shot (12 PTS) (Jordan 3 AST)",null,null,"76 - 84","8"],["0041400233",396,2,1,3,"12:30 AM","2:59",null,null,"MISS Smith 4' Jump Shot",null,null],["0041400233",397,4,0,3,"12:30 AM","2:57","Griffin REBOUND (Off:5 Def:7)",null,null,null,null],["0041400233",398,5,1,3,"12:30 AM","2:52","Griffin Bad Pass Turnover (P7.T12)",null,"Brewer STEAL (1 STL)",null,null],["0041400233",399,6,1,3,"12:30 AM","2:52","Crawford P.FOUL (P2.PN) (K.Mauer)",null,null,null,null],["0041400233",453,9,1,3,"12:31 AM","2:52",null,null,"Rockets Timeout: Regular (Reg.3 Short 0)",null,null],["0041400233",402,18,0,3,"12:31 AM","2:52",null,null,null,null,null],["0041400233",403,18,0,3,"12:32 AM","2:52",null,null,null,null,null],["0041400233",404,8,0,3,"12:33 AM","2:52","SUB: Hawes FOR Griffin",null,null,null,null],["0041400233",405,8,0,3,"12:33 AM","2:52",null,null,"SUB: Jones FOR Howard",null,null],["0041400233",406,2,1,3,"12:33 AM","2:39",null,null,"MISS Smith 27' 3PT Jump Shot",null,null],["0041400233",407,4,0,3,"12:33 AM","2:37","Jordan REBOUND (Off:4 Def:7)",null,null,null,null],["0041400233",408,1,42,3,"12:34 AM","2:23","Rivers 3' Driving Layup (14 PTS)",null,null,"76 - 86","10"],["0041400233",409,6,2,3,"12:34 AM","2:23",null,null,"Jones S.FOUL (P2.T2) (K.Mauer)",null,null],["0041400233",410,3,10,3,"12:34 AM","2:23","Rivers Free Throw 1 of 1 (15 PTS)",null,null,"76 - 87","11"],["0041400233",413,5,1,3,"12:35 AM","2:03","Redick STEAL (1 STL)",null,"Terry Bad Pass Turnover (P3.T10)",null,null],["0041400233",414,1,73,3,"12:35 AM","1:59","Redick 3' Driving Reverse Layup (20 PTS)",null,null,"76 - 89","13"],["0041400233",415,9,2,3,"12:35 AM","1:56",null,null,"Rockets Timeout: Short (Reg.3 Short 1)",null,null],["0041400233",417,2,1,3,"12:36 AM","1:44",null,null,"MISS Terry 26' 3PT Jump Shot",null,null],["0041400233",418,4,0,3,"12:36 AM","1:43","Jordan REBOUND (Off:4 Def:8)",null,null,null,null],["0041400233",419,1,42,3,"12:36 AM","1:35","Rivers 3' Driving Layup (17 PTS)",null,null,"76 - 91","15"],["0041400233",420,2,1,3,"12:36 AM","1:24",null,null,"MISS Harden 25' 3PT Jump Shot",null,null],["0041400233",421,4,0,3,"12:36 AM","1:23","Hawes REBOUND (Off:0 Def:3)",null,null,null,null],["0041400233",422,2,1,3,"12:37 AM","1:13","MISS Rivers 26' 3PT Jump Shot",null,null,null,null],["0041400233",424,4,0,3,"12:37 AM","1:12","Jordan REBOUND (Off:5 Def:8)",null,null,null,null],["0041400233",423,1,4,3,"12:37 AM","1:12","Jordan 2' Tip Shot (5 PTS)",null,null,"76 - 93","17"],["0041400233",425,5,2,3,"12:37 AM","0:56","Crawford STEAL (4 STL)",null,"Harden Lost Ball Turnover (P4.T11)",null,null],["0041400233",427,1,42,3,"12:37 AM","0:53","Rivers 2' Driving Layup (19 PTS) (Crawford 2 AST)",null,null,"76 - 95","19"],["0041400233",428,6,2,3,"12:37 AM","0:53",null,null,"Terry S.FOUL (P2.T3) (J.Goble)",null,null],["0041400233",429,8,0,3,"12:37 AM","0:53",null,null,"SUB: Prigioni FOR Terry",null,null],["0041400233",442,8,0,3,"12:38 AM","0:53",null,null,"SUB: Ariza FOR Smith",null,null],["0041400233",431,3,10,3,"12:38 AM","0:53","Rivers Free Throw 1 of 1 (20 PTS)",null,null,"76 - 96","20"],["0041400233",435,2,1,3,"12:38 AM","0:36",null,null,"MISS Ariza 26' 3PT Jump Shot",null,null],["0041400233",436,4,0,3,"12:38 AM","0:34","Rivers REBOUND (Off:0 Def:4)",null,null,null,null],["0041400233",437,1,78,3,"12:38 AM","0:31","Rivers 10' Floating Jump Shot (22 PTS)",null,null,"76 - 98","22"],["0041400233",439,2,1,3,"12:38 AM","0:05",null,null,"MISS Ariza  3PT Jump Shot",null,null],["0041400233",440,4,0,3,"12:39 AM","0:02","Jordan REBOUND (Off:5 Def:9)",null,null,null,null],["0041400233",441,6,2,3,"12:39 AM","0:01",null,null,"Ariza S.FOUL (P2.PN) (K.Mauer)",null,null],["0041400233",443,3,11,3,"12:39 AM","0:01","Jordan Free Throw 1 of 2 (6 PTS)",null,null,"76 - 99","23"],["0041400233",445,8,0,3,"12:39 AM","0:01","SUB: Barnes FOR Redick",null,null,null,null],["0041400233",446,3,12,3,"12:40 AM","0:01","MISS Jordan Free Throw 2 of 2",null,null,null,null],["0041400233",448,4,0,3,"12:40 AM","0:01",null,null,"Harden REBOUND (Off:0 Def:1)",null,null],["0041400233",449,2,1,3,"12:40 AM","0:00",null,null,"MISS Harden 78' 3PT Jump Shot",null,null],["0041400233",450,4,0,3,"12:40 AM","0:00",null,null,"Rockets Rebound",null,null],["0041400233",451,13,0,3,"12:40 AM","0:00",null,null,null,"76 - 99","23"],["0041400233",454,12,0,4,"12:44 AM","12:00",null,null,null,"76 - 99","23"],["0041400233",455,6,2,4,"12:44 AM","11:53",null,null,"Howard S.FOUL (P3.T1) (D.Guthrie)",null,null],["0041400233",456,3,11,4,"12:44 AM","11:53","Barnes Free Throw 1 of 2 (6 PTS)",null,null,"76 - 100","24"],["0041400233",458,3,12,4,"12:44 AM","11:53","Barnes Free Throw 2 of 2 (7 PTS)",null,null,"76 - 101","25"],["0041400233",460,2,3,4,"12:45 AM","11:37",null,null,"MISS Howard 8' Hook Shot",null,null],["0041400233",461,4,0,4,"12:45 AM","11:35","Crawford REBOUND (Off:1 Def:2)",null,null,null,null],["0041400233",462,5,2,4,"12:45 AM","11:23","Jordan Lost Ball Turnover (P3.T13)",null,"Terry STEAL (1 STL)",null,null],["0041400233",463,6,2,4,"12:45 AM","11:19","Crawford S.FOUL (P3.T1) (D.Guthrie)",null,null,null,null],["0041400233",464,3,11,4,"12:45 AM","11:19",null,null,"MISS Brewer Free Throw 1 of 2",null,null],["0041400233",465,4,1,4,"12:45 AM","11:19",null,null,"Rockets Rebound",null,null],["0041400233",466,3,12,4,"12:45 AM","11:19",null,null,"MISS Brewer Free Throw 2 of 2",null,null],["0041400233",468,4,0,4,"12:46 AM","11:17","Griffin REBOUND (Off:5 Def:8)",null,null,null,null],["0041400233",469,1,1,4,"12:46 AM","10:58","Rivers 28' 3PT Jump Shot (25 PTS)",null,null,"76 - 104","28"],["0041400233",470,5,1,4,"12:46 AM","10:50","Rivers STEAL (1 STL)",null,"Terry Bad Pass Turnover (P4.T12)",null,null],["0041400233",471,6,1,4,"12:46 AM","10:48",null,null,"Brewer P.FOUL (P3.T2) (K.Mauer)",null,null],["0041400233",472,5,1,4,"12:47 AM","10:31","Crawford Bad Pass Turnover (P1.T14)",null,null,null,null],["0041400233",473,6,3,4,"12:47 AM","10:31","Griffin L.B.FOUL (P3.T2) (D.Guthrie)",null,null,null,null],["0041400233",474,2,1,4,"12:47 AM","10:18",null,null,"MISS Brewer 25' 3PT Jump Shot",null,null],["0041400233",475,4,0,4,"12:47 AM","10:16","Rivers REBOUND (Off:0 Def:5)",null,null,null,null],["0041400233",476,5,2,4,"12:48 AM","10:09","Rivers Lost Ball Turnover (P2.T15)",null,"Terry STEAL (2 STL)",null,null],["0041400233",477,6,2,4,"12:48 AM","10:06","Griffin S.FOUL (P4.T3) (J.Goble)",null,null,null,null],["0041400233",478,3,11,4,"12:48 AM","10:06",null,null,"Ariza Free Throw 1 of 2 (7 PTS)","77 - 104","27"],["0041400233",480,8,0,4,"12:48 AM","10:06","SUB: Paul FOR Rivers",null,null,null,null],["0041400233",481,3,12,4,"12:49 AM","10:06",null,null,"Ariza Free Throw 2 of 2 (8 PTS)","78 - 104","26"],["0041400233",483,2,5,4,"12:49 AM","9:47","MISS Griffin 3' Layup",null,null,null,null],["0041400233",485,4,0,4,"12:49 AM","9:46","Griffin REBOUND (Off:6 Def:8)",null,null,null,null],["0041400233",484,2,4,4,"12:49 AM","9:46","MISS Griffin 2' Tip Shot",null,null,null,null],["0041400233",486,4,0,4,"12:49 AM","9:42",null,null,"Howard REBOUND (Off:5 Def:7)",null,null],["0041400233",487,1,49,4,"12:49 AM","9:25",null,null,"Brewer  Driving Dunk (7 PTS)","80 - 104","24"],["0041400233",488,6,2,4,"12:50 AM","9:12",null,null,"Brewer S.FOUL (P4.T3) (K.Mauer)",null,null],["0041400233",489,3,13,4,"12:50 AM","9:12","Crawford Free Throw 1 of 3 (10 PTS)",null,null,"80 - 105","25"],["0041400233",491,3,14,4,"12:50 AM","9:12","Crawford Free Throw 2 of 3 (11 PTS)",null,null,"80 - 106","26"],["0041400233",493,3,15,4,"12:50 AM","9:12","Crawford Free Throw 3 of 3 (12 PTS)",null,null,"80 - 107","27"],["0041400233",495,2,3,4,"12:51 AM","8:53",null,null,"MISS Howard 4' Hook Shot",null,null],["0041400233",496,4,0,4,"12:51 AM","8:53",null,null,"Rockets Rebound",null,null],["0041400233",497,9,4,4,"12:51 AM","8:53",null,null,null,null,null],["0041400233",500,8,0,4,"12:54 AM","8:53","SUB: Redick FOR Paul",null,null,null,null],["0041400233",503,2,1,4,"12:55 AM","8:37",null,null,"MISS Prigioni 27' 3PT Jump Shot",null,null],["0041400233",504,4,0,4,"12:55 AM","8:36","Barnes REBOUND (Off:0 Def:3)",null,null,null,null],["0041400233",505,1,84,4,"12:55 AM","8:19","Redick 4' Running Bank Shot (22 PTS) (Barnes 2 AST)",null,null,"80 - 109","29"],["0041400233",506,6,1,4,"12:56 AM","8:00","Jordan P.FOUL (P4.T4) (D.Guthrie)",null,null,null,null],["0041400233",507,18,2,4,"12:56 AM","8:00",null,null,null,null,null],["0041400233",509,6,11,4,"12:58 AM","8:00",null,null,"Terry T.FOUL (P2.T3) (D.Guthrie)",null,null],["0041400233",510,11,4,4,"12:58 AM","8:00",null,null,"Terry Ejection:Other",null,null],["0041400233",511,8,0,4,"12:58 AM","8:00",null,null,"SUB: Harden FOR Terry",null,null],["0041400233",512,3,16,4,"12:58 AM","8:00","Redick Free Throw Technical (23 PTS)",null,null,"80 - 110","30"],["0041400233",514,6,2,4,"12:59 AM","7:56","Jordan S.FOUL (P5.PN) (K.Mauer)",null,null,null,null],["0041400233",515,6,11,4,"12:59 AM","7:56","Jordan T.FOUL (P5.PN) (J.Goble)",null,null,null,null],["0041400233",516,3,16,4,"12:59 AM","7:56",null,null,"Harden Free Throw Technical (17 PTS)","81 - 110","29"],["0041400233",518,3,11,4,"12:59 AM","7:56",null,null,"MISS Howard Free Throw 1 of 2",null,null],["0041400233",519,4,1,4,"12:59 AM","7:56",null,null,"Rockets Rebound",null,null],["0041400233",520,3,12,4,"1:00 AM","7:56",null,null,"MISS Howard Free Throw 2 of 2",null,null],["0041400233",522,4,0,4,"1:00 AM","7:55","Jordan REBOUND (Off:5 Def:10)",null,null,null,null],["0041400233",524,1,1,4,"1:00 AM","7:36","Redick 24' 3PT Jump Shot (26 PTS) (Griffin 4 AST)",null,null,"81 - 113","32"],["0041400233",525,1,80,4,"1:01 AM","7:14",null,null,"Harden 25' 3PT Step Back Jump Shot (20 PTS)","84 - 113","29"],["0041400233",526,1,5,4,"1:01 AM","6:46","Griffin 3' Layup (21 PTS)",null,null,"84 - 115","31"],["0041400233",527,2,1,4,"1:01 AM","6:29",null,null,"MISS Prigioni 26' 3PT Jump Shot",null,null],["0041400233",528,4,0,4,"1:01 AM","6:28","Redick REBOUND (Off:0 Def:1)",null,null,null,null],["0041400233",529,6,2,4,"1:02 AM","6:08",null,null,"Harden S.FOUL (P3.T4) (J.Goble)",null,null],["0041400233",530,3,11,4,"1:02 AM","6:08","Griffin Free Throw 1 of 2 (22 PTS)",null,null,"84 - 116","32"],["0041400233",532,8,0,4,"1:02 AM","6:08","SUB: Davis FOR Jordan",null,null,null,null],["0041400233",533,3,12,4,"1:02 AM","6:08","MISS Griffin Free Throw 2 of 2",null,null,null,null],["0041400233",535,4,0,4,"1:03 AM","6:07",null,null,"Harden REBOUND (Off:0 Def:2)",null,null],["0041400233",536,1,1,4,"1:03 AM","6:01",null,null,"Harden 28' 3PT Jump Shot (23 PTS)","87 - 116","29"],["0041400233",537,9,1,4,"1:03 AM","6:00","CLIPPERS Timeout: Regular (Full 4 Short 1)",null,null,null,null],["0041400233",539,8,0,4,"1:05 AM","6:00","SUB: Hudson FOR Griffin",null,null,null,null],["0041400233",541,2,1,4,"1:06 AM","5:35","MISS Davis 17' Jump Shot",null,null,null,null],["0041400233",542,4,0,4,"1:06 AM","5:34",null,null,"Howard REBOUND (Off:5 Def:8)",null,null],["0041400233",543,5,1,4,"1:06 AM","5:25","Crawford STEAL (5 STL)",null,"Harden Bad Pass Turnover (P5.T13)",null,null],["0041400233",544,1,1,4,"1:06 AM","5:19","Redick 24' 3PT Jump Shot (29 PTS) (Crawford 3 AST)",null,null,"87 - 119","32"],["0041400233",545,1,42,4,"1:07 AM","5:04",null,null,"Brewer 1' Driving Layup (9 PTS) (Ariza 1 AST)","89 - 119","30"],["0041400233",546,2,1,4,"1:07 AM","4:43","MISS Davis 4' Jump Shot",null,"Harden BLOCK (1 BLK)",null,null],["0041400233",547,4,0,4,"1:07 AM","4:41",null,null,"Howard REBOUND (Off:5 Def:9)",null,null],["0041400233",548,2,1,4,"1:07 AM","4:36",null,null,"MISS Harden 26' 3PT Jump Shot",null,null],["0041400233",549,4,0,4,"1:07 AM","4:35",null,null,"Prigioni REBOUND (Off:1 Def:0)",null,null],["0041400233",550,1,5,4,"1:07 AM","4:33",null,null,"Brewer 1' Layup (11 PTS) (Prigioni 2 AST)","91 - 119","28"],["0041400233",551,5,1,4,"1:07 AM","4:18","Crawford Bad Pass Turnover (P2.T16)",null,"Brewer STEAL (2 STL)",null,null],["0041400233",552,5,1,4,"1:07 AM","4:14","Crawford STEAL (6 STL)",null,"Ariza Bad Pass Turnover (P1.T14)",null,null],["0041400233",553,2,1,4,"1:08 AM","3:50","MISS Crawford  3PT Jump Shot",null,null,null,null],["0041400233",554,4,0,4,"1:08 AM","3:49",null,null,"Harden REBOUND (Off:0 Def:3)",null,null],["0041400233",555,1,42,4,"1:08 AM","3:44",null,null,"Ariza 1' Driving Layup (10 PTS) (Harden 11 AST)","93 - 119","26"],["0041400233",556,1,63,4,"1:08 AM","3:27","Redick 6' Fadeaway Jumper (31 PTS) (Hudson 1 AST)",null,null,"93 - 121","28"],["0041400233",557,1,49,4,"1:08 AM","3:14",null,null,"Harden  Driving Dunk (25 PTS)","95 - 121","26"],["0041400233",560,6,4,4,"1:09 AM","2:54","Barnes OFF.Foul (P4) (D.Guthrie)",null,null,null,null],["0041400233",561,5,5,4,"1:09 AM","2:54","Barnes Foul Turnover (P2.T17)",null,null,null,null],["0041400233",562,9,1,4,"1:09 AM","2:54",null,null,"Rockets Timeout: Regular (Reg.4 Short 1)",null,null],["0041400233",564,8,0,4,"1:11 AM","2:54","SUB: Rivers FOR Barnes",null,null,null,null],["0041400233",565,8,0,4,"1:11 AM","2:54","SUB: Jones FOR Redick",null,null,null,null],["0041400233",566,8,0,4,"1:11 AM","2:54","SUB: Turkoglu FOR Crawford",null,null,null,null],["0041400233",567,8,0,4,"1:11 AM","2:54",null,null,"SUB: Johnson FOR Ariza",null,null],["0041400233",568,8,0,4,"1:11 AM","2:54",null,null,"SUB: Capela FOR Howard",null,null],["0041400233",569,8,0,4,"1:11 AM","2:54",null,null,"SUB: Papanikolaou FOR Harden",null,null],["0041400233",570,8,0,4,"1:11 AM","2:54",null,null,"SUB: Dorsey FOR Brewer",null,null],["0041400233",571,2,1,4,"1:11 AM","2:42",null,null,"MISS Prigioni 27' 3PT Jump Shot",null,null],["0041400233",572,4,0,4,"1:11 AM","2:41","Rivers REBOUND (Off:0 Def:6)",null,null,null,null],["0041400233",573,2,1,4,"1:12 AM","2:26","MISS Turkoglu 27' 3PT Jump Shot",null,null,null,null],["0041400233",574,4,0,4,"1:12 AM","2:24",null,null,"Capela REBOUND (Off:1 Def:2)",null,null],["0041400233",575,2,1,4,"1:12 AM","2:16",null,null,"MISS Papanikolaou  3PT Jump Shot",null,null],["0041400233",576,4,0,4,"1:12 AM","2:15",null,null,"Prigioni REBOUND (Off:2 Def:0)",null,null],["0041400233",577,2,46,4,"1:12 AM","2:09","Turkoglu BLOCK (1 BLK)",null,"MISS Johnson 3' Running Jump Shot",null,null],["0041400233",578,4,0,4,"1:12 AM","2:09",null,null,"Rockets Rebound",null,null],["0041400233",579,8,0,4,"1:12 AM","2:09","SUB: Udoh FOR Davis",null,null,null,null],["0041400233",580,5,1,4,"1:13 AM","2:03","Turkoglu STEAL (1 STL)",null,"Dorsey Bad Pass Turnover (P1.T15)",null,null],["0041400233",581,5,1,4,"1:13 AM","1:59","Turkoglu Bad Pass Turnover (P1.T18)",null,null,null,null],["0041400233",582,2,1,4,"1:13 AM","1:45",null,null,"MISS Dorsey 5' Jump Shot",null,null],["0041400233",583,4,0,4,"1:13 AM","1:43",null,null,"Dorsey REBOUND (Off:1 Def:0)",null,null],["0041400233",585,6,2,4,"1:13 AM","1:42","Turkoglu S.FOUL (P1.PN) (K.Mauer)",null,null,null,null],["0041400233",588,3,11,4,"1:13 AM","1:42",null,null,"Capela Free Throw 1 of 2 (1 PTS)","96 - 121","25"],["0041400233",590,3,12,4,"1:14 AM","1:42",null,null,"MISS Capela Free Throw 2 of 2",null,null],["0041400233",592,4,0,4,"1:14 AM","1:42","Udoh REBOUND (Off:0 Def:1)",null,null,null,null],["0041400233",593,2,1,4,"1:14 AM","1:30","MISS Hudson 4' Jump Shot",null,"Capela BLOCK (1 BLK)",null,null],["0041400233",594,4,0,4,"1:14 AM","1:28",null,null,"Dorsey REBOUND (Off:1 Def:1)",null,null],["0041400233",595,1,1,4,"1:14 AM","1:23",null,null,"Prigioni 25' 3PT Jump Shot (6 PTS) (Johnson 1 AST)","99 - 121","22"],["0041400233",596,2,1,4,"1:15 AM","1:00","MISS Hudson 26' 3PT Jump Shot",null,null,null,null],["0041400233",597,4,0,4,"1:15 AM","0:59",null,null,"Capela REBOUND (Off:1 Def:3)",null,null],["0041400233",598,2,1,4,"1:15 AM","0:42",null,null,"MISS Capela 5' Jump Shot",null,null],["0041400233",599,4,0,4,"1:15 AM","0:40","Turkoglu REBOUND (Off:0 Def:1)",null,null,null,null],["0041400233",600,1,1,4,"1:15 AM","0:23","Turkoglu 24' 3PT Jump Shot (3 PTS) (Hudson 2 AST)",null,null,"99 - 124","25"],["0041400233",601,13,0,4,"1:16 AM","0:00",null,null,null,"99 - 124","25"]]},{"name":"AvailableVideo","headers":["VIDEO_AVAILABLE_FLAG"],"rowSet":[[1]]}]}