{"resource":"playbyplay","parameters":{"GameID":"0041400121","StartPeriod":0,"EndPeriod":14},"resultSets":[{"name":"PlayByPlay","headers":["GAME_ID","EVENTNUM","EVENTMSGTYPE","EVENTMSGACTIONTYPE","PERIOD","WCTIMESTRING","PCTIMESTRING","HOMEDESCRIPTION","NEUTRALDESCRIPTION","VISITORDESCRIPTION","SCORE","SCOREMARGIN"],"rowSet":[["0041400121",0,12,0,1,"7:11 PM","12:00",null,null,null,null,null],["0041400121",1,10,0,1,"7:11 PM","12:00","Jump Ball Gasol vs. Pachulia: Tip to Carter-Williams",null,null,null,null],["0041400121",2,1,1,1,"7:11 PM","11:46",null,null,"Pachulia 17' Jump Shot (2 PTS) (Antetokounmpo 1 AST)","2 - 0","-2"],["0041400121",3,5,40,1,"7:11 PM","11:32","Dunleavy Out of Bounds Lost Ball Turnover (P1.T1)",null,null,null,null],["0041400121",4,1,79,1,"7:11 PM","11:26",null,null,"Middleton 18' Pullup Jump Shot (2 PTS)","4 - 0","-4"],["0041400121",5,1,5,1,"7:11 PM","11:13","Noah 1' Layup (2 PTS) (Rose 1 AST)",null,null,"4 - 2","-2"],["0041400121",6,2,41,1,"7:12 PM","10:57",null,null,"MISS Antetokounmpo 2' Running Layup",null,null],["0041400121",8,4,0,1,"7:12 PM","10:55",null,null,"Ilyasova REBOUND (Off:1 Def:0)",null,null],["0041400121",7,1,4,1,"7:12 PM","10:55",null,null,"Ilyasova 1' Tip Shot (2 PTS)","6 - 2","-4"],["0041400121",9,2,1,1,"7:12 PM","10:30","MISS Rose 26' 3PT Jump Shot",null,null,null,null],["0041400121",10,4,0,1,"7:12 PM","10:29",null,null,"Bucks Rebound",null,null],["0041400121",11,1,5,1,"7:12 PM","10:16",null,null,"Pachulia 2' Layup (4 PTS) (Antetokounmpo 2 AST)","8 - 2","-6"],["0041400121",12,1,1,1,"7:13 PM","9:57","Gasol 21' Jump Shot (2 PTS) (Butler 1 AST)",null,null,"8 - 4","-4"],["0041400121",13,1,42,1,"7:13 PM","9:33",null,null,"Antetokounmpo 2' Driving Layup (2 PTS)","10 - 4","-6"],["0041400121",14,1,74,1,"7:13 PM","9:26","Rose  Running Reverse Layup (2 PTS)",null,null,"10 - 6","-4"],["0041400121",15,2,1,1,"7:13 PM","9:17",null,null,"MISS Ilyasova 26' 3PT Jump Shot",null,null],["0041400121",16,4,0,1,"7:13 PM","9:16","Noah REBOUND (Off:0 Def:1)",null,null,null,null],["0041400121",17,2,1,1,"7:14 PM","9:01","MISS Rose 25' 3PT Jump Shot",null,null,null,null],["0041400121",18,4,0,1,"7:14 PM","9:00",null,null,"Pachulia REBOUND (Off:0 Def:1)",null,null],["0041400121",20,6,26,1,"7:14 PM","8:56",null,null,"Antetokounmpo Offensive Charge Foul (P1.T1) (S.Foster)",null,null],["0041400121",21,5,5,1,"7:14 PM","8:56",null,null,"Antetokounmpo Foul Turnover (P1.T1)",null,null],["0041400121",23,5,1,1,"7:15 PM","8:33","Noah Bad Pass Turnover (P1.T2)",null,"Middleton STEAL (1 STL)",null,null],["0041400121",24,2,46,1,"7:15 PM","8:27","Rose BLOCK (1 BLK)",null,"MISS Antetokounmpo 7' Running Jump Shot",null,null],["0041400121",25,4,0,1,"7:15 PM","8:25","Noah REBOUND (Off:0 Def:2)",null,null,null,null],["0041400121",26,1,1,1,"7:15 PM","8:13","Dunleavy  3PT Jump Shot (3 PTS) (Rose 2 AST)",null,null,"10 - 9","-1"],["0041400121",27,10,0,1,"7:16 PM","7:56","Jump Ball Butler vs. Carter-Williams: Tip to Noah",null,null,null,null],["0041400121",28,5,2,1,"7:16 PM","7:56","Butler STEAL (1 STL)",null,"Carter-Williams Lost Ball Turnover (P1.T2)",null,null],["0041400121",29,6,1,1,"7:16 PM","7:43",null,null,"Carter-Williams P.FOUL (P1.T2) (S.Foster)",null,null],["0041400121",30,1,66,1,"7:16 PM","7:32","Gasol 9' Jump Bank Shot (4 PTS) (Dunleavy 1 AST)",null,null,"10 - 11","1"],["0041400121",31,1,66,1,"7:17 PM","7:19",null,null,"Carter-Williams 15' Jump Bank Shot (2 PTS)","12 - 11","-1"],["0041400121",32,1,1,1,"7:17 PM","7:05","Butler 25' 3PT Jump Shot (3 PTS) (Rose 3 AST)",null,null,"12 - 14","2"],["0041400121",33,2,1,1,"7:17 PM","6:49",null,null,"MISS Middleton 21' Jump Shot",null,null],["0041400121",34,4,0,1,"7:17 PM","6:49","Butler REBOUND (Off:0 Def:1)",null,null,null,null],["0041400121",35,1,41,1,"7:17 PM","6:40","Butler 1' Running Layup (5 PTS) (Gasol 1 AST)",null,null,"12 - 16","4"],["0041400121",36,5,1,1,"7:17 PM","6:28","Dunleavy STEAL (1 STL)",null,"Carter-Williams Bad Pass Turnover (P2.T3)",null,null],["0041400121",37,6,2,1,"7:18 PM","6:11",null,null,"Middleton S.FOUL (P1.T3) (S.Foster)",null,null],["0041400121",38,3,11,1,"7:18 PM","6:11","Butler Free Throw 1 of 2 (6 PTS)",null,null,"12 - 17","5"],["0041400121",40,8,0,1,"7:18 PM","6:11","SUB: Snell FOR Rose",null,null,null,null],["0041400121",41,3,12,1,"7:18 PM","6:11","Butler Free Throw 2 of 2 (7 PTS)",null,null,"12 - 18","6"],["0041400121",43,1,42,1,"7:19 PM","5:54",null,null,"Antetokounmpo 2' Driving Layup (4 PTS) (Ilyasova 1 AST)","14 - 18","4"],["0041400121",44,2,1,1,"7:19 PM","5:35","MISS Gasol  3PT Jump Shot",null,null,null,null],["0041400121",45,4,0,1,"7:19 PM","5:34",null,null,"Carter-Williams REBOUND (Off:0 Def:1)",null,null],["0041400121",46,1,63,1,"7:19 PM","5:29",null,null,"Carter-Williams 9' Fadeaway Jumper (4 PTS)","16 - 18","2"],["0041400121",47,6,2,1,"7:19 PM","5:29","Dunleavy S.FOUL (P1.T1) (K.Fitzgerald)",null,null,null,null],["0041400121",48,9,1,1,"7:19 PM","5:29","BULLS Timeout: Regular (Full 1 Short 0)",null,null,null,null],["0041400121",49,8,0,1,"7:22 PM","5:29",null,null,"SUB: Bayless FOR Antetokounmpo",null,null],["0041400121",51,8,0,1,"7:22 PM","5:29","SUB: Brooks FOR Snell",null,null,null,null],["0041400121",52,3,10,1,"7:22 PM","5:29",null,null,"Carter-Williams Free Throw 1 of 1 (5 PTS)","17 - 18","1"],["0041400121",54,5,1,1,"7:23 PM","5:17","Noah Bad Pass Turnover (P2.T3)",null,"Carter-Williams STEAL (1 STL)",null,null],["0041400121",55,1,1,1,"7:23 PM","5:13",null,null,"Ilyasova 14' Jump Shot (4 PTS) (Middleton 1 AST)","19 - 18","-1"],["0041400121",56,1,5,1,"7:23 PM","4:58","Gasol 2' Layup (6 PTS) (Noah 1 AST)",null,null,"19 - 20","1"],["0041400121",57,5,4,1,"7:23 PM","4:44",null,null,"Carter-Williams Traveling Turnover (P3.T4)",null,null],["0041400121",58,1,8,1,"7:24 PM","4:31","Butler  Slam Dunk (9 PTS) (Noah 2 AST)",null,null,"19 - 22","3"],["0041400121",59,1,1,1,"7:24 PM","4:16",null,null,"Middleton  3PT Jump Shot (5 PTS) (Carter-Williams 1 AST)","22 - 22","TIE"],["0041400121",60,1,1,1,"7:25 PM","3:55","Brooks 26' 3PT Jump Shot (3 PTS) (Gasol 2 AST)",null,null,"22 - 25","3"],["0041400121",61,2,1,1,"7:25 PM","3:32",null,null,"MISS Pachulia 17' Jump Shot",null,null],["0041400121",62,4,0,1,"7:25 PM","3:31","Noah REBOUND (Off:0 Def:3)",null,null,null,null],["0041400121",63,5,2,1,"7:25 PM","3:21","Brooks Lost Ball Turnover (P1.T4)",null,"Ilyasova STEAL (1 STL)",null,null],["0041400121",64,1,5,1,"7:25 PM","3:17",null,null,"Bayless 2' Layup (2 PTS) (Pachulia 1 AST)","24 - 25","1"],["0041400121",65,2,56,1,"7:26 PM","2:53","MISS Gasol 7' Running Hook Shot",null,null,null,null],["0041400121",66,4,0,1,"7:26 PM","2:52",null,null,"Pachulia REBOUND (Off:0 Def:2)",null,null],["0041400121",67,5,2,1,"7:26 PM","2:37","Noah STEAL (1 STL)",null,"Pachulia Lost Ball Turnover (P1.T5)",null,null],["0041400121",68,6,1,1,"7:26 PM","2:37",null,null,"Pachulia P.FOUL (P1.T4) (K.Fitzgerald)",null,null],["0041400121",70,9,1,1,"7:26 PM","2:37",null,null,"Bucks Timeout: Regular (Reg.1 Short 0)",null,null],["0041400121",72,8,0,1,"7:29 PM","2:37","SUB: Gibson FOR Noah",null,null,null,null],["0041400121",73,8,0,1,"7:29 PM","2:37",null,null,"SUB: Mayo FOR Carter-Williams",null,null],["0041400121",74,8,0,1,"7:29 PM","2:37",null,null,"SUB: Henson FOR Pachulia",null,null],["0041400121",75,6,26,1,"7:30 PM","2:21","Brooks Offensive Charge Foul (P1.T2) (K.Fitzgerald)",null,null,null,null],["0041400121",76,5,5,1,"7:30 PM","2:21","Brooks Foul Turnover (P2.T5)",null,null,null,null],["0041400121",77,1,1,1,"7:30 PM","2:09",null,null,"Ilyasova 25' 3PT Jump Shot (7 PTS) (Bayless 1 AST)","27 - 25","-2"],["0041400121",78,6,1,1,"7:30 PM","2:04",null,null,"Mayo P.FOUL (P1.PN) (K.Fitzgerald)",null,null],["0041400121",79,2,3,1,"7:31 PM","1:56","MISS Gasol 6' Hook Shot",null,null,null,null],["0041400121",80,4,0,1,"7:31 PM","1:55",null,null,"Mayo REBOUND (Off:0 Def:1)",null,null],["0041400121",81,2,1,1,"7:31 PM","1:50",null,null,"MISS Mayo 6' Jump Shot",null,null],["0041400121",82,4,0,1,"7:31 PM","1:49","Gasol REBOUND (Off:0 Def:1)",null,null,null,null],["0041400121",83,2,1,1,"7:31 PM","1:43","MISS Dunleavy  3PT Jump Shot",null,null,null,null],["0041400121",84,4,0,1,"7:31 PM","1:41",null,null,"Henson REBOUND (Off:0 Def:1)",null,null],["0041400121",85,2,1,1,"7:31 PM","1:30",null,null,"MISS Middleton 11' Jump Shot",null,null],["0041400121",86,4,0,1,"7:31 PM","1:29","Gasol REBOUND (Off:0 Def:2)",null,null,null,null],["0041400121",87,6,2,1,"7:31 PM","1:27",null,null,"Henson S.FOUL (P1.PN) (B.Kennedy)",null,null],["0041400121",88,3,11,1,"7:31 PM","1:27","Butler Free Throw 1 of 2 (10 PTS)",null,null,"27 - 26","-1"],["0041400121",90,8,0,1,"7:32 PM","1:27","SUB: Mirotic FOR Dunleavy",null,null,null,null],["0041400121",91,8,0,1,"7:32 PM","1:27",null,null,"SUB: Antetokounmpo FOR Middleton",null,null],["0041400121",93,3,12,1,"7:32 PM","1:27","Butler Free Throw 2 of 2 (11 PTS)",null,null,"27 - 27","TIE"],["0041400121",96,2,77,1,"7:32 PM","1:08","Gasol BLOCK (1 BLK)",null,"MISS Ilyasova 5' Driving Jump Shot",null,null],["0041400121",97,4,0,1,"7:32 PM","1:08",null,null,"Bucks Rebound",null,null],["0041400121",98,1,1,1,"7:33 PM","1:03",null,null,"Bayless 22' Jump Shot (4 PTS) (Ilyasova 2 AST)","29 - 27","-2"],["0041400121",99,2,63,1,"7:33 PM","0:36","MISS Brooks 17' Fadeaway Jumper",null,null,null,null],["0041400121",100,4,0,1,"7:33 PM","0:35",null,null,"Mayo REBOUND (Off:0 Def:2)",null,null],["0041400121",101,2,1,1,"7:33 PM","0:25",null,null,"MISS Antetokounmpo 21' Jump Shot",null,null],["0041400121",102,4,0,1,"7:33 PM","0:23","Gasol REBOUND (Off:0 Def:3)",null,null,null,null],["0041400121",103,2,1,1,"7:34 PM","0:02","MISS Gasol  3PT Jump Shot",null,null,null,null],["0041400121",104,4,0,1,"7:34 PM","0:00","Brooks REBOUND (Off:1 Def:0)",null,null,null,null],["0041400121",105,1,66,1,"7:34 PM","0:00","Brooks 25' 3PT Jump Bank Shot (6 PTS)",null,null,"29 - 30","1"],["0041400121",107,18,0,1,"7:34 PM","0:00",null,null,null,null,null],["0041400121",106,13,0,1,"7:34 PM","0:00",null,null,null,"29 - 30","1"],["0041400121",108,12,0,2,"7:38 PM","12:00",null,null,null,"29 - 30","1"],["0041400121",109,2,1,2,"7:38 PM","11:47","MISS Mirotic 26' 3PT Jump Shot",null,null,null,null],["0041400121",110,4,0,2,"7:38 PM","11:47",null,null,"Bucks Rebound",null,null],["0041400121",111,6,3,2,"7:38 PM","11:47","Noah L.B.FOUL (P1.T1) (B.Kennedy)",null,null,null,null],["0041400121",112,2,1,2,"7:38 PM","11:35",null,null,"MISS Dudley 25' 3PT Jump Shot",null,null],["0041400121",113,4,0,2,"7:38 PM","11:34","Snell REBOUND (Off:0 Def:1)",null,null,null,null],["0041400121",114,1,1,2,"7:39 PM","11:10","Snell 19' Jump Shot (2 PTS) (Brooks 1 AST)",null,null,"29 - 32","3"],["0041400121",115,2,1,2,"7:39 PM","11:00",null,null,"MISS Mayo 25' 3PT Jump Shot",null,null],["0041400121",116,4,0,2,"7:39 PM","10:59","Mirotic REBOUND (Off:0 Def:1)",null,null,null,null],["0041400121",117,2,46,2,"7:39 PM","10:43","MISS Noah 13' Running Jump Shot",null,null,null,null],["0041400121",118,4,0,2,"7:39 PM","10:42","Gibson REBOUND (Off:1 Def:0)",null,null,null,null],["0041400121",119,6,2,2,"7:39 PM","10:42",null,null,"Dudley S.FOUL (P1.T1) (B.Kennedy)",null,null],["0041400121",120,3,11,2,"7:39 PM","10:42","Gibson Free Throw 1 of 2 (1 PTS)",null,null,"29 - 33","4"],["0041400121",122,3,12,2,"7:40 PM","10:42","MISS Gibson Free Throw 2 of 2",null,null,null,null],["0041400121",124,4,0,2,"7:40 PM","10:40","Gibson REBOUND (Off:2 Def:0)",null,null,null,null],["0041400121",125,2,1,2,"7:40 PM","10:37","MISS Snell 25' 3PT Jump Shot",null,null,null,null],["0041400121",126,4,0,2,"7:40 PM","10:35","Gibson REBOUND (Off:3 Def:0)",null,null,null,null],["0041400121",127,1,41,2,"7:40 PM","10:30","Brooks 3' Running Layup (8 PTS) (Snell 1 AST)",null,null,"29 - 35","6"],["0041400121",128,6,2,2,"7:40 PM","10:17","Brooks S.FOUL (P2.T2) (S.Foster)",null,null,null,null],["0041400121",129,3,11,2,"7:41 PM","10:17",null,null,"Bayless Free Throw 1 of 2 (5 PTS)","30 - 35","5"],["0041400121",131,3,12,2,"7:41 PM","10:17",null,null,"MISS Bayless Free Throw 2 of 2",null,null],["0041400121",133,4,0,2,"7:41 PM","10:16","Noah REBOUND (Off:0 Def:4)",null,null,null,null],["0041400121",134,6,2,2,"7:41 PM","10:09",null,null,"Bayless S.FOUL (P1.T2) (S.Foster)",null,null],["0041400121",135,3,11,2,"7:41 PM","10:09","Brooks Free Throw 1 of 2 (9 PTS)",null,null,"30 - 36","6"],["0041400121",137,3,12,2,"7:42 PM","10:09","Brooks Free Throw 2 of 2 (10 PTS)",null,null,"30 - 37","7"],["0041400121",140,5,1,2,"7:42 PM","9:59","Noah STEAL (2 STL)",null,"Henson Bad Pass Turnover (P1.T6)",null,null],["0041400121",141,5,1,2,"7:42 PM","9:54","Mirotic Bad Pass Turnover (P1.T6)",null,"Henson STEAL (1 STL)",null,null],["0041400121",142,1,1,2,"7:42 PM","9:41",null,null,"Antetokounmpo 5' Jump Shot (6 PTS) (Dudley 1 AST)","32 - 37","5"],["0041400121",143,1,5,2,"7:43 PM","9:20","Mirotic 1' Layup (2 PTS) (Noah 3 AST)",null,null,"32 - 39","7"],["0041400121",144,2,1,2,"7:43 PM","9:03",null,null,"MISS Bayless 15' Jump Shot",null,null],["0041400121",145,4,0,2,"7:43 PM","9:02","Gibson REBOUND (Off:3 Def:1)",null,null,null,null],["0041400121",146,6,2,2,"7:43 PM","8:53",null,null,"Dudley S.FOUL (P2.T3) (K.Fitzgerald)",null,null],["0041400121",147,9,1,2,"7:43 PM","8:53",null,null,null,null,null],["0041400121",148,8,0,2,"7:46 PM","8:53",null,null,"SUB: Carter-Williams FOR Bayless",null,null],["0041400121",150,3,11,2,"7:46 PM","8:53","MISS Noah Free Throw 1 of 2",null,null,null,null],["0041400121",151,4,1,2,"7:46 PM","8:53","BULLS Rebound",null,null,null,null],["0041400121",152,3,12,2,"7:46 PM","8:53","MISS Noah Free Throw 2 of 2",null,null,null,null],["0041400121",154,4,0,2,"7:46 PM","8:52",null,null,"Antetokounmpo REBOUND (Off:0 Def:1)",null,null],["0041400121",156,1,5,2,"7:47 PM","8:36",null,null,"Henson 2' Layup (2 PTS) (Antetokounmpo 3 AST)","34 - 39","5"],["0041400121",157,1,1,2,"7:47 PM","8:19","Mirotic 25' 3PT Jump Shot (5 PTS) (Brooks 2 AST)",null,null,"34 - 42","8"],["0041400121",158,6,17,2,"7:47 PM","8:06","BULLS T.Foul (Def. 3 Sec Noah ) (K.Fitzgerald)",null,null,null,null],["0041400121",159,3,16,2,"7:47 PM","8:06",null,null,"Mayo Free Throw Technical (1 PTS)","35 - 42","7"],["0041400121",161,8,0,2,"7:48 PM","8:06","SUB: Rose FOR Brooks",null,null,null,null],["0041400121",162,6,2,2,"7:48 PM","7:56","Mirotic S.FOUL (P1.T3) (B.Kennedy)",null,null,null,null],["0041400121",163,3,11,2,"7:48 PM","7:56",null,null,"Antetokounmpo Free Throw 1 of 2 (7 PTS)","36 - 42","6"],["0041400121",165,3,12,2,"7:49 PM","7:56",null,null,"Antetokounmpo Free Throw 2 of 2 (8 PTS)","37 - 42","5"],["0041400121",167,1,42,2,"7:49 PM","7:48","Rose 2' Driving Layup (4 PTS)",null,null,"37 - 44","7"],["0041400121",168,2,1,2,"7:49 PM","7:34",null,null,"MISS Carter-Williams 20' Jump Shot",null,null],["0041400121",169,4,0,2,"7:49 PM","7:33",null,null,"Henson REBOUND (Off:1 Def:1)",null,null],["0041400121",170,1,1,2,"7:49 PM","7:29",null,null,"Dudley 22' Jump Shot (2 PTS) (Mayo 1 AST)","39 - 44","5"],["0041400121",172,1,1,2,"7:50 PM","7:11","Rose 7' Jump Shot (6 PTS) (Mirotic 1 AST)",null,null,"39 - 46","7"],["0041400121",173,1,1,2,"7:50 PM","6:56",null,null,"Carter-Williams 14' Jump Shot (7 PTS)","41 - 46","5"],["0041400121",174,6,2,2,"7:50 PM","6:56","Rose S.FOUL (P1.T4) (K.Fitzgerald)",null,null,null,null],["0041400121",175,8,0,2,"7:50 PM","6:56",null,null,"SUB: Pachulia FOR Henson",null,null],["0041400121",176,3,10,2,"7:50 PM","6:56",null,null,"MISS Carter-Williams Free Throw 1 of 1",null,null],["0041400121",178,4,0,2,"7:51 PM","6:54","Noah REBOUND (Off:0 Def:5)",null,null,null,null],["0041400121",179,2,1,2,"7:51 PM","6:33","MISS Gibson 15' Jump Shot",null,null,null,null],["0041400121",180,4,0,2,"7:51 PM","6:32",null,null,"Mayo REBOUND (Off:0 Def:3)",null,null],["0041400121",182,2,1,2,"7:51 PM","6:16",null,null,"MISS Antetokounmpo 20' Jump Shot",null,null],["0041400121",183,4,0,2,"7:51 PM","6:15","Mirotic REBOUND (Off:0 Def:2)",null,null,null,null],["0041400121",184,2,1,2,"7:51 PM","6:07","MISS Mirotic 25' 3PT Jump Shot",null,null,null,null],["0041400121",185,4,0,2,"7:51 PM","6:06",null,null,"Carter-Williams REBOUND (Off:0 Def:2)",null,null],["0041400121",186,2,1,2,"7:52 PM","5:59",null,null,"MISS Carter-Williams 19' Jump Shot",null,null],["0041400121",191,4,0,2,"7:52 PM","5:59",null,null,"Antetokounmpo REBOUND (Off:1 Def:1)",null,null],["0041400121",192,2,53,2,"7:52 PM","5:59",null,null,"MISS Antetokounmpo 2' Tip Shot",null,null],["0041400121",187,4,0,2,"7:52 PM","5:56","Gibson REBOUND (Off:3 Def:2)",null,null,null,null],["0041400121",188,6,14,2,"7:52 PM","5:56","Gibson FLAGRANT.FOUL.TYPE1 (P1.PN) (B.Kennedy)",null,null,null,null],["0041400121",189,5,5,2,"7:52 PM","5:56","Gibson Foul Turnover (P1.T7)",null,null,null,null],["0041400121",190,9,1,2,"7:52 PM","5:56","BULLS Timeout: Regular (Full 2 Short 0)",null,null,null,null],["0041400121",193,18,0,2,"7:53 PM","5:56",null,null,null,null,null],["0041400121",195,3,18,2,"7:56 PM","5:56",null,null,"Mayo Free Throw Flagrant 1 of 2 (2 PTS)","42 - 46","4"],["0041400121",197,3,19,2,"7:56 PM","5:56",null,null,"Mayo Free Throw Flagrant 2 of 2 (3 PTS)","43 - 46","3"],["0041400121",199,8,0,2,"7:56 PM","5:56",null,null,"SUB: Middleton FOR Mayo",null,null],["0041400121",200,8,0,2,"7:56 PM","5:56","SUB: Butler FOR Snell",null,null,null,null],["0041400121",201,8,0,2,"7:56 PM","5:56","SUB: Dunleavy FOR Mirotic",null,null,null,null],["0041400121",209,8,0,2,"7:56 PM","5:56",null,null,"SUB: Ilyasova FOR Dudley",null,null],["0041400121",202,2,1,2,"7:56 PM","5:46",null,null,"MISS Middleton 17' Jump Shot",null,null],["0041400121",203,4,0,2,"7:56 PM","5:45",null,null,"Pachulia REBOUND (Off:1 Def:2)",null,null],["0041400121",204,2,72,2,"7:56 PM","5:44","Noah BLOCK (1 BLK)",null,"MISS Pachulia 3' Putback Layup",null,null],["0041400121",205,4,0,2,"7:56 PM","5:42",null,null,"Pachulia REBOUND (Off:2 Def:2)",null,null],["0041400121",206,1,5,2,"7:56 PM","5:40",null,null,"Pachulia 3' Layup (6 PTS)","45 - 46","1"],["0041400121",207,6,4,2,"7:57 PM","5:21","Rose OFF.Foul (P2) (K.Fitzgerald)",null,null,null,null],["0041400121",208,5,5,2,"7:57 PM","5:21","Rose Foul Turnover (P1.T8)",null,null,null,null],["0041400121",210,2,1,2,"7:57 PM","5:07",null,null,"MISS Pachulia 9' Jump Shot",null,null],["0041400121",211,4,0,2,"7:57 PM","5:06","Gibson REBOUND (Off:3 Def:3)",null,null,null,null],["0041400121",212,1,73,2,"7:57 PM","5:00","Rose 2' Driving Reverse Layup (8 PTS)",null,null,"45 - 48","3"],["0041400121",214,2,1,2,"7:58 PM","4:50",null,null,"MISS Ilyasova 19' Jump Shot",null,null],["0041400121",215,4,0,2,"7:58 PM","4:49","Noah REBOUND (Off:0 Def:6)",null,null,null,null],["0041400121",217,5,2,2,"7:58 PM","4:43","Rose Lost Ball Turnover (P2.T9)",null,"Middleton STEAL (2 STL)",null,null],["0041400121",218,2,1,2,"7:58 PM","4:33",null,null,"MISS Antetokounmpo 22' Jump Shot",null,null],["0041400121",219,4,0,2,"7:58 PM","4:32","Dunleavy REBOUND (Off:0 Def:1)",null,null,null,null],["0041400121",220,2,1,2,"7:58 PM","4:15","MISS Butler  3PT Jump Shot",null,null,null,null],["0041400121",221,4,0,2,"7:58 PM","4:13","Gibson REBOUND (Off:4 Def:3)",null,null,null,null],["0041400121",222,5,2,2,"7:58 PM","4:03","Rose Lost Ball Turnover (P3.T10)",null,"Middleton STEAL (3 STL)",null,null],["0041400121",223,6,2,2,"7:58 PM","4:00","Dunleavy S.FOUL (P2.PN) (S.Foster)",null,null,null,null],["0041400121",224,3,11,2,"7:59 PM","4:00",null,null,"Antetokounmpo Free Throw 1 of 2 (9 PTS)","46 - 48","2"],["0041400121",226,8,0,2,"7:59 PM","4:00","SUB: Gasol FOR Noah",null,null,null,null],["0041400121",227,3,12,2,"7:59 PM","4:00",null,null,"Antetokounmpo Free Throw 2 of 2 (10 PTS)","47 - 48","1"],["0041400121",229,1,1,2,"8:00 PM","3:40","Butler 22' Jump Shot (13 PTS) (Gibson 1 AST)",null,null,"47 - 50","3"],["0041400121",230,1,84,2,"8:00 PM","3:28",null,null,"Carter-Williams 5' Running Bank Shot (9 PTS)","49 - 50","1"],["0041400121",231,1,1,2,"8:00 PM","3:19","Butler 25' 3PT Jump Shot (16 PTS) (Rose 4 AST)",null,null,"49 - 53","4"],["0041400121",232,2,1,2,"8:00 PM","3:04",null,null,"MISS Ilyasova 24' 3PT Jump Shot",null,null],["0041400121",233,4,0,2,"8:00 PM","3:01",null,null,"Pachulia REBOUND (Off:3 Def:2)",null,null],["0041400121",234,2,1,2,"8:00 PM","2:55",null,null,"MISS Carter-Williams 13' Jump Shot",null,null],["0041400121",235,4,0,2,"8:01 PM","2:54","BULLS Rebound",null,null,null,null],["0041400121",236,6,3,2,"8:01 PM","2:54",null,null,"Pachulia L.B.FOUL (P2.T4) (S.Foster)",null,null],["0041400121",237,9,1,2,"8:01 PM","2:54",null,null,"Bucks Timeout: Regular (Reg.2 Short 0)",null,null],["0041400121",239,8,0,2,"8:03 PM","2:54",null,null,"SUB: Henson FOR Pachulia",null,null],["0041400121",241,2,1,2,"8:04 PM","2:30","MISS Butler 27' 3PT Jump Shot",null,null,null,null],["0041400121",242,4,0,2,"8:04 PM","2:30",null,null,"Bucks Rebound",null,null],["0041400121",243,5,1,2,"8:05 PM","2:21","Rose STEAL (1 STL)",null,"Ilyasova Bad Pass Turnover (P1.T7)",null,null],["0041400121",244,1,7,2,"8:05 PM","2:16","Rose  Dunk (10 PTS) (Butler 2 AST)",null,null,"49 - 55","6"],["0041400121",245,2,1,2,"8:05 PM","1:59","Gasol BLOCK (2 BLK)",null,"MISS Carter-Williams 9' Jump Shot",null,null],["0041400121",246,4,0,2,"8:05 PM","1:57","Gasol REBOUND (Off:0 Def:4)",null,null,null,null],["0041400121",247,1,73,2,"8:05 PM","1:50","Rose 2' Driving Reverse Layup (12 PTS)",null,null,"49 - 57","8"],["0041400121",249,6,2,2,"8:05 PM","1:37","Rose S.FOUL (P3.PN) (B.Kennedy)",null,null,null,null],["0041400121",250,3,11,2,"8:06 PM","1:37",null,null,"MISS Carter-Williams Free Throw 1 of 2",null,null],["0041400121",251,4,1,2,"8:06 PM","1:37",null,null,"Bucks Rebound",null,null],["0041400121",252,8,0,2,"8:06 PM","1:37","SUB: Brooks FOR Rose",null,null,null,null],["0041400121",253,3,12,2,"8:06 PM","1:37",null,null,"MISS Carter-Williams Free Throw 2 of 2",null,null],["0041400121",255,4,0,2,"8:06 PM","1:36","Gasol REBOUND (Off:0 Def:5)",null,null,null,null],["0041400121",256,2,1,2,"8:06 PM","1:19","MISS Dunleavy 26' 3PT Jump Shot",null,null,null,null],["0041400121",257,4,0,2,"8:06 PM","1:19","BULLS Rebound",null,null,null,null],["0041400121",258,6,3,2,"8:06 PM","1:19",null,null,"Antetokounmpo L.B.FOUL (P2.PN) (B.Kennedy)",null,null],["0041400121",259,3,11,2,"8:06 PM","1:19","Gibson Free Throw 1 of 2 (2 PTS)",null,null,"49 - 58","9"],["0041400121",261,8,0,2,"8:07 PM","1:19","SUB: Snell FOR Brooks",null,null,null,null],["0041400121",262,3,12,2,"8:07 PM","1:19","Gibson Free Throw 2 of 2 (3 PTS)",null,null,"49 - 59","10"],["0041400121",264,2,1,2,"8:07 PM","1:05",null,null,"MISS Ilyasova 25' 3PT Jump Shot",null,null],["0041400121",265,4,0,2,"8:07 PM","1:04",null,null,"Henson REBOUND (Off:2 Def:1)",null,null],["0041400121",266,6,4,2,"8:08 PM","0:56",null,null,"Middleton OFF.Foul (P2) (K.Fitzgerald)",null,null],["0041400121",267,5,5,2,"8:08 PM","0:56",null,null,"Middleton Foul Turnover (P1.T8)",null,null],["0041400121",268,8,0,2,"8:08 PM","0:56","SUB: Brooks FOR Snell",null,null,null,null],["0041400121",269,6,2,2,"8:08 PM","0:35",null,null,"Antetokounmpo S.FOUL (P3.PN) (S.Foster)",null,null],["0041400121",270,3,11,2,"8:08 PM","0:35","MISS Butler Free Throw 1 of 2",null,null,null,null],["0041400121",271,4,1,2,"8:08 PM","0:35","BULLS Rebound",null,null,null,null],["0041400121",272,8,0,2,"8:09 PM","0:35",null,null,"SUB: Mayo FOR Antetokounmpo",null,null],["0041400121",273,8,0,2,"8:09 PM","0:35","SUB: Noah FOR Gasol",null,null,null,null],["0041400121",274,8,0,2,"8:09 PM","0:35","SUB: Snell FOR Brooks",null,null,null,null],["0041400121",275,3,12,2,"8:09 PM","0:35","Butler Free Throw 2 of 2 (17 PTS)",null,null,"49 - 60","11"],["0041400121",278,2,41,2,"8:09 PM","0:27","Snell BLOCK (1 BLK)",null,"MISS Carter-Williams 2' Running Layup",null,null],["0041400121",280,4,0,2,"8:09 PM","0:26",null,null,"Henson REBOUND (Off:3 Def:1)",null,null],["0041400121",279,1,87,2,"8:09 PM","0:26",null,null,"Henson  Putback Dunk (4 PTS)","51 - 60","9"],["0041400121",281,9,2,2,"8:09 PM","0:21","BULLS Timeout: Short (Full 2 Short 1)",null,null,null,null],["0041400121",282,8,0,2,"8:10 PM","0:21","SUB: Brooks FOR Snell",null,null,null,null],["0041400121",283,8,0,2,"8:10 PM","0:21","SUB: Gasol FOR Gibson",null,null,null,null],["0041400121",284,2,46,2,"8:11 PM","0:04","MISS Brooks 7' Running Jump Shot",null,null,null,null],["0041400121",285,4,0,2,"8:11 PM","0:04",null,null,"Bucks Rebound",null,null],["0041400121",286,6,3,2,"8:11 PM","0:04","Gasol L.B.FOUL (P1.PN) (S.Foster)",null,null,null,null],["0041400121",287,3,11,2,"8:11 PM","0:04",null,null,"MISS Ilyasova Free Throw 1 of 2",null,null],["0041400121",288,4,1,2,"8:11 PM","0:04",null,null,"Bucks Rebound",null,null],["0041400121",289,8,0,2,"8:11 PM","0:04",null,null,"SUB: Bayless FOR Middleton",null,null],["0041400121",290,8,0,2,"8:11 PM","0:04","SUB: Mirotic FOR Noah",null,null,null,null],["0041400121",291,3,12,2,"8:12 PM","0:04",null,null,"MISS Ilyasova Free Throw 2 of 2",null,null],["0041400121",293,4,0,2,"8:12 PM","0:02","Gasol REBOUND (Off:0 Def:6)",null,null,null,null],["0041400121",294,2,1,2,"8:12 PM","0:00","MISS Gasol 42' 3PT Jump Shot",null,null,null,null],["0041400121",296,4,0,2,"8:12 PM","0:00","BULLS Rebound",null,null,null,null],["0041400121",295,13,0,2,"8:12 PM","0:00",null,null,null,"51 - 60","9"],["0041400121",298,12,0,3,"8:29 PM","12:00",null,null,null,"51 - 60","9"],["0041400121",301,2,1,3,"8:30 PM","11:33","MISS Gasol 21' Jump Shot",null,null,null,null],["0041400121",302,4,0,3,"8:30 PM","11:32",null,null,"Pachulia REBOUND (Off:3 Def:3)",null,null],["0041400121",303,2,1,3,"8:30 PM","11:16",null,null,"MISS Middleton 8' Jump Shot",null,null],["0041400121",304,4,0,3,"8:30 PM","11:15",null,null,"Middleton REBOUND (Off:1 Def:0)",null,null],["0041400121",305,1,1,3,"8:30 PM","11:13",null,null,"Middleton 5' Jump Shot (7 PTS)","53 - 60","7"],["0041400121",306,2,41,3,"8:30 PM","10:51","MISS Rose 2' Running Layup",null,null,null,null],["0041400121",307,4,0,3,"8:30 PM","10:50",null,null,"Pachulia REBOUND (Off:3 Def:4)",null,null],["0041400121",308,5,2,3,"8:31 PM","10:47","Rose STEAL (2 STL)",null,"Pachulia Lost Ball Turnover (P2.T9)",null,null],["0041400121",309,1,5,3,"8:31 PM","10:43","Butler 2' Layup (19 PTS) (Dunleavy 2 AST)",null,null,"53 - 62","9"],["0041400121",310,6,26,3,"8:31 PM","10:28",null,null,"Ilyasova Offensive Charge Foul (P1.T1) (S.Foster)",null,null],["0041400121",311,5,5,3,"8:31 PM","10:28",null,null,"Ilyasova Foul Turnover (P2.T10)",null,null],["0041400121",312,2,1,3,"8:32 PM","10:12","MISS Gasol 22' Jump Shot",null,null,null,null],["0041400121",313,4,0,3,"8:32 PM","10:11",null,null,"Carter-Williams REBOUND (Off:0 Def:3)",null,null],["0041400121",314,1,1,3,"8:32 PM","10:02",null,null,"Ilyasova 22' Jump Shot (9 PTS) (Carter-Williams 2 AST)","55 - 62","7"],["0041400121",315,5,1,3,"8:32 PM","9:45","Butler Bad Pass Turnover (P1.T11)",null,"Pachulia STEAL (1 STL)",null,null],["0041400121",316,2,5,3,"8:32 PM","9:42","Gasol BLOCK (3 BLK)",null,"MISS Pachulia 2' Layup",null,null],["0041400121",317,4,0,3,"8:32 PM","9:42",null,null,"Bucks Rebound",null,null],["0041400121",319,1,1,3,"8:32 PM","9:39",null,null,"Middleton 17' Jump Shot (9 PTS) (Antetokounmpo 4 AST)","57 - 62","5"],["0041400121",320,6,1,3,"8:33 PM","9:33",null,null,"Pachulia P.FOUL (P3.T2) (B.Kennedy)",null,null],["0041400121",321,2,1,3,"8:33 PM","9:24","MISS Gasol 10' Jump Shot",null,null,null,null],["0041400121",322,4,0,3,"8:33 PM","9:23",null,null,"Antetokounmpo REBOUND (Off:1 Def:2)",null,null],["0041400121",323,2,1,3,"8:33 PM","9:16",null,null,"MISS Middleton 19' Jump Shot",null,null],["0041400121",324,4,0,3,"8:33 PM","9:15","BULLS Rebound",null,null,null,null],["0041400121",325,6,3,3,"8:33 PM","9:15",null,null,"Pachulia L.B.FOUL (P4.T3) (S.Foster)",null,null],["0041400121",326,8,0,3,"8:34 PM","9:15",null,null,"SUB: Henson FOR Pachulia",null,null],["0041400121",327,6,1,3,"8:34 PM","9:05",null,null,"Middleton P.FOUL (P3.T4) (K.Fitzgerald)",null,null],["0041400121",328,2,1,3,"8:34 PM","8:49","MISS Rose 26' 3PT Jump Shot",null,null,null,null],["0041400121",330,4,0,3,"8:34 PM","8:46","Noah REBOUND (Off:1 Def:6)",null,null,null,null],["0041400121",329,2,4,3,"8:34 PM","8:46","MISS Noah 2' Tip Shot",null,null,null,null],["0041400121",331,4,0,3,"8:34 PM","8:45",null,null,"Ilyasova REBOUND (Off:1 Def:1)",null,null],["0041400121",332,1,44,3,"8:35 PM","8:37",null,null,"Middleton 1' Reverse Layup (11 PTS) (Carter-Williams 3 AST)","59 - 62","3"],["0041400121",333,9,1,3,"8:35 PM","8:35","BULLS Timeout: Regular (Full 3 Short 1)",null,null,null,null],["0041400121",336,1,5,3,"8:38 PM","8:22","Noah 2' Layup (4 PTS) (Butler 3 AST)",null,null,"59 - 64","5"],["0041400121",337,2,1,3,"8:38 PM","8:08",null,null,"MISS Middleton 24' 3PT Jump Shot",null,null],["0041400121",338,4,0,3,"8:38 PM","8:07","Butler REBOUND (Off:0 Def:2)",null,null,null,null],["0041400121",339,6,2,3,"8:38 PM","8:01",null,null,"Antetokounmpo S.FOUL (P4.PN) (K.Fitzgerald)",null,null],["0041400121",340,3,11,3,"8:39 PM","8:01","Butler Free Throw 1 of 2 (20 PTS)",null,null,"59 - 65","6"],["0041400121",342,3,12,3,"8:39 PM","8:01","Butler Free Throw 2 of 2 (21 PTS)",null,null,"59 - 66","7"],["0041400121",344,2,5,3,"8:39 PM","7:44",null,null,"MISS Middleton 2' Layup",null,null],["0041400121",345,4,0,3,"8:39 PM","7:41","Dunleavy REBOUND (Off:0 Def:2)",null,null,null,null],["0041400121",346,5,41,3,"8:40 PM","7:30","Dunleavy Poss Lost Ball Turnover (P2.T12)",null,null,null,null],["0041400121",347,8,0,3,"8:40 PM","7:30",null,null,"SUB: Mayo FOR Antetokounmpo",null,null],["0041400121",348,2,1,3,"8:40 PM","7:19",null,null,"MISS Carter-Williams 21' Jump Shot",null,null],["0041400121",349,4,0,3,"8:40 PM","7:18","Gasol REBOUND (Off:0 Def:7)",null,null,null,null],["0041400121",350,1,1,3,"8:40 PM","7:02","Rose 25' 3PT Jump Shot (15 PTS) (Dunleavy 3 AST)",null,null,"59 - 69","10"],["0041400121",351,1,1,3,"8:41 PM","6:39",null,null,"Mayo  3PT Jump Shot (6 PTS) (Ilyasova 3 AST)","62 - 69","7"],["0041400121",352,2,41,3,"8:41 PM","6:23","MISS Rose 2' Running Layup",null,"Carter-Williams BLOCK (1 BLK)",null,null],["0041400121",353,4,0,3,"8:41 PM","6:23","BULLS Rebound",null,null,null,null],["0041400121",354,1,1,3,"8:41 PM","6:14","Rose 27' 3PT Jump Shot (18 PTS)",null,null,"62 - 72","10"],["0041400121",355,6,2,3,"8:42 PM","5:55","Noah S.FOUL (P2.T1) (B.Kennedy)",null,null,null,null],["0041400121",356,3,11,3,"8:42 PM","5:55",null,null,"Ilyasova Free Throw 1 of 2 (10 PTS)","63 - 72","9"],["0041400121",358,3,12,3,"8:42 PM","5:55",null,null,"Ilyasova Free Throw 2 of 2 (11 PTS)","64 - 72","8"],["0041400121",360,1,7,3,"8:43 PM","5:42","Noah  Dunk (6 PTS) (Butler 4 AST)",null,null,"64 - 74","10"],["0041400121",361,2,1,3,"8:43 PM","5:29",null,null,"MISS Ilyasova 25' 3PT Jump Shot",null,null],["0041400121",362,4,0,3,"8:43 PM","5:28","Gasol REBOUND (Off:0 Def:8)",null,null,null,null],["0041400121",363,2,41,3,"8:43 PM","5:18","MISS Rose 2' Running Layup",null,null,null,null],["0041400121",364,4,0,3,"8:43 PM","5:17",null,null,"Carter-Williams REBOUND (Off:0 Def:4)",null,null],["0041400121",365,6,1,3,"8:43 PM","5:13","Noah P.FOUL (P3.T2) (B.Kennedy)",null,null,null,null],["0041400121",366,8,0,3,"8:43 PM","5:13",null,null,"SUB: Bayless FOR Middleton",null,null],["0041400121",367,1,8,3,"8:44 PM","5:00",null,null,"Henson  Slam Dunk (6 PTS) (Mayo 2 AST)","66 - 74","8"],["0041400121",368,1,1,3,"8:44 PM","4:33","Rose 26' 3PT Jump Shot (21 PTS) (Butler 5 AST)",null,null,"66 - 77","11"],["0041400121",369,5,1,3,"8:45 PM","4:15",null,null,"Henson Bad Pass Turnover (P2.T11)",null,null],["0041400121",370,5,1,3,"8:45 PM","4:09","Gasol Bad Pass Turnover (P1.T13)",null,"Carter-Williams STEAL (2 STL)",null,null],["0041400121",371,2,5,3,"8:45 PM","4:04",null,null,"MISS Carter-Williams 2' Layup",null,null],["0041400121",373,4,0,3,"8:45 PM","4:02",null,null,"Henson REBOUND (Off:4 Def:1)",null,null],["0041400121",372,1,87,3,"8:45 PM","4:02",null,null,"Henson  Putback Dunk (8 PTS)","68 - 77","9"],["0041400121",374,1,1,3,"8:45 PM","3:45","Gasol 20' Jump Shot (8 PTS) (Dunleavy 4 AST)",null,null,"68 - 79","11"],["0041400121",375,2,5,3,"8:46 PM","3:29",null,null,"MISS Carter-Williams 2' Layup",null,null],["0041400121",376,4,0,3,"8:46 PM","3:28","Noah REBOUND (Off:1 Def:7)",null,null,null,null],["0041400121",377,6,1,3,"8:46 PM","3:26",null,null,"Mayo P.FOUL (P2.PN) (S.Foster)",null,null],["0041400121",378,3,11,3,"8:46 PM","3:26","Rose Free Throw 1 of 2 (22 PTS)",null,null,"68 - 80","12"],["0041400121",380,8,0,3,"8:46 PM","3:26","SUB: Gibson FOR Noah",null,null,null,null],["0041400121",381,3,12,3,"8:46 PM","3:26","Rose Free Throw 2 of 2 (23 PTS)",null,null,"68 - 81","13"],["0041400121",383,2,1,3,"8:47 PM","3:05",null,null,"MISS Ilyasova 20' Jump Shot",null,null],["0041400121",384,4,0,3,"8:47 PM","3:04","Dunleavy REBOUND (Off:0 Def:3)",null,null,null,null],["0041400121",385,6,26,3,"8:47 PM","3:01","Gibson Offensive Charge Foul (P2.T3) (B.Kennedy)",null,null,null,null],["0041400121",386,5,5,3,"8:47 PM","3:01","Gibson Foul Turnover (P2.T14)",null,null,null,null],["0041400121",387,8,0,3,"8:47 PM","3:01","SUB: Brooks FOR Rose",null,null,null,null],["0041400121",388,9,1,3,"8:48 PM","3:01",null,null,"Bucks Timeout: Regular (Reg.3 Short 0)",null,null],["0041400121",390,8,0,3,"8:50 PM","3:01",null,null,"SUB: Middleton FOR Ilyasova",null,null],["0041400121",391,8,0,3,"8:50 PM","3:01",null,null,"SUB: Dudley FOR Carter-Williams",null,null],["0041400121",392,2,41,3,"8:51 PM","2:52",null,null,"MISS Mayo 3' Running Layup",null,null],["0041400121",393,4,0,3,"8:51 PM","2:50","Dunleavy REBOUND (Off:0 Def:4)",null,null,null,null],["0041400121",394,6,1,3,"8:51 PM","2:44",null,null,"Bayless P.FOUL (P2.PN) (B.Kennedy)",null,null],["0041400121",395,3,11,3,"8:51 PM","2:44","Gibson Free Throw 1 of 2 (4 PTS)",null,null,"68 - 82","14"],["0041400121",397,3,12,3,"8:51 PM","2:44","MISS Gibson Free Throw 2 of 2",null,null,null,null],["0041400121",399,4,0,3,"8:52 PM","2:42",null,null,"Dudley REBOUND (Off:0 Def:1)",null,null],["0041400121",401,2,5,3,"8:52 PM","2:33",null,null,"MISS Mayo 2' Layup",null,null],["0041400121",402,4,0,3,"8:52 PM","2:31","Dunleavy REBOUND (Off:0 Def:5)",null,null,null,null],["0041400121",403,2,1,3,"8:52 PM","2:21","MISS Butler 20' Jump Shot",null,null,null,null],["0041400121",404,4,0,3,"8:52 PM","2:20",null,null,"Mayo REBOUND (Off:0 Def:4)",null,null],["0041400121",405,1,1,3,"8:52 PM","2:12",null,null,"Middleton  3PT Jump Shot (14 PTS) (Bayless 2 AST)","71 - 82","11"],["0041400121",406,2,1,3,"8:52 PM","1:51","MISS Butler  3PT Jump Shot",null,null,null,null],["0041400121",407,4,0,3,"8:52 PM","1:50","Gibson REBOUND (Off:5 Def:3)",null,null,null,null],["0041400121",408,2,1,3,"8:53 PM","1:37","MISS Gasol 12' Jump Shot",null,null,null,null],["0041400121",409,4,0,3,"8:53 PM","1:36",null,null,"Mayo REBOUND (Off:0 Def:5)",null,null],["0041400121",410,5,1,3,"8:53 PM","1:31","Gibson STEAL (1 STL)",null,"Mayo Bad Pass Turnover (P1.T12)",null,null],["0041400121",411,2,5,3,"8:53 PM","1:27","MISS Butler 1' Layup",null,null,null,null],["0041400121",412,4,0,3,"8:53 PM","1:25","Gibson REBOUND (Off:6 Def:3)",null,null,null,null],["0041400121",413,1,72,3,"8:53 PM","1:25","Gibson 2' Putback Layup (6 PTS)",null,null,"71 - 84","13"],["0041400121",414,1,5,3,"8:53 PM","1:05",null,null,"Henson 2' Layup (10 PTS) (Bayless 3 AST)","73 - 84","11"],["0041400121",415,6,2,3,"8:53 PM","1:05","Gasol S.FOUL (P2.T4) (K.Fitzgerald)",null,null,null,null],["0041400121",416,8,0,3,"8:53 PM","1:05","SUB: Snell FOR Butler",null,null,null,null],["0041400121",417,3,10,3,"8:54 PM","1:05",null,null,"MISS Henson Free Throw 1 of 1",null,null],["0041400121",419,4,0,3,"8:54 PM","1:03","Brooks REBOUND (Off:1 Def:1)",null,null,null,null],["0041400121",421,1,7,3,"8:55 PM","0:41","Gibson  Dunk (8 PTS) (Gasol 3 AST)",null,null,"73 - 86","13"],["0041400121",423,6,2,3,"8:55 PM","0:34","Brooks S.FOUL (P3.PN) (S.Foster)",null,null,null,null],["0041400121",424,3,11,3,"8:55 PM","0:34",null,null,"Henson Free Throw 1 of 2 (11 PTS)","74 - 86","12"],["0041400121",425,3,12,3,"8:55 PM","0:34",null,null,"Henson Free Throw 2 of 2 (12 PTS)","75 - 86","11"],["0041400121",427,2,1,3,"8:56 PM","0:26","MISS Brooks 14' Jump Shot",null,"Bayless BLOCK (1 BLK)",null,null],["0041400121",428,4,0,3,"8:56 PM","0:26","BULLS Rebound",null,null,null,null],["0041400121",429,2,3,3,"8:56 PM","0:12","MISS Gasol 4' Hook Shot",null,null,null,null],["0041400121",430,4,0,3,"8:56 PM","0:10",null,null,"Bayless REBOUND (Off:0 Def:1)",null,null],["0041400121",431,2,1,3,"8:56 PM","0:02",null,null,"MISS Middleton 26' 3PT Jump Shot",null,null],["0041400121",432,4,0,3,"8:56 PM","0:01","Gasol REBOUND (Off:0 Def:9)",null,null,null,null],["0041400121",433,2,1,3,"8:56 PM","0:00","MISS Brooks 47' 3PT Jump Shot",null,null,null,null],["0041400121",435,4,0,3,"8:56 PM","0:00","BULLS Rebound",null,null,null,null],["0041400121",434,13,0,3,"8:56 PM","0:00",null,null,null,"75 - 86","11"],["0041400121",436,12,0,4,"9:00 PM","12:00",null,null,null,"75 - 86","11"],["0041400121",437,2,1,4,"9:00 PM","11:40",null,null,"MISS Dudley 21' Jump Shot",null,null],["0041400121",438,4,0,4,"9:00 PM","11:39","Gibson REBOUND (Off:6 Def:4)",null,null,null,null],["0041400121",439,2,1,4,"9:01 PM","11:16","MISS Gibson 15' Jump Shot",null,null,null,null],["0041400121",440,4,0,4,"9:01 PM","11:15",null,null,"Mayo REBOUND (Off:0 Def:6)",null,null],["0041400121",441,5,2,4,"9:01 PM","11:06","Noah STEAL (3 STL)",null,"Henson Lost Ball Turnover (P3.T13)",null,null],["0041400121",442,2,1,4,"9:01 PM","10:57","MISS Snell 25' 3PT Jump Shot",null,null,null,null],["0041400121",443,4,0,4,"9:01 PM","10:56",null,null,"Mayo REBOUND (Off:0 Def:7)",null,null],["0041400121",444,2,1,4,"9:01 PM","10:47",null,null,"MISS Bayless 21' Jump Shot",null,null],["0041400121",445,4,0,4,"9:01 PM","10:46",null,null,"Dudley REBOUND (Off:1 Def:1)",null,null],["0041400121",446,2,1,4,"9:01 PM","10:42",null,null,"MISS Middleton 26' 3PT Jump Shot",null,null],["0041400121",447,4,0,4,"9:01 PM","10:41","Mirotic REBOUND (Off:0 Def:3)",null,null,null,null],["0041400121",448,1,1,4,"9:01 PM","10:29","Brooks 25' 3PT Jump Shot (13 PTS)",null,null,"75 - 89","14"],["0041400121",450,1,1,4,"9:02 PM","10:14",null,null,"Bayless 21' Jump Shot (7 PTS)","77 - 89","12"],["0041400121",451,6,1,4,"9:02 PM","9:58",null,null,"Bayless P.FOUL (P3.T1) (K.Fitzgerald)",null,null],["0041400121",452,1,77,4,"9:02 PM","9:48","Snell 6' Driving Jump Shot (4 PTS) (Noah 4 AST)",null,null,"77 - 91","14"],["0041400121",453,2,1,4,"9:03 PM","9:29",null,null,"MISS Mayo 14' Jump Shot",null,null],["0041400121",454,4,0,4,"9:03 PM","9:28",null,null,"Henson REBOUND (Off:5 Def:1)",null,null],["0041400121",455,2,1,4,"9:03 PM","9:26",null,null,"MISS Dudley 25' 3PT Jump Shot",null,null],["0041400121",456,4,0,4,"9:03 PM","9:25","Brooks REBOUND (Off:1 Def:2)",null,null,null,null],["0041400121",457,2,1,4,"9:03 PM","9:10","MISS Snell 25' 3PT Jump Shot",null,null,null,null],["0041400121",458,4,0,4,"9:03 PM","9:09","Gibson REBOUND (Off:7 Def:4)",null,null,null,null],["0041400121",459,2,72,4,"9:03 PM","9:07","MISS Gibson 2' Putback Layup",null,null,null,null],["0041400121",460,4,0,4,"9:03 PM","9:05",null,null,"Henson REBOUND (Off:5 Def:2)",null,null],["0041400121",461,6,2,4,"9:03 PM","9:02","Noah S.FOUL (P4.T1) (B.Kennedy)",null,null,null,null],["0041400121",462,3,11,4,"9:04 PM","9:02",null,null,"Bayless Free Throw 1 of 2 (8 PTS)","78 - 91","13"],["0041400121",464,8,0,4,"9:04 PM","9:02",null,null,"SUB: Pachulia FOR Henson",null,null],["0041400121",465,3,12,4,"9:04 PM","9:02",null,null,"Bayless Free Throw 2 of 2 (9 PTS)","79 - 91","12"],["0041400121",468,9,1,4,"9:04 PM","8:47",null,null,null,null,null],["0041400121",469,8,0,4,"9:07 PM","8:47",null,null,"SUB: Antetokounmpo FOR Dudley",null,null],["0041400121",470,6,2,4,"9:08 PM","8:40",null,null,"Bayless S.FOUL (P4.T2) (B.Kennedy)",null,null],["0041400121",471,3,11,4,"9:08 PM","8:40","MISS Brooks Free Throw 1 of 2",null,null,null,null],["0041400121",473,4,0,4,"9:08 PM","8:40","BULLS Rebound",null,null,null,null],["0041400121",472,3,12,4,"9:08 PM","8:40","MISS Brooks Free Throw 2 of 2",null,null,null,null],["0041400121",475,4,0,4,"9:08 PM","8:38",null,null,"Pachulia REBOUND (Off:3 Def:5)",null,null],["0041400121",476,6,2,4,"9:09 PM","8:25","Noah S.FOUL (P5.T2) (S.Foster)",null,null,null,null],["0041400121",477,3,11,4,"9:09 PM","8:25",null,null,"MISS Pachulia Free Throw 1 of 2",null,null],["0041400121",478,4,1,4,"9:09 PM","8:25",null,null,"Bucks Rebound",null,null],["0041400121",479,8,0,4,"9:09 PM","8:25","SUB: Gasol FOR Noah",null,null,null,null],["0041400121",480,3,12,4,"9:09 PM","8:25",null,null,"MISS Pachulia Free Throw 2 of 2",null,null],["0041400121",482,4,0,4,"9:10 PM","8:24","Mirotic REBOUND (Off:0 Def:4)",null,null,null,null],["0041400121",483,2,1,4,"9:10 PM","8:12","MISS Mirotic 15' Jump Shot",null,null,null,null],["0041400121",484,4,0,4,"9:10 PM","8:11",null,null,"Pachulia REBOUND (Off:3 Def:6)",null,null],["0041400121",486,2,1,4,"9:10 PM","7:48",null,null,"MISS Antetokounmpo 23' Jump Shot",null,null],["0041400121",487,4,0,4,"9:10 PM","7:47","Gasol REBOUND (Off:0 Def:10)",null,null,null,null],["0041400121",488,5,1,4,"9:11 PM","7:30","Brooks Bad Pass Turnover (P3.T15)",null,"Middleton STEAL (4 STL)",null,null],["0041400121",489,2,41,4,"9:11 PM","7:25","Snell BLOCK (2 BLK)",null,"MISS Mayo 3' Running Layup",null,null],["0041400121",490,4,0,4,"9:11 PM","7:23","Snell REBOUND (Off:0 Def:2)",null,null,null,null],["0041400121",491,5,1,4,"9:11 PM","7:20","Snell Bad Pass Turnover (P1.T16)",null,null,null,null],["0041400121",492,2,1,4,"9:11 PM","7:07",null,null,"MISS Bayless 22' Jump Shot",null,null],["0041400121",493,4,0,4,"9:12 PM","7:06","Mirotic REBOUND (Off:0 Def:5)",null,null,null,null],["0041400121",494,2,1,4,"9:12 PM","6:50","MISS Snell 25' 3PT Jump Shot",null,null,null,null],["0041400121",495,4,0,4,"9:12 PM","6:49","BULLS Rebound",null,null,null,null],["0041400121",496,8,0,4,"9:12 PM","6:48",null,null,"SUB: Carter-Williams FOR Middleton",null,null],["0041400121",497,8,0,4,"9:12 PM","6:48","SUB: Butler FOR Snell",null,null,null,null],["0041400121",498,8,0,4,"9:12 PM","6:48","SUB: Rose FOR Brooks",null,null,null,null],["0041400121",499,5,2,4,"9:13 PM","6:36","Butler Lost Ball Turnover (P2.T17)",null,"Mayo STEAL (1 STL)",null,null],["0041400121",500,1,1,4,"9:13 PM","6:29",null,null,"Bayless 18' Jump Shot (11 PTS) (Mayo 3 AST)","81 - 91","10"],["0041400121",501,2,1,4,"9:13 PM","6:08","MISS Butler 17' Jump Shot",null,null,null,null],["0041400121",502,4,0,4,"9:13 PM","6:06","BULLS Rebound",null,null,null,null],["0041400121",503,8,0,4,"9:13 PM","6:06","SUB: Dunleavy FOR Mirotic",null,null,null,null],["0041400121",504,1,73,4,"9:14 PM","5:54","Butler 1' Driving Reverse Layup (23 PTS) (Gasol 4 AST)",null,null,"81 - 93","12"],["0041400121",505,2,1,4,"9:14 PM","5:32",null,null,"MISS Carter-Williams 19' Jump Shot",null,null],["0041400121",506,4,0,4,"9:14 PM","5:31","Gasol REBOUND (Off:0 Def:11)",null,null,null,null],["0041400121",507,2,1,4,"9:15 PM","5:13","MISS Gasol 6' Jump Shot",null,null,null,null],["0041400121",508,4,0,4,"9:15 PM","5:12",null,null,"Pachulia REBOUND (Off:3 Def:7)",null,null],["0041400121",509,1,7,4,"9:15 PM","5:05",null,null,"Antetokounmpo  Dunk (12 PTS) (Bayless 4 AST)","83 - 93","10"],["0041400121",510,9,1,4,"9:15 PM","5:05","BULLS Timeout: Regular (Full 4 Short 1)",null,null,null,null],["0041400121",511,8,0,4,"9:17 PM","5:05","SUB: Noah FOR Gibson",null,null,null,null],["0041400121",512,8,0,4,"9:17 PM","5:05",null,null,"SUB: Ilyasova FOR Mayo",null,null],["0041400121",513,1,1,4,"9:18 PM","4:48","Dunleavy 25' 3PT Jump Shot (6 PTS) (Rose 5 AST)",null,null,"83 - 96","13"],["0041400121",514,1,1,4,"9:18 PM","4:21",null,null,"Ilyasova 19' Jump Shot (13 PTS) (Bayless 5 AST)","85 - 96","11"],["0041400121",515,1,1,4,"9:19 PM","4:00","Dunleavy  3PT Jump Shot (9 PTS) (Rose 6 AST)",null,null,"85 - 99","14"],["0041400121",516,6,1,4,"9:19 PM","3:46","Gasol P.FOUL (P3.T3) (B.Kennedy)",null,null,null,null],["0041400121",517,2,1,4,"9:19 PM","3:39",null,null,"MISS Ilyasova 21' Jump Shot",null,null],["0041400121",518,4,0,4,"9:19 PM","3:38","Gasol REBOUND (Off:0 Def:12)",null,null,null,null],["0041400121",519,6,4,4,"9:20 PM","3:30","Gasol OFF.Foul (P4) (S.Foster)",null,null,null,null],["0041400121",520,5,5,4,"9:20 PM","3:30","Gasol Foul Turnover (P2.T18)",null,null,null,null],["0041400121",521,2,1,4,"9:20 PM","3:10",null,null,"MISS Pachulia 14' Jump Shot",null,null],["0041400121",522,4,0,4,"9:20 PM","3:09","Noah REBOUND (Off:1 Def:8)",null,null,null,null],["0041400121",523,1,41,4,"9:20 PM","3:04","Butler 2' Running Layup (25 PTS) (Rose 7 AST)",null,null,"85 - 101","16"],["0041400121",524,9,1,4,"9:20 PM","3:03",null,null,"Bucks Timeout: Regular (Reg.4 Short 0)",null,null],["0041400121",526,8,0,4,"9:22 PM","3:03",null,null,"SUB: Henson FOR Pachulia",null,null],["0041400121",527,8,0,4,"9:22 PM","3:03",null,null,"SUB: Middleton FOR Bayless",null,null],["0041400121",528,2,77,4,"9:23 PM","2:41",null,null,"MISS Henson 11' Driving Jump Shot",null,null],["0041400121",529,4,0,4,"9:23 PM","2:40","Noah REBOUND (Off:1 Def:9)",null,null,null,null],["0041400121",530,5,1,4,"9:23 PM","2:26","Rose Bad Pass Turnover (P4.T19)",null,"Ilyasova STEAL (2 STL)",null,null],["0041400121",532,2,1,4,"9:24 PM","2:12",null,null,"MISS Middleton 25' 3PT Jump Shot",null,null],["0041400121",533,4,0,4,"9:24 PM","2:11",null,null,"Ilyasova REBOUND (Off:2 Def:1)",null,null],["0041400121",534,1,5,4,"9:24 PM","2:05",null,null,"Ilyasova 2' Layup (15 PTS)","87 - 101","14"],["0041400121",535,1,1,4,"9:24 PM","1:43","Gasol 22' Jump Shot (10 PTS) (Butler 6 AST)",null,null,"87 - 103","16"],["0041400121",536,1,1,4,"9:25 PM","1:29",null,null,"Middleton 19' Jump Shot (16 PTS) (Henson 1 AST)","89 - 103","14"],["0041400121",537,2,1,4,"9:25 PM","1:14","MISS Rose 25' 3PT Jump Shot",null,null,null,null],["0041400121",538,4,0,4,"9:25 PM","1:13","Gasol REBOUND (Off:1 Def:12)",null,null,null,null],["0041400121",539,2,1,4,"9:25 PM","1:00","MISS Gasol 9' Jump Shot",null,"Middleton BLOCK (1 BLK)",null,null],["0041400121",540,4,0,4,"9:25 PM","0:58",null,null,"Antetokounmpo REBOUND (Off:1 Def:3)",null,null],["0041400121",541,2,41,4,"9:25 PM","0:55",null,null,"MISS Antetokounmpo 1' Running Layup",null,null],["0041400121",542,4,0,4,"9:25 PM","0:54","Noah REBOUND (Off:1 Def:10)",null,null,null,null],["0041400121",543,6,1,4,"9:26 PM","0:51",null,null,"Middleton P.FOUL (P4.T3) (S.Foster)",null,null],["0041400121",544,18,0,4,"9:26 PM","0:51",null,null,null,null,null],["0041400121",545,8,0,4,"9:27 PM","0:51","SUB: Brooks FOR Rose",null,null,null,null],["0041400121",546,8,0,4,"9:27 PM","0:51","SUB: Snell FOR Butler",null,null,null,null],["0041400121",547,2,1,4,"9:27 PM","0:34","MISS Snell 17' Jump Shot",null,null,null,null],["0041400121",548,4,0,4,"9:27 PM","0:33",null,null,"Middleton REBOUND (Off:1 Def:1)",null,null],["0041400121",549,6,2,4,"9:27 PM","0:28","Dunleavy S.FOUL (P3.T4) (B.Kennedy)",null,null,null,null],["0041400121",550,3,11,4,"9:27 PM","0:28",null,null,"Middleton Free Throw 1 of 2 (17 PTS)","90 - 103","13"],["0041400121",552,3,12,4,"9:28 PM","0:28",null,null,"Middleton Free Throw 2 of 2 (18 PTS)","91 - 103","12"],["0041400121",555,2,1,4,"9:28 PM","0:07","MISS Brooks 26' 3PT Jump Shot",null,null,null,null],["0041400121",556,4,0,4,"9:28 PM","0:06",null,null,"Antetokounmpo REBOUND (Off:1 Def:4)",null,null],["0041400121",557,2,1,4,"9:28 PM","0:01",null,null,"MISS Antetokounmpo 26' 3PT Jump Shot",null,null],["0041400121",559,4,0,4,"9:28 PM","0:00",null,null,"Bucks Rebound",null,null],["0041400121",558,13,0,4,"9:28 PM","0:00",null,null,null,"91 - 103","12"]]},{"name":"AvailableVideo","headers":["VIDEO_AVAILABLE_FLAG"],"rowSet":[[1]]}]}