{"resource":"playbyplay","parameters":{"GameID":"0041400303","StartPeriod":0,"EndPeriod":14},"resultSets":[{"name":"PlayByPlay","headers":["GAME_ID","EVENTNUM","EVENTMSGTYPE","EVENTMSGACTIONTYPE","PERIOD","WCTIMESTRING","PCTIMESTRING","HOMEDESCRIPTION","NEUTRALDESCRIPTION","VISITORDESCRIPTION","SCORE","SCOREMARGIN"],"rowSet":[["0041400303",0,12,0,1,"8:35 PM","12:00",null,null,null,null,null],["0041400303",1,10,0,1,"8:35 PM","12:00","Jump Ball Mozgov vs. Horford: Tip to Carroll",null,null,null,null],["0041400303",3,2,78,1,"8:35 PM","11:38",null,null,"MISS Millsap 7' Floating Jump Shot",null,null],["0041400303",4,4,0,1,"8:35 PM","11:35","Mozgov REBOUND (Off:0 Def:1)",null,null,null,null],["0041400303",5,2,1,1,"8:35 PM","11:31","MISS James 18' Jump Shot",null,null,null,null],["0041400303",6,4,0,1,"8:35 PM","11:28",null,null,"Bazemore REBOUND (Off:0 Def:1)",null,null],["0041400303",7,2,1,1,"8:36 PM","11:10",null,null,"MISS Teague 17' Jump Shot",null,null],["0041400303",8,4,0,1,"8:36 PM","11:09","Thompson REBOUND (Off:0 Def:1)",null,null,null,null],["0041400303",9,2,1,1,"8:36 PM","10:53","MISS Mozgov 19' Jump Shot",null,null,null,null],["0041400303",10,4,0,1,"8:36 PM","10:52","Dellavedova REBOUND (Off:1 Def:0)",null,null,null,null],["0041400303",11,6,2,1,"8:36 PM","10:47",null,null,"Teague S.FOUL (P1.T1) (K.Mauer)",null,null],["0041400303",12,3,11,1,"8:36 PM","10:47","Dellavedova Free Throw 1 of 2 (1 PTS)",null,null,"0 - 1","1"],["0041400303",14,3,12,1,"8:37 PM","10:47","Dellavedova Free Throw 2 of 2 (2 PTS)",null,null,"0 - 2","2"],["0041400303",16,1,80,1,"8:37 PM","10:26",null,null,"Horford 15' Step Back Jump Shot (2 PTS)","2 - 2","TIE"],["0041400303",17,1,78,1,"8:37 PM","10:12","Dellavedova 12' Floating Jump Shot (4 PTS)",null,null,"2 - 4","2"],["0041400303",18,6,2,1,"8:38 PM","10:02","Thompson S.FOUL (P1.T1) (T.Brothers)",null,null,null,null],["0041400303",19,3,11,1,"8:38 PM","10:02",null,null,"Millsap Free Throw 1 of 2 (1 PTS)","3 - 4","1"],["0041400303",21,3,12,1,"8:38 PM","10:02",null,null,"Millsap Free Throw 2 of 2 (2 PTS)","4 - 4","TIE"],["0041400303",23,2,78,1,"8:39 PM","9:38","MISS Dellavedova 8' Floating Jump Shot",null,null,null,null],["0041400303",24,4,0,1,"8:39 PM","9:36",null,null,"Millsap REBOUND (Off:0 Def:1)",null,null],["0041400303",25,2,1,1,"8:39 PM","9:27",null,null,"MISS Teague 25' 3PT Jump Shot",null,null],["0041400303",26,4,0,1,"8:39 PM","9:27",null,null,"Horford REBOUND (Off:1 Def:0)",null,null],["0041400303",27,1,66,1,"8:39 PM","9:14",null,null,"Horford 6' Jump Bank Shot (4 PTS)","6 - 4","-2"],["0041400303",28,2,1,1,"8:39 PM","8:57","MISS Dellavedova 26' 3PT Jump Shot",null,null,null,null],["0041400303",29,4,0,1,"8:39 PM","8:56",null,null,"Bazemore REBOUND (Off:0 Def:2)",null,null],["0041400303",30,1,1,1,"8:40 PM","8:34",null,null,"Horford 20' Jump Shot (6 PTS) (Carroll 1 AST)","8 - 4","-4"],["0041400303",31,5,1,1,"8:40 PM","8:14","Mozgov Bad Pass Turnover (P1.T1)",null,"Bazemore STEAL (1 STL)",null,null],["0041400303",32,1,5,1,"8:40 PM","8:09",null,null,"Carroll  Layup (2 PTS) (Bazemore 1 AST)","10 - 4","-6"],["0041400303",33,2,1,1,"8:41 PM","7:48","MISS James 11' Jump Shot",null,null,null,null],["0041400303",34,4,0,1,"8:41 PM","7:47","James REBOUND (Off:1 Def:0)",null,null,null,null],["0041400303",35,2,1,1,"8:41 PM","7:41","MISS James 25' 3PT Jump Shot",null,null,null,null],["0041400303",36,4,0,1,"8:41 PM","7:40","Mozgov REBOUND (Off:1 Def:1)",null,null,null,null],["0041400303",37,2,5,1,"8:41 PM","7:38","MISS Mozgov 1' Layup",null,null,null,null],["0041400303",38,4,0,1,"8:41 PM","7:36","James REBOUND (Off:2 Def:0)",null,null,null,null],["0041400303",39,2,5,1,"8:41 PM","7:35","MISS James 1' Layup",null,null,null,null],["0041400303",41,4,0,1,"8:41 PM","7:33","Mozgov REBOUND (Off:2 Def:1)",null,null,null,null],["0041400303",40,2,4,1,"8:41 PM","7:33","MISS Mozgov 1' Tip Shot",null,null,null,null],["0041400303",42,4,0,1,"8:41 PM","7:31",null,null,"Millsap REBOUND (Off:0 Def:2)",null,null],["0041400303",43,6,1,1,"8:41 PM","7:27","Dellavedova P.FOUL (P1.T2) (T.Brothers)",null,null,null,null],["0041400303",44,1,1,1,"8:41 PM","7:20",null,null,"Horford 17' Jump Shot (8 PTS) (Teague 1 AST)","12 - 4","-8"],["0041400303",45,9,1,1,"8:41 PM","7:19","CAVALIERS Timeout: Regular (Full 1 Short 0)",null,null,null,null],["0041400303",49,1,1,1,"8:45 PM","6:59","Shumpert 25' 3PT Jump Shot (3 PTS) (James 1 AST)",null,null,"12 - 7","-5"],["0041400303",50,2,1,1,"8:45 PM","6:30",null,null,"MISS Carroll 24' 3PT Jump Shot",null,null],["0041400303",51,4,0,1,"8:45 PM","6:29","Shumpert REBOUND (Off:0 Def:1)",null,null,null,null],["0041400303",52,2,1,1,"8:46 PM","6:18","MISS James 26' 3PT Jump Shot",null,null,null,null],["0041400303",53,4,0,1,"8:46 PM","6:16",null,null,"Millsap REBOUND (Off:0 Def:3)",null,null],["0041400303",54,1,5,1,"8:46 PM","6:08",null,null,"Bazemore 1' Layup (2 PTS) (Teague 2 AST)","14 - 7","-7"],["0041400303",55,5,1,1,"8:46 PM","5:52","Dellavedova Bad Pass Turnover (P1.T2)",null,"Bazemore STEAL (2 STL)",null,null],["0041400303",56,6,2,1,"8:46 PM","5:48","Shumpert S.FOUL (P1.T3) (E.Malloy)",null,null,null,null],["0041400303",57,3,11,1,"8:46 PM","5:48",null,null,"Millsap Free Throw 1 of 2 (3 PTS)","15 - 7","-8"],["0041400303",59,8,0,1,"8:47 PM","5:48",null,null,"SUB: Mack FOR Bazemore",null,null],["0041400303",60,8,0,1,"8:47 PM","5:48",null,null,"SUB: Scott FOR Horford",null,null],["0041400303",61,8,0,1,"8:47 PM","5:48","SUB: Smith FOR Dellavedova",null,null,null,null],["0041400303",62,8,0,1,"8:47 PM","5:48","SUB: Jones FOR Mozgov",null,null,null,null],["0041400303",63,3,12,1,"8:47 PM","5:48",null,null,"Millsap Free Throw 2 of 2 (4 PTS)","16 - 7","-9"],["0041400303",65,2,1,1,"8:47 PM","5:36","MISS Smith 26' 3PT Jump Shot",null,null,null,null],["0041400303",66,4,0,1,"8:47 PM","5:36","CAVALIERS Rebound",null,null,null,null],["0041400303",67,6,3,1,"8:47 PM","5:36",null,null,"Scott L.B.FOUL (P1.T2) (K.Mauer)",null,null],["0041400303",68,2,42,1,"8:48 PM","5:28","MISS James 1' Driving Layup",null,null,null,null],["0041400303",69,4,0,1,"8:48 PM","5:26",null,null,"Scott REBOUND (Off:0 Def:1)",null,null],["0041400303",70,6,2,1,"8:48 PM","5:21","Smith S.FOUL (P1.T4) (T.Brothers)",null,null,null,null],["0041400303",71,3,11,1,"8:48 PM","5:21",null,null,"MISS Mack Free Throw 1 of 2",null,null],["0041400303",72,4,1,1,"8:48 PM","5:21",null,null,"Hawks Rebound",null,null],["0041400303",73,3,12,1,"8:48 PM","5:21",null,null,"MISS Mack Free Throw 2 of 2",null,null],["0041400303",75,4,0,1,"8:49 PM","5:20","James REBOUND (Off:2 Def:1)",null,null,null,null],["0041400303",76,1,1,1,"8:49 PM","5:01","Smith 26' 3PT Jump Shot (3 PTS) (Jones 1 AST)",null,null,"16 - 10","-6"],["0041400303",77,1,80,1,"8:49 PM","4:50",null,null,"Teague 25' 3PT Step Back Jump Shot (3 PTS)","19 - 10","-9"],["0041400303",78,1,1,1,"8:49 PM","4:24","Shumpert 26' 3PT Jump Shot (6 PTS) (Jones 2 AST)",null,null,"19 - 13","-6"],["0041400303",79,6,2,1,"8:50 PM","4:14","Shumpert S.FOUL (P2.PN) (E.Malloy)",null,null,null,null],["0041400303",80,3,11,1,"8:50 PM","4:14",null,null,"Teague Free Throw 1 of 2 (4 PTS)","20 - 13","-7"],["0041400303",82,8,0,1,"8:50 PM","4:14","SUB: Dellavedova FOR Shumpert",null,null,null,null],["0041400303",83,8,0,1,"8:50 PM","4:14","SUB: Marion FOR James",null,null,null,null],["0041400303",84,3,12,1,"8:50 PM","4:14",null,null,"Teague Free Throw 2 of 2 (5 PTS)","21 - 13","-8"],["0041400303",86,2,1,1,"8:51 PM","3:53","MISS Dellavedova 13' Jump Shot",null,null,null,null],["0041400303",87,4,0,1,"8:51 PM","3:52",null,null,"Mack REBOUND (Off:0 Def:1)",null,null],["0041400303",88,2,42,1,"8:51 PM","3:41",null,null,"MISS Carroll 2' Driving Layup",null,null],["0041400303",89,4,0,1,"8:51 PM","3:38","Marion REBOUND (Off:0 Def:1)",null,null,null,null],["0041400303",90,1,42,1,"8:51 PM","3:28","Smith  Driving Layup (5 PTS)",null,null,"21 - 15","-6"],["0041400303",91,6,2,1,"8:51 PM","3:28",null,null,"Mack S.FOUL (P1.T3) (T.Brothers)",null,null],["0041400303",92,8,0,1,"8:52 PM","3:28",null,null,"SUB: Schroder FOR Teague",null,null],["0041400303",93,8,0,1,"8:52 PM","3:28",null,null,"SUB: Bazemore FOR Carroll",null,null],["0041400303",109,8,0,1,"8:52 PM","3:28",null,null,"SUB: Horford FOR Millsap",null,null],["0041400303",94,3,10,1,"8:52 PM","3:28","MISS Smith Free Throw 1 of 1",null,null,null,null],["0041400303",96,4,0,1,"8:52 PM","3:27",null,null,"Scott REBOUND (Off:0 Def:2)",null,null],["0041400303",97,2,1,1,"8:52 PM","3:12",null,null,"MISS Mack 27' 3PT Jump Shot",null,null],["0041400303",98,4,0,1,"8:52 PM","3:11","CAVALIERS Rebound",null,null,null,null],["0041400303",100,8,0,1,"8:52 PM","3:11","SUB: Mozgov FOR Thompson",null,null,null,null],["0041400303",101,6,2,1,"8:53 PM","3:01",null,null,"Bazemore S.FOUL (P1.T4) (K.Mauer)",null,null],["0041400303",102,3,13,1,"8:53 PM","3:01","Jones Free Throw 1 of 3 (1 PTS)",null,null,"21 - 16","-5"],["0041400303",105,3,14,1,"8:53 PM","3:01","Jones Free Throw 2 of 3 (2 PTS)",null,null,"21 - 17","-4"],["0041400303",108,9,1,1,"8:53 PM","3:01",null,null,"Hawks Timeout: Regular (Reg.1 Short 0)",null,null],["0041400303",113,3,15,1,"8:56 PM","3:01","Jones Free Throw 3 of 3 (3 PTS)",null,null,"21 - 18","-3"],["0041400303",116,1,1,1,"8:57 PM","2:43",null,null,"Mack 26' 3PT Jump Shot (3 PTS) (Schroder 1 AST)","24 - 18","-6"],["0041400303",117,2,78,1,"8:57 PM","2:19","MISS Dellavedova 6' Floating Jump Shot",null,null,null,null],["0041400303",118,4,0,1,"8:58 PM","2:15","Mozgov REBOUND (Off:3 Def:1)",null,null,null,null],["0041400303",119,2,1,1,"8:58 PM","2:12","MISS Jones 17' Jump Shot",null,null,null,null],["0041400303",120,4,0,1,"8:58 PM","2:12",null,null,"Scott REBOUND (Off:0 Def:3)",null,null],["0041400303",121,2,1,1,"8:58 PM","1:52",null,null,"MISS Schroder 25' 3PT Jump Shot",null,null],["0041400303",122,4,0,1,"8:58 PM","1:51","Marion REBOUND (Off:0 Def:2)",null,null,null,null],["0041400303",123,2,78,1,"8:58 PM","1:37","MISS Marion 14' Floating Jump Shot",null,null,null,null],["0041400303",124,4,0,1,"8:58 PM","1:34","Smith REBOUND (Off:1 Def:0)",null,null,null,null],["0041400303",125,2,1,1,"8:58 PM","1:32","MISS Jones  3PT Jump Shot",null,null,null,null],["0041400303",126,4,0,1,"8:58 PM","1:31",null,null,"Scott REBOUND (Off:0 Def:4)",null,null],["0041400303",127,2,5,1,"8:58 PM","1:21","Smith BLOCK (1 BLK)",null,"MISS Schroder 1' Layup",null,null],["0041400303",128,4,0,1,"8:58 PM","1:19","Marion REBOUND (Off:0 Def:3)",null,null,null,null],["0041400303",129,1,1,1,"8:59 PM","1:08","Dellavedova 29' 3PT Jump Shot (7 PTS) (Jones 3 AST)",null,null,"24 - 21","-3"],["0041400303",130,2,1,1,"8:59 PM","0:46",null,null,"MISS Bazemore 15' Jump Shot",null,null],["0041400303",131,4,0,1,"8:59 PM","0:45","Jones REBOUND (Off:0 Def:1)",null,null,null,null],["0041400303",132,2,78,1,"8:59 PM","0:33","MISS Marion 4' Floating Jump Shot",null,null,null,null],["0041400303",133,4,0,1,"8:59 PM","0:32",null,null,"Horford REBOUND (Off:1 Def:1)",null,null],["0041400303",134,2,44,1,"8:59 PM","0:24",null,null,"MISS Bazemore 2' Reverse Layup",null,null],["0041400303",135,4,0,1,"8:59 PM","0:24","CAVALIERS Rebound",null,null,null,null],["0041400303",136,8,0,1,"9:00 PM","0:24",null,null,"SUB: Millsap FOR Scott",null,null],["0041400303",137,8,0,1,"9:00 PM","0:24","SUB: James FOR Marion",null,null,null,null],["0041400303",138,8,0,1,"9:00 PM","0:24","SUB: Thompson FOR Mozgov",null,null,null,null],["0041400303",140,2,1,1,"9:01 PM","0:02","MISS James 4' Jump Shot",null,null,null,null],["0041400303",141,4,0,1,"9:01 PM","0:01","James REBOUND (Off:3 Def:1)",null,null,null,null],["0041400303",142,2,5,1,"9:01 PM","0:01","MISS James 2' Layup",null,null,null,null],["0041400303",143,4,0,1,"9:01 PM","0:01","James REBOUND (Off:4 Def:1)",null,null,null,null],["0041400303",144,2,5,1,"9:01 PM","0:01","MISS James 1' Layup",null,null,null,null],["0041400303",145,4,0,1,"9:01 PM","0:00",null,null,"Millsap REBOUND (Off:0 Def:4)",null,null],["0041400303",146,13,0,1,"9:01 PM","0:00",null,null,null,"24 - 21","-3"],["0041400303",148,12,0,2,"9:05 PM","12:00",null,null,null,"24 - 21","-3"],["0041400303",149,2,80,2,"9:05 PM","11:41","MISS James 25' 3PT Step Back Jump Shot",null,null,null,null],["0041400303",150,4,0,2,"9:05 PM","11:40",null,null,"Bazemore REBOUND (Off:0 Def:3)",null,null],["0041400303",151,2,1,2,"9:05 PM","11:27",null,null,"MISS Teague 9' Jump Shot",null,null],["0041400303",152,4,0,2,"9:05 PM","11:26","Smith REBOUND (Off:1 Def:1)",null,null,null,null],["0041400303",153,2,1,2,"9:05 PM","11:17","MISS Dellavedova 27' 3PT Jump Shot",null,null,null,null],["0041400303",154,4,0,2,"9:05 PM","11:16",null,null,"Bazemore REBOUND (Off:0 Def:4)",null,null],["0041400303",155,2,1,2,"9:05 PM","11:05",null,null,"MISS Millsap 5' Jump Shot",null,null],["0041400303",156,4,0,2,"9:06 PM","11:04","CAVALIERS Rebound",null,null,null,null],["0041400303",157,8,0,2,"9:06 PM","11:04","SUB: Shumpert FOR Jones",null,null,null,null],["0041400303",158,5,1,2,"9:06 PM","10:50","Dellavedova Bad Pass Turnover (P2.T3)",null,"Millsap STEAL (1 STL)",null,null],["0041400303",159,5,1,2,"9:06 PM","10:46","James STEAL (1 STL)",null,"Millsap Bad Pass Turnover (P1.T1)",null,null],["0041400303",160,1,1,2,"9:06 PM","10:38","Dellavedova 26' 3PT Jump Shot (10 PTS) (James 2 AST)",null,null,"24 - 24","TIE"],["0041400303",161,2,47,2,"9:06 PM","10:24",null,null,"MISS Horford 11' Turnaround Jump Shot",null,null],["0041400303",162,4,0,2,"9:06 PM","10:22","Smith REBOUND (Off:1 Def:2)",null,null,null,null],["0041400303",163,6,2,2,"9:07 PM","10:12",null,null,"Horford S.FOUL (P1.T1) (K.Mauer)",null,null],["0041400303",164,3,11,2,"9:07 PM","10:12","MISS Thompson Free Throw 1 of 2",null,null,null,null],["0041400303",165,4,1,2,"9:07 PM","10:12","CAVALIERS Rebound",null,null,null,null],["0041400303",166,8,0,2,"9:07 PM","10:12",null,null,"SUB: Carroll FOR Mack",null,null],["0041400303",167,3,12,2,"9:07 PM","10:12","MISS Thompson Free Throw 2 of 2",null,null,null,null],["0041400303",169,4,0,2,"9:07 PM","10:11",null,null,"Bazemore REBOUND (Off:0 Def:5)",null,null],["0041400303",170,1,1,2,"9:08 PM","9:58",null,null,"Bazemore 25' 3PT Jump Shot (5 PTS) (Teague 3 AST)","27 - 24","-3"],["0041400303",172,5,1,2,"9:08 PM","9:34","James Bad Pass Turnover (P1.T4)",null,"Bazemore STEAL (3 STL)",null,null],["0041400303",173,1,65,2,"9:09 PM","9:16",null,null,"Horford 9' Jump Hook Shot (10 PTS) (Bazemore 2 AST)","29 - 24","-5"],["0041400303",174,2,78,2,"9:09 PM","8:57","MISS Dellavedova 6' Floating Jump Shot",null,null,null,null],["0041400303",175,4,0,2,"9:09 PM","8:55",null,null,"Teague REBOUND (Off:0 Def:1)",null,null],["0041400303",176,2,1,2,"9:09 PM","8:50",null,null,"MISS Teague 21' Jump Shot",null,null],["0041400303",177,4,0,2,"9:09 PM","8:50","CAVALIERS Rebound",null,null,null,null],["0041400303",178,6,3,2,"9:09 PM","8:50",null,null,"Horford L.B.FOUL (P2.T2) (E.Malloy)",null,null],["0041400303",179,9,4,2,"9:09 PM","8:50",null,null,null,null,null],["0041400303",181,8,0,2,"9:12 PM","8:50",null,null,"SUB: Scott FOR Horford",null,null],["0041400303",183,2,80,2,"9:13 PM","8:32","MISS Smith 14' Step Back Jump Shot",null,null,null,null],["0041400303",184,4,0,2,"9:13 PM","8:29",null,null,"Scott REBOUND (Off:0 Def:5)",null,null],["0041400303",185,1,7,2,"9:13 PM","8:19",null,null,"Teague  Dunk (7 PTS) (Scott 1 AST)","31 - 24","-7"],["0041400303",186,6,2,2,"9:13 PM","8:05",null,null,"Teague S.FOUL (P2.T3) (T.Brothers)",null,null],["0041400303",187,3,11,2,"9:13 PM","8:05","James Free Throw 1 of 2 (1 PTS)",null,null,"31 - 25","-6"],["0041400303",189,8,0,2,"9:14 PM","8:05","SUB: Jones FOR Dellavedova",null,null,null,null],["0041400303",190,3,12,2,"9:14 PM","8:05","James Free Throw 2 of 2 (2 PTS)",null,null,"31 - 26","-5"],["0041400303",192,1,78,2,"9:14 PM","7:42",null,null,"Carroll 4' Floating Jump Shot (4 PTS) (Teague 4 AST)","33 - 26","-7"],["0041400303",193,2,1,2,"9:15 PM","7:31","MISS Shumpert 26' 3PT Jump Shot",null,null,null,null],["0041400303",194,4,0,2,"9:15 PM","7:30",null,null,"Teague REBOUND (Off:0 Def:2)",null,null],["0041400303",195,2,78,2,"9:15 PM","7:22",null,null,"MISS Carroll 7' Floating Jump Shot",null,null],["0041400303",196,4,0,2,"9:15 PM","7:19","James REBOUND (Off:4 Def:2)",null,null,null,null],["0041400303",197,1,47,2,"9:15 PM","7:04","James 6' Turnaround Jump Shot (4 PTS)",null,null,"33 - 28","-5"],["0041400303",198,6,26,2,"9:15 PM","6:51",null,null,"Scott Offensive Charge Foul (P2.T4) (T.Brothers)",null,null],["0041400303",199,5,5,2,"9:15 PM","6:51",null,null,"Scott Foul Turnover (P1.T2)",null,null],["0041400303",200,8,0,2,"9:16 PM","6:51",null,null,"SUB: Mack FOR Bazemore",null,null],["0041400303",201,8,0,2,"9:16 PM","6:51",null,null,"SUB: Horford FOR Millsap",null,null],["0041400303",202,2,1,2,"9:16 PM","6:34","MISS James 6' Jump Shot",null,"Carroll BLOCK (1 BLK)",null,null],["0041400303",203,4,0,2,"9:16 PM","6:32",null,null,"Horford REBOUND (Off:1 Def:2)",null,null],["0041400303",204,6,1,2,"9:16 PM","6:26","Smith P.FOUL (P2.T1) (K.Mauer)",null,null,null,null],["0041400303",205,1,1,2,"9:17 PM","6:20",null,null,"Mack 25' 3PT Jump Shot (6 PTS)","36 - 28","-8"],["0041400303",206,1,42,2,"9:17 PM","5:53","James 1' Driving Layup (6 PTS) (Jones 4 AST)",null,null,"36 - 30","-6"],["0041400303",207,1,43,2,"9:17 PM","5:45",null,null,"Horford  Alley Oop Layup (12 PTS) (Teague 5 AST)","38 - 30","-8"],["0041400303",208,2,5,2,"9:18 PM","5:23","MISS James 2' Layup",null,null,null,null],["0041400303",209,4,0,2,"9:18 PM","5:22","CAVALIERS Rebound",null,null,null,null],["0041400303",211,9,1,2,"9:18 PM","5:22","CAVALIERS Timeout: Regular (Full 2 Short 0)",null,null,null,null],["0041400303",213,8,0,2,"9:21 PM","5:22","SUB: Mozgov FOR Thompson",null,null,null,null],["0041400303",214,8,0,2,"9:21 PM","5:22",null,null,"SUB: Bazemore FOR Teague",null,null],["0041400303",216,1,71,2,"9:22 PM","5:11","Smith  Finger Roll Layup (7 PTS) (James 3 AST)",null,null,"38 - 32","-6"],["0041400303",217,2,1,2,"9:22 PM","4:53",null,null,"MISS Carroll 15' Jump Shot",null,null],["0041400303",218,4,0,2,"9:22 PM","4:52","James REBOUND (Off:4 Def:3)",null,null,null,null],["0041400303",219,2,1,2,"9:22 PM","4:45","MISS Smith 29' 3PT Jump Shot",null,null,null,null],["0041400303",220,4,0,2,"9:22 PM","4:44","Jones REBOUND (Off:1 Def:1)",null,null,null,null],["0041400303",221,2,40,2,"9:23 PM","4:22","MISS James 5' Layup",null,null,null,null],["0041400303",222,4,0,2,"9:23 PM","4:22","Mozgov REBOUND (Off:4 Def:1)",null,null,null,null],["0041400303",223,6,2,2,"9:23 PM","4:22",null,null,"Scott S.FOUL (P3.PN) (E.Malloy)",null,null],["0041400303",224,3,11,2,"9:23 PM","4:22","Mozgov Free Throw 1 of 2 (1 PTS)",null,null,"38 - 33","-5"],["0041400303",226,8,0,2,"9:23 PM","4:22",null,null,"SUB: Millsap FOR Scott",null,null],["0041400303",227,3,12,2,"9:23 PM","4:22","MISS Mozgov Free Throw 2 of 2",null,null,null,null],["0041400303",229,4,0,2,"9:24 PM","4:21",null,null,"Carroll REBOUND (Off:0 Def:1)",null,null],["0041400303",230,5,1,2,"9:24 PM","4:10","James STEAL (2 STL)",null,"Mack Bad Pass Turnover (P1.T3)",null,null],["0041400303",231,1,8,2,"9:24 PM","4:06","James  Slam Dunk (8 PTS)",null,null,"38 - 35","-3"],["0041400303",232,2,1,2,"9:24 PM","3:58",null,null,"MISS Bazemore 24' 3PT Jump Shot",null,null],["0041400303",233,4,0,2,"9:24 PM","3:57",null,null,"Millsap REBOUND (Off:1 Def:4)",null,null],["0041400303",234,1,5,2,"9:24 PM","3:47",null,null,"Horford 1' Layup (14 PTS) (Mack 1 AST)","40 - 35","-5"],["0041400303",235,1,1,2,"9:24 PM","3:29","Jones 25' 3PT Jump Shot (6 PTS) (James 4 AST)",null,null,"40 - 38","-2"],["0041400303",236,6,1,2,"9:25 PM","3:26","Shumpert P.FOUL (P3.T2) (T.Brothers)",null,null,null,null],["0041400303",237,8,0,2,"9:25 PM","3:26","SUB: Dellavedova FOR Shumpert",null,null,null,null],["0041400303",238,2,1,2,"9:25 PM","3:13","Mozgov BLOCK (1 BLK)",null,"MISS Horford 6' Jump Shot",null,null],["0041400303",239,4,0,2,"9:25 PM","3:11","Smith REBOUND (Off:1 Def:3)",null,null,null,null],["0041400303",240,6,2,2,"9:25 PM","3:07",null,null,"Carroll S.FOUL (P1.PN) (T.Brothers)",null,null],["0041400303",241,3,11,2,"9:25 PM","3:07","James Free Throw 1 of 2 (9 PTS)",null,null,"40 - 39","-1"],["0041400303",243,3,12,2,"9:26 PM","3:07","James Free Throw 2 of 2 (10 PTS)",null,null,"40 - 40","TIE"],["0041400303",245,6,4,2,"9:26 PM","3:03",null,null,"Bazemore OFF.Foul (P2) (K.Mauer)",null,null],["0041400303",246,5,5,2,"9:26 PM","3:03",null,null,"Bazemore Foul Turnover (P1.T4)",null,null],["0041400303",247,1,5,2,"9:27 PM","2:53","Mozgov 1' Layup (3 PTS) (James 5 AST)",null,null,"40 - 42","2"],["0041400303",248,9,1,2,"9:27 PM","2:51",null,null,"Hawks Timeout: Regular (Reg.2 Short 0)",null,null],["0041400303",250,18,0,2,"9:27 PM","2:51",null,null,null,null,null],["0041400303",251,8,0,2,"9:30 PM","2:51",null,null,"SUB: Teague FOR Mack",null,null],["0041400303",253,1,1,2,"9:31 PM","2:31",null,null,"Carroll 26' 3PT Jump Shot (7 PTS) (Teague 6 AST)","43 - 42","-1"],["0041400303",254,2,1,2,"9:31 PM","2:04","MISS Jones 26' 3PT Jump Shot",null,null,null,null],["0041400303",255,4,0,2,"9:31 PM","2:03",null,null,"Horford REBOUND (Off:1 Def:3)",null,null],["0041400303",256,1,5,2,"9:31 PM","1:57",null,null,"Millsap 1' Layup (6 PTS) (Horford 1 AST)","45 - 42","-3"],["0041400303",257,1,80,2,"9:32 PM","1:30","Smith 16' Step Back Jump Shot (9 PTS)",null,null,"45 - 44","-1"],["0041400303",258,1,1,2,"9:32 PM","1:18",null,null,"Teague 25' 3PT Jump Shot (10 PTS)","48 - 44","-4"],["0041400303",259,1,1,2,"9:32 PM","0:57","Dellavedova 27' 3PT Jump Shot (13 PTS)",null,null,"48 - 47","-1"],["0041400303",261,2,1,2,"9:33 PM","0:37",null,null,"MISS Horford 13' Jump Shot",null,null],["0041400303",262,4,0,2,"9:33 PM","0:36","Jones REBOUND (Off:1 Def:2)",null,null,null,null],["0041400303",263,6,15,2,"9:34 PM","0:34",null,null,"Horford FLAGRANT.FOUL.TYPE2 (P3.PN) (K.Mauer)",null,null],["0041400303",264,18,0,2,"9:34 PM","0:34",null,null,null,null,null],["0041400303",265,11,3,2,"9:40 PM","0:34",null,null,"Horford Ejection:First Flagrant Type 2",null,null],["0041400303",266,8,0,2,"9:40 PM","0:34",null,null,"SUB: Scott FOR Horford",null,null],["0041400303",270,6,11,2,"9:40 PM","0:34","Dellavedova T.FOUL (P1.T2) (K.Mauer)",null,null,null,null],["0041400303",267,3,16,2,"9:40 PM","0:34",null,null,"Teague Free Throw Technical (11 PTS)","49 - 47","-2"],["0041400303",272,3,18,2,"9:40 PM","0:34","MISS Dellavedova Free Throw Flagrant 1 of 2",null,null,null,null],["0041400303",271,4,1,2,"9:40 PM","0:34","CAVALIERS Rebound",null,null,null,null],["0041400303",269,3,19,2,"9:40 PM","0:34","Dellavedova Free Throw Flagrant 2 of 2 (14 PTS)",null,null,"49 - 48","-1"],["0041400303",279,8,0,2,"9:40 PM","0:34","SUB: Thompson FOR Mozgov",null,null,null,null],["0041400303",276,2,1,2,"9:41 PM","0:24","MISS Smith  3PT Jump Shot",null,"Bazemore BLOCK (1 BLK)",null,null],["0041400303",278,4,0,2,"9:41 PM","0:22",null,null,"Millsap REBOUND (Off:1 Def:5)",null,null],["0041400303",280,2,1,2,"9:42 PM","0:06",null,null,"MISS Teague 26' 3PT Jump Shot",null,null],["0041400303",281,4,0,2,"9:42 PM","0:04","James REBOUND (Off:4 Def:4)",null,null,null,null],["0041400303",282,5,39,2,"9:42 PM","0:02","Dellavedova Step Out of Bounds Turnover (P3.T5)",null,null,null,null],["0041400303",283,9,2,2,"9:42 PM","0:02",null,null,"Hawks Timeout: Short (Reg.2 Short 1)",null,null],["0041400303",285,8,0,2,"9:43 PM","0:02","SUB: Marion FOR Smith",null,null,null,null],["0041400303",286,13,0,2,"9:43 PM","0:00",null,null,null,"49 - 48","-1"],["0041400303",288,12,0,3,"10:02 PM","12:00",null,null,null,"49 - 48","-1"],["0041400303",289,6,26,3,"10:02 PM","11:47","James Offensive Charge Foul (P1.T1) (E.Malloy)",null,null,null,null],["0041400303",290,5,5,3,"10:02 PM","11:47","James Foul Turnover (P2.T6)",null,null,null,null],["0041400303",291,6,2,3,"10:02 PM","11:30","Thompson S.FOUL (P2.T2) (K.Mauer)",null,null,null,null],["0041400303",292,3,11,3,"10:03 PM","11:30",null,null,"Bazemore Free Throw 1 of 2 (6 PTS)","50 - 48","-2"],["0041400303",294,3,12,3,"10:03 PM","11:30",null,null,"Bazemore Free Throw 2 of 2 (7 PTS)","51 - 48","-3"],["0041400303",296,6,2,3,"10:03 PM","11:17",null,null,"Millsap S.FOUL (P1.T1) (E.Malloy)",null,null],["0041400303",297,3,11,3,"10:04 PM","11:17","Mozgov Free Throw 1 of 2 (4 PTS)",null,null,"51 - 49","-2"],["0041400303",299,3,12,3,"10:04 PM","11:17","Mozgov Free Throw 2 of 2 (5 PTS)",null,null,"51 - 50","-1"],["0041400303",301,5,1,3,"10:04 PM","11:07",null,null,"Bazemore Bad Pass Turnover (P2.T5)",null,null],["0041400303",302,1,42,3,"10:05 PM","10:49","James  Driving Layup (12 PTS)",null,null,"51 - 52","1"],["0041400303",303,2,57,3,"10:05 PM","10:29","Mozgov BLOCK (2 BLK)",null,"MISS Muscala 6' Driving Hook Shot",null,null],["0041400303",304,4,0,3,"10:05 PM","10:29","CAVALIERS Rebound",null,null,null,null],["0041400303",305,2,1,3,"10:05 PM","10:12","MISS James 26' 3PT Jump Shot",null,null,null,null],["0041400303",306,4,0,3,"10:05 PM","10:11","Thompson REBOUND (Off:1 Def:1)",null,null,null,null],["0041400303",307,1,5,3,"10:05 PM","10:07","Thompson 2' Layup (2 PTS)",null,null,"51 - 54","3"],["0041400303",308,1,1,3,"10:06 PM","9:49",null,null,"Millsap 26' 3PT Jump Shot (9 PTS) (Bazemore 3 AST)","54 - 54","TIE"],["0041400303",309,2,1,3,"10:06 PM","9:34","MISS Thompson 5' Jump Shot",null,null,null,null],["0041400303",310,4,0,3,"10:06 PM","9:33",null,null,"Teague REBOUND (Off:0 Def:3)",null,null],["0041400303",312,2,78,3,"10:06 PM","9:20",null,null,"MISS Teague 8' Floating Jump Shot",null,null],["0041400303",313,4,0,3,"10:06 PM","9:19","James REBOUND (Off:4 Def:5)",null,null,null,null],["0041400303",314,1,1,3,"10:07 PM","9:11","Shumpert 25' 3PT Jump Shot (9 PTS) (James 6 AST)",null,null,"54 - 57","3"],["0041400303",315,1,5,3,"10:07 PM","8:57",null,null,"Millsap  Layup (11 PTS) (Muscala 1 AST)","56 - 57","1"],["0041400303",316,1,1,3,"10:07 PM","8:29","Mozgov 11' Jump Shot (7 PTS) (James 7 AST)",null,null,"56 - 59","3"],["0041400303",317,2,1,3,"10:08 PM","8:17",null,null,"MISS Muscala 16' Jump Shot",null,null],["0041400303",318,4,0,3,"10:08 PM","8:16","Thompson REBOUND (Off:1 Def:2)",null,null,null,null],["0041400303",319,2,1,3,"10:08 PM","8:01","MISS Shumpert 13' Jump Shot",null,null,null,null],["0041400303",320,4,0,3,"10:08 PM","8:00","James REBOUND (Off:5 Def:5)",null,null,null,null],["0041400303",321,1,5,3,"10:08 PM","7:57","James 1' Layup (14 PTS)",null,null,"56 - 61","5"],["0041400303",323,8,0,3,"10:08 PM","7:41",null,null,"SUB: Scott FOR Muscala",null,null],["0041400303",325,7,2,3,"10:09 PM","7:33","Mozgov Violation:Defensive Goaltending (E.Malloy)",null,null,null,null],["0041400303",324,1,42,3,"10:09 PM","7:33",null,null,"Teague 1' Driving Layup (13 PTS)","58 - 61","3"],["0041400303",326,1,1,3,"10:09 PM","7:13","Thompson 6' Jump Shot (4 PTS) (James 8 AST)",null,null,"58 - 63","5"],["0041400303",327,5,2,3,"10:09 PM","7:04","James STEAL (3 STL)",null,"Millsap Lost Ball Turnover (P2.T6)",null,null],["0041400303",328,6,1,3,"10:09 PM","7:04",null,null,"Millsap P.FOUL (P2.T2) (T.Brothers)",null,null],["0041400303",329,6,1,3,"10:10 PM","6:56",null,null,"Carroll P.FOUL (P2.T3) (T.Brothers)",null,null],["0041400303",331,7,2,3,"10:10 PM","6:45",null,null,"Millsap Violation:Defensive Goaltending (E.Malloy)",null,null],["0041400303",330,1,5,3,"10:10 PM","6:45","James 1' Layup (16 PTS)",null,null,"58 - 65","7"],["0041400303",332,9,1,3,"10:10 PM","6:45",null,null,"Hawks Timeout: Regular (Reg.3 Short 1)",null,null],["0041400303",335,8,0,3,"10:14 PM","6:45",null,null,"SUB: Mack FOR Bazemore",null,null],["0041400303",337,1,1,3,"10:14 PM","6:28",null,null,"Scott 17' Jump Shot (2 PTS) (Mack 2 AST)","60 - 65","5"],["0041400303",338,1,44,3,"10:14 PM","6:09","Mozgov 1' Reverse Layup (9 PTS) (James 9 AST)",null,null,"60 - 67","7"],["0041400303",339,1,1,3,"10:15 PM","5:52",null,null,"Carroll  3PT Jump Shot (10 PTS) (Scott 2 AST)","63 - 67","4"],["0041400303",340,2,1,3,"10:15 PM","5:29","MISS Shumpert 24' 3PT Jump Shot",null,null,null,null],["0041400303",341,4,0,3,"10:15 PM","5:28",null,null,"Mack REBOUND (Off:0 Def:2)",null,null],["0041400303",342,1,58,3,"10:15 PM","5:11",null,null,"Scott 7' Turnaround Hook Shot (4 PTS) (Carroll 2 AST)","65 - 67","2"],["0041400303",343,2,80,3,"10:16 PM","4:46","MISS James 18' Step Back Jump Shot",null,null,null,null],["0041400303",344,4,0,3,"10:16 PM","4:43",null,null,"Teague REBOUND (Off:0 Def:4)",null,null],["0041400303",345,2,1,3,"10:16 PM","4:39",null,null,"MISS Carroll 26' 3PT Jump Shot",null,null],["0041400303",346,4,0,3,"10:16 PM","4:37",null,null,"Scott REBOUND (Off:1 Def:5)",null,null],["0041400303",347,2,1,3,"10:16 PM","4:34",null,null,"MISS Scott 26' 3PT Jump Shot",null,null],["0041400303",348,4,0,3,"10:16 PM","4:33","Shumpert REBOUND (Off:0 Def:2)",null,null,null,null],["0041400303",349,2,1,3,"10:16 PM","4:19","MISS Dellavedova 26' 3PT Jump Shot",null,null,null,null],["0041400303",350,4,0,3,"10:16 PM","4:18",null,null,"Scott REBOUND (Off:1 Def:6)",null,null],["0041400303",351,1,1,3,"10:16 PM","4:10",null,null,"Mack 18' Jump Shot (8 PTS)","67 - 67","TIE"],["0041400303",352,1,1,3,"10:17 PM","3:50","Dellavedova 26' 3PT Jump Shot (17 PTS) (James 10 AST)",null,null,"67 - 70","3"],["0041400303",353,2,1,3,"10:17 PM","3:37",null,null,"MISS Scott 24' 3PT Jump Shot",null,null],["0041400303",354,4,0,3,"10:17 PM","3:36","James REBOUND (Off:5 Def:6)",null,null,null,null],["0041400303",355,2,1,3,"10:17 PM","3:24","MISS James 5' Jump Shot",null,"Teague BLOCK (1 BLK)",null,null],["0041400303",356,4,0,3,"10:17 PM","3:20","James REBOUND (Off:6 Def:6)",null,null,null,null],["0041400303",357,1,5,3,"10:17 PM","3:19","James 1' Layup (18 PTS)",null,null,"67 - 72","5"],["0041400303",358,2,78,3,"10:17 PM","3:17",null,null,"MISS Teague 5' Floating Jump Shot",null,null],["0041400303",359,4,0,3,"10:17 PM","3:17",null,null,"Hawks Rebound",null,null],["0041400303",362,6,3,3,"10:18 PM","3:17","Mozgov L.B.FOUL (P1.T3) (K.Mauer)",null,null,null,null],["0041400303",363,8,0,3,"10:18 PM","3:17",null,null,"SUB: Bazemore FOR Teague",null,null],["0041400303",364,8,0,3,"10:18 PM","3:17","SUB: Jones FOR Mozgov",null,null,null,null],["0041400303",365,8,0,3,"10:18 PM","3:17","SUB: Smith FOR Dellavedova",null,null,null,null],["0041400303",366,2,3,3,"10:18 PM","3:07",null,null,"MISS Bazemore 11' Hook Shot",null,null],["0041400303",367,4,0,3,"10:18 PM","3:06","Shumpert REBOUND (Off:0 Def:3)",null,null,null,null],["0041400303",368,1,1,3,"10:18 PM","2:54","Shumpert 20' Jump Shot (11 PTS) (James 11 AST)",null,null,"67 - 74","7"],["0041400303",369,2,77,3,"10:18 PM","2:43",null,null,"MISS Bazemore 7' Driving Jump Shot",null,null],["0041400303",370,4,0,3,"10:19 PM","2:41","James REBOUND (Off:6 Def:7)",null,null,null,null],["0041400303",371,2,1,3,"10:19 PM","2:34","MISS Smith 16' Jump Shot",null,null,null,null],["0041400303",372,4,0,3,"10:19 PM","2:33",null,null,"Mack REBOUND (Off:0 Def:3)",null,null],["0041400303",373,1,5,3,"10:19 PM","2:24",null,null,"Millsap 1' Layup (13 PTS) (Mack 3 AST)","69 - 74","5"],["0041400303",374,9,1,3,"10:19 PM","2:23","CAVALIERS Timeout: Regular (Full 3 Short 0)",null,null,null,null],["0041400303",377,8,0,3,"10:22 PM","2:23",null,null,"SUB: Muscala FOR Carroll",null,null],["0041400303",379,1,1,3,"10:23 PM","2:04","James 18' Jump Shot (20 PTS) (Jones 5 AST)",null,null,"69 - 76","7"],["0041400303",380,1,42,3,"10:23 PM","1:51",null,null,"Millsap  Driving Layup (15 PTS)","71 - 76","5"],["0041400303",381,6,2,3,"10:23 PM","1:30",null,null,"Muscala S.FOUL (P1.T4) (E.Malloy)",null,null],["0041400303",382,3,11,3,"10:24 PM","1:30","MISS James Free Throw 1 of 2",null,null,null,null],["0041400303",383,4,1,3,"10:24 PM","1:30","CAVALIERS Rebound",null,null,null,null],["0041400303",385,8,0,3,"10:24 PM","1:30","SUB: Dellavedova FOR Shumpert",null,null,null,null],["0041400303",386,3,12,3,"10:24 PM","1:30","James Free Throw 2 of 2 (21 PTS)",null,null,"71 - 77","6"],["0041400303",388,2,1,3,"10:24 PM","1:18",null,null,"MISS Millsap 26' 3PT Jump Shot",null,null],["0041400303",389,4,0,3,"10:25 PM","1:18",null,null,"Hawks Rebound",null,null],["0041400303",390,6,3,3,"10:25 PM","1:18","Jones L.B.FOUL (P1.T4) (E.Malloy)",null,null,null,null],["0041400303",391,2,1,3,"10:25 PM","1:11",null,null,"MISS Mack 17' Jump Shot",null,null],["0041400303",392,4,0,3,"10:25 PM","1:10","Smith REBOUND (Off:1 Def:4)",null,null,null,null],["0041400303",393,1,88,3,"10:25 PM","1:00","James  Driving Slam Dunk (23 PTS)",null,null,"71 - 79","8"],["0041400303",394,2,1,3,"10:25 PM","0:53","Thompson BLOCK (1 BLK)",null,"MISS Bazemore 3' Jump Shot",null,null],["0041400303",395,4,0,3,"10:25 PM","0:53",null,null,"Scott REBOUND (Off:2 Def:6)",null,null],["0041400303",396,1,5,3,"10:25 PM","0:53",null,null,"Scott 1' Layup (6 PTS)","73 - 79","6"],["0041400303",397,2,1,3,"10:26 PM","0:46","MISS Thompson 4' Jump Shot",null,null,null,null],["0041400303",399,4,0,3,"10:26 PM","0:46","James REBOUND (Off:7 Def:7)",null,null,null,null],["0041400303",398,1,4,3,"10:26 PM","0:46","James 1' Tip Shot (25 PTS)",null,null,"73 - 81","8"],["0041400303",400,1,1,3,"10:26 PM","0:34",null,null,"Mack 26' 3PT Jump Shot (11 PTS)","76 - 81","5"],["0041400303",401,2,42,3,"10:26 PM","0:12","MISS James 1' Driving Layup",null,null,null,null],["0041400303",402,4,0,3,"10:26 PM","0:11",null,null,"Hawks Rebound",null,null],["0041400303",403,6,3,3,"10:26 PM","0:11","Smith L.B.FOUL (P3.PN) (K.Mauer)",null,null,null,null],["0041400303",404,18,0,3,"10:27 PM","0:11",null,null,null,null,null],["0041400303",405,3,11,3,"10:28 PM","0:11",null,null,"MISS Bazemore Free Throw 1 of 2",null,null],["0041400303",406,4,1,3,"10:28 PM","0:11",null,null,"Hawks Rebound",null,null],["0041400303",410,8,0,3,"10:28 PM","0:11",null,null,"SUB: Carroll FOR Scott",null,null],["0041400303",407,3,12,3,"10:28 PM","0:11",null,null,"MISS Bazemore Free Throw 2 of 2",null,null],["0041400303",409,4,0,3,"10:29 PM","0:09","Smith REBOUND (Off:1 Def:5)",null,null,null,null],["0041400303",411,2,1,3,"10:29 PM","0:01","MISS Smith 25' 3PT Jump Shot",null,null,null,null],["0041400303",412,4,0,3,"10:29 PM","0:00",null,null,"Mack REBOUND (Off:0 Def:4)",null,null],["0041400303",413,13,0,3,"10:29 PM","0:00",null,null,null,"76 - 81","5"],["0041400303",415,12,0,4,"10:33 PM","12:00",null,null,null,"76 - 81","5"],["0041400303",416,6,2,4,"10:33 PM","11:41","Thompson S.FOUL (P3.T1) (E.Malloy)",null,null,null,null],["0041400303",417,3,11,4,"10:33 PM","11:41",null,null,"Millsap Free Throw 1 of 2 (16 PTS)","77 - 81","4"],["0041400303",419,3,12,4,"10:33 PM","11:41",null,null,"Millsap Free Throw 2 of 2 (17 PTS)","78 - 81","3"],["0041400303",421,1,1,4,"10:34 PM","11:24","Jones 24' 3PT Jump Shot (9 PTS) (Thompson 1 AST)",null,null,"78 - 84","6"],["0041400303",422,2,1,4,"10:34 PM","11:16",null,null,"MISS Mack 27' 3PT Jump Shot",null,null],["0041400303",423,4,0,4,"10:34 PM","11:13","Smith REBOUND (Off:1 Def:6)",null,null,null,null],["0041400303",424,6,2,4,"10:34 PM","11:08",null,null,"Millsap S.FOUL (P3.T1) (E.Malloy)",null,null],["0041400303",425,3,11,4,"10:35 PM","11:08","Smith Free Throw 1 of 2 (10 PTS)",null,null,"78 - 85","7"],["0041400303",427,8,0,4,"10:35 PM","11:08",null,null,"SUB: Scott FOR Muscala",null,null],["0041400303",428,3,12,4,"10:35 PM","11:08","Smith Free Throw 2 of 2 (11 PTS)",null,null,"78 - 86","8"],["0041400303",430,2,1,4,"10:36 PM","10:51",null,null,"MISS Teague 5' Jump Shot",null,null],["0041400303",431,4,0,4,"10:36 PM","10:50","Thompson REBOUND (Off:1 Def:3)",null,null,null,null],["0041400303",432,1,7,4,"10:36 PM","10:39","Thompson  Dunk (6 PTS) (Smith 1 AST)",null,null,"78 - 88","10"],["0041400303",433,6,1,4,"10:36 PM","10:31","Jones P.FOUL (P2.T2) (T.Brothers)",null,null,null,null],["0041400303",434,6,4,4,"10:36 PM","10:24",null,null,"Millsap OFF.Foul (P4) (K.Mauer)",null,null],["0041400303",435,5,5,4,"10:36 PM","10:24",null,null,"Millsap Foul Turnover (P3.T7)",null,null],["0041400303",436,5,2,4,"10:37 PM","10:13","Dellavedova Lost Ball Turnover (P4.T7)",null,"Teague STEAL (1 STL)",null,null],["0041400303",437,1,41,4,"10:37 PM","10:08",null,null,"Mack  Running Layup (13 PTS) (Teague 7 AST)","80 - 88","8"],["0041400303",438,2,1,4,"10:37 PM","9:50","MISS Shumpert 8' Jump Shot",null,null,null,null],["0041400303",439,4,0,4,"10:37 PM","9:50",null,null,"Hawks Rebound",null,null],["0041400303",440,8,0,4,"10:37 PM","9:50",null,null,"SUB: Muscala FOR Millsap",null,null],["0041400303",441,8,0,4,"10:37 PM","9:50",null,null,"SUB: Carroll FOR Mack",null,null],["0041400303",442,6,2,4,"10:38 PM","9:36","Shumpert S.FOUL (P4.T3) (K.Mauer)",null,null,null,null],["0041400303",443,3,11,4,"10:38 PM","9:36",null,null,"Teague Free Throw 1 of 2 (14 PTS)","81 - 88","7"],["0041400303",445,8,0,4,"10:38 PM","9:36","SUB: James FOR Jones",null,null,null,null],["0041400303",446,3,12,4,"10:38 PM","9:36",null,null,"Teague Free Throw 2 of 2 (15 PTS)","82 - 88","6"],["0041400303",450,6,2,4,"10:39 PM","9:16",null,null,"Carroll S.FOUL (P3.T2) (K.Mauer)",null,null],["0041400303",451,3,11,4,"10:39 PM","9:16","James Free Throw 1 of 2 (26 PTS)",null,null,"82 - 89","7"],["0041400303",453,3,12,4,"10:39 PM","9:16","James Free Throw 2 of 2 (27 PTS)",null,null,"82 - 90","8"],["0041400303",455,1,41,4,"10:40 PM","9:10",null,null,"Teague 1' Running Layup (17 PTS)","84 - 90","6"],["0041400303",456,1,1,4,"10:40 PM","8:49","Shumpert  3PT Jump Shot (14 PTS) (Dellavedova 1 AST)",null,null,"84 - 93","9"],["0041400303",457,2,1,4,"10:40 PM","8:40",null,null,"MISS Teague 25' 3PT Jump Shot",null,null],["0041400303",458,4,0,4,"10:40 PM","8:39","Thompson REBOUND (Off:1 Def:4)",null,null,null,null],["0041400303",459,2,1,4,"10:41 PM","8:19","MISS James 9' Jump Shot",null,null,null,null],["0041400303",460,4,0,4,"10:41 PM","8:18","Smith REBOUND (Off:2 Def:6)",null,null,null,null],["0041400303",461,6,1,4,"10:41 PM","8:07",null,null,"Scott P.FOUL (P4.T3) (T.Brothers)",null,null],["0041400303",462,9,4,4,"10:41 PM","8:07",null,null,null,null,null],["0041400303",465,8,0,4,"10:44 PM","8:07",null,null,"SUB: Mack FOR Bazemore",null,null],["0041400303",466,8,0,4,"10:44 PM","8:07",null,null,"SUB: Millsap FOR Muscala",null,null],["0041400303",467,2,1,4,"10:44 PM","7:55","MISS James 19' Jump Shot",null,null,null,null],["0041400303",468,4,0,4,"10:44 PM","7:54",null,null,"Teague REBOUND (Off:0 Def:5)",null,null],["0041400303",469,7,5,4,"10:45 PM","7:42","Smith Violation:Kicked Ball (E.Malloy)",null,null,null,null],["0041400303",470,1,78,4,"10:45 PM","7:30",null,null,"Teague 6' Floating Jump Shot (19 PTS)","86 - 93","7"],["0041400303",471,5,2,4,"10:45 PM","7:15","Smith Lost Ball Turnover (P1.T8)",null,"Carroll STEAL (1 STL)",null,null],["0041400303",472,6,2,4,"10:45 PM","7:10","Smith S.FOUL (P4.T4) (T.Brothers)",null,null,null,null],["0041400303",473,3,11,4,"10:46 PM","7:10",null,null,"Scott Free Throw 1 of 2 (7 PTS)","87 - 93","6"],["0041400303",475,3,12,4,"10:46 PM","7:10",null,null,"Scott Free Throw 2 of 2 (8 PTS)","88 - 93","5"],["0041400303",477,2,86,4,"10:46 PM","6:58","MISS Dellavedova 5' Turnaround Fadeaway Shot",null,null,null,null],["0041400303",478,4,0,4,"10:46 PM","6:57","Dellavedova REBOUND (Off:2 Def:0)",null,null,null,null],["0041400303",479,6,4,4,"10:47 PM","6:44","Thompson OFF.Foul (P4) (E.Malloy)",null,null,null,null],["0041400303",480,5,5,4,"10:47 PM","6:44","Thompson Foul Turnover (P1.T9)",null,null,null,null],["0041400303",481,6,1,4,"10:47 PM","6:31","Dellavedova P.FOUL (P2.PN) (E.Malloy)",null,null,null,null],["0041400303",482,3,11,4,"10:47 PM","6:31",null,null,"Millsap Free Throw 1 of 2 (18 PTS)","89 - 93","4"],["0041400303",484,3,12,4,"10:47 PM","6:31",null,null,"Millsap Free Throw 2 of 2 (19 PTS)","90 - 93","3"],["0041400303",486,1,49,4,"10:48 PM","6:21","James  Driving Dunk (29 PTS)",null,null,"90 - 95","5"],["0041400303",487,6,2,4,"10:48 PM","6:09","Thompson S.FOUL (P5.PN) (E.Malloy)",null,null,null,null],["0041400303",488,3,13,4,"10:48 PM","6:09",null,null,"Millsap Free Throw 1 of 3 (20 PTS)","91 - 95","4"],["0041400303",490,3,14,4,"10:49 PM","6:09",null,null,"Millsap Free Throw 2 of 3 (21 PTS)","92 - 95","3"],["0041400303",492,8,0,4,"10:49 PM","6:09",null,null,"SUB: Bazemore FOR Teague",null,null],["0041400303",493,8,0,4,"10:49 PM","6:09","SUB: Jones FOR Thompson",null,null,null,null],["0041400303",494,3,15,4,"10:49 PM","6:09",null,null,"Millsap Free Throw 3 of 3 (22 PTS)","93 - 95","2"],["0041400303",496,2,1,4,"10:50 PM","5:57","MISS Smith  3PT Jump Shot",null,null,null,null],["0041400303",497,4,0,4,"10:50 PM","5:55",null,null,"Millsap REBOUND (Off:1 Def:6)",null,null],["0041400303",498,2,1,4,"10:50 PM","5:42",null,null,"MISS Millsap 8' Jump Shot",null,null],["0041400303",499,4,0,4,"10:50 PM","5:41","James REBOUND (Off:7 Def:8)",null,null,null,null],["0041400303",500,2,1,4,"10:50 PM","5:36","MISS Dellavedova 24' 3PT Jump Shot",null,null,null,null],["0041400303",501,4,0,4,"10:50 PM","5:36",null,null,"Hawks Rebound",null,null],["0041400303",502,6,3,4,"10:50 PM","5:36","James L.B.FOUL (P2.PN) (T.Brothers)",null,null,null,null],["0041400303",503,9,1,4,"10:50 PM","5:36","CAVALIERS Timeout: Regular (Full 4 Short 0)",null,null,null,null],["0041400303",507,3,11,4,"10:53 PM","5:36",null,null,"Bazemore Free Throw 1 of 2 (8 PTS)","94 - 95","1"],["0041400303",509,3,12,4,"10:54 PM","5:36",null,null,"Bazemore Free Throw 2 of 2 (9 PTS)","95 - 95","TIE"],["0041400303",511,2,1,4,"10:54 PM","5:23","MISS Shumpert 24' 3PT Jump Shot",null,null,null,null],["0041400303",512,4,0,4,"10:54 PM","5:22",null,null,"Scott REBOUND (Off:2 Def:7)",null,null],["0041400303",513,2,79,4,"10:54 PM","5:06",null,null,"MISS Millsap 8' Pullup Jump Shot",null,null],["0041400303",514,4,0,4,"10:54 PM","5:02",null,null,"Hawks Rebound",null,null],["0041400303",516,8,0,4,"10:55 PM","4:59",null,null,"SUB: Teague FOR Mack",null,null],["0041400303",517,2,78,4,"10:55 PM","4:51",null,null,"MISS Teague 7' Floating Jump Shot",null,null],["0041400303",518,4,0,4,"10:55 PM","4:46","James REBOUND (Off:7 Def:9)",null,null,null,null],["0041400303",519,5,1,4,"10:55 PM","4:37","James Bad Pass Turnover (P3.T10)",null,"Carroll STEAL (2 STL)",null,null],["0041400303",520,6,2,4,"10:56 PM","4:32","Shumpert S.FOUL (P5.PN) (K.Mauer)",null,null,null,null],["0041400303",521,3,11,4,"10:56 PM","4:32",null,null,"Bazemore Free Throw 1 of 2 (10 PTS)","96 - 95","-1"],["0041400303",523,3,12,4,"10:56 PM","4:32",null,null,"Bazemore Free Throw 2 of 2 (11 PTS)","97 - 95","-2"],["0041400303",525,1,42,4,"10:57 PM","4:18","James 1' Driving Layup (31 PTS)",null,null,"97 - 97","TIE"],["0041400303",526,1,1,4,"10:57 PM","3:51",null,null,"Bazemore 25' 3PT Jump Shot (14 PTS)","100 - 97","-3"],["0041400303",527,1,1,4,"10:57 PM","3:24","Smith 24' 3PT Jump Shot (14 PTS) (Dellavedova 2 AST)",null,null,"100 - 100","TIE"],["0041400303",528,9,1,4,"10:58 PM","3:18",null,null,"Hawks Timeout: Regular (Reg.4 Short 1)",null,null],["0041400303",531,8,0,4,"11:01 PM","3:18","SUB: Thompson FOR Jones",null,null,null,null],["0041400303",532,2,66,4,"11:01 PM","3:00",null,null,"MISS Carroll 7' Jump Bank Shot",null,null],["0041400303",533,4,0,4,"11:01 PM","2:58",null,null,"Millsap REBOUND (Off:2 Def:6)",null,null],["0041400303",535,1,77,4,"11:02 PM","2:48",null,null,"Teague 6' Driving Jump Shot (21 PTS)","102 - 100","-2"],["0041400303",536,6,1,4,"11:02 PM","2:38",null,null,"Teague P.FOUL (P3.T4) (T.Brothers)",null,null],["0041400303",537,2,1,4,"11:02 PM","2:26","MISS James 27' 3PT Jump Shot",null,null,null,null],["0041400303",538,4,0,4,"11:02 PM","2:25",null,null,"Carroll REBOUND (Off:0 Def:2)",null,null],["0041400303",540,2,1,4,"11:03 PM","2:05",null,null,"MISS Scott 26' 3PT Jump Shot",null,null],["0041400303",541,4,0,4,"11:03 PM","2:03","Smith REBOUND (Off:2 Def:7)",null,null,null,null],["0041400303",542,6,26,4,"11:03 PM","1:53","James Offensive Charge Foul (P3.PN) (K.Mauer)",null,null,null,null],["0041400303",543,5,5,4,"11:03 PM","1:53","James Foul Turnover (P4.T11)",null,null,null,null],["0041400303",544,1,79,4,"11:04 PM","1:38",null,null,"Teague 7' Pullup Jump Shot (23 PTS)","104 - 100","-4"],["0041400303",545,9,1,4,"11:04 PM","1:38","CAVALIERS Timeout: Regular (Full 5 Short 0)",null,null,null,null],["0041400303",549,2,1,4,"11:06 PM","1:25","MISS Shumpert 25' 3PT Jump Shot",null,null,null,null],["0041400303",550,4,0,4,"11:06 PM","1:24","James REBOUND (Off:8 Def:9)",null,null,null,null],["0041400303",551,6,1,4,"11:06 PM","1:24",null,null,"Bazemore P.FOUL (P3.PN) (T.Brothers)",null,null],["0041400303",552,3,11,4,"11:06 PM","1:24","MISS James Free Throw 1 of 2",null,null,null,null],["0041400303",553,4,1,4,"11:06 PM","1:24","CAVALIERS Rebound",null,null,null,null],["0041400303",554,3,12,4,"11:07 PM","1:24","James Free Throw 2 of 2 (32 PTS)",null,null,"104 - 101","-3"],["0041400303",556,2,5,4,"11:07 PM","1:06",null,null,"MISS Teague 2' Layup",null,null],["0041400303",557,4,0,4,"11:07 PM","1:04","Dellavedova REBOUND (Off:2 Def:1)",null,null,null,null],["0041400303",558,1,5,4,"11:07 PM","0:57","Thompson 1' Layup (8 PTS) (James 12 AST)",null,null,"104 - 103","-1"],["0041400303",559,2,5,4,"11:08 PM","0:34",null,null,"MISS Carroll 2' Layup",null,null],["0041400303",560,4,0,4,"11:08 PM","0:33","Shumpert REBOUND (Off:0 Def:4)",null,null,null,null],["0041400303",561,5,2,4,"11:08 PM","0:27","James Lost Ball Turnover (P5.T12)",null,"Scott STEAL (1 STL)",null,null],["0041400303",562,2,1,4,"11:08 PM","0:18","Thompson BLOCK (2 BLK)",null,"MISS Scott 5' Jump Shot",null,null],["0041400303",563,4,0,4,"11:08 PM","0:18","Shumpert REBOUND (Off:0 Def:5)",null,null,null,null],["0041400303",564,6,1,4,"11:08 PM","0:18",null,null,"Carroll P.FOUL (P4.PN) (K.Mauer)",null,null],["0041400303",565,3,11,4,"11:09 PM","0:18","Shumpert Free Throw 1 of 2 (15 PTS)",null,null,"104 - 104","TIE"],["0041400303",567,8,0,4,"11:09 PM","0:18",null,null,"SUB: Muscala FOR Carroll",null,null],["0041400303",568,3,12,4,"11:09 PM","0:18","MISS Shumpert Free Throw 2 of 2",null,null,null,null],["0041400303",570,4,0,4,"11:09 PM","0:17",null,null,"Teague REBOUND (Off:0 Def:6)",null,null],["0041400303",571,9,1,4,"11:09 PM","0:17",null,null,"Hawks Timeout: Regular (Reg.5 Short 1)",null,null],["0041400303",574,8,0,4,"11:11 PM","0:17",null,null,"SUB: Mack FOR Bazemore",null,null],["0041400303",575,8,0,4,"11:11 PM","0:17",null,null,"SUB: Carroll FOR Muscala",null,null],["0041400303",576,2,1,4,"11:12 PM","0:00",null,null,"MISS Teague 27' 3PT Jump Shot",null,null],["0041400303",577,4,0,4,"11:12 PM","0:00",null,null,"Hawks Rebound",null,null],["0041400303",578,13,0,4,"11:12 PM","0:00",null,null,null,"104 - 104","TIE"],["0041400303",581,12,0,5,"11:15 PM","5:00",null,null,null,"104 - 104","TIE"],["0041400303",583,10,0,5,"11:15 PM","5:00","Jump Ball Thompson vs. Millsap: Tip to Teague",null,null,null,null],["0041400303",582,2,5,5,"11:16 PM","4:37","Smith BLOCK (2 BLK)",null,"MISS Carroll 3' Layup",null,null],["0041400303",584,4,0,5,"11:16 PM","4:33","Thompson REBOUND (Off:1 Def:5)",null,null,null,null],["0041400303",585,2,1,5,"11:16 PM","4:18","MISS James 7' Jump Shot",null,null,null,null],["0041400303",586,4,0,5,"11:16 PM","4:17",null,null,"Carroll REBOUND (Off:0 Def:3)",null,null],["0041400303",587,6,2,5,"11:16 PM","4:07","James S.FOUL (P4.T1) (T.Brothers)",null,null,null,null],["0041400303",588,3,11,5,"11:16 PM","4:07",null,null,"Teague Free Throw 1 of 2 (24 PTS)","105 - 104","-1"],["0041400303",590,8,0,5,"11:17 PM","4:07",null,null,"SUB: Mack FOR Carroll",null,null],["0041400303",591,3,12,5,"11:17 PM","4:07",null,null,"Teague Free Throw 2 of 2 (25 PTS)","106 - 104","-2"],["0041400303",594,1,5,5,"11:17 PM","3:56","Thompson 2' Layup (10 PTS) (James 13 AST)",null,null,"106 - 106","TIE"],["0041400303",595,6,2,5,"11:17 PM","3:56",null,null,"Scott S.FOUL (P5.T1) (E.Malloy)",null,null],["0041400303",596,3,10,5,"11:17 PM","3:56","MISS Thompson Free Throw 1 of 1",null,null,null,null],["0041400303",598,4,0,5,"11:18 PM","3:55",null,null,"Hawks Rebound",null,null],["0041400303",599,2,47,5,"11:18 PM","3:39",null,null,"MISS Millsap 14' Turnaround Jump Shot",null,null],["0041400303",600,4,0,5,"11:18 PM","3:36","James REBOUND (Off:8 Def:10)",null,null,null,null],["0041400303",601,1,1,5,"11:18 PM","3:29","Smith  3PT Jump Shot (17 PTS) (Shumpert 1 AST)",null,null,"106 - 109","3"],["0041400303",602,2,1,5,"11:18 PM","3:13",null,null,"MISS Scott 26' 3PT Jump Shot",null,null],["0041400303",603,4,0,5,"11:19 PM","3:11","Shumpert REBOUND (Off:0 Def:6)",null,null,null,null],["0041400303",604,5,2,5,"11:19 PM","2:54","James Lost Ball Turnover (P6.T13)",null,"Mack STEAL (1 STL)",null,null],["0041400303",605,2,1,5,"11:19 PM","2:40",null,null,"MISS Scott 26' 3PT Jump Shot",null,null],["0041400303",606,4,0,5,"11:19 PM","2:39","Shumpert REBOUND (Off:0 Def:7)",null,null,null,null],["0041400303",607,9,1,5,"11:19 PM","2:35","CAVALIERS Timeout: Regular (Full 6 Short 0)",null,null,null,null],["0041400303",611,8,0,5,"11:21 PM","2:35",null,null,"SUB: Carroll FOR Scott",null,null],["0041400303",613,2,1,5,"11:22 PM","2:25","MISS Dellavedova 26' 3PT Jump Shot",null,null,null,null],["0041400303",614,4,0,5,"11:22 PM","2:24",null,null,"Bazemore REBOUND (Off:0 Def:6)",null,null],["0041400303",615,6,2,5,"11:22 PM","2:18","Dellavedova S.FOUL (P3.T2) (E.Malloy)",null,null,null,null],["0041400303",616,3,11,5,"11:23 PM","2:18",null,null,"Teague Free Throw 1 of 2 (26 PTS)","107 - 109","2"],["0041400303",618,3,12,5,"11:23 PM","2:18",null,null,"Teague Free Throw 2 of 2 (27 PTS)","108 - 109","1"],["0041400303",620,2,57,5,"11:23 PM","1:55","MISS James 4' Driving Hook Shot",null,null,null,null],["0041400303",621,4,0,5,"11:23 PM","1:52",null,null,"Bazemore REBOUND (Off:0 Def:7)",null,null],["0041400303",622,2,1,5,"11:24 PM","1:44",null,null,"MISS Teague 25' 3PT Jump Shot",null,null],["0041400303",623,4,0,5,"11:24 PM","1:43","Smith REBOUND (Off:2 Def:8)",null,null,null,null],["0041400303",624,6,1,5,"11:24 PM","1:32",null,null,"Bazemore P.FOUL (P4.T2) (T.Brothers)",null,null],["0041400303",625,2,1,5,"11:24 PM","1:18","MISS Smith  3PT Jump Shot",null,null,null,null],["0041400303",626,4,0,5,"11:24 PM","1:17",null,null,"Hawks Rebound",null,null],["0041400303",627,8,0,5,"11:25 PM","1:16",null,null,"SUB: Scott FOR Carroll",null,null],["0041400303",628,1,80,5,"11:25 PM","0:55",null,null,"Teague  3PT Step Back Jump Shot (30 PTS)","111 - 109","-2"],["0041400303",629,2,63,5,"11:25 PM","0:39","MISS James 12' Fadeaway Jumper",null,null,null,null],["0041400303",630,4,0,5,"11:26 PM","0:36","Thompson REBOUND (Off:2 Def:5)",null,null,null,null],["0041400303",631,1,1,5,"11:26 PM","0:36","James  3PT Jump Shot (35 PTS) (Thompson 2 AST)",null,null,"111 - 112","1"],["0041400303",632,9,1,5,"11:26 PM","0:36",null,null,"Hawks Timeout: Regular (Reg.6 Short 1)",null,null],["0041400303",634,8,0,5,"11:27 PM","0:36",null,null,"SUB: Carroll FOR Bazemore",null,null],["0041400303",636,2,5,5,"11:28 PM","0:31",null,null,"MISS Teague 3' Layup",null,null],["0041400303",637,4,0,5,"11:28 PM","0:31","CAVALIERS Rebound",null,null,null,null],["0041400303",638,18,0,5,"11:28 PM","0:31",null,null,null,null,null],["0041400303",639,18,0,5,"11:30 PM","0:31",null,null,null,null,null],["0041400303",640,8,0,5,"11:31 PM","0:31",null,null,"SUB: Bazemore FOR Scott",null,null],["0041400303",641,1,82,5,"11:31 PM","0:12","James 6' Driving Bank Shot (37 PTS)",null,null,"111 - 114","3"],["0041400303",642,9,2,5,"11:31 PM","0:12",null,null,"Hawks Timeout: Short (Reg.6 Short 2)",null,null],["0041400303",644,8,0,5,"11:32 PM","0:12",null,null,"SUB: Antic FOR Carroll",null,null],["0041400303",645,8,0,5,"11:32 PM","0:12",null,null,"SUB: Scott FOR Bazemore",null,null],["0041400303",648,2,1,5,"11:33 PM","0:04",null,null,"MISS Mack 24' 3PT Jump Shot",null,null],["0041400303",649,4,0,5,"11:33 PM","0:02",null,null,"Millsap REBOUND (Off:3 Def:6)",null,null],["0041400303",650,2,1,5,"11:33 PM","0:00",null,null,"MISS Mack 24' 3PT Jump Shot",null,null],["0041400303",651,4,0,5,"11:33 PM","0:00",null,null,"Hawks Rebound",null,null],["0041400303",652,13,0,5,"11:33 PM","0:00",null,null,null,"111 - 114","3"]]},{"name":"AvailableVideo","headers":["VIDEO_AVAILABLE_FLAG"],"rowSet":[[1]]}]}