{"resource":"playbyplay","parameters":{"GameID":"0041400133","StartPeriod":0,"EndPeriod":14},"resultSets":[{"name":"PlayByPlay","headers":["GAME_ID","EVENTNUM","EVENTMSGTYPE","EVENTMSGACTIONTYPE","PERIOD","WCTIMESTRING","PCTIMESTRING","HOMEDESCRIPTION","NEUTRALDESCRIPTION","VISITORDESCRIPTION","SCORE","SCOREMARGIN"],"rowSet":[["0041400133",0,12,0,1,"8:11 PM","12:00",null,null,null,null,null],["0041400133",1,10,0,1,"8:11 PM","12:00","Jump Ball Gortat vs. Valanciunas: Tip to Nene",null,null,null,null],["0041400133",2,1,1,1,"8:11 PM","11:37","Gortat 10' Jump Shot (2 PTS) (Nene 1 AST)",null,null,"0 - 2","2"],["0041400133",3,2,1,1,"8:11 PM","11:18",null,null,"MISS Ross 12' Jump Shot",null,null],["0041400133",4,4,0,1,"8:11 PM","11:18","WIZARDS Rebound",null,null,null,null],["0041400133",5,6,3,1,"8:11 PM","11:18",null,null,"Valanciunas L.B.FOUL (P1.T1) (T.Brothers)",null,null],["0041400133",7,1,1,1,"8:12 PM","11:05","Nene 14' Jump Shot (2 PTS) (Gortat 1 AST)",null,null,"0 - 4","4"],["0041400133",8,2,1,1,"8:12 PM","10:52",null,null,"MISS Lowry 5' Jump Shot",null,null],["0041400133",9,4,0,1,"8:12 PM","10:50",null,null,"Johnson REBOUND (Off:1 Def:0)",null,null],["0041400133",10,1,7,1,"8:12 PM","10:47",null,null,"Valanciunas  Dunk (2 PTS) (Johnson 1 AST)","2 - 4","2"],["0041400133",11,2,1,1,"8:12 PM","10:33","MISS Pierce 29' 3PT Jump Shot",null,null,null,null],["0041400133",12,4,0,1,"8:12 PM","10:31",null,null,"Johnson REBOUND (Off:1 Def:1)",null,null],["0041400133",13,1,79,1,"8:12 PM","10:26",null,null,"Lowry 25' 3PT Pullup Jump Shot (3 PTS)","5 - 4","-1"],["0041400133",14,2,1,1,"8:13 PM","10:14","MISS Beal 26' 3PT Jump Shot",null,null,null,null],["0041400133",15,4,0,1,"8:13 PM","10:13",null,null,"DeRozan REBOUND (Off:0 Def:1)",null,null],["0041400133",16,1,1,1,"8:13 PM","10:03",null,null,"DeRozan 20' Jump Shot (2 PTS)","7 - 4","-3"],["0041400133",17,1,1,1,"8:13 PM","9:50","Beal 26' 3PT Jump Shot (3 PTS) (Wall 1 AST)",null,null,"7 - 7","TIE"],["0041400133",19,2,1,1,"8:13 PM","9:35",null,null,"MISS DeRozan 17' Jump Shot",null,null],["0041400133",20,4,0,1,"8:13 PM","9:34","Gortat REBOUND (Off:0 Def:1)",null,null,null,null],["0041400133",21,1,7,1,"8:14 PM","9:11","Gortat  Dunk (4 PTS) (Wall 2 AST)",null,null,"7 - 9","2"],["0041400133",22,1,41,1,"8:14 PM","8:54",null,null,"DeRozan 1' Running Layup (4 PTS) (Johnson 2 AST)","9 - 9","TIE"],["0041400133",23,6,2,1,"8:14 PM","8:54","Pierce S.FOUL (P1.T1) (T.Brothers)",null,null,null,null],["0041400133",24,3,10,1,"8:14 PM","8:54",null,null,"DeRozan Free Throw 1 of 1 (5 PTS)","10 - 9","-1"],["0041400133",27,1,5,1,"8:15 PM","8:45","Gortat 1' Layup (6 PTS) (Wall 3 AST)",null,null,"10 - 11","1"],["0041400133",28,1,80,1,"8:15 PM","8:29",null,null,"Lowry 24' 3PT Step Back Jump Shot (6 PTS)","13 - 11","-2"],["0041400133",29,6,1,1,"8:15 PM","8:16",null,null,"Ross P.FOUL (P1.T2) (S.Corbin)",null,null],["0041400133",30,2,5,1,"8:16 PM","8:14","MISS Beal  Layup",null,"Ross BLOCK (1 BLK)",null,null],["0041400133",31,4,0,1,"8:16 PM","8:11",null,null,"Valanciunas REBOUND (Off:0 Def:1)",null,null],["0041400133",32,2,5,1,"8:16 PM","8:07",null,null,"MISS Lowry  Layup",null,null],["0041400133",33,4,0,1,"8:16 PM","8:06",null,null,"Valanciunas REBOUND (Off:1 Def:1)",null,null],["0041400133",34,2,5,1,"8:16 PM","8:04",null,null,"MISS Valanciunas 3' Layup",null,null],["0041400133",35,4,0,1,"8:16 PM","8:03",null,null,"Valanciunas REBOUND (Off:2 Def:1)",null,null],["0041400133",36,2,5,1,"8:16 PM","8:02",null,null,"MISS Valanciunas 2' Layup",null,null],["0041400133",37,4,0,1,"8:16 PM","8:01","Pierce REBOUND (Off:0 Def:1)",null,null,null,null],["0041400133",38,1,1,1,"8:16 PM","7:56","Beal 25' 3PT Jump Shot (6 PTS) (Wall 4 AST)",null,null,"13 - 14","1"],["0041400133",40,1,1,1,"8:16 PM","7:43",null,null,"DeRozan 26' 3PT Jump Shot (8 PTS) (Lowry 1 AST)","16 - 14","-2"],["0041400133",41,18,0,1,"8:18 PM","7:43",null,null,null,"16 - 14","-2"],["0041400133",43,1,3,1,"8:19 PM","7:28","Gortat 5' Hook Shot (8 PTS) (Wall 5 AST)",null,null,"16 - 16","TIE"],["0041400133",45,1,1,1,"8:19 PM","7:07",null,null,"DeRozan 18' Jump Shot (10 PTS)","18 - 16","-2"],["0041400133",46,2,1,1,"8:20 PM","6:45","MISS Beal 26' 3PT Jump Shot",null,null,null,null],["0041400133",47,4,0,1,"8:20 PM","6:44",null,null,"Johnson REBOUND (Off:1 Def:2)",null,null],["0041400133",48,1,82,1,"8:20 PM","6:33",null,null,"DeRozan 8' Driving Bank Shot (12 PTS)","20 - 16","-4"],["0041400133",49,2,1,1,"8:20 PM","6:24","MISS Nene 18' Jump Shot",null,null,null,null],["0041400133",50,4,0,1,"8:20 PM","6:23",null,null,"Lowry REBOUND (Off:0 Def:1)",null,null],["0041400133",51,2,1,1,"8:20 PM","6:18","Wall BLOCK (1 BLK)",null,"MISS Lowry 25' 3PT Jump Shot",null,null],["0041400133",52,4,0,1,"8:20 PM","6:18",null,null,"Raptors Rebound",null,null],["0041400133",53,2,1,1,"8:20 PM","6:05",null,null,"MISS Ross 20' Jump Shot",null,null],["0041400133",54,4,0,1,"8:20 PM","6:04","Nene REBOUND (Off:0 Def:1)",null,null,null,null],["0041400133",55,2,1,1,"8:21 PM","5:53","MISS Beal 4' Jump Shot",null,null,null,null],["0041400133",56,4,0,1,"8:21 PM","5:52",null,null,"Valanciunas REBOUND (Off:2 Def:2)",null,null],["0041400133",57,1,1,1,"8:21 PM","5:44",null,null,"Ross 24' 3PT Jump Shot (3 PTS) (DeRozan 1 AST)","23 - 16","-7"],["0041400133",58,9,1,1,"8:21 PM","5:34","WIZARDS Timeout: Regular (Full 1 Short 0)",null,null,null,null],["0041400133",60,8,0,1,"8:23 PM","5:34","SUB: Porter FOR Pierce",null,null,null,null],["0041400133",61,1,42,1,"8:24 PM","5:23","Porter 2' Driving Layup (2 PTS) (Beal 1 AST)",null,null,"23 - 18","-5"],["0041400133",62,1,7,1,"8:25 PM","5:15",null,null,"Ross  Dunk (5 PTS) (DeRozan 2 AST)","25 - 18","-7"],["0041400133",63,2,1,1,"8:25 PM","4:56","MISS Gortat 4' Jump Shot",null,null,null,null],["0041400133",64,4,0,1,"8:25 PM","4:55",null,null,"Johnson REBOUND (Off:1 Def:3)",null,null],["0041400133",65,5,2,1,"8:25 PM","4:42","Wall STEAL (1 STL)",null,"Lowry Lost Ball Turnover (P1.T1)",null,null],["0041400133",66,2,1,1,"8:25 PM","4:34","MISS Beal  3PT Jump Shot",null,null,null,null],["0041400133",67,4,0,1,"8:25 PM","4:33",null,null,"Valanciunas REBOUND (Off:2 Def:3)",null,null],["0041400133",68,2,1,1,"8:25 PM","4:23",null,null,"MISS DeRozan 6' Jump Shot",null,null],["0041400133",69,4,0,1,"8:25 PM","4:22","Gortat REBOUND (Off:0 Def:2)",null,null,null,null],["0041400133",70,2,1,1,"8:25 PM","4:18","MISS Wall 3' Jump Shot",null,"Johnson BLOCK (1 BLK)",null,null],["0041400133",71,4,0,1,"8:26 PM","4:17",null,null,"Raptors Rebound",null,null],["0041400133",72,8,0,1,"8:26 PM","4:17","SUB: Gooden FOR Nene",null,null,null,null],["0041400133",74,1,1,1,"8:26 PM","4:01",null,null,"DeRozan 25' 3PT Jump Shot (15 PTS) (Ross 1 AST)","28 - 18","-10"],["0041400133",75,1,1,1,"8:27 PM","3:41","Beal 24' 3PT Jump Shot (9 PTS) (Gortat 2 AST)",null,null,"28 - 21","-7"],["0041400133",76,1,77,1,"8:27 PM","3:21",null,null,"Johnson 5' Driving Jump Shot (2 PTS) (Lowry 2 AST)","30 - 21","-9"],["0041400133",77,1,1,1,"8:27 PM","3:08","Gooden 25' 3PT Jump Shot (3 PTS) (Porter 1 AST)",null,null,"30 - 24","-6"],["0041400133",78,9,1,1,"8:27 PM","3:00",null,null,"Raptors Timeout: Regular (Reg.1 Short 0)",null,null],["0041400133",80,8,0,1,"8:29 PM","3:00","SUB: Sessions FOR Beal",null,null,null,null],["0041400133",81,8,0,1,"8:30 PM","3:00",null,null,"SUB: Vasquez FOR Ross",null,null],["0041400133",82,8,0,1,"8:30 PM","3:00",null,null,"SUB: Patterson FOR Johnson",null,null],["0041400133",83,8,0,1,"8:30 PM","3:00",null,null,"SUB: Williams FOR Lowry",null,null],["0041400133",84,1,5,1,"8:31 PM","2:50",null,null,"DeRozan 2' Layup (17 PTS)","32 - 24","-8"],["0041400133",85,1,75,1,"8:31 PM","2:35","Wall 1' Driving Finger Roll Layup (2 PTS)",null,null,"32 - 26","-6"],["0041400133",86,2,1,1,"8:31 PM","2:12","Gortat BLOCK (1 BLK)",null,"MISS Williams 10' Jump Shot",null,null],["0041400133",87,4,0,1,"8:31 PM","2:10","Gortat REBOUND (Off:0 Def:3)",null,null,null,null],["0041400133",88,5,2,1,"8:32 PM","2:07","Wall Lost Ball Turnover (P1.T1)",null,"Williams STEAL (1 STL)",null,null],["0041400133",89,1,1,1,"8:32 PM","1:56",null,null,"DeRozan 25' 3PT Jump Shot (20 PTS) (Patterson 1 AST)","35 - 26","-9"],["0041400133",90,1,5,1,"8:32 PM","1:39","Porter 2' Layup (4 PTS) (Gortat 3 AST)",null,null,"35 - 28","-7"],["0041400133",91,2,5,1,"8:32 PM","1:20","Gooden BLOCK (1 BLK)",null,"MISS Valanciunas 2' Layup",null,null],["0041400133",92,4,0,1,"8:32 PM","1:18","Gooden REBOUND (Off:0 Def:1)",null,null,null,null],["0041400133",93,1,1,1,"8:32 PM","1:13","Gooden 26' 3PT Jump Shot (6 PTS) (Wall 6 AST)",null,null,"35 - 31","-4"],["0041400133",94,6,4,1,"8:33 PM","0:54",null,null,"Valanciunas OFF.Foul (P2) (T.Brothers)",null,null],["0041400133",95,5,5,1,"8:33 PM","0:54",null,null,"Valanciunas Foul Turnover (P1.T2)",null,null],["0041400133",96,9,2,1,"8:33 PM","0:54","WIZARDS Timeout: Short (Full 1 Short 1)",null,null,null,null],["0041400133",97,8,0,1,"8:33 PM","0:54",null,null,"SUB: Hansbrough FOR Valanciunas",null,null],["0041400133",99,1,58,1,"8:35 PM","0:40","Gortat 8' Turnaround Hook Shot (10 PTS)",null,null,"35 - 33","-2"],["0041400133",100,2,1,1,"8:35 PM","0:32",null,null,"MISS Williams 26' 3PT Jump Shot",null,null],["0041400133",101,4,0,1,"8:35 PM","0:31","Gortat REBOUND (Off:0 Def:4)",null,null,null,null],["0041400133",102,6,4,1,"8:35 PM","0:27","Wall OFF.Foul (P1) (S.Corbin)",null,null,null,null],["0041400133",103,5,5,1,"8:35 PM","0:27","Wall Foul Turnover (P2.T2)",null,null,null,null],["0041400133",104,8,0,1,"8:35 PM","0:27","SUB: Beal FOR Wall",null,null,null,null],["0041400133",106,2,1,1,"8:36 PM","0:04","Gortat BLOCK (2 BLK)",null,"MISS DeRozan 5' Jump Shot",null,null],["0041400133",107,4,0,1,"8:36 PM","0:03","Sessions REBOUND (Off:0 Def:1)",null,null,null,null],["0041400133",108,2,1,1,"8:36 PM","0:00","MISS Sessions 34' 3PT Jump Shot",null,null,null,null],["0041400133",109,4,0,1,"8:36 PM","0:00","WIZARDS Rebound",null,null,null,null],["0041400133",110,13,0,1,"8:37 PM","0:00",null,null,null,"35 - 33","-2"],["0041400133",112,12,0,2,"8:40 PM","12:00",null,null,null,"35 - 33","-2"],["0041400133",113,1,1,2,"8:40 PM","11:38",null,null,"Patterson 22' Jump Shot (2 PTS) (Hansbrough 1 AST)","37 - 33","-4"],["0041400133",144,18,0,2,"8:40 PM","11:38",null,null,null,null,null],["0041400133",114,6,1,2,"8:41 PM","11:21",null,null,"Hansbrough P.FOUL (P1.T1) (S.Corbin)",null,null],["0041400133",115,6,4,2,"8:41 PM","11:16","Nene OFF.Foul (P1) (J.Goble)",null,null,null,null],["0041400133",116,5,5,2,"8:41 PM","11:16","Nene Foul Turnover (P1.T3)",null,null,null,null],["0041400133",117,2,1,2,"8:41 PM","11:01",null,null,"MISS Vasquez 26' 3PT Jump Shot",null,null],["0041400133",118,4,0,2,"8:42 PM","11:00",null,null,"Hansbrough REBOUND (Off:1 Def:0)",null,null],["0041400133",119,1,1,2,"8:42 PM","10:55",null,null,"Patterson  3PT Jump Shot (5 PTS) (Hansbrough 2 AST)","40 - 33","-7"],["0041400133",120,2,1,2,"8:42 PM","10:35","MISS Sessions 17' Jump Shot",null,null,null,null],["0041400133",121,4,0,2,"8:42 PM","10:34","Nene REBOUND (Off:1 Def:1)",null,null,null,null],["0041400133",122,6,1,2,"8:42 PM","10:33",null,null,"Hansbrough P.FOUL (P2.T2) (S.Corbin)",null,null],["0041400133",123,6,1,2,"8:42 PM","10:29",null,null,"Vasquez P.FOUL (P1.T3) (S.Corbin)",null,null],["0041400133",124,2,1,2,"8:43 PM","10:21","MISS Gooden 15' Jump Shot",null,null,null,null],["0041400133",125,4,0,2,"8:43 PM","10:20","WIZARDS Rebound",null,null,null,null],["0041400133",126,2,1,2,"8:44 PM","10:17","MISS Beal 24' 3PT Jump Shot",null,null,null,null],["0041400133",127,4,0,2,"8:44 PM","10:16","Gooden REBOUND (Off:1 Def:1)",null,null,null,null],["0041400133",128,5,1,2,"8:44 PM","10:04","Sessions Bad Pass Turnover (P1.T4)",null,"Lowry STEAL (1 STL)",null,null],["0041400133",129,2,1,2,"8:44 PM","9:57",null,null,"MISS Lowry 26' 3PT Jump Shot",null,null],["0041400133",130,4,0,2,"8:44 PM","9:56","Gooden REBOUND (Off:1 Def:2)",null,null,null,null],["0041400133",131,1,1,2,"8:44 PM","9:45","Gooden 26' 3PT Jump Shot (9 PTS) (Sessions 1 AST)",null,null,"40 - 36","-4"],["0041400133",134,2,5,2,"8:45 PM","9:18","Sessions BLOCK (1 BLK)",null,"MISS Hansbrough 1' Layup",null,null],["0041400133",135,4,0,2,"8:45 PM","9:18","WIZARDS Rebound",null,null,null,null],["0041400133",138,2,1,2,"8:45 PM","9:04","MISS Nene 8' Jump Shot",null,null,null,null],["0041400133",139,4,0,2,"8:45 PM","9:02","Porter REBOUND (Off:1 Def:0)",null,null,null,null],["0041400133",140,6,1,2,"8:46 PM","9:01",null,null,"Lowry P.FOUL (P1.T4) (T.Brothers)",null,null],["0041400133",141,6,2,2,"8:46 PM","8:50",null,null,"Patterson S.FOUL (P1.PN) (S.Corbin)",null,null],["0041400133",142,9,4,2,"8:46 PM","8:50",null,null,null,null,null],["0041400133",145,3,11,2,"8:49 PM","8:50","Gooden Free Throw 1 of 2 (10 PTS)",null,null,"40 - 37","-3"],["0041400133",147,3,12,2,"8:49 PM","8:50","MISS Gooden Free Throw 2 of 2",null,null,null,null],["0041400133",149,4,0,2,"8:49 PM","8:49",null,null,"Hansbrough REBOUND (Off:1 Def:1)",null,null],["0041400133",151,6,1,2,"8:50 PM","8:38","Nene P.FOUL (P2.T1) (T.Brothers)",null,null,null,null],["0041400133",152,2,1,2,"8:50 PM","8:26",null,null,"MISS Lowry 5' Jump Shot",null,null],["0041400133",153,4,0,2,"8:50 PM","8:25","Porter REBOUND (Off:1 Def:1)",null,null,null,null],["0041400133",154,5,1,2,"8:50 PM","8:19","Sessions Bad Pass Turnover (P2.T5)",null,"Lowry STEAL (2 STL)",null,null],["0041400133",155,6,1,2,"8:50 PM","8:18","Gooden P.FOUL (P1.T2) (T.Brothers)",null,null,null,null],["0041400133",156,2,1,2,"8:51 PM","8:04",null,null,"MISS Vasquez 4' Jump Shot",null,null],["0041400133",157,4,0,2,"8:51 PM","8:03","Porter REBOUND (Off:1 Def:2)",null,null,null,null],["0041400133",158,5,40,2,"8:51 PM","7:51","Nene Out of Bounds Lost Ball Turnover (P2.T6)",null,null,null,null],["0041400133",159,8,0,2,"8:51 PM","7:51",null,null,"SUB: DeRozan FOR Williams",null,null],["0041400133",161,5,2,2,"8:52 PM","7:37","Nene STEAL (1 STL)",null,"Hansbrough Lost Ball Turnover (P1.T3)",null,null],["0041400133",162,2,5,2,"8:52 PM","7:32","MISS Sessions 2' Layup",null,null,null,null],["0041400133",163,4,0,2,"8:52 PM","7:32",null,null,"Raptors Rebound",null,null],["0041400133",164,6,3,2,"8:52 PM","7:32","Gooden L.B.FOUL (P2.T3) (T.Brothers)",null,null,null,null],["0041400133",165,8,0,2,"8:52 PM","7:32","SUB: Wall FOR Sessions",null,null,null,null],["0041400133",166,8,0,2,"8:52 PM","7:32","SUB: Gortat FOR Nene",null,null,null,null],["0041400133",168,8,0,2,"8:52 PM","7:32",null,null,"SUB: Williams FOR Vasquez",null,null],["0041400133",169,1,74,2,"8:52 PM","7:19",null,null,"Williams 2' Running Reverse Layup (2 PTS)","42 - 37","-5"],["0041400133",170,2,1,2,"8:53 PM","6:58","MISS Gooden 25' 3PT Jump Shot",null,null,null,null],["0041400133",171,4,0,2,"8:53 PM","6:57",null,null,"Williams REBOUND (Off:0 Def:1)",null,null],["0041400133",172,2,1,2,"8:53 PM","6:41",null,null,"MISS DeRozan 24' 3PT Jump Shot",null,null],["0041400133",173,4,0,2,"8:53 PM","6:39","Wall REBOUND (Off:0 Def:1)",null,null,null,null],["0041400133",174,6,2,2,"8:53 PM","6:34",null,null,"Williams S.FOUL (P1.PN) (J.Goble)",null,null],["0041400133",175,3,11,2,"8:53 PM","6:34","Wall Free Throw 1 of 2 (3 PTS)",null,null,"42 - 38","-4"],["0041400133",177,8,0,2,"8:54 PM","6:34",null,null,"SUB: Johnson FOR Hansbrough",null,null],["0041400133",178,8,0,2,"8:54 PM","6:34","SUB: Pierce FOR Gooden",null,null,null,null],["0041400133",179,3,12,2,"8:54 PM","6:34","Wall Free Throw 2 of 2 (4 PTS)",null,null,"42 - 39","-3"],["0041400133",182,2,1,2,"8:55 PM","6:18",null,null,"MISS Lowry 27' 3PT Jump Shot",null,null],["0041400133",183,4,0,2,"8:55 PM","6:17","Wall REBOUND (Off:0 Def:2)",null,null,null,null],["0041400133",184,2,1,2,"8:55 PM","6:04","MISS Porter 25' 3PT Jump Shot",null,null,null,null],["0041400133",185,4,0,2,"8:55 PM","6:03","Beal REBOUND (Off:1 Def:0)",null,null,null,null],["0041400133",186,1,58,2,"8:55 PM","5:57","Gortat 5' Turnaround Hook Shot (12 PTS) (Wall 7 AST)",null,null,"42 - 41","-1"],["0041400133",187,2,1,2,"8:55 PM","5:47",null,null,"MISS Williams 12' Jump Shot",null,null],["0041400133",188,4,0,2,"8:55 PM","5:46","Beal REBOUND (Off:1 Def:1)",null,null,null,null],["0041400133",189,1,76,2,"8:55 PM","5:41","Wall 2' Running Finger Roll Layup (6 PTS) (Beal 2 AST)",null,null,"42 - 43","1"],["0041400133",190,9,1,2,"8:55 PM","5:39",null,null,"Raptors Timeout: Regular (Reg.2 Short 0)",null,null],["0041400133",192,8,0,2,"8:58 PM","5:39",null,null,"SUB: Ross FOR Williams",null,null],["0041400133",193,5,2,2,"8:59 PM","5:29","Porter STEAL (1 STL)",null,"DeRozan Lost Ball Turnover (P1.T4)",null,null],["0041400133",194,6,1,2,"8:59 PM","5:27",null,null,"Lowry P.FOUL (P2.PN) (J.Goble)",null,null],["0041400133",195,3,11,2,"8:59 PM","5:27","Wall Free Throw 1 of 2 (7 PTS)",null,null,"42 - 44","2"],["0041400133",197,3,12,2,"9:00 PM","5:27","Wall Free Throw 2 of 2 (8 PTS)",null,null,"42 - 45","3"],["0041400133",199,2,1,2,"9:00 PM","5:14",null,null,"MISS DeRozan 15' Jump Shot",null,null],["0041400133",200,4,0,2,"9:00 PM","5:13","Beal REBOUND (Off:1 Def:2)",null,null,null,null],["0041400133",201,6,1,2,"9:00 PM","5:08",null,null,"Johnson P.FOUL (P1.PN) (T.Brothers)",null,null],["0041400133",202,3,11,2,"9:00 PM","5:08","Gortat Free Throw 1 of 2 (13 PTS)",null,null,"42 - 46","4"],["0041400133",204,3,12,2,"9:01 PM","5:08","MISS Gortat Free Throw 2 of 2",null,null,null,null],["0041400133",206,4,0,2,"9:01 PM","5:06",null,null,"Johnson REBOUND (Off:1 Def:4)",null,null],["0041400133",208,6,4,2,"9:01 PM","4:56",null,null,"Johnson OFF.Foul (P2) (T.Brothers)",null,null],["0041400133",209,5,5,2,"9:01 PM","4:56",null,null,"Johnson Foul Turnover (P1.T5)",null,null],["0041400133",211,2,1,2,"9:02 PM","4:35","MISS Pierce 10' Jump Shot",null,null,null,null],["0041400133",212,4,0,2,"9:02 PM","4:34",null,null,"Johnson REBOUND (Off:1 Def:5)",null,null],["0041400133",213,6,1,2,"9:02 PM","4:27","Gortat P.FOUL (P1.T4) (T.Brothers)",null,null,null,null],["0041400133",216,5,1,2,"9:03 PM","4:17","Porter STEAL (2 STL)",null,"Johnson Bad Pass Turnover (P2.T6)",null,null],["0041400133",217,2,1,2,"9:03 PM","4:10","MISS Beal 25' 3PT Jump Shot",null,null,null,null],["0041400133",218,4,0,2,"9:03 PM","4:08",null,null,"Lowry REBOUND (Off:0 Def:2)",null,null],["0041400133",219,2,1,2,"9:03 PM","4:03",null,null,"MISS Lowry 28' 3PT Jump Shot",null,null],["0041400133",220,4,0,2,"9:03 PM","4:02","Beal REBOUND (Off:1 Def:3)",null,null,null,null],["0041400133",221,2,1,2,"9:03 PM","3:50","MISS Wall 20' Jump Shot",null,null,null,null],["0041400133",222,4,0,2,"9:03 PM","3:49",null,null,"Lowry REBOUND (Off:0 Def:3)",null,null],["0041400133",223,6,2,2,"9:03 PM","3:41","Pierce S.FOUL (P2.PN) (S.Corbin)",null,null,null,null],["0041400133",224,3,11,2,"9:04 PM","3:41",null,null,"DeRozan Free Throw 1 of 2 (21 PTS)","43 - 46","3"],["0041400133",226,8,0,2,"9:04 PM","3:41",null,null,"SUB: Vasquez FOR Lowry",null,null],["0041400133",227,3,12,2,"9:04 PM","3:41",null,null,"DeRozan Free Throw 2 of 2 (22 PTS)","44 - 46","2"],["0041400133",230,2,1,2,"9:04 PM","3:19","MISS Wall 4' Jump Shot",null,null,null,null],["0041400133",231,4,0,2,"9:04 PM","3:18","Gortat REBOUND (Off:1 Def:4)",null,null,null,null],["0041400133",232,2,1,2,"9:04 PM","3:16","MISS Gortat 7' Jump Shot",null,null,null,null],["0041400133",233,4,0,2,"9:04 PM","3:16",null,null,"Vasquez REBOUND (Off:0 Def:1)",null,null],["0041400133",234,2,1,2,"9:05 PM","3:07",null,null,"MISS Vasquez 7' Jump Shot",null,null],["0041400133",235,4,0,2,"9:05 PM","3:06",null,null,"Johnson REBOUND (Off:2 Def:5)",null,null],["0041400133",236,1,5,2,"9:05 PM","3:03",null,null,"Johnson 1' Layup (4 PTS)","46 - 46","TIE"],["0041400133",237,1,75,2,"9:05 PM","2:38","Pierce  Driving Finger Roll Layup (2 PTS) (Beal 3 AST)",null,null,"46 - 48","2"],["0041400133",238,2,1,2,"9:05 PM","2:25",null,null,"MISS Johnson 19' Jump Shot",null,null],["0041400133",239,4,0,2,"9:05 PM","2:23","Porter REBOUND (Off:1 Def:3)",null,null,null,null],["0041400133",240,2,1,2,"9:06 PM","2:11","MISS Wall 4' Jump Shot",null,null,null,null],["0041400133",241,4,0,2,"9:06 PM","2:10",null,null,"Johnson REBOUND (Off:2 Def:6)",null,null],["0041400133",242,1,78,2,"9:06 PM","2:01",null,null,"Vasquez 7' Floating Jump Shot (2 PTS)","48 - 48","TIE"],["0041400133",243,9,1,2,"9:06 PM","1:54","WIZARDS Timeout: Regular (Full 2 Short 1)",null,null,null,null],["0041400133",245,8,0,2,"9:08 PM","1:54",null,null,"SUB: Valanciunas FOR Patterson",null,null],["0041400133",246,2,1,2,"9:09 PM","1:44","MISS Pierce  3PT Jump Shot",null,null,null,null],["0041400133",247,4,0,2,"9:09 PM","1:43",null,null,"Vasquez REBOUND (Off:0 Def:2)",null,null],["0041400133",248,2,1,2,"9:09 PM","1:23",null,null,"MISS Valanciunas 13' Jump Shot",null,null],["0041400133",249,4,0,2,"9:09 PM","1:22","Beal REBOUND (Off:1 Def:4)",null,null,null,null],["0041400133",250,1,49,2,"9:09 PM","1:13","Gortat  Driving Dunk (15 PTS) (Wall 8 AST)",null,null,"48 - 50","2"],["0041400133",251,6,4,2,"9:10 PM","0:55",null,null,"Valanciunas OFF.Foul (P3) (J.Goble)",null,null],["0041400133",252,5,5,2,"9:10 PM","0:55",null,null,"Valanciunas Foul Turnover (P2.T7)",null,null],["0041400133",253,8,0,2,"9:10 PM","0:55","SUB: Nene FOR Pierce",null,null,null,null],["0041400133",255,6,2,2,"9:10 PM","0:48",null,null,"Vasquez S.FOUL (P2.PN) (S.Corbin)",null,null],["0041400133",256,3,11,2,"9:11 PM","0:48","Beal Free Throw 1 of 2 (10 PTS)",null,null,"48 - 51","3"],["0041400133",258,3,12,2,"9:11 PM","0:48","Beal Free Throw 2 of 2 (11 PTS)",null,null,"48 - 52","4"],["0041400133",260,2,1,2,"9:11 PM","0:29",null,null,"MISS DeRozan 22' Jump Shot",null,null],["0041400133",261,4,0,2,"9:11 PM","0:27","WIZARDS Rebound",null,null,null,null],["0041400133",262,1,44,2,"9:12 PM","0:06","Gortat 1' Reverse Layup (17 PTS) (Wall 9 AST)",null,null,"48 - 54","6"],["0041400133",263,2,1,2,"9:12 PM","0:01",null,null,"MISS DeRozan 18' Jump Shot",null,null],["0041400133",264,4,0,2,"9:12 PM","0:00",null,null,"Raptors Rebound",null,null],["0041400133",265,13,0,2,"9:12 PM","0:00",null,null,null,"48 - 54","6"],["0041400133",267,12,0,3,"9:29 PM","12:00",null,null,null,"48 - 54","6"],["0041400133",268,2,1,3,"9:30 PM","11:48",null,null,"MISS DeRozan 17' Jump Shot",null,null],["0041400133",269,4,0,3,"9:30 PM","11:46",null,null,"DeRozan REBOUND (Off:1 Def:1)",null,null],["0041400133",270,2,1,3,"9:30 PM","11:44","Gortat BLOCK (3 BLK)",null,"MISS DeRozan 12' Jump Shot",null,null],["0041400133",271,4,0,3,"9:30 PM","11:44","Gortat REBOUND (Off:1 Def:5)",null,null,null,null],["0041400133",272,6,1,3,"9:30 PM","11:44",null,null,"Valanciunas P.FOUL (P4.T1) (T.Brothers)",null,null],["0041400133",273,1,1,3,"9:31 PM","11:23","Pierce 26' 3PT Jump Shot (5 PTS)",null,null,"48 - 57","9"],["0041400133",274,1,7,3,"9:31 PM","10:59",null,null,"Valanciunas  Dunk (4 PTS) (Johnson 3 AST)","50 - 57","7"],["0041400133",275,1,5,3,"9:31 PM","10:38","Nene 1' Layup (4 PTS) (Gortat 4 AST)",null,null,"50 - 59","9"],["0041400133",276,2,1,3,"9:32 PM","10:18",null,null,"MISS DeRozan 17' Jump Shot",null,null],["0041400133",277,4,0,3,"9:32 PM","10:17","Gortat REBOUND (Off:1 Def:6)",null,null,null,null],["0041400133",278,2,1,3,"9:32 PM","10:10","MISS Gortat 15' Jump Shot",null,null,null,null],["0041400133",279,4,0,3,"9:32 PM","10:09",null,null,"Valanciunas REBOUND (Off:2 Def:4)",null,null],["0041400133",280,2,1,3,"9:32 PM","9:58",null,null,"MISS Lowry 16' Jump Shot",null,null],["0041400133",281,4,0,3,"9:32 PM","9:57",null,null,"Johnson REBOUND (Off:3 Def:6)",null,null],["0041400133",282,6,1,3,"9:32 PM","9:55","Pierce P.FOUL (P3.T1) (T.Brothers)",null,null,null,null],["0041400133",283,6,1,3,"9:33 PM","9:48","Nene P.FOUL (P3.T2) (J.Goble)",null,null,null,null],["0041400133",285,2,1,3,"9:33 PM","9:42",null,null,"MISS DeRozan 8' Jump Shot",null,null],["0041400133",286,4,0,3,"9:33 PM","9:42",null,null,"Raptors Rebound",null,null],["0041400133",287,6,3,3,"9:33 PM","9:42","Gortat L.B.FOUL (P2.T3) (S.Corbin)",null,null,null,null],["0041400133",288,1,86,3,"9:33 PM","9:34",null,null,"Valanciunas 8' Turnaround Fadeaway (6 PTS) (Lowry 3 AST)","52 - 59","7"],["0041400133",289,2,1,3,"9:34 PM","9:21","MISS Nene 16' Jump Shot",null,null,null,null],["0041400133",290,4,0,3,"9:34 PM","9:20",null,null,"Raptors Rebound",null,null],["0041400133",291,6,3,3,"9:34 PM","9:20","Gortat L.B.FOUL (P3.T4) (J.Goble)",null,null,null,null],["0041400133",292,2,1,3,"9:34 PM","9:08",null,null,"MISS Lowry 16' Jump Shot",null,null],["0041400133",293,4,0,3,"9:34 PM","9:07","Gortat REBOUND (Off:1 Def:7)",null,null,null,null],["0041400133",294,2,1,3,"9:34 PM","8:57","MISS Wall 26' 3PT Jump Shot",null,null,null,null],["0041400133",295,4,0,3,"9:34 PM","8:55",null,null,"Johnson REBOUND (Off:3 Def:7)",null,null],["0041400133",296,2,1,3,"9:35 PM","8:45",null,null,"MISS Valanciunas 7' Jump Shot",null,null],["0041400133",297,4,0,3,"9:35 PM","8:44",null,null,"Raptors Rebound",null,null],["0041400133",299,1,5,3,"9:35 PM","8:40",null,null,"Johnson 3' Layup (6 PTS) (DeRozan 3 AST)","54 - 59","5"],["0041400133",300,1,71,3,"9:35 PM","8:19","Nene 2' Finger Roll Layup (6 PTS) (Wall 10 AST)",null,null,"54 - 61","7"],["0041400133",301,2,1,3,"9:35 PM","8:08",null,null,"MISS DeRozan 7' Jump Shot",null,null],["0041400133",302,4,0,3,"9:35 PM","8:07","Pierce REBOUND (Off:0 Def:2)",null,null,null,null],["0041400133",303,5,1,3,"9:35 PM","8:01","Beal Bad Pass Turnover (P1.T7)",null,"DeRozan STEAL (1 STL)",null,null],["0041400133",304,2,1,3,"9:36 PM","7:39","Beal BLOCK (1 BLK)",null,"MISS Ross  3PT Jump Shot",null,null],["0041400133",305,4,0,3,"9:36 PM","7:39",null,null,"Raptors Rebound",null,null],["0041400133",306,5,1,3,"9:36 PM","7:38",null,null,"Ross Bad Pass Turnover (P1.T8)",null,null],["0041400133",308,5,1,3,"9:37 PM","7:26","Wall Bad Pass Turnover (P3.T8)",null,"Johnson STEAL (1 STL)",null,null],["0041400133",309,6,2,3,"9:37 PM","7:23","Wall S.FOUL (P2.PN) (S.Corbin)",null,null,null,null],["0041400133",310,3,11,3,"9:37 PM","7:23",null,null,"DeRozan Free Throw 1 of 2 (23 PTS)","55 - 61","6"],["0041400133",312,3,12,3,"9:38 PM","7:23",null,null,"DeRozan Free Throw 2 of 2 (24 PTS)","56 - 61","5"],["0041400133",315,6,1,3,"9:38 PM","7:13",null,null,"Lowry P.FOUL (P3.T2) (S.Corbin)",null,null],["0041400133",316,5,8,3,"9:39 PM","7:01","Gortat 3 Second Violation Turnover (P1.T9)",null,null,null,null],["0041400133",317,2,1,3,"9:39 PM","6:48",null,null,"MISS Lowry 12' Jump Shot",null,null],["0041400133",318,4,0,3,"9:39 PM","6:48","WIZARDS Rebound",null,null,null,null],["0041400133",319,6,3,3,"9:39 PM","6:48",null,null,"Johnson L.B.FOUL (P3.T3) (S.Corbin)",null,null],["0041400133",321,5,1,3,"9:40 PM","6:31","Gortat Bad Pass Turnover (P2.T10)",null,null,null,null],["0041400133",322,5,1,3,"9:40 PM","6:17",null,null,"Lowry Bad Pass Turnover (P2.T9)",null,null],["0041400133",323,6,11,3,"9:41 PM","6:17",null,null,"Ross T.FOUL (P1.T3) (S.Corbin)",null,null],["0041400133",324,9,1,3,"9:41 PM","6:17","WIZARDS Timeout: Regular (Full 3 Short 1)",null,null,null,null],["0041400133",326,3,16,3,"9:44 PM","6:17","MISS Wall Free Throw Technical",null,null,null,null],["0041400133",327,4,1,3,"9:44 PM","6:17","WIZARDS Rebound",null,null,null,null],["0041400133",329,2,1,3,"9:45 PM","6:04","MISS Nene 5' Jump Shot",null,null,null,null],["0041400133",330,4,0,3,"9:45 PM","6:02",null,null,"Raptors Rebound",null,null],["0041400133",331,2,5,3,"9:46 PM","5:39",null,null,"MISS Lowry 3' Layup",null,null],["0041400133",332,4,0,3,"9:46 PM","5:37",null,null,"Valanciunas REBOUND (Off:3 Def:4)",null,null],["0041400133",333,1,4,3,"9:46 PM","5:36",null,null,"Valanciunas 3' Tip Shot (8 PTS)","58 - 61","3"],["0041400133",334,1,43,3,"9:46 PM","5:23","Gortat 1' Alley Oop Layup (19 PTS) (Wall 11 AST)",null,null,"58 - 63","5"],["0041400133",335,1,46,3,"9:46 PM","5:04",null,null,"Ross 7' Running Jump Shot (7 PTS) (DeRozan 4 AST)","60 - 63","3"],["0041400133",336,2,1,3,"9:47 PM","4:48","MISS Beal 26' 3PT Jump Shot",null,null,null,null],["0041400133",337,4,0,3,"9:47 PM","4:47","Gortat REBOUND (Off:2 Def:7)",null,null,null,null],["0041400133",338,5,1,3,"9:47 PM","4:43","Pierce Bad Pass Turnover (P1.T11)",null,"Ross STEAL (1 STL)",null,null],["0041400133",339,1,5,3,"9:47 PM","4:40",null,null,"Lowry 2' Layup (8 PTS) (Ross 2 AST)","62 - 63","1"],["0041400133",341,6,2,3,"9:47 PM","4:25",null,null,"DeRozan S.FOUL (P1.T4) (J.Goble)",null,null],["0041400133",342,3,11,3,"9:47 PM","4:25","Pierce Free Throw 1 of 2 (6 PTS)",null,null,"62 - 64","2"],["0041400133",344,3,12,3,"9:48 PM","4:25","Pierce Free Throw 2 of 2 (7 PTS)",null,null,"62 - 65","3"],["0041400133",347,1,63,3,"9:48 PM","4:03",null,null,"DeRozan 19' Fadeaway Jumper (26 PTS)","64 - 65","1"],["0041400133",348,2,1,3,"9:48 PM","3:52","MISS Pierce 28' 3PT Jump Shot",null,null,null,null],["0041400133",349,4,0,3,"9:48 PM","3:51",null,null,"Ross REBOUND (Off:0 Def:1)",null,null],["0041400133",350,2,1,3,"9:49 PM","3:38",null,null,"MISS Lowry 4' Jump Shot",null,null],["0041400133",351,4,0,3,"9:49 PM","3:37","Gortat REBOUND (Off:2 Def:8)",null,null,null,null],["0041400133",352,6,2,3,"9:49 PM","3:34",null,null,"Ross S.FOUL (P2.PN) (S.Corbin)",null,null],["0041400133",353,3,11,3,"9:49 PM","3:34","Beal Free Throw 1 of 2 (12 PTS)",null,null,"64 - 66","2"],["0041400133",355,8,0,3,"9:49 PM","3:34",null,null,"SUB: Vasquez FOR Ross",null,null],["0041400133",356,8,0,3,"9:49 PM","3:34",null,null,"SUB: Williams FOR Lowry",null,null],["0041400133",357,8,0,3,"9:49 PM","3:34","SUB: Gooden FOR Nene",null,null,null,null],["0041400133",358,8,0,3,"9:49 PM","3:34","SUB: Porter FOR Pierce",null,null,null,null],["0041400133",359,3,12,3,"9:50 PM","3:34","Beal Free Throw 2 of 2 (13 PTS)",null,null,"64 - 67","3"],["0041400133",362,6,2,3,"9:50 PM","3:16","Gooden S.FOUL (P3.PN) (S.Corbin)",null,null,null,null],["0041400133",363,3,11,3,"9:50 PM","3:16",null,null,"MISS Johnson Free Throw 1 of 2",null,null],["0041400133",364,4,1,3,"9:50 PM","3:16",null,null,"Raptors Rebound",null,null],["0041400133",365,3,12,3,"9:50 PM","3:16",null,null,"MISS Johnson Free Throw 2 of 2",null,null],["0041400133",367,4,0,3,"9:51 PM","3:16","Gooden REBOUND (Off:1 Def:3)",null,null,null,null],["0041400133",369,2,1,3,"9:51 PM","2:57","MISS Gooden 14' Jump Shot",null,null,null,null],["0041400133",370,4,0,3,"9:51 PM","2:56",null,null,"Valanciunas REBOUND (Off:3 Def:5)",null,null],["0041400133",371,2,1,3,"9:51 PM","2:44",null,null,"MISS Vasquez 6' Jump Shot",null,null],["0041400133",372,4,0,3,"9:51 PM","2:43",null,null,"Johnson REBOUND (Off:4 Def:7)",null,null],["0041400133",373,1,4,3,"9:51 PM","2:41",null,null,"Johnson 1' Tip Shot (8 PTS)","66 - 67","1"],["0041400133",375,2,1,3,"9:52 PM","2:16","MISS Wall 18' Jump Shot",null,null,null,null],["0041400133",376,4,0,3,"9:52 PM","2:15","Porter REBOUND (Off:2 Def:3)",null,null,null,null],["0041400133",377,2,5,3,"9:52 PM","2:12","MISS Porter  Layup",null,null,null,null],["0041400133",378,4,0,3,"9:52 PM","2:11",null,null,"Johnson REBOUND (Off:4 Def:8)",null,null],["0041400133",379,1,5,3,"9:52 PM","1:55",null,null,"Johnson 2' Layup (10 PTS) (DeRozan 5 AST)","68 - 67","-1"],["0041400133",380,6,1,3,"9:52 PM","1:44",null,null,"Johnson P.FOUL (P4.PN) (T.Brothers)",null,null],["0041400133",381,9,1,3,"9:52 PM","1:44",null,null,"Raptors Timeout: Regular (Reg.3 Short 0)",null,null],["0041400133",383,8,0,3,"9:55 PM","1:44","SUB: Sessions FOR Beal",null,null,null,null],["0041400133",384,8,0,3,"9:55 PM","1:44",null,null,"SUB: Patterson FOR Johnson",null,null],["0041400133",385,3,11,3,"9:55 PM","1:44","Gortat Free Throw 1 of 2 (20 PTS)",null,null,"68 - 68","TIE"],["0041400133",387,3,12,3,"9:56 PM","1:44","MISS Gortat Free Throw 2 of 2",null,null,null,null],["0041400133",389,4,0,3,"9:56 PM","1:42",null,null,"Valanciunas REBOUND (Off:3 Def:6)",null,null],["0041400133",390,2,1,3,"9:56 PM","1:24",null,null,"MISS Valanciunas 5' Jump Shot",null,null],["0041400133",391,4,0,3,"9:56 PM","1:23","Gooden REBOUND (Off:1 Def:4)",null,null,null,null],["0041400133",392,2,5,3,"9:57 PM","1:13","MISS Wall 2' Layup",null,null,null,null],["0041400133",393,4,0,3,"9:57 PM","1:12",null,null,"Valanciunas REBOUND (Off:3 Def:7)",null,null],["0041400133",394,2,1,3,"9:57 PM","1:04","Gooden BLOCK (2 BLK)",null,"MISS Patterson 24' 3PT Jump Shot",null,null],["0041400133",395,4,0,3,"9:57 PM","1:01","Porter REBOUND (Off:2 Def:4)",null,null,null,null],["0041400133",396,6,1,3,"9:57 PM","0:59",null,null,"Vasquez P.FOUL (P3.PN) (S.Corbin)",null,null],["0041400133",397,3,11,3,"9:57 PM","0:59","Wall Free Throw 1 of 2 (9 PTS)",null,null,"68 - 69","1"],["0041400133",399,3,12,3,"9:57 PM","0:59","Wall Free Throw 2 of 2 (10 PTS)",null,null,"68 - 70","2"],["0041400133",402,7,5,3,"9:58 PM","0:43","Wall Violation:Kicked Ball (J.Goble)",null,null,null,null],["0041400133",403,1,42,3,"9:58 PM","0:37",null,null,"Williams 3' Driving Layup (4 PTS)","70 - 70","TIE"],["0041400133",405,1,75,3,"9:59 PM","0:22","Wall 1' Driving Finger Roll Layup (12 PTS)",null,null,"70 - 72","2"],["0041400133",406,2,1,3,"9:59 PM","0:02",null,null,"MISS Williams 6' Jump Shot",null,null],["0041400133",407,4,0,3,"9:59 PM","0:01","Wall REBOUND (Off:0 Def:3)",null,null,null,null],["0041400133",408,2,1,3,"9:59 PM","0:00","MISS Wall 38' 3PT Jump Shot",null,null,null,null],["0041400133",409,4,0,3,"10:00 PM","0:00","WIZARDS Rebound",null,null,null,null],["0041400133",410,13,0,3,"10:00 PM","0:00",null,null,null,"70 - 72","2"],["0041400133",412,12,0,4,"10:03 PM","12:00",null,null,null,"70 - 72","2"],["0041400133",413,5,2,4,"10:04 PM","11:38","Wall Lost Ball Turnover (P4.T12)",null,"Hansbrough STEAL (1 STL)",null,null],["0041400133",414,6,1,4,"10:04 PM","11:36","Wall P.FOUL (P3.T1) (T.Brothers)",null,null,null,null],["0041400133",415,2,1,4,"10:04 PM","11:23",null,null,"MISS Patterson 18' Jump Shot",null,null],["0041400133",416,4,0,4,"10:04 PM","11:22","Porter REBOUND (Off:2 Def:5)",null,null,null,null],["0041400133",417,5,2,4,"10:04 PM","11:19","Porter Lost Ball Turnover (P1.T13)",null,"Hansbrough STEAL (2 STL)",null,null],["0041400133",418,6,2,4,"10:05 PM","11:12","Porter S.FOUL (P1.T2) (S.Corbin)",null,null,null,null],["0041400133",419,3,11,4,"10:05 PM","11:12",null,null,"Lowry Free Throw 1 of 2 (9 PTS)","71 - 72","1"],["0041400133",421,8,0,4,"10:05 PM","11:12","SUB: Nene FOR Gortat",null,null,null,null],["0041400133",422,3,12,4,"10:05 PM","11:12",null,null,"Lowry Free Throw 2 of 2 (10 PTS)","72 - 72","TIE"],["0041400133",425,2,1,4,"10:05 PM","10:57","MISS Gooden 27' 3PT Jump Shot",null,null,null,null],["0041400133",426,4,0,4,"10:06 PM","10:56",null,null,"Hansbrough REBOUND (Off:1 Def:2)",null,null],["0041400133",427,6,2,4,"10:06 PM","10:49","Nene S.FOUL (P4.T3) (T.Brothers)",null,null,null,null],["0041400133",428,3,11,4,"10:06 PM","10:49",null,null,"MISS Williams Free Throw 1 of 2",null,null],["0041400133",429,4,1,4,"10:06 PM","10:49",null,null,"Raptors Rebound",null,null],["0041400133",430,3,12,4,"10:06 PM","10:49",null,null,"Williams Free Throw 2 of 2 (5 PTS)","73 - 72","-1"],["0041400133",433,5,1,4,"10:07 PM","10:36","Wall Bad Pass Turnover (P5.T14)",null,"Lowry STEAL (3 STL)",null,null],["0041400133",434,2,1,4,"10:07 PM","10:31",null,null,"MISS Williams 27' 3PT Jump Shot",null,null],["0041400133",435,4,0,4,"10:07 PM","10:30",null,null,"Lowry REBOUND (Off:1 Def:3)",null,null],["0041400133",436,2,1,4,"10:07 PM","10:22",null,null,"MISS Lowry 27' 3PT Jump Shot",null,null],["0041400133",437,4,0,4,"10:07 PM","10:21","Wall REBOUND (Off:0 Def:4)",null,null,null,null],["0041400133",438,1,76,4,"10:07 PM","10:17","Wall 2' Running Finger Roll Layup (14 PTS)",null,null,"73 - 74","1"],["0041400133",439,6,2,4,"10:07 PM","10:17",null,null,"Hansbrough S.FOUL (P3.T1) (S.Corbin)",null,null],["0041400133",440,8,0,4,"10:07 PM","10:17","SUB: Beal FOR Sessions",null,null,null,null],["0041400133",441,3,10,4,"10:07 PM","10:17","Wall Free Throw 1 of 1 (15 PTS)",null,null,"73 - 75","2"],["0041400133",444,2,5,4,"10:08 PM","10:00","Beal BLOCK (2 BLK)",null,"MISS Lowry 2' Layup",null,null],["0041400133",445,4,0,4,"10:08 PM","9:58","Gooden REBOUND (Off:1 Def:5)",null,null,null,null],["0041400133",447,1,1,4,"10:08 PM","9:50","Beal 18' Jump Shot (15 PTS)",null,null,"73 - 77","4"],["0041400133",448,6,1,4,"10:09 PM","9:35","Nene P.FOUL (P5.T4) (J.Goble)",null,null,null,null],["0041400133",449,8,0,4,"10:09 PM","9:35","SUB: Gortat FOR Nene",null,null,null,null],["0041400133",450,8,0,4,"10:09 PM","9:35",null,null,"SUB: DeRozan FOR Vasquez",null,null],["0041400133",451,2,1,4,"10:09 PM","9:30","Gooden BLOCK (3 BLK)",null,"MISS Williams 8' Jump Shot",null,null],["0041400133",452,4,0,4,"10:09 PM","9:30",null,null,"Raptors Rebound",null,null],["0041400133",454,6,2,4,"10:10 PM","9:27","Beal S.FOUL (P1.PN) (T.Brothers)",null,null,null,null],["0041400133",455,3,11,4,"10:10 PM","9:27",null,null,"MISS Hansbrough Free Throw 1 of 2",null,null],["0041400133",456,4,1,4,"10:10 PM","9:27",null,null,"Raptors Rebound",null,null],["0041400133",457,3,12,4,"10:10 PM","9:27",null,null,"Hansbrough Free Throw 2 of 2 (1 PTS)","74 - 77","3"],["0041400133",459,1,58,4,"10:11 PM","9:09","Gortat 5' Turnaround Hook Shot (22 PTS)",null,null,"74 - 79","5"],["0041400133",460,2,1,4,"10:11 PM","8:58","Porter BLOCK (1 BLK)",null,"MISS DeRozan 5' Jump Shot",null,null],["0041400133",461,4,0,4,"10:11 PM","8:58",null,null,"Raptors Rebound",null,null],["0041400133",464,6,11,4,"10:11 PM","8:58",null,null,"DeRozan T.FOUL (P1.T1) (T.Brothers)",null,null],["0041400133",463,18,2,4,"10:11 PM","8:58",null,null,null,null,null],["0041400133",462,9,4,4,"10:11 PM","8:58",null,null,null,null,null],["0041400133",465,3,16,4,"10:14 PM","8:58","MISS Beal Free Throw Technical",null,null,null,null],["0041400133",466,4,1,4,"10:14 PM","8:58",null,null,"Raptors Rebound",null,null],["0041400133",468,1,77,4,"10:15 PM","8:54",null,null,"DeRozan 4' Driving Jump Shot (28 PTS) (Lowry 4 AST)","76 - 79","3"],["0041400133",469,1,82,4,"10:15 PM","8:33","Gooden 3' Driving Bank Shot (12 PTS)",null,null,"76 - 81","5"],["0041400133",470,6,2,4,"10:15 PM","8:33",null,null,"Hansbrough S.FOUL (P4.T2) (T.Brothers)",null,null],["0041400133",471,3,10,4,"10:16 PM","8:33","MISS Gooden Free Throw 1 of 1",null,null,null,null],["0041400133",473,4,0,4,"10:16 PM","8:32",null,null,"DeRozan REBOUND (Off:1 Def:2)",null,null],["0041400133",475,1,80,4,"10:16 PM","8:12",null,null,"Williams 15' Step Back Jump Shot (7 PTS)","78 - 81","3"],["0041400133",476,7,5,4,"10:16 PM","8:02",null,null,"Hansbrough Violation:Kicked Ball (T.Brothers)",null,null],["0041400133",477,2,1,4,"10:17 PM","7:53","MISS Gortat 5' Jump Shot",null,null,null,null],["0041400133",478,4,0,4,"10:17 PM","7:52",null,null,"DeRozan REBOUND (Off:1 Def:3)",null,null],["0041400133",479,2,1,4,"10:17 PM","7:44",null,null,"MISS DeRozan 15' Jump Shot",null,null],["0041400133",480,4,0,4,"10:17 PM","7:43","Gooden REBOUND (Off:1 Def:6)",null,null,null,null],["0041400133",481,5,1,4,"10:17 PM","7:41","Gooden Bad Pass Turnover (P1.T15)",null,"Patterson STEAL (1 STL)",null,null],["0041400133",482,1,5,4,"10:17 PM","7:33",null,null,"DeRozan 1' Layup (30 PTS) (Lowry 5 AST)","80 - 81","1"],["0041400133",483,2,1,4,"10:17 PM","7:09","MISS Gooden 26' 3PT Jump Shot",null,null,null,null],["0041400133",484,4,0,4,"10:17 PM","7:08",null,null,"Williams REBOUND (Off:0 Def:2)",null,null],["0041400133",485,2,1,4,"10:18 PM","6:56","Beal BLOCK (3 BLK)",null,"MISS Williams 7' Jump Shot",null,null],["0041400133",486,4,0,4,"10:18 PM","6:54","Gortat REBOUND (Off:2 Def:9)",null,null,null,null],["0041400133",488,8,0,4,"10:18 PM","6:49","SUB: Pierce FOR Gooden",null,null,null,null],["0041400133",489,8,0,4,"10:18 PM","6:49",null,null,"SUB: Johnson FOR Hansbrough",null,null],["0041400133",490,1,1,4,"10:18 PM","6:39","Pierce 28' 3PT Jump Shot (10 PTS) (Porter 2 AST)",null,null,"80 - 84","4"],["0041400133",491,9,1,4,"10:18 PM","6:37",null,null,"Raptors Timeout: Regular (Reg.4 Short 0)",null,null],["0041400133",493,8,0,4,"10:21 PM","6:37",null,null,"SUB: Ross FOR Williams",null,null],["0041400133",494,1,80,4,"10:22 PM","6:24",null,null,"Patterson 24' 3PT Step Back Jump Shot (8 PTS) (DeRozan 6 AST)","83 - 84","1"],["0041400133",495,5,1,4,"10:22 PM","6:05","Gortat Bad Pass Turnover (P3.T16)",null,"Lowry STEAL (4 STL)",null,null],["0041400133",496,1,90,4,"10:22 PM","6:01",null,null,"Johnson  Running Slam Dunk (12 PTS) (Lowry 6 AST)","85 - 84","-1"],["0041400133",497,1,1,4,"10:23 PM","5:35","Gortat 4' Jump Shot (24 PTS) (Wall 12 AST)",null,null,"85 - 86","1"],["0041400133",498,6,2,4,"10:23 PM","5:35",null,null,"DeRozan S.FOUL (P2.T3) (T.Brothers)",null,null],["0041400133",499,18,0,4,"10:23 PM","5:35",null,null,null,null,null],["0041400133",500,3,10,4,"10:26 PM","5:35","MISS Gortat Free Throw 1 of 1",null,null,null,null],["0041400133",502,4,0,4,"10:26 PM","5:34",null,null,"Patterson REBOUND (Off:0 Def:1)",null,null],["0041400133",504,2,1,4,"10:27 PM","5:17",null,null,"MISS DeRozan 15' Jump Shot",null,null],["0041400133",505,4,0,4,"10:27 PM","5:16","WIZARDS Rebound",null,null,null,null],["0041400133",507,1,41,4,"10:27 PM","5:00","Wall 1' Running Layup (17 PTS)",null,null,"85 - 88","3"],["0041400133",508,1,1,4,"10:27 PM","4:40",null,null,"Ross 26' 3PT Jump Shot (10 PTS) (Lowry 7 AST)","88 - 88","TIE"],["0041400133",509,1,1,4,"10:28 PM","4:23","Porter 27' 3PT Jump Shot (7 PTS) (Wall 13 AST)",null,null,"88 - 91","3"],["0041400133",510,2,1,4,"10:28 PM","4:01",null,null,"MISS DeRozan  3PT Jump Shot",null,null],["0041400133",511,4,0,4,"10:28 PM","4:00","Wall REBOUND (Off:0 Def:5)",null,null,null,null],["0041400133",512,10,0,4,"10:28 PM","3:59","Jump Ball Wall vs. Lowry: Tip to Pierce",null,null,null,null],["0041400133",514,2,1,4,"10:29 PM","3:36","MISS Wall 19' Jump Shot",null,null,null,null],["0041400133",515,4,0,4,"10:29 PM","3:35",null,null,"DeRozan REBOUND (Off:1 Def:4)",null,null],["0041400133",516,2,1,4,"10:29 PM","3:23",null,null,"MISS Ross 25' 3PT Jump Shot",null,null],["0041400133",517,4,0,4,"10:29 PM","3:22","Gortat REBOUND (Off:2 Def:10)",null,null,null,null],["0041400133",518,9,1,4,"10:29 PM","3:08","WIZARDS Timeout: Regular (Full 4 Short 1)",null,null,null,null],["0041400133",520,6,2,4,"10:32 PM","3:02",null,null,"Patterson S.FOUL (P2.T4) (T.Brothers)",null,null],["0041400133",521,3,11,4,"10:32 PM","3:02","MISS Beal Free Throw 1 of 2",null,null,null,null],["0041400133",522,4,1,4,"10:32 PM","3:02","WIZARDS Rebound",null,null,null,null],["0041400133",523,3,12,4,"10:33 PM","3:02","Beal Free Throw 2 of 2 (16 PTS)",null,null,"88 - 92","4"],["0041400133",526,6,2,4,"10:33 PM","2:52","Pierce S.FOUL (P4.PN) (T.Brothers)",null,null,null,null],["0041400133",527,3,11,4,"10:33 PM","2:52",null,null,"DeRozan Free Throw 1 of 2 (31 PTS)","89 - 92","3"],["0041400133",529,3,12,4,"10:34 PM","2:52",null,null,"DeRozan Free Throw 2 of 2 (32 PTS)","90 - 92","2"],["0041400133",532,1,1,4,"10:34 PM","2:38","Porter 27' 3PT Jump Shot (10 PTS) (Wall 14 AST)",null,null,"90 - 95","5"],["0041400133",533,2,1,4,"10:35 PM","2:21",null,null,"MISS Lowry 26' 3PT Jump Shot",null,null],["0041400133",534,4,0,4,"10:35 PM","2:20","Beal REBOUND (Off:1 Def:5)",null,null,null,null],["0041400133",535,1,1,4,"10:35 PM","1:58","Pierce 27' 3PT Jump Shot (13 PTS) (Gortat 5 AST)",null,null,"90 - 98","8"],["0041400133",536,9,1,4,"10:35 PM","1:58",null,null,"Raptors Timeout: Regular (Reg.5 Short 0)",null,null],["0041400133",538,2,1,4,"10:37 PM","1:54","Gortat BLOCK (4 BLK)",null,"MISS Lowry 5' Jump Shot",null,null],["0041400133",539,4,0,4,"10:37 PM","1:52","Pierce REBOUND (Off:0 Def:3)",null,null,null,null],["0041400133",540,2,1,4,"10:38 PM","1:29","MISS Wall 33' 3PT Jump Shot",null,null,null,null],["0041400133",541,4,0,4,"10:38 PM","1:28",null,null,"DeRozan REBOUND (Off:1 Def:5)",null,null],["0041400133",542,2,1,4,"10:38 PM","1:20",null,null,"MISS DeRozan 22' Jump Shot",null,null],["0041400133",543,4,0,4,"10:38 PM","1:20",null,null,"Raptors Rebound",null,null],["0041400133",545,6,2,4,"10:38 PM","1:19","Wall S.FOUL (P4.PN) (S.Corbin)",null,null,null,null],["0041400133",546,3,11,4,"10:39 PM","1:19",null,null,"Johnson Free Throw 1 of 2 (13 PTS)","91 - 98","7"],["0041400133",548,3,12,4,"10:39 PM","1:19",null,null,"Johnson Free Throw 2 of 2 (14 PTS)","92 - 98","6"],["0041400133",551,6,1,4,"10:40 PM","1:12",null,null,"Ross P.FOUL (P3.PN) (T.Brothers)",null,null],["0041400133",553,3,11,4,"10:40 PM","1:12","Wall Free Throw 1 of 2 (18 PTS)",null,null,"92 - 99","7"],["0041400133",555,3,12,4,"10:40 PM","1:12","Wall Free Throw 2 of 2 (19 PTS)",null,null,"92 - 100","8"],["0041400133",557,9,2,4,"10:41 PM","1:12",null,null,"Raptors Timeout: Short (Reg.5 Short 1)",null,null],["0041400133",559,2,1,4,"10:42 PM","1:07",null,null,"MISS Ross 26' 3PT Jump Shot",null,null],["0041400133",560,4,0,4,"10:42 PM","1:06",null,null,"Raptors Rebound",null,null],["0041400133",561,6,3,4,"10:42 PM","1:06","Pierce L.B.FOUL (P5.PN) (T.Brothers)",null,null,null,null],["0041400133",562,3,11,4,"10:42 PM","1:06",null,null,"Patterson Free Throw 1 of 2 (9 PTS)","93 - 100","7"],["0041400133",564,3,12,4,"10:42 PM","1:06",null,null,"Patterson Free Throw 2 of 2 (10 PTS)","94 - 100","6"],["0041400133",567,9,2,4,"10:43 PM","1:03","WIZARDS Timeout: Short (Full 4 Short 2)",null,null,null,null],["0041400133",568,9,2,4,"10:43 PM","1:03","WIZARDS Timeout: Short (Full 4 Short 3)",null,null,null,null],["0041400133",569,5,1,4,"10:45 PM","0:57","Porter Bad Pass Turnover (P2.T17)",null,"Ross STEAL (2 STL)",null,null],["0041400133",570,1,46,4,"10:45 PM","0:50",null,null,"Lowry 10' Running Jump Shot (12 PTS)","96 - 100","4"],["0041400133",571,6,1,4,"10:45 PM","0:47",null,null,"Ross P.FOUL (P4.PN) (S.Corbin)",null,null],["0041400133",572,3,11,4,"10:45 PM","0:47","Pierce Free Throw 1 of 2 (14 PTS)",null,null,"96 - 101","5"],["0041400133",574,3,12,4,"10:46 PM","0:47","Pierce Free Throw 2 of 2 (15 PTS)",null,null,"96 - 102","6"],["0041400133",577,1,79,4,"10:46 PM","0:40",null,null,"Lowry 30' 3PT Pullup Jump Shot (15 PTS)","99 - 102","3"],["0041400133",578,1,1,4,"10:47 PM","0:16","Pierce 27' 3PT Jump Shot (18 PTS) (Wall 15 AST)",null,null,"99 - 105","6"],["0041400133",580,18,0,4,"10:47 PM","0:16",null,null,null,null,null],["0041400133",583,2,1,4,"10:50 PM","0:08",null,null,"MISS Lowry 28' 3PT Jump Shot",null,null],["0041400133",584,4,0,4,"10:50 PM","0:08",null,null,"Raptors Rebound",null,null],["0041400133",585,2,1,4,"10:50 PM","0:05",null,null,"MISS DeRozan 24' 3PT Jump Shot",null,null],["0041400133",586,4,0,4,"10:50 PM","0:04","Porter REBOUND (Off:2 Def:6)",null,null,null,null],["0041400133",587,6,1,4,"10:50 PM","0:04",null,null,"Johnson P.FOUL (P5.PN) (T.Brothers)",null,null],["0041400133",588,3,11,4,"10:50 PM","0:04","MISS Porter Free Throw 1 of 2",null,null,null,null],["0041400133",589,4,1,4,"10:50 PM","0:04","WIZARDS Rebound",null,null,null,null],["0041400133",590,3,12,4,"10:51 PM","0:04","Porter Free Throw 2 of 2 (11 PTS)",null,null,"99 - 106","7"],["0041400133",592,9,2,4,"10:51 PM","0:04",null,null,"Raptors Timeout: Short (Reg.5 Short 2)",null,null],["0041400133",594,8,0,4,"10:52 PM","0:04",null,null,"SUB: Williams FOR Johnson",null,null],["0041400133",595,2,1,4,"10:52 PM","0:00",null,null,"MISS Williams  3PT Jump Shot",null,null],["0041400133",596,4,0,4,"10:52 PM","0:00","Gortat REBOUND (Off:2 Def:11)",null,null,null,null],["0041400133",597,13,0,4,"10:52 PM","0:00",null,null,null,"99 - 106","7"]]},{"name":"AvailableVideo","headers":["VIDEO_AVAILABLE_FLAG"],"rowSet":[[1]]}]}