{"resource":"playbyplay","parameters":{"GameID":"0041400123","StartPeriod":0,"EndPeriod":14},"resultSets":[{"name":"PlayByPlay","headers":["GAME_ID","EVENTNUM","EVENTMSGTYPE","EVENTMSGACTIONTYPE","PERIOD","WCTIMESTRING","PCTIMESTRING","HOMEDESCRIPTION","NEUTRALDESCRIPTION","VISITORDESCRIPTION","SCORE","SCOREMARGIN"],"rowSet":[["0041400123",0,12,0,1,"8:11 PM","12:00",null,null,null,null,null],["0041400123",1,10,0,1,"8:11 PM","12:00","Jump Ball Pachulia vs. Gasol: Tip to Ilyasova",null,null,null,null],["0041400123",3,2,1,1,"8:11 PM","11:36","MISS Middleton 26' 3PT Jump Shot",null,null,null,null],["0041400123",4,4,0,1,"8:11 PM","11:35",null,null,"Gasol REBOUND (Off:0 Def:1)",null,null],["0041400123",5,1,52,1,"8:12 PM","11:21",null,null,"Butler  Alley Oop Dunk (2 PTS) (Dunleavy 1 AST)","2 - 0","-2"],["0041400123",6,2,1,1,"8:12 PM","11:05","MISS Ilyasova 4' Jump Shot",null,"Gasol BLOCK (1 BLK)",null,null],["0041400123",7,4,0,1,"8:12 PM","11:03",null,null,"Gasol REBOUND (Off:0 Def:2)",null,null],["0041400123",8,1,1,1,"8:12 PM","10:54",null,null,"Rose 26' 3PT Jump Shot (3 PTS)","5 - 0","-5"],["0041400123",9,1,85,1,"8:12 PM","10:41","Carter-Williams 10' Turnaround Bank Shot (2 PTS)",null,null,"5 - 2","-3"],["0041400123",10,5,1,1,"8:12 PM","10:28",null,null,"Rose Bad Pass Turnover (P1.T1)",null,null],["0041400123",11,2,1,1,"8:13 PM","10:12","MISS Pachulia 14' Jump Shot",null,null,null,null],["0041400123",12,4,0,1,"8:13 PM","10:11",null,null,"Noah REBOUND (Off:0 Def:1)",null,null],["0041400123",13,1,1,1,"8:13 PM","9:49",null,null,"Butler 14' Jump Shot (4 PTS) (Noah 1 AST)","7 - 2","-5"],["0041400123",14,2,5,1,"8:14 PM","9:32","MISS Pachulia  Layup",null,null,null,null],["0041400123",15,4,0,1,"8:14 PM","9:31","Pachulia REBOUND (Off:1 Def:0)",null,null,null,null],["0041400123",16,5,1,1,"8:14 PM","9:25","Carter-Williams Bad Pass Turnover (P1.T1)",null,"Rose STEAL (1 STL)",null,null],["0041400123",17,5,1,1,"8:14 PM","9:11","Carter-Williams STEAL (1 STL)",null,"Noah Bad Pass Turnover (P1.T2)",null,null],["0041400123",18,6,2,1,"8:14 PM","9:07",null,null,"Butler S.FOUL (P1.T1) (E.Malloy)",null,null],["0041400123",19,3,11,1,"8:14 PM","9:07","Antetokounmpo Free Throw 1 of 2 (1 PTS)",null,null,"7 - 3","-4"],["0041400123",21,3,12,1,"8:15 PM","9:07","Antetokounmpo Free Throw 2 of 2 (2 PTS)",null,null,"7 - 4","-3"],["0041400123",23,2,1,1,"8:15 PM","8:52",null,null,"MISS Butler 25' 3PT Jump Shot",null,null],["0041400123",24,4,0,1,"8:15 PM","8:50","Carter-Williams REBOUND (Off:0 Def:1)",null,null,null,null],["0041400123",25,5,1,1,"8:15 PM","8:38","Ilyasova Bad Pass Turnover (P1.T2)",null,"Butler STEAL (1 STL)",null,null],["0041400123",26,1,66,1,"8:16 PM","8:30",null,null,"Rose 26' 3PT Jump Bank Shot (6 PTS)","10 - 4","-6"],["0041400123",27,2,1,1,"8:16 PM","8:12","MISS Carter-Williams 12' Jump Shot",null,null,null,null],["0041400123",29,4,0,1,"8:16 PM","8:11","Pachulia REBOUND (Off:2 Def:0)",null,null,null,null],["0041400123",28,2,4,1,"8:16 PM","8:11","MISS Pachulia  Tip Shot",null,null,null,null],["0041400123",30,4,0,1,"8:16 PM","8:10",null,null,"Gasol REBOUND (Off:0 Def:3)",null,null],["0041400123",31,2,1,1,"8:16 PM","8:02",null,null,"MISS Rose 26' 3PT Jump Shot",null,null],["0041400123",32,4,0,1,"8:16 PM","8:02","BUCKS Rebound",null,null,null,null],["0041400123",33,1,1,1,"8:16 PM","7:50","Middleton 24' 3PT Jump Shot (3 PTS) (Carter-Williams 1 AST)",null,null,"10 - 7","-3"],["0041400123",34,2,1,1,"8:17 PM","7:38",null,null,"MISS Butler 19' Jump Shot",null,null],["0041400123",35,4,0,1,"8:17 PM","7:37","Pachulia REBOUND (Off:2 Def:1)",null,null,null,null],["0041400123",36,1,1,1,"8:17 PM","7:27","Middleton 9' Jump Shot (5 PTS) (Carter-Williams 2 AST)",null,null,"10 - 9","-1"],["0041400123",37,2,1,1,"8:17 PM","7:01","Ilyasova BLOCK (1 BLK)",null,"MISS Dunleavy 5' Jump Shot",null,null],["0041400123",38,4,0,1,"8:17 PM","6:59","Ilyasova REBOUND (Off:0 Def:1)",null,null,null,null],["0041400123",39,1,5,1,"8:17 PM","6:56","Antetokounmpo  Layup (4 PTS) (Middleton 1 AST)",null,null,"10 - 11","1"],["0041400123",40,1,1,1,"8:18 PM","6:30",null,null,"Gasol 16' Jump Shot (2 PTS) (Rose 1 AST)","12 - 11","-1"],["0041400123",41,2,5,1,"8:18 PM","6:13","MISS Pachulia  Layup",null,"Noah BLOCK (1 BLK)",null,null],["0041400123",42,4,0,1,"8:18 PM","6:10",null,null,"Dunleavy REBOUND (Off:0 Def:1)",null,null],["0041400123",43,6,2,1,"8:19 PM","5:47","Ilyasova S.FOUL (P1.T1) (K.Mauer)",null,null,null,null],["0041400123",44,9,1,1,"8:19 PM","5:47","BUCKS Timeout: Regular (Full 1 Short 0)",null,null,null,null],["0041400123",46,8,0,1,"8:21 PM","5:47","SUB: Henson FOR Pachulia",null,null,null,null],["0041400123",47,3,13,1,"8:22 PM","5:47",null,null,"Butler Free Throw 1 of 3 (5 PTS)","13 - 11","-2"],["0041400123",49,3,14,1,"8:22 PM","5:47",null,null,"Butler Free Throw 2 of 3 (6 PTS)","14 - 11","-3"],["0041400123",51,3,15,1,"8:22 PM","5:47",null,null,"Butler Free Throw 3 of 3 (7 PTS)","15 - 11","-4"],["0041400123",53,1,7,1,"8:23 PM","5:28","Henson  Dunk (2 PTS) (Antetokounmpo 1 AST)",null,null,"15 - 13","-2"],["0041400123",54,5,11,1,"8:23 PM","5:01",null,null,"Bulls Turnover: Shot Clock (T#3)",null,null],["0041400123",55,1,1,1,"8:24 PM","4:41","Ilyasova 26' 3PT Jump Shot (3 PTS) (Carter-Williams 3 AST)",null,null,"15 - 16","1"],["0041400123",56,2,1,1,"8:24 PM","4:16",null,null,"MISS Noah 6' Jump Shot",null,null],["0041400123",57,4,0,1,"8:24 PM","4:14","Ilyasova REBOUND (Off:0 Def:2)",null,null,null,null],["0041400123",58,1,71,1,"8:24 PM","4:06","Carter-Williams 1' Finger Roll Layup (4 PTS)",null,null,"15 - 18","3"],["0041400123",59,2,1,1,"8:25 PM","3:51",null,null,"MISS Dunleavy 28' 3PT Jump Shot",null,null],["0041400123",60,4,0,1,"8:25 PM","3:50",null,null,"Noah REBOUND (Off:1 Def:1)",null,null],["0041400123",61,1,1,1,"8:25 PM","3:46",null,null,"Gasol 13' Jump Shot (4 PTS) (Noah 2 AST)","17 - 18","1"],["0041400123",62,2,1,1,"8:25 PM","3:31","MISS Ilyasova 20' Jump Shot",null,null,null,null],["0041400123",63,4,0,1,"8:25 PM","3:30",null,null,"Noah REBOUND (Off:1 Def:2)",null,null],["0041400123",64,6,2,1,"8:25 PM","3:21","Antetokounmpo S.FOUL (P1.T2) (K.Mauer)",null,null,null,null],["0041400123",65,3,11,1,"8:26 PM","3:21",null,null,"MISS Gasol Free Throw 1 of 2",null,null],["0041400123",66,4,1,1,"8:26 PM","3:21",null,null,"Bulls Rebound",null,null],["0041400123",67,8,0,1,"8:26 PM","3:21",null,null,"SUB: Snell FOR Butler",null,null],["0041400123",68,8,0,1,"8:26 PM","3:21",null,null,"SUB: Gibson FOR Noah",null,null],["0041400123",69,3,12,1,"8:26 PM","3:21",null,null,"Gasol Free Throw 2 of 2 (5 PTS)","18 - 18","TIE"],["0041400123",71,2,1,1,"8:26 PM","3:02","MISS Antetokounmpo 18' Jump Shot",null,null,null,null],["0041400123",73,4,0,1,"8:26 PM","2:59","Henson REBOUND (Off:1 Def:0)",null,null,null,null],["0041400123",72,1,7,1,"8:26 PM","2:59","Henson  Dunk (4 PTS)",null,null,"18 - 20","2"],["0041400123",74,5,1,1,"8:26 PM","2:49","Carter-Williams STEAL (2 STL)",null,"Snell Bad Pass Turnover (P1.T4)",null,null],["0041400123",75,1,1,1,"8:27 PM","2:39","Ilyasova 22' Jump Shot (5 PTS) (Middleton 2 AST)",null,null,"18 - 22","4"],["0041400123",76,9,1,1,"8:27 PM","2:31",null,null,"Bulls Timeout: Regular (Reg.1 Short 0)",null,null],["0041400123",78,6,2,1,"8:30 PM","2:15","Carter-Williams S.FOUL (P1.T3) (K.Mauer)",null,null,null,null],["0041400123",79,3,11,1,"8:30 PM","2:15",null,null,"Snell Free Throw 1 of 2 (1 PTS)","19 - 22","3"],["0041400123",81,3,12,1,"8:30 PM","2:15",null,null,"Snell Free Throw 2 of 2 (2 PTS)","20 - 22","2"],["0041400123",83,2,1,1,"8:31 PM","1:59","MISS Ilyasova 18' Jump Shot",null,null,null,null],["0041400123",84,4,0,1,"8:31 PM","1:58","Antetokounmpo REBOUND (Off:1 Def:0)",null,null,null,null],["0041400123",85,1,5,1,"8:31 PM","1:57","Antetokounmpo  Layup (6 PTS)",null,null,"20 - 24","4"],["0041400123",86,5,1,1,"8:31 PM","1:42","Ilyasova STEAL (1 STL)",null,"Gasol Bad Pass Turnover (P1.T5)",null,null],["0041400123",87,6,2,1,"8:31 PM","1:32",null,null,"Dunleavy S.FOUL (P1.T2) (E.Malloy)",null,null],["0041400123",88,3,11,1,"8:32 PM","1:32","MISS Antetokounmpo Free Throw 1 of 2",null,null,null,null],["0041400123",89,4,1,1,"8:32 PM","1:32","BUCKS Rebound",null,null,null,null],["0041400123",90,8,0,1,"8:32 PM","1:32","SUB: Dudley FOR Ilyasova",null,null,null,null],["0041400123",91,8,0,1,"8:32 PM","1:32",null,null,"SUB: Hinrich FOR Dunleavy",null,null],["0041400123",92,3,12,1,"8:32 PM","1:32","Antetokounmpo Free Throw 2 of 2 (7 PTS)",null,null,"20 - 25","5"],["0041400123",94,1,1,1,"8:32 PM","1:15",null,null,"Snell 26' 3PT Jump Shot (5 PTS) (Gasol 1 AST)","23 - 25","2"],["0041400123",95,2,47,1,"8:33 PM","0:53","MISS Middleton 16' Turnaround Jump Shot",null,null,null,null],["0041400123",96,4,0,1,"8:33 PM","0:52","Antetokounmpo REBOUND (Off:2 Def:0)",null,null,null,null],["0041400123",97,1,71,1,"8:33 PM","0:47","Antetokounmpo  Finger Roll Layup (9 PTS)",null,null,"23 - 27","4"],["0041400123",98,1,5,1,"8:33 PM","0:30",null,null,"Gibson 1' Layup (2 PTS) (Gasol 2 AST)","25 - 27","2"],["0041400123",99,2,5,1,"8:34 PM","0:16","MISS Henson 2' Layup",null,null,null,null],["0041400123",100,4,0,1,"8:34 PM","0:13",null,null,"Gibson REBOUND (Off:0 Def:1)",null,null],["0041400123",101,1,1,1,"8:34 PM","0:01",null,null,"Rose 7' Jump Shot (8 PTS)","27 - 27","TIE"],["0041400123",102,2,1,1,"8:34 PM","0:00","MISS Carter-Williams 63' 3PT Jump Shot",null,null,null,null],["0041400123",103,4,0,1,"8:34 PM","0:00","BUCKS Rebound",null,null,null,null],["0041400123",104,13,0,1,"8:34 PM","0:00",null,null,null,"27 - 27","TIE"],["0041400123",106,12,0,2,"8:37 PM","12:00",null,null,null,"27 - 27","TIE"],["0041400123",107,2,1,2,"8:38 PM","11:42",null,null,"MISS Snell 26' 3PT Jump Shot",null,null],["0041400123",108,4,0,2,"8:38 PM","11:40","Henson REBOUND (Off:1 Def:1)",null,null,null,null],["0041400123",109,6,1,2,"8:38 PM","11:35",null,null,"Snell P.FOUL (P1.T1) (K.Mauer)",null,null],["0041400123",110,2,1,2,"8:38 PM","11:17","MISS Henson 15' Jump Shot",null,null,null,null],["0041400123",111,4,0,2,"8:38 PM","11:16",null,null,"Brooks REBOUND (Off:0 Def:1)",null,null],["0041400123",112,2,1,2,"8:39 PM","11:00",null,null,"MISS Hinrich 27' 3PT Jump Shot",null,null],["0041400123",113,4,0,2,"8:39 PM","10:58","Bayless REBOUND (Off:0 Def:1)",null,null,null,null],["0041400123",114,6,1,2,"8:39 PM","10:58",null,null,"Brooks P.FOUL (P1.T2) (E.Malloy)",null,null],["0041400123",116,5,2,2,"8:39 PM","10:44","Mayo Lost Ball Turnover (P1.T3)",null,"Hinrich STEAL (1 STL)",null,null],["0041400123",117,5,1,2,"8:39 PM","10:36","Dudley STEAL (1 STL)",null,"Noah Bad Pass Turnover (P2.T6)",null,null],["0041400123",118,2,1,2,"8:39 PM","10:30","MISS Bayless 25' 3PT Jump Shot",null,null,null,null],["0041400123",119,4,0,2,"8:39 PM","10:29","Henson REBOUND (Off:2 Def:1)",null,null,null,null],["0041400123",120,6,2,2,"8:40 PM","10:22",null,null,"Noah S.FOUL (P1.T3) (B.Forte)",null,null],["0041400123",121,3,11,2,"8:40 PM","10:22","Antetokounmpo Free Throw 1 of 2 (10 PTS)",null,null,"27 - 28","1"],["0041400123",123,8,0,2,"8:40 PM","10:22",null,null,"SUB: Butler FOR Snell",null,null],["0041400123",124,3,12,2,"8:40 PM","10:22","MISS Antetokounmpo Free Throw 2 of 2",null,null,null,null],["0041400123",126,4,0,2,"8:41 PM","10:21","Henson REBOUND (Off:3 Def:1)",null,null,null,null],["0041400123",127,1,1,2,"8:41 PM","10:10","Dudley 15' Jump Shot (2 PTS) (Bayless 1 AST)",null,null,"27 - 30","3"],["0041400123",128,1,46,2,"8:41 PM","9:47",null,null,"Brooks 7' Running Jump Shot (2 PTS)","29 - 30","1"],["0041400123",129,1,5,2,"8:41 PM","9:41","Antetokounmpo 1' Layup (12 PTS) (Bayless 2 AST)",null,null,"29 - 32","3"],["0041400123",130,6,2,2,"8:41 PM","9:41",null,null,"Brooks S.FOUL (P2.T4) (K.Mauer)",null,null],["0041400123",131,3,10,2,"8:42 PM","9:41","Antetokounmpo Free Throw 1 of 1 (13 PTS)",null,null,"29 - 33","4"],["0041400123",133,5,1,2,"8:42 PM","9:29","Bayless STEAL (1 STL)",null,"Brooks Bad Pass Turnover (P1.T7)",null,null],["0041400123",134,6,2,2,"8:42 PM","9:26",null,null,"Hinrich S.FOUL (P1.PN) (E.Malloy)",null,null],["0041400123",135,3,11,2,"8:42 PM","9:26","MISS Henson Free Throw 1 of 2",null,null,null,null],["0041400123",136,4,1,2,"8:42 PM","9:26","BUCKS Rebound",null,null,null,null],["0041400123",137,3,12,2,"8:43 PM","9:26","Henson Free Throw 2 of 2 (5 PTS)",null,null,"29 - 34","5"],["0041400123",139,2,3,2,"8:43 PM","9:07","Henson BLOCK (1 BLK)",null,"MISS Gibson 3' Hook Shot",null,null],["0041400123",140,4,0,2,"8:43 PM","9:04","Antetokounmpo REBOUND (Off:2 Def:1)",null,null,null,null],["0041400123",141,1,1,2,"8:43 PM","8:57","Antetokounmpo 14' Jump Shot (15 PTS)",null,null,"29 - 36","7"],["0041400123",142,5,1,2,"8:43 PM","8:46",null,null,"Brooks Bad Pass Turnover (P2.T8)",null,null],["0041400123",143,9,4,2,"8:44 PM","8:46",null,null,null,null,null],["0041400123",145,2,3,2,"8:46 PM","8:33","MISS Antetokounmpo  Hook Shot",null,null,null,null],["0041400123",147,4,0,2,"8:46 PM","8:31","Henson REBOUND (Off:4 Def:1)",null,null,null,null],["0041400123",146,1,4,2,"8:46 PM","8:31","Henson 2' Tip Shot (7 PTS)",null,null,"29 - 38","9"],["0041400123",148,5,1,2,"8:47 PM","8:16","Dudley STEAL (2 STL)",null,"Butler Bad Pass Turnover (P1.T9)",null,null],["0041400123",149,2,5,2,"8:47 PM","8:11","MISS Antetokounmpo 1' Layup",null,null,null,null],["0041400123",150,4,0,2,"8:47 PM","8:09",null,null,"Noah REBOUND (Off:1 Def:3)",null,null],["0041400123",151,1,5,2,"8:47 PM","8:00",null,null,"Noah  Layup (2 PTS) (Gibson 1 AST)","31 - 38","7"],["0041400123",152,1,7,2,"8:47 PM","7:48","Henson  Dunk (9 PTS) (Mayo 1 AST)",null,null,"31 - 40","9"],["0041400123",156,2,45,2,"8:48 PM","7:19",null,null,"MISS Butler 20' Jump Shot",null,null],["0041400123",154,4,0,2,"8:48 PM","7:17","Bayless REBOUND (Off:0 Def:2)",null,null,null,null],["0041400123",155,6,29,2,"8:48 PM","7:13",null,null,"Brooks Shooting Block Foul (P3.PN) (K.Mauer)",null,null],["0041400123",157,3,11,2,"8:48 PM","7:13","MISS Bayless Free Throw 1 of 2",null,null,null,null],["0041400123",158,4,1,2,"8:48 PM","7:13","BUCKS Rebound",null,null,null,null],["0041400123",159,8,0,2,"8:48 PM","7:13",null,null,"SUB: Rose FOR Brooks",null,null],["0041400123",160,8,0,2,"8:48 PM","7:13",null,null,"SUB: Dunleavy FOR Hinrich",null,null],["0041400123",161,3,12,2,"8:49 PM","7:13","Bayless Free Throw 2 of 2 (1 PTS)",null,null,"31 - 41","10"],["0041400123",163,2,5,2,"8:49 PM","6:52",null,null,"MISS Noah 1' Layup",null,null],["0041400123",164,4,0,2,"8:49 PM","6:50","Henson REBOUND (Off:4 Def:2)",null,null,null,null],["0041400123",165,1,5,2,"8:49 PM","6:45","Mayo  Layup (2 PTS)",null,null,"31 - 43","12"],["0041400123",166,2,1,2,"8:49 PM","6:29",null,null,"MISS Gibson 11' Jump Shot",null,null],["0041400123",167,4,0,2,"8:50 PM","6:29",null,null,"Bulls Rebound",null,null],["0041400123",168,6,3,2,"8:50 PM","6:29","Dudley L.B.FOUL (P1.T1) (B.Forte)",null,null,null,null],["0041400123",169,2,1,2,"8:50 PM","6:21",null,null,"MISS Gibson 17' Jump Shot",null,null],["0041400123",170,4,0,2,"8:50 PM","6:19","Mayo REBOUND (Off:0 Def:1)",null,null,null,null],["0041400123",171,1,1,2,"8:50 PM","6:14","Dudley 25' 3PT Jump Shot (5 PTS) (Mayo 2 AST)",null,null,"31 - 46","15"],["0041400123",172,9,1,2,"8:50 PM","6:03",null,null,"Bulls Timeout: Regular (Reg.2 Short 0)",null,null],["0041400123",174,8,0,2,"8:52 PM","6:03",null,null,"SUB: Gasol FOR Gibson",null,null],["0041400123",175,8,0,2,"8:53 PM","6:03","SUB: Pachulia FOR Henson",null,null,null,null],["0041400123",176,8,0,2,"8:53 PM","6:03","SUB: Middleton FOR Antetokounmpo",null,null,null,null],["0041400123",177,2,1,2,"8:53 PM","5:47",null,null,"MISS Rose 11' Jump Shot",null,null],["0041400123",178,4,0,2,"8:53 PM","5:46","Pachulia REBOUND (Off:2 Def:2)",null,null,null,null],["0041400123",179,5,2,2,"8:54 PM","5:27","Mayo Lost Ball Turnover (P2.T4)",null,"Gasol STEAL (1 STL)",null,null],["0041400123",180,6,28,2,"8:54 PM","5:26","Dudley Personal Take Foul (P2.T2) (K.Mauer)",null,null,null,null],["0041400123",181,2,1,2,"8:54 PM","5:04",null,null,"MISS Butler 27' 3PT Jump Shot",null,null],["0041400123",182,4,0,2,"8:54 PM","5:02","Pachulia REBOUND (Off:2 Def:3)",null,null,null,null],["0041400123",183,1,1,2,"8:54 PM","4:54","Dudley 24' 3PT Jump Shot (8 PTS) (Mayo 3 AST)",null,null,"31 - 49","18"],["0041400123",184,5,11,2,"8:55 PM","4:26",null,null,"Bulls Turnover: Shot Clock (T#10)",null,null],["0041400123",185,2,5,2,"8:55 PM","4:17","MISS Bayless 1' Layup",null,null,null,null],["0041400123",186,4,0,2,"8:55 PM","4:15",null,null,"Gasol REBOUND (Off:0 Def:4)",null,null],["0041400123",187,6,2,2,"8:56 PM","4:04","Pachulia S.FOUL (P1.T3) (E.Malloy)",null,null,null,null],["0041400123",188,3,11,2,"8:56 PM","4:04",null,null,"Gasol Free Throw 1 of 2 (6 PTS)","32 - 49","17"],["0041400123",190,8,0,2,"8:56 PM","4:04","SUB: Carter-Williams FOR Bayless",null,null,null,null],["0041400123",191,3,12,2,"8:56 PM","4:04",null,null,"Gasol Free Throw 2 of 2 (7 PTS)","33 - 49","16"],["0041400123",193,5,2,2,"8:57 PM","3:53","Carter-Williams Lost Ball Turnover (P2.T5)",null,"Butler STEAL (2 STL)",null,null],["0041400123",194,1,1,2,"8:57 PM","3:44",null,null,"Rose 4' Jump Shot (10 PTS)","35 - 49","14"],["0041400123",195,1,5,2,"8:57 PM","3:32","Dudley 1' Layup (10 PTS) (Middleton 3 AST)",null,null,"35 - 51","16"],["0041400123",196,1,1,2,"8:57 PM","3:17",null,null,"Dunleavy 25' 3PT Jump Shot (3 PTS) (Rose 2 AST)","38 - 51","13"],["0041400123",197,6,1,2,"8:57 PM","3:08",null,null,"Noah P.FOUL (P2.PN) (K.Mauer)",null,null],["0041400123",198,3,11,2,"8:58 PM","3:08","MISS Dudley Free Throw 1 of 2",null,null,null,null],["0041400123",199,4,1,2,"8:58 PM","3:08","BUCKS Rebound",null,null,null,null],["0041400123",200,8,0,2,"8:58 PM","3:08",null,null,"SUB: Gibson FOR Noah",null,null],["0041400123",201,3,12,2,"8:58 PM","3:08","MISS Dudley Free Throw 2 of 2",null,null,null,null],["0041400123",203,4,0,2,"8:58 PM","3:07",null,null,"Gasol REBOUND (Off:0 Def:5)",null,null],["0041400123",204,1,5,2,"8:58 PM","2:55",null,null,"Gibson  Layup (4 PTS) (Gasol 3 AST)","40 - 51","11"],["0041400123",205,9,1,2,"8:58 PM","2:51","BUCKS Timeout: Regular (Full 2 Short 0)",null,null,null,null],["0041400123",207,8,0,2,"9:01 PM","2:51","SUB: Ilyasova FOR Dudley",null,null,null,null],["0041400123",208,8,0,2,"9:01 PM","2:51","SUB: Antetokounmpo FOR Mayo",null,null,null,null],["0041400123",209,2,1,2,"9:02 PM","2:40","MISS Antetokounmpo 7' Jump Shot",null,"Butler BLOCK (1 BLK)",null,null],["0041400123",210,4,0,2,"9:02 PM","2:38",null,null,"Gasol REBOUND (Off:0 Def:6)",null,null],["0041400123",211,1,52,2,"9:02 PM","2:34",null,null,"Butler  Alley Oop Dunk (9 PTS) (Dunleavy 2 AST)","42 - 51","9"],["0041400123",213,2,1,2,"9:02 PM","2:18","MISS Antetokounmpo 18' Jump Shot",null,null,null,null],["0041400123",214,4,0,2,"9:02 PM","2:17",null,null,"Rose REBOUND (Off:0 Def:1)",null,null],["0041400123",215,1,1,2,"9:02 PM","2:09",null,null,"Gasol 19' Jump Shot (9 PTS) (Butler 1 AST)","44 - 51","7"],["0041400123",216,10,0,2,"9:03 PM","1:45","Jump Ball Pachulia vs. Gibson: Tip to Carter-Williams",null,null,null,null],["0041400123",217,2,1,2,"9:03 PM","1:40","MISS Carter-Williams 27' 3PT Jump Shot",null,null,null,null],["0041400123",218,4,0,2,"9:03 PM","1:39",null,null,"Gibson REBOUND (Off:0 Def:2)",null,null],["0041400123",219,1,1,2,"9:03 PM","1:32",null,null,"Rose 25' 3PT Jump Shot (13 PTS) (Dunleavy 3 AST)","47 - 51","4"],["0041400123",220,2,1,2,"9:04 PM","1:07","MISS Antetokounmpo 5' Jump Shot",null,null,null,null],["0041400123",221,4,0,2,"9:04 PM","1:05",null,null,"Rose REBOUND (Off:0 Def:2)",null,null],["0041400123",222,1,1,2,"9:04 PM","1:00",null,null,"Butler 4' Jump Shot (11 PTS)","49 - 51","2"],["0041400123",223,9,2,2,"9:04 PM","1:00","BUCKS Timeout: Short (Full 2 Short 1)",null,null,null,null],["0041400123",224,1,1,2,"9:06 PM","0:40","Antetokounmpo 18' Jump Shot (17 PTS) (Middleton 4 AST)",null,null,"49 - 53","4"],["0041400123",226,2,63,2,"9:06 PM","0:17",null,null,"MISS Gasol 6' Fadeaway Jumper",null,null],["0041400123",227,4,0,2,"9:06 PM","0:16","Antetokounmpo REBOUND (Off:2 Def:2)",null,null,null,null],["0041400123",231,18,0,2,"9:07 PM","0:00",null,null,null,"49 - 53","4"],["0041400123",228,13,0,2,"9:07 PM","0:00",null,null,null,"49 - 53","4"],["0041400123",232,12,0,3,"9:23 PM","12:00",null,null,null,"49 - 53","4"],["0041400123",233,2,1,3,"9:23 PM","11:42",null,null,"MISS Butler 25' 3PT Jump Shot",null,null],["0041400123",234,4,0,3,"9:23 PM","11:40","Ilyasova REBOUND (Off:0 Def:3)",null,null,null,null],["0041400123",235,2,1,3,"9:23 PM","11:28","MISS Carter-Williams 5' Jump Shot",null,null,null,null],["0041400123",236,4,0,3,"9:23 PM","11:27",null,null,"Gasol REBOUND (Off:0 Def:7)",null,null],["0041400123",237,1,1,3,"9:24 PM","11:11",null,null,"Dunleavy 25' 3PT Jump Shot (6 PTS) (Rose 3 AST)","52 - 53","1"],["0041400123",238,1,5,3,"9:24 PM","10:56","Carter-Williams  Layup (6 PTS)",null,null,"52 - 55","3"],["0041400123",239,7,5,3,"9:24 PM","10:45","Pachulia Violation:Kicked Ball (E.Malloy)",null,null,null,null],["0041400123",240,1,1,3,"9:24 PM","10:41",null,null,"Gasol 16' Jump Shot (11 PTS) (Rose 4 AST)","54 - 55","1"],["0041400123",241,2,1,3,"9:25 PM","10:15","MISS Antetokounmpo 19' Jump Shot",null,null,null,null],["0041400123",242,4,0,3,"9:25 PM","10:15",null,null,"Bulls Rebound",null,null],["0041400123",243,2,1,3,"9:25 PM","10:00",null,null,"MISS Gasol 16' Jump Shot",null,null],["0041400123",244,4,0,3,"9:25 PM","9:58","Antetokounmpo REBOUND (Off:2 Def:3)",null,null,null,null],["0041400123",245,2,5,3,"9:25 PM","9:53","MISS Ilyasova 2' Layup",null,"Gasol BLOCK (2 BLK)",null,null],["0041400123",246,4,0,3,"9:25 PM","9:53","BUCKS Rebound",null,null,null,null],["0041400123",247,2,1,3,"9:26 PM","9:43","MISS Carter-Williams 17' Jump Shot",null,null,null,null],["0041400123",248,4,0,3,"9:26 PM","9:42",null,null,"Noah REBOUND (Off:1 Def:4)",null,null],["0041400123",249,2,5,3,"9:26 PM","9:35","Pachulia BLOCK (1 BLK)",null,"MISS Dunleavy 1' Layup",null,null],["0041400123",250,4,0,3,"9:26 PM","9:32",null,null,"Dunleavy REBOUND (Off:1 Def:1)",null,null],["0041400123",251,1,1,3,"9:26 PM","9:29",null,null,"Dunleavy 24' 3PT Jump Shot (9 PTS) (Gasol 4 AST)","57 - 55","-2"],["0041400123",252,1,5,3,"9:26 PM","9:15","Carter-Williams  Layup (8 PTS)",null,null,"57 - 57","TIE"],["0041400123",253,2,1,3,"9:26 PM","9:01",null,null,"MISS Rose 26' 3PT Jump Shot",null,null],["0041400123",254,4,0,3,"9:26 PM","8:59",null,null,"Noah REBOUND (Off:2 Def:4)",null,null],["0041400123",255,6,2,3,"9:27 PM","8:54","Ilyasova S.FOUL (P2.T1) (K.Mauer)",null,null,null,null],["0041400123",256,3,11,3,"9:27 PM","8:54",null,null,"Rose Free Throw 1 of 2 (14 PTS)","58 - 57","-1"],["0041400123",258,3,12,3,"9:27 PM","8:54",null,null,"Rose Free Throw 2 of 2 (15 PTS)","59 - 57","-2"],["0041400123",260,5,2,3,"9:28 PM","8:39","Carter-Williams Lost Ball Turnover (P3.T6)",null,"Rose STEAL (2 STL)",null,null],["0041400123",261,6,2,3,"9:28 PM","8:35","Pachulia S.FOUL (P2.T2) (B.Forte)",null,null,null,null],["0041400123",262,18,0,3,"9:28 PM","8:35",null,null,null,null,null],["0041400123",263,3,11,3,"9:30 PM","8:35",null,null,"Butler Free Throw 1 of 2 (12 PTS)","60 - 57","-3"],["0041400123",265,3,12,3,"9:30 PM","8:35",null,null,"Butler Free Throw 2 of 2 (13 PTS)","61 - 57","-4"],["0041400123",267,1,63,3,"9:31 PM","8:15","Ilyasova 19' Fadeaway Jumper (7 PTS)",null,null,"61 - 59","-2"],["0041400123",268,2,1,3,"9:31 PM","7:49",null,null,"MISS Butler  3PT Jump Shot",null,null],["0041400123",269,4,0,3,"9:31 PM","7:47","Ilyasova REBOUND (Off:0 Def:4)",null,null,null,null],["0041400123",271,1,1,3,"9:32 PM","7:22","Carter-Williams 17' Jump Shot (10 PTS) (Middleton 5 AST)",null,null,"61 - 61","TIE"],["0041400123",272,2,5,3,"9:32 PM","7:05","Antetokounmpo BLOCK (1 BLK)",null,"MISS Noah 2' Layup",null,null],["0041400123",273,4,0,3,"9:32 PM","7:02","Antetokounmpo REBOUND (Off:2 Def:4)",null,null,null,null],["0041400123",274,2,5,3,"9:32 PM","7:00","MISS Antetokounmpo 1' Layup",null,null,null,null],["0041400123",275,4,0,3,"9:32 PM","7:00",null,null,"Bulls Rebound",null,null],["0041400123",276,6,3,3,"9:32 PM","7:00","Carter-Williams L.B.FOUL (P2.T3) (E.Malloy)",null,null,null,null],["0041400123",277,2,5,3,"9:33 PM","6:50",null,null,"MISS Noah  Layup",null,null],["0041400123",278,4,0,3,"9:33 PM","6:48","Ilyasova REBOUND (Off:0 Def:5)",null,null,null,null],["0041400123",279,5,4,3,"9:33 PM","6:39","Antetokounmpo Traveling Turnover (P1.T7)",null,null,null,null],["0041400123",280,2,1,3,"9:33 PM","6:33",null,null,"MISS Dunleavy 25' 3PT Jump Shot",null,null],["0041400123",281,4,0,3,"9:33 PM","6:32","Pachulia REBOUND (Off:2 Def:4)",null,null,null,null],["0041400123",282,1,5,3,"9:33 PM","6:27","Antetokounmpo  Layup (19 PTS) (Middleton 6 AST)",null,null,"61 - 63","2"],["0041400123",283,6,2,3,"9:33 PM","6:27",null,null,"Dunleavy S.FOUL (P2.T1) (B.Forte)",null,null],["0041400123",284,3,10,3,"9:34 PM","6:27","MISS Antetokounmpo Free Throw 1 of 1",null,null,null,null],["0041400123",286,4,0,3,"9:34 PM","6:26","BUCKS Rebound",null,null,null,null],["0041400123",287,2,1,3,"9:34 PM","6:18","MISS Middleton 18' Jump Shot",null,null,null,null],["0041400123",288,4,0,3,"9:34 PM","6:17",null,null,"Noah REBOUND (Off:2 Def:5)",null,null],["0041400123",289,1,42,3,"9:35 PM","6:00",null,null,"Rose  Driving Layup (17 PTS)","63 - 63","TIE"],["0041400123",290,7,1,3,"9:35 PM","5:58",null,null,"Bulls Violation: Delay of game Violation",null,null],["0041400123",291,1,1,3,"9:35 PM","5:40","Pachulia 18' Jump Shot (2 PTS) (Antetokounmpo 2 AST)",null,null,"63 - 65","2"],["0041400123",292,1,1,3,"9:35 PM","5:24",null,null,"Butler 26' 3PT Jump Shot (16 PTS) (Rose 5 AST)","66 - 65","-1"],["0041400123",293,2,1,3,"9:36 PM","5:09","MISS Ilyasova 16' Jump Shot",null,null,null,null],["0041400123",294,4,0,3,"9:36 PM","5:08","Middleton REBOUND (Off:1 Def:0)",null,null,null,null],["0041400123",295,6,2,3,"9:36 PM","5:08",null,null,"Dunleavy S.FOUL (P3.T2) (E.Malloy)",null,null],["0041400123",296,9,1,3,"9:36 PM","5:08","BUCKS Timeout: Regular (Full 3 Short 1)",null,null,null,null],["0041400123",298,8,0,3,"9:38 PM","5:08","SUB: Henson FOR Pachulia",null,null,null,null],["0041400123",299,3,11,3,"9:39 PM","5:08","Middleton Free Throw 1 of 2 (6 PTS)",null,null,"66 - 66","TIE"],["0041400123",301,3,12,3,"9:39 PM","5:08","Middleton Free Throw 2 of 2 (7 PTS)",null,null,"66 - 67","1"],["0041400123",303,1,1,3,"9:40 PM","4:48",null,null,"Dunleavy 24' 3PT Jump Shot (12 PTS) (Rose 6 AST)","69 - 67","-2"],["0041400123",304,2,1,3,"9:40 PM","4:20","MISS Carter-Williams 25' 3PT Jump Shot",null,null,null,null],["0041400123",305,4,0,3,"9:40 PM","4:18",null,null,"Dunleavy REBOUND (Off:1 Def:2)",null,null],["0041400123",306,5,1,3,"9:40 PM","4:08","Henson STEAL (1 STL)",null,"Noah Bad Pass Turnover (P3.T11)",null,null],["0041400123",307,6,1,3,"9:40 PM","4:05",null,null,"Butler P.FOUL (P2.T3) (K.Mauer)",null,null],["0041400123",308,8,0,3,"9:41 PM","4:05","SUB: Bayless FOR Carter-Williams",null,null,null,null],["0041400123",309,8,0,3,"9:41 PM","4:05",null,null,"SUB: Gibson FOR Noah",null,null],["0041400123",310,2,1,3,"9:41 PM","3:58","MISS Ilyasova 24' 3PT Jump Shot",null,null,null,null],["0041400123",311,4,0,3,"9:41 PM","3:58",null,null,"Bulls Rebound",null,null],["0041400123",312,1,78,3,"9:41 PM","3:45",null,null,"Rose 11' Floating Jump Shot (19 PTS)","71 - 67","-4"],["0041400123",313,5,2,3,"9:42 PM","3:25","Henson Lost Ball Turnover (P1.T8)",null,"Dunleavy STEAL (1 STL)",null,null],["0041400123",314,1,1,3,"9:42 PM","3:12",null,null,"Rose 28' 3PT Jump Shot (22 PTS) (Gasol 5 AST)","74 - 67","-7"],["0041400123",315,9,1,3,"9:42 PM","3:12","BUCKS Timeout: Regular (Full 4 Short 1)",null,null,null,null],["0041400123",316,8,0,3,"9:44 PM","3:12","SUB: Dudley FOR Ilyasova",null,null,null,null],["0041400123",317,2,1,3,"9:45 PM","2:55","MISS Middleton 27' 3PT Jump Shot",null,null,null,null],["0041400123",318,4,0,3,"9:45 PM","2:53","Bayless REBOUND (Off:1 Def:2)",null,null,null,null],["0041400123",319,6,1,3,"9:45 PM","2:49",null,null,"Rose P.FOUL (P1.T4) (K.Mauer)",null,null],["0041400123",320,1,5,3,"9:46 PM","2:41","Henson 1' Layup (11 PTS) (Middleton 7 AST)",null,null,"74 - 69","-5"],["0041400123",321,2,1,3,"9:46 PM","2:16",null,null,"MISS Rose 20' Jump Shot",null,null],["0041400123",322,4,0,3,"9:46 PM","2:14","Henson REBOUND (Off:4 Def:3)",null,null,null,null],["0041400123",323,2,1,3,"9:46 PM","2:05","MISS Dudley 26' 3PT Jump Shot",null,null,null,null],["0041400123",324,4,0,3,"9:46 PM","2:04",null,null,"Dunleavy REBOUND (Off:1 Def:3)",null,null],["0041400123",325,6,1,3,"9:47 PM","1:53","Henson P.FOUL (P1.T4) (K.Mauer)",null,null,null,null],["0041400123",326,8,0,3,"9:47 PM","1:53",null,null,"SUB: Brooks FOR Rose",null,null],["0041400123",327,2,1,3,"9:47 PM","1:38",null,null,"MISS Brooks 27' 3PT Jump Shot",null,null],["0041400123",328,4,0,3,"9:47 PM","1:37","Henson REBOUND (Off:4 Def:4)",null,null,null,null],["0041400123",329,2,1,3,"9:47 PM","1:26","MISS Bayless 18' Jump Shot",null,null,null,null],["0041400123",330,4,0,3,"9:47 PM","1:25",null,null,"Butler REBOUND (Off:0 Def:1)",null,null],["0041400123",331,2,1,3,"9:48 PM","1:03",null,null,"MISS Brooks 25' 3PT Jump Shot",null,null],["0041400123",332,4,0,3,"9:48 PM","1:02","Henson REBOUND (Off:4 Def:5)",null,null,null,null],["0041400123",333,2,5,3,"9:48 PM","0:44","MISS Dudley 1' Layup",null,null,null,null],["0041400123",334,4,0,3,"9:48 PM","0:43","Antetokounmpo REBOUND (Off:3 Def:4)",null,null,null,null],["0041400123",335,1,5,3,"9:48 PM","0:43","Antetokounmpo 1' Layup (21 PTS)",null,null,"74 - 71","-3"],["0041400123",336,2,1,3,"9:49 PM","0:16",null,null,"MISS Brooks 14' Jump Shot",null,null],["0041400123",337,4,0,3,"9:49 PM","0:15",null,null,"Brooks REBOUND (Off:1 Def:1)",null,null],["0041400123",338,2,1,3,"9:49 PM","0:00",null,null,"MISS Butler 19' Jump Shot",null,null],["0041400123",339,4,0,3,"9:49 PM","0:00",null,null,"Bulls Rebound",null,null],["0041400123",340,13,0,3,"9:49 PM","0:00",null,null,null,"74 - 71","-3"],["0041400123",342,12,0,4,"9:52 PM","12:00",null,null,null,"74 - 71","-3"],["0041400123",343,6,2,4,"9:52 PM","11:44",null,null,"Snell S.FOUL (P2.T1) (B.Forte)",null,null],["0041400123",344,3,11,4,"9:53 PM","11:44","Dudley Free Throw 1 of 2 (11 PTS)",null,null,"74 - 72","-2"],["0041400123",346,3,12,4,"9:53 PM","11:44","MISS Dudley Free Throw 2 of 2",null,null,null,null],["0041400123",348,4,0,4,"9:53 PM","11:42",null,null,"Noah REBOUND (Off:2 Def:6)",null,null],["0041400123",349,2,1,4,"9:53 PM","11:23",null,null,"MISS Butler 26' 3PT Jump Shot",null,null],["0041400123",350,4,0,4,"9:53 PM","11:21",null,null,"Gibson REBOUND (Off:1 Def:2)",null,null],["0041400123",351,5,1,4,"9:54 PM","11:18","Mayo STEAL (1 STL)",null,"Gibson Bad Pass Turnover (P1.T12)",null,null],["0041400123",352,2,1,4,"9:54 PM","11:05","MISS Mayo 26' 3PT Jump Shot",null,null,null,null],["0041400123",353,4,0,4,"9:54 PM","11:03","Henson REBOUND (Off:5 Def:5)",null,null,null,null],["0041400123",354,2,5,4,"9:54 PM","10:59","MISS Mayo 1' Layup",null,null,null,null],["0041400123",355,4,0,4,"9:54 PM","10:58",null,null,"Noah REBOUND (Off:2 Def:7)",null,null],["0041400123",356,2,5,4,"9:54 PM","10:36","Henson BLOCK (2 BLK)",null,"MISS Brooks  Layup",null,null],["0041400123",357,4,0,4,"9:54 PM","10:34","Henson REBOUND (Off:5 Def:6)",null,null,null,null],["0041400123",358,2,1,4,"9:54 PM","10:21","MISS Bayless 17' Jump Shot",null,null,null,null],["0041400123",359,4,0,4,"9:54 PM","10:20",null,null,"Butler REBOUND (Off:0 Def:2)",null,null],["0041400123",360,1,44,4,"9:55 PM","9:57",null,null,"Gibson  Reverse Layup (6 PTS) (Noah 3 AST)","76 - 72","-4"],["0041400123",361,2,1,4,"9:55 PM","9:38","MISS Antetokounmpo 18' Jump Shot",null,null,null,null],["0041400123",362,4,0,4,"9:55 PM","9:37",null,null,"Gibson REBOUND (Off:1 Def:3)",null,null],["0041400123",363,6,1,4,"9:56 PM","9:24","Henson P.FOUL (P2.T1) (B.Forte)",null,null,null,null],["0041400123",364,8,0,4,"9:56 PM","9:24","SUB: Carter-Williams FOR Bayless",null,null,null,null],["0041400123",365,1,1,4,"9:56 PM","9:11",null,null,"Snell 26' 3PT Jump Shot (8 PTS) (Gibson 2 AST)","79 - 72","-7"],["0041400123",367,9,4,4,"9:57 PM","8:53",null,null,null,null,null],["0041400123",369,8,0,4,"9:58 PM","8:53",null,null,"SUB: Rose FOR Brooks",null,null],["0041400123",370,8,0,4,"9:59 PM","8:53","SUB: Middleton FOR Antetokounmpo",null,null,null,null],["0041400123",371,2,1,4,"9:59 PM","8:47","MISS Middleton 17' Jump Shot",null,null,null,null],["0041400123",372,4,0,4,"9:59 PM","8:46",null,null,"Gibson REBOUND (Off:1 Def:4)",null,null],["0041400123",373,1,1,4,"10:00 PM","8:25",null,null,"Rose 27' 3PT Jump Shot (25 PTS) (Butler 2 AST)","82 - 72","-10"],["0041400123",374,6,2,4,"10:00 PM","8:09",null,null,"Noah S.FOUL (P3.T2) (K.Mauer)",null,null],["0041400123",375,3,11,4,"10:00 PM","8:09","MISS Henson Free Throw 1 of 2",null,null,null,null],["0041400123",376,4,1,4,"10:00 PM","8:09","BUCKS Rebound",null,null,null,null],["0041400123",377,3,12,4,"10:01 PM","8:09","Henson Free Throw 2 of 2 (12 PTS)",null,null,"82 - 73","-9"],["0041400123",379,2,1,4,"10:01 PM","7:57",null,null,"MISS Butler 18' Jump Shot",null,null],["0041400123",380,4,0,4,"10:01 PM","7:56","Carter-Williams REBOUND (Off:0 Def:2)",null,null,null,null],["0041400123",381,1,5,4,"10:01 PM","7:50","Carter-Williams  Layup (12 PTS)",null,null,"82 - 75","-7"],["0041400123",382,1,1,4,"10:02 PM","7:20",null,null,"Rose 16' Jump Shot (27 PTS)","84 - 75","-9"],["0041400123",383,2,1,4,"10:02 PM","7:06","MISS Carter-Williams 11' Jump Shot",null,null,null,null],["0041400123",384,4,0,4,"10:02 PM","7:05",null,null,"Gibson REBOUND (Off:1 Def:5)",null,null],["0041400123",385,2,1,4,"10:02 PM","6:57",null,null,"MISS Rose 25' 3PT Jump Shot",null,null],["0041400123",386,4,0,4,"10:02 PM","6:56",null,null,"Gibson REBOUND (Off:2 Def:5)",null,null],["0041400123",387,1,41,4,"10:02 PM","6:50",null,null,"Butler 1' Running Layup (18 PTS)","86 - 75","-11"],["0041400123",388,1,5,4,"10:03 PM","6:27","Carter-Williams 1' Layup (14 PTS) (Dudley 1 AST)",null,null,"86 - 77","-9"],["0041400123",389,6,2,4,"10:03 PM","6:27",null,null,"Noah S.FOUL (P4.T3) (E.Malloy)",null,null],["0041400123",390,3,10,4,"10:03 PM","6:27","Carter-Williams Free Throw 1 of 1 (15 PTS)",null,null,"86 - 78","-8"],["0041400123",394,2,1,4,"10:04 PM","6:05",null,null,"MISS Rose 20' Jump Shot",null,null],["0041400123",395,4,0,4,"10:04 PM","6:04",null,null,"Gibson REBOUND (Off:3 Def:5)",null,null],["0041400123",396,2,1,4,"10:04 PM","5:50",null,null,"MISS Gibson 15' Jump Shot",null,null],["0041400123",397,4,0,4,"10:04 PM","5:49","Mayo REBOUND (Off:0 Def:2)",null,null,null,null],["0041400123",398,2,5,4,"10:04 PM","5:28","MISS Carter-Williams 1' Layup",null,null,null,null],["0041400123",399,4,0,4,"10:04 PM","5:26",null,null,"Gibson REBOUND (Off:3 Def:6)",null,null],["0041400123",400,6,2,4,"10:04 PM","5:22","Henson S.FOUL (P3.T2) (B.Forte)",null,null,null,null],["0041400123",401,9,1,4,"10:05 PM","5:22","BUCKS Timeout: Regular (Full 5 Short 1)",null,null,null,null],["0041400123",403,8,0,4,"10:07 PM","5:22","SUB: Antetokounmpo FOR Dudley",null,null,null,null],["0041400123",404,3,11,4,"10:07 PM","5:22",null,null,"Butler Free Throw 1 of 2 (19 PTS)","87 - 78","-9"],["0041400123",406,3,12,4,"10:08 PM","5:22",null,null,"Butler Free Throw 2 of 2 (20 PTS)","88 - 78","-10"],["0041400123",408,1,1,4,"10:08 PM","5:11","Mayo 15' Jump Shot (4 PTS) (Carter-Williams 4 AST)",null,null,"88 - 80","-8"],["0041400123",409,5,1,4,"10:08 PM","4:49","Middleton STEAL (1 STL)",null,"Butler Bad Pass Turnover (P2.T13)",null,null],["0041400123",410,6,1,4,"10:08 PM","4:45",null,null,"Rose P.FOUL (P2.T4) (B.Forte)",null,null],["0041400123",411,7,5,4,"10:09 PM","4:32",null,null,"Butler Violation:Kicked Ball (B.Forte)",null,null],["0041400123",412,2,5,4,"10:09 PM","4:22","MISS Antetokounmpo  Layup",null,"Gibson BLOCK (1 BLK)",null,null],["0041400123",413,4,0,4,"10:09 PM","4:19",null,null,"Noah REBOUND (Off:2 Def:8)",null,null],["0041400123",414,2,1,4,"10:10 PM","4:04",null,null,"MISS Rose 18' Jump Shot",null,null],["0041400123",415,4,0,4,"10:10 PM","3:57","Henson REBOUND (Off:5 Def:7)",null,null,null,null],["0041400123",416,1,1,4,"10:10 PM","3:51","Carter-Williams 17' Jump Shot (17 PTS)",null,null,"88 - 82","-6"],["0041400123",417,1,1,4,"10:10 PM","3:28",null,null,"Snell 26' 3PT Jump Shot (11 PTS) (Rose 7 AST)","91 - 82","-9"],["0041400123",418,1,83,4,"10:11 PM","3:09","Antetokounmpo 8' Fadeaway Bank Shot (23 PTS)",null,null,"91 - 84","-7"],["0041400123",419,1,1,4,"10:11 PM","2:51",null,null,"Snell  3PT Jump Shot (14 PTS) (Noah 4 AST)","94 - 84","-10"],["0041400123",420,1,44,4,"10:11 PM","2:40","Henson  Reverse Layup (14 PTS) (Carter-Williams 5 AST)",null,null,"94 - 86","-8"],["0041400123",421,2,1,4,"10:11 PM","2:22",null,null,"MISS Snell 26' 3PT Jump Shot",null,null],["0041400123",422,4,0,4,"10:11 PM","2:20",null,null,"Noah REBOUND (Off:3 Def:8)",null,null],["0041400123",423,5,2,4,"10:12 PM","2:11","Mayo STEAL (2 STL)",null,"Rose Lost Ball Turnover (P2.T14)",null,null],["0041400123",424,2,5,4,"10:12 PM","2:06","MISS Mayo 2' Layup",null,"Butler BLOCK (2 BLK)",null,null],["0041400123",425,4,0,4,"10:12 PM","2:06","BUCKS Rebound",null,null,null,null],["0041400123",426,9,1,4,"10:12 PM","2:06",null,null,"Bulls Timeout: Regular (Reg.3 Short 0)",null,null],["0041400123",428,8,0,4,"10:14 PM","2:06",null,null,"SUB: Gasol FOR Noah",null,null],["0041400123",429,2,1,4,"10:15 PM","2:02","MISS Middleton 19' Jump Shot",null,null,null,null],["0041400123",431,4,0,4,"10:15 PM","2:01","Carter-Williams REBOUND (Off:1 Def:2)",null,null,null,null],["0041400123",430,2,4,4,"10:15 PM","2:01","MISS Carter-Williams 1' Tip Shot",null,null,null,null],["0041400123",432,4,0,4,"10:15 PM","1:59",null,null,"Gasol REBOUND (Off:0 Def:8)",null,null],["0041400123",433,2,5,4,"10:15 PM","1:43","Henson BLOCK (3 BLK)",null,"MISS Gibson 1' Layup",null,null],["0041400123",434,4,0,4,"10:15 PM","1:43",null,null,"Bulls Rebound",null,null],["0041400123",435,9,1,4,"10:15 PM","1:43",null,null,"Bulls Timeout: Regular (Reg.4 Short 0)",null,null],["0041400123",437,2,1,4,"10:17 PM","1:38",null,null,"MISS Rose 18' Jump Shot",null,null],["0041400123",438,4,0,4,"10:17 PM","1:37","Carter-Williams REBOUND (Off:1 Def:3)",null,null,null,null],["0041400123",439,1,1,4,"10:18 PM","1:27","Middleton 26' 3PT Jump Shot (10 PTS) (Carter-Williams 6 AST)",null,null,"94 - 89","-5"],["0041400123",440,2,5,4,"10:18 PM","1:05","Antetokounmpo BLOCK (2 BLK)",null,"MISS Gasol 1' Layup",null,null],["0041400123",441,4,0,4,"10:18 PM","1:02","Middleton REBOUND (Off:1 Def:1)",null,null,null,null],["0041400123",442,1,1,4,"10:18 PM","0:55","Middleton 26' 3PT Jump Shot (13 PTS) (Carter-Williams 7 AST)",null,null,"94 - 92","-2"],["0041400123",443,9,2,4,"10:18 PM","0:55",null,null,"Bulls Timeout: Short (Reg.4 Short 1)",null,null],["0041400123",444,2,1,4,"10:20 PM","0:42",null,null,"MISS Snell 27' 3PT Jump Shot",null,null],["0041400123",445,4,0,4,"10:20 PM","0:42","BUCKS Rebound",null,null,null,null],["0041400123",446,6,3,4,"10:20 PM","0:42",null,null,"Gasol L.B.FOUL (P1.PN) (E.Malloy)",null,null],["0041400123",447,3,11,4,"10:21 PM","0:42","Henson Free Throw 1 of 2 (15 PTS)",null,null,"94 - 93","-1"],["0041400123",449,3,12,4,"10:21 PM","0:42","MISS Henson Free Throw 2 of 2",null,null,null,null],["0041400123",451,4,0,4,"10:21 PM","0:40",null,null,"Gasol REBOUND (Off:0 Def:9)",null,null],["0041400123",452,9,2,4,"10:21 PM","0:33",null,null,"Bulls Timeout: Short (Reg.4 Short 2)",null,null],["0041400123",453,2,5,4,"10:22 PM","0:23",null,null,"MISS Rose 2' Layup",null,null],["0041400123",454,4,0,4,"10:23 PM","0:23","BUCKS Rebound",null,null,null,null],["0041400123",455,8,0,4,"10:23 PM","0:23",null,null,"SUB: Noah FOR Gasol",null,null],["0041400123",456,1,1,4,"10:23 PM","0:10","Middleton 14' Jump Shot (15 PTS) (Carter-Williams 8 AST)",null,null,"94 - 95","1"],["0041400123",457,6,2,4,"10:23 PM","0:04","Antetokounmpo S.FOUL (P2.T3) (E.Malloy)",null,null,null,null],["0041400123",458,3,11,4,"10:24 PM","0:04",null,null,"MISS Rose Free Throw 1 of 2",null,null],["0041400123",459,4,1,4,"10:24 PM","0:04",null,null,"Bulls Rebound",null,null],["0041400123",460,8,0,4,"10:24 PM","0:04","SUB: Pachulia FOR Mayo",null,null,null,null],["0041400123",461,3,12,4,"10:25 PM","0:04",null,null,"Rose Free Throw 2 of 2 (28 PTS)","95 - 95","TIE"],["0041400123",463,9,1,4,"10:25 PM","0:04","BUCKS Timeout: Regular (Full 6 Short 1)",null,null,null,null],["0041400123",465,8,0,4,"10:26 PM","0:04","SUB: Mayo FOR Pachulia",null,null,null,null],["0041400123",466,2,1,4,"10:27 PM","0:01","MISS Middleton 27' 3PT Jump Shot",null,null,null,null],["0041400123",467,4,0,4,"10:27 PM","0:00",null,null,"Gibson REBOUND (Off:3 Def:7)",null,null],["0041400123",468,13,0,4,"10:27 PM","0:00",null,null,null,"95 - 95","TIE"],["0041400123",469,12,0,5,"10:29 PM","5:00",null,null,null,"95 - 95","TIE"],["0041400123",470,10,0,5,"10:30 PM","4:58","Jump Ball Henson vs. Gasol: Tip to Noah",null,null,null,null],["0041400123",471,1,5,5,"10:30 PM","4:46",null,null,"Butler  Layup (22 PTS)","97 - 95","-2"],["0041400123",472,6,2,5,"10:30 PM","4:46","Carter-Williams S.FOUL (P3.T1) (K.Mauer)",null,null,null,null],["0041400123",473,3,10,5,"10:30 PM","4:46",null,null,"MISS Butler Free Throw 1 of 1",null,null],["0041400123",475,4,0,5,"10:30 PM","4:45","Henson REBOUND (Off:5 Def:8)",null,null,null,null],["0041400123",476,2,1,5,"10:31 PM","4:29","MISS Antetokounmpo 8' Jump Shot",null,null,null,null],["0041400123",477,4,0,5,"10:31 PM","4:29",null,null,"Gasol REBOUND (Off:0 Def:10)",null,null],["0041400123",478,6,1,5,"10:31 PM","4:29","Antetokounmpo P.FOUL (P3.T2) (K.Mauer)",null,null,null,null],["0041400123",479,5,1,5,"10:31 PM","4:09",null,null,"Butler Bad Pass Turnover (P3.T15)",null,null],["0041400123",480,1,1,5,"10:32 PM","3:53","Mayo 17' Jump Shot (6 PTS)",null,null,"97 - 97","TIE"],["0041400123",481,1,1,5,"10:32 PM","3:37",null,null,"Snell 17' Jump Shot (16 PTS) (Rose 8 AST)","99 - 97","-2"],["0041400123",482,2,5,5,"10:32 PM","3:22","MISS Carter-Williams 1' Layup",null,null,null,null],["0041400123",484,4,0,5,"10:32 PM","3:20","Antetokounmpo REBOUND (Off:4 Def:4)",null,null,null,null],["0041400123",483,2,4,5,"10:32 PM","3:20","MISS Antetokounmpo  Tip Shot",null,null,null,null],["0041400123",485,4,0,5,"10:32 PM","3:19","Antetokounmpo REBOUND (Off:5 Def:4)",null,null,null,null],["0041400123",488,1,42,5,"10:33 PM","3:12","Middleton 1' Driving Layup (17 PTS)",null,null,"99 - 99","TIE"],["0041400123",489,2,5,5,"10:33 PM","2:45",null,null,"MISS Butler 2' Layup",null,null],["0041400123",491,4,0,5,"10:33 PM","2:43",null,null,"Gasol REBOUND (Off:1 Def:10)",null,null],["0041400123",490,1,5,5,"10:33 PM","2:43",null,null,"Gasol  Layup (13 PTS)","101 - 99","-2"],["0041400123",492,1,1,5,"10:33 PM","2:31","Mayo 15' Jump Shot (8 PTS) (Carter-Williams 9 AST)",null,null,"101 - 101","TIE"],["0041400123",493,2,1,5,"10:34 PM","2:12",null,null,"MISS Gasol 19' Jump Shot",null,null],["0041400123",494,4,0,5,"10:34 PM","2:10",null,null,"Rose REBOUND (Off:1 Def:2)",null,null],["0041400123",495,5,39,5,"10:34 PM","1:56",null,null,"Gasol Step Out of Bounds Turnover (P2.T16)",null,null],["0041400123",496,2,1,5,"10:34 PM","1:42","MISS Middleton 24' 3PT Jump Shot",null,null,null,null],["0041400123",497,4,0,5,"10:34 PM","1:41",null,null,"Butler REBOUND (Off:0 Def:3)",null,null],["0041400123",498,5,41,5,"10:35 PM","1:23",null,null,"Rose Poss Lost Ball Turnover (P3.T17)",null,null],["0041400123",499,18,1,5,"10:35 PM","1:23",null,null,null,null,null],["0041400123",500,8,0,5,"10:36 PM","1:23",null,null,"SUB: Gibson FOR Gasol",null,null],["0041400123",504,2,45,5,"10:37 PM","1:08","MISS Mayo  3PT Jump Shot",null,null,null,null],["0041400123",502,4,0,5,"10:37 PM","1:06","Henson REBOUND (Off:6 Def:8)",null,null,null,null],["0041400123",505,2,1,5,"10:37 PM","0:45","MISS Middleton 15' Jump Shot",null,null,null,null],["0041400123",506,4,0,5,"10:37 PM","0:44",null,null,"Bulls Rebound",null,null],["0041400123",507,18,0,5,"10:38 PM","0:44",null,null,null,null,null],["0041400123",509,8,0,5,"10:39 PM","0:44",null,null,"SUB: Gasol FOR Gibson",null,null],["0041400123",510,2,1,5,"10:40 PM","0:19",null,null,"MISS Butler 26' 3PT Jump Shot",null,null],["0041400123",511,4,0,5,"10:40 PM","0:18","Mayo REBOUND (Off:0 Def:3)",null,null,null,null],["0041400123",512,2,1,5,"10:40 PM","0:00","MISS Mayo 15' Jump Shot",null,null,null,null],["0041400123",513,4,0,5,"10:40 PM","0:00","BUCKS Rebound",null,null,null,null],["0041400123",514,13,0,5,"10:40 PM","0:00",null,null,null,"101 - 101","TIE"],["0041400123",516,12,0,6,"10:42 PM","5:00",null,null,null,"101 - 101","TIE"],["0041400123",517,10,0,6,"10:43 PM","4:58","Jump Ball Henson vs. Gasol: Tip to Antetokounmpo",null,null,null,null],["0041400123",518,5,1,6,"10:43 PM","4:41","Antetokounmpo Bad Pass Turnover (P2.T9)",null,"Butler STEAL (3 STL)",null,null],["0041400123",519,1,7,6,"10:43 PM","4:36",null,null,"Butler  Dunk (24 PTS)","103 - 101","-2"],["0041400123",520,6,1,6,"10:43 PM","4:26",null,null,"Snell P.FOUL (P3.T1) (B.Forte)",null,null],["0041400123",521,5,1,6,"10:44 PM","4:20","Mayo Bad Pass Turnover (P3.T10)",null,"Rose STEAL (3 STL)",null,null],["0041400123",522,6,1,6,"10:44 PM","4:16","Carter-Williams P.FOUL (P4.T1) (B.Forte)",null,null,null,null],["0041400123",523,6,2,6,"10:44 PM","4:12","Henson S.FOUL (P4.T2) (E.Malloy)",null,null,null,null],["0041400123",524,3,11,6,"10:45 PM","4:12",null,null,"Rose Free Throw 1 of 2 (29 PTS)","104 - 101","-3"],["0041400123",526,3,12,6,"10:45 PM","4:12",null,null,"Rose Free Throw 2 of 2 (30 PTS)","105 - 101","-4"],["0041400123",528,2,1,6,"10:45 PM","4:01","MISS Middleton 15' Jump Shot",null,null,null,null],["0041400123",529,4,0,6,"10:45 PM","4:00",null,null,"Rose REBOUND (Off:1 Def:3)",null,null],["0041400123",530,2,1,6,"10:46 PM","3:45",null,null,"MISS Snell 24' 3PT Jump Shot",null,null],["0041400123",531,4,0,6,"10:46 PM","3:44","Antetokounmpo REBOUND (Off:5 Def:5)",null,null,null,null],["0041400123",532,2,1,6,"10:46 PM","3:26","MISS Carter-Williams 13' Jump Shot",null,null,null,null],["0041400123",533,4,0,6,"10:46 PM","3:25",null,null,"Gasol REBOUND (Off:1 Def:11)",null,null],["0041400123",534,1,51,6,"10:46 PM","3:11",null,null,"Gasol  Reverse Dunk (15 PTS) (Noah 5 AST)","107 - 101","-6"],["0041400123",535,5,2,6,"10:46 PM","2:53","Carter-Williams Lost Ball Turnover (P4.T11)",null,"Noah STEAL (1 STL)",null,null],["0041400123",536,6,1,6,"10:47 PM","2:53","Middleton P.FOUL (P1.T3) (K.Mauer)",null,null,null,null],["0041400123",537,1,1,6,"10:47 PM","2:44",null,null,"Rose 3' Jump Shot (32 PTS)","109 - 101","-8"],["0041400123",538,9,1,6,"10:47 PM","2:44","BUCKS Timeout: Regular (Full 7 Short 1)",null,null,null,null],["0041400123",540,5,2,6,"10:49 PM","2:30","Antetokounmpo Lost Ball Turnover (P3.T12)",null,"Noah STEAL (2 STL)",null,null],["0041400123",541,2,1,6,"10:50 PM","2:18",null,null,"MISS Rose 13' Jump Shot",null,null],["0041400123",543,4,0,6,"10:50 PM","2:16",null,null,"Rose REBOUND (Off:2 Def:3)",null,null],["0041400123",542,1,5,6,"10:50 PM","2:16",null,null,"Rose 1' Layup (34 PTS)","111 - 101","-10"],["0041400123",545,2,1,6,"10:50 PM","1:58","MISS Middleton 26' 3PT Jump Shot",null,null,null,null],["0041400123",546,4,0,6,"10:50 PM","1:57",null,null,"Noah REBOUND (Off:3 Def:9)",null,null],["0041400123",547,6,2,6,"10:50 PM","1:46","Mayo S.FOUL (P1.PN) (E.Malloy)",null,null,null,null],["0041400123",548,3,11,6,"10:51 PM","1:46",null,null,"MISS Noah Free Throw 1 of 2",null,null],["0041400123",549,4,1,6,"10:51 PM","1:46",null,null,"Bulls Rebound",null,null],["0041400123",550,3,12,6,"10:51 PM","1:46",null,null,"MISS Noah Free Throw 2 of 2",null,null],["0041400123",552,4,0,6,"10:51 PM","1:44","Middleton REBOUND (Off:1 Def:2)",null,null,null,null],["0041400123",553,2,1,6,"10:51 PM","1:35","MISS Mayo 16' Jump Shot",null,null,null,null],["0041400123",554,4,0,6,"10:51 PM","1:34",null,null,"Gasol REBOUND (Off:1 Def:12)",null,null],["0041400123",555,2,1,6,"10:52 PM","1:18",null,null,"MISS Butler 16' Jump Shot",null,null],["0041400123",556,4,0,6,"10:52 PM","1:15",null,null,"Gasol REBOUND (Off:2 Def:12)",null,null],["0041400123",557,6,2,6,"10:52 PM","1:15","Henson S.FOUL (P5.PN) (B.Forte)",null,null,null,null],["0041400123",558,3,11,6,"10:52 PM","1:15",null,null,"Gasol Free Throw 1 of 2 (16 PTS)","112 - 101","-11"],["0041400123",560,3,12,6,"10:52 PM","1:15",null,null,"Gasol Free Throw 2 of 2 (17 PTS)","113 - 101","-12"],["0041400123",562,1,1,6,"10:53 PM","1:02","Carter-Williams 17' Jump Shot (19 PTS)",null,null,"113 - 103","-10"],["0041400123",563,5,2,6,"10:53 PM","0:43","Middleton STEAL (2 STL)",null,"Snell Lost Ball Turnover (P2.T18)",null,null],["0041400123",564,6,2,6,"10:53 PM","0:41",null,null,"Snell S.FOUL (P4.T2) (B.Forte)",null,null],["0041400123",565,3,11,6,"10:53 PM","0:41","MISS Middleton Free Throw 1 of 2",null,null,null,null],["0041400123",566,4,1,6,"10:53 PM","0:41","BUCKS Rebound",null,null,null,null],["0041400123",567,3,12,6,"10:54 PM","0:41","Middleton Free Throw 2 of 2 (18 PTS)",null,null,"113 - 104","-9"],["0041400123",569,2,1,6,"10:54 PM","0:18",null,null,"MISS Rose 27' 3PT Jump Shot",null,null],["0041400123",570,4,0,6,"10:54 PM","0:17","Antetokounmpo REBOUND (Off:5 Def:6)",null,null,null,null],["0041400123",571,2,5,6,"10:54 PM","0:06","MISS Carter-Williams 1' Layup",null,null,null,null],["0041400123",572,4,0,6,"10:55 PM","0:06","Antetokounmpo REBOUND (Off:6 Def:6)",null,null,null,null],["0041400123",573,1,4,6,"10:55 PM","0:02","Antetokounmpo  Tip Shot (25 PTS)",null,null,"113 - 106","-7"],["0041400123",574,13,0,6,"10:55 PM","0:00",null,null,null,"113 - 106","-7"]]},{"name":"AvailableVideo","headers":["VIDEO_AVAILABLE_FLAG"],"rowSet":[[1]]}]}