{"resource":"playbyplay","parameters":{"GameID":"0041400205","StartPeriod":0,"EndPeriod":14},"resultSets":[{"name":"PlayByPlay","headers":["GAME_ID","EVENTNUM","EVENTMSGTYPE","EVENTMSGACTIONTYPE","PERIOD","WCTIMESTRING","PCTIMESTRING","HOMEDESCRIPTION","NEUTRALDESCRIPTION","VISITORDESCRIPTION","SCORE","SCOREMARGIN"],"rowSet":[["0041400205",0,12,0,1,"8:03 PM","12:00",null,null,null,null,null],["0041400205",1,10,0,1,"8:03 PM","12:00","Jump Ball Horford vs. Gortat: Tip to Wall",null,null,null,null],["0041400205",2,2,1,1,"8:04 PM","11:39",null,null,"MISS Beal 21' Jump Shot",null,null],["0041400205",3,4,0,1,"8:04 PM","11:36",null,null,"Nene REBOUND (Off:1 Def:0)",null,null],["0041400205",4,1,1,1,"8:04 PM","11:23",null,null,"Gortat 16' Jump Shot (2 PTS) (Pierce 1 AST)","2 - 0","-2"],["0041400205",5,5,1,1,"8:04 PM","11:10","Millsap Bad Pass Turnover (P1.T1)",null,null,null,null],["0041400205",6,5,40,1,"8:05 PM","10:58",null,null,"Beal Out of Bounds Lost Ball Turnover (P1.T1)",null,null],["0041400205",7,5,2,1,"8:05 PM","10:45","Teague Lost Ball Turnover (P1.T2)",null,"Gortat STEAL (1 STL)",null,null],["0041400205",8,1,41,1,"8:05 PM","10:41",null,null,"Wall 1' Running Layup (2 PTS)","4 - 0","-4"],["0041400205",9,2,81,1,"8:05 PM","10:27","MISS Teague 18' Pullup Bank Shot",null,null,null,null],["0041400205",10,4,0,1,"8:05 PM","10:26","Horford REBOUND (Off:1 Def:0)",null,null,null,null],["0041400205",11,2,1,1,"8:05 PM","10:23","MISS Carroll 25' 3PT Jump Shot",null,null,null,null],["0041400205",12,4,0,1,"8:05 PM","10:22",null,null,"Gortat REBOUND (Off:0 Def:1)",null,null],["0041400205",13,2,1,1,"8:05 PM","10:11",null,null,"MISS Nene 19' Jump Shot",null,null],["0041400205",14,4,0,1,"8:05 PM","10:09",null,null,"Gortat REBOUND (Off:1 Def:1)",null,null],["0041400205",15,2,47,1,"8:06 PM","10:06",null,null,"MISS Gortat 6' Turnaround Jump Shot",null,null],["0041400205",16,4,0,1,"8:06 PM","10:05","Carroll REBOUND (Off:0 Def:1)",null,null,null,null],["0041400205",17,1,1,1,"8:06 PM","9:50","Teague 24' 3PT Jump Shot (3 PTS) (Carroll 1 AST)",null,null,"4 - 3","-1"],["0041400205",18,6,2,1,"8:06 PM","9:37","Korver S.FOUL (P1.T1) (T.Brothers)",null,null,null,null],["0041400205",19,3,11,1,"8:06 PM","9:37",null,null,"Beal Free Throw 1 of 2 (1 PTS)","5 - 3","-2"],["0041400205",21,3,12,1,"8:06 PM","9:37",null,null,"Beal Free Throw 2 of 2 (2 PTS)","6 - 3","-3"],["0041400205",24,1,5,1,"8:07 PM","9:21","Carroll 1' Layup (2 PTS) (Millsap 1 AST)",null,null,"6 - 5","-1"],["0041400205",26,7,5,1,"8:07 PM","9:08","Horford Violation:Kicked Ball (.)",null,null,null,null],["0041400205",28,2,1,1,"8:08 PM","8:55",null,null,"MISS Pierce 24' 3PT Jump Shot",null,null],["0041400205",29,4,0,1,"8:08 PM","8:54","Millsap REBOUND (Off:0 Def:1)",null,null,null,null],["0041400205",30,1,1,1,"8:08 PM","8:40","Carroll 24' 3PT Jump Shot (5 PTS) (Millsap 2 AST)",null,null,"6 - 8","2"],["0041400205",31,2,5,1,"8:08 PM","8:32","Horford BLOCK (1 BLK)",null,"MISS Nene 1' Layup",null,null],["0041400205",32,4,0,1,"8:08 PM","8:31","HAWKS Rebound",null,null,null,null],["0041400205",33,1,77,1,"8:09 PM","8:15","Millsap 5' Driving Jump Shot (2 PTS) (Carroll 2 AST)",null,null,"6 - 10","4"],["0041400205",35,2,47,1,"8:09 PM","8:05","Horford BLOCK (2 BLK)",null,"MISS Gortat 10' Turnaround Jump Shot",null,null],["0041400205",36,4,0,1,"8:09 PM","8:03","Millsap REBOUND (Off:0 Def:2)",null,null,null,null],["0041400205",37,2,77,1,"8:09 PM","7:54","MISS Carroll 5' Driving Jump Shot",null,null,null,null],["0041400205",38,4,0,1,"8:09 PM","7:53",null,null,"Pierce REBOUND (Off:0 Def:1)",null,null],["0041400205",39,1,41,1,"8:09 PM","7:47",null,null,"Wall 1' Running Layup (4 PTS)","8 - 10","2"],["0041400205",40,6,1,1,"8:09 PM","7:42",null,null,"Beal P.FOUL (P1.T1) (T.Washington)",null,null],["0041400205",41,1,1,1,"8:10 PM","7:28","Horford 18' Jump Shot (2 PTS) (Carroll 3 AST)",null,null,"8 - 12","4"],["0041400205",42,2,88,1,"8:10 PM","7:10","Horford BLOCK (3 BLK)",null,"MISS Nene  Driving Slam Dunk",null,null],["0041400205",43,4,0,1,"8:10 PM","7:07","Horford REBOUND (Off:1 Def:1)",null,null,null,null],["0041400205",44,2,1,1,"8:10 PM","7:02","MISS Millsap 4' Jump Shot",null,null,null,null],["0041400205",45,4,0,1,"8:10 PM","7:00","Carroll REBOUND (Off:1 Def:1)",null,null,null,null],["0041400205",46,1,72,1,"8:10 PM","6:59","Carroll  Putback Layup (7 PTS)",null,null,"8 - 14","6"],["0041400205",47,1,1,1,"8:11 PM","6:34",null,null,"Beal 22' Jump Shot (4 PTS) (Gortat 1 AST)","10 - 14","4"],["0041400205",49,2,79,1,"8:11 PM","6:18","MISS Teague 10' Pullup Jump Shot",null,null,null,null],["0041400205",50,4,0,1,"8:11 PM","6:17",null,null,"Gortat REBOUND (Off:1 Def:2)",null,null],["0041400205",51,5,40,1,"8:11 PM","6:10",null,null,"Gortat Out of Bounds Lost Ball Turnover (P1.T2)",null,null],["0041400205",52,5,1,1,"8:11 PM","6:05","Teague Bad Pass Turnover (P2.T3)",null,"Gortat STEAL (2 STL)",null,null],["0041400205",53,5,2,1,"8:11 PM","6:00","Korver STEAL (1 STL)",null,"Beal Lost Ball Turnover (P2.T3)",null,null],["0041400205",54,1,79,1,"8:11 PM","5:50","Teague 16' Pullup Jump Shot (5 PTS)",null,null,"10 - 16","6"],["0041400205",55,1,47,1,"8:12 PM","5:28",null,null,"Gortat 12' Turnaround Jump Shot (4 PTS) (Beal 1 AST)","12 - 16","4"],["0041400205",56,9,1,1,"8:12 PM","5:22","HAWKS Timeout: Regular (Full 1 Short 0)",null,null,null,null],["0041400205",59,8,0,1,"8:15 PM","5:22","SUB: Antic FOR Horford",null,null,null,null],["0041400205",60,8,0,1,"8:15 PM","5:22","SUB: Bazemore FOR Korver",null,null,null,null],["0041400205",61,8,0,1,"8:15 PM","5:22",null,null,"SUB: Porter FOR Pierce",null,null],["0041400205",62,6,2,1,"8:16 PM","5:14",null,null,"Nene S.FOUL (P1.T2) (M.Callahan)",null,null],["0041400205",63,3,11,1,"8:16 PM","5:14","Antic Free Throw 1 of 2 (1 PTS)",null,null,"12 - 17","5"],["0041400205",65,3,12,1,"8:16 PM","5:14","Antic Free Throw 2 of 2 (2 PTS)",null,null,"12 - 18","6"],["0041400205",67,2,1,1,"8:17 PM","4:57",null,null,"MISS Porter 21' Jump Shot",null,null],["0041400205",68,4,0,1,"8:17 PM","4:55","Bazemore REBOUND (Off:0 Def:1)",null,null,null,null],["0041400205",69,2,5,1,"8:17 PM","4:38","MISS Millsap 1' Layup",null,null,null,null],["0041400205",70,4,0,1,"8:17 PM","4:36","Antic REBOUND (Off:1 Def:0)",null,null,null,null],["0041400205",71,5,2,1,"8:17 PM","4:30","Teague Lost Ball Turnover (P3.T4)",null,"Wall STEAL (1 STL)",null,null],["0041400205",72,6,1,1,"8:17 PM","4:30","Antic P.FOUL (P1.T2) (T.Brothers)",null,null,null,null],["0041400205",73,8,0,1,"8:17 PM","4:30",null,null,"SUB: Gooden FOR Nene",null,null],["0041400205",74,1,5,1,"8:18 PM","4:16",null,null,"Porter 1' Layup (2 PTS) (Wall 1 AST)","14 - 18","4"],["0041400205",76,2,1,1,"8:18 PM","3:58","MISS Antic 25' 3PT Jump Shot",null,null,null,null],["0041400205",77,4,0,1,"8:18 PM","3:57",null,null,"Gooden REBOUND (Off:0 Def:1)",null,null],["0041400205",78,2,79,1,"8:18 PM","3:48",null,null,"MISS Wall 20' Pullup Jump Shot",null,null],["0041400205",79,4,0,1,"8:18 PM","3:47","Bazemore REBOUND (Off:0 Def:2)",null,null,null,null],["0041400205",80,6,26,1,"8:18 PM","3:38","Bazemore Offensive Charge Foul (P1.T3) (T.Washington)",null,null,null,null],["0041400205",81,5,5,1,"8:18 PM","3:38","Bazemore Foul Turnover (P1.T5)",null,null,null,null],["0041400205",82,8,0,1,"8:19 PM","3:38","SUB: Schroder FOR Teague",null,null,null,null],["0041400205",83,1,5,1,"8:19 PM","3:28",null,null,"Gortat 1' Layup (6 PTS) (Wall 2 AST)","16 - 18","2"],["0041400205",85,2,1,1,"8:19 PM","3:12","MISS Schroder 9' Jump Shot",null,null,null,null],["0041400205",86,4,0,1,"8:19 PM","3:11",null,null,"Beal REBOUND (Off:0 Def:1)",null,null],["0041400205",87,2,5,1,"8:19 PM","3:06",null,null,"MISS Beal 1' Layup",null,null],["0041400205",88,4,0,1,"8:19 PM","3:03","Millsap REBOUND (Off:0 Def:3)",null,null,null,null],["0041400205",89,2,1,1,"8:20 PM","2:51","MISS Millsap 24' 3PT Jump Shot",null,null,null,null],["0041400205",90,4,0,1,"8:20 PM","2:50",null,null,"Beal REBOUND (Off:0 Def:2)",null,null],["0041400205",91,6,29,1,"8:20 PM","2:47","Schroder Shooting Block Foul (P1.T4) (M.Callahan)",null,null,null,null],["0041400205",92,9,1,1,"8:20 PM","2:47",null,null,"Wizards Timeout: Regular (Reg.1 Short 0)",null,null],["0041400205",93,8,0,1,"8:22 PM","2:47","SUB: Korver FOR Carroll",null,null,null,null],["0041400205",94,3,11,1,"8:23 PM","2:47",null,null,"Beal Free Throw 1 of 2 (5 PTS)","17 - 18","1"],["0041400205",96,3,12,1,"8:23 PM","2:47",null,null,"MISS Beal Free Throw 2 of 2",null,null],["0041400205",98,4,0,1,"8:24 PM","2:45","Bazemore REBOUND (Off:0 Def:3)",null,null,null,null],["0041400205",99,1,1,1,"8:24 PM","2:32","Millsap 4' Jump Shot (4 PTS) (Schroder 1 AST)",null,null,"17 - 20","3"],["0041400205",100,6,29,1,"8:24 PM","2:32",null,null,"Gooden Shooting Block Foul (P1.T3) (M.Callahan)",null,null],["0041400205",101,8,0,1,"8:24 PM","2:32",null,null,"SUB: Sessions FOR Beal",null,null],["0041400205",102,3,10,1,"8:24 PM","2:32","Millsap Free Throw 1 of 1 (5 PTS)",null,null,"17 - 21","4"],["0041400205",105,2,44,1,"8:25 PM","2:11","Korver BLOCK (1 BLK)",null,"MISS Gooden 1' Reverse Layup",null,null],["0041400205",106,4,0,1,"8:25 PM","2:09",null,null,"Gooden REBOUND (Off:1 Def:1)",null,null],["0041400205",107,2,72,1,"8:25 PM","2:08",null,null,"MISS Gooden 1' Putback Layup",null,null],["0041400205",108,4,0,1,"8:25 PM","2:06","Bazemore REBOUND (Off:0 Def:4)",null,null,null,null],["0041400205",109,5,4,1,"8:25 PM","1:56","Bazemore Traveling Turnover (P2.T6)",null,null,null,null],["0041400205",110,8,0,1,"8:25 PM","1:56","SUB: Muscala FOR Antic",null,null,null,null],["0041400205",111,8,0,1,"8:25 PM","1:56","SUB: Horford FOR Millsap",null,null,null,null],["0041400205",112,1,79,1,"8:26 PM","1:41",null,null,"Wall 13' Pullup Jump Shot (6 PTS)","19 - 21","2"],["0041400205",113,2,57,1,"8:26 PM","1:27","MISS Horford 6' Driving Hook Shot",null,null,null,null],["0041400205",114,4,0,1,"8:26 PM","1:24","Horford REBOUND (Off:2 Def:1)",null,null,null,null],["0041400205",115,5,2,1,"8:26 PM","1:17","Schroder Lost Ball Turnover (P1.T7)",null,"Gooden STEAL (1 STL)",null,null],["0041400205",116,2,5,1,"8:26 PM","1:12","Bazemore BLOCK (1 BLK)",null,"MISS Gooden 3' Layup",null,null],["0041400205",117,4,0,1,"8:26 PM","1:09","Schroder REBOUND (Off:0 Def:1)",null,null,null,null],["0041400205",118,2,1,1,"8:26 PM","1:05","MISS Horford 3' Jump Shot",null,null,null,null],["0041400205",119,4,0,1,"8:26 PM","1:05","HAWKS Rebound",null,null,null,null],["0041400205",120,6,3,1,"8:26 PM","1:05",null,null,"Gooden L.B.FOUL (P2.T4) (T.Washington)",null,null],["0041400205",121,2,1,1,"8:27 PM","0:58","MISS Korver 24' 3PT Jump Shot",null,null,null,null],["0041400205",122,4,0,1,"8:27 PM","0:57","Muscala REBOUND (Off:1 Def:0)",null,null,null,null],["0041400205",123,2,1,1,"8:27 PM","0:54","MISS Bazemore 23' Jump Shot",null,null,null,null],["0041400205",124,4,0,1,"8:27 PM","0:53",null,null,"Gortat REBOUND (Off:1 Def:3)",null,null],["0041400205",126,2,47,1,"8:27 PM","0:35",null,null,"MISS Wall 25' 3PT Turnaround Jump Shot",null,null],["0041400205",127,4,0,1,"8:27 PM","0:33",null,null,"Sessions REBOUND (Off:1 Def:0)",null,null],["0041400205",128,5,1,1,"8:27 PM","0:15","Bazemore STEAL (1 STL)",null,"Wall Bad Pass Turnover (P1.T4)",null,null],["0041400205",129,1,5,1,"8:28 PM","0:07","Horford 1' Layup (4 PTS) (Schroder 2 AST)",null,null,"19 - 23","4"],["0041400205",131,8,0,1,"8:28 PM","0:00","SUB: Carroll FOR Korver",null,null,null,null],["0041400205",135,18,0,1,"8:29 PM","0:00",null,null,null,"19 - 23","4"],["0041400205",136,13,0,1,"8:29 PM","0:00",null,null,null,"19 - 23","4"],["0041400205",138,12,0,2,"8:32 PM","12:00",null,null,null,"19 - 23","4"],["0041400205",139,2,42,2,"8:32 PM","11:33","MISS Bazemore 2' Driving Layup",null,null,null,null],["0041400205",140,4,0,2,"8:32 PM","11:32",null,null,"Beal REBOUND (Off:0 Def:3)",null,null],["0041400205",141,2,79,2,"8:32 PM","11:27",null,null,"MISS Gooden 17' Pullup Jump Shot",null,null],["0041400205",142,4,0,2,"8:32 PM","11:26","Schroder REBOUND (Off:0 Def:2)",null,null,null,null],["0041400205",143,2,1,2,"8:33 PM","11:18","MISS Schroder 25' 3PT Jump Shot",null,null,null,null],["0041400205",144,4,0,2,"8:33 PM","11:17",null,null,"Gooden REBOUND (Off:1 Def:2)",null,null],["0041400205",145,2,1,2,"8:33 PM","11:02",null,null,"MISS Beal 18' Jump Shot",null,null],["0041400205",146,4,0,2,"8:33 PM","11:01","Schroder REBOUND (Off:0 Def:3)",null,null,null,null],["0041400205",147,1,79,2,"8:33 PM","10:48","Muscala 13' Pullup Jump Shot (2 PTS) (Schroder 3 AST)",null,null,"19 - 25","6"],["0041400205",148,2,5,2,"8:33 PM","10:32",null,null,"MISS Sessions 2' Layup",null,null],["0041400205",149,4,0,2,"8:33 PM","10:31",null,null,"Nene REBOUND (Off:2 Def:0)",null,null],["0041400205",150,2,72,2,"8:34 PM","10:29",null,null,"MISS Nene 1' Putback Layup",null,null],["0041400205",151,4,0,2,"8:34 PM","10:29","HAWKS Rebound",null,null,null,null],["0041400205",152,8,0,2,"8:34 PM","10:29","SUB: Teague FOR Bazemore",null,null,null,null],["0041400205",153,2,1,2,"8:34 PM","10:21","MISS Korver 26' 3PT Jump Shot",null,null,null,null],["0041400205",154,4,0,2,"8:34 PM","10:20",null,null,"Beal REBOUND (Off:0 Def:4)",null,null],["0041400205",155,1,79,2,"8:34 PM","9:55",null,null,"Porter 16' Pullup Jump Shot (4 PTS) (Gooden 1 AST)","21 - 25","4"],["0041400205",156,2,42,2,"8:35 PM","9:37","MISS Teague 1' Driving Layup",null,null,null,null],["0041400205",157,4,0,2,"8:35 PM","9:34",null,null,"Gooden REBOUND (Off:1 Def:3)",null,null],["0041400205",158,2,1,2,"8:35 PM","9:28",null,null,"MISS Porter  3PT Jump Shot",null,null],["0041400205",159,4,0,2,"8:35 PM","9:28","HAWKS Rebound",null,null,null,null],["0041400205",161,2,78,2,"8:35 PM","9:15","MISS Schroder 6' Floating Jump Shot",null,null,null,null],["0041400205",162,4,0,2,"8:35 PM","9:13",null,null,"Gooden REBOUND (Off:1 Def:4)",null,null],["0041400205",163,5,2,2,"8:36 PM","8:58","Korver STEAL (2 STL)",null,"Porter Lost Ball Turnover (P1.T5)",null,null],["0041400205",164,1,5,2,"8:36 PM","8:48","Muscala 2' Layup (4 PTS) (Teague 1 AST)",null,null,"21 - 27","6"],["0041400205",165,2,42,2,"8:36 PM","8:27",null,null,"MISS Beal  Driving Layup",null,null],["0041400205",166,4,0,2,"8:36 PM","8:25",null,null,"Porter REBOUND (Off:1 Def:0)",null,null],["0041400205",167,5,40,2,"8:36 PM","8:24",null,null,"Porter Out of Bounds Lost Ball Turnover (P2.T6)",null,null],["0041400205",168,9,4,2,"8:37 PM","8:24",null,null,null,null,null],["0041400205",170,8,0,2,"8:39 PM","8:24","SUB: Millsap FOR Horford",null,null,null,null],["0041400205",171,8,0,2,"8:39 PM","8:24","SUB: Carroll FOR Schroder",null,null,null,null],["0041400205",172,8,0,2,"8:39 PM","8:24",null,null,"SUB: Pierce FOR Gooden",null,null],["0041400205",173,1,5,2,"8:40 PM","8:12","Muscala 1' Layup (6 PTS) (Korver 1 AST)",null,null,"21 - 29","8"],["0041400205",174,1,5,2,"8:40 PM","7:55",null,null,"Nene 2' Layup (2 PTS) (Beal 2 AST)","23 - 29","6"],["0041400205",175,1,1,2,"8:40 PM","7:36","Muscala 18' Jump Shot (8 PTS) (Teague 2 AST)",null,null,"23 - 31","8"],["0041400205",176,2,42,2,"8:41 PM","7:18","Korver BLOCK (2 BLK)",null,"MISS Beal 1' Driving Layup",null,null],["0041400205",177,4,0,2,"8:41 PM","7:18",null,null,"Wizards Rebound",null,null],["0041400205",178,8,0,2,"8:41 PM","7:18","SUB: Schroder FOR Korver",null,null,null,null],["0041400205",179,2,1,2,"8:41 PM","7:11",null,null,"MISS Porter 24' 3PT Jump Shot",null,null],["0041400205",180,4,0,2,"8:41 PM","7:10","HAWKS Rebound",null,null,null,null],["0041400205",182,2,1,2,"8:42 PM","6:57","MISS Millsap 25' 3PT Jump Shot",null,null,null,null],["0041400205",183,4,0,2,"8:42 PM","6:55",null,null,"Pierce REBOUND (Off:0 Def:2)",null,null],["0041400205",184,2,5,2,"8:42 PM","6:45",null,null,"MISS Nene 1' Layup",null,null],["0041400205",185,4,0,2,"8:42 PM","6:45",null,null,"Nene REBOUND (Off:3 Def:0)",null,null],["0041400205",186,1,87,2,"8:42 PM","6:45",null,null,"Nene  Putback Dunk (4 PTS)","25 - 31","6"],["0041400205",187,6,2,2,"8:42 PM","6:45","Millsap S.FOUL (P1.T1) (T.Washington)",null,null,null,null],["0041400205",188,3,10,2,"8:42 PM","6:45",null,null,"Nene Free Throw 1 of 1 (5 PTS)","26 - 31","5"],["0041400205",190,2,1,2,"8:43 PM","6:33","MISS Muscala 19' Jump Shot",null,null,null,null],["0041400205",191,4,0,2,"8:43 PM","6:30","Schroder REBOUND (Off:1 Def:3)",null,null,null,null],["0041400205",192,5,1,2,"8:43 PM","6:14","Schroder Bad Pass Turnover (P2.T8)",null,"Pierce STEAL (1 STL)",null,null],["0041400205",193,1,42,2,"8:43 PM","6:03",null,null,"Beal 2' Driving Layup (7 PTS)","28 - 31","3"],["0041400205",194,9,1,2,"8:43 PM","6:02","HAWKS Timeout: Regular (Full 2 Short 0)",null,null,null,null],["0041400205",196,8,0,2,"8:47 PM","6:02","SUB: Horford FOR Muscala",null,null,null,null],["0041400205",198,1,42,2,"8:47 PM","5:47","Millsap 2' Driving Layup (7 PTS)",null,null,"28 - 33","5"],["0041400205",199,2,1,2,"8:47 PM","5:29",null,null,"MISS Pierce 20' Jump Shot",null,null],["0041400205",200,4,0,2,"8:48 PM","5:29","HAWKS Rebound",null,null,null,null],["0041400205",201,2,79,2,"8:48 PM","5:15","MISS Carroll 17' Pullup Jump Shot",null,null,null,null],["0041400205",202,4,0,2,"8:48 PM","5:14","HAWKS Rebound",null,null,null,null],["0041400205",203,6,3,2,"8:48 PM","5:14",null,null,"Pierce L.B.FOUL (P1.T1) (T.Washington)",null,null],["0041400205",204,8,0,2,"8:48 PM","5:14",null,null,"SUB: Wall FOR Sessions",null,null],["0041400205",205,8,0,2,"8:48 PM","5:14",null,null,"SUB: Gortat FOR Nene",null,null],["0041400205",206,1,71,2,"8:48 PM","5:06","Millsap 1' Finger Roll Layup (9 PTS) (Horford 1 AST)",null,null,"28 - 35","7"],["0041400205",208,1,5,2,"8:49 PM","4:46",null,null,"Porter 2' Layup (6 PTS) (Pierce 2 AST)","30 - 35","5"],["0041400205",209,6,2,2,"8:49 PM","4:46","Millsap S.FOUL (P2.T2) (T.Brothers)",null,null,null,null],["0041400205",210,8,0,2,"8:49 PM","4:46","SUB: Korver FOR Teague",null,null,null,null],["0041400205",211,3,10,2,"8:49 PM","4:46",null,null,"MISS Porter Free Throw 1 of 1",null,null],["0041400205",213,4,0,2,"8:49 PM","4:45","Carroll REBOUND (Off:1 Def:2)",null,null,null,null],["0041400205",214,5,40,2,"8:50 PM","4:37","Schroder Out of Bounds Lost Ball Turnover (P3.T9)",null,null,null,null],["0041400205",215,2,66,2,"8:50 PM","4:21",null,null,"MISS Porter 10' Jump Bank Shot",null,null],["0041400205",216,4,0,2,"8:50 PM","4:20",null,null,"Porter REBOUND (Off:2 Def:0)",null,null],["0041400205",217,2,1,2,"8:50 PM","4:17",null,null,"MISS Pierce 25' 3PT Jump Shot",null,null],["0041400205",218,4,0,2,"8:50 PM","4:16","Korver REBOUND (Off:0 Def:1)",null,null,null,null],["0041400205",219,2,41,2,"8:50 PM","4:12","MISS Schroder 1' Running Layup",null,"Beal BLOCK (1 BLK)",null,null],["0041400205",220,4,0,2,"8:50 PM","4:09",null,null,"Wall REBOUND (Off:0 Def:1)",null,null],["0041400205",221,1,78,2,"8:50 PM","4:00",null,null,"Wall 8' Floating Jump Shot (8 PTS)","32 - 35","3"],["0041400205",223,2,1,2,"8:51 PM","3:39","MISS Millsap 7' Jump Shot",null,null,null,null],["0041400205",224,4,0,2,"8:51 PM","3:38",null,null,"Gortat REBOUND (Off:1 Def:4)",null,null],["0041400205",225,1,41,2,"8:51 PM","3:33",null,null,"Beal  Running Layup (9 PTS)","34 - 35","1"],["0041400205",226,9,2,2,"8:51 PM","3:32","HAWKS Timeout: Short (Full 2 Short 1)",null,null,null,null],["0041400205",229,8,0,2,"8:52 PM","3:32","SUB: Teague FOR Schroder",null,null,null,null],["0041400205",230,1,71,2,"8:52 PM","3:23","Millsap  Finger Roll Layup (11 PTS) (Teague 3 AST)",null,null,"34 - 37","3"],["0041400205",231,1,41,2,"8:52 PM","3:09",null,null,"Gortat 1' Running Layup (8 PTS) (Wall 3 AST)","36 - 37","1"],["0041400205",232,6,2,2,"8:52 PM","3:09","Horford S.FOUL (P1.T3) (M.Callahan)",null,null,null,null],["0041400205",233,3,10,2,"8:53 PM","3:09",null,null,"MISS Gortat Free Throw 1 of 1",null,null],["0041400205",235,4,0,2,"8:53 PM","3:08","Carroll REBOUND (Off:1 Def:3)",null,null,null,null],["0041400205",236,2,79,2,"8:53 PM","2:43","MISS Teague 22' Pullup Jump Shot",null,null,null,null],["0041400205",237,4,0,2,"8:53 PM","2:41",null,null,"Porter REBOUND (Off:2 Def:1)",null,null],["0041400205",238,1,79,2,"8:53 PM","2:33",null,null,"Wall 15' Pullup Jump Shot (10 PTS)","38 - 37","-1"],["0041400205",240,9,1,2,"8:54 PM","2:17",null,null,"Wizards Timeout: Regular (Reg.2 Short 0)",null,null],["0041400205",244,2,1,2,"8:57 PM","2:06","MISS Carroll 27' 3PT Jump Shot",null,null,null,null],["0041400205",245,4,0,2,"8:57 PM","2:06","HAWKS Rebound",null,null,null,null],["0041400205",246,5,11,2,"8:57 PM","2:06","HAWKS Turnover: Shot Clock (T#10)",null,null,null,null],["0041400205",247,2,77,2,"8:58 PM","1:54",null,null,"MISS Pierce 12' Driving Jump Shot",null,null],["0041400205",248,4,0,2,"8:58 PM","1:52",null,null,"Porter REBOUND (Off:3 Def:1)",null,null],["0041400205",249,2,1,2,"8:58 PM","1:45",null,null,"MISS Beal 25' 3PT Jump Shot",null,null],["0041400205",250,4,0,2,"8:58 PM","1:44",null,null,"Porter REBOUND (Off:4 Def:1)",null,null],["0041400205",251,2,72,2,"8:58 PM","1:43",null,null,"MISS Porter  Putback Layup",null,null],["0041400205",252,4,0,2,"8:58 PM","1:41","Korver REBOUND (Off:0 Def:2)",null,null,null,null],["0041400205",253,5,1,2,"8:58 PM","1:36","Teague Bad Pass Turnover (P4.T11)",null,"Porter STEAL (1 STL)",null,null],["0041400205",254,1,5,2,"8:58 PM","1:32",null,null,"Beal 2' Layup (11 PTS) (Wall 4 AST)","40 - 37","-3"],["0041400205",255,6,2,2,"8:58 PM","1:32","Korver S.FOUL (P2.T4) (T.Brothers)",null,null,null,null],["0041400205",256,3,10,2,"8:58 PM","1:32",null,null,"Beal Free Throw 1 of 1 (12 PTS)","41 - 37","-4"],["0041400205",259,2,1,2,"8:59 PM","1:21","MISS Korver 24' 3PT Jump Shot",null,null,null,null],["0041400205",260,4,0,2,"8:59 PM","1:20",null,null,"Porter REBOUND (Off:4 Def:2)",null,null],["0041400205",262,6,2,2,"8:59 PM","1:14","Teague S.FOUL (P1.PN) (M.Callahan)",null,null,null,null],["0041400205",263,3,11,2,"8:59 PM","1:14",null,null,"MISS Wall Free Throw 1 of 2",null,null],["0041400205",264,4,1,2,"8:59 PM","1:14",null,null,"Wizards Rebound",null,null],["0041400205",265,3,12,2,"9:00 PM","1:14",null,null,"Wall Free Throw 2 of 2 (11 PTS)","42 - 37","-5"],["0041400205",267,2,77,2,"9:00 PM","1:00","MISS Millsap 5' Driving Jump Shot",null,null,null,null],["0041400205",268,4,0,2,"9:00 PM","0:58",null,null,"Wall REBOUND (Off:0 Def:2)",null,null],["0041400205",269,2,5,2,"9:00 PM","0:53","Carroll BLOCK (1 BLK)",null,"MISS Porter 2' Layup",null,null],["0041400205",271,4,0,2,"9:00 PM","0:53",null,null,"Gortat REBOUND (Off:2 Def:4)",null,null],["0041400205",270,1,72,2,"9:00 PM","0:53",null,null,"Gortat  Putback Layup (10 PTS)","44 - 37","-7"],["0041400205",272,1,42,2,"9:00 PM","0:44","Teague 1' Driving Layup (7 PTS)",null,null,"44 - 39","-5"],["0041400205",273,1,1,2,"9:00 PM","0:29",null,null,"Pierce 25' 3PT Jump Shot (3 PTS) (Gortat 2 AST)","47 - 39","-8"],["0041400205",275,1,1,2,"9:01 PM","0:08","Horford 16' Jump Shot (6 PTS) (Teague 4 AST)",null,null,"47 - 41","-6"],["0041400205",276,2,47,2,"9:01 PM","0:02",null,null,"MISS Porter 13' Turnaround Jump Shot",null,null],["0041400205",277,4,0,2,"9:01 PM","0:01","Korver REBOUND (Off:0 Def:3)",null,null,null,null],["0041400205",278,13,0,2,"9:02 PM","0:00",null,null,null,"47 - 41","-6"],["0041400205",280,12,0,3,"9:20 PM","12:00",null,null,null,"47 - 41","-6"],["0041400205",281,2,1,3,"9:20 PM","11:34","MISS Carroll 24' 3PT Jump Shot",null,null,null,null],["0041400205",282,4,0,3,"9:20 PM","11:33",null,null,"Beal REBOUND (Off:0 Def:5)",null,null],["0041400205",283,6,26,3,"9:20 PM","11:20",null,null,"Wall Offensive Charge Foul (P1.T1) (T.Brothers)",null,null],["0041400205",284,5,5,3,"9:20 PM","11:20",null,null,"Wall Foul Turnover (P2.T7)",null,null],["0041400205",285,5,1,3,"9:21 PM","11:14","Korver Bad Pass Turnover (P1.T12)",null,null,null,null],["0041400205",286,5,1,3,"9:21 PM","11:00","Korver STEAL (3 STL)",null,"Wall Bad Pass Turnover (P3.T8)",null,null],["0041400205",287,5,1,3,"9:21 PM","10:57","Korver Bad Pass Turnover (P2.T13)",null,"Wall STEAL (2 STL)",null,null],["0041400205",288,5,2,3,"9:22 PM","10:44","Korver STEAL (4 STL)",null,"Beal Lost Ball Turnover (P3.T9)",null,null],["0041400205",289,5,1,3,"9:22 PM","10:39","Millsap Bad Pass Turnover (P2.T14)",null,"Wall STEAL (3 STL)",null,null],["0041400205",290,1,76,3,"9:22 PM","10:35",null,null,"Beal  Running Finger Roll Layup (14 PTS) (Wall 5 AST)","49 - 41","-8"],["0041400205",291,5,1,3,"9:22 PM","10:25","Teague Bad Pass Turnover (P5.T15)",null,"Beal STEAL (1 STL)",null,null],["0041400205",292,6,1,3,"9:22 PM","10:19","Teague P.FOUL (P2.T1) (M.Callahan)",null,null,null,null],["0041400205",293,1,1,3,"9:22 PM","10:07",null,null,"Nene 21' Jump Shot (7 PTS) (Wall 6 AST)","51 - 41","-10"],["0041400205",294,10,0,3,"9:24 PM","9:51","Jump Ball Millsap vs. Nene: Tip to Beal",null,null,null,null],["0041400205",295,5,2,3,"9:24 PM","9:51","Millsap Lost Ball Turnover (P3.T16)",null,"Nene STEAL (1 STL)",null,null],["0041400205",297,2,1,3,"9:24 PM","9:25",null,null,"MISS Wall 18' Jump Shot",null,null],["0041400205",298,4,0,3,"9:24 PM","9:22","Horford REBOUND (Off:2 Def:2)",null,null,null,null],["0041400205",299,1,79,3,"9:24 PM","9:13","Teague 25' 3PT Pullup Jump Shot (10 PTS)",null,null,"51 - 44","-7"],["0041400205",301,6,16,3,"9:25 PM","9:09",null,null,null,null,null],["0041400205",302,5,1,3,"9:25 PM","8:59","Carroll STEAL (1 STL)",null,"Wall Bad Pass Turnover (P4.T10)",null,null],["0041400205",304,2,41,3,"9:25 PM","8:50","MISS Carroll 2' Running Layup",null,null,null,null],["0041400205",306,4,0,3,"9:25 PM","8:48","Horford REBOUND (Off:3 Def:2)",null,null,null,null],["0041400205",305,1,87,3,"9:25 PM","8:48","Horford  Putback Dunk (8 PTS)",null,null,"51 - 46","-5"],["0041400205",308,6,26,3,"9:26 PM","8:30",null,null,"Nene Offensive Charge Foul (P2.T2) (T.Washington)",null,null],["0041400205",309,5,5,3,"9:26 PM","8:30",null,null,"Nene Foul Turnover (P1.T11)",null,null],["0041400205",310,2,1,3,"9:26 PM","8:23","MISS Korver 25' 3PT Jump Shot",null,"Beal BLOCK (2 BLK)",null,null],["0041400205",311,4,0,3,"9:26 PM","8:21",null,null,"Wall REBOUND (Off:0 Def:3)",null,null],["0041400205",312,6,1,3,"9:26 PM","8:17","Teague P.FOUL (P3.T2) (T.Brothers)",null,null,null,null],["0041400205",315,2,79,3,"9:27 PM","8:06",null,null,"MISS Beal 20' Pullup Jump Shot",null,null],["0041400205",316,4,0,3,"9:27 PM","8:04","Millsap REBOUND (Off:0 Def:4)",null,null,null,null],["0041400205",317,1,82,3,"9:27 PM","7:49","Horford 7' Driving Bank Shot (10 PTS)",null,null,"51 - 48","-3"],["0041400205",319,1,79,3,"9:27 PM","7:36",null,null,"Wall 20' Pullup Jump Shot (13 PTS) (Gortat 3 AST)","53 - 48","-5"],["0041400205",320,6,1,3,"9:28 PM","7:29",null,null,"Wall P.FOUL (P2.T3) (M.Callahan)",null,null],["0041400205",321,6,2,3,"9:28 PM","7:16",null,null,"Nene S.FOUL (P3.T4) (T.Washington)",null,null],["0041400205",322,3,11,3,"9:28 PM","7:16","Carroll Free Throw 1 of 2 (8 PTS)",null,null,"53 - 49","-4"],["0041400205",324,3,12,3,"9:29 PM","7:16","MISS Carroll Free Throw 2 of 2",null,null,null,null],["0041400205",326,4,0,3,"9:29 PM","7:15",null,null,"Nene REBOUND (Off:3 Def:1)",null,null],["0041400205",328,6,2,3,"9:29 PM","7:06","Korver S.FOUL (P3.T3) (T.Brothers)",null,null,null,null],["0041400205",329,3,11,3,"9:29 PM","7:06",null,null,"Pierce Free Throw 1 of 2 (4 PTS)","54 - 49","-5"],["0041400205",331,9,1,3,"9:29 PM","7:06","HAWKS Timeout: Regular (Full 3 Short 1)",null,null,null,null],["0041400205",332,3,12,3,"9:33 PM","7:06",null,null,"Pierce Free Throw 2 of 2 (5 PTS)","55 - 49","-6"],["0041400205",335,6,1,3,"9:34 PM","6:55",null,null,"Pierce P.FOUL (P2.PN) (M.Callahan)",null,null],["0041400205",336,5,1,3,"9:34 PM","6:47","Millsap Bad Pass Turnover (P4.T17)",null,"Wall STEAL (4 STL)",null,null],["0041400205",337,2,1,3,"9:34 PM","6:31",null,null,"MISS Wall 25' 3PT Jump Shot",null,null],["0041400205",338,4,0,3,"9:34 PM","6:29","Horford REBOUND (Off:3 Def:3)",null,null,null,null],["0041400205",339,5,1,3,"9:35 PM","6:16","Teague Bad Pass Turnover (P6.T18)",null,"Nene STEAL (2 STL)",null,null],["0041400205",340,6,4,3,"9:35 PM","6:07",null,null,"Gortat OFF.Foul (P1) (T.Washington)",null,null],["0041400205",341,5,5,3,"9:35 PM","6:07",null,null,"Gortat Foul Turnover (P2.T12)",null,null],["0041400205",342,8,0,3,"9:35 PM","6:07","SUB: Bazemore FOR Carroll",null,null,null,null],["0041400205",343,8,0,3,"9:35 PM","6:07","SUB: Antic FOR Horford",null,null,null,null],["0041400205",344,1,42,3,"9:35 PM","5:43","Teague 2' Driving Layup (12 PTS)",null,null,"55 - 51","-4"],["0041400205",346,1,1,3,"9:36 PM","5:21",null,null,"Beal  3PT Jump Shot (17 PTS) (Nene 1 AST)","58 - 51","-7"],["0041400205",347,1,1,3,"9:36 PM","5:01","Millsap 16' Jump Shot (13 PTS) (Teague 5 AST)",null,null,"58 - 53","-5"],["0041400205",348,2,79,3,"9:36 PM","4:49",null,null,"MISS Beal 25' 3PT Pullup Jump Shot",null,null],["0041400205",349,4,0,3,"9:36 PM","4:48","Antic REBOUND (Off:1 Def:1)",null,null,null,null],["0041400205",350,2,1,3,"9:37 PM","4:39","MISS Teague 20' Jump Shot",null,null,null,null],["0041400205",351,4,0,3,"9:37 PM","4:37",null,null,"Nene REBOUND (Off:3 Def:2)",null,null],["0041400205",352,5,1,3,"9:37 PM","4:31","Korver STEAL (5 STL)",null,"Beal Bad Pass Turnover (P4.T13)",null,null],["0041400205",353,2,5,3,"9:37 PM","4:25","MISS Antic  Layup",null,"Beal BLOCK (3 BLK)",null,null],["0041400205",354,4,0,3,"9:37 PM","4:23",null,null,"Pierce REBOUND (Off:0 Def:3)",null,null],["0041400205",355,2,63,3,"9:37 PM","4:02",null,null,"MISS Wall 19' Fadeaway Jumper",null,null],["0041400205",356,4,0,3,"9:37 PM","4:01","Antic REBOUND (Off:1 Def:2)",null,null,null,null],["0041400205",357,1,78,3,"9:37 PM","3:51","Teague 7' Floating Jump Shot (14 PTS)",null,null,"58 - 55","-3"],["0041400205",358,9,1,3,"9:37 PM","3:50",null,null,"Wizards Timeout: Regular (Reg.3 Short 0)",null,null],["0041400205",360,8,0,3,"9:40 PM","3:50",null,null,"SUB: Porter FOR Pierce",null,null],["0041400205",361,8,0,3,"9:40 PM","3:50",null,null,"SUB: Gooden FOR Nene",null,null],["0041400205",362,8,0,3,"9:41 PM","3:50","SUB: Carroll FOR Korver",null,null,null,null],["0041400205",363,8,0,3,"9:41 PM","3:50","SUB: Schroder FOR Teague",null,null,null,null],["0041400205",364,2,5,3,"9:41 PM","3:35",null,null,"MISS Porter 1' Layup",null,null],["0041400205",365,4,0,3,"9:41 PM","3:33","Carroll REBOUND (Off:1 Def:4)",null,null,null,null],["0041400205",366,1,75,3,"9:41 PM","3:25","Schroder  Driving Finger Roll Layup (2 PTS)",null,null,"58 - 57","-1"],["0041400205",367,2,79,3,"9:42 PM","3:06",null,null,"MISS Beal 21' Pullup Jump Shot",null,null],["0041400205",368,4,0,3,"9:42 PM","3:05","Schroder REBOUND (Off:1 Def:4)",null,null,null,null],["0041400205",369,6,2,3,"9:42 PM","2:58",null,null,"Beal S.FOUL (P2.PN) (T.Washington)",null,null],["0041400205",370,3,11,3,"9:42 PM","2:58","Antic Free Throw 1 of 2 (3 PTS)",null,null,"58 - 58","TIE"],["0041400205",372,8,0,3,"9:42 PM","2:58","SUB: Muscala FOR Millsap",null,null,null,null],["0041400205",374,8,0,3,"9:43 PM","2:58",null,null,"SUB: Sessions FOR Beal",null,null],["0041400205",375,3,12,3,"9:43 PM","2:58","Antic Free Throw 2 of 2 (4 PTS)",null,null,"58 - 59","1"],["0041400205",377,2,78,3,"9:43 PM","2:37",null,null,"MISS Sessions 11' Floating Jump Shot",null,null],["0041400205",378,4,0,3,"9:43 PM","2:37",null,null,"Wizards Rebound",null,null],["0041400205",380,8,0,3,"9:43 PM","2:37","SUB: Horford FOR Antic",null,null,null,null],["0041400205",381,2,66,3,"9:44 PM","2:33",null,null,"MISS Wall 11' Jump Bank Shot",null,null],["0041400205",382,4,0,3,"9:44 PM","2:32","Muscala REBOUND (Off:1 Def:1)",null,null,null,null],["0041400205",383,1,1,3,"9:44 PM","2:23","Horford 19' Jump Shot (12 PTS) (Schroder 4 AST)",null,null,"58 - 61","3"],["0041400205",384,2,5,3,"9:44 PM","2:13","Muscala BLOCK (1 BLK)",null,"MISS Sessions 1' Layup",null,null],["0041400205",385,4,0,3,"9:44 PM","2:11",null,null,"Gortat REBOUND (Off:3 Def:4)",null,null],["0041400205",386,2,5,3,"9:44 PM","2:07","Horford BLOCK (4 BLK)",null,"MISS Porter 1' Layup",null,null],["0041400205",387,4,0,3,"9:44 PM","2:04","Carroll REBOUND (Off:1 Def:5)",null,null,null,null],["0041400205",388,6,26,3,"9:44 PM","1:55","Muscala Offensive Charge Foul (P1.T4) (M.Callahan)",null,null,null,null],["0041400205",389,5,5,3,"9:44 PM","1:55","Muscala Foul Turnover (P1.T19)",null,null,null,null],["0041400205",391,5,1,3,"9:45 PM","1:44","Carroll STEAL (2 STL)",null,"Gooden Bad Pass Turnover (P1.T14)",null,null],["0041400205",393,2,1,3,"9:45 PM","1:28","MISS Schroder 25' 3PT Jump Shot",null,null,null,null],["0041400205",394,4,0,3,"9:45 PM","1:27",null,null,"Gortat REBOUND (Off:3 Def:5)",null,null],["0041400205",395,1,85,3,"9:45 PM","1:10",null,null,"Gortat 11' Turnaround Bank Shot (12 PTS)","60 - 61","1"],["0041400205",396,2,80,3,"9:46 PM","0:48","MISS Horford 12' Step Back Jump Shot",null,null,null,null],["0041400205",397,4,0,3,"9:46 PM","0:45",null,null,"Porter REBOUND (Off:4 Def:3)",null,null],["0041400205",398,8,0,3,"9:46 PM","0:39","SUB: Korver FOR Carroll",null,null,null,null],["0041400205",400,5,2,3,"9:46 PM","0:39","Bazemore STEAL (2 STL)",null,"Wall Lost Ball Turnover (P5.T15)",null,null],["0041400205",399,10,0,3,"9:46 PM","0:39","Jump Ball Bazemore vs. Wall: Tip to Muscala",null,null,null,null],["0041400205",401,2,5,3,"9:47 PM","0:27","MISS Horford 1' Layup",null,null,null,null],["0041400205",403,4,0,3,"9:47 PM","0:27","Horford REBOUND (Off:4 Def:3)",null,null,null,null],["0041400205",402,1,4,3,"9:47 PM","0:27","Horford  Tip Shot (14 PTS)",null,null,"60 - 63","3"],["0041400205",405,1,78,3,"9:47 PM","0:06",null,null,"Wall 12' Floating Jump Shot (15 PTS)","62 - 63","1"],["0041400205",407,2,1,3,"9:48 PM","0:02","MISS Bazemore 28' 3PT Jump Shot",null,null,null,null],["0041400205",408,4,0,3,"9:48 PM","0:01",null,null,"Porter REBOUND (Off:4 Def:4)",null,null],["0041400205",409,13,0,3,"9:48 PM","0:00",null,null,null,"62 - 63","1"],["0041400205",411,12,0,4,"9:51 PM","12:00",null,null,null,"62 - 63","1"],["0041400205",412,2,1,4,"9:52 PM","11:42",null,null,"MISS Sessions 24' 3PT Jump Shot",null,null],["0041400205",413,4,0,4,"9:52 PM","11:40","Korver REBOUND (Off:0 Def:4)",null,null,null,null],["0041400205",416,5,2,4,"9:53 PM","11:19","Schroder Lost Ball Turnover (P4.T20)",null,"Sessions STEAL (1 STL)",null,null],["0041400205",417,2,77,4,"9:53 PM","11:05","Bazemore BLOCK (2 BLK)",null,"MISS Gortat 3' Driving Jump Shot",null,null],["0041400205",418,4,0,4,"9:53 PM","11:05","Bazemore REBOUND (Off:0 Def:5)",null,null,null,null],["0041400205",419,6,1,4,"9:53 PM","11:05",null,null,"Wall P.FOUL (P3.T1) (M.Callahan)",null,null],["0041400205",420,8,0,4,"9:53 PM","11:05",null,null,"SUB: Beal FOR Wall",null,null],["0041400205",421,8,0,4,"9:53 PM","11:05","SUB: Teague FOR Bazemore",null,null,null,null],["0041400205",422,8,0,4,"9:53 PM","11:05",null,null,"SUB: Nene FOR Gortat",null,null],["0041400205",425,2,1,4,"9:54 PM","10:44","MISS Horford 19' Jump Shot",null,null,null,null],["0041400205",426,4,0,4,"9:54 PM","10:41","Muscala REBOUND (Off:2 Def:1)",null,null,null,null],["0041400205",427,2,1,4,"9:54 PM","10:32","MISS Horford 19' Jump Shot",null,null,null,null],["0041400205",428,4,0,4,"9:54 PM","10:30",null,null,"Sessions REBOUND (Off:1 Def:1)",null,null],["0041400205",429,1,1,4,"9:54 PM","10:16",null,null,"Beal 16' Jump Shot (19 PTS) (Sessions 1 AST)","64 - 63","-1"],["0041400205",430,2,79,4,"9:54 PM","10:03","MISS Teague 26' 3PT Pullup Jump Shot",null,null,null,null],["0041400205",431,4,0,4,"9:54 PM","10:01",null,null,"Pierce REBOUND (Off:0 Def:4)",null,null],["0041400205",432,2,42,4,"9:55 PM","9:42",null,null,"MISS Porter 2' Driving Layup",null,null],["0041400205",433,4,0,4,"9:55 PM","9:41","Korver REBOUND (Off:0 Def:5)",null,null,null,null],["0041400205",434,5,1,4,"9:55 PM","9:37","Teague Bad Pass Turnover (P7.T21)",null,null,null,null],["0041400205",435,8,0,4,"9:55 PM","9:37","SUB: Carroll FOR Schroder",null,null,null,null],["0041400205",436,1,78,4,"9:55 PM","9:25",null,null,"Beal 12' Floating Jump Shot (21 PTS)","66 - 63","-3"],["0041400205",438,2,47,4,"9:56 PM","9:08","MISS Horford 4' Turnaround Jump Shot",null,null,null,null],["0041400205",439,4,0,4,"9:56 PM","9:06","Horford REBOUND (Off:5 Def:3)",null,null,null,null],["0041400205",440,2,1,4,"9:56 PM","9:04","MISS Carroll 24' 3PT Jump Shot",null,null,null,null],["0041400205",441,4,0,4,"9:56 PM","9:01",null,null,"Wizards Rebound",null,null],["0041400205",442,8,0,4,"9:56 PM","9:01","SUB: Millsap FOR Horford",null,null,null,null],["0041400205",444,2,1,4,"9:56 PM","8:46",null,null,"MISS Nene 18' Jump Shot",null,null],["0041400205",445,4,0,4,"9:56 PM","8:45","Teague REBOUND (Off:0 Def:1)",null,null,null,null],["0041400205",446,2,77,4,"9:56 PM","8:29","MISS Millsap 4' Driving Jump Shot",null,null,null,null],["0041400205",447,4,0,4,"9:57 PM","8:26","Millsap REBOUND (Off:1 Def:4)",null,null,null,null],["0041400205",448,5,2,4,"9:57 PM","8:25","Millsap Lost Ball Turnover (P5.T22)",null,"Nene STEAL (3 STL)",null,null],["0041400205",449,6,2,4,"9:57 PM","8:23","Korver S.FOUL (P4.T1) (T.Brothers)",null,null,null,null],["0041400205",450,9,4,4,"9:57 PM","8:23",null,null,null,null,null],["0041400205",453,3,11,4,"10:00 PM","8:23",null,null,"Porter Free Throw 1 of 2 (7 PTS)","67 - 63","-4"],["0041400205",455,3,12,4,"10:00 PM","8:23",null,null,"Porter Free Throw 2 of 2 (8 PTS)","68 - 63","-5"],["0041400205",457,5,1,4,"10:00 PM","8:09","Millsap Bad Pass Turnover (P6.T23)",null,null,null,null],["0041400205",458,1,58,4,"10:01 PM","7:55",null,null,"Nene 6' Turnaround Hook Shot (9 PTS)","70 - 63","-7"],["0041400205",460,2,77,4,"10:01 PM","7:33","MISS Teague 5' Driving Jump Shot",null,null,null,null],["0041400205",461,4,0,4,"10:01 PM","7:31",null,null,"Beal REBOUND (Off:0 Def:6)",null,null],["0041400205",462,6,26,4,"10:01 PM","7:29",null,null,"Beal Offensive Charge Foul (P3.T2) (T.Washington)",null,null],["0041400205",463,5,5,4,"10:01 PM","7:29",null,null,"Beal Foul Turnover (P5.T16)",null,null],["0041400205",464,8,0,4,"10:01 PM","7:29","SUB: Horford FOR Muscala",null,null,null,null],["0041400205",465,8,0,4,"10:02 PM","7:29","SUB: Schroder FOR Korver",null,null,null,null],["0041400205",467,6,1,4,"10:02 PM","7:18",null,null,"Pierce P.FOUL (P3.T3) (T.Brothers)",null,null],["0041400205",468,8,0,4,"10:02 PM","7:18",null,null,"SUB: Wall FOR Sessions",null,null],["0041400205",469,2,77,4,"10:03 PM","7:05","MISS Schroder 8' Driving Jump Shot",null,null,null,null],["0041400205",470,4,0,4,"10:03 PM","7:03",null,null,"Nene REBOUND (Off:3 Def:3)",null,null],["0041400205",471,6,2,4,"10:03 PM","6:48","Teague S.FOUL (P4.T2) (M.Callahan)",null,null,null,null],["0041400205",472,3,11,4,"10:03 PM","6:48",null,null,"Porter Free Throw 1 of 2 (9 PTS)","71 - 63","-8"],["0041400205",474,8,0,4,"10:03 PM","6:48",null,null,"SUB: Gortat FOR Nene",null,null],["0041400205",475,3,12,4,"10:03 PM","6:48",null,null,"MISS Porter Free Throw 2 of 2",null,null],["0041400205",477,4,0,4,"10:04 PM","6:47","Millsap REBOUND (Off:1 Def:5)",null,null,null,null],["0041400205",478,6,29,4,"10:04 PM","6:34",null,null,"Gortat Shooting Block Foul (P2.T4) (T.Brothers)",null,null],["0041400205",479,3,11,4,"10:04 PM","6:34","MISS Millsap Free Throw 1 of 2",null,null,null,null],["0041400205",480,4,1,4,"10:04 PM","6:34","HAWKS Rebound",null,null,null,null],["0041400205",481,3,12,4,"10:04 PM","6:34","Millsap Free Throw 2 of 2 (14 PTS)",null,null,"71 - 64","-7"],["0041400205",484,1,1,4,"10:05 PM","6:15",null,null,"Beal 16' Jump Shot (23 PTS) (Gortat 4 AST)","73 - 64","-9"],["0041400205",485,2,1,4,"10:05 PM","6:06","MISS Millsap 24' 3PT Jump Shot",null,null,null,null],["0041400205",486,4,0,4,"10:05 PM","6:04",null,null,"Beal REBOUND (Off:0 Def:7)",null,null],["0041400205",487,2,5,4,"10:05 PM","5:49",null,null,"MISS Pierce 2' Layup",null,null],["0041400205",488,4,0,4,"10:05 PM","5:48","Horford REBOUND (Off:5 Def:4)",null,null,null,null],["0041400205",489,6,2,4,"10:06 PM","5:32",null,null,"Pierce S.FOUL (P4.PN) (T.Washington)",null,null],["0041400205",490,9,1,4,"10:06 PM","5:32","HAWKS Timeout: Regular (Full 4 Short 1)",null,null,null,null],["0041400205",491,8,0,4,"10:09 PM","5:32","SUB: Korver FOR Teague",null,null,null,null],["0041400205",492,3,11,4,"10:09 PM","5:32","Horford Free Throw 1 of 2 (15 PTS)",null,null,"73 - 65","-8"],["0041400205",494,3,12,4,"10:10 PM","5:32","Horford Free Throw 2 of 2 (16 PTS)",null,null,"73 - 66","-7"],["0041400205",496,2,1,4,"10:10 PM","5:07",null,null,"MISS Beal 25' 3PT Jump Shot",null,null],["0041400205",497,4,0,4,"10:10 PM","5:06","Carroll REBOUND (Off:1 Def:6)",null,null,null,null],["0041400205",498,1,1,4,"10:10 PM","4:58","Korver 27' 3PT Jump Shot (3 PTS) (Schroder 5 AST)",null,null,"73 - 69","-4"],["0041400205",500,2,79,4,"10:11 PM","4:41",null,null,"MISS Wall 19' Pullup Jump Shot",null,null],["0041400205",501,4,0,4,"10:11 PM","4:38","Carroll REBOUND (Off:1 Def:7)",null,null,null,null],["0041400205",502,1,1,4,"10:11 PM","4:24","Horford 24' 3PT Jump Shot (19 PTS) (Schroder 6 AST)",null,null,"73 - 72","-1"],["0041400205",503,9,1,4,"10:11 PM","4:21",null,null,"Wizards Timeout: Regular (Reg.4 Short 0)",null,null],["0041400205",506,2,1,4,"10:15 PM","4:01","Carroll BLOCK (2 BLK)",null,"MISS Beal 20' Jump Shot",null,null],["0041400205",507,4,0,4,"10:15 PM","3:59","Horford REBOUND (Off:5 Def:5)",null,null,null,null],["0041400205",508,2,41,4,"10:15 PM","3:56","MISS Schroder 2' Running Layup",null,"Wall BLOCK (1 BLK)",null,null],["0041400205",509,4,0,4,"10:15 PM","3:53",null,null,"Porter REBOUND (Off:4 Def:5)",null,null],["0041400205",510,2,1,4,"10:15 PM","3:50",null,null,"MISS Beal 25' 3PT Jump Shot",null,null],["0041400205",511,10,0,4,"10:16 PM","3:49","Jump Ball Horford vs. Gortat: Tip to Pierce",null,null,null,null],["0041400205",512,4,0,4,"10:16 PM","3:49",null,null,"Wizards Rebound",null,null],["0041400205",514,2,1,4,"10:16 PM","3:33","Millsap BLOCK (1 BLK)",null,"MISS Pierce  3PT Jump Shot",null,null],["0041400205",515,4,0,4,"10:16 PM","3:30",null,null,"Porter REBOUND (Off:5 Def:5)",null,null],["0041400205",516,5,1,4,"10:16 PM","3:29","Schroder STEAL (1 STL)",null,"Porter Bad Pass Turnover (P3.T17)",null,null],["0041400205",517,1,1,4,"10:17 PM","3:20","Horford 20' Jump Shot (21 PTS) (Schroder 7 AST)",null,null,"73 - 74","1"],["0041400205",518,2,77,4,"10:17 PM","3:03","Horford BLOCK (5 BLK)",null,"MISS Wall 3' Driving Jump Shot",null,null],["0041400205",519,4,0,4,"10:17 PM","3:01","Carroll REBOUND (Off:1 Def:8)",null,null,null,null],["0041400205",520,1,79,4,"10:17 PM","2:55","Schroder 18' Pullup Jump Shot (4 PTS) (Carroll 4 AST)",null,null,"73 - 76","3"],["0041400205",521,9,1,4,"10:17 PM","2:54",null,null,"Wizards Timeout: Regular (Reg.5 Short 0)",null,null],["0041400205",523,8,0,4,"10:19 PM","2:54",null,null,"SUB: Nene FOR Gortat",null,null],["0041400205",524,5,1,4,"10:20 PM","2:42",null,null,"Wall Bad Pass Turnover (P6.T18)",null,null],["0041400205",525,1,78,4,"10:20 PM","2:29","Schroder 5' Floating Jump Shot (6 PTS)",null,null,"73 - 78","5"],["0041400205",526,6,1,4,"10:20 PM","2:16","Schroder P.FOUL (P2.T3) (M.Callahan)",null,null,null,null],["0041400205",527,1,1,4,"10:21 PM","2:04",null,null,"Pierce 25' 3PT Jump Shot (8 PTS) (Beal 3 AST)","76 - 78","2"],["0041400205",529,18,1,4,"10:21 PM","1:45",null,null,null,null,null],["0041400205",530,18,1,4,"10:23 PM","1:45",null,null,null,null,null],["0041400205",531,5,1,4,"10:25 PM","1:44","Korver Bad Pass Turnover (P3.T24)",null,"Pierce STEAL (2 STL)",null,null],["0041400205",532,2,5,4,"10:25 PM","1:35",null,null,"MISS Nene 3' Layup",null,null],["0041400205",533,4,0,4,"10:25 PM","1:33","Millsap REBOUND (Off:1 Def:6)",null,null,null,null],["0041400205",535,2,1,4,"10:25 PM","1:12","MISS Schroder 26' 3PT Jump Shot",null,null,null,null],["0041400205",536,4,0,4,"10:26 PM","1:11","Carroll REBOUND (Off:2 Def:8)",null,null,null,null],["0041400205",538,5,11,4,"10:26 PM","1:11","HAWKS Turnover: Shot Clock (T#25)",null,null,null,null],["0041400205",539,18,0,4,"10:26 PM","1:11",null,null,null,null,null],["0041400205",541,8,0,4,"10:27 PM","1:11",null,null,"SUB: Gortat FOR Nene",null,null],["0041400205",543,1,3,4,"10:28 PM","0:51",null,null,"Gortat 5' Hook Shot (14 PTS) (Wall 7 AST)","78 - 78","TIE"],["0041400205",544,9,1,4,"10:28 PM","0:46","HAWKS Timeout: Regular (Full 5 Short 1)",null,null,null,null],["0041400205",547,2,1,4,"10:30 PM","0:36","MISS Horford 21' Jump Shot",null,null,null,null],["0041400205",548,4,0,4,"10:30 PM","0:32",null,null,"Wall REBOUND (Off:0 Def:4)",null,null],["0041400205",549,9,2,4,"10:30 PM","0:32",null,null,"Wizards Timeout: Short (Reg.5 Short 1)",null,null],["0041400205",550,5,2,4,"10:32 PM","0:19","Korver STEAL (6 STL)",null,"Pierce Lost Ball Turnover (P1.T19)",null,null],["0041400205",551,1,41,4,"10:32 PM","0:14","Carroll  Running Layup (10 PTS) (Horford 2 AST)",null,null,"78 - 80","2"],["0041400205",552,9,1,4,"10:32 PM","0:14",null,null,"Wizards Timeout: Regular (Reg.6 Short 1)",null,null],["0041400205",553,6,28,4,"10:35 PM","0:12","Carroll Personal Take Foul (P1.T4) (M.Callahan)",null,null,null,null],["0041400205",554,1,1,4,"10:35 PM","0:08",null,null,"Pierce  3PT Jump Shot (11 PTS) (Beal 4 AST)","81 - 80","-1"],["0041400205",555,9,2,4,"10:35 PM","0:08","HAWKS Timeout: Short (Full 5 Short 2)",null,null,null,null],["0041400205",556,8,0,4,"10:36 PM","0:08",null,null,"SUB: Nene FOR Gortat",null,null],["0041400205",557,2,42,4,"10:37 PM","0:03","MISS Schroder 2' Driving Layup",null,"Wall BLOCK (2 BLK)",null,null],["0041400205",558,4,0,4,"10:37 PM","0:01","Horford REBOUND (Off:6 Def:5)",null,null,null,null],["0041400205",559,1,72,4,"10:37 PM","0:01","Horford  Putback Layup (23 PTS)",null,null,"81 - 82","1"],["0041400205",562,2,1,4,"10:41 PM","0:00",null,null,"MISS Wall 45' 3PT Jump Shot",null,null],["0041400205",563,4,0,4,"10:41 PM","0:00",null,null,"Wizards Rebound",null,null],["0041400205",564,13,0,4,"10:42 PM","0:00",null,null,null,"81 - 82","1"]]},{"name":"AvailableVideo","headers":["VIDEO_AVAILABLE_FLAG"],"rowSet":[[1]]}]}