{"resource":"playbyplay","parameters":{"GameID":"0041400134","StartPeriod":0,"EndPeriod":14},"resultSets":[{"name":"PlayByPlay","headers":["GAME_ID","EVENTNUM","EVENTMSGTYPE","EVENTMSGACTIONTYPE","PERIOD","WCTIMESTRING","PCTIMESTRING","HOMEDESCRIPTION","NEUTRALDESCRIPTION","VISITORDESCRIPTION","SCORE","SCOREMARGIN"],"rowSet":[["0041400134",0,12,0,1,"6:41 PM","12:00",null,null,null,null,null],["0041400134",1,10,0,1,"6:41 PM","12:00","Jump Ball Gortat vs. Valanciunas: Tip to Johnson",null,null,null,null],["0041400134",2,2,5,1,"6:41 PM","11:46","Pierce BLOCK (1 BLK)",null,"MISS DeRozan 2' Layup",null,null],["0041400134",3,4,0,1,"6:41 PM","11:43",null,null,"DeRozan REBOUND (Off:1 Def:0)",null,null],["0041400134",4,2,1,1,"6:41 PM","11:41",null,null,"MISS DeRozan 17' Jump Shot",null,null],["0041400134",5,4,0,1,"6:41 PM","11:40","Pierce REBOUND (Off:0 Def:1)",null,null,null,null],["0041400134",6,1,1,1,"6:42 PM","11:16","Wall 20' Jump Shot (2 PTS) (Gortat 1 AST)",null,null,"0 - 2","2"],["0041400134",7,1,63,1,"6:42 PM","10:55",null,null,"Lowry 20' Fadeaway Jumper (2 PTS)","2 - 2","TIE"],["0041400134",8,5,40,1,"6:43 PM","10:35","Gortat Out of Bounds Lost Ball Turnover (P1.T1)",null,null,null,null],["0041400134",10,2,1,1,"6:43 PM","10:16",null,null,"MISS Valanciunas 7' Jump Shot",null,null],["0041400134",11,4,0,1,"6:43 PM","10:15","Gortat REBOUND (Off:0 Def:1)",null,null,null,null],["0041400134",12,6,2,1,"6:43 PM","10:12",null,null,"Lowry S.FOUL (P1.T1) (E.Malloy)",null,null],["0041400134",13,3,11,1,"6:43 PM","10:12","Wall Free Throw 1 of 2 (3 PTS)",null,null,"2 - 3","1"],["0041400134",15,3,12,1,"6:44 PM","10:12","Wall Free Throw 2 of 2 (4 PTS)",null,null,"2 - 4","2"],["0041400134",18,6,1,1,"6:45 PM","9:59","Nene P.FOUL (P1.T1) (E.Malloy)",null,null,null,null],["0041400134",19,18,2,1,"6:45 PM","9:59",null,null,null,null,null],["0041400134",22,2,1,1,"6:47 PM","9:47",null,null,"MISS Lowry 24' 3PT Jump Shot",null,null],["0041400134",23,4,0,1,"6:47 PM","9:46","Pierce REBOUND (Off:0 Def:2)",null,null,null,null],["0041400134",24,6,2,1,"6:47 PM","9:42",null,null,"Johnson S.FOUL (P1.T2) (E.Malloy)",null,null],["0041400134",25,3,11,1,"6:48 PM","9:42","Nene Free Throw 1 of 2 (1 PTS)",null,null,"2 - 5","3"],["0041400134",27,3,12,1,"6:48 PM","9:42","MISS Nene Free Throw 2 of 2",null,null,null,null],["0041400134",29,4,0,1,"6:48 PM","9:40","Gortat REBOUND (Off:1 Def:1)",null,null,null,null],["0041400134",30,2,1,1,"6:48 PM","9:35","MISS Pierce 26' 3PT Jump Shot",null,null,null,null],["0041400134",31,4,0,1,"6:49 PM","9:34",null,null,"Raptors Rebound",null,null],["0041400134",32,6,3,1,"6:49 PM","9:34","Gortat L.B.FOUL (P1.T2) (B.Forte)",null,null,null,null],["0041400134",33,1,65,1,"6:49 PM","9:22",null,null,"Valanciunas 4' Jump Hook Shot (2 PTS) (Ross 1 AST)","4 - 5","1"],["0041400134",34,5,39,1,"6:49 PM","8:59","Nene Step Out of Bounds Turnover (P1.T2)",null,null,null,null],["0041400134",35,5,2,1,"6:50 PM","8:52","Gortat STEAL (1 STL)",null,"Lowry Lost Ball Turnover (P1.T1)",null,null],["0041400134",36,6,2,1,"6:50 PM","8:50",null,null,"DeRozan S.FOUL (P1.T3) (B.Forte)",null,null],["0041400134",37,3,11,1,"6:50 PM","8:50","Nene Free Throw 1 of 2 (2 PTS)",null,null,"4 - 6","2"],["0041400134",39,3,12,1,"6:50 PM","8:50","MISS Nene Free Throw 2 of 2",null,null,null,null],["0041400134",41,4,0,1,"6:51 PM","8:48",null,null,"Valanciunas REBOUND (Off:0 Def:1)",null,null],["0041400134",43,2,1,1,"6:51 PM","8:35",null,null,"MISS Ross 25' 3PT Jump Shot",null,null],["0041400134",44,4,0,1,"6:51 PM","8:34","Wall REBOUND (Off:0 Def:1)",null,null,null,null],["0041400134",45,1,1,1,"6:51 PM","8:12","Beal 24' 3PT Jump Shot (3 PTS) (Wall 1 AST)",null,null,"4 - 9","5"],["0041400134",46,2,1,1,"6:52 PM","7:51",null,null,"MISS Johnson 5' Jump Shot",null,null],["0041400134",47,4,0,1,"6:52 PM","7:51","WIZARDS Rebound",null,null,null,null],["0041400134",48,5,2,1,"6:52 PM","7:38","Beal Lost Ball Turnover (P1.T3)",null,"DeRozan STEAL (1 STL)",null,null],["0041400134",49,1,1,1,"6:52 PM","7:32",null,null,"Ross 26' 3PT Jump Shot (3 PTS) (DeRozan 1 AST)","7 - 9","2"],["0041400134",50,1,1,1,"6:52 PM","7:14","Nene 19' Jump Shot (4 PTS) (Pierce 1 AST)",null,null,"7 - 11","4"],["0041400134",51,2,1,1,"6:53 PM","6:59",null,null,"MISS Ross 26' 3PT Jump Shot",null,null],["0041400134",52,4,0,1,"6:53 PM","6:58","Wall REBOUND (Off:0 Def:2)",null,null,null,null],["0041400134",53,2,1,1,"6:53 PM","6:53","MISS Wall 20' Jump Shot",null,null,null,null],["0041400134",54,4,0,1,"6:53 PM","6:50",null,null,"Valanciunas REBOUND (Off:0 Def:2)",null,null],["0041400134",55,2,1,1,"6:53 PM","6:35",null,null,"MISS Valanciunas 7' Jump Shot",null,null],["0041400134",56,4,0,1,"6:53 PM","6:34","Gortat REBOUND (Off:1 Def:2)",null,null,null,null],["0041400134",57,6,2,1,"6:53 PM","6:31",null,null,"Lowry S.FOUL (P2.T4) (B.Forte)",null,null],["0041400134",58,3,11,1,"6:54 PM","6:31","Wall Free Throw 1 of 2 (5 PTS)",null,null,"7 - 12","5"],["0041400134",60,3,12,1,"6:54 PM","6:31","Wall Free Throw 2 of 2 (6 PTS)",null,null,"7 - 13","6"],["0041400134",63,9,1,1,"6:54 PM","6:27",null,null,"Raptors Timeout: Regular (Reg.1 Short 0)",null,null],["0041400134",64,6,11,1,"6:54 PM","6:27",null,null,"Lowry T.FOUL (P2.T4) (B.Forte)",null,null],["0041400134",66,3,16,1,"6:58 PM","6:27","Wall Free Throw Technical (7 PTS)",null,null,"7 - 14","7"],["0041400134",68,6,17,1,"6:58 PM","6:20","WIZARDS T.Foul (Def. 3 Sec Nene ) (E.Malloy)",null,null,null,null],["0041400134",69,3,16,1,"6:59 PM","6:20",null,null,"DeRozan Free Throw Technical (1 PTS)","8 - 14","6"],["0041400134",71,5,1,1,"6:59 PM","6:15","Pierce STEAL (1 STL)",null,"Johnson Bad Pass Turnover (P1.T2)",null,null],["0041400134",73,7,2,1,"6:59 PM","6:12",null,null,"DeRozan Violation:Defensive Goaltending (B.Forte)",null,null],["0041400134",72,1,41,1,"6:59 PM","6:12","Pierce 1' Running Layup (2 PTS)",null,null,"8 - 16","8"],["0041400134",75,5,39,1,"6:59 PM","6:01",null,null,"DeRozan Step Out of Bounds Turnover (P1.T3)",null,null],["0041400134",76,1,1,1,"7:00 PM","5:42","Nene 20' Jump Shot (6 PTS) (Gortat 2 AST)",null,null,"8 - 18","10"],["0041400134",77,1,42,1,"7:00 PM","5:24",null,null,"Lowry 1' Driving Layup (4 PTS) (DeRozan 2 AST)","10 - 18","8"],["0041400134",78,6,2,1,"7:01 PM","5:06",null,null,"Lowry S.FOUL (P3.PN) (E.Malloy)",null,null],["0041400134",79,3,11,1,"7:01 PM","5:06","Beal Free Throw 1 of 2 (4 PTS)",null,null,"10 - 19","9"],["0041400134",81,8,0,1,"7:01 PM","5:06","SUB: Gooden FOR Nene",null,null,null,null],["0041400134",82,8,0,1,"7:01 PM","5:06",null,null,"SUB: Williams FOR Ross",null,null],["0041400134",83,8,0,1,"7:01 PM","5:06",null,null,"SUB: Vasquez FOR Johnson",null,null],["0041400134",84,8,0,1,"7:01 PM","5:06",null,null,"SUB: Patterson FOR Lowry",null,null],["0041400134",85,3,12,1,"7:01 PM","5:06","Beal Free Throw 2 of 2 (5 PTS)",null,null,"10 - 20","10"],["0041400134",88,1,66,1,"7:02 PM","4:50",null,null,"DeRozan 18' Jump Bank Shot (3 PTS)","12 - 20","8"],["0041400134",89,6,4,1,"7:02 PM","4:44","Wall OFF.Foul (P1) (B.Forte)",null,null,null,null],["0041400134",90,5,5,1,"7:02 PM","4:44","Wall Foul Turnover (P1.T4)",null,null,null,null],["0041400134",91,2,1,1,"7:02 PM","4:28",null,null,"MISS Vasquez 3' Jump Shot",null,null],["0041400134",92,4,0,1,"7:02 PM","4:26","Gortat REBOUND (Off:1 Def:3)",null,null,null,null],["0041400134",93,6,2,1,"7:03 PM","4:14",null,null,"Valanciunas S.FOUL (P1.PN) (K.Mauer)",null,null],["0041400134",94,3,11,1,"7:03 PM","4:14","Gortat Free Throw 1 of 2 (1 PTS)",null,null,"12 - 21","9"],["0041400134",96,3,12,1,"7:03 PM","4:14","Gortat Free Throw 2 of 2 (2 PTS)",null,null,"12 - 22","10"],["0041400134",99,1,63,1,"7:04 PM","4:02",null,null,"Patterson 18' Fadeaway Jumper (2 PTS)","14 - 22","8"],["0041400134",100,1,1,1,"7:04 PM","3:45","Beal 25' 3PT Jump Shot (8 PTS) (Wall 2 AST)",null,null,"14 - 25","11"],["0041400134",101,1,86,1,"7:04 PM","3:29",null,null,"DeRozan 17' Turnaround Fadeaway (5 PTS)","16 - 25","9"],["0041400134",102,1,76,1,"7:04 PM","3:16","Gortat 2' Running Finger Roll Layup (4 PTS) (Wall 3 AST)",null,null,"16 - 27","11"],["0041400134",103,2,5,1,"7:04 PM","3:07",null,null,"MISS Williams 1' Layup",null,null],["0041400134",104,4,0,1,"7:04 PM","3:05",null,null,"Valanciunas REBOUND (Off:1 Def:2)",null,null],["0041400134",105,1,4,1,"7:04 PM","3:04",null,null,"Valanciunas 1' Tip Shot (4 PTS)","18 - 27","9"],["0041400134",106,1,1,1,"7:05 PM","2:58","Pierce  3PT Jump Shot (5 PTS) (Wall 4 AST)",null,null,"18 - 30","12"],["0041400134",107,9,2,1,"7:05 PM","2:46",null,null,"Raptors Timeout: Short (Reg.1 Short 1)",null,null],["0041400134",109,9,1,1,"7:06 PM","2:46","WIZARDS Timeout: Regular (Full 1 Short 0)",null,null,null,null],["0041400134",110,8,0,1,"7:07 PM","2:46","SUB: Sessions FOR Beal",null,null,null,null],["0041400134",111,8,0,1,"7:07 PM","2:46","SUB: Porter FOR Pierce",null,null,null,null],["0041400134",112,8,0,1,"7:07 PM","2:46",null,null,"SUB: Hansbrough FOR Valanciunas",null,null],["0041400134",113,2,1,1,"7:08 PM","2:33",null,null,"MISS DeRozan 20' Jump Shot",null,null],["0041400134",114,4,0,1,"7:08 PM","2:32","Wall REBOUND (Off:0 Def:3)",null,null,null,null],["0041400134",115,6,1,1,"7:08 PM","2:29",null,null,"Vasquez P.FOUL (P1.PN) (E.Malloy)",null,null],["0041400134",116,3,11,1,"7:09 PM","2:29","Wall Free Throw 1 of 2 (8 PTS)",null,null,"18 - 31","13"],["0041400134",118,3,12,1,"7:09 PM","2:29","Wall Free Throw 2 of 2 (9 PTS)",null,null,"18 - 32","14"],["0041400134",120,2,1,1,"7:10 PM","2:08",null,null,"MISS Vasquez 3' Jump Shot",null,null],["0041400134",121,4,0,1,"7:10 PM","2:07",null,null,"Patterson REBOUND (Off:1 Def:0)",null,null],["0041400134",122,2,5,1,"7:10 PM","2:05","Gortat BLOCK (1 BLK)",null,"MISS Patterson 2' Layup",null,null],["0041400134",123,4,0,1,"7:10 PM","2:05","Sessions REBOUND (Off:0 Def:1)",null,null,null,null],["0041400134",124,5,39,1,"7:10 PM","2:05","Sessions Step Out of Bounds Turnover (P1.T5)",null,null,null,null],["0041400134",125,1,63,1,"7:11 PM","1:51",null,null,"Williams 19' Fadeaway Jumper (2 PTS)","20 - 32","12"],["0041400134",126,1,44,1,"7:11 PM","1:33","Gortat 2' Reverse Layup (6 PTS) (Wall 5 AST)",null,null,"20 - 34","14"],["0041400134",127,2,5,1,"7:11 PM","1:23","Porter BLOCK (1 BLK)",null,"MISS Hansbrough 2' Layup",null,null],["0041400134",128,4,0,1,"7:11 PM","1:23",null,null,"Raptors Rebound",null,null],["0041400134",129,2,1,1,"7:11 PM","1:17",null,null,"MISS Vasquez 28' 3PT Jump Shot",null,null],["0041400134",130,4,0,1,"7:11 PM","1:16","Gortat REBOUND (Off:1 Def:4)",null,null,null,null],["0041400134",131,2,1,1,"7:12 PM","1:09","MISS Wall 27' 3PT Jump Shot",null,null,null,null],["0041400134",132,4,0,1,"7:12 PM","1:08",null,null,"Hansbrough REBOUND (Off:0 Def:1)",null,null],["0041400134",133,6,1,1,"7:12 PM","1:02","Sessions P.FOUL (P1.T3) (K.Mauer)",null,null,null,null],["0041400134",134,6,4,1,"7:12 PM","0:54",null,null,"DeRozan OFF.Foul (P2) (B.Forte)",null,null],["0041400134",135,5,5,1,"7:12 PM","0:54",null,null,"DeRozan Foul Turnover (P2.T4)",null,null],["0041400134",137,2,1,1,"7:13 PM","0:36","MISS Porter 4' Jump Shot",null,null,null,null],["0041400134",138,4,0,1,"7:13 PM","0:35","Gortat REBOUND (Off:2 Def:4)",null,null,null,null],["0041400134",139,1,5,1,"7:13 PM","0:35","Gortat 1' Layup (8 PTS)",null,null,"20 - 36","16"],["0041400134",140,1,42,1,"7:13 PM","0:28",null,null,"Vasquez 3' Driving Layup (2 PTS)","22 - 36","14"],["0041400134",141,5,11,1,"7:13 PM","0:04","WIZARDS Turnover: Shot Clock (T#6)",null,null,null,null],["0041400134",147,18,0,1,"7:13 PM","0:04",null,null,null,null,null],["0041400134",142,8,0,1,"7:14 PM","0:04","SUB: Beal FOR Wall",null,null,null,null],["0041400134",143,2,1,1,"7:14 PM","0:01",null,null,"MISS Williams 32' 3PT Jump Shot",null,null],["0041400134",144,4,0,1,"7:14 PM","0:00",null,null,"Raptors Rebound",null,null],["0041400134",145,13,0,1,"7:14 PM","0:00",null,null,null,"22 - 36","14"],["0041400134",148,12,0,2,"7:18 PM","12:00",null,null,null,"22 - 36","14"],["0041400134",149,2,1,2,"7:18 PM","11:35","MISS Sessions 16' Jump Shot",null,null,null,null],["0041400134",150,4,0,2,"7:18 PM","11:34",null,null,"Patterson REBOUND (Off:1 Def:1)",null,null],["0041400134",151,1,46,2,"7:19 PM","11:12",null,null,"Williams 8' Running Jump Shot (4 PTS)","24 - 36","12"],["0041400134",152,1,5,2,"7:19 PM","10:54","Gooden 2' Layup (2 PTS) (Nene 1 AST)",null,null,"24 - 38","14"],["0041400134",153,1,1,2,"7:19 PM","10:41",null,null,"Williams 26' 3PT Jump Shot (7 PTS) (Patterson 1 AST)","27 - 38","11"],["0041400134",154,2,1,2,"7:20 PM","10:17","MISS Nene 20' Jump Shot",null,null,null,null],["0041400134",155,4,0,2,"7:20 PM","10:16",null,null,"Hansbrough REBOUND (Off:0 Def:2)",null,null],["0041400134",156,1,1,2,"7:20 PM","10:08",null,null,"Vasquez 26' 3PT Jump Shot (5 PTS)","30 - 38","8"],["0041400134",157,6,2,2,"7:20 PM","9:47",null,null,"Ross S.FOUL (P1.T1) (B.Forte)",null,null],["0041400134",158,3,11,2,"7:20 PM","9:47","Beal Free Throw 1 of 2 (9 PTS)",null,null,"30 - 39","9"],["0041400134",160,3,12,2,"7:21 PM","9:47","Beal Free Throw 2 of 2 (10 PTS)",null,null,"30 - 40","10"],["0041400134",163,2,1,2,"7:21 PM","9:30",null,null,"MISS Vasquez 26' 3PT Jump Shot",null,null],["0041400134",164,4,0,2,"7:21 PM","9:28","Porter REBOUND (Off:0 Def:1)",null,null,null,null],["0041400134",165,2,5,2,"7:21 PM","9:20","MISS Beal 3' Layup",null,null,null,null],["0041400134",166,4,0,2,"7:21 PM","9:19",null,null,"Raptors Rebound",null,null],["0041400134",167,6,2,2,"7:22 PM","9:13","Beal S.FOUL (P1.T1) (B.Forte)",null,null,null,null],["0041400134",168,3,11,2,"7:22 PM","9:13",null,null,"MISS Williams Free Throw 1 of 2",null,null],["0041400134",169,4,0,2,"7:22 PM","9:13",null,null,"Raptors Rebound",null,null],["0041400134",170,3,12,2,"7:22 PM","9:13",null,null,"Williams Free Throw 2 of 2 (8 PTS)","31 - 40","9"],["0041400134",173,1,1,2,"7:22 PM","9:04","Gooden 27' 3PT Jump Shot (5 PTS) (Sessions 1 AST)",null,null,"31 - 43","12"],["0041400134",174,6,4,2,"7:23 PM","8:59",null,null,"Patterson OFF.Foul (P1) (E.Malloy)",null,null],["0041400134",175,5,5,2,"7:23 PM","8:59",null,null,"Patterson Foul Turnover (P1.T5)",null,null],["0041400134",176,9,4,2,"7:23 PM","8:59",null,null,null,null,null],["0041400134",178,1,1,2,"7:26 PM","8:42","Porter  3PT Jump Shot (3 PTS) (Beal 1 AST)",null,null,"31 - 46","15"],["0041400134",179,2,1,2,"7:27 PM","8:27",null,null,"MISS Williams 11' Jump Shot",null,null],["0041400134",180,4,0,2,"7:27 PM","8:26","Gooden REBOUND (Off:0 Def:1)",null,null,null,null],["0041400134",182,1,78,2,"7:27 PM","8:11","Beal 5' Floating Jump Shot (12 PTS)",null,null,"31 - 48","17"],["0041400134",183,1,75,2,"7:27 PM","7:51",null,null,"Patterson 2' Driving Finger Roll Layup (4 PTS) (Hansbrough 1 AST)","33 - 48","15"],["0041400134",184,2,1,2,"7:28 PM","7:29","MISS Gooden 27' 3PT Jump Shot",null,null,null,null],["0041400134",185,4,0,2,"7:28 PM","7:28","Beal REBOUND (Off:1 Def:0)",null,null,null,null],["0041400134",186,1,4,2,"7:28 PM","7:26","Beal 2' Tip Shot (14 PTS)",null,null,"33 - 50","17"],["0041400134",187,2,1,2,"7:28 PM","7:08",null,null,"MISS Patterson 25' 3PT Jump Shot",null,null],["0041400134",188,4,0,2,"7:28 PM","7:07","Nene REBOUND (Off:0 Def:1)",null,null,null,null],["0041400134",189,6,14,2,"7:29 PM","6:59",null,null,"Hansbrough FLAGRANT.FOUL.TYPE1 (P1.T2) (E.Malloy)",null,null],["0041400134",190,18,0,2,"7:29 PM","6:59",null,null,null,null,null],["0041400134",191,3,18,2,"7:30 PM","6:59","Sessions Free Throw Flagrant 1 of 2 (1 PTS)",null,null,"33 - 51","18"],["0041400134",193,3,19,2,"7:30 PM","6:59","Sessions Free Throw Flagrant 2 of 2 (2 PTS)",null,null,"33 - 52","19"],["0041400134",195,8,0,2,"7:31 PM","6:59",null,null,"SUB: Lowry FOR Ross",null,null],["0041400134",196,8,0,2,"7:31 PM","6:59",null,null,"SUB: DeRozan FOR Vasquez",null,null],["0041400134",197,8,0,2,"7:31 PM","6:59",null,null,"SUB: Johnson FOR Hansbrough",null,null],["0041400134",199,2,1,2,"7:31 PM","6:50","MISS Beal 28' 3PT Jump Shot",null,null,null,null],["0041400134",200,4,0,2,"7:31 PM","6:49",null,null,"Raptors Rebound",null,null],["0041400134",201,6,27,2,"7:32 PM","6:30","Nene Personal Block Foul (P2.T2) (K.Mauer)",null,null,null,null],["0041400134",202,2,1,2,"7:32 PM","6:23",null,null,"MISS Williams 24' 3PT Jump Shot",null,null],["0041400134",203,4,0,2,"7:32 PM","6:22","Sessions REBOUND (Off:0 Def:2)",null,null,null,null],["0041400134",204,6,2,2,"7:32 PM","6:15",null,null,"Williams S.FOUL (P1.T3) (E.Malloy)",null,null],["0041400134",205,3,11,2,"7:33 PM","6:15","Beal Free Throw 1 of 2 (15 PTS)",null,null,"33 - 53","20"],["0041400134",207,8,0,2,"7:33 PM","6:15","SUB: Wall FOR Sessions",null,null,null,null],["0041400134",210,3,12,2,"7:33 PM","6:15","MISS Beal Free Throw 2 of 2",null,null,null,null],["0041400134",212,4,0,2,"7:34 PM","6:14",null,null,"DeRozan REBOUND (Off:1 Def:1)",null,null],["0041400134",214,1,5,2,"7:34 PM","6:02",null,null,"Johnson 1' Layup (2 PTS) (DeRozan 3 AST)","35 - 53","18"],["0041400134",215,2,5,2,"7:34 PM","5:42","MISS Beal  Layup",null,null,null,null],["0041400134",216,4,0,2,"7:34 PM","5:41",null,null,"Patterson REBOUND (Off:1 Def:2)",null,null],["0041400134",217,2,1,2,"7:34 PM","5:32",null,null,"MISS Lowry 25' 3PT Jump Shot",null,null],["0041400134",218,4,0,2,"7:34 PM","5:31",null,null,"Lowry REBOUND (Off:1 Def:0)",null,null],["0041400134",219,1,79,2,"7:35 PM","5:19",null,null,"DeRozan 14' Pullup Jump Shot (7 PTS)","37 - 53","16"],["0041400134",220,2,5,2,"7:35 PM","5:01","MISS Nene 2' Layup",null,null,null,null],["0041400134",221,4,0,2,"7:35 PM","5:00",null,null,"Johnson REBOUND (Off:0 Def:1)",null,null],["0041400134",222,2,1,2,"7:35 PM","4:55",null,null,"MISS Patterson 25' 3PT Jump Shot",null,null],["0041400134",223,4,0,2,"7:35 PM","4:52",null,null,"Lowry REBOUND (Off:2 Def:0)",null,null],["0041400134",224,2,1,2,"7:35 PM","4:50","Wall BLOCK (1 BLK)",null,"MISS Patterson 12' Jump Shot",null,null],["0041400134",225,4,0,2,"7:35 PM","4:48","Nene REBOUND (Off:0 Def:2)",null,null,null,null],["0041400134",226,2,1,2,"7:35 PM","4:44","MISS Beal 26' 3PT Jump Shot",null,null,null,null],["0041400134",240,4,0,2,"7:35 PM","4:43","Gooden REBOUND (Off:1 Def:1)",null,null,null,null],["0041400134",243,2,40,2,"7:35 PM","4:43","MISS Gooden 2' Layup",null,null,null,null],["0041400134",227,4,0,2,"7:35 PM","4:41",null,null,"Lowry REBOUND (Off:2 Def:1)",null,null],["0041400134",228,6,1,2,"7:35 PM","4:39","Wall P.FOUL (P2.T3) (K.Mauer)",null,null,null,null],["0041400134",229,9,1,2,"7:35 PM","4:39","WIZARDS Timeout: Regular (Full 2 Short 0)",null,null,null,null],["0041400134",231,8,0,2,"7:38 PM","4:39","SUB: Gortat FOR Nene",null,null,null,null],["0041400134",232,8,0,2,"7:39 PM","4:39","SUB: Pierce FOR Gooden",null,null,null,null],["0041400134",233,8,0,2,"7:39 PM","4:39",null,null,"SUB: Ross FOR Patterson",null,null],["0041400134",234,1,78,2,"7:39 PM","4:29",null,null,"Lowry 5' Floating Jump Shot (6 PTS)","39 - 53","14"],["0041400134",235,1,5,2,"7:39 PM","4:16","Gortat 2' Layup (10 PTS) (Wall 6 AST)",null,null,"39 - 55","16"],["0041400134",236,2,1,2,"7:40 PM","4:02",null,null,"MISS Johnson 4' Jump Shot",null,null],["0041400134",237,4,0,2,"7:40 PM","4:02",null,null,"Lowry REBOUND (Off:3 Def:1)",null,null],["0041400134",238,1,42,2,"7:40 PM","4:02",null,null,"Lowry 1' Driving Layup (8 PTS)","41 - 55","14"],["0041400134",239,6,2,2,"7:40 PM","4:02","Wall S.FOUL (P3.T4) (B.Forte)",null,null,null,null],["0041400134",241,8,0,2,"7:40 PM","4:02","SUB: Sessions FOR Wall",null,null,null,null],["0041400134",242,3,10,2,"7:40 PM","4:02",null,null,"Lowry Free Throw 1 of 1 (9 PTS)","42 - 55","13"],["0041400134",245,2,1,2,"7:41 PM","3:47","MISS Porter 16' Jump Shot",null,null,null,null],["0041400134",246,4,0,2,"7:41 PM","3:46",null,null,"DeRozan REBOUND (Off:1 Def:2)",null,null],["0041400134",247,1,78,2,"7:41 PM","3:39",null,null,"DeRozan 12' Floating Jump Shot (9 PTS)","44 - 55","11"],["0041400134",249,1,5,2,"7:41 PM","3:19","Porter 1' Layup (5 PTS) (Gortat 3 AST)",null,null,"44 - 57","13"],["0041400134",251,6,4,2,"7:41 PM","3:05",null,null,"Johnson OFF.Foul (P2) (B.Forte)",null,null],["0041400134",252,5,5,2,"7:41 PM","3:05",null,null,"Johnson Foul Turnover (P2.T6)",null,null],["0041400134",253,2,1,2,"7:42 PM","2:56","MISS Beal 17' Jump Shot",null,null,null,null],["0041400134",254,4,0,2,"7:42 PM","2:54",null,null,"Lowry REBOUND (Off:3 Def:2)",null,null],["0041400134",256,2,1,2,"7:42 PM","2:48",null,null,"MISS Lowry 7' Jump Shot",null,null],["0041400134",257,4,0,2,"7:42 PM","2:47","Porter REBOUND (Off:0 Def:2)",null,null,null,null],["0041400134",259,1,41,2,"7:42 PM","2:36","Sessions 2' Running Layup (4 PTS) (Pierce 2 AST)",null,null,"44 - 59","15"],["0041400134",260,2,1,2,"7:42 PM","2:18",null,null,"MISS DeRozan 18' Jump Shot",null,null],["0041400134",261,4,0,2,"7:42 PM","2:17","Gortat REBOUND (Off:2 Def:5)",null,null,null,null],["0041400134",262,2,1,2,"7:43 PM","2:04","MISS Porter 21' Jump Shot",null,null,null,null],["0041400134",263,4,0,2,"7:43 PM","2:03",null,null,"Lowry REBOUND (Off:3 Def:3)",null,null],["0041400134",264,1,47,2,"7:43 PM","1:57",null,null,"Williams 24' 3PT Turnaround Jump Shot (11 PTS) (Lowry 1 AST)","47 - 59","12"],["0041400134",265,1,1,2,"7:43 PM","1:29","Sessions 26' 3PT Jump Shot (7 PTS) (Beal 2 AST)",null,null,"47 - 62","15"],["0041400134",266,2,1,2,"7:43 PM","1:16",null,null,"MISS Williams 27' 3PT Jump Shot",null,null],["0041400134",267,4,0,2,"7:43 PM","1:15","Porter REBOUND (Off:0 Def:3)",null,null,null,null],["0041400134",268,2,1,2,"7:44 PM","1:01","MISS Porter 4' Jump Shot",null,null,null,null],["0041400134",269,4,0,2,"7:44 PM","1:00","Gortat REBOUND (Off:3 Def:5)",null,null,null,null],["0041400134",270,1,1,2,"7:44 PM","1:00","Gortat 4' Jump Shot (12 PTS)",null,null,"47 - 64","17"],["0041400134",271,6,2,2,"7:44 PM","1:00",null,null,"Johnson S.FOUL (P3.T4) (K.Mauer)",null,null],["0041400134",272,9,1,2,"7:44 PM","1:00",null,null,"Raptors Timeout: Regular (Reg.2 Short 1)",null,null],["0041400134",274,8,0,2,"7:46 PM","1:00",null,null,"SUB: Vasquez FOR Ross",null,null],["0041400134",275,8,0,2,"7:46 PM","1:00",null,null,"SUB: Valanciunas FOR Johnson",null,null],["0041400134",276,3,10,2,"7:47 PM","1:00","MISS Gortat Free Throw 1 of 1",null,null,null,null],["0041400134",278,4,0,2,"7:47 PM","0:58",null,null,"DeRozan REBOUND (Off:1 Def:3)",null,null],["0041400134",279,6,2,2,"7:47 PM","0:47","Beal S.FOUL (P2.PN) (B.Forte)",null,null,null,null],["0041400134",280,6,11,2,"7:48 PM","0:47","Beal T.FOUL (P2.PN) (K.Mauer)",null,null,null,null],["0041400134",281,3,16,2,"7:48 PM","0:47",null,null,"DeRozan Free Throw Technical (10 PTS)","48 - 64","16"],["0041400134",283,3,11,2,"7:48 PM","0:47",null,null,"Williams Free Throw 1 of 2 (12 PTS)","49 - 64","15"],["0041400134",285,3,12,2,"7:48 PM","0:47",null,null,"Williams Free Throw 2 of 2 (13 PTS)","50 - 64","14"],["0041400134",288,1,78,2,"7:49 PM","0:30","Porter 4' Floating Jump Shot (7 PTS) (Sessions 2 AST)",null,null,"50 - 66","16"],["0041400134",289,5,1,2,"7:49 PM","0:25","Beal STEAL (1 STL)",null,"Lowry Bad Pass Turnover (P2.T7)",null,null],["0041400134",290,9,2,2,"7:49 PM","0:15","WIZARDS Timeout: Short (Full 2 Short 1)",null,null,null,null],["0041400134",292,8,0,2,"7:50 PM","0:15",null,null,"SUB: Ross FOR Valanciunas",null,null],["0041400134",293,8,0,2,"7:50 PM","0:15",null,null,"SUB: Patterson FOR Lowry",null,null],["0041400134",294,2,1,2,"7:51 PM","0:01","MISS Beal 7' Jump Shot",null,null,null,null],["0041400134",295,4,0,2,"7:51 PM","0:00",null,null,"Williams REBOUND (Off:0 Def:1)",null,null],["0041400134",296,13,0,2,"7:51 PM","0:00",null,null,null,"50 - 66","16"],["0041400134",298,12,0,3,"8:10 PM","12:00",null,null,null,"50 - 66","16"],["0041400134",299,5,1,3,"8:10 PM","11:43","Pierce Bad Pass Turnover (P1.T7)",null,"DeRozan STEAL (2 STL)",null,null],["0041400134",300,1,41,3,"8:10 PM","11:37",null,null,"Lowry 1' Running Layup (11 PTS)","52 - 66","14"],["0041400134",301,1,1,3,"8:11 PM","11:14","Pierce 27' 3PT Jump Shot (8 PTS) (Beal 3 AST)",null,null,"52 - 69","17"],["0041400134",302,5,1,3,"8:11 PM","10:51","Gortat STEAL (2 STL)",null,"Lowry Bad Pass Turnover (P3.T8)",null,null],["0041400134",303,2,5,3,"8:11 PM","10:37","MISS Gortat 3' Layup",null,null,null,null],["0041400134",304,4,0,3,"8:11 PM","10:35","Gortat REBOUND (Off:4 Def:5)",null,null,null,null],["0041400134",305,1,4,3,"8:11 PM","10:33","Gortat 1' Tip Shot (14 PTS)",null,null,"52 - 71","19"],["0041400134",306,7,5,3,"8:11 PM","10:29","Nene Violation:Kicked Ball (E.Malloy)",null,null,null,null],["0041400134",307,2,1,3,"8:12 PM","10:24",null,null,"MISS DeRozan 19' Jump Shot",null,null],["0041400134",308,4,0,3,"8:12 PM","10:22","Wall REBOUND (Off:0 Def:4)",null,null,null,null],["0041400134",309,1,79,3,"8:12 PM","10:17","Pierce 28' 3PT Pullup Jump Shot (11 PTS) (Wall 7 AST)",null,null,"52 - 74","22"],["0041400134",310,1,1,3,"8:12 PM","9:58",null,null,"Lowry 27' 3PT Jump Shot (14 PTS) (DeRozan 4 AST)","55 - 74","19"],["0041400134",311,2,1,3,"8:12 PM","9:34","MISS Nene 14' Jump Shot",null,null,null,null],["0041400134",312,4,0,3,"8:12 PM","9:33","Gortat REBOUND (Off:5 Def:5)",null,null,null,null],["0041400134",313,1,1,3,"8:13 PM","9:29","Beal 32' 3PT Jump Shot (18 PTS) (Gortat 4 AST)",null,null,"55 - 77","22"],["0041400134",314,2,1,3,"8:13 PM","9:16",null,null,"MISS Lowry 24' 3PT Jump Shot",null,null],["0041400134",315,4,0,3,"8:13 PM","9:15","Nene REBOUND (Off:0 Def:3)",null,null,null,null],["0041400134",316,5,7,3,"8:13 PM","9:06","Wall Discontinue Dribble Turnover (P2.T8)",null,null,null,null],["0041400134",318,6,1,3,"8:13 PM","9:00","Nene P.FOUL (P3.T1) (B.Forte)",null,null,null,null],["0041400134",319,2,1,3,"8:14 PM","8:45",null,null,"MISS Johnson 7' Jump Shot",null,null],["0041400134",320,4,0,3,"8:14 PM","8:44",null,null,"Lowry REBOUND (Off:4 Def:3)",null,null],["0041400134",321,1,1,3,"8:14 PM","8:35",null,null,"Valanciunas 5' Jump Shot (6 PTS) (Lowry 2 AST)","57 - 77","20"],["0041400134",322,2,1,3,"8:14 PM","8:20","MISS Beal 22' Jump Shot",null,null,null,null],["0041400134",323,4,0,3,"8:14 PM","8:18",null,null,"Johnson REBOUND (Off:0 Def:2)",null,null],["0041400134",324,2,5,3,"8:14 PM","8:11",null,null,"MISS Lowry  Layup",null,null],["0041400134",325,4,0,3,"8:14 PM","8:10","Pierce REBOUND (Off:0 Def:3)",null,null,null,null],["0041400134",326,1,5,3,"8:14 PM","8:04","Gortat 2' Layup (16 PTS) (Wall 8 AST)",null,null,"57 - 79","22"],["0041400134",328,1,78,3,"8:15 PM","7:39",null,null,"DeRozan 7' Floating Jump Shot (12 PTS)","59 - 79","20"],["0041400134",330,5,2,3,"8:16 PM","7:13","Nene Lost Ball Turnover (P2.T9)",null,"DeRozan STEAL (3 STL)",null,null],["0041400134",331,1,76,3,"8:16 PM","6:52",null,null,"Lowry 1' Running Finger Roll Layup (16 PTS)","61 - 79","18"],["0041400134",333,2,1,3,"8:16 PM","6:35","MISS Beal 20' Jump Shot",null,"Ross BLOCK (1 BLK)",null,null],["0041400134",334,4,0,3,"8:16 PM","6:33",null,null,"Valanciunas REBOUND (Off:1 Def:3)",null,null],["0041400134",335,5,1,3,"8:16 PM","6:31","Beal STEAL (2 STL)",null,"Lowry Bad Pass Turnover (P4.T9)",null,null],["0041400134",336,2,5,3,"8:17 PM","6:16","MISS Nene 3' Layup",null,"Johnson BLOCK (1 BLK)",null,null],["0041400134",337,4,0,3,"8:17 PM","6:16","Nene REBOUND (Off:1 Def:3)",null,null,null,null],["0041400134",338,6,2,3,"8:17 PM","6:16",null,null,"Lowry S.FOUL (P4.T1) (K.Mauer)",null,null],["0041400134",339,3,11,3,"8:17 PM","6:16","Nene Free Throw 1 of 2 (7 PTS)",null,null,"61 - 80","19"],["0041400134",341,3,12,3,"8:17 PM","6:16","MISS Nene Free Throw 2 of 2",null,null,null,null],["0041400134",343,4,0,3,"8:17 PM","6:15",null,null,"Valanciunas REBOUND (Off:1 Def:4)",null,null],["0041400134",345,2,1,3,"8:18 PM","6:02",null,null,"MISS DeRozan 17' Jump Shot",null,null],["0041400134",346,4,0,3,"8:18 PM","6:01","Gortat REBOUND (Off:5 Def:6)",null,null,null,null],["0041400134",347,1,79,3,"8:18 PM","5:47","Wall 18' Pullup Jump Shot (11 PTS)",null,null,"61 - 82","21"],["0041400134",348,9,1,3,"8:18 PM","5:35",null,null,"Raptors Timeout: Regular (Reg.3 Short 1)",null,null],["0041400134",350,5,1,3,"8:22 PM","5:25","Beal STEAL (3 STL)",null,"Lowry Bad Pass Turnover (P5.T10)",null,null],["0041400134",351,5,1,3,"8:22 PM","5:12","Gortat Bad Pass Turnover (P2.T10)",null,"Ross STEAL (1 STL)",null,null],["0041400134",352,5,1,3,"8:22 PM","5:08","Nene STEAL (1 STL)",null,"Ross Bad Pass Turnover (P1.T11)",null,null],["0041400134",353,1,1,3,"8:22 PM","5:00","Pierce 26' 3PT Jump Shot (14 PTS) (Beal 4 AST)",null,null,"61 - 85","24"],["0041400134",354,1,82,3,"8:23 PM","4:41",null,null,"Johnson 3' Driving Bank Shot (4 PTS)","63 - 85","22"],["0041400134",355,1,1,3,"8:23 PM","4:17","Wall 26' 3PT Jump Shot (14 PTS) (Nene 2 AST)",null,null,"63 - 88","25"],["0041400134",356,1,1,3,"8:23 PM","4:03",null,null,"DeRozan 18' Jump Shot (14 PTS) (Lowry 3 AST)","65 - 88","23"],["0041400134",357,2,1,3,"8:23 PM","3:51","MISS Pierce 27' 3PT Jump Shot",null,null,null,null],["0041400134",358,4,0,3,"8:23 PM","3:50",null,null,"Ross REBOUND (Off:0 Def:1)",null,null],["0041400134",359,2,1,3,"8:24 PM","3:41",null,null,"MISS Lowry 26' 3PT Jump Shot",null,null],["0041400134",360,4,0,3,"8:24 PM","3:39","Pierce REBOUND (Off:0 Def:4)",null,null,null,null],["0041400134",361,6,2,3,"8:24 PM","3:28",null,null,"Johnson S.FOUL (P4.T2) (E.Malloy)",null,null],["0041400134",362,3,11,3,"8:24 PM","3:28","MISS Gortat Free Throw 1 of 2",null,null,null,null],["0041400134",363,4,1,3,"8:24 PM","3:28","WIZARDS Rebound",null,null,null,null],["0041400134",364,8,0,3,"8:24 PM","3:28",null,null,"SUB: Williams FOR Johnson",null,null],["0041400134",365,8,0,3,"8:24 PM","3:28",null,null,"SUB: Patterson FOR Valanciunas",null,null],["0041400134",366,8,0,3,"8:25 PM","3:28","SUB: Porter FOR Pierce",null,null,null,null],["0041400134",367,8,0,3,"8:25 PM","3:28","SUB: Gooden FOR Nene",null,null,null,null],["0041400134",368,3,12,3,"8:25 PM","3:28","Gortat Free Throw 2 of 2 (17 PTS)",null,null,"65 - 89","24"],["0041400134",371,5,2,3,"8:25 PM","3:14","Wall STEAL (1 STL)",null,"DeRozan Lost Ball Turnover (P3.T12)",null,null],["0041400134",372,6,2,3,"8:25 PM","3:10",null,null,"Williams S.FOUL (P2.T3) (B.Forte)",null,null],["0041400134",373,3,11,3,"8:26 PM","3:10","Gortat Free Throw 1 of 2 (18 PTS)",null,null,"65 - 90","25"],["0041400134",375,8,0,3,"8:26 PM","3:10","SUB: Sessions FOR Beal",null,null,null,null],["0041400134",376,3,12,3,"8:26 PM","3:10","Gortat Free Throw 2 of 2 (19 PTS)",null,null,"65 - 91","26"],["0041400134",380,9,1,3,"8:26 PM","2:58","WIZARDS Timeout: Regular (Full 3 Short 1)",null,null,null,null],["0041400134",382,2,1,3,"8:30 PM","2:54",null,null,"MISS Williams 24' 3PT Jump Shot",null,null],["0041400134",383,4,0,3,"8:30 PM","2:52","Porter REBOUND (Off:0 Def:4)",null,null,null,null],["0041400134",384,1,1,3,"8:30 PM","2:33","Sessions  3PT Jump Shot (10 PTS) (Wall 9 AST)",null,null,"65 - 94","29"],["0041400134",385,6,2,3,"8:30 PM","2:20","Gortat S.FOUL (P2.T2) (B.Forte)",null,null,null,null],["0041400134",386,3,11,3,"8:30 PM","2:20",null,null,"Patterson Free Throw 1 of 2 (5 PTS)","66 - 94","28"],["0041400134",388,3,12,3,"8:31 PM","2:20",null,null,"Patterson Free Throw 2 of 2 (6 PTS)","67 - 94","27"],["0041400134",391,7,5,3,"8:31 PM","2:05",null,null,"Patterson Violation:Kicked Ball (E.Malloy)",null,null],["0041400134",392,8,0,3,"8:31 PM","2:05",null,null,"SUB: Vasquez FOR Ross",null,null],["0041400134",393,1,1,3,"8:32 PM","1:51","Sessions 25' 3PT Jump Shot (13 PTS) (Gortat 5 AST)",null,null,"67 - 97","30"],["0041400134",394,1,1,3,"8:32 PM","1:38",null,null,"Lowry 26' 3PT Jump Shot (19 PTS) (Vasquez 1 AST)","70 - 97","27"],["0041400134",395,1,86,3,"8:32 PM","1:13","Gortat 14' Turnaround Fadeaway (21 PTS) (Wall 10 AST)",null,null,"70 - 99","29"],["0041400134",396,2,1,3,"8:33 PM","0:59",null,null,"MISS Vasquez 27' 3PT Jump Shot",null,null],["0041400134",397,4,0,3,"8:33 PM","0:58","Porter REBOUND (Off:0 Def:5)",null,null,null,null],["0041400134",398,5,1,3,"8:33 PM","0:45","Gortat Bad Pass Turnover (P3.T11)",null,null,null,null],["0041400134",399,8,0,3,"8:33 PM","0:45","SUB: Beal FOR Wall",null,null,null,null],["0041400134",400,2,1,3,"8:34 PM","0:24",null,null,"MISS Patterson  3PT Jump Shot",null,null],["0041400134",401,4,0,3,"8:34 PM","0:23","Gooden REBOUND (Off:1 Def:2)",null,null,null,null],["0041400134",402,6,1,3,"8:34 PM","0:07",null,null,"Vasquez P.FOUL (P2.T4) (K.Mauer)",null,null],["0041400134",403,6,2,3,"8:34 PM","0:01",null,null,"Vasquez S.FOUL (P3.PN) (K.Mauer)",null,null],["0041400134",404,18,0,3,"8:35 PM","0:01",null,null,null,null,null],["0041400134",405,3,13,3,"8:36 PM","0:01","Beal Free Throw 1 of 3 (19 PTS)",null,null,"70 - 100","30"],["0041400134",407,3,14,3,"8:36 PM","0:01","Beal Free Throw 2 of 3 (20 PTS)",null,null,"70 - 101","31"],["0041400134",409,3,15,3,"8:37 PM","0:01","Beal Free Throw 3 of 3 (21 PTS)",null,null,"70 - 102","32"],["0041400134",411,2,1,3,"8:37 PM","0:00",null,null,"MISS Lowry 48' 3PT Jump Shot",null,null],["0041400134",412,4,0,3,"8:37 PM","0:00",null,null,"Raptors Rebound",null,null],["0041400134",413,13,0,3,"8:37 PM","0:00",null,null,null,"70 - 102","32"],["0041400134",415,12,0,4,"8:41 PM","12:00",null,null,null,"70 - 102","32"],["0041400134",416,5,1,4,"8:41 PM","11:43","Beal STEAL (4 STL)",null,"Patterson Bad Pass Turnover (P2.T13)",null,null],["0041400134",417,6,2,4,"8:41 PM","11:40",null,null,"Williams S.FOUL (P3.T1) (K.Mauer)",null,null],["0041400134",419,3,11,4,"8:42 PM","11:40","Beal Free Throw 1 of 2 (22 PTS)",null,null,"70 - 103","33"],["0041400134",421,8,0,4,"8:42 PM","11:40","SUB: Nene FOR Gortat",null,null,null,null],["0041400134",422,3,12,4,"8:42 PM","11:40","Beal Free Throw 2 of 2 (23 PTS)",null,null,"70 - 104","34"],["0041400134",424,6,4,4,"8:42 PM","11:26",null,null,"Lowry OFF.Foul (P5) (B.Forte)",null,null],["0041400134",425,5,5,4,"8:42 PM","11:26",null,null,"Lowry Foul Turnover (P6.T14)",null,null],["0041400134",426,5,1,4,"8:43 PM","11:09","Gooden Bad Pass Turnover (P1.T12)",null,null,null,null],["0041400134",428,6,2,4,"8:43 PM","10:54","Nene S.FOUL (P4.T1) (E.Malloy)",null,null,null,null],["0041400134",429,3,11,4,"8:44 PM","10:54",null,null,"Williams Free Throw 1 of 2 (14 PTS)","71 - 104","33"],["0041400134",431,3,12,4,"8:44 PM","10:54",null,null,"MISS Williams Free Throw 2 of 2",null,null],["0041400134",433,4,0,4,"8:44 PM","10:54","Porter REBOUND (Off:0 Def:6)",null,null,null,null],["0041400134",436,2,1,4,"8:44 PM","10:29","MISS Beal 24' 3PT Jump Shot",null,null,null,null],["0041400134",437,4,0,4,"8:44 PM","10:28",null,null,"Vasquez REBOUND (Off:0 Def:1)",null,null],["0041400134",438,6,2,4,"8:45 PM","10:23","Nene S.FOUL (P5.T2) (B.Forte)",null,null,null,null],["0041400134",439,3,11,4,"8:45 PM","10:23",null,null,"Lowry Free Throw 1 of 2 (20 PTS)","72 - 104","32"],["0041400134",441,3,12,4,"8:45 PM","10:23",null,null,"Lowry Free Throw 2 of 2 (21 PTS)","73 - 104","31"],["0041400134",444,1,77,4,"8:46 PM","10:05","Nene 6' Driving Jump Shot (9 PTS)",null,null,"73 - 106","33"],["0041400134",445,6,2,4,"8:46 PM","10:05",null,null,"Hansbrough S.FOUL (P2.T2) (K.Mauer)",null,null],["0041400134",446,3,10,4,"8:46 PM","10:05","Nene Free Throw 1 of 1 (10 PTS)",null,null,"73 - 107","34"],["0041400134",448,2,1,4,"8:46 PM","9:51",null,null,"MISS Williams 16' Jump Shot",null,null],["0041400134",449,4,0,4,"8:46 PM","9:50","Porter REBOUND (Off:0 Def:7)",null,null,null,null],["0041400134",450,2,1,4,"8:47 PM","9:39","MISS Sessions 28' 3PT Jump Shot",null,null,null,null],["0041400134",451,4,0,4,"8:47 PM","9:38",null,null,"Hansbrough REBOUND (Off:0 Def:3)",null,null],["0041400134",452,1,1,4,"8:47 PM","9:20",null,null,"Vasquez 27' 3PT Jump Shot (8 PTS) (Patterson 2 AST)","76 - 107","31"],["0041400134",453,6,1,4,"8:47 PM","9:09",null,null,"Williams P.FOUL (P4.T3) (E.Malloy)",null,null],["0041400134",454,1,1,4,"8:48 PM","8:54","Gooden 29' 3PT Jump Shot (8 PTS) (Sessions 3 AST)",null,null,"76 - 110","34"],["0041400134",455,2,1,4,"8:48 PM","8:41",null,null,"MISS Patterson 26' 3PT Jump Shot",null,null],["0041400134",456,4,0,4,"8:48 PM","8:40","WIZARDS Rebound",null,null,null,null],["0041400134",457,9,4,4,"8:48 PM","8:40",null,null,null,null,null],["0041400134",459,8,0,4,"8:50 PM","8:40",null,null,"SUB: Valanciunas FOR Hansbrough",null,null],["0041400134",460,1,79,4,"8:51 PM","8:20","Gooden 16' Pullup Jump Shot (10 PTS) (Beal 5 AST)",null,null,"76 - 112","36"],["0041400134",461,1,7,4,"8:52 PM","8:00",null,null,"Valanciunas  Dunk (8 PTS) (Vasquez 2 AST)","78 - 112","34"],["0041400134",462,2,1,4,"8:52 PM","7:33","MISS Beal 14' Jump Shot",null,null,null,null],["0041400134",463,4,0,4,"8:52 PM","7:32",null,null,"Valanciunas REBOUND (Off:1 Def:5)",null,null],["0041400134",464,6,4,4,"8:52 PM","7:21",null,null,"Vasquez OFF.Foul (P4) (B.Forte)",null,null],["0041400134",465,5,5,4,"8:52 PM","7:21",null,null,"Vasquez Foul Turnover (P1.T15)",null,null],["0041400134",466,8,0,4,"8:53 PM","7:21",null,null,"SUB: DeRozan FOR Williams",null,null],["0041400134",467,8,0,4,"8:53 PM","7:21","SUB: Butler FOR Beal",null,null,null,null],["0041400134",468,1,78,4,"8:53 PM","7:01","Sessions 6' Floating Jump Shot (15 PTS)",null,null,"78 - 114","36"],["0041400134",469,2,1,4,"8:54 PM","6:39",null,null,"MISS Vasquez 3' Jump Shot",null,null],["0041400134",470,4,0,4,"8:54 PM","6:38",null,null,"Patterson REBOUND (Off:2 Def:2)",null,null],["0041400134",471,6,2,4,"8:54 PM","6:30","Nene S.FOUL (P6.T3) (B.Forte)",null,null,null,null],["0041400134",472,8,0,4,"8:54 PM","6:30","SUB: Seraphin FOR Nene",null,null,null,null],["0041400134",473,3,11,4,"8:54 PM","6:30",null,null,"Valanciunas Free Throw 1 of 2 (9 PTS)","79 - 114","35"],["0041400134",475,8,0,4,"8:54 PM","6:30",null,null,"SUB: Johnson FOR Patterson",null,null],["0041400134",476,3,12,4,"8:54 PM","6:30",null,null,"Valanciunas Free Throw 2 of 2 (10 PTS)","80 - 114","34"],["0041400134",479,2,1,4,"8:55 PM","6:11","MISS Gooden 11' Jump Shot",null,null,null,null],["0041400134",480,4,0,4,"8:55 PM","6:10",null,null,"Lowry REBOUND (Off:4 Def:4)",null,null],["0041400134",481,1,5,4,"8:55 PM","6:03",null,null,"Valanciunas 1' Layup (12 PTS) (Lowry 4 AST)","82 - 114","32"],["0041400134",482,1,1,4,"8:56 PM","5:41","Gooden 24' 3PT Jump Shot (13 PTS) (Butler 1 AST)",null,null,"82 - 117","35"],["0041400134",483,2,1,4,"8:56 PM","5:22",null,null,"MISS DeRozan 18' Jump Shot",null,null],["0041400134",484,4,0,4,"8:56 PM","5:21","Gooden REBOUND (Off:1 Def:3)",null,null,null,null],["0041400134",485,9,1,4,"8:56 PM","5:14","WIZARDS Timeout: Regular (Full 4 Short 1)",null,null,null,null],["0041400134",487,8,0,4,"8:58 PM","5:14","SUB: Humphries FOR Gooden",null,null,null,null],["0041400134",488,1,86,4,"9:00 PM","5:00","Seraphin 9' Turnaround Fadeaway (2 PTS)",null,null,"82 - 119","37"],["0041400134",489,6,1,4,"9:00 PM","4:47","Butler P.FOUL (P1.T4) (E.Malloy)",null,null,null,null],["0041400134",490,8,0,4,"9:00 PM","4:47",null,null,"SUB: Ross FOR Lowry",null,null],["0041400134",491,8,0,4,"9:00 PM","4:47",null,null,"SUB: Johnson FOR DeRozan",null,null],["0041400134",492,1,52,4,"9:01 PM","4:41",null,null,"Valanciunas  Alley Oop Dunk (14 PTS) (Vasquez 3 AST)","84 - 119","35"],["0041400134",493,2,1,4,"9:01 PM","4:24","MISS Porter  3PT Jump Shot",null,null,null,null],["0041400134",494,4,0,4,"9:01 PM","4:22",null,null,"Valanciunas REBOUND (Off:1 Def:6)",null,null],["0041400134",495,1,46,4,"9:01 PM","4:12",null,null,"Vasquez 8' Running Jump Shot (10 PTS)","86 - 119","33"],["0041400134",496,6,2,4,"9:01 PM","4:12","Sessions S.FOUL (P2.PN) (B.Forte)",null,null,null,null],["0041400134",497,8,0,4,"9:01 PM","4:12","SUB: Webster FOR Porter",null,null,null,null],["0041400134",498,8,0,4,"9:01 PM","4:12","SUB: Bynum FOR Sessions",null,null,null,null],["0041400134",499,3,10,4,"9:01 PM","4:12",null,null,"Vasquez Free Throw 1 of 1 (11 PTS)","87 - 119","32"],["0041400134",502,1,58,4,"9:02 PM","3:56","Seraphin 9' Turnaround Hook Shot (4 PTS)",null,null,"87 - 121","34"],["0041400134",503,5,2,4,"9:02 PM","3:32","Bynum STEAL (1 STL)",null,"Valanciunas Lost Ball Turnover (P1.T16)",null,null],["0041400134",504,1,8,4,"9:02 PM","3:27","Webster  Slam Dunk (2 PTS) (Bynum 1 AST)",null,null,"87 - 123","36"],["0041400134",505,2,1,4,"9:03 PM","3:01",null,null,"MISS Johnson 4' Jump Shot",null,null],["0041400134",506,4,0,4,"9:03 PM","3:00","Humphries REBOUND (Off:0 Def:1)",null,null,null,null],["0041400134",507,2,1,4,"9:03 PM","2:51","MISS Webster 27' 3PT Jump Shot",null,null,null,null],["0041400134",508,4,0,4,"9:03 PM","2:50",null,null,"Ross REBOUND (Off:0 Def:2)",null,null],["0041400134",509,2,1,4,"9:03 PM","2:38",null,null,"MISS Johnson 19' Jump Shot",null,null],["0041400134",510,4,0,4,"9:03 PM","2:36",null,null,"Valanciunas REBOUND (Off:2 Def:6)",null,null],["0041400134",511,1,5,4,"9:03 PM","2:34",null,null,"Valanciunas 1' Layup (16 PTS)","89 - 123","34"],["0041400134",512,2,1,4,"9:04 PM","2:20","MISS Butler 27' 3PT Jump Shot",null,null,null,null],["0041400134",513,4,0,4,"9:04 PM","2:19",null,null,"Johnson REBOUND (Off:0 Def:3)",null,null],["0041400134",514,2,1,4,"9:04 PM","2:07",null,null,"MISS Vasquez 4' Jump Shot",null,null],["0041400134",515,4,0,4,"9:04 PM","2:06","Humphries REBOUND (Off:0 Def:2)",null,null,null,null],["0041400134",516,1,1,4,"9:04 PM","1:58","Humphries 20' Jump Shot (2 PTS) (Bynum 2 AST)",null,null,"89 - 125","36"],["0041400134",517,9,1,4,"9:04 PM","1:58",null,null,"Raptors Timeout: Regular (Reg.4 Short 1)",null,null],["0041400134",519,8,0,4,"9:06 PM","1:58",null,null,"SUB: Stiemsma FOR Johnson",null,null],["0041400134",520,6,1,4,"9:07 PM","1:54","Humphries P.FOUL (P1.PN) (B.Forte)",null,null,null,null],["0041400134",521,3,11,4,"9:07 PM","1:54",null,null,"Stiemsma Free Throw 1 of 2 (1 PTS)","90 - 125","35"],["0041400134",523,3,12,4,"9:08 PM","1:54",null,null,"MISS Stiemsma Free Throw 2 of 2",null,null],["0041400134",525,4,0,4,"9:08 PM","1:52","Seraphin REBOUND (Off:0 Def:1)",null,null,null,null],["0041400134",526,5,2,4,"9:08 PM","1:49","Seraphin Lost Ball Turnover (P1.T13)",null,"Valanciunas STEAL (1 STL)",null,null],["0041400134",527,1,5,4,"9:08 PM","1:39",null,null,"Stiemsma 1' Layup (3 PTS) (Johnson 1 AST)","92 - 125","33"],["0041400134",528,2,1,4,"9:08 PM","1:20","MISS Seraphin 5' Jump Shot",null,null,null,null],["0041400134",529,4,0,4,"9:08 PM","1:19",null,null,"Johnson REBOUND (Off:0 Def:1)",null,null],["0041400134",530,2,1,4,"9:08 PM","1:11",null,null,"MISS Johnson 11' Jump Shot",null,null],["0041400134",531,4,0,4,"9:09 PM","1:10",null,null,"Valanciunas REBOUND (Off:3 Def:6)",null,null],["0041400134",532,1,3,4,"9:09 PM","1:01",null,null,"Stiemsma 7' Hook Shot (5 PTS) (Vasquez 4 AST)","94 - 125","31"],["0041400134",533,2,1,4,"9:09 PM","0:49","MISS Bynum 5' Jump Shot",null,null,null,null],["0041400134",534,4,0,4,"9:09 PM","0:48",null,null,"Johnson REBOUND (Off:0 Def:2)",null,null],["0041400134",535,2,1,4,"9:09 PM","0:39",null,null,"MISS Valanciunas 6' Jump Shot",null,null],["0041400134",536,4,0,4,"9:09 PM","0:38","Butler REBOUND (Off:0 Def:1)",null,null,null,null],["0041400134",537,5,11,4,"9:10 PM","0:14","WIZARDS Turnover: Shot Clock (T#14)",null,null,null,null],["0041400134",539,6,2,4,"9:10 PM","0:05","Butler S.FOUL (P2.PN) (K.Mauer)",null,null,null,null],["0041400134",540,3,11,4,"9:10 PM","0:05",null,null,"MISS Johnson Free Throw 1 of 2",null,null],["0041400134",541,4,1,4,"9:10 PM","0:05",null,null,"Raptors Rebound",null,null],["0041400134",542,3,12,4,"9:10 PM","0:05",null,null,"MISS Johnson Free Throw 2 of 2",null,null],["0041400134",544,4,0,4,"9:10 PM","0:04","Humphries REBOUND (Off:0 Def:3)",null,null,null,null],["0041400134",545,13,0,4,"9:11 PM","0:00",null,null,null,"94 - 125","31"]]},{"name":"AvailableVideo","headers":["VIDEO_AVAILABLE_FLAG"],"rowSet":[[2]]}]}