{"resource":"playbyplay","parameters":{"GameID":"0041400226","StartPeriod":0,"EndPeriod":14},"resultSets":[{"name":"PlayByPlay","headers":["GAME_ID","EVENTNUM","EVENTMSGTYPE","EVENTMSGACTIONTYPE","PERIOD","WCTIMESTRING","PCTIMESTRING","HOMEDESCRIPTION","NEUTRALDESCRIPTION","VISITORDESCRIPTION","SCORE","SCOREMARGIN"],"rowSet":[["0041400226",0,12,0,1,"9:42 PM","12:00",null,null,null,null,null],["0041400226",1,10,0,1,"9:42 PM","12:00","Jump Ball Gasol vs. Bogut: Tip to Curry",null,null,null,null],["0041400226",2,1,79,1,"9:42 PM","11:40",null,null,"Curry 22' Pullup Jump Shot (2 PTS)","2 - 0","-2"],["0041400226",3,2,46,1,"9:42 PM","11:17","MISS Randolph 6' Running Jump Shot",null,"Bogut BLOCK (1 BLK)",null,null],["0041400226",4,4,0,1,"9:42 PM","11:14",null,null,"Green REBOUND (Off:0 Def:1)",null,null],["0041400226",5,1,1,1,"9:42 PM","11:10",null,null,"Thompson 25' 3PT Jump Shot (3 PTS) (Curry 1 AST)","5 - 0","-5"],["0041400226",6,2,1,1,"9:43 PM","10:49","MISS Lee 25' 3PT Jump Shot",null,null,null,null],["0041400226",7,4,0,1,"9:43 PM","10:48",null,null,"Barnes REBOUND (Off:0 Def:1)",null,null],["0041400226",8,1,5,1,"9:43 PM","10:42",null,null,"Green  Layup (2 PTS)","7 - 0","-7"],["0041400226",9,6,2,1,"9:43 PM","10:32",null,null,"Thompson S.FOUL (P1.T1) (J.Goble)",null,null],["0041400226",10,3,11,1,"9:43 PM","10:32","Conley Free Throw 1 of 2 (1 PTS)",null,null,"7 - 1","-6"],["0041400226",12,3,12,1,"9:44 PM","10:32","MISS Conley Free Throw 2 of 2",null,null,null,null],["0041400226",14,4,0,1,"9:44 PM","10:31",null,null,"Warriors Rebound",null,null],["0041400226",15,1,79,1,"9:44 PM","10:13",null,null,"Barnes 15' Pullup Jump Shot (2 PTS)","9 - 1","-8"],["0041400226",16,2,1,1,"9:45 PM","9:57","MISS Allen 17' Jump Shot",null,null,null,null],["0041400226",17,4,0,1,"9:45 PM","9:56",null,null,"Bogut REBOUND (Off:0 Def:1)",null,null],["0041400226",18,2,1,1,"9:45 PM","9:38",null,null,"MISS Curry 25' 3PT Jump Shot",null,null],["0041400226",19,4,0,1,"9:45 PM","9:37","Gasol REBOUND (Off:0 Def:1)",null,null,null,null],["0041400226",20,1,1,1,"9:45 PM","9:22","Lee  3PT Jump Shot (3 PTS) (Conley 1 AST)",null,null,"9 - 4","-5"],["0041400226",21,1,79,1,"9:45 PM","9:09",null,null,"Barnes 20' Pullup Jump Shot (4 PTS)","11 - 4","-7"],["0041400226",22,1,1,1,"9:46 PM","8:49","Allen 17' Jump Shot (2 PTS) (Gasol 1 AST)",null,null,"11 - 6","-5"],["0041400226",23,2,79,1,"9:46 PM","8:32",null,null,"MISS Barnes 19' Pullup Jump Shot",null,null],["0041400226",24,4,0,1,"9:46 PM","8:30","Gasol REBOUND (Off:0 Def:2)",null,null,null,null],["0041400226",25,1,85,1,"9:46 PM","8:19","Randolph 6' Turnaround Bank Shot (2 PTS) (Gasol 2 AST)",null,null,"11 - 8","-3"],["0041400226",26,1,1,1,"9:46 PM","8:07",null,null,"Thompson  3PT Jump Shot (6 PTS) (Bogut 1 AST)","14 - 8","-6"],["0041400226",27,2,5,1,"9:47 PM","7:45","MISS Allen 1' Layup",null,null,null,null],["0041400226",28,4,0,1,"9:47 PM","7:44",null,null,"Bogut REBOUND (Off:0 Def:2)",null,null],["0041400226",29,5,1,1,"9:47 PM","7:42","Lee STEAL (1 STL)",null,"Bogut Bad Pass Turnover (P1.T1)",null,null],["0041400226",30,2,1,1,"9:47 PM","7:41","MISS Lee 7' Jump Shot",null,null,null,null],["0041400226",31,4,0,1,"9:47 PM","7:41",null,null,"Bogut REBOUND (Off:0 Def:3)",null,null],["0041400226",32,6,1,1,"9:47 PM","7:41","Allen P.FOUL (P1.T1) (J.Goble)",null,null,null,null],["0041400226",33,1,8,1,"9:47 PM","7:26",null,null,"Bogut  Slam Dunk (2 PTS) (Barnes 1 AST)","16 - 8","-8"],["0041400226",35,1,42,1,"9:48 PM","7:01","Conley 3' Driving Layup (3 PTS)",null,null,"16 - 10","-6"],["0041400226",36,2,46,1,"9:48 PM","6:51",null,null,"MISS Barnes 9' Running Jump Shot",null,null],["0041400226",37,4,0,1,"9:48 PM","6:49",null,null,"Green REBOUND (Off:1 Def:1)",null,null],["0041400226",38,1,1,1,"9:48 PM","6:40",null,null,"Curry  3PT Jump Shot (5 PTS) (Thompson 1 AST)","19 - 10","-9"],["0041400226",39,9,1,1,"9:49 PM","6:31","GRIZZLIES Timeout: Regular (Full 1 Short 0)",null,null,null,null],["0041400226",41,8,0,1,"9:52 PM","6:31","SUB: Green FOR Allen",null,null,null,null],["0041400226",42,2,79,1,"9:52 PM","6:21","MISS Randolph 13' Pullup Jump Shot",null,null,null,null],["0041400226",43,4,0,1,"9:52 PM","6:19",null,null,"Green REBOUND (Off:1 Def:2)",null,null],["0041400226",44,1,1,1,"9:52 PM","6:13",null,null,"Thompson 25' 3PT Jump Shot (9 PTS) (Curry 2 AST)","22 - 10","-12"],["0041400226",45,2,79,1,"9:53 PM","5:56","MISS Lee 21' Pullup Jump Shot",null,null,null,null],["0041400226",46,4,0,1,"9:53 PM","5:54",null,null,"Green REBOUND (Off:1 Def:3)",null,null],["0041400226",47,5,2,1,"9:53 PM","5:36","Green STEAL (1 STL)",null,"Thompson Lost Ball Turnover (P1.T2)",null,null],["0041400226",48,6,28,1,"9:53 PM","5:34",null,null,"Bogut Personal Take Foul (P1.T2) (J.Crawford)",null,null],["0041400226",49,2,7,1,"9:53 PM","5:26","MISS Gasol  Dunk",null,"Bogut BLOCK (2 BLK)",null,null],["0041400226",50,4,0,1,"9:53 PM","5:26","GRIZZLIES Rebound",null,null,null,null],["0041400226",51,2,1,1,"9:54 PM","5:13","MISS Gasol 19' Jump Shot",null,null,null,null],["0041400226",52,4,0,1,"9:54 PM","5:12",null,null,"Curry REBOUND (Off:0 Def:1)",null,null],["0041400226",53,1,1,1,"9:54 PM","5:06",null,null,"Curry 25' 3PT Jump Shot (8 PTS)","25 - 10","-15"],["0041400226",54,1,3,1,"9:54 PM","4:46","Gasol 6' Hook Shot (2 PTS) (Conley 2 AST)",null,null,"25 - 12","-13"],["0041400226",55,6,1,1,"9:54 PM","4:40","Randolph P.FOUL (P1.T2) (Z.Zarba)",null,null,null,null],["0041400226",56,8,0,1,"9:55 PM","4:40",null,null,"SUB: Iguodala FOR Bogut",null,null],["0041400226",57,1,7,1,"9:55 PM","4:33",null,null,"Barnes  Dunk (6 PTS) (Thompson 2 AST)","27 - 12","-15"],["0041400226",58,2,5,1,"9:55 PM","4:16","MISS Gasol 1' Layup",null,null,null,null],["0041400226",59,4,0,1,"9:55 PM","4:15",null,null,"Iguodala REBOUND (Off:0 Def:1)",null,null],["0041400226",60,2,1,1,"9:56 PM","4:07",null,null,"MISS Green 26' 3PT Jump Shot",null,null],["0041400226",61,4,0,1,"9:56 PM","4:06","Lee REBOUND (Off:0 Def:1)",null,null,null,null],["0041400226",62,1,44,1,"9:56 PM","3:55","Gasol  Reverse Layup (4 PTS) (Lee 1 AST)",null,null,"27 - 14","-13"],["0041400226",63,5,2,1,"9:56 PM","3:43","Conley STEAL (1 STL)",null,"Curry Lost Ball Turnover (P1.T3)",null,null],["0041400226",64,2,5,1,"9:56 PM","3:37","MISS Green 1' Layup",null,null,null,null],["0041400226",65,4,0,1,"9:56 PM","3:36",null,null,"Warriors Rebound",null,null],["0041400226",67,9,1,1,"9:56 PM","3:36",null,null,"Warriors Timeout: Regular (Reg.1 Short 0)",null,null],["0041400226",68,2,78,1,"10:00 PM","3:23",null,null,"MISS Thompson 11' Floating Jump Shot",null,null],["0041400226",69,4,0,1,"10:00 PM","3:20","Lee REBOUND (Off:0 Def:2)",null,null,null,null],["0041400226",70,2,66,1,"10:00 PM","3:01","MISS Conley 26' 3PT Jump Bank Shot",null,null,null,null],["0041400226",71,4,0,1,"10:00 PM","3:00",null,null,"Green REBOUND (Off:1 Def:4)",null,null],["0041400226",72,1,47,1,"10:00 PM","2:49",null,null,"Thompson 14' Turnaround Jump Shot (11 PTS) (Barnes 2 AST)","29 - 14","-15"],["0041400226",73,6,2,1,"10:00 PM","2:42",null,null,"Green S.FOUL (P1.T3) (Z.Zarba)",null,null],["0041400226",74,3,11,1,"10:01 PM","2:42","MISS Conley Free Throw 1 of 2",null,null,null,null],["0041400226",75,4,1,1,"10:01 PM","2:42","GRIZZLIES Rebound",null,null,null,null],["0041400226",76,8,0,1,"10:01 PM","2:42",null,null,"SUB: Livingston FOR Thompson",null,null],["0041400226",77,8,0,1,"10:01 PM","2:42",null,null,"SUB: Lee FOR Barnes",null,null],["0041400226",78,3,12,1,"10:01 PM","2:42","Conley Free Throw 2 of 2 (4 PTS)",null,null,"29 - 15","-14"],["0041400226",80,5,39,1,"10:02 PM","2:22",null,null,"Livingston Step Out of Bounds Turnover (P1.T4)",null,null],["0041400226",81,8,0,1,"10:02 PM","2:22","SUB: Koufos FOR Randolph",null,null,null,null],["0041400226",82,2,1,1,"10:02 PM","2:04","MISS Conley 25' 3PT Jump Shot",null,null,null,null],["0041400226",83,4,0,1,"10:02 PM","2:03","Koufos REBOUND (Off:1 Def:0)",null,null,null,null],["0041400226",84,1,3,1,"10:02 PM","2:00","Koufos 7' Hook Shot (2 PTS)",null,null,"29 - 17","-12"],["0041400226",85,1,80,1,"10:02 PM","1:51",null,null,"Curry 24' 3PT Step Back Jump Shot (11 PTS)","32 - 17","-15"],["0041400226",86,6,1,1,"10:03 PM","1:41",null,null,"Livingston P.FOUL (P1.T4) (Z.Zarba)",null,null],["0041400226",87,2,1,1,"10:03 PM","1:27","MISS Gasol 8' Jump Shot",null,null,null,null],["0041400226",89,4,0,1,"10:03 PM","1:25","Gasol REBOUND (Off:1 Def:2)",null,null,null,null],["0041400226",88,2,4,1,"10:03 PM","1:25","MISS Gasol 1' Tip Shot",null,null,null,null],["0041400226",90,4,0,1,"10:03 PM","1:23",null,null,"Lee REBOUND (Off:0 Def:1)",null,null],["0041400226",91,2,1,1,"10:03 PM","1:15",null,null,"MISS Curry 26' 3PT Jump Shot",null,null],["0041400226",92,4,0,1,"10:03 PM","1:14","Koufos REBOUND (Off:1 Def:1)",null,null,null,null],["0041400226",93,6,1,1,"10:04 PM","1:01",null,null,"Lee P.FOUL (P1.PN) (J.Crawford)",null,null],["0041400226",94,3,11,1,"10:04 PM","1:01","Gasol Free Throw 1 of 2 (5 PTS)",null,null,"32 - 18","-14"],["0041400226",96,8,0,1,"10:04 PM","1:01","SUB: Carter FOR Lee",null,null,null,null],["0041400226",97,3,12,1,"10:04 PM","1:01","Gasol Free Throw 2 of 2 (6 PTS)",null,null,"32 - 19","-13"],["0041400226",99,5,1,1,"10:05 PM","0:50","Conley STEAL (2 STL)",null,"Livingston Bad Pass Turnover (P2.T5)",null,null],["0041400226",100,5,40,1,"10:05 PM","0:41","Conley Out of Bounds Lost Ball Turnover (P1.T1)",null,null,null,null],["0041400226",101,2,1,1,"10:05 PM","0:31",null,null,"MISS Curry 22' Jump Shot",null,null],["0041400226",102,4,0,1,"10:05 PM","0:30","Conley REBOUND (Off:0 Def:1)",null,null,null,null],["0041400226",103,2,1,1,"10:06 PM","0:10","MISS Carter 19' Jump Shot",null,null,null,null],["0041400226",104,4,0,1,"10:06 PM","0:09","Green REBOUND (Off:1 Def:0)",null,null,null,null],["0041400226",105,2,84,1,"10:06 PM","0:00","MISS Conley 7' Running Bank Shot",null,null,null,null],["0041400226",107,4,0,1,"10:06 PM","0:00",null,null,"Iguodala REBOUND (Off:0 Def:2)",null,null],["0041400226",108,13,0,1,"10:06 PM","0:00",null,null,null,"32 - 19","-13"],["0041400226",110,12,0,2,"10:10 PM","12:00",null,null,null,"32 - 19","-13"],["0041400226",111,2,52,2,"10:10 PM","11:48","MISS Green  Alley Oop Dunk",null,null,null,null],["0041400226",112,4,0,2,"10:10 PM","11:46",null,null,"Warriors Rebound",null,null],["0041400226",113,2,1,2,"10:10 PM","11:29",null,null,"MISS Lee 15' Jump Shot",null,null],["0041400226",114,4,0,2,"10:10 PM","11:28","Green REBOUND (Off:1 Def:1)",null,null,null,null],["0041400226",115,6,1,2,"10:11 PM","11:18",null,null,"Barnes P.FOUL (P1.T1) (Z.Zarba)",null,null],["0041400226",116,1,79,2,"10:11 PM","11:12","Udrih 15' Pullup Jump Shot (2 PTS)",null,null,"32 - 21","-11"],["0041400226",117,2,1,2,"10:11 PM","10:56",null,null,"MISS Iguodala 24' 3PT Jump Shot",null,null],["0041400226",118,4,0,2,"10:11 PM","10:55","Koufos REBOUND (Off:1 Def:2)",null,null,null,null],["0041400226",119,2,1,2,"10:11 PM","10:45","MISS Carter 25' 3PT Jump Shot",null,null,null,null],["0041400226",120,4,0,2,"10:11 PM","10:44","Green REBOUND (Off:2 Def:1)",null,null,null,null],["0041400226",121,1,5,2,"10:12 PM","10:40","Carter  Layup (2 PTS) (Green 1 AST)",null,null,"32 - 23","-9"],["0041400226",122,6,2,2,"10:12 PM","10:40",null,null,"Lee S.FOUL (P2.T2) (J.Crawford)",null,null],["0041400226",123,3,10,2,"10:12 PM","10:40","MISS Carter Free Throw 1 of 1",null,null,null,null],["0041400226",125,4,0,2,"10:12 PM","10:39",null,null,"Lee REBOUND (Off:0 Def:2)",null,null],["0041400226",126,1,5,2,"10:12 PM","10:28",null,null,"Livingston  Layup (2 PTS)","34 - 23","-11"],["0041400226",127,7,5,2,"10:12 PM","10:12",null,null,"Lee Violation:Kicked Ball (.)",null,null],["0041400226",128,1,1,2,"10:13 PM","10:03","Gasol 6' Jump Shot (8 PTS) (Koufos 1 AST)",null,null,"34 - 25","-9"],["0041400226",129,2,1,2,"10:13 PM","9:44",null,null,"MISS Iguodala 26' 3PT Jump Shot",null,null],["0041400226",130,4,0,2,"10:13 PM","9:43","Koufos REBOUND (Off:1 Def:3)",null,null,null,null],["0041400226",131,2,1,2,"10:13 PM","9:34","MISS Udrih 25' 3PT Jump Shot",null,null,null,null],["0041400226",132,4,0,2,"10:13 PM","9:33",null,null,"Barnes REBOUND (Off:0 Def:2)",null,null],["0041400226",133,1,1,2,"10:14 PM","9:20",null,null,"Livingston 15' Jump Shot (4 PTS) (Iguodala 1 AST)","36 - 25","-11"],["0041400226",134,2,1,2,"10:14 PM","8:59","MISS Udrih 20' Jump Shot",null,null,null,null],["0041400226",135,4,0,2,"10:14 PM","8:58",null,null,"Iguodala REBOUND (Off:0 Def:3)",null,null],["0041400226",136,1,5,2,"10:14 PM","8:53",null,null,"Lee  Layup (2 PTS) (Iguodala 2 AST)","38 - 25","-13"],["0041400226",138,9,1,2,"10:14 PM","8:46","GRIZZLIES Timeout: Regular (Full 2 Short 0)",null,null,null,null],["0041400226",139,8,0,2,"10:17 PM","8:46",null,null,"SUB: Bogut FOR Barnes",null,null],["0041400226",140,8,0,2,"10:17 PM","8:46","SUB: Randolph FOR Gasol",null,null,null,null],["0041400226",141,7,5,2,"10:17 PM","8:40",null,null,"Livingston Violation:Kicked Ball (.)",null,null],["0041400226",142,1,3,2,"10:18 PM","8:30","Koufos 10' Hook Shot (4 PTS) (Randolph 1 AST)",null,null,"38 - 27","-11"],["0041400226",143,2,1,2,"10:18 PM","8:14",null,null,"MISS Thompson 16' Jump Shot",null,null],["0041400226",144,4,0,2,"10:18 PM","8:13","Green REBOUND (Off:2 Def:2)",null,null,null,null],["0041400226",145,1,79,2,"10:18 PM","8:06","Green 17' Pullup Jump Shot (2 PTS)",null,null,"38 - 29","-9"],["0041400226",146,1,1,2,"10:18 PM","7:47",null,null,"Livingston 10' Jump Shot (6 PTS) (Thompson 3 AST)","40 - 29","-11"],["0041400226",147,1,79,2,"10:19 PM","7:37","Udrih 12' Pullup Jump Shot (4 PTS)",null,null,"40 - 31","-9"],["0041400226",148,1,1,2,"10:19 PM","7:24",null,null,"Thompson 15' Jump Shot (13 PTS) (Bogut 2 AST)","42 - 31","-11"],["0041400226",149,6,2,2,"10:19 PM","7:09",null,null,"Bogut S.FOUL (P2.T3) (Z.Zarba)",null,null],["0041400226",150,3,11,2,"10:19 PM","7:09","Carter Free Throw 1 of 2 (3 PTS)",null,null,"42 - 32","-10"],["0041400226",152,8,0,2,"10:20 PM","7:09","SUB: Conley FOR Udrih",null,null,null,null],["0041400226",153,8,0,2,"10:20 PM","7:09",null,null,"SUB: Curry FOR Iguodala",null,null],["0041400226",154,8,0,2,"10:20 PM","7:09",null,null,"SUB: Green FOR Lee",null,null],["0041400226",155,3,12,2,"10:20 PM","7:09","Carter Free Throw 2 of 2 (4 PTS)",null,null,"42 - 33","-9"],["0041400226",157,1,43,2,"10:20 PM","6:52",null,null,"Bogut 1' Alley Oop Layup (4 PTS) (Green 1 AST)","44 - 33","-11"],["0041400226",158,5,1,2,"10:20 PM","6:43","Randolph Bad Pass Turnover (P1.T2)",null,"Green STEAL (1 STL)",null,null],["0041400226",159,5,1,2,"10:21 PM","6:37","Koufos STEAL (1 STL)",null,"Thompson Bad Pass Turnover (P2.T6)",null,null],["0041400226",160,2,1,2,"10:21 PM","6:26","MISS Randolph 14' Jump Shot",null,null,null,null],["0041400226",161,4,0,2,"10:21 PM","6:25","Koufos REBOUND (Off:2 Def:3)",null,null,null,null],["0041400226",162,6,2,2,"10:21 PM","6:21",null,null,"Bogut S.FOUL (P3.T4) (J.Goble)",null,null],["0041400226",163,3,11,2,"10:21 PM","6:21","Carter Free Throw 1 of 2 (5 PTS)",null,null,"44 - 34","-10"],["0041400226",165,8,0,2,"10:21 PM","6:21","SUB: Lee FOR Koufos",null,null,null,null],["0041400226",166,8,0,2,"10:21 PM","6:21",null,null,"SUB: Barnes FOR Bogut",null,null],["0041400226",167,3,12,2,"10:21 PM","6:21","Carter Free Throw 2 of 2 (6 PTS)",null,null,"44 - 35","-9"],["0041400226",169,2,80,2,"10:22 PM","6:05",null,null,"MISS Curry 26' 3PT Step Back Jump Shot",null,null],["0041400226",170,4,0,2,"10:22 PM","6:05","Randolph REBOUND (Off:0 Def:1)",null,null,null,null],["0041400226",171,2,1,2,"10:22 PM","5:58","MISS Green 5' Jump Shot",null,null,null,null],["0041400226",172,4,0,2,"10:22 PM","5:58",null,null,"Warriors Rebound",null,null],["0041400226",173,6,3,2,"10:22 PM","5:58","Randolph L.B.FOUL (P2.T1) (Z.Zarba)",null,null,null,null],["0041400226",175,9,1,2,"10:22 PM","5:58",null,null,null,null,null],["0041400226",177,1,8,2,"10:26 PM","5:50",null,null,"Green  Slam Dunk (4 PTS) (Curry 3 AST)","46 - 35","-11"],["0041400226",178,2,44,2,"10:26 PM","5:31","MISS Conley 1' Reverse Layup",null,null,null,null],["0041400226",179,4,0,2,"10:26 PM","5:29",null,null,"Green REBOUND (Off:1 Def:5)",null,null],["0041400226",180,1,79,2,"10:26 PM","5:19",null,null,"Curry 21' Pullup Jump Shot (13 PTS)","48 - 35","-13"],["0041400226",181,6,2,2,"10:27 PM","5:11",null,null,"Curry S.FOUL (P1.PN) (Z.Zarba)",null,null],["0041400226",182,3,11,2,"10:27 PM","5:11","MISS Randolph Free Throw 1 of 2",null,null,null,null],["0041400226",183,4,1,2,"10:27 PM","5:11","GRIZZLIES Rebound",null,null,null,null],["0041400226",184,8,0,2,"10:27 PM","5:11","SUB: Gasol FOR Green",null,null,null,null],["0041400226",185,3,12,2,"10:27 PM","5:11","Randolph Free Throw 2 of 2 (3 PTS)",null,null,"48 - 36","-12"],["0041400226",187,1,5,2,"10:27 PM","5:02",null,null,"Green  Layup (6 PTS) (Curry 4 AST)","50 - 36","-14"],["0041400226",188,1,1,2,"10:28 PM","4:45","Carter 26' 3PT Jump Shot (9 PTS) (Conley 3 AST)",null,null,"50 - 39","-11"],["0041400226",189,5,4,2,"10:28 PM","4:34",null,null,"Curry Traveling Turnover (P2.T7)",null,null],["0041400226",190,2,47,2,"10:28 PM","4:15","MISS Randolph 7' Turnaround Jump Shot",null,null,null,null],["0041400226",191,4,0,2,"10:28 PM","4:13",null,null,"Green REBOUND (Off:1 Def:6)",null,null],["0041400226",192,6,1,2,"10:29 PM","4:08","Conley P.FOUL (P1.T2) (J.Crawford)",null,null,null,null],["0041400226",194,9,1,2,"10:29 PM","4:08",null,null,"Warriors Timeout: Regular (Reg.2 Short 0)",null,null],["0041400226",195,2,1,2,"10:32 PM","4:00",null,null,"MISS Green 25' 3PT Jump Shot",null,null],["0041400226",196,4,0,2,"10:32 PM","3:59",null,null,"Thompson REBOUND (Off:1 Def:0)",null,null],["0041400226",198,8,0,2,"10:32 PM","3:57",null,null,"SUB: Iguodala FOR Livingston",null,null],["0041400226",199,1,5,2,"10:32 PM","3:49",null,null,"Green  Layup (8 PTS) (Curry 5 AST)","52 - 39","-13"],["0041400226",200,2,79,2,"10:33 PM","3:25","MISS Lee 19' Pullup Jump Shot",null,null,null,null],["0041400226",201,4,0,2,"10:33 PM","3:23","GRIZZLIES Rebound",null,null,null,null],["0041400226",202,2,5,2,"10:33 PM","3:14","MISS Lee 2' Layup",null,"Green BLOCK (1 BLK)",null,null],["0041400226",203,4,0,2,"10:33 PM","3:11",null,null,"Green REBOUND (Off:1 Def:7)",null,null],["0041400226",204,2,1,2,"10:34 PM","3:07",null,null,"MISS Barnes 25' 3PT Jump Shot",null,null],["0041400226",205,4,0,2,"10:34 PM","3:05","Gasol REBOUND (Off:1 Def:3)",null,null,null,null],["0041400226",206,2,47,2,"10:34 PM","2:53","MISS Gasol 9' Turnaround Jump Shot",null,null,null,null],["0041400226",207,4,0,2,"10:34 PM","2:53","GRIZZLIES Rebound",null,null,null,null],["0041400226",208,6,3,2,"10:34 PM","2:53",null,null,"Iguodala L.B.FOUL (P1.PN) (Z.Zarba)",null,null],["0041400226",209,3,11,2,"10:34 PM","2:53","Randolph Free Throw 1 of 2 (4 PTS)",null,null,"52 - 40","-12"],["0041400226",211,8,0,2,"10:34 PM","2:53","SUB: Green FOR Lee",null,null,null,null],["0041400226",212,3,12,2,"10:34 PM","2:53","Randolph Free Throw 2 of 2 (5 PTS)",null,null,"52 - 41","-11"],["0041400226",214,1,42,2,"10:35 PM","2:35",null,null,"Green 2' Driving Layup (10 PTS) (Iguodala 3 AST)","54 - 41","-13"],["0041400226",215,1,3,2,"10:35 PM","2:13","Gasol 5' Hook Shot (10 PTS) (Conley 4 AST)",null,null,"54 - 43","-11"],["0041400226",216,2,85,2,"10:36 PM","1:56",null,null,"MISS Curry 10' Turnaround Bank Shot",null,null],["0041400226",217,4,0,2,"10:36 PM","1:54","Gasol REBOUND (Off:1 Def:4)",null,null,null,null],["0041400226",218,2,1,2,"10:36 PM","1:47","MISS Gasol 15' Jump Shot",null,null,null,null],["0041400226",219,4,0,2,"10:36 PM","1:46",null,null,"Curry REBOUND (Off:0 Def:2)",null,null],["0041400226",220,6,2,2,"10:36 PM","1:40","Randolph S.FOUL (P3.T3) (Z.Zarba)",null,null,null,null],["0041400226",221,3,11,2,"10:36 PM","1:40",null,null,"MISS Green Free Throw 1 of 2",null,null],["0041400226",222,4,1,2,"10:36 PM","1:40",null,null,"Warriors Rebound",null,null],["0041400226",224,8,0,2,"10:36 PM","1:40","SUB: Lee FOR Randolph",null,null,null,null],["0041400226",223,3,12,2,"10:36 PM","1:40",null,null,"Green Free Throw 2 of 2 (11 PTS)","55 - 43","-12"],["0041400226",225,1,42,2,"10:37 PM","1:28","Gasol  Driving Layup (12 PTS) (Conley 5 AST)",null,null,"55 - 45","-10"],["0041400226",226,2,80,2,"10:37 PM","1:16",null,null,"MISS Thompson 24' 3PT Step Back Jump Shot",null,null],["0041400226",227,4,0,2,"10:37 PM","1:14","GRIZZLIES Rebound",null,null,null,null],["0041400226",228,2,42,2,"10:38 PM","1:06","MISS Conley 1' Driving Layup",null,null,null,null],["0041400226",229,4,0,2,"10:38 PM","1:04",null,null,"Thompson REBOUND (Off:1 Def:1)",null,null],["0041400226",230,1,42,2,"10:38 PM","0:59",null,null,"Thompson 1' Driving Layup (15 PTS)","57 - 45","-12"],["0041400226",231,6,2,2,"10:38 PM","0:59","Carter S.FOUL (P1.PN) (J.Crawford)",null,null,null,null],["0041400226",232,3,10,2,"10:38 PM","0:59",null,null,"Thompson Free Throw 1 of 1 (16 PTS)","58 - 45","-13"],["0041400226",234,6,1,2,"10:39 PM","0:45",null,null,"Green P.FOUL (P2.PN) (J.Crawford)",null,null],["0041400226",235,3,11,2,"10:39 PM","0:45","Gasol Free Throw 1 of 2 (13 PTS)",null,null,"58 - 46","-12"],["0041400226",237,8,0,2,"10:39 PM","0:45",null,null,"SUB: Lee FOR Green",null,null],["0041400226",238,8,0,2,"10:39 PM","0:45","SUB: Calathes FOR Conley",null,null,null,null],["0041400226",239,3,12,2,"10:39 PM","0:45","Gasol Free Throw 2 of 2 (14 PTS)",null,null,"58 - 47","-11"],["0041400226",241,2,1,2,"10:40 PM","0:22",null,null,"MISS Thompson 13' Jump Shot",null,null],["0041400226",242,4,0,2,"10:40 PM","0:21","Calathes REBOUND (Off:0 Def:1)",null,null,null,null],["0041400226",244,9,2,2,"10:40 PM","0:16","GRIZZLIES Timeout: Short (Full 2 Short 1)",null,null,null,null],["0041400226",245,8,0,2,"10:41 PM","0:16","SUB: Conley FOR Calathes",null,null,null,null],["0041400226",247,1,1,2,"10:42 PM","0:01","Lee 21' Jump Shot (5 PTS) (Carter 1 AST)",null,null,"58 - 49","-9"],["0041400226",248,18,0,2,"10:42 PM","0:00",null,null,null,null,null],["0041400226",252,18,0,2,"10:42 PM","0:00",null,null,null,null,null],["0041400226",249,13,0,2,"10:42 PM","0:00",null,null,null,"58 - 49","-9"],["0041400226",253,12,0,3,"10:59 PM","12:00",null,null,null,"58 - 49","-9"],["0041400226",254,1,1,3,"11:00 PM","11:52","Gasol 15' Jump Shot (16 PTS) (Conley 6 AST)",null,null,"58 - 51","-7"],["0041400226",255,2,84,3,"11:00 PM","11:29",null,null,"MISS Thompson 9' Running Bank Shot",null,null],["0041400226",256,4,0,3,"11:00 PM","11:27","Gasol REBOUND (Off:1 Def:5)",null,null,null,null],["0041400226",257,1,47,3,"11:00 PM","11:11","Gasol 7' Turnaround Jump Shot (18 PTS)",null,null,"58 - 53","-5"],["0041400226",258,6,1,3,"11:00 PM","11:00","Lee P.FOUL (P1.T1) (J.Goble)",null,null,null,null],["0041400226",259,2,1,3,"11:01 PM","10:46",null,null,"MISS Green 24' 3PT Jump Shot",null,null],["0041400226",260,4,0,3,"11:01 PM","10:45","Gasol REBOUND (Off:1 Def:6)",null,null,null,null],["0041400226",261,2,47,3,"11:01 PM","10:34","MISS Gasol 12' Turnaround Jump Shot",null,null,null,null],["0041400226",262,4,0,3,"11:01 PM","10:32",null,null,"Curry REBOUND (Off:0 Def:3)",null,null],["0041400226",263,2,3,3,"11:01 PM","10:23","Gasol BLOCK (1 BLK)",null,"MISS Bogut 8' Hook Shot",null,null],["0041400226",264,4,0,3,"11:01 PM","10:23",null,null,"Warriors Rebound",null,null],["0041400226",265,1,1,3,"11:02 PM","10:17",null,null,"Curry 26' 3PT Jump Shot (16 PTS) (Green 2 AST)","61 - 53","-8"],["0041400226",266,2,1,3,"11:02 PM","9:57","MISS Gasol 18' Jump Shot",null,null,null,null],["0041400226",267,4,0,3,"11:02 PM","9:56",null,null,"Thompson REBOUND (Off:1 Def:2)",null,null],["0041400226",268,2,42,3,"11:02 PM","9:42",null,null,"MISS Curry  Driving Layup",null,null],["0041400226",269,4,0,3,"11:02 PM","9:41","Gasol REBOUND (Off:1 Def:7)",null,null,null,null],["0041400226",270,2,1,3,"11:02 PM","9:34","MISS Lee 26' 3PT Jump Shot",null,null,null,null],["0041400226",271,4,0,3,"11:03 PM","9:33",null,null,"Thompson REBOUND (Off:1 Def:3)",null,null],["0041400226",272,2,44,3,"11:03 PM","9:10","Gasol BLOCK (2 BLK)",null,"MISS Curry  Reverse Layup",null,null],["0041400226",273,4,0,3,"11:03 PM","9:07","Randolph REBOUND (Off:0 Def:2)",null,null,null,null],["0041400226",274,2,5,3,"11:03 PM","8:58","MISS Randolph 2' Layup",null,"Barnes BLOCK (1 BLK)",null,null],["0041400226",276,4,0,3,"11:03 PM","8:56","Randolph REBOUND (Off:1 Def:2)",null,null,null,null],["0041400226",275,2,3,3,"11:03 PM","8:56","MISS Randolph 5' Hook Shot",null,"Bogut BLOCK (3 BLK)",null,null],["0041400226",277,4,0,3,"11:03 PM","8:53",null,null,"Thompson REBOUND (Off:1 Def:4)",null,null],["0041400226",278,6,1,3,"11:03 PM","8:45","Green P.FOUL (P1.T2) (Z.Zarba)",null,null,null,null],["0041400226",279,2,80,3,"11:04 PM","8:37",null,null,"MISS Barnes 26' 3PT Step Back Jump Shot",null,null],["0041400226",280,4,0,3,"11:04 PM","8:36","Gasol REBOUND (Off:1 Def:8)",null,null,null,null],["0041400226",281,6,2,3,"11:04 PM","8:23",null,null,"Bogut S.FOUL (P4.T1) (Z.Zarba)",null,null],["0041400226",282,3,11,3,"11:04 PM","8:23","Randolph Free Throw 1 of 2 (6 PTS)",null,null,"61 - 54","-7"],["0041400226",285,8,0,3,"11:05 PM","8:23",null,null,"SUB: Lee FOR Bogut",null,null],["0041400226",284,3,12,3,"11:05 PM","8:23","Randolph Free Throw 2 of 2 (7 PTS)",null,null,"61 - 55","-6"],["0041400226",286,2,79,3,"11:05 PM","8:11",null,null,"MISS Curry 15' Pullup Jump Shot",null,null],["0041400226",287,4,0,3,"11:05 PM","8:09","Randolph REBOUND (Off:1 Def:3)",null,null,null,null],["0041400226",288,2,1,3,"11:05 PM","7:54","MISS Green 21' Jump Shot",null,null,null,null],["0041400226",289,4,0,3,"11:05 PM","7:54",null,null,"Curry REBOUND (Off:0 Def:4)",null,null],["0041400226",290,2,1,3,"11:06 PM","7:40",null,null,"MISS Green 26' 3PT Jump Shot",null,null],["0041400226",291,4,0,3,"11:06 PM","7:39",null,null,"Lee REBOUND (Off:1 Def:2)",null,null],["0041400226",292,2,5,3,"11:06 PM","7:34","Gasol BLOCK (3 BLK)",null,"MISS Lee 2' Layup",null,null],["0041400226",293,4,0,3,"11:06 PM","7:34","GRIZZLIES Rebound",null,null,null,null],["0041400226",294,2,63,3,"11:06 PM","7:10","MISS Randolph 15' Fadeaway Jumper",null,null,null,null],["0041400226",295,4,0,3,"11:06 PM","7:09",null,null,"Green REBOUND (Off:1 Def:8)",null,null],["0041400226",296,2,1,3,"11:07 PM","7:00",null,null,"MISS Curry 22' Jump Shot",null,null],["0041400226",297,4,0,3,"11:07 PM","6:58",null,null,"Barnes REBOUND (Off:1 Def:2)",null,null],["0041400226",298,2,80,3,"11:07 PM","6:49",null,null,"MISS Curry 14' Step Back Jump Shot",null,null],["0041400226",299,4,0,3,"11:07 PM","6:45","Green REBOUND (Off:2 Def:3)",null,null,null,null],["0041400226",300,1,5,3,"11:07 PM","6:32","Randolph  Layup (9 PTS) (Conley 7 AST)",null,null,"61 - 57","-4"],["0041400226",302,9,1,3,"11:07 PM","6:32",null,null,"Warriors Timeout: Regular (Reg.3 Short 0)",null,null],["0041400226",303,5,4,3,"11:11 PM","6:19",null,null,"Green Traveling Turnover (P1.T8)",null,null],["0041400226",304,6,2,3,"11:11 PM","5:58",null,null,"Green S.FOUL (P3.T2) (J.Crawford)",null,null],["0041400226",305,3,11,3,"11:11 PM","5:58","Gasol Free Throw 1 of 2 (19 PTS)",null,null,"61 - 58","-3"],["0041400226",307,8,0,3,"11:12 PM","5:58",null,null,"SUB: Iguodala FOR Barnes",null,null],["0041400226",308,3,12,3,"11:12 PM","5:58","MISS Gasol Free Throw 2 of 2",null,null,null,null],["0041400226",310,4,0,3,"11:12 PM","5:57",null,null,"Green REBOUND (Off:1 Def:9)",null,null],["0041400226",311,1,1,3,"11:12 PM","5:46",null,null,"Thompson 10' Jump Shot (18 PTS) (Curry 6 AST)","63 - 58","-5"],["0041400226",312,2,80,3,"11:13 PM","5:18","MISS Conley 27' 3PT Step Back Jump Shot",null,null,null,null],["0041400226",313,4,0,3,"11:13 PM","5:17",null,null,"Thompson REBOUND (Off:1 Def:5)",null,null],["0041400226",314,2,5,3,"11:13 PM","5:02","Gasol BLOCK (4 BLK)",null,"MISS Green 1' Layup",null,null],["0041400226",315,4,0,3,"11:13 PM","5:00","Gasol REBOUND (Off:1 Def:9)",null,null,null,null],["0041400226",316,1,5,3,"11:13 PM","4:51","Randolph 1' Layup (11 PTS) (Gasol 3 AST)",null,null,"63 - 60","-3"],["0041400226",317,2,1,3,"11:13 PM","4:37",null,null,"MISS Thompson 26' 3PT Jump Shot",null,null],["0041400226",318,4,0,3,"11:13 PM","4:36","Randolph REBOUND (Off:1 Def:4)",null,null,null,null],["0041400226",319,2,1,3,"11:14 PM","4:23","MISS Conley  3PT Jump Shot",null,null,null,null],["0041400226",320,4,0,3,"11:14 PM","4:22","Randolph REBOUND (Off:2 Def:4)",null,null,null,null],["0041400226",321,2,5,3,"11:14 PM","4:20","MISS Randolph  Layup",null,"Lee BLOCK (1 BLK)",null,null],["0041400226",322,4,0,3,"11:14 PM","4:18",null,null,"Lee REBOUND (Off:1 Def:3)",null,null],["0041400226",323,5,40,3,"11:14 PM","4:10",null,null,"Curry Out of Bounds Lost Ball Turnover (P3.T9)",null,null],["0041400226",324,6,1,3,"11:15 PM","3:59",null,null,"Curry P.FOUL (P2.T3) (J.Crawford)",null,null],["0041400226",325,8,0,3,"11:15 PM","3:59",null,null,"SUB: Livingston FOR Thompson",null,null],["0041400226",326,6,29,3,"11:15 PM","3:55",null,null,"Green Shooting Block Foul (P4.T4) (J.Goble)",null,null],["0041400226",327,3,11,3,"11:15 PM","3:55","Green Free Throw 1 of 2 (3 PTS)",null,null,"63 - 61","-2"],["0041400226",330,9,1,3,"11:16 PM","3:55",null,null,"Warriors Timeout: Regular (Reg.4 Short 0)",null,null],["0041400226",332,8,0,3,"11:18 PM","3:55",null,null,"SUB: Ezeli FOR Green",null,null],["0041400226",333,8,0,3,"11:18 PM","3:55",null,null,"SUB: Barnes FOR Lee",null,null],["0041400226",334,3,12,3,"11:19 PM","3:55","Green Free Throw 2 of 2 (4 PTS)",null,null,"63 - 62","-1"],["0041400226",336,1,79,3,"11:19 PM","3:43",null,null,"Barnes 15' Pullup Jump Shot (8 PTS) (Curry 7 AST)","65 - 62","-3"],["0041400226",337,1,1,3,"11:20 PM","3:20","Green 19' Jump Shot (6 PTS)",null,null,"65 - 64","-1"],["0041400226",338,2,1,3,"11:20 PM","3:00",null,null,"MISS Livingston 20' Jump Shot",null,null],["0041400226",339,4,0,3,"11:20 PM","2:59","Green REBOUND (Off:2 Def:4)",null,null,null,null],["0041400226",340,2,1,3,"11:20 PM","2:49","MISS Green 26' 3PT Jump Shot",null,null,null,null],["0041400226",341,4,0,3,"11:20 PM","2:47",null,null,"Barnes REBOUND (Off:1 Def:3)",null,null],["0041400226",342,1,1,3,"11:20 PM","2:38",null,null,"Iguodala 26' 3PT Jump Shot (3 PTS) (Curry 8 AST)","68 - 64","-4"],["0041400226",343,2,1,3,"11:21 PM","2:13","MISS Gasol 8' Jump Shot",null,null,null,null],["0041400226",344,4,0,3,"11:21 PM","2:11",null,null,"Curry REBOUND (Off:0 Def:5)",null,null],["0041400226",345,1,8,3,"11:21 PM","2:01",null,null,"Ezeli  Slam Dunk (2 PTS) (Curry 9 AST)","70 - 64","-6"],["0041400226",346,1,5,3,"11:21 PM","1:33","Randolph 1' Layup (13 PTS) (Lee 2 AST)",null,null,"70 - 66","-4"],["0041400226",347,6,1,3,"11:22 PM","1:26","Randolph P.FOUL (P4.T3) (Z.Zarba)",null,null,null,null],["0041400226",348,8,0,3,"11:22 PM","1:26","SUB: Koufos FOR Randolph",null,null,null,null],["0041400226",349,8,0,3,"11:22 PM","1:26",null,null,"SUB: Lee FOR Ezeli",null,null],["0041400226",350,1,1,3,"11:22 PM","1:19",null,null,"Iguodala 25' 3PT Jump Shot (6 PTS) (Curry 10 AST)","73 - 66","-7"],["0041400226",351,6,2,3,"11:22 PM","1:19","Gasol S.FOUL (P1.PN) (J.Goble)",null,null,null,null],["0041400226",352,3,10,3,"11:23 PM","1:19",null,null,"MISS Iguodala Free Throw 1 of 1",null,null],["0041400226",354,4,0,3,"11:23 PM","1:18","Gasol REBOUND (Off:1 Def:10)",null,null,null,null],["0041400226",356,2,42,3,"11:23 PM","1:06","MISS Conley 1' Driving Layup",null,null,null,null],["0041400226",357,4,0,3,"11:23 PM","1:05",null,null,"Iguodala REBOUND (Off:0 Def:4)",null,null],["0041400226",358,6,26,3,"11:24 PM","0:53",null,null,"Curry Offensive Charge Foul (P3.PN) (J.Goble)",null,null],["0041400226",359,5,5,3,"11:24 PM","0:53",null,null,"Curry Foul Turnover (P4.T10)",null,null],["0041400226",360,8,0,3,"11:24 PM","0:53","SUB: Carter FOR Lee",null,null,null,null],["0041400226",361,2,1,3,"11:24 PM","0:41","MISS Gasol 17' Jump Shot",null,null,null,null],["0041400226",362,4,0,3,"11:24 PM","0:40","Koufos REBOUND (Off:3 Def:3)",null,null,null,null],["0041400226",363,1,3,3,"11:24 PM","0:40","Koufos 8' Hook Shot (6 PTS)",null,null,"73 - 68","-5"],["0041400226",364,2,1,3,"11:24 PM","0:28",null,null,"MISS Barnes 19' Jump Shot",null,null],["0041400226",365,4,0,3,"11:24 PM","0:27",null,null,"Lee REBOUND (Off:2 Def:3)",null,null],["0041400226",366,2,1,3,"11:25 PM","0:07",null,null,"MISS Barnes 26' 3PT Jump Shot",null,null],["0041400226",367,4,0,3,"11:25 PM","0:07","Green REBOUND (Off:2 Def:5)",null,null,null,null],["0041400226",368,2,1,3,"11:25 PM","0:01","MISS Green 27' 3PT Jump Shot",null,"Iguodala BLOCK (1 BLK)",null,null],["0041400226",369,4,0,3,"11:25 PM","0:01",null,null,"Curry REBOUND (Off:0 Def:6)",null,null],["0041400226",371,1,1,3,"11:25 PM","0:00",null,null,"Curry 62' 3PT Jump Shot (19 PTS)","76 - 68","-8"],["0041400226",372,18,0,3,"11:26 PM","0:00",null,null,null,null,null],["0041400226",373,13,0,3,"11:26 PM","0:00",null,null,null,"76 - 68","-8"],["0041400226",375,12,0,4,"11:29 PM","12:00",null,null,null,"76 - 68","-8"],["0041400226",376,1,63,4,"11:30 PM","11:37",null,null,"Barnes 8' Fadeaway Jumper (10 PTS)","78 - 68","-10"],["0041400226",377,2,86,4,"11:30 PM","11:10","MISS Gasol 14' Turnaround Fadeaway Shot",null,null,null,null],["0041400226",378,4,0,4,"11:30 PM","11:08",null,null,"Barnes REBOUND (Off:1 Def:4)",null,null],["0041400226",379,1,1,4,"11:30 PM","10:54",null,null,"Iguodala 26' 3PT Jump Shot (9 PTS) (Barnes 3 AST)","81 - 68","-13"],["0041400226",380,2,46,4,"11:31 PM","10:36","MISS Koufos 5' Running Jump Shot",null,null,null,null],["0041400226",381,4,0,4,"11:31 PM","10:34",null,null,"Livingston REBOUND (Off:0 Def:1)",null,null],["0041400226",382,6,2,4,"11:31 PM","10:30","Carter S.FOUL (P2.T1) (J.Crawford)",null,null,null,null],["0041400226",383,3,11,4,"11:31 PM","10:30",null,null,"Livingston Free Throw 1 of 2 (7 PTS)","82 - 68","-14"],["0041400226",385,8,0,4,"11:31 PM","10:30","SUB: Lee FOR Green",null,null,null,null],["0041400226",386,3,12,4,"11:31 PM","10:30",null,null,"Livingston Free Throw 2 of 2 (8 PTS)","83 - 68","-15"],["0041400226",388,1,79,4,"11:32 PM","10:09","Lee 20' Pullup Jump Shot (7 PTS) (Gasol 4 AST)",null,null,"83 - 70","-13"],["0041400226",389,1,42,4,"11:32 PM","9:54",null,null,"Livingston  Driving Layup (10 PTS)","85 - 70","-15"],["0041400226",390,6,1,4,"11:32 PM","9:46",null,null,"Barbosa P.FOUL (P1.T1) (Z.Zarba)",null,null],["0041400226",391,6,1,4,"11:33 PM","9:38",null,null,"Livingston P.FOUL (P2.T2) (Z.Zarba)",null,null],["0041400226",392,2,79,4,"11:33 PM","9:28","MISS Udrih 13' Pullup Jump Shot",null,null,null,null],["0041400226",394,4,0,4,"11:33 PM","9:27","Koufos REBOUND (Off:4 Def:3)",null,null,null,null],["0041400226",393,1,4,4,"11:33 PM","9:27","Koufos 1' Tip Shot (8 PTS)",null,null,"85 - 72","-13"],["0041400226",395,1,1,4,"11:34 PM","9:05",null,null,"Barnes 20' Jump Shot (12 PTS)","87 - 72","-15"],["0041400226",396,2,79,4,"11:34 PM","8:55","MISS Udrih 14' Pullup Jump Shot",null,null,null,null],["0041400226",397,4,0,4,"11:34 PM","8:52",null,null,"Barbosa REBOUND (Off:0 Def:1)",null,null],["0041400226",398,2,1,4,"11:34 PM","8:37","Gasol BLOCK (5 BLK)",null,"MISS Livingston 14' Jump Shot",null,null],["0041400226",399,4,0,4,"11:34 PM","8:36","Koufos REBOUND (Off:4 Def:4)",null,null,null,null],["0041400226",400,9,1,4,"11:34 PM","8:31","GRIZZLIES Timeout: Regular (Full 3 Short 1)",null,null,null,null],["0041400226",402,8,0,4,"11:38 PM","8:31","SUB: Conley FOR Udrih",null,null,null,null],["0041400226",403,2,1,4,"11:38 PM","8:17","MISS Gasol 4' Jump Shot",null,null,null,null],["0041400226",404,4,0,4,"11:38 PM","8:17",null,null,"Warriors Rebound",null,null],["0041400226",405,5,2,4,"11:39 PM","8:00","Carter STEAL (1 STL)",null,"Barnes Lost Ball Turnover (P1.T11)",null,null],["0041400226",406,1,42,4,"11:39 PM","7:52","Carter 1' Driving Layup (11 PTS)",null,null,"87 - 74","-13"],["0041400226",407,6,2,4,"11:39 PM","7:31","Carter S.FOUL (P3.T2) (J.Goble)",null,null,null,null],["0041400226",408,3,11,4,"11:39 PM","7:31",null,null,"MISS Barnes Free Throw 1 of 2",null,null],["0041400226",409,4,1,4,"11:39 PM","7:31",null,null,"Warriors Rebound",null,null],["0041400226",410,8,0,4,"11:40 PM","7:31",null,null,"SUB: Thompson FOR Barbosa",null,null],["0041400226",411,8,0,4,"11:40 PM","7:31",null,null,"SUB: Curry FOR Iguodala",null,null],["0041400226",412,3,12,4,"11:40 PM","7:31",null,null,"Barnes Free Throw 2 of 2 (13 PTS)","88 - 74","-14"],["0041400226",414,2,1,4,"11:40 PM","7:24","MISS Gasol 12' Jump Shot",null,null,null,null],["0041400226",415,4,0,4,"11:40 PM","7:22","Gasol REBOUND (Off:2 Def:10)",null,null,null,null],["0041400226",416,2,1,4,"11:40 PM","7:21","MISS Gasol 5' Jump Shot",null,"Livingston BLOCK (1 BLK)",null,null],["0041400226",417,4,0,4,"11:40 PM","7:21","GRIZZLIES Rebound",null,null,null,null],["0041400226",418,6,1,4,"11:41 PM","7:11",null,null,"Barnes P.FOUL (P2.T3) (Z.Zarba)",null,null],["0041400226",419,6,2,4,"11:41 PM","7:03",null,null,"Thompson S.FOUL (P2.T4) (J.Goble)",null,null],["0041400226",420,3,11,4,"11:41 PM","7:03","Conley Free Throw 1 of 2 (5 PTS)",null,null,"88 - 75","-13"],["0041400226",421,8,0,4,"11:42 PM","7:03","SUB: Randolph FOR Koufos",null,null,null,null],["0041400226",422,3,12,4,"11:42 PM","7:03","Conley Free Throw 2 of 2 (6 PTS)",null,null,"88 - 76","-12"],["0041400226",424,2,79,4,"11:42 PM","6:47",null,null,"MISS Barnes 9' Pullup Jump Shot",null,null],["0041400226",425,4,0,4,"11:42 PM","6:45","Carter REBOUND (Off:0 Def:1)",null,null,null,null],["0041400226",426,5,40,4,"11:42 PM","6:45","Carter Out of Bounds Lost Ball Turnover (P1.T3)",null,null,null,null],["0041400226",427,8,0,4,"11:43 PM","6:45",null,null,"SUB: Green FOR Livingston",null,null],["0041400226",428,5,2,4,"11:43 PM","6:39","Randolph STEAL (1 STL)",null,"Thompson Lost Ball Turnover (P3.T12)",null,null],["0041400226",429,1,46,4,"11:43 PM","6:26","Conley 12' Running Jump Shot (8 PTS)",null,null,"88 - 78","-10"],["0041400226",430,2,84,4,"11:44 PM","6:10",null,null,"MISS Curry 9' Running Bank Shot",null,null],["0041400226",431,4,0,4,"11:44 PM","6:08","Gasol REBOUND (Off:2 Def:11)",null,null,null,null],["0041400226",432,1,1,4,"11:44 PM","6:03","Lee 17' Jump Shot (9 PTS) (Conley 8 AST)",null,null,"88 - 80","-8"],["0041400226",433,6,1,4,"11:44 PM","5:53","Lee P.FOUL (P2.T3) (Z.Zarba)",null,null,null,null],["0041400226",435,9,1,4,"11:44 PM","5:53",null,null,null,null,null],["0041400226",436,8,0,4,"11:47 PM","5:53",null,null,"SUB: Iguodala FOR Barnes",null,null],["0041400226",437,1,1,4,"11:47 PM","5:46",null,null,"Curry 25' 3PT Jump Shot (22 PTS) (Iguodala 4 AST)","91 - 80","-11"],["0041400226",438,2,1,4,"11:47 PM","5:18","MISS Randolph 21' Jump Shot",null,null,null,null],["0041400226",440,4,0,4,"11:47 PM","5:15","Carter REBOUND (Off:1 Def:1)",null,null,null,null],["0041400226",439,1,4,4,"11:47 PM","5:15","Carter 1' Tip Shot (13 PTS)",null,null,"91 - 82","-9"],["0041400226",441,1,1,4,"11:48 PM","4:59",null,null,"Curry  3PT Jump Shot (25 PTS) (Iguodala 5 AST)","94 - 82","-12"],["0041400226",442,1,66,4,"11:48 PM","4:34","Conley 21' Jump Bank Shot (10 PTS)",null,null,"94 - 84","-10"],["0041400226",443,6,2,4,"11:48 PM","4:34",null,null,"Bogut S.FOUL (P5.PN) (J.Goble)",null,null],["0041400226",444,3,10,4,"11:49 PM","4:34","Conley Free Throw 1 of 1 (11 PTS)",null,null,"94 - 85","-9"],["0041400226",446,1,1,4,"11:49 PM","4:19",null,null,"Green 26' 3PT Jump Shot (14 PTS) (Iguodala 6 AST)","97 - 85","-12"],["0041400226",447,1,1,4,"11:49 PM","3:58","Randolph 5' Jump Shot (15 PTS) (Lee 3 AST)",null,null,"97 - 87","-10"],["0041400226",449,1,1,4,"11:50 PM","3:39",null,null,"Curry 26' 3PT Jump Shot (28 PTS)","100 - 87","-13"],["0041400226",450,6,1,4,"11:50 PM","3:23",null,null,"Green P.FOUL (P5.PN) (Z.Zarba)",null,null],["0041400226",451,3,11,4,"11:50 PM","3:23","Gasol Free Throw 1 of 2 (20 PTS)",null,null,"100 - 88","-12"],["0041400226",453,3,12,4,"11:51 PM","3:23","Gasol Free Throw 2 of 2 (21 PTS)",null,null,"100 - 89","-11"],["0041400226",455,2,1,4,"11:51 PM","3:11",null,null,"MISS Iguodala 24' 3PT Jump Shot",null,null],["0041400226",456,4,0,4,"11:51 PM","3:10","Gasol REBOUND (Off:2 Def:12)",null,null,null,null],["0041400226",457,2,1,4,"11:52 PM","2:53","MISS Gasol 20' Jump Shot",null,null,null,null],["0041400226",458,4,0,4,"11:52 PM","2:51",null,null,"Iguodala REBOUND (Off:0 Def:5)",null,null],["0041400226",460,9,1,4,"11:52 PM","2:45",null,null,"Warriors Timeout: Regular (Reg.5 Short 0)",null,null],["0041400226",462,1,1,4,"11:55 PM","2:35",null,null,"Curry 20' Jump Shot (30 PTS) (Iguodala 7 AST)","102 - 89","-13"],["0041400226",463,1,80,4,"11:55 PM","2:10","Lee 25' 3PT Step Back Jump Shot (12 PTS) (Carter 2 AST)",null,null,"102 - 92","-10"],["0041400226",464,2,1,4,"11:56 PM","1:47",null,null,"MISS Curry 21' Jump Shot",null,null],["0041400226",465,4,0,4,"11:56 PM","1:46","Carter REBOUND (Off:1 Def:2)",null,null,null,null],["0041400226",466,2,1,4,"11:56 PM","1:39","MISS Conley 27' 3PT Jump Shot",null,null,null,null],["0041400226",467,4,0,4,"11:56 PM","1:38","Gasol REBOUND (Off:3 Def:12)",null,null,null,null],["0041400226",468,6,2,4,"11:56 PM","1:30",null,null,"Bogut S.FOUL (P6.PN) (J.Goble)",null,null],["0041400226",469,8,0,4,"11:57 PM","1:30",null,null,"SUB: Barnes FOR Bogut",null,null],["0041400226",470,3,11,4,"11:57 PM","1:30","MISS Gasol Free Throw 1 of 2",null,null,null,null],["0041400226",471,4,1,4,"11:57 PM","1:30","GRIZZLIES Rebound",null,null,null,null],["0041400226",472,8,0,4,"11:57 PM","1:30","SUB: Green FOR Randolph",null,null,null,null],["0041400226",473,3,12,4,"11:57 PM","1:30","MISS Gasol Free Throw 2 of 2",null,null,null,null],["0041400226",475,4,0,4,"11:58 PM","1:29",null,null,"Iguodala REBOUND (Off:0 Def:6)",null,null],["0041400226",476,2,1,4,"11:58 PM","1:14",null,null,"MISS Curry 25' 3PT Jump Shot",null,null],["0041400226",477,4,0,4,"11:58 PM","1:13",null,null,"Thompson REBOUND (Off:2 Def:5)",null,null],["0041400226",478,2,1,4,"11:58 PM","0:56",null,null,"MISS Curry 25' 3PT Jump Shot",null,null],["0041400226",479,4,0,4,"11:58 PM","0:54",null,null,"Green REBOUND (Off:2 Def:9)",null,null],["0041400226",480,6,2,4,"11:59 PM","0:41","Gasol S.FOUL (P2.T4) (J.Goble)",null,null,null,null],["0041400226",481,3,11,4,"11:59 PM","0:41",null,null,"Green Free Throw 1 of 2 (15 PTS)","103 - 92","-11"],["0041400226",483,3,12,4,"11:59 PM","0:41",null,null,"Green Free Throw 2 of 2 (16 PTS)","104 - 92","-12"],["0041400226",485,1,1,4,"12:00 AM","0:31","Carter 25' 3PT Jump Shot (16 PTS) (Conley 9 AST)",null,null,"104 - 95","-9"],["0041400226",486,6,28,4,"12:00 AM","0:31","Carter Personal Take Foul (P4.PN) (J.Crawford)",null,null,null,null],["0041400226",487,3,11,4,"12:00 AM","0:31",null,null,"Curry Free Throw 1 of 2 (31 PTS)","105 - 95","-10"],["0041400226",489,3,12,4,"12:00 AM","0:31",null,null,"Curry Free Throw 2 of 2 (32 PTS)","106 - 95","-11"],["0041400226",491,2,1,4,"12:01 AM","0:25","MISS Conley 25' 3PT Jump Shot",null,null,null,null],["0041400226",492,4,0,4,"12:01 AM","0:24",null,null,"Thompson REBOUND (Off:2 Def:6)",null,null],["0041400226",493,6,28,4,"12:01 AM","0:22","Green Personal Take Foul (P2.PN) (J.Crawford)",null,null,null,null],["0041400226",494,3,11,4,"12:01 AM","0:22",null,null,"Thompson Free Throw 1 of 2 (19 PTS)","107 - 95","-12"],["0041400226",496,8,0,4,"12:01 AM","0:22","SUB: Calathes FOR Conley",null,null,null,null],["0041400226",497,8,0,4,"12:01 AM","0:22","SUB: Green FOR Gasol",null,null,null,null],["0041400226",498,3,12,4,"12:01 AM","0:22",null,null,"Thompson Free Throw 2 of 2 (20 PTS)","108 - 95","-13"],["0041400226",500,2,84,4,"12:02 AM","0:15","MISS Lee 8' Running Bank Shot",null,null,null,null],["0041400226",501,4,0,4,"12:02 AM","0:14",null,null,"Green REBOUND (Off:2 Def:10)",null,null],["0041400226",503,13,0,4,"12:02 AM","0:00",null,null,null,"108 - 95","-13"]]},{"name":"AvailableVideo","headers":["VIDEO_AVAILABLE_FLAG"],"rowSet":[[1]]}]}