{"resource":"playbyplay","parameters":{"GameID":"0041400311","StartPeriod":0,"EndPeriod":14},"resultSets":[{"name":"PlayByPlay","headers":["GAME_ID","EVENTNUM","EVENTMSGTYPE","EVENTMSGACTIONTYPE","PERIOD","WCTIMESTRING","PCTIMESTRING","HOMEDESCRIPTION","NEUTRALDESCRIPTION","VISITORDESCRIPTION","SCORE","SCOREMARGIN"],"rowSet":[["0041400311",0,12,0,1,"9:11 PM","12:00",null,null,null,null,null],["0041400311",1,10,0,1,"9:11 PM","12:00","Jump Ball Bogut vs. Howard: Tip to Terry",null,null,null,null],["0041400311",2,1,45,1,"9:12 PM","11:44",null,null,"Smith 16' Jump Shot (2 PTS) (Terry 1 AST)","2 - 0","-2"],["0041400311",3,2,46,1,"9:12 PM","11:26","MISS Thompson 5' Running Jump Shot",null,"Smith BLOCK (1 BLK)",null,null],["0041400311",4,4,0,1,"9:12 PM","11:24","Bogut REBOUND (Off:1 Def:0)",null,null,null,null],["0041400311",5,2,1,1,"9:12 PM","11:17","MISS Green 26' 3PT Jump Shot",null,null,null,null],["0041400311",6,4,0,1,"9:12 PM","11:16",null,null,"Ariza REBOUND (Off:0 Def:1)",null,null],["0041400311",7,6,2,1,"9:12 PM","11:05","Bogut S.FOUL (P1.T1) (M.Davis)",null,null,null,null],["0041400311",8,3,11,1,"9:13 PM","11:05",null,null,"MISS Howard Free Throw 1 of 2",null,null],["0041400311",9,4,1,1,"9:13 PM","11:05",null,null,"Rockets Rebound",null,null],["0041400311",10,3,12,1,"9:13 PM","11:05",null,null,"MISS Howard Free Throw 2 of 2",null,null],["0041400311",12,4,0,1,"9:13 PM","11:04","Green REBOUND (Off:0 Def:1)",null,null,null,null],["0041400311",13,1,75,1,"9:13 PM","10:59","Green 3' Driving Finger Roll Layup (2 PTS)",null,null,"2 - 2","TIE"],["0041400311",14,2,1,1,"9:13 PM","10:46",null,null,"MISS Smith 9' Jump Shot",null,null],["0041400311",15,4,0,1,"9:13 PM","10:45",null,null,"Smith REBOUND (Off:1 Def:0)",null,null],["0041400311",16,1,72,1,"9:13 PM","10:44",null,null,"Smith 1' Putback Layup (4 PTS)","4 - 2","-2"],["0041400311",17,2,79,1,"9:14 PM","10:30","MISS Thompson 26' 3PT Pullup Jump Shot",null,null,null,null],["0041400311",18,4,0,1,"9:14 PM","10:29",null,null,"Smith REBOUND (Off:1 Def:1)",null,null],["0041400311",19,1,8,1,"9:14 PM","10:18",null,null,"Howard  Slam Dunk (2 PTS) (Smith 1 AST)","6 - 2","-4"],["0041400311",20,5,2,1,"9:14 PM","10:01","Barnes Lost Ball Turnover (P1.T1)",null,"Harden STEAL (1 STL)",null,null],["0041400311",21,1,42,1,"9:14 PM","9:54",null,null,"Ariza 1' Driving Layup (2 PTS) (Smith 2 AST)","8 - 2","-6"],["0041400311",22,2,1,1,"9:15 PM","9:39","MISS Curry 10' Jump Shot",null,null,null,null],["0041400311",23,4,0,1,"9:15 PM","9:38",null,null,"Howard REBOUND (Off:0 Def:1)",null,null],["0041400311",24,6,2,1,"9:15 PM","9:35","Barnes S.FOUL (P1.T2) (D.Crawford)",null,null,null,null],["0041400311",25,3,11,1,"9:15 PM","9:35",null,null,"MISS Harden Free Throw 1 of 2",null,null],["0041400311",26,4,1,1,"9:15 PM","9:35",null,null,"Rockets Rebound",null,null],["0041400311",27,3,12,1,"9:15 PM","9:35",null,null,"Harden Free Throw 2 of 2 (1 PTS)","9 - 2","-7"],["0041400311",29,2,1,1,"9:16 PM","9:16","MISS Green 26' 3PT Jump Shot",null,null,null,null],["0041400311",32,4,0,1,"9:16 PM","9:13",null,null,"Smith REBOUND (Off:1 Def:2)",null,null],["0041400311",33,2,79,1,"9:16 PM","9:07",null,null,"MISS Ariza 24' 3PT Pullup Jump Shot",null,null],["0041400311",34,4,0,1,"9:16 PM","9:06",null,null,"Terry REBOUND (Off:1 Def:0)",null,null],["0041400311",35,5,2,1,"9:16 PM","8:57","Curry STEAL (1 STL)",null,"Howard Lost Ball Turnover (P1.T1)",null,null],["0041400311",36,1,88,1,"9:16 PM","8:53","Thompson  Driving Slam Dunk (2 PTS) (Curry 1 AST)",null,null,"9 - 4","-5"],["0041400311",37,2,1,1,"9:17 PM","8:39",null,null,"MISS Smith 27' 3PT Jump Shot",null,null],["0041400311",38,4,0,1,"9:17 PM","8:38","Green REBOUND (Off:0 Def:2)",null,null,null,null],["0041400311",39,1,79,1,"9:17 PM","8:26","Thompson 24' 3PT Pullup Jump Shot (5 PTS) (Barnes 1 AST)",null,null,"9 - 7","-2"],["0041400311",40,5,2,1,"9:17 PM","8:04","Bogut STEAL (1 STL)",null,"Howard Lost Ball Turnover (P2.T2)",null,null],["0041400311",41,6,1,1,"9:17 PM","8:00",null,null,"Harden P.FOUL (P1.T1) (D.Crawford)",null,null],["0041400311",42,1,1,1,"9:18 PM","7:44","Thompson 22' Jump Shot (7 PTS) (Green 1 AST)",null,null,"9 - 9","TIE"],["0041400311",44,6,2,1,"9:19 PM","7:20","Thompson S.FOUL (P1.T3) (M.Davis)",null,null,null,null],["0041400311",45,3,11,1,"9:19 PM","7:20",null,null,"MISS Howard Free Throw 1 of 2",null,null],["0041400311",46,4,1,1,"9:19 PM","7:20",null,null,"Rockets Rebound",null,null],["0041400311",47,3,12,1,"9:19 PM","7:20",null,null,"Howard Free Throw 2 of 2 (3 PTS)","10 - 9","-1"],["0041400311",49,1,79,1,"9:20 PM","7:14","Curry 17' Pullup Jump Shot (2 PTS)",null,null,"10 - 11","1"],["0041400311",50,2,1,1,"9:20 PM","6:57",null,null,"MISS Terry 10' Jump Shot",null,null],["0041400311",51,4,0,1,"9:20 PM","6:56","Curry REBOUND (Off:0 Def:1)",null,null,null,null],["0041400311",52,2,65,1,"9:20 PM","6:44","MISS Green 5' Jump Hook Shot",null,null,null,null],["0041400311",53,4,0,1,"9:20 PM","6:43",null,null,"Howard REBOUND (Off:0 Def:2)",null,null],["0041400311",54,2,1,1,"9:20 PM","6:27",null,null,"MISS Smith 17' Jump Shot",null,null],["0041400311",56,4,0,1,"9:20 PM","6:26",null,null,"Howard REBOUND (Off:1 Def:2)",null,null],["0041400311",55,1,92,1,"9:20 PM","6:26",null,null,"Howard  Putback Slam Dunk (5 PTS)","12 - 11","-1"],["0041400311",57,2,1,1,"9:21 PM","6:20","MISS Barnes 26' 3PT Jump Shot",null,null,null,null],["0041400311",58,4,0,1,"9:21 PM","6:13",null,null,"Smith REBOUND (Off:1 Def:3)",null,null],["0041400311",59,2,1,1,"9:21 PM","5:59",null,null,"MISS Smith 5' Jump Shot",null,null],["0041400311",60,4,0,1,"9:21 PM","5:58","Thompson REBOUND (Off:0 Def:1)",null,null,null,null],["0041400311",61,1,79,1,"9:21 PM","5:52","Curry 26' 3PT Pullup Jump Shot (5 PTS) (Thompson 1 AST)",null,null,"12 - 14","2"],["0041400311",62,9,2,1,"9:21 PM","5:50",null,null,"Rockets Timeout: Short (Reg.0 Short 1)",null,null],["0041400311",63,9,1,1,"9:22 PM","5:50","WARRIORS Timeout: Regular (Full 1 Short 0)",null,null,null,null],["0041400311",64,8,0,1,"9:24 PM","5:50","SUB: Iguodala FOR Barnes",null,null,null,null],["0041400311",65,8,0,1,"9:24 PM","5:50","SUB: Lee FOR Bogut",null,null,null,null],["0041400311",66,8,0,1,"9:24 PM","5:50",null,null,"SUB: Jones FOR Smith",null,null],["0041400311",67,8,0,1,"9:24 PM","5:50",null,null,"SUB: Prigioni FOR Howard",null,null],["0041400311",68,8,0,1,"9:24 PM","5:50",null,null,"SUB: Capela FOR Terry",null,null],["0041400311",69,1,42,1,"9:25 PM","5:33",null,null,"Ariza 6' Driving Layup (4 PTS) (Harden 1 AST)","14 - 14","TIE"],["0041400311",70,2,1,1,"9:25 PM","5:14","MISS Iguodala 18' Jump Shot",null,null,null,null],["0041400311",71,4,0,1,"9:25 PM","5:13",null,null,"Harden REBOUND (Off:0 Def:1)",null,null],["0041400311",72,1,40,1,"9:25 PM","5:07",null,null,"Capela 2' Layup (2 PTS) (Harden 2 AST)","16 - 14","-2"],["0041400311",73,2,5,1,"9:26 PM","4:43","MISS Thompson 1' Layup",null,null,null,null],["0041400311",74,4,0,1,"9:26 PM","4:42","Lee REBOUND (Off:1 Def:0)",null,null,null,null],["0041400311",75,2,72,1,"9:26 PM","4:40","MISS Lee 1' Putback Layup",null,null,null,null],["0041400311",76,4,0,1,"9:26 PM","4:39",null,null,"Harden REBOUND (Off:0 Def:2)",null,null],["0041400311",77,1,40,1,"9:26 PM","4:35",null,null,"Jones 2' Layup (2 PTS) (Harden 3 AST)","18 - 14","-4"],["0041400311",78,5,1,1,"9:26 PM","4:27","Curry Bad Pass Turnover (P1.T2)",null,"Capela STEAL (1 STL)",null,null],["0041400311",79,6,2,1,"9:26 PM","4:24","Iguodala S.FOUL (P1.T4) (S.Wright)",null,null,null,null],["0041400311",80,3,11,1,"9:26 PM","4:24",null,null,"Jones Free Throw 1 of 2 (3 PTS)","19 - 14","-5"],["0041400311",82,8,0,1,"9:26 PM","4:24",null,null,"SUB: Brewer FOR Ariza",null,null],["0041400311",83,3,12,1,"9:27 PM","4:24",null,null,"MISS Jones Free Throw 2 of 2",null,null],["0041400311",85,4,0,1,"9:27 PM","4:23","Lee REBOUND (Off:1 Def:1)",null,null,null,null],["0041400311",86,5,1,1,"9:27 PM","4:09","Green Bad Pass Turnover (P1.T3)",null,null,null,null],["0041400311",87,2,1,1,"9:27 PM","3:59",null,null,"MISS Harden 8' Jump Shot",null,null],["0041400311",88,4,0,1,"9:27 PM","3:58","Green REBOUND (Off:0 Def:3)",null,null,null,null],["0041400311",89,1,88,1,"9:27 PM","3:53","Lee  Driving Slam Dunk (2 PTS) (Iguodala 1 AST)",null,null,"19 - 16","-3"],["0041400311",90,1,78,1,"9:28 PM","3:33",null,null,"Jones 9' Floating Jump Shot (5 PTS) (Prigioni 1 AST)","21 - 16","-5"],["0041400311",91,2,47,1,"9:28 PM","3:19","MISS Lee 7' Turnaround Jump Shot",null,null,null,null],["0041400311",92,4,0,1,"9:28 PM","3:18",null,null,"Capela REBOUND (Off:0 Def:1)",null,null],["0041400311",93,2,42,1,"9:28 PM","3:11",null,null,"MISS Brewer 1' Driving Layup",null,null],["0041400311",94,4,0,1,"9:28 PM","3:10","Lee REBOUND (Off:1 Def:2)",null,null,null,null],["0041400311",95,2,79,1,"9:28 PM","3:03","MISS Thompson  3PT Pullup Jump Shot",null,null,null,null],["0041400311",96,4,0,1,"9:28 PM","3:02",null,null,"Harden REBOUND (Off:0 Def:3)",null,null],["0041400311",97,1,52,1,"9:28 PM","2:48",null,null,"Capela  Alley Oop Dunk (4 PTS) (Harden 4 AST)","23 - 16","-7"],["0041400311",98,9,2,1,"9:29 PM","2:48","WARRIORS Timeout: Short (Full 1 Short 1)",null,null,null,null],["0041400311",99,9,1,1,"9:29 PM","2:48",null,null,"Rockets Timeout: Regular (Reg.1 Short 1)",null,null],["0041400311",101,8,0,1,"9:32 PM","2:48","SUB: Livingston FOR Thompson",null,null,null,null],["0041400311",102,1,79,1,"9:32 PM","2:33","Curry 26' 3PT Pullup Jump Shot (8 PTS) (Livingston 1 AST)",null,null,"23 - 19","-4"],["0041400311",103,1,80,1,"9:32 PM","2:20",null,null,"Harden 17' Step Back Jump Shot (3 PTS)","25 - 19","-6"],["0041400311",104,2,5,1,"9:33 PM","2:06","MISS Livingston 2' Layup",null,"Capela BLOCK (1 BLK)",null,null],["0041400311",105,4,0,1,"9:33 PM","2:03",null,null,"Capela REBOUND (Off:0 Def:2)",null,null],["0041400311",106,1,40,1,"9:33 PM","1:51",null,null,"Prigioni 2' Layup (2 PTS) (Capela 1 AST)","27 - 19","-8"],["0041400311",107,1,79,1,"9:33 PM","1:37","Curry 24' 3PT Pullup Jump Shot (11 PTS) (Green 2 AST)",null,null,"27 - 22","-5"],["0041400311",109,8,0,1,"9:34 PM","1:26",null,null,"SUB: Ariza FOR Harden",null,null],["0041400311",110,8,0,1,"9:34 PM","1:26",null,null,"SUB: Howard FOR Capela",null,null],["0041400311",111,8,0,1,"9:34 PM","1:26","SUB: Ezeli FOR Lee",null,null,null,null],["0041400311",112,1,80,1,"9:34 PM","1:23",null,null,"Ariza  3PT Step Back Jump Shot (7 PTS) (Prigioni 2 AST)","30 - 22","-8"],["0041400311",113,2,1,1,"9:34 PM","1:08","MISS Curry 26' 3PT Jump Shot",null,null,null,null],["0041400311",114,4,0,1,"9:34 PM","1:06","Ezeli REBOUND (Off:1 Def:0)",null,null,null,null],["0041400311",116,6,2,1,"9:35 PM","1:03",null,null,"Howard S.FOUL (P1.T2) (D.Crawford)",null,null],["0041400311",117,3,11,1,"9:35 PM","1:03","Livingston Free Throw 1 of 2 (1 PTS)",null,null,"30 - 23","-7"],["0041400311",119,3,12,1,"9:35 PM","1:03","Livingston Free Throw 2 of 2 (2 PTS)",null,null,"30 - 24","-6"],["0041400311",121,6,1,1,"9:35 PM","0:54","Livingston P.FOUL (P1.PN) (D.Crawford)",null,null,null,null],["0041400311",122,3,11,1,"9:36 PM","0:54",null,null,"MISS Brewer Free Throw 1 of 2",null,null],["0041400311",123,4,1,1,"9:36 PM","0:54",null,null,"Rockets Rebound",null,null],["0041400311",124,3,12,1,"9:36 PM","0:54",null,null,"Brewer Free Throw 2 of 2 (1 PTS)","31 - 24","-7"],["0041400311",126,2,47,1,"9:36 PM","0:28","MISS Green 17' Turnaround Jump Shot",null,null,null,null],["0041400311",127,4,0,1,"9:36 PM","0:27",null,null,"Prigioni REBOUND (Off:0 Def:1)",null,null],["0041400311",128,2,1,1,"9:37 PM","0:06",null,null,"MISS Prigioni 27' 3PT Jump Shot",null,null],["0041400311",129,4,0,1,"9:37 PM","0:05","Ezeli REBOUND (Off:1 Def:1)",null,null,null,null],["0041400311",130,13,0,1,"9:37 PM","0:00",null,null,null,"31 - 24","-7"],["0041400311",132,12,0,2,"9:41 PM","12:00",null,null,null,"31 - 24","-7"],["0041400311",133,6,2,2,"9:41 PM","11:46",null,null,"Howard S.FOUL (P2.T1) (S.Wright)",null,null],["0041400311",134,3,11,2,"9:41 PM","11:46","MISS Barbosa Free Throw 1 of 2",null,null,null,null],["0041400311",135,4,1,2,"9:41 PM","11:46","WARRIORS Rebound",null,null,null,null],["0041400311",136,3,12,2,"9:41 PM","11:46","Barbosa Free Throw 2 of 2 (1 PTS)",null,null,"31 - 25","-6"],["0041400311",138,1,46,2,"9:42 PM","11:33",null,null,"Brewer 8' Running Jump Shot (3 PTS) (Prigioni 3 AST)","33 - 25","-8"],["0041400311",139,2,1,2,"9:42 PM","11:15","MISS Ezeli 4' Jump Shot",null,"Jones BLOCK (1 BLK)",null,null],["0041400311",140,4,0,2,"9:42 PM","11:14",null,null,"Howard REBOUND (Off:1 Def:3)",null,null],["0041400311",141,1,79,2,"9:42 PM","11:08",null,null,"Ariza 26' 3PT Pullup Jump Shot (10 PTS) (Howard 1 AST)","36 - 25","-11"],["0041400311",142,1,79,2,"9:43 PM","10:56","Livingston 13' Pullup Jump Shot (4 PTS)",null,null,"36 - 27","-9"],["0041400311",143,2,1,2,"9:43 PM","10:38",null,null,"MISS Jones 5' Jump Shot",null,null],["0041400311",144,4,0,2,"9:43 PM","10:36",null,null,"Howard REBOUND (Off:2 Def:3)",null,null],["0041400311",145,1,42,2,"9:43 PM","10:31",null,null,"Ariza 3' Driving Layup (12 PTS) (Jones 1 AST)","38 - 27","-11"],["0041400311",146,1,47,2,"9:43 PM","10:15","Livingston 11' Turnaround Jump Shot (6 PTS)",null,null,"38 - 29","-9"],["0041400311",147,1,73,2,"9:44 PM","9:49",null,null,"Prigioni 2' Driving Reverse Layup (4 PTS)","40 - 29","-11"],["0041400311",148,1,79,2,"9:44 PM","9:35","Iguodala 17' Pullup Jump Shot (2 PTS) (Livingston 2 AST)",null,null,"40 - 31","-9"],["0041400311",149,2,1,2,"9:44 PM","9:19",null,null,"MISS Howard 6' Jump Shot",null,null],["0041400311",150,4,0,2,"9:44 PM","9:18","Barbosa REBOUND (Off:0 Def:1)",null,null,null,null],["0041400311",151,1,42,2,"9:44 PM","9:15","Iguodala 2' Driving Layup (4 PTS) (Barbosa 1 AST)",null,null,"40 - 33","-7"],["0041400311",152,6,2,2,"9:44 PM","9:15",null,null,"Ariza S.FOUL (P1.T2) (S.Wright)",null,null],["0041400311",153,8,0,2,"9:45 PM","9:15",null,null,"SUB: Terry FOR Prigioni",null,null],["0041400311",154,8,0,2,"9:45 PM","9:15",null,null,"SUB: Smith FOR Jones",null,null],["0041400311",155,8,0,2,"9:45 PM","9:15",null,null,"SUB: Harden FOR Brewer",null,null],["0041400311",156,3,10,2,"9:45 PM","9:15","MISS Iguodala Free Throw 1 of 1",null,null,null,null],["0041400311",158,4,0,2,"9:45 PM","9:14",null,null,"Howard REBOUND (Off:2 Def:4)",null,null],["0041400311",159,2,5,2,"9:45 PM","8:59",null,null,"MISS Ariza 2' Layup",null,null],["0041400311",160,4,0,2,"9:45 PM","8:58","Iguodala REBOUND (Off:0 Def:1)",null,null,null,null],["0041400311",161,5,1,2,"9:45 PM","8:53","Livingston Bad Pass Turnover (P1.T4)",null,null,null,null],["0041400311",162,9,4,2,"9:46 PM","8:53",null,null,null,null,null],["0041400311",163,8,0,2,"9:48 PM","8:53","SUB: Bogut FOR Ezeli",null,null,null,null],["0041400311",164,1,65,2,"9:49 PM","8:33",null,null,"Howard 10' Jump Hook Shot (7 PTS) (Smith 3 AST)","42 - 33","-9"],["0041400311",165,2,79,2,"9:49 PM","8:12","MISS Barbosa 26' 3PT Pullup Jump Shot",null,null,null,null],["0041400311",166,4,0,2,"9:49 PM","8:11",null,null,"Howard REBOUND (Off:2 Def:5)",null,null],["0041400311",167,6,1,2,"9:49 PM","8:02","Bogut P.FOUL (P2.T1) (M.Davis)",null,null,null,null],["0041400311",168,8,0,2,"9:50 PM","8:02","SUB: Thompson FOR Barbosa",null,null,null,null],["0041400311",169,8,0,2,"9:50 PM","8:02",null,null,"SUB: Brewer FOR Ariza",null,null],["0041400311",170,6,1,2,"9:50 PM","7:58","Bogut P.FOUL (P3.T2) (D.Crawford)",null,null,null,null],["0041400311",171,8,0,2,"9:50 PM","7:58","SUB: Ezeli FOR Bogut",null,null,null,null],["0041400311",172,1,79,2,"9:50 PM","7:54",null,null,"Smith 25' 3PT Pullup Jump Shot (7 PTS)","45 - 33","-12"],["0041400311",173,5,2,2,"9:51 PM","7:35","Ezeli Lost Ball Turnover (P1.T5)",null,"Harden STEAL (2 STL)",null,null],["0041400311",174,1,88,2,"9:51 PM","7:31",null,null,"Smith  Driving Slam Dunk (9 PTS) (Harden 5 AST)","47 - 33","-14"],["0041400311",175,9,1,2,"9:51 PM","7:29","WARRIORS Timeout: Regular (Full 2 Short 1)",null,null,null,null],["0041400311",177,8,0,2,"9:54 PM","7:29","SUB: Green FOR Barnes",null,null,null,null],["0041400311",178,8,0,2,"9:54 PM","7:29","SUB: Curry FOR Iguodala",null,null,null,null],["0041400311",179,6,1,2,"9:54 PM","7:17",null,null,"Brewer P.FOUL (P1.T3) (S.Wright)",null,null],["0041400311",180,2,1,2,"9:55 PM","7:10","MISS Ezeli 3' Jump Shot",null,"Smith BLOCK (2 BLK)",null,null],["0041400311",181,4,0,2,"9:55 PM","7:08",null,null,"Howard REBOUND (Off:2 Def:6)",null,null],["0041400311",182,1,42,2,"9:55 PM","7:05",null,null,"Brewer 2' Driving Layup (5 PTS) (Harden 6 AST)","49 - 33","-16"],["0041400311",183,6,1,2,"9:55 PM","6:49",null,null,"Smith P.FOUL (P1.T4) (M.Davis)",null,null],["0041400311",184,1,58,2,"9:56 PM","6:38","Ezeli 4' Turnaround Hook Shot (2 PTS) (Curry 2 AST)",null,null,"49 - 35","-14"],["0041400311",185,5,1,2,"9:56 PM","6:29",null,null,"Smith Bad Pass Turnover (P1.T3)",null,null],["0041400311",186,8,0,2,"9:56 PM","6:29","SUB: Barnes FOR Ezeli",null,null,null,null],["0041400311",187,2,1,2,"9:56 PM","6:19","MISS Barnes  3PT Jump Shot",null,null,null,null],["0041400311",188,4,0,2,"9:56 PM","6:19","WARRIORS Rebound",null,null,null,null],["0041400311",189,6,3,2,"9:56 PM","6:19",null,null,"Brewer L.B.FOUL (P2.PN) (S.Wright)",null,null],["0041400311",190,3,11,2,"9:57 PM","6:19","Livingston Free Throw 1 of 2 (7 PTS)",null,null,"49 - 36","-13"],["0041400311",192,3,12,2,"9:57 PM","6:19","Livingston Free Throw 2 of 2 (8 PTS)",null,null,"49 - 37","-12"],["0041400311",194,2,46,2,"9:57 PM","6:07","Thompson BLOCK (1 BLK)",null,"MISS Harden 7' Running Jump Shot",null,null],["0041400311",195,4,0,2,"9:57 PM","6:06",null,null,"Rockets Rebound",null,null],["0041400311",196,1,80,2,"9:58 PM","6:02",null,null,"Harden 19' Step Back Jump Shot (5 PTS) (Terry 2 AST)","51 - 37","-14"],["0041400311",197,6,1,2,"9:58 PM","5:55",null,null,"Harden P.FOUL (P2.PN) (S.Wright)",null,null],["0041400311",198,3,11,2,"9:58 PM","5:55","Livingston Free Throw 1 of 2 (9 PTS)",null,null,"51 - 38","-13"],["0041400311",200,3,12,2,"9:58 PM","5:55","Livingston Free Throw 2 of 2 (10 PTS)",null,null,"51 - 39","-12"],["0041400311",202,5,2,2,"9:59 PM","5:39","Thompson STEAL (1 STL)",null,"Howard Lost Ball Turnover (P3.T4)",null,null],["0041400311",203,1,88,2,"9:59 PM","5:34","Livingston  Driving Slam Dunk (12 PTS) (Thompson 2 AST)",null,null,"51 - 41","-10"],["0041400311",205,9,1,2,"9:59 PM","5:32",null,null,"Rockets Timeout: Regular (Reg.2 Short 1)",null,null],["0041400311",206,2,1,2,"10:02 PM","5:17",null,null,"MISS Harden 11' Jump Shot",null,null],["0041400311",208,4,0,2,"10:02 PM","5:16",null,null,"Howard REBOUND (Off:3 Def:6)",null,null],["0041400311",207,2,4,2,"10:02 PM","5:16",null,null,"MISS Howard 2' Tip Shot",null,null],["0041400311",209,4,0,2,"10:02 PM","5:15","Green REBOUND (Off:0 Def:4)",null,null,null,null],["0041400311",210,2,79,2,"10:02 PM","5:10","MISS Thompson 25' 3PT Pullup Jump Shot",null,null,null,null],["0041400311",211,4,0,2,"10:02 PM","5:08","Green REBOUND (Off:1 Def:4)",null,null,null,null],["0041400311",212,2,1,2,"10:02 PM","4:56","MISS Barnes 24' 3PT Jump Shot",null,null,null,null],["0041400311",213,4,0,2,"10:02 PM","4:55",null,null,"Howard REBOUND (Off:3 Def:7)",null,null],["0041400311",214,2,79,2,"10:03 PM","4:35",null,null,"MISS Terry  3PT Pullup Jump Shot",null,null],["0041400311",215,4,0,2,"10:03 PM","4:33","Thompson REBOUND (Off:0 Def:2)",null,null,null,null],["0041400311",216,1,42,2,"10:03 PM","4:26","Thompson  Driving Layup (9 PTS)",null,null,"51 - 43","-8"],["0041400311",217,5,2,2,"10:03 PM","4:07","Livingston STEAL (1 STL)",null,"Howard Lost Ball Turnover (P4.T5)",null,null],["0041400311",218,1,42,2,"10:03 PM","4:01","Livingston 2' Driving Layup (14 PTS)",null,null,"51 - 45","-6"],["0041400311",219,2,1,2,"10:04 PM","3:42",null,null,"MISS Harden 11' Jump Shot",null,null],["0041400311",220,4,0,2,"10:04 PM","3:41","Curry REBOUND (Off:0 Def:2)",null,null,null,null],["0041400311",221,1,8,2,"10:04 PM","3:30","Livingston  Slam Dunk (16 PTS) (Thompson 3 AST)",null,null,"51 - 47","-4"],["0041400311",222,6,4,2,"10:04 PM","3:12",null,null,"Howard OFF.Foul (P3) (D.Crawford)",null,null],["0041400311",223,5,5,2,"10:04 PM","3:12",null,null,"Howard Foul Turnover (P5.T6)",null,null],["0041400311",224,8,0,2,"10:05 PM","3:12",null,null,"SUB: Capela FOR Howard",null,null],["0041400311",225,8,0,2,"10:05 PM","3:12",null,null,"SUB: Jones FOR Smith",null,null],["0041400311",226,8,0,2,"10:05 PM","3:04",null,null,"SUB: Ariza FOR Brewer",null,null],["0041400311",227,2,1,2,"10:05 PM","2:56","MISS Curry 22' Jump Shot",null,null,null,null],["0041400311",228,4,0,2,"10:05 PM","2:55","Livingston REBOUND (Off:1 Def:0)",null,null,null,null],["0041400311",229,2,1,2,"10:05 PM","2:51","MISS Thompson 3' Jump Shot",null,null,null,null],["0041400311",231,4,0,2,"10:05 PM","2:50","Green REBOUND (Off:2 Def:4)",null,null,null,null],["0041400311",230,1,4,2,"10:05 PM","2:50","Green 2' Tip Shot (4 PTS)",null,null,"51 - 49","-2"],["0041400311",232,1,52,2,"10:05 PM","2:41",null,null,"Capela  Alley Oop Dunk (6 PTS) (Harden 7 AST)","53 - 49","-4"],["0041400311",233,1,40,2,"10:06 PM","2:16","Barnes 5' Layup (2 PTS) (Green 3 AST)",null,null,"53 - 51","-2"],["0041400311",234,2,1,2,"10:06 PM","2:08",null,null,"MISS Terry  3PT Jump Shot",null,null],["0041400311",235,4,0,2,"10:06 PM","2:06","Livingston REBOUND (Off:1 Def:1)",null,null,null,null],["0041400311",236,1,42,2,"10:06 PM","1:53","Thompson 2' Driving Layup (11 PTS) (Curry 3 AST)",null,null,"53 - 53","TIE"],["0041400311",237,5,2,2,"10:06 PM","1:42","Green STEAL (1 STL)",null,"Harden Lost Ball Turnover (P1.T7)",null,null],["0041400311",238,2,79,2,"10:06 PM","1:36","MISS Curry 26' 3PT Pullup Jump Shot",null,null,null,null],["0041400311",239,4,0,2,"10:06 PM","1:35",null,null,"Capela REBOUND (Off:0 Def:3)",null,null],["0041400311",240,6,2,2,"10:07 PM","1:20","Thompson S.FOUL (P2.T3) (D.Crawford)",null,null,null,null],["0041400311",241,3,11,2,"10:07 PM","1:20",null,null,"Harden Free Throw 1 of 2 (6 PTS)","54 - 53","-1"],["0041400311",243,8,0,2,"10:07 PM","1:20","SUB: Iguodala FOR Thompson",null,null,null,null],["0041400311",244,3,12,2,"10:07 PM","1:20",null,null,"Harden Free Throw 2 of 2 (7 PTS)","55 - 53","-2"],["0041400311",246,1,79,2,"10:08 PM","1:00","Barnes 25' 3PT Pullup Jump Shot (5 PTS) (Green 4 AST)",null,null,"55 - 56","1"],["0041400311",247,2,1,2,"10:08 PM","0:45",null,null,"MISS Harden 25' 3PT Jump Shot",null,null],["0041400311",248,4,0,2,"10:08 PM","0:44","Curry REBOUND (Off:0 Def:3)",null,null,null,null],["0041400311",249,2,79,2,"10:09 PM","0:34","MISS Barnes 26' 3PT Pullup Jump Shot",null,null,null,null],["0041400311",250,4,0,2,"10:09 PM","0:33",null,null,"Rockets Rebound",null,null],["0041400311",251,2,1,2,"10:09 PM","0:10",null,null,"MISS Jones 29' 3PT Jump Shot",null,null],["0041400311",252,4,0,2,"10:09 PM","0:10",null,null,"Rockets Rebound",null,null],["0041400311",253,5,11,2,"10:09 PM","0:09",null,null,"Rockets Turnover: Shot Clock (T#8)",null,null],["0041400311",254,1,80,2,"10:10 PM","0:01","Curry 20' Step Back Jump Shot (13 PTS)",null,null,"55 - 58","3"],["0041400311",255,18,0,2,"10:10 PM","0:00",null,null,null,null,null],["0041400311",256,13,0,2,"10:11 PM","0:00",null,null,null,"55 - 58","3"],["0041400311",258,12,0,3,"10:27 PM","12:00",null,null,null,"55 - 58","3"],["0041400311",259,2,86,3,"10:28 PM","11:44","MISS Barnes 11' Turnaround Fadeaway Shot",null,null,null,null],["0041400311",260,4,0,3,"10:28 PM","11:43",null,null,"Harden REBOUND (Off:0 Def:4)",null,null],["0041400311",261,6,1,3,"10:28 PM","11:41","Green P.FOUL (P1.T1) (M.Davis)",null,null,null,null],["0041400311",262,2,86,3,"10:28 PM","11:29",null,null,"MISS Ariza 12' Turnaround Fadeaway Shot",null,null],["0041400311",263,4,0,3,"10:28 PM","11:28",null,null,"Rockets Rebound",null,null],["0041400311",264,2,79,3,"10:29 PM","11:20",null,null,"MISS Terry 24' 3PT Pullup Jump Shot",null,null],["0041400311",265,4,0,3,"10:29 PM","11:19","Green REBOUND (Off:2 Def:5)",null,null,null,null],["0041400311",266,2,79,3,"10:29 PM","10:59","MISS Thompson 28' 3PT Pullup Jump Shot",null,null,null,null],["0041400311",267,4,0,3,"10:29 PM","10:57",null,null,"Howard REBOUND (Off:3 Def:8)",null,null],["0041400311",268,5,1,3,"10:29 PM","10:47","Green STEAL (2 STL)",null,"Smith Bad Pass Turnover (P2.T9)",null,null],["0041400311",269,2,42,3,"10:29 PM","10:39","MISS Thompson 3' Driving Layup",null,null,null,null],["0041400311",270,4,0,3,"10:29 PM","10:38",null,null,"Harden REBOUND (Off:0 Def:5)",null,null],["0041400311",271,2,79,3,"10:29 PM","10:31",null,null,"MISS Smith  3PT Pullup Jump Shot",null,null],["0041400311",272,4,0,3,"10:30 PM","10:30","Bogut REBOUND (Off:1 Def:1)",null,null,null,null],["0041400311",273,1,40,3,"10:30 PM","10:19","Green 2' Layup (6 PTS) (Curry 4 AST)",null,null,"55 - 60","5"],["0041400311",274,2,65,3,"10:30 PM","9:54",null,null,"MISS Howard 11' Jump Hook Shot",null,null],["0041400311",275,4,0,3,"10:30 PM","9:53","Bogut REBOUND (Off:1 Def:2)",null,null,null,null],["0041400311",276,2,75,3,"10:30 PM","9:44","MISS Thompson 2' Driving Finger Roll Layup",null,"Smith BLOCK (3 BLK)",null,null],["0041400311",277,4,0,3,"10:30 PM","9:44",null,null,"Smith REBOUND (Off:1 Def:4)",null,null],["0041400311",279,2,1,3,"10:31 PM","9:29",null,null,"MISS Smith 10' Jump Shot",null,null],["0041400311",280,4,0,3,"10:31 PM","9:29",null,null,"Ariza REBOUND (Off:1 Def:1)",null,null],["0041400311",281,6,1,3,"10:31 PM","9:29","Barnes P.FOUL (P2.T2) (D.Crawford)",null,null,null,null],["0041400311",282,1,78,3,"10:31 PM","9:22",null,null,"Terry 9' Floating Jump Shot (2 PTS) (Howard 2 AST)","57 - 60","3"],["0041400311",283,1,78,3,"10:32 PM","9:03","Curry 16' Floating Jump Shot (15 PTS)",null,null,"57 - 62","5"],["0041400311",284,6,2,3,"10:32 PM","9:03",null,null,"Terry S.FOUL (P1.T1) (S.Wright)",null,null],["0041400311",285,3,10,3,"10:32 PM","9:03","MISS Curry Free Throw 1 of 1",null,null,null,null],["0041400311",287,4,0,3,"10:32 PM","9:02",null,null,"Howard REBOUND (Off:3 Def:9)",null,null],["0041400311",289,5,1,3,"10:33 PM","8:49","Barnes STEAL (1 STL)",null,"Terry Bad Pass Turnover (P1.T10)",null,null],["0041400311",290,5,40,3,"10:33 PM","8:46","Thompson Out of Bounds Lost Ball Turnover (P1.T6)",null,null,null,null],["0041400311",291,9,1,3,"10:33 PM","8:46",null,null,"Rockets Timeout: Regular (Reg.3 Short 1)",null,null],["0041400311",294,1,42,3,"10:36 PM","8:29",null,null,"Harden 2' Driving Layup (9 PTS) (Smith 4 AST)","59 - 62","3"],["0041400311",295,5,2,3,"10:37 PM","8:08","Barnes Lost Ball Turnover (P2.T7)",null,"Howard STEAL (1 STL)",null,null],["0041400311",296,1,79,3,"10:37 PM","8:03",null,null,"Terry 25' 3PT Pullup Jump Shot (5 PTS) (Ariza 1 AST)","62 - 62","TIE"],["0041400311",297,1,45,3,"10:37 PM","7:42","Curry 22' Jump Shot (17 PTS) (Green 5 AST)",null,null,"62 - 64","2"],["0041400311",298,6,1,3,"10:38 PM","7:21","Green P.FOUL (P2.T3) (S.Wright)",null,null,null,null],["0041400311",299,2,79,3,"10:38 PM","7:18",null,null,"MISS Smith 24' 3PT Pullup Jump Shot",null,null],["0041400311",300,4,0,3,"10:38 PM","7:17","Curry REBOUND (Off:0 Def:4)",null,null,null,null],["0041400311",301,1,79,3,"10:38 PM","7:03","Curry 24' 3PT Pullup Jump Shot (20 PTS) (Green 6 AST)",null,null,"62 - 67","5"],["0041400311",302,2,78,3,"10:38 PM","6:48",null,null,"MISS Terry 13' Floating Jump Shot",null,null],["0041400311",304,4,0,3,"10:38 PM","6:46",null,null,"Howard REBOUND (Off:4 Def:9)",null,null],["0041400311",303,2,4,3,"10:38 PM","6:46",null,null,"MISS Howard 1' Tip Shot",null,null],["0041400311",305,4,0,3,"10:39 PM","6:46","WARRIORS Rebound",null,null,null,null],["0041400311",306,2,5,3,"10:39 PM","6:36","MISS Bogut 1' Layup",null,null,null,null],["0041400311",307,4,0,3,"10:39 PM","6:35",null,null,"Harden REBOUND (Off:0 Def:6)",null,null],["0041400311",308,6,2,3,"10:39 PM","6:32","Barnes S.FOUL (P3.T4) (M.Davis)",null,null,null,null],["0041400311",309,3,11,3,"10:39 PM","6:32",null,null,"Ariza Free Throw 1 of 2 (13 PTS)","63 - 67","4"],["0041400311",311,8,0,3,"10:39 PM","6:32","SUB: Iguodala FOR Barnes",null,null,null,null],["0041400311",312,3,12,3,"10:40 PM","6:32",null,null,"Ariza Free Throw 2 of 2 (14 PTS)","64 - 67","3"],["0041400311",314,1,45,3,"10:40 PM","6:20","Green 16' Jump Shot (8 PTS) (Iguodala 2 AST)",null,null,"64 - 69","5"],["0041400311",315,1,79,3,"10:40 PM","5:58",null,null,"Harden  3PT Pullup Jump Shot (12 PTS) (Smith 5 AST)","67 - 69","2"],["0041400311",316,5,1,3,"10:41 PM","5:44","Green Bad Pass Turnover (P2.T8)",null,"Harden STEAL (3 STL)",null,null],["0041400311",317,2,46,3,"10:41 PM","5:38",null,null,"MISS Smith 4' Running Jump Shot",null,null],["0041400311",318,4,0,3,"10:41 PM","5:38",null,null,"Rockets Rebound",null,null],["0041400311",319,8,0,3,"10:41 PM","5:38",null,null,"SUB: Brewer FOR Ariza",null,null],["0041400311",320,8,0,3,"10:41 PM","5:38",null,null,"SUB: Jones FOR Smith",null,null],["0041400311",321,2,79,3,"10:41 PM","5:35",null,null,"MISS Brewer 17' Pullup Jump Shot",null,null],["0041400311",322,4,0,3,"10:41 PM","5:33","Curry REBOUND (Off:0 Def:5)",null,null,null,null],["0041400311",323,1,79,3,"10:41 PM","5:23","Thompson 16' Pullup Jump Shot (13 PTS) (Curry 5 AST)",null,null,"67 - 71","4"],["0041400311",324,6,1,3,"10:41 PM","5:14","Curry P.FOUL (P1.PN) (S.Wright)",null,null,null,null],["0041400311",325,3,11,3,"10:42 PM","5:14",null,null,"Terry Free Throw 1 of 2 (6 PTS)","68 - 71","3"],["0041400311",327,9,1,3,"10:42 PM","5:14","WARRIORS Timeout: Regular (Full 3 Short 1)",null,null,null,null],["0041400311",328,18,1,3,"10:43 PM","5:14",null,null,null,null,null],["0041400311",329,18,0,3,"10:44 PM","5:14",null,null,null,null,null],["0041400311",331,8,0,3,"10:45 PM","5:14","SUB: Ezeli FOR Bogut",null,null,null,null],["0041400311",332,3,12,3,"10:46 PM","5:14",null,null,"Terry Free Throw 2 of 2 (7 PTS)","69 - 71","2"],["0041400311",334,6,4,3,"10:46 PM","4:55","Ezeli OFF.Foul (P1) (M.Davis)",null,null,null,null],["0041400311",335,5,5,3,"10:46 PM","4:55","Ezeli Foul Turnover (P2.T9)",null,null,null,null],["0041400311",336,6,2,3,"10:47 PM","4:31","Thompson S.FOUL (P3.PN) (M.Davis)",null,null,null,null],["0041400311",337,3,11,3,"10:47 PM","4:31",null,null,"Harden Free Throw 1 of 2 (13 PTS)","70 - 71","1"],["0041400311",339,8,0,3,"10:47 PM","4:31","SUB: Livingston FOR Thompson",null,null,null,null],["0041400311",340,3,12,3,"10:47 PM","4:31",null,null,"Harden Free Throw 2 of 2 (14 PTS)","71 - 71","TIE"],["0041400311",342,6,2,3,"10:48 PM","4:22",null,null,"Brewer S.FOUL (P3.T2) (M.Davis)",null,null],["0041400311",343,3,11,3,"10:48 PM","4:22","MISS Green Free Throw 1 of 2",null,null,null,null],["0041400311",344,4,1,3,"10:48 PM","4:22","WARRIORS Rebound",null,null,null,null],["0041400311",345,3,12,3,"10:48 PM","4:22","Green Free Throw 2 of 2 (9 PTS)",null,null,"71 - 72","1"],["0041400311",347,2,1,3,"10:49 PM","4:05",null,null,"MISS Terry 11' Jump Shot",null,null],["0041400311",349,4,0,3,"10:49 PM","4:03",null,null,"Jones REBOUND (Off:1 Def:0)",null,null],["0041400311",348,2,4,3,"10:49 PM","4:03",null,null,"MISS Jones 1' Tip Shot",null,null],["0041400311",351,4,0,3,"10:49 PM","4:02",null,null,"Jones REBOUND (Off:2 Def:0)",null,null],["0041400311",350,2,4,3,"10:49 PM","4:02",null,null,"MISS Jones 1' Tip Shot",null,null],["0041400311",352,4,0,3,"10:49 PM","3:59","Green REBOUND (Off:2 Def:6)",null,null,null,null],["0041400311",353,1,79,3,"10:49 PM","3:55","Curry 24' 3PT Pullup Jump Shot (23 PTS) (Iguodala 3 AST)",null,null,"71 - 75","4"],["0041400311",354,2,80,3,"10:49 PM","3:31",null,null,"MISS Harden 20' Step Back Jump Shot",null,null],["0041400311",355,4,0,3,"10:49 PM","3:30","Livingston REBOUND (Off:1 Def:2)",null,null,null,null],["0041400311",356,5,1,3,"10:49 PM","3:25","Livingston Bad Pass Turnover (P2.T10)",null,"Harden STEAL (4 STL)",null,null],["0041400311",357,6,2,3,"10:50 PM","3:05","Iguodala S.FOUL (P2.PN) (S.Wright)",null,null,null,null],["0041400311",358,3,11,3,"10:50 PM","3:05",null,null,"MISS Jones Free Throw 1 of 2",null,null],["0041400311",359,4,1,3,"10:50 PM","3:05",null,null,"Rockets Rebound",null,null],["0041400311",360,8,0,3,"10:50 PM","3:05",null,null,"SUB: Ariza FOR Harden",null,null],["0041400311",361,8,0,3,"10:50 PM","3:05",null,null,"SUB: Capela FOR Howard",null,null],["0041400311",362,3,12,3,"10:50 PM","3:05",null,null,"MISS Jones Free Throw 2 of 2",null,null],["0041400311",364,4,0,3,"10:51 PM","3:03","Ezeli REBOUND (Off:1 Def:2)",null,null,null,null],["0041400311",490,2,79,3,"10:51 PM","2:54","MISS Curry 26' 3PT Pullup Jump Shot",null,null,null,null],["0041400311",491,4,0,3,"10:51 PM","2:52","WARRIORS Rebound",null,null,null,null],["0041400311",365,6,3,3,"10:51 PM","2:52",null,null,"Terry L.B.FOUL (P2.T3) (M.Davis)",null,null],["0041400311",366,8,0,3,"10:51 PM","2:52",null,null,"SUB: Prigioni FOR Terry",null,null],["0041400311",367,2,79,3,"10:52 PM","2:42","MISS Curry  3PT Pullup Jump Shot",null,null,null,null],["0041400311",368,4,0,3,"10:52 PM","2:41","Ezeli REBOUND (Off:2 Def:2)",null,null,null,null],["0041400311",369,1,85,3,"10:52 PM","2:40","Ezeli 5' Turnaround Bank Shot (4 PTS)",null,null,"71 - 77","6"],["0041400311",370,1,79,3,"10:52 PM","2:21",null,null,"Ariza 24' 3PT Pullup Jump Shot (17 PTS) (Prigioni 4 AST)","74 - 77","3"],["0041400311",371,2,1,3,"10:52 PM","2:00","MISS Curry 29' 3PT Jump Shot",null,null,null,null],["0041400311",372,4,0,3,"10:52 PM","1:58",null,null,"Brewer REBOUND (Off:0 Def:1)",null,null],["0041400311",373,2,47,3,"10:53 PM","1:42",null,null,"MISS Brewer 4' Turnaround Jump Shot",null,null],["0041400311",374,4,0,3,"10:53 PM","1:41","Green REBOUND (Off:2 Def:7)",null,null,null,null],["0041400311",375,6,1,3,"10:53 PM","1:39",null,null,"Prigioni P.FOUL (P1.T4) (M.Davis)",null,null],["0041400311",376,8,0,3,"10:53 PM","1:39","SUB: Barbosa FOR Curry",null,null,null,null],["0041400311",377,1,79,3,"10:53 PM","1:31","Barbosa 24' 3PT Pullup Jump Shot (4 PTS) (Green 7 AST)",null,null,"74 - 80","6"],["0041400311",378,2,1,3,"10:53 PM","1:13","Ezeli BLOCK (1 BLK)",null,"MISS Jones 5' Jump Shot",null,null],["0041400311",379,4,0,3,"10:53 PM","1:12",null,null,"Jones REBOUND (Off:3 Def:0)",null,null],["0041400311",380,2,5,3,"10:53 PM","1:10",null,null,"MISS Jones 3' Layup",null,null],["0041400311",381,4,0,3,"10:54 PM","1:09","Green REBOUND (Off:2 Def:8)",null,null,null,null],["0041400311",382,6,1,3,"10:54 PM","1:06",null,null,"Brewer P.FOUL (P4.PN) (S.Wright)",null,null],["0041400311",383,3,11,3,"10:54 PM","1:06","MISS Ezeli Free Throw 1 of 2",null,null,null,null],["0041400311",384,4,1,3,"10:54 PM","1:06","WARRIORS Rebound",null,null,null,null],["0041400311",385,8,0,3,"10:54 PM","1:06",null,null,"SUB: Harden FOR Jones",null,null],["0041400311",386,3,12,3,"10:54 PM","1:06","Ezeli Free Throw 2 of 2 (5 PTS)",null,null,"74 - 81","7"],["0041400311",388,6,28,3,"10:55 PM","1:05","Barbosa Personal Take Foul (P1.PN) (M.Davis)",null,null,null,null],["0041400311",389,3,11,3,"10:55 PM","1:05",null,null,"MISS Capela Free Throw 1 of 2",null,null],["0041400311",390,4,1,3,"10:55 PM","1:05",null,null,"Rockets Rebound",null,null],["0041400311",391,8,0,3,"10:55 PM","1:05","SUB: Barnes FOR Green",null,null,null,null],["0041400311",392,3,12,3,"10:55 PM","1:05",null,null,"Capela Free Throw 2 of 2 (7 PTS)","75 - 81","6"],["0041400311",394,1,88,3,"10:56 PM","0:43","Barnes  Driving Slam Dunk (7 PTS) (Ezeli 1 AST)",null,null,"75 - 83","8"],["0041400311",395,1,42,3,"10:56 PM","0:34",null,null,"Harden 1' Driving Layup (16 PTS)","77 - 83","6"],["0041400311",396,2,63,3,"10:56 PM","0:22","MISS Iguodala 10' Fadeaway Jumper",null,null,null,null],["0041400311",397,4,0,3,"10:56 PM","0:22","WARRIORS Rebound",null,null,null,null],["0041400311",398,6,3,3,"10:56 PM","0:22",null,null,"Capela L.B.FOUL (P1.PN) (D.Crawford)",null,null],["0041400311",399,3,11,3,"10:57 PM","0:22","MISS Ezeli Free Throw 1 of 2",null,null,null,null],["0041400311",400,4,1,3,"10:57 PM","0:22","WARRIORS Rebound",null,null,null,null],["0041400311",401,8,0,3,"10:57 PM","0:22",null,null,"SUB: Jones FOR Capela",null,null],["0041400311",402,8,0,3,"10:57 PM","0:22","SUB: Green FOR Barnes",null,null,null,null],["0041400311",403,3,12,3,"10:57 PM","0:22","Ezeli Free Throw 2 of 2 (6 PTS)",null,null,"77 - 84","7"],["0041400311",405,1,56,3,"10:58 PM","0:01",null,null,"Harden 3' Running Hook Shot (18 PTS)","79 - 84","5"],["0041400311",406,18,0,3,"10:58 PM","0:00",null,null,null,null,null],["0041400311",407,13,0,3,"10:58 PM","0:00",null,null,null,"79 - 84","5"],["0041400311",409,12,0,4,"11:02 PM","12:00",null,null,null,"79 - 84","5"],["0041400311",410,2,1,4,"11:02 PM","11:41",null,null,"MISS Jones 25' 3PT Jump Shot",null,null],["0041400311",411,4,0,4,"11:02 PM","11:39","Livingston REBOUND (Off:1 Def:3)",null,null,null,null],["0041400311",412,2,5,4,"11:02 PM","11:28","MISS Barbosa 2' Layup",null,"Howard BLOCK (1 BLK)",null,null],["0041400311",413,4,0,4,"11:02 PM","11:27","Barbosa REBOUND (Off:1 Def:1)",null,null,null,null],["0041400311",421,2,66,4,"11:03 PM","11:20","MISS Barbosa 4' Jump Bank Shot",null,null,null,null],["0041400311",422,4,0,4,"11:03 PM","11:18","Bogut REBOUND (Off:2 Def:2)",null,null,null,null],["0041400311",414,2,4,4,"11:03 PM","11:18","MISS Bogut 3' Tip Shot",null,null,null,null],["0041400311",415,4,0,4,"11:03 PM","11:17",null,null,"Harden REBOUND (Off:0 Def:7)",null,null],["0041400311",416,6,1,4,"11:03 PM","11:09","Iguodala P.FOUL (P3.T1) (S.Wright)",null,null,null,null],["0041400311",417,8,0,4,"11:03 PM","11:09",null,null,"SUB: Capela FOR Howard",null,null],["0041400311",418,2,1,4,"11:03 PM","11:01",null,null,"MISS Harden 18' Jump Shot",null,null],["0041400311",419,4,0,4,"11:03 PM","11:00",null,null,"Harden REBOUND (Off:1 Def:7)",null,null],["0041400311",420,5,40,4,"11:04 PM","10:59",null,null,"Harden Out of Bounds Lost Ball Turnover (P2.T11)",null,null],["0041400311",423,2,1,4,"11:04 PM","10:40","MISS Bogut 11' Jump Shot",null,null,null,null],["0041400311",425,4,0,4,"11:04 PM","10:39","Barbosa REBOUND (Off:2 Def:1)",null,null,null,null],["0041400311",535,2,53,4,"11:04 PM","10:39","MISS Barbosa 1' Tip Shot",null,null,null,null],["0041400311",536,4,0,4,"11:04 PM","10:38","Livingston REBOUND (Off:2 Def:3)",null,null,null,null],["0041400311",424,1,4,4,"11:04 PM","10:37","Livingston 2' Tip Shot (18 PTS)",null,null,"79 - 86","7"],["0041400311",426,2,1,4,"11:05 PM","10:14",null,null,"MISS Brewer 26' 3PT Jump Shot",null,null],["0041400311",428,4,0,4,"11:05 PM","10:12",null,null,"Harden REBOUND (Off:2 Def:7)",null,null],["0041400311",427,2,5,4,"11:05 PM","10:12",null,null,"MISS Harden  Layup",null,null],["0041400311",430,4,0,4,"11:05 PM","10:10",null,null,"Capela REBOUND (Off:1 Def:3)",null,null],["0041400311",429,1,72,4,"11:05 PM","10:10",null,null,"Capela 1' Putback Layup (9 PTS)","81 - 86","5"],["0041400311",431,2,5,4,"11:05 PM","9:56","MISS Livingston 1' Layup",null,null,null,null],["0041400311",432,4,0,4,"11:05 PM","9:55",null,null,"Harden REBOUND (Off:2 Def:8)",null,null],["0041400311",433,1,42,4,"11:05 PM","9:49",null,null,"Brewer 2' Driving Layup (7 PTS) (Harden 8 AST)","83 - 86","3"],["0041400311",434,9,1,4,"11:05 PM","9:35","WARRIORS Timeout: Regular (Full 4 Short 1)",null,null,null,null],["0041400311",435,8,0,4,"11:08 PM","9:35","SUB: Barnes FOR Bogut",null,null,null,null],["0041400311",436,8,0,4,"11:08 PM","9:35","SUB: Thompson FOR Livingston",null,null,null,null],["0041400311",437,8,0,4,"11:08 PM","9:35","SUB: Curry FOR Barbosa",null,null,null,null],["0041400311",438,1,42,4,"11:09 PM","9:23","Green 2' Driving Layup (11 PTS)",null,null,"83 - 88","5"],["0041400311",439,1,80,4,"11:09 PM","9:07",null,null,"Harden 16' Step Back Jump Shot (20 PTS)","85 - 88","3"],["0041400311",440,1,42,4,"11:09 PM","8:54","Green 2' Driving Layup (13 PTS)",null,null,"85 - 90","5"],["0041400311",441,1,80,4,"11:10 PM","8:43",null,null,"Harden 9' Step Back Jump Shot (22 PTS)","87 - 90","3"],["0041400311",442,6,2,4,"11:10 PM","8:29",null,null,"Harden S.FOUL (P3.T1) (S.Wright)",null,null],["0041400311",443,3,11,4,"11:10 PM","8:29","MISS Iguodala Free Throw 1 of 2",null,null,null,null],["0041400311",444,4,1,4,"11:10 PM","8:29","WARRIORS Rebound",null,null,null,null],["0041400311",445,8,0,4,"11:10 PM","8:29",null,null,"SUB: Ariza FOR Capela",null,null],["0041400311",446,8,0,4,"11:11 PM","8:29",null,null,"SUB: Smith FOR Prigioni",null,null],["0041400311",447,3,12,4,"11:11 PM","8:29","MISS Iguodala Free Throw 2 of 2",null,null,null,null],["0041400311",449,4,0,4,"11:11 PM","8:28",null,null,"Ariza REBOUND (Off:1 Def:2)",null,null],["0041400311",450,1,80,4,"11:11 PM","8:09",null,null,"Harden 16' Step Back Jump Shot (24 PTS)","89 - 90","1"],["0041400311",451,1,79,4,"11:11 PM","7:51","Barnes 25' 3PT Pullup Jump Shot (10 PTS) (Iguodala 4 AST)",null,null,"89 - 93","4"],["0041400311",452,6,1,4,"11:12 PM","7:43","Thompson P.FOUL (P4.T2) (S.Wright)",null,null,null,null],["0041400311",453,8,0,4,"11:12 PM","7:43","SUB: Livingston FOR Iguodala",null,null,null,null],["0041400311",454,2,65,4,"11:12 PM","7:29",null,null,"MISS Smith 8' Jump Hook Shot",null,null],["0041400311",455,4,0,4,"11:12 PM","7:28","Livingston REBOUND (Off:2 Def:4)",null,null,null,null],["0041400311",456,2,71,4,"11:12 PM","7:18","MISS Thompson 3' Finger Roll Layup",null,null,null,null],["0041400311",457,4,0,4,"11:12 PM","7:17",null,null,"Jones REBOUND (Off:3 Def:1)",null,null],["0041400311",458,6,2,4,"11:13 PM","7:09","Curry S.FOUL (P2.T3) (D.Crawford)",null,null,null,null],["0041400311",459,3,11,4,"11:13 PM","7:09",null,null,"MISS Smith Free Throw 1 of 2",null,null],["0041400311",460,4,1,4,"11:13 PM","7:09",null,null,"Rockets Rebound",null,null],["0041400311",461,3,12,4,"11:13 PM","7:09",null,null,"Smith Free Throw 2 of 2 (10 PTS)","90 - 93","3"],["0041400311",463,2,80,4,"11:14 PM","6:47","MISS Barnes 17' Step Back Jump Shot",null,null,null,null],["0041400311",464,4,0,4,"11:14 PM","6:46",null,null,"Smith REBOUND (Off:1 Def:5)",null,null],["0041400311",465,1,46,4,"11:14 PM","6:35",null,null,"Harden 4' Running Jump Shot (26 PTS)","92 - 93","1"],["0041400311",466,6,2,4,"11:14 PM","6:21",null,null,"Brewer S.FOUL (P5.T2) (D.Crawford)",null,null],["0041400311",467,3,11,4,"11:14 PM","6:21","Thompson Free Throw 1 of 2 (14 PTS)",null,null,"92 - 94","2"],["0041400311",469,3,12,4,"11:14 PM","6:21","Thompson Free Throw 2 of 2 (15 PTS)",null,null,"92 - 95","3"],["0041400311",471,1,79,4,"11:15 PM","6:05",null,null,"Smith 25' 3PT Pullup Jump Shot (13 PTS) (Ariza 2 AST)","95 - 95","TIE"],["0041400311",472,1,42,4,"11:15 PM","5:53","Curry 2' Driving Layup (25 PTS)",null,null,"95 - 97","2"],["0041400311",473,1,80,4,"11:16 PM","5:28",null,null,"Harden 18' Step Back Jump Shot (28 PTS)","97 - 97","TIE"],["0041400311",475,9,4,4,"11:16 PM","5:14",null,null,null,null,null],["0041400311",476,1,8,4,"11:19 PM","5:11","Barnes  Slam Dunk (12 PTS) (Thompson 4 AST)",null,null,"97 - 99","2"],["0041400311",477,5,1,4,"11:20 PM","4:51",null,null,"Smith Bad Pass Turnover (P3.T12)",null,null],["0041400311",479,2,1,4,"11:20 PM","4:31","MISS Green 27' 3PT Jump Shot",null,null,null,null],["0041400311",481,4,0,4,"11:20 PM","4:30",null,null,"Harden REBOUND (Off:2 Def:9)",null,null],["0041400311",482,5,1,4,"11:20 PM","4:13","Barnes STEAL (2 STL)",null,"Harden Bad Pass Turnover (P3.T13)",null,null],["0041400311",483,2,74,4,"11:20 PM","4:08","MISS Curry 3' Running Reverse Layup",null,null,null,null],["0041400311",485,4,0,4,"11:20 PM","4:08","Barnes REBOUND (Off:1 Def:0)",null,null,null,null],["0041400311",484,1,87,4,"11:20 PM","4:06","Barnes  Putback Dunk (14 PTS)",null,null,"97 - 101","4"],["0041400311",486,2,1,4,"11:21 PM","3:43",null,null,"MISS Smith 25' 3PT Jump Shot",null,null],["0041400311",487,4,0,4,"11:21 PM","3:42","Livingston REBOUND (Off:2 Def:5)",null,null,null,null],["0041400311",488,1,40,4,"11:21 PM","3:35","Curry 3' Layup (27 PTS) (Livingston 3 AST)",null,null,"97 - 103","6"],["0041400311",489,9,1,4,"11:21 PM","3:35",null,null,"Rockets Timeout: Regular (Reg.4 Short 1)",null,null],["0041400311",493,18,0,4,"11:23 PM","3:35",null,null,null,null,null],["0041400311",496,2,1,4,"11:25 PM","3:15","Green BLOCK (1 BLK)",null,"MISS Jones 4' Jump Shot",null,null],["0041400311",497,4,0,4,"11:25 PM","3:14","Curry REBOUND (Off:0 Def:6)",null,null,null,null],["0041400311",498,1,79,4,"11:25 PM","3:08","Curry 26' 3PT Pullup Jump Shot (30 PTS)",null,null,"97 - 106","9"],["0041400311",499,5,1,4,"11:25 PM","2:54","Curry STEAL (2 STL)",null,"Harden Bad Pass Turnover (P4.T14)",null,null],["0041400311",500,2,1,4,"11:25 PM","2:47","MISS Thompson 24' 3PT Jump Shot",null,null,null,null],["0041400311",501,4,0,4,"11:25 PM","2:45",null,null,"Brewer REBOUND (Off:0 Def:2)",null,null],["0041400311",502,6,1,4,"11:25 PM","2:44","Curry P.FOUL (P3.T4) (D.Crawford)",null,null,null,null],["0041400311",503,8,0,4,"11:26 PM","2:44",null,null,"SUB: Terry FOR Jones",null,null],["0041400311",504,5,40,4,"11:26 PM","2:23",null,null,"Ariza Out of Bounds Lost Ball Turnover (P1.T15)",null,null],["0041400311",505,9,1,4,"11:27 PM","2:11","WARRIORS Timeout: Regular (Full 5 Short 1)",null,null,null,null],["0041400311",506,1,40,4,"11:29 PM","2:01","Curry 2' Layup (32 PTS) (Green 8 AST)",null,null,"97 - 108","11"],["0041400311",507,1,41,4,"11:29 PM","1:51",null,null,"Smith 2' Running Layup (15 PTS) (Harden 9 AST)","99 - 108","9"],["0041400311",508,5,1,4,"11:29 PM","1:36","Thompson Bad Pass Turnover (P2.T11)",null,"Ariza STEAL (1 STL)",null,null],["0041400311",509,6,1,4,"11:29 PM","1:32","Thompson P.FOUL (P5.PN) (S.Wright)",null,null,null,null],["0041400311",510,3,11,4,"11:30 PM","1:32",null,null,"Smith Free Throw 1 of 2 (16 PTS)","100 - 108","8"],["0041400311",512,3,12,4,"11:30 PM","1:32",null,null,"Smith Free Throw 2 of 2 (17 PTS)","101 - 108","7"],["0041400311",514,2,5,4,"11:30 PM","1:12","MISS Curry 2' Layup",null,null,null,null],["0041400311",515,4,0,4,"11:30 PM","1:11",null,null,"Smith REBOUND (Off:1 Def:6)",null,null],["0041400311",516,6,1,4,"11:31 PM","1:11","Livingston P.FOUL (P2.PN) (M.Davis)",null,null,null,null],["0041400311",517,3,11,4,"11:31 PM","1:11",null,null,"Brewer Free Throw 1 of 2 (8 PTS)","102 - 108","6"],["0041400311",519,3,12,4,"11:31 PM","1:11",null,null,"Brewer Free Throw 2 of 2 (9 PTS)","103 - 108","5"],["0041400311",521,2,1,4,"11:32 PM","0:47","MISS Thompson 28' 3PT Jump Shot",null,null,null,null],["0041400311",522,4,0,4,"11:32 PM","0:47","WARRIORS Rebound",null,null,null,null],["0041400311",523,5,11,4,"11:32 PM","0:47","WARRIORS Turnover: Shot Clock (T#12)",null,null,null,null],["0041400311",524,9,1,4,"11:32 PM","0:47",null,null,"Rockets Timeout: Regular (Reg.5 Short 1)",null,null],["0041400311",526,8,0,4,"11:33 PM","0:47","SUB: Iguodala FOR Livingston",null,null,null,null],["0041400311",527,5,1,4,"11:34 PM","0:42",null,null,"Harden Bad Pass Turnover (P5.T16)",null,null],["0041400311",528,2,5,4,"11:34 PM","0:23","MISS Green 3' Layup",null,null,null,null],["0041400311",530,4,0,4,"11:34 PM","0:22","Green REBOUND (Off:3 Def:8)",null,null,null,null],["0041400311",529,2,4,4,"11:34 PM","0:22","MISS Green 2' Tip Shot",null,null,null,null],["0041400311",531,4,0,4,"11:34 PM","0:21","Green REBOUND (Off:4 Def:8)",null,null,null,null],["0041400311",532,5,1,4,"11:34 PM","0:18","Green Bad Pass Turnover (P3.T13)",null,"Ariza STEAL (2 STL)",null,null],["0041400311",533,1,79,4,"11:34 PM","0:16",null,null,"Ariza  3PT Pullup Jump Shot (20 PTS) (Terry 3 AST)","106 - 108","2"],["0041400311",534,9,1,4,"11:35 PM","0:14","WARRIORS Timeout: Regular (Full 6 Short 1)",null,null,null,null],["0041400311",537,8,0,4,"11:36 PM","0:14","SUB: Livingston FOR Iguodala",null,null,null,null],["0041400311",538,6,1,4,"11:36 PM","0:12",null,null,"Terry P.FOUL (P3.T3) (D.Crawford)",null,null],["0041400311",539,6,1,4,"11:37 PM","0:11",null,null,"Harden P.FOUL (P4.PN) (D.Crawford)",null,null],["0041400311",541,3,11,4,"11:37 PM","0:11","Curry Free Throw 1 of 2 (33 PTS)",null,null,"106 - 109","3"],["0041400311",543,3,12,4,"11:37 PM","0:11","Curry Free Throw 2 of 2 (34 PTS)",null,null,"106 - 110","4"],["0041400311",545,9,2,4,"11:38 PM","0:11",null,null,"Rockets Timeout: Short (Reg.5 Short 2)",null,null],["0041400311",546,8,0,4,"11:39 PM","0:11","SUB: Iguodala FOR Livingston",null,null,null,null],["0041400311",547,2,79,4,"11:39 PM","0:04",null,null,"MISS Harden 27' 3PT Pullup Jump Shot",null,null],["0041400311",548,4,0,4,"11:39 PM","0:02",null,null,"Terry REBOUND (Off:2 Def:0)",null,null],["0041400311",549,2,1,4,"11:39 PM","0:01",null,null,"MISS Terry 17' Jump Shot",null,null],["0041400311",550,4,0,4,"11:39 PM","0:00",null,null,"Rockets Rebound",null,null],["0041400311",551,13,0,4,"11:39 PM","0:00",null,null,null,"106 - 110","4"]]},{"name":"AvailableVideo","headers":["VIDEO_AVAILABLE_FLAG"],"rowSet":[[1]]}]}