{"resource":"playbyplay","parameters":{"GameID":"0041400206","StartPeriod":0,"EndPeriod":14},"resultSets":[{"name":"PlayByPlay","headers":["GAME_ID","EVENTNUM","EVENTMSGTYPE","EVENTMSGACTIONTYPE","PERIOD","WCTIMESTRING","PCTIMESTRING","HOMEDESCRIPTION","NEUTRALDESCRIPTION","VISITORDESCRIPTION","SCORE","SCOREMARGIN"],"rowSet":[["0041400206",0,12,0,1,"7:11 PM","12:00",null,null,null,null,null],["0041400206",1,10,0,1,"7:11 PM","12:00","Jump Ball Gortat vs. Horford: Tip to Pierce",null,null,null,null],["0041400206",2,2,1,1,"7:11 PM","11:36","MISS Nene 12' Jump Shot",null,null,null,null],["0041400206",3,4,0,1,"7:11 PM","11:35",null,null,"Horford REBOUND (Off:0 Def:1)",null,null],["0041400206",4,1,79,1,"7:11 PM","11:25",null,null,"Carroll 16' Pullup Jump Shot (2 PTS) (Teague 1 AST)","2 - 0","-2"],["0041400206",5,2,1,1,"7:11 PM","11:11","MISS Beal 4' Jump Shot",null,null,null,null],["0041400206",6,4,0,1,"7:11 PM","11:10","Gortat REBOUND (Off:1 Def:0)",null,null,null,null],["0041400206",7,1,67,1,"7:12 PM","11:01","Gortat 3' Hook Bank Shot (2 PTS) (Wall 1 AST)",null,null,"2 - 2","TIE"],["0041400206",8,1,5,1,"7:12 PM","10:43",null,null,"Korver 1' Layup (2 PTS) (Horford 1 AST)","4 - 2","-2"],["0041400206",9,6,2,1,"7:12 PM","10:43","Pierce S.FOUL (P1.T1) (D.Stafford)",null,null,null,null],["0041400206",10,3,10,1,"7:12 PM","10:43",null,null,"MISS Korver Free Throw 1 of 1",null,null],["0041400206",12,4,0,1,"7:12 PM","10:42","Gortat REBOUND (Off:1 Def:1)",null,null,null,null],["0041400206",13,2,1,1,"7:12 PM","10:29","MISS Pierce 12' Jump Shot",null,null,null,null],["0041400206",14,4,0,1,"7:13 PM","10:28","Nene REBOUND (Off:1 Def:0)",null,null,null,null],["0041400206",15,2,1,1,"7:13 PM","10:25","MISS Nene 4' Jump Shot",null,null,null,null],["0041400206",16,4,0,1,"7:13 PM","10:24",null,null,"Millsap REBOUND (Off:0 Def:1)",null,null],["0041400206",17,5,1,1,"7:13 PM","10:19",null,null,"Horford Bad Pass Turnover (P1.T1)",null,null],["0041400206",19,1,1,1,"7:13 PM","10:10","Beal 26' 3PT Jump Shot (3 PTS) (Wall 2 AST)",null,null,"4 - 5","1"],["0041400206",20,1,1,1,"7:13 PM","9:47",null,null,"Teague 17' Jump Shot (2 PTS)","6 - 5","-1"],["0041400206",21,6,10,1,"7:14 PM","9:46",null,null,null,null,null],["0041400206",24,5,39,1,"7:14 PM","9:31","Wall Step Out of Bounds Turnover (P1.T1)",null,null,null,null],["0041400206",25,2,1,1,"7:14 PM","9:18",null,null,"MISS Millsap 7' Jump Shot",null,null],["0041400206",26,4,0,1,"7:14 PM","9:17","WIZARDS Rebound",null,null,null,null],["0041400206",27,2,1,1,"7:15 PM","9:09","MISS Beal 28' 3PT Jump Shot",null,null,null,null],["0041400206",28,4,0,1,"7:15 PM","9:08",null,null,"Millsap REBOUND (Off:0 Def:2)",null,null],["0041400206",29,2,1,1,"7:15 PM","8:59",null,null,"MISS Korver 25' 3PT Jump Shot",null,null],["0041400206",30,4,0,1,"7:15 PM","8:58","Nene REBOUND (Off:1 Def:1)",null,null,null,null],["0041400206",31,2,1,1,"7:15 PM","8:44","MISS Wall 7' Jump Shot",null,null,null,null],["0041400206",32,4,0,1,"7:15 PM","8:43",null,null,"Horford REBOUND (Off:0 Def:2)",null,null],["0041400206",33,6,4,1,"7:15 PM","8:27",null,null,"Carroll OFF.Foul (P1) (M.McCutchen)",null,null],["0041400206",34,5,5,1,"7:15 PM","8:27",null,null,"Carroll Foul Turnover (P1.T2)",null,null],["0041400206",36,2,1,1,"7:16 PM","8:15","MISS Gortat 16' Jump Shot",null,null,null,null],["0041400206",37,4,0,1,"7:16 PM","8:14",null,null,"Carroll REBOUND (Off:0 Def:1)",null,null],["0041400206",38,1,1,1,"7:16 PM","8:03",null,null,"Carroll 26' 3PT Jump Shot (5 PTS)","9 - 5","-4"],["0041400206",39,2,1,1,"7:16 PM","7:47","MISS Beal 9' Jump Shot",null,null,null,null],["0041400206",40,4,0,1,"7:16 PM","7:46",null,null,"Horford REBOUND (Off:0 Def:3)",null,null],["0041400206",41,2,5,1,"7:16 PM","7:34",null,null,"MISS Teague 1' Layup",null,null],["0041400206",42,4,0,1,"7:16 PM","7:33",null,null,"Teague REBOUND (Off:1 Def:0)",null,null],["0041400206",43,2,1,1,"7:17 PM","7:24",null,null,"MISS Korver 27' 3PT Jump Shot",null,null],["0041400206",44,4,0,1,"7:17 PM","7:24",null,null,"Millsap REBOUND (Off:1 Def:2)",null,null],["0041400206",45,1,72,1,"7:17 PM","7:24",null,null,"Millsap 2' Putback Layup (2 PTS)","11 - 5","-6"],["0041400206",46,6,2,1,"7:17 PM","7:24","Gortat S.FOUL (P1.T2) (J.Capers)",null,null,null,null],["0041400206",47,3,10,1,"7:17 PM","7:24",null,null,"Millsap Free Throw 1 of 1 (3 PTS)","12 - 5","-7"],["0041400206",49,2,1,1,"7:17 PM","7:01","MISS Nene 15' Jump Shot",null,null,null,null],["0041400206",50,4,0,1,"7:18 PM","7:00",null,null,"Korver REBOUND (Off:0 Def:1)",null,null],["0041400206",51,2,1,1,"7:18 PM","6:41",null,null,"MISS Millsap 14' Jump Shot",null,null],["0041400206",52,4,0,1,"7:18 PM","6:40","Wall REBOUND (Off:0 Def:1)",null,null,null,null],["0041400206",53,2,1,1,"7:18 PM","6:30","MISS Pierce 15' Jump Shot",null,null,null,null],["0041400206",54,4,0,1,"7:18 PM","6:29",null,null,"Horford REBOUND (Off:0 Def:4)",null,null],["0041400206",55,2,1,1,"7:18 PM","6:17","Pierce BLOCK (1 BLK)",null,"MISS Carroll 8' Jump Shot",null,null],["0041400206",56,4,0,1,"7:18 PM","6:17",null,null,"Hawks Rebound",null,null],["0041400206",57,8,0,1,"7:19 PM","6:17",null,null,"SUB: Antic FOR Horford",null,null],["0041400206",59,2,1,1,"7:19 PM","6:11",null,null,"MISS Antic 25' 3PT Jump Shot",null,null],["0041400206",60,4,0,1,"7:19 PM","6:10","Wall REBOUND (Off:0 Def:2)",null,null,null,null],["0041400206",61,1,42,1,"7:19 PM","5:58","Nene 3' Driving Layup (2 PTS)",null,null,"12 - 7","-5"],["0041400206",62,2,1,1,"7:19 PM","5:40",null,null,"MISS Teague 4' Jump Shot",null,null],["0041400206",63,4,0,1,"7:19 PM","5:39",null,null,"Antic REBOUND (Off:1 Def:0)",null,null],["0041400206",64,2,5,1,"7:19 PM","5:38",null,null,"MISS Antic 1' Layup",null,null],["0041400206",65,4,0,1,"7:19 PM","5:36",null,null,"Antic REBOUND (Off:2 Def:0)",null,null],["0041400206",66,2,5,1,"7:19 PM","5:35",null,null,"MISS Antic 2' Layup",null,null],["0041400206",67,4,0,1,"7:19 PM","5:34",null,null,"Antic REBOUND (Off:3 Def:0)",null,null],["0041400206",68,2,1,1,"7:19 PM","5:28",null,null,"MISS Carroll 27' 3PT Jump Shot",null,null],["0041400206",69,4,0,1,"7:20 PM","5:27","WIZARDS Rebound",null,null,null,null],["0041400206",70,9,1,1,"7:20 PM","5:27","WIZARDS Timeout: Regular (Full 1 Short 0)",null,null,null,null],["0041400206",71,8,0,1,"7:22 PM","5:27",null,null,"SUB: Bazemore FOR Korver",null,null],["0041400206",72,5,1,1,"7:23 PM","5:25","Wall Bad Pass Turnover (P2.T2)",null,"Teague STEAL (1 STL)",null,null],["0041400206",73,2,5,1,"7:23 PM","5:09",null,null,"MISS Millsap 2' Layup",null,null],["0041400206",74,4,0,1,"7:23 PM","5:09","Pierce REBOUND (Off:0 Def:1)",null,null,null,null],["0041400206",75,6,3,1,"7:23 PM","5:09",null,null,"Antic L.B.FOUL (P1.T1) (J.Capers)",null,null],["0041400206",76,2,1,1,"7:24 PM","4:43","MISS Pierce 27' 3PT Jump Shot",null,null,null,null],["0041400206",77,4,0,1,"7:24 PM","4:42","Gortat REBOUND (Off:2 Def:1)",null,null,null,null],["0041400206",78,2,5,1,"7:24 PM","4:41","MISS Gortat 3' Layup",null,null,null,null],["0041400206",79,4,0,1,"7:24 PM","4:40","Wall REBOUND (Off:1 Def:2)",null,null,null,null],["0041400206",80,2,1,1,"7:24 PM","4:39","MISS Wall 9' Jump Shot",null,null,null,null],["0041400206",81,4,0,1,"7:24 PM","4:39",null,null,"Hawks Rebound",null,null],["0041400206",82,6,3,1,"7:24 PM","4:39","Nene L.B.FOUL (P2.T3) (J.Capers)",null,null,null,null],["0041400206",83,8,0,1,"7:24 PM","4:39","SUB: Gooden FOR Pierce",null,null,null,null],["0041400206",84,8,0,1,"7:24 PM","4:39","SUB: Porter FOR Nene",null,null,null,null],["0041400206",86,8,0,1,"7:24 PM","4:39",null,null,"SUB: Schroder FOR Teague",null,null],["0041400206",85,1,1,1,"7:25 PM","4:22",null,null,"Millsap 6' Jump Shot (5 PTS) (Schroder 1 AST)","14 - 7","-7"],["0041400206",87,5,2,1,"7:25 PM","3:54","Gortat Lost Ball Turnover (P1.T3)",null,"Carroll STEAL (1 STL)",null,null],["0041400206",88,6,2,1,"7:25 PM","3:51","Porter S.FOUL (P1.T4) (M.McCutchen)",null,null,null,null],["0041400206",89,3,11,1,"7:25 PM","3:51",null,null,"Carroll Free Throw 1 of 2 (6 PTS)","15 - 7","-8"],["0041400206",91,8,0,1,"7:26 PM","3:51","SUB: Seraphin FOR Gortat",null,null,null,null],["0041400206",92,3,12,1,"7:26 PM","3:51",null,null,"MISS Carroll Free Throw 2 of 2",null,null],["0041400206",94,4,0,1,"7:26 PM","3:50","Gooden REBOUND (Off:0 Def:1)",null,null,null,null],["0041400206",96,1,78,1,"7:26 PM","3:32","Beal 8' Floating Jump Shot (5 PTS)",null,null,"15 - 9","-6"],["0041400206",97,2,1,1,"7:27 PM","3:15",null,null,"MISS Schroder 26' 3PT Jump Shot",null,null],["0041400206",98,4,0,1,"7:27 PM","3:14","Porter REBOUND (Off:0 Def:1)",null,null,null,null],["0041400206",99,1,5,1,"7:27 PM","3:04","Porter 1' Layup (2 PTS) (Wall 3 AST)",null,null,"15 - 11","-4"],["0041400206",100,9,1,1,"7:27 PM","3:03",null,null,"Hawks Timeout: Regular (Reg.1 Short 0)",null,null],["0041400206",102,8,0,1,"7:30 PM","3:03",null,null,"SUB: Korver FOR Carroll",null,null],["0041400206",103,8,0,1,"7:30 PM","3:03",null,null,"SUB: Muscala FOR Millsap",null,null],["0041400206",104,8,0,1,"7:30 PM","3:03",null,null,"SUB: Horford FOR Antic",null,null],["0041400206",105,2,1,1,"7:30 PM","2:51","Seraphin BLOCK (1 BLK)",null,"MISS Schroder 4' Jump Shot",null,null],["0041400206",106,4,0,1,"7:30 PM","2:49",null,null,"Muscala REBOUND (Off:1 Def:0)",null,null],["0041400206",107,2,1,1,"7:30 PM","2:41",null,null,"MISS Bazemore 10' Jump Shot",null,null],["0041400206",108,4,0,1,"7:30 PM","2:40",null,null,"Muscala REBOUND (Off:2 Def:0)",null,null],["0041400206",109,1,42,1,"7:31 PM","2:25",null,null,"Schroder 2' Driving Layup (2 PTS)","17 - 11","-6"],["0041400206",110,1,41,1,"7:31 PM","2:09","Beal  Running Layup (7 PTS)",null,null,"17 - 13","-4"],["0041400206",111,2,5,1,"7:31 PM","1:46",null,null,"MISS Schroder 1' Layup",null,null],["0041400206",112,4,0,1,"7:31 PM","1:45","Gooden REBOUND (Off:0 Def:2)",null,null,null,null],["0041400206",113,1,1,1,"7:31 PM","1:36","Gooden 27' 3PT Jump Shot (3 PTS) (Beal 1 AST)",null,null,"17 - 16","-1"],["0041400206",115,1,1,1,"7:32 PM","1:20",null,null,"Horford 18' Jump Shot (2 PTS) (Schroder 2 AST)","19 - 16","-3"],["0041400206",116,2,1,1,"7:32 PM","1:03","MISS Seraphin 16' Jump Shot",null,null,null,null],["0041400206",117,4,0,1,"7:32 PM","1:01",null,null,"Bazemore REBOUND (Off:0 Def:1)",null,null],["0041400206",118,2,1,1,"7:32 PM","0:53",null,null,"MISS Schroder 16' Jump Shot",null,null],["0041400206",119,4,0,1,"7:32 PM","0:52","Gooden REBOUND (Off:0 Def:3)",null,null,null,null],["0041400206",120,6,2,1,"7:32 PM","0:45",null,null,"Bazemore S.FOUL (P1.T2) (J.Capers)",null,null],["0041400206",121,3,11,1,"7:33 PM","0:45","Wall Free Throw 1 of 2 (1 PTS)",null,null,"19 - 17","-2"],["0041400206",123,8,0,1,"7:33 PM","0:45","SUB: Sessions FOR Beal",null,null,null,null],["0041400206",124,3,12,1,"7:33 PM","0:45","Wall Free Throw 2 of 2 (2 PTS)",null,null,"19 - 18","-1"],["0041400206",127,5,2,1,"7:34 PM","0:21","Porter STEAL (1 STL)",null,"Horford Lost Ball Turnover (P2.T3)",null,null],["0041400206",128,1,78,1,"7:34 PM","0:01","Seraphin 6' Floating Jump Shot (2 PTS) (Wall 4 AST)",null,null,"19 - 20","1"],["0041400206",130,18,0,1,"7:34 PM","0:00",null,null,null,null,null],["0041400206",131,13,0,1,"7:35 PM","0:00",null,null,null,"19 - 20","1"],["0041400206",133,12,0,2,"7:38 PM","12:00",null,null,null,"19 - 20","1"],["0041400206",135,5,1,2,"7:39 PM","11:42",null,null,"Millsap Bad Pass Turnover (P1.T4)",null,null],["0041400206",136,5,1,2,"7:39 PM","11:25","Gooden Bad Pass Turnover (P1.T4)",null,"Schroder STEAL (1 STL)",null,null],["0041400206",137,2,1,2,"7:39 PM","11:10",null,null,"MISS Horford 16' Jump Shot",null,null],["0041400206",138,4,0,2,"7:39 PM","11:09","Wall REBOUND (Off:1 Def:3)",null,null,null,null],["0041400206",139,2,5,2,"7:39 PM","11:03","MISS Sessions 2' Layup",null,null,null,null],["0041400206",140,4,0,2,"7:40 PM","11:01",null,null,"Horford REBOUND (Off:0 Def:5)",null,null],["0041400206",141,6,2,2,"7:40 PM","10:47","Sessions S.FOUL (P1.T1) (D.Stafford)",null,null,null,null],["0041400206",142,3,11,2,"7:40 PM","10:47",null,null,"Millsap Free Throw 1 of 2 (6 PTS)","20 - 20","TIE"],["0041400206",144,3,12,2,"7:40 PM","10:47",null,null,"MISS Millsap Free Throw 2 of 2",null,null],["0041400206",146,4,0,2,"7:40 PM","10:46","Seraphin REBOUND (Off:0 Def:1)",null,null,null,null],["0041400206",147,5,2,2,"7:41 PM","10:31","Seraphin Lost Ball Turnover (P1.T5)",null,"Schroder STEAL (2 STL)",null,null],["0041400206",148,5,1,2,"7:41 PM","10:28","Wall STEAL (1 STL)",null,"Teague Bad Pass Turnover (P1.T5)",null,null],["0041400206",149,1,5,2,"7:41 PM","10:25","Sessions 2' Layup (2 PTS) (Wall 5 AST)",null,null,"20 - 22","2"],["0041400206",150,2,1,2,"7:41 PM","10:08",null,null,"MISS Horford 18' Jump Shot",null,null],["0041400206",151,4,0,2,"7:41 PM","10:06",null,null,"Millsap REBOUND (Off:2 Def:2)",null,null],["0041400206",152,1,1,2,"7:41 PM","10:00",null,null,"Schroder 26' 3PT Jump Shot (5 PTS) (Millsap 1 AST)","23 - 22","-1"],["0041400206",153,1,79,2,"7:42 PM","9:41","Wall 21' Pullup Jump Shot (4 PTS)",null,null,"23 - 24","1"],["0041400206",154,5,40,2,"7:42 PM","9:26",null,null,"Teague Out of Bounds Lost Ball Turnover (P2.T6)",null,null],["0041400206",155,2,1,2,"7:42 PM","9:13","MISS Wall 19' Jump Shot",null,"Teague BLOCK (1 BLK)",null,null],["0041400206",156,4,0,2,"7:42 PM","9:11","Seraphin REBOUND (Off:1 Def:1)",null,null,null,null],["0041400206",157,2,1,2,"7:42 PM","9:04","MISS Sessions 19' Jump Shot",null,null,null,null],["0041400206",158,4,0,2,"7:42 PM","9:03",null,null,"Millsap REBOUND (Off:2 Def:3)",null,null],["0041400206",159,1,1,2,"7:43 PM","8:53",null,null,"Teague 26' 3PT Jump Shot (5 PTS) (Horford 2 AST)","26 - 24","-2"],["0041400206",160,9,1,2,"7:43 PM","8:43","WIZARDS Timeout: Regular (Full 2 Short 0)",null,null,null,null],["0041400206",162,8,0,2,"7:45 PM","8:43","SUB: Beal FOR Wall",null,null,null,null],["0041400206",163,8,0,2,"7:46 PM","8:43",null,null,"SUB: Muscala FOR Korver",null,null],["0041400206",164,8,0,2,"7:46 PM","8:43",null,null,"SUB: Carroll FOR Horford",null,null],["0041400206",165,1,56,2,"7:46 PM","8:29","Seraphin 5' Running Hook Shot (4 PTS) (Beal 2 AST)",null,null,"26 - 26","TIE"],["0041400206",166,2,5,2,"7:46 PM","8:04",null,null,"MISS Millsap 2' Layup",null,null],["0041400206",167,4,0,2,"7:47 PM","8:03",null,null,"Muscala REBOUND (Off:3 Def:0)",null,null],["0041400206",168,2,1,2,"7:47 PM","7:59",null,null,"MISS Muscala 26' 3PT Jump Shot",null,null],["0041400206",169,4,0,2,"7:47 PM","7:58","Sessions REBOUND (Off:0 Def:1)",null,null,null,null],["0041400206",170,2,1,2,"7:47 PM","7:54","MISS Gooden 27' 3PT Jump Shot",null,null,null,null],["0041400206",171,4,0,2,"7:47 PM","7:52","Porter REBOUND (Off:1 Def:1)",null,null,null,null],["0041400206",172,2,1,2,"7:47 PM","7:39","MISS Gooden 20' Jump Shot",null,null,null,null],["0041400206",173,4,0,2,"7:47 PM","7:38","Porter REBOUND (Off:2 Def:1)",null,null,null,null],["0041400206",174,2,1,2,"7:47 PM","7:30","MISS Sessions 27' 3PT Jump Shot",null,null,null,null],["0041400206",175,4,0,2,"7:47 PM","7:29","Porter REBOUND (Off:3 Def:1)",null,null,null,null],["0041400206",176,2,1,2,"7:47 PM","7:14","MISS Beal 6' Jump Shot",null,null,null,null],["0041400206",177,4,0,2,"7:47 PM","7:13","Seraphin REBOUND (Off:2 Def:1)",null,null,null,null],["0041400206",178,1,1,2,"7:47 PM","7:11","Seraphin 4' Jump Shot (6 PTS)",null,null,"26 - 28","2"],["0041400206",179,2,1,2,"7:48 PM","6:58",null,null,"MISS Muscala 18' Jump Shot",null,null],["0041400206",180,4,0,2,"7:48 PM","6:57","Gooden REBOUND (Off:0 Def:4)",null,null,null,null],["0041400206",181,5,1,2,"7:48 PM","6:52","Sessions Bad Pass Turnover (P1.T6)",null,null,null,null],["0041400206",182,8,0,2,"7:48 PM","6:52",null,null,"SUB: Horford FOR Millsap",null,null],["0041400206",183,8,0,2,"7:48 PM","6:52",null,null,"SUB: Korver FOR Teague",null,null],["0041400206",185,1,5,2,"7:48 PM","6:35",null,null,"Horford  Layup (4 PTS) (Schroder 3 AST)","28 - 28","TIE"],["0041400206",186,2,1,2,"7:49 PM","6:15","MISS Seraphin 6' Jump Shot",null,null,null,null],["0041400206",187,4,0,2,"7:49 PM","6:14",null,null,"Korver REBOUND (Off:0 Def:2)",null,null],["0041400206",188,5,1,2,"7:49 PM","6:10",null,null,"Schroder Bad Pass Turnover (P1.T7)",null,null],["0041400206",189,8,0,2,"7:49 PM","6:10","SUB: Pierce FOR Gooden",null,null,null,null],["0041400206",190,1,8,2,"7:49 PM","5:56","Seraphin  Slam Dunk (8 PTS) (Beal 3 AST)",null,null,"28 - 30","2"],["0041400206",191,1,78,2,"7:50 PM","5:38",null,null,"Muscala 7' Floating Jump Shot (2 PTS) (Horford 3 AST)","30 - 30","TIE"],["0041400206",192,2,1,2,"7:50 PM","5:13","MISS Pierce 21' Jump Shot",null,null,null,null],["0041400206",193,4,0,2,"7:50 PM","5:12",null,null,"Hawks Rebound",null,null],["0041400206",194,9,4,2,"7:50 PM","5:12",null,null,null,null,null],["0041400206",196,8,0,2,"7:53 PM","5:12","SUB: Wall FOR Sessions",null,null,null,null],["0041400206",197,8,0,2,"7:53 PM","5:12",null,null,"SUB: Teague FOR Schroder",null,null],["0041400206",198,8,0,2,"7:53 PM","5:12",null,null,"SUB: Millsap FOR Muscala",null,null],["0041400206",199,2,1,2,"7:54 PM","4:58",null,null,"MISS Millsap 26' 3PT Jump Shot",null,null],["0041400206",200,4,0,2,"7:54 PM","4:57","Beal REBOUND (Off:0 Def:1)",null,null,null,null],["0041400206",201,2,5,2,"7:54 PM","4:49","MISS Seraphin 1' Layup",null,"Millsap BLOCK (1 BLK)",null,null],["0041400206",202,4,0,2,"7:54 PM","4:47","Porter REBOUND (Off:4 Def:1)",null,null,null,null],["0041400206",203,2,1,2,"7:54 PM","4:45","MISS Porter 8' Jump Shot",null,null,null,null],["0041400206",204,4,0,2,"7:54 PM","4:44","Beal REBOUND (Off:1 Def:1)",null,null,null,null],["0041400206",205,2,1,2,"7:54 PM","4:42","MISS Beal 28' 3PT Jump Shot",null,null,null,null],["0041400206",206,4,0,2,"7:54 PM","4:41","Porter REBOUND (Off:5 Def:1)",null,null,null,null],["0041400206",207,6,1,2,"7:54 PM","4:39",null,null,"Korver P.FOUL (P1.T1) (D.Stafford)",null,null],["0041400206",208,1,1,2,"7:54 PM","4:27","Wall 15' Jump Shot (6 PTS)",null,null,"30 - 32","2"],["0041400206",209,6,1,2,"7:55 PM","4:21","Pierce P.FOUL (P2.T2) (D.Stafford)",null,null,null,null],["0041400206",210,1,5,2,"7:55 PM","4:15",null,null,"Millsap 1' Layup (8 PTS) (Teague 2 AST)","32 - 32","TIE"],["0041400206",211,1,79,2,"7:55 PM","3:56","Beal 21' Pullup Jump Shot (9 PTS)",null,null,"32 - 34","2"],["0041400206",213,1,47,2,"7:56 PM","3:38",null,null,"Millsap 13' Turnaround Jump Shot (10 PTS)","34 - 34","TIE"],["0041400206",214,2,1,2,"7:56 PM","3:25","MISS Wall 16' Jump Shot",null,null,null,null],["0041400206",215,4,0,2,"7:56 PM","3:24",null,null,"Teague REBOUND (Off:1 Def:1)",null,null],["0041400206",216,1,1,2,"7:56 PM","3:15",null,null,"Millsap 26' 3PT Jump Shot (13 PTS) (Horford 4 AST)","37 - 34","-3"],["0041400206",218,5,1,2,"7:57 PM","2:53","Pierce Bad Pass Turnover (P1.T7)",null,"Carroll STEAL (2 STL)",null,null],["0041400206",219,2,1,2,"7:57 PM","2:45",null,null,"MISS Carroll 26' 3PT Jump Shot",null,null],["0041400206",220,4,0,2,"7:57 PM","2:44","Seraphin REBOUND (Off:2 Def:2)",null,null,null,null],["0041400206",221,1,41,2,"7:57 PM","2:39","Wall 1' Running Layup (8 PTS)",null,null,"37 - 36","-1"],["0041400206",222,6,2,2,"7:57 PM","2:39",null,null,"Carroll S.FOUL (P2.T2) (D.Stafford)",null,null],["0041400206",223,9,1,2,"7:57 PM","2:39",null,null,"Hawks Timeout: Regular (Reg.2 Short 0)",null,null],["0041400206",225,8,0,2,"7:59 PM","2:39","SUB: Nene FOR Pierce",null,null,null,null],["0041400206",226,3,10,2,"8:00 PM","2:39","Wall Free Throw 1 of 1 (9 PTS)",null,null,"37 - 37","TIE"],["0041400206",228,2,1,2,"8:00 PM","2:22",null,null,"MISS Millsap 6' Jump Shot",null,null],["0041400206",229,4,0,2,"8:00 PM","2:20","Nene REBOUND (Off:1 Def:2)",null,null,null,null],["0041400206",230,2,5,2,"8:00 PM","2:11","MISS Porter 2' Layup",null,"Korver BLOCK (1 BLK)",null,null],["0041400206",231,4,0,2,"8:00 PM","2:09",null,null,"Teague REBOUND (Off:1 Def:2)",null,null],["0041400206",233,1,79,2,"8:02 PM","1:49",null,null,"Teague 5' Pullup Jump Shot (7 PTS)","39 - 37","-2"],["0041400206",234,1,78,2,"8:02 PM","1:32","Wall 8' Floating Jump Shot (11 PTS)",null,null,"39 - 39","TIE"],["0041400206",235,2,5,2,"8:02 PM","1:14","Nene BLOCK (1 BLK)",null,"MISS Millsap 3' Layup",null,null],["0041400206",236,4,0,2,"8:02 PM","1:12",null,null,"Millsap REBOUND (Off:3 Def:3)",null,null],["0041400206",237,2,1,2,"8:02 PM","1:07",null,null,"MISS Millsap 15' Jump Shot",null,null],["0041400206",239,4,0,2,"8:02 PM","1:06",null,null,"Carroll REBOUND (Off:1 Def:1)",null,null],["0041400206",238,1,5,2,"8:02 PM","1:06",null,null,"Carroll 1' Layup (8 PTS)","41 - 39","-2"],["0041400206",240,2,1,2,"8:03 PM","0:48","MISS Seraphin 17' Jump Shot",null,null,null,null],["0041400206",241,4,0,2,"8:03 PM","0:48","Nene REBOUND (Off:2 Def:2)",null,null,null,null],["0041400206",242,2,1,2,"8:03 PM","0:42","MISS Beal 10' Jump Shot",null,null,null,null],["0041400206",243,4,0,2,"8:03 PM","0:41",null,null,"Millsap REBOUND (Off:3 Def:4)",null,null],["0041400206",244,2,5,2,"8:03 PM","0:34",null,null,"MISS Teague  Layup",null,null],["0041400206",245,4,0,2,"8:03 PM","0:33",null,null,"Carroll REBOUND (Off:2 Def:1)",null,null],["0041400206",246,1,5,2,"8:03 PM","0:32",null,null,"Horford 3' Layup (6 PTS) (Carroll 1 AST)","43 - 39","-4"],["0041400206",247,2,1,2,"8:03 PM","0:15","MISS Wall 19' Jump Shot",null,null,null,null],["0041400206",248,4,0,2,"8:03 PM","0:14",null,null,"Millsap REBOUND (Off:3 Def:5)",null,null],["0041400206",249,6,28,2,"8:03 PM","0:04","Wall Personal Take Foul (P1.T3) (M.McCutchen)",null,null,null,null],["0041400206",250,9,2,2,"8:04 PM","0:04",null,null,"Hawks Timeout: Short (Reg.2 Short 1)",null,null],["0041400206",252,8,0,2,"8:04 PM","0:04","SUB: Gooden FOR Nene",null,null,null,null],["0041400206",253,8,0,2,"8:04 PM","0:04",null,null,"SUB: Schroder FOR Carroll",null,null],["0041400206",254,1,1,2,"8:05 PM","0:00",null,null,"Millsap 5' Jump Shot (15 PTS)","45 - 39","-6"],["0041400206",255,18,0,2,"8:05 PM","0:00",null,null,null,null,null],["0041400206",256,13,0,2,"8:05 PM","0:00",null,null,null,"45 - 39","-6"],["0041400206",258,12,0,3,"8:22 PM","12:00",null,null,null,"45 - 39","-6"],["0041400206",259,6,1,3,"8:22 PM","11:40","Beal P.FOUL (P1.T1) (J.Capers)",null,null,null,null],["0041400206",260,1,82,3,"8:23 PM","11:32",null,null,"Horford 4' Driving Bank Shot (8 PTS) (Teague 3 AST)","47 - 39","-8"],["0041400206",261,2,1,3,"8:23 PM","11:10","MISS Wall 13' Jump Shot",null,null,null,null],["0041400206",262,4,0,3,"8:23 PM","11:09",null,null,"Millsap REBOUND (Off:3 Def:6)",null,null],["0041400206",263,1,84,3,"8:23 PM","10:56",null,null,"Carroll 5' Running Bank Shot (10 PTS) (Korver 1 AST)","49 - 39","-10"],["0041400206",264,1,63,3,"8:24 PM","10:30","Beal 20' Fadeaway Jumper (11 PTS)",null,null,"49 - 41","-8"],["0041400206",265,2,1,3,"8:24 PM","10:11",null,null,"MISS Korver 26' 3PT Jump Shot",null,null],["0041400206",266,4,0,3,"8:24 PM","10:10","Nene REBOUND (Off:2 Def:3)",null,null,null,null],["0041400206",267,2,5,3,"8:24 PM","9:56","MISS Wall 1' Layup",null,null,null,null],["0041400206",268,4,0,3,"8:24 PM","9:56","WIZARDS Rebound",null,null,null,null],["0041400206",269,5,1,3,"8:25 PM","9:48","Wall Bad Pass Turnover (P3.T8)",null,null,null,null],["0041400206",271,1,76,3,"8:25 PM","9:36",null,null,"Carroll 2' Running Finger Roll Layup (12 PTS)","51 - 41","-10"],["0041400206",272,6,2,3,"8:25 PM","9:36","Pierce S.FOUL (P3.T2) (D.Stafford)",null,null,null,null],["0041400206",273,3,10,3,"8:25 PM","9:36",null,null,"Carroll Free Throw 1 of 1 (13 PTS)","52 - 41","-11"],["0041400206",275,2,1,3,"8:26 PM","9:20","MISS Pierce 3' Jump Shot",null,"Millsap BLOCK (2 BLK)",null,null],["0041400206",276,4,0,3,"8:26 PM","9:19",null,null,"Carroll REBOUND (Off:2 Def:2)",null,null],["0041400206",277,2,1,3,"8:26 PM","9:05",null,null,"MISS Korver 24' 3PT Jump Shot",null,null],["0041400206",278,4,0,3,"8:26 PM","9:04","Nene REBOUND (Off:2 Def:4)",null,null,null,null],["0041400206",279,2,1,3,"8:26 PM","8:58","MISS Beal 24' 3PT Jump Shot",null,null,null,null],["0041400206",280,4,0,3,"8:26 PM","8:57",null,null,"Hawks Rebound",null,null],["0041400206",282,2,1,3,"8:27 PM","8:37",null,null,"MISS Teague 27' 3PT Jump Shot",null,null],["0041400206",283,4,0,3,"8:27 PM","8:36","Pierce REBOUND (Off:0 Def:2)",null,null,null,null],["0041400206",284,1,71,3,"8:27 PM","8:29","Pierce  Finger Roll Layup (2 PTS) (Wall 6 AST)",null,null,"52 - 43","-9"],["0041400206",285,1,1,3,"8:27 PM","8:12",null,null,"Carroll 24' 3PT Jump Shot (16 PTS) (Millsap 2 AST)","55 - 43","-12"],["0041400206",286,2,1,3,"8:27 PM","7:58","MISS Gortat 4' Jump Shot",null,null,null,null],["0041400206",287,4,0,3,"8:27 PM","7:57",null,null,"Teague REBOUND (Off:1 Def:3)",null,null],["0041400206",288,1,41,3,"8:27 PM","7:52",null,null,"Teague 1' Running Layup (9 PTS)","57 - 43","-14"],["0041400206",289,9,1,3,"8:27 PM","7:50","WIZARDS Timeout: Regular (Full 3 Short 0)",null,null,null,null],["0041400206",291,8,0,3,"8:30 PM","7:50","SUB: Seraphin FOR Gortat",null,null,null,null],["0041400206",292,6,2,3,"8:31 PM","7:33",null,null,"Millsap S.FOUL (P2.T1) (M.McCutchen)",null,null],["0041400206",293,3,11,3,"8:31 PM","7:33","Pierce Free Throw 1 of 2 (3 PTS)",null,null,"57 - 44","-13"],["0041400206",295,3,12,3,"8:31 PM","7:33","Pierce Free Throw 2 of 2 (4 PTS)",null,null,"57 - 45","-12"],["0041400206",298,5,1,3,"8:31 PM","7:23","Pierce STEAL (1 STL)",null,"Millsap Bad Pass Turnover (P2.T8)",null,null],["0041400206",299,1,5,3,"8:32 PM","7:15","Seraphin 1' Layup (10 PTS) (Wall 7 AST)",null,null,"57 - 47","-10"],["0041400206",300,2,1,3,"8:32 PM","6:53",null,null,"MISS Millsap 24' 3PT Jump Shot",null,null],["0041400206",301,4,0,3,"8:32 PM","6:52","Pierce REBOUND (Off:0 Def:3)",null,null,null,null],["0041400206",302,2,5,3,"8:32 PM","6:46","MISS Wall 1' Layup",null,null,null,null],["0041400206",303,4,0,3,"8:32 PM","6:43",null,null,"Korver REBOUND (Off:0 Def:3)",null,null],["0041400206",304,1,78,3,"8:32 PM","6:26",null,null,"Teague 7' Floating Jump Shot (11 PTS)","59 - 47","-12"],["0041400206",305,5,1,3,"8:33 PM","6:21","Wall Bad Pass Turnover (P4.T9)",null,"Korver STEAL (1 STL)",null,null],["0041400206",306,1,1,3,"8:33 PM","6:15",null,null,"Teague 26' 3PT Jump Shot (14 PTS)","62 - 47","-15"],["0041400206",307,1,1,3,"8:33 PM","5:56","Beal 28' 3PT Jump Shot (14 PTS) (Wall 8 AST)",null,null,"62 - 50","-12"],["0041400206",309,8,0,3,"8:34 PM","5:41","SUB: Porter FOR Pierce",null,null,null,null],["0041400206",310,8,0,3,"8:34 PM","5:41",null,null,"SUB: Antic FOR Millsap",null,null],["0041400206",311,8,0,3,"8:34 PM","5:41",null,null,"SUB: Schroder FOR Teague",null,null],["0041400206",318,8,0,3,"8:34 PM","5:41",null,null,"SUB: Bazemore FOR Korver",null,null],["0041400206",312,10,0,3,"8:34 PM","5:41","Jump Ball Seraphin vs. Horford: Tip to Wall",null,null,null,null],["0041400206",313,5,2,3,"8:34 PM","5:41","Seraphin STEAL (1 STL)",null,"Horford Lost Ball Turnover (P3.T9)",null,null],["0041400206",315,5,2,3,"8:34 PM","5:32","Wall Lost Ball Turnover (P5.T10)",null,"Bazemore STEAL (1 STL)",null,null],["0041400206",319,6,2,3,"8:35 PM","5:28","Beal S.FOUL (P2.T3) (J.Capers)",null,null,null,null],["0041400206",320,3,11,3,"8:35 PM","5:28",null,null,"Carroll Free Throw 1 of 2 (17 PTS)","63 - 50","-13"],["0041400206",322,3,12,3,"8:35 PM","5:28",null,null,"Carroll Free Throw 2 of 2 (18 PTS)","64 - 50","-14"],["0041400206",325,6,1,3,"8:35 PM","5:17",null,null,"Schroder P.FOUL (P1.T2) (M.McCutchen)",null,null],["0041400206",327,7,1,3,"8:36 PM","5:17",null,null,"Hawks Violation: Delay of game Violation",null,null],["0041400206",328,1,42,3,"8:36 PM","5:09","Wall  Driving Layup (13 PTS)",null,null,"64 - 52","-12"],["0041400206",329,2,1,3,"8:36 PM","4:58",null,null,"MISS Schroder 26' 3PT Jump Shot",null,null],["0041400206",330,4,0,3,"8:36 PM","4:57","Beal REBOUND (Off:1 Def:2)",null,null,null,null],["0041400206",331,6,2,3,"8:36 PM","4:49",null,null,"Antic S.FOUL (P2.T3) (D.Stafford)",null,null],["0041400206",332,3,11,3,"8:36 PM","4:49","Nene Free Throw 1 of 2 (3 PTS)",null,null,"64 - 53","-11"],["0041400206",334,8,0,3,"8:37 PM","4:49",null,null,"SUB: Millsap FOR Horford",null,null],["0041400206",335,3,12,3,"8:37 PM","4:49","MISS Nene Free Throw 2 of 2",null,null,null,null],["0041400206",337,4,0,3,"8:37 PM","4:48","Seraphin REBOUND (Off:3 Def:2)",null,null,null,null],["0041400206",338,1,75,3,"8:37 PM","4:37","Wall 2' Driving Finger Roll Layup (15 PTS)",null,null,"64 - 55","-9"],["0041400206",339,2,1,3,"8:37 PM","4:24",null,null,"MISS Millsap 6' Jump Shot",null,null],["0041400206",340,4,0,3,"8:37 PM","4:23","Beal REBOUND (Off:1 Def:3)",null,null,null,null],["0041400206",341,1,88,3,"8:38 PM","4:19","Porter  Driving Slam Dunk (4 PTS) (Wall 9 AST)",null,null,"64 - 57","-7"],["0041400206",342,9,1,3,"8:38 PM","4:18",null,null,"Hawks Timeout: Regular (Reg.3 Short 1)",null,null],["0041400206",344,8,0,3,"8:40 PM","4:18",null,null,"SUB: Muscala FOR Antic",null,null],["0041400206",345,1,1,3,"8:41 PM","3:56",null,null,"Carroll 27' 3PT Jump Shot (21 PTS) (Schroder 4 AST)","67 - 57","-10"],["0041400206",346,2,1,3,"8:41 PM","3:37","MISS Porter 26' 3PT Jump Shot",null,null,null,null],["0041400206",347,4,0,3,"8:42 PM","3:36",null,null,"Millsap REBOUND (Off:3 Def:7)",null,null],["0041400206",348,2,1,3,"8:42 PM","3:25",null,null,"MISS Schroder 5' Jump Shot",null,null],["0041400206",349,4,0,3,"8:42 PM","3:24","Nene REBOUND (Off:2 Def:5)",null,null,null,null],["0041400206",350,6,2,3,"8:42 PM","3:21",null,null,"Millsap S.FOUL (P3.T4) (D.Stafford)",null,null],["0041400206",351,3,11,3,"8:42 PM","3:21","Wall Free Throw 1 of 2 (16 PTS)",null,null,"67 - 58","-9"],["0041400206",353,8,0,3,"8:42 PM","3:21","SUB: Gooden FOR Nene",null,null,null,null],["0041400206",354,3,12,3,"8:42 PM","3:21","Wall Free Throw 2 of 2 (17 PTS)",null,null,"67 - 59","-8"],["0041400206",357,2,5,3,"8:43 PM","2:59",null,null,"MISS Schroder 1' Layup",null,null],["0041400206",358,4,0,3,"8:43 PM","2:58","Seraphin REBOUND (Off:3 Def:3)",null,null,null,null],["0041400206",359,2,1,3,"8:43 PM","2:52","MISS Beal 25' 3PT Jump Shot",null,null,null,null],["0041400206",360,4,0,3,"8:43 PM","2:50",null,null,"Millsap REBOUND (Off:3 Def:8)",null,null],["0041400206",361,2,1,3,"8:43 PM","2:40",null,null,"MISS Carroll 6' Jump Shot",null,null],["0041400206",362,4,0,3,"8:43 PM","2:39","Gooden REBOUND (Off:0 Def:5)",null,null,null,null],["0041400206",363,2,1,3,"8:43 PM","2:25","MISS Wall 13' Jump Shot",null,null,null,null],["0041400206",364,4,0,3,"8:44 PM","2:24",null,null,"Bazemore REBOUND (Off:0 Def:2)",null,null],["0041400206",365,2,1,3,"8:44 PM","2:15",null,null,"MISS Millsap 28' 3PT Jump Shot",null,null],["0041400206",366,4,0,3,"8:44 PM","2:14","Gooden REBOUND (Off:0 Def:6)",null,null,null,null],["0041400206",367,6,1,3,"8:44 PM","2:14",null,null,"Muscala P.FOUL (P1.PN) (D.Stafford)",null,null],["0041400206",368,8,0,3,"8:44 PM","2:14",null,null,"SUB: Korver FOR Carroll",null,null],["0041400206",369,3,11,3,"8:44 PM","2:14","Gooden Free Throw 1 of 2 (4 PTS)",null,null,"67 - 60","-7"],["0041400206",371,8,0,3,"8:44 PM","2:14",null,null,"SUB: Horford FOR Millsap",null,null],["0041400206",372,8,0,3,"8:44 PM","2:14",null,null,"SUB: Teague FOR Bazemore",null,null],["0041400206",373,3,12,3,"8:45 PM","2:14","Gooden Free Throw 2 of 2 (5 PTS)",null,null,"67 - 61","-6"],["0041400206",377,1,1,3,"8:45 PM","1:42",null,null,"Muscala 24' 3PT Jump Shot (5 PTS) (Teague 4 AST)","70 - 61","-9"],["0041400206",378,1,42,3,"8:46 PM","1:31","Beal  Driving Layup (16 PTS) (Wall 10 AST)",null,null,"70 - 63","-7"],["0041400206",379,6,2,3,"8:46 PM","1:18","Seraphin S.FOUL (P1.T4) (M.McCutchen)",null,null,null,null],["0041400206",380,3,11,3,"8:46 PM","1:18",null,null,"Schroder Free Throw 1 of 2 (6 PTS)","71 - 63","-8"],["0041400206",382,8,0,3,"8:46 PM","1:18","SUB: Sessions FOR Beal",null,null,null,null],["0041400206",383,3,12,3,"8:46 PM","1:18",null,null,"Schroder Free Throw 2 of 2 (7 PTS)","72 - 63","-9"],["0041400206",386,2,1,3,"8:47 PM","1:07","MISS Wall 6' Jump Shot",null,null,null,null],["0041400206",387,4,0,3,"8:47 PM","1:06","WIZARDS Rebound",null,null,null,null],["0041400206",388,2,1,3,"8:47 PM","0:56","MISS Sessions 27' 3PT Jump Shot",null,null,null,null],["0041400206",389,4,0,3,"8:47 PM","0:56","WIZARDS Rebound",null,null,null,null],["0041400206",390,6,3,3,"8:47 PM","0:56",null,null,"Muscala L.B.FOUL (P2.PN) (D.Stafford)",null,null],["0041400206",391,3,11,3,"8:48 PM","0:56","Seraphin Free Throw 1 of 2 (11 PTS)",null,null,"72 - 64","-8"],["0041400206",393,3,12,3,"8:48 PM","0:56","MISS Seraphin Free Throw 2 of 2",null,null,null,null],["0041400206",395,4,0,3,"8:48 PM","0:54",null,null,"Horford REBOUND (Off:0 Def:6)",null,null],["0041400206",396,2,1,3,"8:48 PM","0:39",null,null,"MISS Schroder 3' Jump Shot",null,null],["0041400206",397,4,0,3,"8:48 PM","0:38","Seraphin REBOUND (Off:3 Def:4)",null,null,null,null],["0041400206",398,2,1,3,"8:48 PM","0:31","MISS Porter 26' 3PT Jump Shot",null,null,null,null],["0041400206",399,4,0,3,"8:48 PM","0:30",null,null,"Korver REBOUND (Off:0 Def:4)",null,null],["0041400206",400,2,1,3,"8:49 PM","0:05",null,null,"MISS Teague 26' 3PT Jump Shot",null,null],["0041400206",401,4,0,3,"8:49 PM","0:04","Wall REBOUND (Off:1 Def:4)",null,null,null,null],["0041400206",402,2,1,3,"8:49 PM","0:01","MISS Wall 20' Jump Shot",null,null,null,null],["0041400206",403,4,0,3,"8:49 PM","0:00","WIZARDS Rebound",null,null,null,null],["0041400206",404,13,0,3,"8:49 PM","0:00",null,null,null,"72 - 64","-8"],["0041400206",406,12,0,4,"8:53 PM","12:00",null,null,null,"72 - 64","-8"],["0041400206",407,2,1,4,"8:53 PM","11:37","MISS Beal 14' Jump Shot",null,null,null,null],["0041400206",408,4,0,4,"8:53 PM","11:36",null,null,"Teague REBOUND (Off:1 Def:4)",null,null],["0041400206",409,6,2,4,"8:53 PM","11:23","Porter S.FOUL (P2.T1) (M.McCutchen)",null,null,null,null],["0041400206",410,3,11,4,"8:53 PM","11:23",null,null,"Millsap Free Throw 1 of 2 (16 PTS)","73 - 64","-9"],["0041400206",412,3,12,4,"8:54 PM","11:23",null,null,"MISS Millsap Free Throw 2 of 2",null,null],["0041400206",414,4,0,4,"8:54 PM","11:21","Seraphin REBOUND (Off:3 Def:5)",null,null,null,null],["0041400206",415,1,1,4,"8:54 PM","11:00","Beal 26' 3PT Jump Shot (19 PTS) (Gooden 1 AST)",null,null,"73 - 67","-6"],["0041400206",416,1,5,4,"8:54 PM","10:52",null,null,"Horford 1' Layup (10 PTS) (Teague 5 AST)","75 - 67","-8"],["0041400206",417,2,1,4,"8:55 PM","10:35","MISS Beal 18' Jump Shot",null,null,null,null],["0041400206",418,4,0,4,"8:55 PM","10:34",null,null,"Hawks Rebound",null,null],["0041400206",419,6,3,4,"8:55 PM","10:34","Porter L.B.FOUL (P3.T2) (M.McCutchen)",null,null,null,null],["0041400206",421,1,5,4,"8:55 PM","10:21",null,null,"Teague 1' Layup (16 PTS)","77 - 67","-10"],["0041400206",422,2,1,4,"8:56 PM","10:05","MISS Gooden 26' 3PT Jump Shot",null,null,null,null],["0041400206",423,4,0,4,"8:56 PM","10:05","WIZARDS Rebound",null,null,null,null],["0041400206",424,6,3,4,"8:56 PM","10:05",null,null,"Korver L.B.FOUL (P2.T1) (J.Capers)",null,null],["0041400206",425,8,0,4,"8:56 PM","10:05",null,null,"SUB: Carroll FOR Schroder",null,null],["0041400206",427,1,79,4,"8:56 PM","9:55","Wall 20' Pullup Jump Shot (19 PTS)",null,null,"77 - 69","-8"],["0041400206",428,1,5,4,"8:57 PM","9:44",null,null,"Teague 1' Layup (18 PTS)","79 - 69","-10"],["0041400206",429,1,78,4,"8:57 PM","9:22","Porter 11' Floating Jump Shot (6 PTS) (Wall 11 AST)",null,null,"79 - 71","-8"],["0041400206",430,1,5,4,"8:57 PM","9:03",null,null,"Horford 1' Layup (12 PTS) (Korver 2 AST)","81 - 71","-10"],["0041400206",431,9,1,4,"8:57 PM","8:55","WIZARDS Timeout: Regular (Full 4 Short 0)",null,null,null,null],["0041400206",433,1,82,4,"9:01 PM","8:45","Gooden 8' Driving Bank Shot (7 PTS)",null,null,"81 - 73","-8"],["0041400206",434,2,1,4,"9:01 PM","8:24","Wall BLOCK (1 BLK)",null,"MISS Carroll 13' Jump Shot",null,null],["0041400206",435,4,0,4,"9:01 PM","8:22","Wall REBOUND (Off:1 Def:5)",null,null,null,null],["0041400206",436,1,5,4,"9:01 PM","8:13","Seraphin 2' Layup (13 PTS) (Porter 1 AST)",null,null,"81 - 75","-6"],["0041400206",437,6,2,4,"9:02 PM","7:58","Gooden S.FOUL (P1.T3) (J.Capers)",null,null,null,null],["0041400206",438,3,11,4,"9:02 PM","7:58",null,null,"Teague Free Throw 1 of 2 (19 PTS)","82 - 75","-7"],["0041400206",440,8,0,4,"9:02 PM","7:58",null,null,"SUB: Schroder FOR Korver",null,null],["0041400206",441,3,12,4,"9:02 PM","7:58",null,null,"Teague Free Throw 2 of 2 (20 PTS)","83 - 75","-8"],["0041400206",444,2,1,4,"9:03 PM","7:43","MISS Seraphin 4' Jump Shot",null,null,null,null],["0041400206",445,4,0,4,"9:03 PM","7:42",null,null,"Carroll REBOUND (Off:2 Def:3)",null,null],["0041400206",446,6,1,4,"9:03 PM","7:38","Seraphin P.FOUL (P2.T4) (M.McCutchen)",null,null,null,null],["0041400206",447,2,1,4,"9:03 PM","7:27",null,null,"MISS Millsap 27' 3PT Jump Shot",null,null],["0041400206",448,4,0,4,"9:03 PM","7:26","Porter REBOUND (Off:5 Def:2)",null,null,null,null],["0041400206",449,6,1,4,"9:04 PM","7:18",null,null,"Schroder P.FOUL (P2.T2) (J.Capers)",null,null],["0041400206",450,8,0,4,"9:04 PM","7:18","SUB: Nene FOR Seraphin",null,null,null,null],["0041400206",451,6,2,4,"9:04 PM","7:17",null,null,"Schroder S.FOUL (P3.T3) (D.Stafford)",null,null],["0041400206",452,3,11,4,"9:04 PM","7:17","Beal Free Throw 1 of 2 (20 PTS)",null,null,"83 - 76","-7"],["0041400206",454,8,0,4,"9:04 PM","7:17",null,null,"SUB: Muscala FOR Horford",null,null],["0041400206",455,8,0,4,"9:04 PM","7:17",null,null,"SUB: Korver FOR Teague",null,null],["0041400206",456,3,12,4,"9:04 PM","7:17","Beal Free Throw 2 of 2 (21 PTS)",null,null,"83 - 77","-6"],["0041400206",459,1,74,4,"9:05 PM","7:07",null,null,"Schroder 1' Running Reverse Layup (9 PTS)","85 - 77","-8"],["0041400206",460,6,1,4,"9:05 PM","6:58",null,null,"Muscala P.FOUL (P3.T4) (M.McCutchen)",null,null],["0041400206",461,8,0,4,"9:05 PM","6:58","SUB: Pierce FOR Gooden",null,null,null,null],["0041400206",462,1,79,4,"9:05 PM","6:53","Beal 17' Pullup Jump Shot (23 PTS)",null,null,"85 - 79","-6"],["0041400206",463,6,2,4,"9:06 PM","6:39","Pierce S.FOUL (P4.PN) (M.McCutchen)",null,null,null,null],["0041400206",464,3,11,4,"9:06 PM","6:39",null,null,"Millsap Free Throw 1 of 2 (17 PTS)","86 - 79","-7"],["0041400206",466,3,12,4,"9:06 PM","6:39",null,null,"Millsap Free Throw 2 of 2 (18 PTS)","87 - 79","-8"],["0041400206",469,2,1,4,"9:06 PM","6:29","MISS Beal  3PT Jump Shot",null,null,null,null],["0041400206",470,4,0,4,"9:06 PM","6:28",null,null,"Millsap REBOUND (Off:3 Def:9)",null,null],["0041400206",471,5,1,4,"9:07 PM","6:09","Porter STEAL (2 STL)",null,"Korver Bad Pass Turnover (P1.T10)",null,null],["0041400206",472,6,1,4,"9:07 PM","6:09",null,null,"Muscala P.FOUL (P4.PN) (J.Capers)",null,null],["0041400206",473,3,11,4,"9:07 PM","6:09","MISS Porter Free Throw 1 of 2",null,null,null,null],["0041400206",474,4,1,4,"9:07 PM","6:09","WIZARDS Rebound",null,null,null,null],["0041400206",475,8,0,4,"9:07 PM","6:09",null,null,"SUB: Horford FOR Muscala",null,null],["0041400206",476,3,12,4,"9:08 PM","6:09","Porter Free Throw 2 of 2 (7 PTS)",null,null,"87 - 80","-7"],["0041400206",479,5,40,4,"9:08 PM","5:54",null,null,"Millsap Out of Bounds Lost Ball Turnover (P3.T11)",null,null],["0041400206",480,9,4,4,"9:08 PM","5:54",null,null,null,null,null],["0041400206",483,1,77,4,"9:11 PM","5:48","Nene 1' Driving Jump Shot (5 PTS) (Wall 12 AST)",null,null,"87 - 82","-5"],["0041400206",484,2,1,4,"9:11 PM","5:32",null,null,"MISS Schroder 4' Jump Shot",null,null],["0041400206",485,4,0,4,"9:11 PM","5:32","Nene REBOUND (Off:2 Def:6)",null,null,null,null],["0041400206",486,5,1,4,"9:11 PM","5:27","Wall Bad Pass Turnover (P6.T11)",null,"Schroder STEAL (3 STL)",null,null],["0041400206",487,2,1,4,"9:12 PM","5:13",null,null,"MISS Korver 26' 3PT Jump Shot",null,null],["0041400206",488,4,0,4,"9:12 PM","5:13","Nene REBOUND (Off:2 Def:7)",null,null,null,null],["0041400206",489,6,1,4,"9:12 PM","5:07",null,null,"Schroder P.FOUL (P4.PN) (J.Capers)",null,null],["0041400206",490,3,11,4,"9:12 PM","5:07","Beal Free Throw 1 of 2 (24 PTS)",null,null,"87 - 83","-4"],["0041400206",492,8,0,4,"9:13 PM","5:07",null,null,"SUB: Teague FOR Schroder",null,null],["0041400206",493,3,12,4,"9:13 PM","5:07","Beal Free Throw 2 of 2 (25 PTS)",null,null,"87 - 84","-3"],["0041400206",496,5,12,4,"9:13 PM","5:07",null,null,"Korver Inbound Turnover (P2.T12)",null,null],["0041400206",498,2,1,4,"9:13 PM","5:01","MISS Nene 7' Jump Shot",null,"Horford BLOCK (1 BLK)",null,null],["0041400206",499,4,0,4,"9:13 PM","5:01","WIZARDS Rebound",null,null,null,null],["0041400206",500,2,1,4,"9:14 PM","4:58","MISS Beal 17' Jump Shot",null,null,null,null],["0041400206",501,4,0,4,"9:14 PM","4:57",null,null,"Carroll REBOUND (Off:2 Def:4)",null,null],["0041400206",502,5,2,4,"9:14 PM","4:37","Wall STEAL (2 STL)",null,"Carroll Lost Ball Turnover (P2.T13)",null,null],["0041400206",503,1,90,4,"9:14 PM","4:33","Beal  Running Slam Dunk (27 PTS) (Wall 13 AST)",null,null,"87 - 86","-1"],["0041400206",504,9,1,4,"9:14 PM","4:23",null,null,"Hawks Timeout: Regular (Reg.4 Short 1)",null,null],["0041400206",506,2,1,4,"9:17 PM","4:08",null,null,"MISS Korver 30' 3PT Jump Shot",null,null],["0041400206",507,4,0,4,"9:17 PM","4:06","Pierce REBOUND (Off:0 Def:4)",null,null,null,null],["0041400206",508,1,1,4,"9:18 PM","3:50","Beal 12' Jump Shot (29 PTS) (Nene 1 AST)",null,null,"87 - 88","1"],["0041400206",509,6,4,4,"9:18 PM","3:35",null,null,"Teague OFF.Foul (P1) (M.McCutchen)",null,null],["0041400206",510,5,5,4,"9:18 PM","3:35",null,null,"Teague Foul Turnover (P3.T14)",null,null],["0041400206",511,2,5,4,"9:18 PM","3:20","MISS Porter 1' Layup",null,null,null,null],["0041400206",512,4,0,4,"9:18 PM","3:20","Nene REBOUND (Off:3 Def:7)",null,null,null,null],["0041400206",513,6,1,4,"9:19 PM","3:20",null,null,"Teague P.FOUL (P2.PN) (M.McCutchen)",null,null],["0041400206",514,3,11,4,"9:19 PM","3:20","MISS Nene Free Throw 1 of 2",null,null,null,null],["0041400206",515,4,1,4,"9:19 PM","3:20","WIZARDS Rebound",null,null,null,null],["0041400206",516,3,12,4,"9:19 PM","3:20","MISS Nene Free Throw 2 of 2",null,null,null,null],["0041400206",518,4,0,4,"9:19 PM","3:18",null,null,"Millsap REBOUND (Off:3 Def:10)",null,null],["0041400206",520,2,1,4,"9:20 PM","3:05",null,null,"MISS Horford 17' Jump Shot",null,null],["0041400206",521,4,0,4,"9:20 PM","3:04","Beal REBOUND (Off:1 Def:4)",null,null,null,null],["0041400206",522,7,5,4,"9:20 PM","3:00",null,null,"Korver Violation:Kicked Ball (M.McCutchen)",null,null],["0041400206",523,5,11,4,"9:20 PM","2:38","WIZARDS Turnover: Shot Clock (T#12)",null,null,null,null],["0041400206",525,2,1,4,"9:21 PM","2:26",null,null,"MISS Millsap 5' Jump Shot",null,null],["0041400206",526,4,0,4,"9:21 PM","2:25","Pierce REBOUND (Off:0 Def:5)",null,null,null,null],["0041400206",527,2,1,4,"9:21 PM","2:07","MISS Pierce 27' 3PT Jump Shot",null,null,null,null],["0041400206",528,4,0,4,"9:21 PM","2:06",null,null,"Horford REBOUND (Off:0 Def:7)",null,null],["0041400206",529,1,1,4,"9:21 PM","1:47",null,null,"Millsap 16' Jump Shot (20 PTS)","89 - 88","-1"],["0041400206",530,2,1,4,"9:22 PM","1:30","MISS Wall 25' 3PT Jump Shot",null,null,null,null],["0041400206",531,4,0,4,"9:22 PM","1:28",null,null,"Carroll REBOUND (Off:2 Def:5)",null,null],["0041400206",532,2,1,4,"9:22 PM","1:21",null,null,"MISS Korver 30' 3PT Jump Shot",null,null],["0041400206",533,4,0,4,"9:22 PM","1:20","Nene REBOUND (Off:3 Def:8)",null,null,null,null],["0041400206",534,6,2,4,"9:22 PM","1:14",null,null,"Millsap S.FOUL (P4.PN) (J.Capers)",null,null],["0041400206",535,3,11,4,"9:22 PM","1:14","Wall Free Throw 1 of 2 (20 PTS)",null,null,"89 - 89","TIE"],["0041400206",537,3,12,4,"9:23 PM","1:14","MISS Wall Free Throw 2 of 2",null,null,null,null],["0041400206",539,4,0,4,"9:23 PM","1:13",null,null,"Carroll REBOUND (Off:2 Def:6)",null,null],["0041400206",541,1,5,4,"9:23 PM","0:57",null,null,"Carroll 3' Layup (23 PTS) (Teague 6 AST)","91 - 89","-2"],["0041400206",542,9,2,4,"9:23 PM","0:57","WIZARDS Timeout: Short (Full 4 Short 1)",null,null,null,null],["0041400206",544,8,0,4,"9:24 PM","0:57",null,null,"SUB: Bazemore FOR Teague",null,null],["0041400206",545,2,5,4,"9:25 PM","0:48","MISS Nene 3' Layup",null,null,null,null],["0041400206",546,4,0,4,"9:25 PM","0:47",null,null,"Carroll REBOUND (Off:2 Def:7)",null,null],["0041400206",547,9,2,4,"9:25 PM","0:45",null,null,"Hawks Timeout: Short (Reg.4 Short 2)",null,null],["0041400206",549,8,0,4,"9:26 PM","0:45",null,null,"SUB: Teague FOR Bazemore",null,null],["0041400206",550,1,5,4,"9:26 PM","0:30",null,null,"Carroll 2' Layup (25 PTS) (Teague 7 AST)","93 - 89","-4"],["0041400206",551,9,1,4,"9:26 PM","0:30","WIZARDS Timeout: Regular (Full 5 Short 1)",null,null,null,null],["0041400206",553,8,0,4,"9:28 PM","0:30",null,null,"SUB: Bazemore FOR Teague",null,null],["0041400206",554,2,5,4,"9:28 PM","0:27","MISS Beal 2' Layup",null,"Horford BLOCK (2 BLK)",null,null],["0041400206",555,4,0,4,"9:28 PM","0:26","Beal REBOUND (Off:2 Def:4)",null,null,null,null],["0041400206",556,2,5,4,"9:29 PM","0:19","MISS Wall 1' Layup",null,null,null,null],["0041400206",557,4,0,4,"9:29 PM","0:18",null,null,"Carroll REBOUND (Off:2 Def:8)",null,null],["0041400206",558,9,1,4,"9:29 PM","0:18",null,null,"Hawks Timeout: Regular (Reg.5 Short 2)",null,null],["0041400206",560,8,0,4,"9:30 PM","0:18",null,null,"SUB: Teague FOR Bazemore",null,null],["0041400206",561,8,0,4,"9:30 PM","0:18",null,null,"SUB: Schroder FOR Carroll",null,null],["0041400206",562,8,0,4,"9:30 PM","0:18","SUB: Gooden FOR Nene",null,null,null,null],["0041400206",563,8,0,4,"9:30 PM","0:18","SUB: Temple FOR Pierce",null,null,null,null],["0041400206",564,5,1,4,"9:31 PM","0:14","Beal STEAL (1 STL)",null,"Korver Bad Pass Turnover (P3.T15)",null,null],["0041400206",565,2,5,4,"9:31 PM","0:08","MISS Wall 3' Layup",null,null,null,null],["0041400206",566,4,0,4,"9:31 PM","0:07","Porter REBOUND (Off:6 Def:2)",null,null,null,null],["0041400206",567,2,5,4,"9:31 PM","0:07","MISS Porter 2' Layup",null,null,null,null],["0041400206",568,4,0,4,"9:31 PM","0:07","Temple REBOUND (Off:1 Def:0)",null,null,null,null],["0041400206",569,6,2,4,"9:31 PM","0:07",null,null,"Millsap S.FOUL (P5.PN) (M.McCutchen)",null,null],["0041400206",570,3,11,4,"9:31 PM","0:07","Temple Free Throw 1 of 2 (1 PTS)",null,null,"93 - 90","-3"],["0041400206",572,8,0,4,"9:31 PM","0:07","SUB: Nene FOR Gooden",null,null,null,null],["0041400206",573,3,12,4,"9:31 PM","0:07","Temple Free Throw 2 of 2 (2 PTS)",null,null,"93 - 91","-2"],["0041400206",575,6,28,4,"9:32 PM","0:06","Nene Personal Take Foul (P3.PN) (D.Stafford)",null,null,null,null],["0041400206",576,3,11,4,"9:32 PM","0:06",null,null,"MISS Horford Free Throw 1 of 2",null,null],["0041400206",577,4,1,4,"9:32 PM","0:06",null,null,"Hawks Rebound",null,null],["0041400206",578,8,0,4,"9:33 PM","0:06",null,null,"SUB: Bazemore FOR Teague",null,null],["0041400206",579,8,0,4,"9:33 PM","0:06","SUB: Seraphin FOR Temple",null,null,null,null],["0041400206",580,8,0,4,"9:33 PM","0:06",null,null,"SUB: Carroll FOR Schroder",null,null],["0041400206",581,3,12,4,"9:33 PM","0:06",null,null,"Horford Free Throw 2 of 2 (13 PTS)","94 - 91","-3"],["0041400206",583,9,2,4,"9:33 PM","0:06","WIZARDS Timeout: Short (Full 5 Short 2)",null,null,null,null],["0041400206",585,8,0,4,"9:34 PM","0:06","SUB: Pierce FOR Seraphin",null,null,null,null],["0041400206",587,18,1,4,"9:35 PM","0:00",null,null,null,null,null],["0041400206",588,13,0,4,"9:37 PM","0:00",null,null,null,"94 - 91","-3"]]},{"name":"AvailableVideo","headers":["VIDEO_AVAILABLE_FLAG"],"rowSet":[[1]]}]}