{"resource":"playbyplay","parameters":{"GameID":"0041400202","StartPeriod":0,"EndPeriod":14},"resultSets":[{"name":"PlayByPlay","headers":["GAME_ID","EVENTNUM","EVENTMSGTYPE","EVENTMSGACTIONTYPE","PERIOD","WCTIMESTRING","PCTIMESTRING","HOMEDESCRIPTION","NEUTRALDESCRIPTION","VISITORDESCRIPTION","SCORE","SCOREMARGIN"],"rowSet":[["0041400202",0,12,0,1,"8:04 PM","12:00",null,null,null,null,null],["0041400202",1,10,0,1,"8:04 PM","12:00","Jump Ball Horford vs. Gortat: Tip to Sessions",null,null,null,null],["0041400202",2,5,1,1,"8:04 PM","11:48",null,null,"Sessions Bad Pass Turnover (P1.T1)",null,null],["0041400202",3,2,1,1,"8:04 PM","11:29","MISS Horford 18' Jump Shot",null,null,null,null],["0041400202",4,4,0,1,"8:04 PM","11:28",null,null,"Beal REBOUND (Off:0 Def:1)",null,null],["0041400202",5,2,1,1,"8:05 PM","11:14",null,null,"MISS Pierce  3PT Jump Shot",null,null],["0041400202",6,4,0,1,"8:05 PM","11:12","Millsap REBOUND (Off:0 Def:1)",null,null,null,null],["0041400202",7,1,75,1,"8:05 PM","11:02","Carroll 1' Driving Finger Roll Layup (2 PTS) (Millsap 1 AST)",null,null,"0 - 2","2"],["0041400202",8,2,79,1,"8:05 PM","10:44",null,null,"MISS Beal 17' Pullup Jump Shot",null,null],["0041400202",9,4,0,1,"8:05 PM","10:42","Korver REBOUND (Off:0 Def:1)",null,null,null,null],["0041400202",10,1,5,1,"8:05 PM","10:32","Horford 2' Layup (2 PTS) (Teague 1 AST)",null,null,"0 - 4","4"],["0041400202",11,1,57,1,"8:06 PM","10:07",null,null,"Sessions 6' Driving Hook Shot (2 PTS)","2 - 4","2"],["0041400202",12,2,82,1,"8:06 PM","9:45","MISS Teague 12' Driving Bank Shot",null,null,null,null],["0041400202",13,4,0,1,"8:06 PM","9:42",null,null,"Pierce REBOUND (Off:0 Def:1)",null,null],["0041400202",14,2,42,1,"8:06 PM","9:29","Korver BLOCK (1 BLK)",null,"MISS Beal 1' Driving Layup",null,null],["0041400202",15,4,0,1,"8:06 PM","9:27",null,null,"Gortat REBOUND (Off:1 Def:0)",null,null],["0041400202",16,1,72,1,"8:06 PM","9:26",null,null,"Gortat 2' Putback Layup (2 PTS)","4 - 4","TIE"],["0041400202",17,5,1,1,"8:07 PM","9:14","Horford Bad Pass Turnover (P1.T1)",null,"Beal STEAL (1 STL)",null,null],["0041400202",18,5,2,1,"8:07 PM","9:04","Millsap STEAL (1 STL)",null,"Gortat Lost Ball Turnover (P1.T2)",null,null],["0041400202",19,1,5,1,"8:07 PM","8:58","Carroll 2' Layup (4 PTS) (Horford 1 AST)",null,null,"4 - 6","2"],["0041400202",21,2,1,1,"8:07 PM","8:38",null,null,"MISS Nene 21' Jump Shot",null,null],["0041400202",22,4,0,1,"8:07 PM","8:36",null,null,"Beal REBOUND (Off:1 Def:1)",null,null],["0041400202",23,1,1,1,"8:07 PM","8:32",null,null,"Pierce 24' 3PT Jump Shot (3 PTS) (Beal 1 AST)","7 - 6","-1"],["0041400202",24,1,1,1,"8:08 PM","8:17","Horford 20' Jump Shot (4 PTS) (Carroll 1 AST)",null,null,"7 - 8","1"],["0041400202",25,2,5,1,"8:08 PM","8:00","Horford BLOCK (1 BLK)",null,"MISS Nene  Layup",null,null],["0041400202",26,4,0,1,"8:08 PM","7:57","Teague REBOUND (Off:0 Def:1)",null,null,null,null],["0041400202",27,2,1,1,"8:08 PM","7:54","MISS Korver 25' 3PT Jump Shot",null,null,null,null],["0041400202",28,4,0,1,"8:08 PM","7:53","Teague REBOUND (Off:1 Def:1)",null,null,null,null],["0041400202",29,2,72,1,"8:08 PM","7:51","MISS Teague  Putback Layup",null,null,null,null],["0041400202",30,4,0,1,"8:08 PM","7:50",null,null,"Wizards Rebound",null,null],["0041400202",31,6,3,1,"8:08 PM","7:50","Carroll L.B.FOUL (P1.T1) (M.Davis)",null,null,null,null],["0041400202",32,2,44,1,"8:09 PM","7:37",null,null,"MISS Nene 1' Reverse Layup",null,null],["0041400202",33,4,0,1,"8:09 PM","7:36","HAWKS Rebound",null,null,null,null],["0041400202",34,1,1,1,"8:09 PM","7:30","Korver 25' 3PT Jump Shot (3 PTS) (Teague 2 AST)",null,null,"7 - 11","4"],["0041400202",35,2,79,1,"8:09 PM","7:19",null,null,"MISS Sessions 19' Pullup Jump Shot",null,null],["0041400202",36,4,0,1,"8:09 PM","7:17","Teague REBOUND (Off:1 Def:2)",null,null,null,null],["0041400202",37,2,41,1,"8:09 PM","7:13","MISS Teague 2' Running Layup",null,null,null,null],["0041400202",38,4,0,1,"8:09 PM","7:12",null,null,"Wizards Rebound",null,null],["0041400202",40,2,79,1,"8:10 PM","6:54",null,null,"MISS Sessions 19' Pullup Jump Shot",null,null],["0041400202",41,4,0,1,"8:10 PM","6:53","Carroll REBOUND (Off:0 Def:1)",null,null,null,null],["0041400202",42,2,42,1,"8:10 PM","6:34","MISS Millsap  Driving Layup",null,null,null,null],["0041400202",43,4,0,1,"8:10 PM","6:33",null,null,"Nene REBOUND (Off:0 Def:1)",null,null],["0041400202",44,5,2,1,"8:10 PM","6:23","Teague STEAL (1 STL)",null,"Gortat Lost Ball Turnover (P2.T3)",null,null],["0041400202",45,1,41,1,"8:10 PM","6:18","Teague 2' Running Layup (2 PTS)",null,null,"7 - 13","6"],["0041400202",46,9,1,1,"8:11 PM","6:04",null,null,"Wizards Timeout: Regular (Reg.1 Short 0)",null,null],["0041400202",48,8,0,1,"8:14 PM","6:04","SUB: Antic FOR Horford",null,null,null,null],["0041400202",49,8,0,1,"8:14 PM","6:04","SUB: Bazemore FOR Carroll",null,null,null,null],["0041400202",50,5,4,1,"8:14 PM","5:54",null,null,"Beal Traveling Turnover (P1.T4)",null,null],["0041400202",51,2,1,1,"8:15 PM","5:34","MISS Korver 24' 3PT Jump Shot",null,null,null,null],["0041400202",52,4,0,1,"8:15 PM","5:33","Millsap REBOUND (Off:1 Def:1)",null,null,null,null],["0041400202",53,5,2,1,"8:15 PM","5:26","Korver Lost Ball Turnover (P1.T2)",null,"Beal STEAL (2 STL)",null,null],["0041400202",54,1,50,1,"8:15 PM","5:21",null,null,"Beal  Running Dunk (2 PTS)","9 - 13","4"],["0041400202",55,1,78,1,"8:15 PM","5:07","Millsap 7' Floating Jump Shot (2 PTS) (Teague 3 AST)",null,null,"9 - 15","6"],["0041400202",56,1,79,1,"8:15 PM","4:48",null,null,"Beal 16' Pullup Jump Shot (4 PTS)","11 - 15","4"],["0041400202",57,1,1,1,"8:16 PM","4:32","Millsap 24' 3PT Jump Shot (5 PTS) (Bazemore 1 AST)",null,null,"11 - 18","7"],["0041400202",58,6,2,1,"8:16 PM","4:23","Antic S.FOUL (P1.T2) (J.Tiven)",null,null,null,null],["0041400202",59,3,11,1,"8:16 PM","4:23",null,null,"Nene Free Throw 1 of 2 (1 PTS)","12 - 18","6"],["0041400202",61,3,12,1,"8:16 PM","4:23",null,null,"Nene Free Throw 2 of 2 (2 PTS)","13 - 18","5"],["0041400202",63,1,1,1,"8:17 PM","4:07","Antic  3PT Jump Shot (3 PTS) (Millsap 2 AST)",null,null,"13 - 21","8"],["0041400202",64,2,1,1,"8:17 PM","3:47",null,null,"MISS Beal 15' Jump Shot",null,null],["0041400202",65,4,0,1,"8:17 PM","3:46","HAWKS Rebound",null,null,null,null],["0041400202",66,8,0,1,"8:17 PM","3:46",null,null,"SUB: Gooden FOR Nene",null,null],["0041400202",67,8,0,1,"8:18 PM","3:46","SUB: Schroder FOR Teague",null,null,null,null],["0041400202",68,2,1,1,"8:18 PM","3:35","MISS Korver 25' 3PT Jump Shot",null,null,null,null],["0041400202",69,4,0,1,"8:18 PM","3:34",null,null,"Gooden REBOUND (Off:0 Def:1)",null,null],["0041400202",70,1,75,1,"8:18 PM","3:21",null,null,"Gortat  Driving Finger Roll Layup (4 PTS) (Gooden 1 AST)","15 - 21","6"],["0041400202",71,1,5,1,"8:18 PM","3:09","Millsap 2' Layup (7 PTS) (Schroder 1 AST)",null,null,"15 - 23","8"],["0041400202",72,6,2,1,"8:19 PM","2:54","Antic S.FOUL (P2.T3) (D.Crawford)",null,null,null,null],["0041400202",73,9,1,1,"8:19 PM","2:54","HAWKS Timeout: Regular (Full 1 Short 0)",null,null,null,null],["0041400202",75,8,0,1,"8:19 PM","2:54",null,null,"SUB: Porter FOR Pierce",null,null],["0041400202",76,8,0,1,"8:22 PM","2:54","SUB: Horford FOR Millsap",null,null,null,null],["0041400202",77,8,0,1,"8:22 PM","2:54",null,null,"SUB: Temple FOR Beal",null,null],["0041400202",80,3,11,1,"8:22 PM","2:54",null,null,"MISS Sessions Free Throw 1 of 2",null,null],["0041400202",81,4,1,1,"8:22 PM","2:54",null,null,"Wizards Rebound",null,null],["0041400202",82,3,12,1,"8:22 PM","2:54",null,null,"MISS Sessions Free Throw 2 of 2",null,null],["0041400202",84,4,0,1,"8:22 PM","2:53","Korver REBOUND (Off:0 Def:2)",null,null,null,null],["0041400202",85,1,79,1,"8:23 PM","2:35","Schroder 19' Pullup Jump Shot (2 PTS) (Horford 2 AST)",null,null,"15 - 25","10"],["0041400202",86,2,79,1,"8:23 PM","2:17",null,null,"MISS Porter 17' Pullup Jump Shot",null,null],["0041400202",87,4,0,1,"8:23 PM","2:16","Schroder REBOUND (Off:0 Def:1)",null,null,null,null],["0041400202",88,2,1,1,"8:23 PM","2:03","MISS Antic 25' 3PT Jump Shot",null,null,null,null],["0041400202",89,4,0,1,"8:23 PM","2:01",null,null,"Gortat REBOUND (Off:1 Def:1)",null,null],["0041400202",90,2,1,1,"8:24 PM","1:43",null,null,"MISS Gortat 19' Jump Shot",null,null],["0041400202",91,4,0,1,"8:24 PM","1:42","Schroder REBOUND (Off:0 Def:2)",null,null,null,null],["0041400202",92,2,79,1,"8:24 PM","1:34","MISS Korver 26' 3PT Pullup Jump Shot",null,null,null,null],["0041400202",93,4,0,1,"8:24 PM","1:32",null,null,"Gooden REBOUND (Off:0 Def:2)",null,null],["0041400202",94,1,1,1,"8:24 PM","1:17",null,null,"Sessions 25' 3PT Jump Shot (5 PTS) (Porter 1 AST)","18 - 25","7"],["0041400202",95,6,2,1,"8:24 PM","1:04",null,null,"Sessions S.FOUL (P1.T1) (D.Crawford)",null,null],["0041400202",96,3,11,1,"8:25 PM","1:04","Schroder Free Throw 1 of 2 (3 PTS)",null,null,"18 - 26","8"],["0041400202",98,8,0,1,"8:25 PM","1:04","SUB: Carroll FOR Korver",null,null,null,null],["0041400202",99,3,12,1,"8:25 PM","1:04","MISS Schroder Free Throw 2 of 2",null,null,null,null],["0041400202",101,4,0,1,"8:25 PM","1:03",null,null,"Porter REBOUND (Off:0 Def:1)",null,null],["0041400202",102,6,3,1,"8:25 PM","1:03","Antic L.B.FOUL (P3.T4) (M.Davis)",null,null,null,null],["0041400202",103,8,0,1,"8:25 PM","1:03","SUB: Muscala FOR Antic",null,null,null,null],["0041400202",105,1,47,1,"8:26 PM","0:51",null,null,"Gortat 16' Turnaround Jump Shot (6 PTS)","20 - 26","6"],["0041400202",106,2,1,1,"8:26 PM","0:38","MISS Horford 10' Jump Shot",null,null,null,null],["0041400202",107,4,0,1,"8:26 PM","0:36",null,null,"Gortat REBOUND (Off:1 Def:2)",null,null],["0041400202",108,2,1,1,"8:26 PM","0:29",null,null,"MISS Temple 24' 3PT Jump Shot",null,null],["0041400202",109,4,0,1,"8:26 PM","0:28","Muscala REBOUND (Off:0 Def:1)",null,null,null,null],["0041400202",110,1,76,1,"8:26 PM","0:24","Bazemore 1' Running Finger Roll Layup (2 PTS) (Schroder 2 AST)",null,null,"20 - 28","8"],["0041400202",111,2,79,1,"8:27 PM","0:00",null,null,"MISS Sessions 23' Pullup Jump Shot",null,null],["0041400202",112,4,0,1,"8:27 PM","0:00","Muscala REBOUND (Off:0 Def:2)",null,null,null,null],["0041400202",113,13,0,1,"8:27 PM","0:00",null,null,null,"20 - 28","8"],["0041400202",115,12,0,2,"8:31 PM","12:00",null,null,null,"20 - 28","8"],["0041400202",116,2,1,2,"8:31 PM","11:46","MISS Muscala 25' 3PT Jump Shot",null,null,null,null],["0041400202",117,4,0,2,"8:31 PM","11:44",null,null,"Porter REBOUND (Off:0 Def:2)",null,null],["0041400202",118,5,1,2,"8:31 PM","11:29","Carroll STEAL (1 STL)",null,"Nene Bad Pass Turnover (P1.T5)",null,null],["0041400202",119,2,5,2,"8:31 PM","11:23","MISS Carroll 1' Layup",null,null,null,null],["0041400202",120,4,0,2,"8:31 PM","11:21",null,null,"Nene REBOUND (Off:0 Def:2)",null,null],["0041400202",121,1,41,2,"8:31 PM","11:16",null,null,"Porter 1' Running Layup (2 PTS) (Temple 1 AST)","22 - 28","6"],["0041400202",122,6,2,2,"8:32 PM","11:00",null,null,"Temple S.FOUL (P1.T1) (J.Tiven)",null,null],["0041400202",123,3,11,2,"8:32 PM","11:00","Schroder Free Throw 1 of 2 (4 PTS)",null,null,"22 - 29","7"],["0041400202",125,3,12,2,"8:32 PM","11:00","Schroder Free Throw 2 of 2 (5 PTS)",null,null,"22 - 30","8"],["0041400202",127,2,1,2,"8:33 PM","10:46","Horford BLOCK (2 BLK)",null,"MISS Gooden 25' 3PT Jump Shot",null,null],["0041400202",128,4,0,2,"8:33 PM","10:46","Horford REBOUND (Off:0 Def:1)",null,null,null,null],["0041400202",129,6,1,2,"8:33 PM","10:46",null,null,"Gooden P.FOUL (P1.T2) (D.Crawford)",null,null],["0041400202",130,1,78,2,"8:33 PM","10:29","Carroll 9' Floating Jump Shot (6 PTS) (Horford 3 AST)",null,null,"22 - 32","10"],["0041400202",131,1,50,2,"8:34 PM","10:06",null,null,"Porter  Running Dunk (4 PTS) (Beal 2 AST)","24 - 32","8"],["0041400202",132,2,1,2,"8:34 PM","9:51","MISS Muscala 20' Jump Shot",null,null,null,null],["0041400202",133,4,0,2,"8:34 PM","9:50",null,null,"Temple REBOUND (Off:0 Def:1)",null,null],["0041400202",134,2,1,2,"8:34 PM","9:28",null,null,"MISS Temple 24' 3PT Jump Shot",null,null],["0041400202",135,4,0,2,"8:34 PM","9:26","Carroll REBOUND (Off:0 Def:2)",null,null,null,null],["0041400202",136,8,0,2,"8:34 PM","9:26","SUB: Korver FOR Bazemore",null,null,null,null],["0041400202",137,2,57,2,"8:35 PM","9:11","MISS Carroll 5' Driving Hook Shot",null,null,null,null],["0041400202",138,4,0,2,"8:35 PM","9:10",null,null,"Porter REBOUND (Off:0 Def:3)",null,null],["0041400202",139,2,1,2,"8:35 PM","8:53",null,null,"MISS Porter 20' Jump Shot",null,null],["0041400202",140,4,0,2,"8:35 PM","8:52",null,null,"Wizards Rebound",null,null],["0041400202",141,6,3,2,"8:35 PM","8:52","Muscala L.B.FOUL (P1.T1) (J.Tiven)",null,null,null,null],["0041400202",142,9,4,2,"8:35 PM","8:52",null,null,null,null,null],["0041400202",144,8,0,2,"8:38 PM","8:52","SUB: Teague FOR Schroder",null,null,null,null],["0041400202",145,8,0,2,"8:38 PM","8:52","SUB: Millsap FOR Muscala",null,null,null,null],["0041400202",146,8,0,2,"8:38 PM","8:52",null,null,"SUB: Pierce FOR Gooden",null,null],["0041400202",149,5,1,2,"8:39 PM","8:45","Horford STEAL (1 STL)",null,"Beal Bad Pass Turnover (P2.T6)",null,null],["0041400202",150,1,41,2,"8:39 PM","8:41","Carroll 1' Running Layup (8 PTS) (Horford 4 AST)",null,null,"24 - 34","10"],["0041400202",151,1,79,2,"8:39 PM","8:21",null,null,"Porter 19' Pullup Jump Shot (6 PTS)","26 - 34","8"],["0041400202",152,2,58,2,"8:39 PM","8:04","MISS Millsap 9' Turnaround Hook Shot",null,null,null,null],["0041400202",153,4,0,2,"8:39 PM","8:03","Carroll REBOUND (Off:1 Def:2)",null,null,null,null],["0041400202",154,2,72,2,"8:39 PM","8:02","MISS Carroll 1' Putback Layup",null,null,null,null],["0041400202",155,4,0,2,"8:39 PM","8:00",null,null,"Pierce REBOUND (Off:0 Def:2)",null,null],["0041400202",156,1,5,2,"8:40 PM","7:53",null,null,"Temple 2' Layup (2 PTS)","28 - 34","6"],["0041400202",157,5,2,2,"8:40 PM","7:39","Teague Lost Ball Turnover (P1.T3)",null,"Temple STEAL (1 STL)",null,null],["0041400202",158,5,40,2,"8:40 PM","7:35",null,null,"Temple Out of Bounds Lost Ball Turnover (P1.T7)",null,null],["0041400202",159,1,5,2,"8:40 PM","7:32","Carroll 1' Layup (10 PTS) (Korver 1 AST)",null,null,"28 - 36","8"],["0041400202",160,1,1,2,"8:41 PM","7:08",null,null,"Pierce 25' 3PT Jump Shot (6 PTS) (Porter 2 AST)","31 - 36","5"],["0041400202",161,1,1,2,"8:41 PM","6:53","Horford 20' Jump Shot (6 PTS) (Teague 4 AST)",null,null,"31 - 38","7"],["0041400202",162,2,1,2,"8:41 PM","6:33",null,null,"MISS Beal 21' Jump Shot",null,null],["0041400202",163,4,0,2,"8:41 PM","6:32","Korver REBOUND (Off:0 Def:3)",null,null,null,null],["0041400202",164,1,77,2,"8:41 PM","6:22","Millsap 2' Driving Jump Shot (9 PTS)",null,null,"31 - 40","9"],["0041400202",165,2,79,2,"8:42 PM","6:05",null,null,"MISS Porter 21' Pullup Jump Shot",null,null],["0041400202",166,4,0,2,"8:42 PM","6:03","Horford REBOUND (Off:0 Def:2)",null,null,null,null],["0041400202",167,6,2,2,"8:42 PM","5:42",null,null,"Beal S.FOUL (P1.T3) (J.Tiven)",null,null],["0041400202",169,9,1,2,"8:42 PM","5:42","HAWKS Timeout: Regular (Full 2 Short 0)",null,null,null,null],["0041400202",170,8,0,2,"8:45 PM","5:42",null,null,"SUB: Gortat FOR Nene",null,null],["0041400202",171,8,0,2,"8:45 PM","5:42",null,null,"SUB: Sessions FOR Temple",null,null],["0041400202",172,8,0,2,"8:45 PM","5:42","SUB: Antic FOR Horford",null,null,null,null],["0041400202",173,3,11,2,"8:46 PM","5:42","Teague Free Throw 1 of 2 (3 PTS)",null,null,"31 - 41","10"],["0041400202",175,3,12,2,"8:46 PM","5:42","MISS Teague Free Throw 2 of 2",null,null,null,null],["0041400202",177,4,0,2,"8:46 PM","5:40",null,null,"Pierce REBOUND (Off:0 Def:3)",null,null],["0041400202",178,2,79,2,"8:46 PM","5:25",null,null,"MISS Beal 20' Pullup Jump Shot",null,null],["0041400202",179,4,0,2,"8:47 PM","5:23","Millsap REBOUND (Off:1 Def:2)",null,null,null,null],["0041400202",180,5,1,2,"8:47 PM","5:11","Millsap Bad Pass Turnover (P1.T4)",null,"Sessions STEAL (1 STL)",null,null],["0041400202",181,2,41,2,"8:47 PM","5:07",null,null,"MISS Sessions  Running Layup",null,null],["0041400202",182,4,0,2,"8:47 PM","5:05",null,null,"Porter REBOUND (Off:1 Def:3)",null,null],["0041400202",183,1,1,2,"8:47 PM","4:58",null,null,"Beal 25' 3PT Jump Shot (7 PTS) (Porter 3 AST)","34 - 41","7"],["0041400202",184,2,1,2,"8:47 PM","4:48","MISS Teague 26' 3PT Jump Shot",null,null,null,null],["0041400202",185,4,0,2,"8:47 PM","4:47","HAWKS Rebound",null,null,null,null],["0041400202",186,6,3,2,"8:47 PM","4:47",null,null,"Gortat L.B.FOUL (P1.T4) (D.Crawford)",null,null],["0041400202",187,7,1,2,"8:47 PM","4:47",null,null,"Wizards Violation: Delay of game Violation",null,null],["0041400202",188,5,40,2,"8:48 PM","4:33","Millsap Out of Bounds Lost Ball Turnover (P2.T5)",null,null,null,null],["0041400202",189,2,5,2,"8:48 PM","4:16","Korver BLOCK (2 BLK)",null,"MISS Beal 3' Layup",null,null],["0041400202",190,4,0,2,"8:48 PM","4:13",null,null,"Beal REBOUND (Off:2 Def:1)",null,null],["0041400202",191,2,72,2,"8:48 PM","4:12","Korver BLOCK (3 BLK)",null,"MISS Beal 1' Putback Layup",null,null],["0041400202",192,4,0,2,"8:48 PM","4:10","Carroll REBOUND (Off:1 Def:3)",null,null,null,null],["0041400202",193,1,41,2,"8:48 PM","4:08","Teague  Running Layup (5 PTS) (Carroll 2 AST)",null,null,"34 - 43","9"],["0041400202",194,1,1,2,"8:49 PM","3:51",null,null,"Pierce 25' 3PT Jump Shot (9 PTS) (Sessions 1 AST)","37 - 43","6"],["0041400202",195,2,1,2,"8:49 PM","3:43","MISS Korver 25' 3PT Jump Shot",null,null,null,null],["0041400202",196,4,0,2,"8:49 PM","3:41",null,null,"Pierce REBOUND (Off:0 Def:4)",null,null],["0041400202",197,2,47,2,"8:49 PM","3:32",null,null,"MISS Gortat 6' Turnaround Jump Shot",null,null],["0041400202",198,4,0,2,"8:49 PM","3:31","HAWKS Rebound",null,null,null,null],["0041400202",199,8,0,2,"8:49 PM","3:31","SUB: Horford FOR Antic",null,null,null,null],["0041400202",200,2,1,2,"8:49 PM","3:15","MISS Horford 16' Jump Shot",null,null,null,null],["0041400202",201,4,0,2,"8:49 PM","3:13",null,null,"Gortat REBOUND (Off:1 Def:3)",null,null],["0041400202",202,2,5,2,"8:50 PM","3:03",null,null,"MISS Gortat 2' Layup",null,null],["0041400202",204,4,0,2,"8:50 PM","3:02",null,null,"Gortat REBOUND (Off:2 Def:3)",null,null],["0041400202",203,1,4,2,"8:50 PM","3:02",null,null,"Gortat  Tip Shot (8 PTS)","39 - 43","4"],["0041400202",205,1,52,2,"8:50 PM","2:55","Horford  Alley Oop Dunk (8 PTS) (Teague 5 AST)",null,null,"39 - 45","6"],["0041400202",206,5,2,2,"8:50 PM","2:37","Millsap STEAL (2 STL)",null,"Pierce Lost Ball Turnover (P1.T8)",null,null],["0041400202",207,6,1,2,"8:50 PM","2:37",null,null,"Pierce P.FOUL (P1.PN) (D.Crawford)",null,null],["0041400202",208,9,1,2,"8:50 PM","2:37",null,null,"Wizards Timeout: Regular (Reg.2 Short 0)",null,null],["0041400202",212,3,11,2,"8:54 PM","2:37","Millsap Free Throw 1 of 2 (10 PTS)",null,null,"39 - 46","7"],["0041400202",214,3,12,2,"8:54 PM","2:37","Millsap Free Throw 2 of 2 (11 PTS)",null,null,"39 - 47","8"],["0041400202",216,1,1,2,"8:54 PM","2:24",null,null,"Porter 24' 3PT Jump Shot (9 PTS) (Beal 3 AST)","42 - 47","5"],["0041400202",217,5,1,2,"8:54 PM","2:09","Teague Bad Pass Turnover (P2.T6)",null,"Porter STEAL (1 STL)",null,null],["0041400202",218,1,41,2,"8:55 PM","2:04",null,null,"Sessions 2' Running Layup (7 PTS)","44 - 47","3"],["0041400202",219,2,1,2,"8:55 PM","1:48","MISS Carroll 25' 3PT Jump Shot",null,null,null,null],["0041400202",220,4,0,2,"8:55 PM","1:46","Horford REBOUND (Off:1 Def:2)",null,null,null,null],["0041400202",221,1,66,2,"8:55 PM","1:43","Carroll 9' Jump Bank Shot (12 PTS) (Horford 5 AST)",null,null,"44 - 49","5"],["0041400202",222,1,79,2,"8:55 PM","1:31",null,null,"Beal 19' Pullup Jump Shot (9 PTS)","46 - 49","3"],["0041400202",224,5,1,2,"8:55 PM","1:09","Carroll Bad Pass Turnover (P1.T7)",null,"Porter STEAL (2 STL)",null,null],["0041400202",225,2,1,2,"8:56 PM","0:59",null,null,"MISS Pierce 25' 3PT Jump Shot",null,null],["0041400202",226,4,0,2,"8:56 PM","0:58","HAWKS Rebound",null,null,null,null],["0041400202",227,6,3,2,"8:56 PM","0:58",null,null,"Gortat L.B.FOUL (P2.PN) (D.Crawford)",null,null],["0041400202",228,3,11,2,"8:56 PM","0:58","Millsap Free Throw 1 of 2 (12 PTS)",null,null,"46 - 50","4"],["0041400202",230,8,0,2,"8:56 PM","0:58",null,null,"SUB: Seraphin FOR Gortat",null,null],["0041400202",231,3,12,2,"8:57 PM","0:58","Millsap Free Throw 2 of 2 (13 PTS)",null,null,"46 - 51","5"],["0041400202",233,5,41,2,"8:57 PM","0:49","Millsap STEAL (3 STL)",null,"Seraphin Poss Lost Ball Turnover (P1.T9)",null,null],["0041400202",234,2,57,2,"8:57 PM","0:41","MISS Carroll 5' Driving Hook Shot",null,null,null,null],["0041400202",235,4,0,2,"8:57 PM","0:37",null,null,"Seraphin REBOUND (Off:0 Def:1)",null,null],["0041400202",236,2,79,2,"8:57 PM","0:32",null,null,"MISS Beal 20' Pullup Jump Shot",null,null],["0041400202",237,4,0,2,"8:57 PM","0:32","Teague REBOUND (Off:1 Def:3)",null,null,null,null],["0041400202",238,6,1,2,"8:57 PM","0:32",null,null,"Pierce P.FOUL (P2.PN) (D.Crawford)",null,null],["0041400202",239,3,11,2,"8:58 PM","0:32","Teague Free Throw 1 of 2 (6 PTS)",null,null,"46 - 52","6"],["0041400202",241,8,0,2,"8:58 PM","0:32",null,null,"SUB: Gooden FOR Pierce",null,null],["0041400202",242,3,12,2,"8:58 PM","0:32","Teague Free Throw 2 of 2 (7 PTS)",null,null,"46 - 53","7"],["0041400202",244,2,47,2,"8:58 PM","0:09",null,null,"MISS Seraphin 14' Turnaround Jump Shot",null,null],["0041400202",245,4,0,2,"8:58 PM","0:07","Teague REBOUND (Off:1 Def:4)",null,null,null,null],["0041400202",246,2,79,2,"8:59 PM","0:01","MISS Korver 25' 3PT Pullup Jump Shot",null,null,null,null],["0041400202",247,4,0,2,"8:59 PM","0:01","Teague REBOUND (Off:2 Def:4)",null,null,null,null],["0041400202",248,2,72,2,"8:59 PM","0:00","MISS Teague 1' Putback Layup",null,null,null,null],["0041400202",249,4,0,2,"8:59 PM","0:00","HAWKS Rebound",null,null,null,null],["0041400202",251,13,0,2,"8:59 PM","0:00",null,null,null,"46 - 53","7"],["0041400202",253,12,0,3,"9:17 PM","12:00",null,null,null,"46 - 53","7"],["0041400202",254,2,63,3,"9:17 PM","11:37","MISS Millsap 19' Fadeaway Jumper",null,null,null,null],["0041400202",255,4,0,3,"9:18 PM","11:34",null,null,"Sessions REBOUND (Off:0 Def:1)",null,null],["0041400202",256,1,1,3,"9:18 PM","11:17",null,null,"Sessions 26' 3PT Jump Shot (10 PTS) (Beal 4 AST)","49 - 53","4"],["0041400202",257,2,1,3,"9:18 PM","10:52","MISS Millsap 25' 3PT Jump Shot",null,null,null,null],["0041400202",258,4,0,3,"9:18 PM","10:50",null,null,"Beal REBOUND (Off:2 Def:2)",null,null],["0041400202",259,1,1,3,"9:18 PM","10:42",null,null,"Sessions 24' 3PT Jump Shot (13 PTS) (Beal 5 AST)","52 - 53","1"],["0041400202",260,1,1,3,"9:19 PM","10:23","Korver 25' 3PT Jump Shot (6 PTS) (Carroll 3 AST)",null,null,"52 - 56","4"],["0041400202",261,6,26,3,"9:19 PM","10:07",null,null,"Nene Offensive Charge Foul (P1.T1) (D.Crawford)",null,null],["0041400202",262,5,5,3,"9:19 PM","10:07",null,null,"Nene Foul Turnover (P2.T10)",null,null],["0041400202",263,2,5,3,"9:20 PM","9:49","MISS Horford 3' Layup",null,null,null,null],["0041400202",265,4,0,3,"9:20 PM","9:48","Millsap REBOUND (Off:2 Def:2)",null,null,null,null],["0041400202",264,2,72,3,"9:20 PM","9:48","MISS Millsap  Putback Layup",null,null,null,null],["0041400202",266,4,0,3,"9:20 PM","9:46",null,null,"Sessions REBOUND (Off:0 Def:2)",null,null],["0041400202",267,1,77,3,"9:20 PM","9:32",null,null,"Sessions 9' Driving Jump Shot (15 PTS)","54 - 56","2"],["0041400202",268,1,1,3,"9:20 PM","9:13","Carroll 25' 3PT Jump Shot (15 PTS) (Millsap 3 AST)",null,null,"54 - 59","5"],["0041400202",269,1,42,3,"9:20 PM","8:56",null,null,"Sessions 4' Driving Layup (17 PTS)","56 - 59","3"],["0041400202",270,6,2,3,"9:21 PM","8:47",null,null,"Pierce S.FOUL (P3.T2) (J.Tiven)",null,null],["0041400202",272,3,13,3,"9:21 PM","8:47","Carroll Free Throw 1 of 3 (16 PTS)",null,null,"56 - 60","4"],["0041400202",274,3,14,3,"9:21 PM","8:47","Carroll Free Throw 2 of 3 (17 PTS)",null,null,"56 - 61","5"],["0041400202",276,3,15,3,"9:21 PM","8:47","Carroll Free Throw 3 of 3 (18 PTS)",null,null,"56 - 62","6"],["0041400202",278,2,1,3,"9:22 PM","8:33",null,null,"MISS Pierce 19' Jump Shot",null,null],["0041400202",279,4,0,3,"9:22 PM","8:32","Millsap REBOUND (Off:2 Def:3)",null,null,null,null],["0041400202",280,2,76,3,"9:22 PM","8:26","MISS Millsap 1' Running Finger Roll Layup",null,null,null,null],["0041400202",281,4,0,3,"9:22 PM","8:24",null,null,"Gortat REBOUND (Off:2 Def:4)",null,null],["0041400202",282,1,1,3,"9:22 PM","8:10",null,null,"Beal  3PT Jump Shot (12 PTS) (Gortat 1 AST)","59 - 62","3"],["0041400202",283,2,1,3,"9:23 PM","7:51","MISS Horford 19' Jump Shot",null,null,null,null],["0041400202",284,4,0,3,"9:23 PM","7:50",null,null,"Beal REBOUND (Off:2 Def:3)",null,null],["0041400202",285,6,1,3,"9:23 PM","7:42","Korver P.FOUL (P1.T1) (D.Crawford)",null,null,null,null],["0041400202",286,2,1,3,"9:23 PM","7:29",null,null,"MISS Sessions  3PT Jump Shot",null,null],["0041400202",287,4,0,3,"9:23 PM","7:28","Korver REBOUND (Off:0 Def:4)",null,null,null,null],["0041400202",288,1,1,3,"9:24 PM","7:18","Korver 25' 3PT Jump Shot (9 PTS) (Teague 6 AST)",null,null,"59 - 65","6"],["0041400202",289,2,1,3,"9:24 PM","7:01",null,null,"MISS Beal 25' 3PT Jump Shot",null,null],["0041400202",290,4,0,3,"9:24 PM","6:59","Millsap REBOUND (Off:2 Def:4)",null,null,null,null],["0041400202",291,2,79,3,"9:24 PM","6:47","MISS Teague 20' Pullup Jump Shot",null,null,null,null],["0041400202",292,4,0,3,"9:24 PM","6:45",null,null,"Gortat REBOUND (Off:2 Def:5)",null,null],["0041400202",293,9,1,3,"9:24 PM","6:39",null,null,"Wizards Timeout: Regular (Reg.3 Short 0)",null,null],["0041400202",295,1,1,3,"9:28 PM","6:23",null,null,"Gortat 17' Jump Shot (10 PTS) (Sessions 2 AST)","61 - 65","4"],["0041400202",296,2,1,3,"9:28 PM","6:08","MISS Horford 18' Jump Shot",null,null,null,null],["0041400202",297,4,0,3,"9:28 PM","6:07",null,null,"Gortat REBOUND (Off:2 Def:6)",null,null],["0041400202",298,6,1,3,"9:28 PM","5:59","Korver P.FOUL (P2.T2) (M.Davis)",null,null,null,null],["0041400202",299,8,0,3,"9:29 PM","5:59","SUB: Antic FOR Horford",null,null,null,null],["0041400202",300,8,0,3,"9:29 PM","5:59","SUB: Bazemore FOR Korver",null,null,null,null],["0041400202",301,8,0,3,"9:29 PM","5:59",null,null,"SUB: Gooden FOR Nene",null,null],["0041400202",302,2,79,3,"9:29 PM","5:43",null,null,"MISS Beal 22' Pullup Jump Shot",null,null],["0041400202",303,4,0,3,"9:29 PM","5:40","Teague REBOUND (Off:2 Def:5)",null,null,null,null],["0041400202",304,2,1,3,"9:29 PM","5:35","MISS Carroll 25' 3PT Jump Shot",null,null,null,null],["0041400202",305,10,0,3,"9:30 PM","5:33","Jump Ball Millsap vs. Beal: Tip to Bazemore",null,null,null,null],["0041400202",306,4,0,3,"9:30 PM","5:33","HAWKS Rebound",null,null,null,null],["0041400202",307,2,1,3,"9:30 PM","5:20","MISS Teague 25' 3PT Jump Shot",null,null,null,null],["0041400202",308,4,0,3,"9:30 PM","5:19",null,null,"Pierce REBOUND (Off:0 Def:5)",null,null],["0041400202",309,1,41,3,"9:30 PM","5:14",null,null,"Beal 2' Running Layup (14 PTS) (Pierce 1 AST)","63 - 65","2"],["0041400202",310,2,1,3,"9:31 PM","4:55","MISS Antic 25' 3PT Jump Shot",null,null,null,null],["0041400202",311,4,0,3,"9:31 PM","4:54",null,null,"Gooden REBOUND (Off:0 Def:3)",null,null],["0041400202",312,2,46,3,"9:31 PM","4:43",null,null,"MISS Pierce 17' Running Jump Shot",null,null],["0041400202",313,4,0,3,"9:31 PM","4:40","Antic REBOUND (Off:0 Def:1)",null,null,null,null],["0041400202",314,1,1,3,"9:31 PM","4:32","Bazemore  3PT Jump Shot (5 PTS) (Teague 7 AST)",null,null,"63 - 68","5"],["0041400202",315,2,3,3,"9:31 PM","4:08",null,null,"MISS Gooden 8' Hook Shot",null,null],["0041400202",316,4,0,3,"9:31 PM","4:06","Carroll REBOUND (Off:1 Def:4)",null,null,null,null],["0041400202",317,6,1,3,"9:31 PM","4:05",null,null,"Sessions P.FOUL (P2.T3) (J.Tiven)",null,null],["0041400202",318,8,0,3,"9:32 PM","4:05",null,null,"SUB: Porter FOR Pierce",null,null],["0041400202",319,5,2,3,"9:32 PM","3:55","Bazemore Lost Ball Turnover (P1.T8)",null,"Beal STEAL (3 STL)",null,null],["0041400202",320,1,41,3,"9:32 PM","3:52",null,null,"Beal 1' Running Layup (16 PTS) (Sessions 3 AST)","65 - 68","3"],["0041400202",321,6,2,3,"9:33 PM","3:52","Teague S.FOUL (P1.T3) (J.Tiven)",null,null,null,null],["0041400202",322,3,10,3,"9:33 PM","3:52",null,null,"Beal Free Throw 1 of 1 (17 PTS)","66 - 68","2"],["0041400202",324,8,0,3,"9:33 PM","3:52","SUB: Schroder FOR Teague",null,null,null,null],["0041400202",325,6,2,3,"9:33 PM","3:42",null,null,"Gortat S.FOUL (P3.T4) (J.Tiven)",null,null],["0041400202",326,3,11,3,"9:33 PM","3:42","MISS Millsap Free Throw 1 of 2",null,null,null,null],["0041400202",327,4,1,3,"9:33 PM","3:42","HAWKS Rebound",null,null,null,null],["0041400202",328,3,12,3,"9:33 PM","3:42","Millsap Free Throw 2 of 2 (14 PTS)",null,null,"66 - 69","3"],["0041400202",331,2,42,3,"9:34 PM","3:21",null,null,"MISS Beal 2' Driving Layup",null,null],["0041400202",333,4,0,3,"9:34 PM","3:19",null,null,"Gooden REBOUND (Off:1 Def:3)",null,null],["0041400202",332,1,4,3,"9:34 PM","3:19",null,null,"Gooden  Tip Shot (2 PTS)","68 - 69","1"],["0041400202",334,9,1,3,"9:34 PM","3:14","HAWKS Timeout: Regular (Full 3 Short 0)",null,null,null,null],["0041400202",336,8,0,3,"9:37 PM","3:14","SUB: Korver FOR Bazemore",null,null,null,null],["0041400202",338,2,1,3,"9:38 PM","2:54","MISS Millsap 24' 3PT Jump Shot",null,null,null,null],["0041400202",339,4,0,3,"9:38 PM","2:52","Carroll REBOUND (Off:2 Def:4)",null,null,null,null],["0041400202",340,1,72,3,"9:38 PM","2:51","Carroll  Putback Layup (20 PTS)",null,null,"68 - 71","3"],["0041400202",341,1,1,3,"9:39 PM","2:18",null,null,"Porter  3PT Jump Shot (12 PTS) (Beal 6 AST)","71 - 71","TIE"],["0041400202",344,6,2,3,"9:39 PM","2:06",null,null,"Gortat S.FOUL (P4.PN) (D.Crawford)",null,null],["0041400202",345,3,11,3,"9:39 PM","2:06","Schroder Free Throw 1 of 2 (6 PTS)",null,null,"71 - 72","1"],["0041400202",347,8,0,3,"9:40 PM","2:06","SUB: Bazemore FOR Carroll",null,null,null,null],["0041400202",348,8,0,3,"9:40 PM","2:06",null,null,"SUB: Temple FOR Beal",null,null],["0041400202",349,8,0,3,"9:40 PM","2:06",null,null,"SUB: Nene FOR Gortat",null,null],["0041400202",350,3,12,3,"9:40 PM","2:06","Schroder Free Throw 2 of 2 (7 PTS)",null,null,"71 - 73","2"],["0041400202",352,1,1,3,"9:40 PM","1:52",null,null,"Gooden 19' Jump Shot (4 PTS) (Porter 4 AST)","73 - 73","TIE"],["0041400202",353,1,1,3,"9:40 PM","1:37","Bazemore  3PT Jump Shot (8 PTS) (Schroder 3 AST)",null,null,"73 - 76","3"],["0041400202",354,2,79,3,"9:41 PM","1:11",null,null,"MISS Temple 22' Pullup Jump Shot",null,null],["0041400202",355,4,0,3,"9:41 PM","1:10","Schroder REBOUND (Off:0 Def:3)",null,null,null,null],["0041400202",357,8,0,3,"9:41 PM","1:05","SUB: Horford FOR Millsap",null,null,null,null],["0041400202",358,1,79,3,"9:42 PM","0:47","Horford 16' Pullup Jump Shot (10 PTS)",null,null,"73 - 78","5"],["0041400202",359,6,1,3,"9:42 PM","0:36","Antic P.FOUL (P4.T4) (M.Davis)",null,null,null,null],["0041400202",360,1,1,3,"9:43 PM","0:27",null,null,"Porter 20' Jump Shot (14 PTS) (Nene 1 AST)","75 - 78","3"],["0041400202",361,1,73,3,"9:43 PM","0:07","Schroder 1' Driving Reverse Layup (9 PTS)",null,null,"75 - 80","5"],["0041400202",362,2,79,3,"9:43 PM","0:02",null,null,"MISS Sessions 25' 3PT Pullup Jump Shot",null,null],["0041400202",363,4,0,3,"9:43 PM","0:00","Antic REBOUND (Off:0 Def:2)",null,null,null,null],["0041400202",365,13,0,3,"9:44 PM","0:00",null,null,null,"75 - 80","5"],["0041400202",367,12,0,4,"9:47 PM","12:00",null,null,null,"75 - 80","5"],["0041400202",368,2,1,4,"9:48 PM","11:43",null,null,"MISS Porter 25' 3PT Jump Shot",null,null],["0041400202",369,4,0,4,"9:48 PM","11:40","Korver REBOUND (Off:0 Def:5)",null,null,null,null],["0041400202",370,5,1,4,"9:48 PM","11:37","Bazemore Bad Pass Turnover (P2.T9)",null,"Gooden STEAL (1 STL)",null,null],["0041400202",371,5,1,4,"9:48 PM","11:24","Horford STEAL (2 STL)",null,"Gooden Bad Pass Turnover (P1.T11)",null,null],["0041400202",372,6,29,4,"9:48 PM","11:20",null,null,"Gooden Shooting Block Foul (P2.T1) (M.Davis)",null,null],["0041400202",373,3,11,4,"9:48 PM","11:20","Bazemore Free Throw 1 of 2 (9 PTS)",null,null,"75 - 81","6"],["0041400202",375,3,12,4,"9:49 PM","11:20","Bazemore Free Throw 2 of 2 (10 PTS)",null,null,"75 - 82","7"],["0041400202",377,2,77,4,"9:49 PM","11:02","Bazemore BLOCK (1 BLK)",null,"MISS Porter 11' Driving Jump Shot",null,null],["0041400202",378,4,0,4,"9:49 PM","11:02",null,null,"Wizards Rebound",null,null],["0041400202",379,2,1,4,"9:49 PM","10:59",null,null,"MISS Beal 17' Jump Shot",null,null],["0041400202",380,4,0,4,"9:49 PM","10:56","Schroder REBOUND (Off:0 Def:4)",null,null,null,null],["0041400202",381,2,5,4,"9:50 PM","10:52","MISS Antic 2' Layup",null,"Gooden BLOCK (1 BLK)",null,null],["0041400202",382,4,0,4,"9:50 PM","10:50","Horford REBOUND (Off:2 Def:2)",null,null,null,null],["0041400202",383,2,42,4,"9:50 PM","10:39","MISS Schroder 1' Driving Layup",null,null,null,null],["0041400202",384,4,0,4,"9:50 PM","10:38",null,null,"Porter REBOUND (Off:1 Def:4)",null,null],["0041400202",385,2,77,4,"9:50 PM","10:19",null,null,"MISS Beal 7' Driving Jump Shot",null,null],["0041400202",386,4,0,4,"9:50 PM","10:19","HAWKS Rebound",null,null,null,null],["0041400202",387,1,43,4,"9:51 PM","9:55","Horford 1' Alley Oop Layup (12 PTS) (Schroder 4 AST)",null,null,"75 - 84","9"],["0041400202",388,9,1,4,"9:51 PM","9:55",null,null,"Wizards Timeout: Regular (Reg.4 Short 0)",null,null],["0041400202",390,8,0,4,"9:54 PM","9:55",null,null,"SUB: Pierce FOR Nene",null,null],["0041400202",391,8,0,4,"9:54 PM","9:55",null,null,"SUB: Sessions FOR Gooden",null,null],["0041400202",392,8,0,4,"9:54 PM","9:55",null,null,"SUB: Gortat FOR Temple",null,null],["0041400202",393,2,1,4,"9:54 PM","9:43",null,null,"MISS Porter 16' Jump Shot",null,null],["0041400202",394,4,0,4,"9:54 PM","9:42","Schroder REBOUND (Off:0 Def:5)",null,null,null,null],["0041400202",395,6,1,4,"9:55 PM","9:34",null,null,"Porter P.FOUL (P1.T2) (J.Tiven)",null,null],["0041400202",396,2,1,4,"9:55 PM","9:29","MISS Horford 19' Jump Shot",null,null,null,null],["0041400202",397,4,0,4,"9:55 PM","9:27",null,null,"Porter REBOUND (Off:1 Def:5)",null,null],["0041400202",398,1,42,4,"9:55 PM","9:19",null,null,"Sessions 2' Driving Layup (19 PTS)","77 - 84","7"],["0041400202",399,6,2,4,"9:55 PM","9:19","Schroder S.FOUL (P1.T1) (M.Davis)",null,null,null,null],["0041400202",400,8,0,4,"9:56 PM","9:19","SUB: Millsap FOR Korver",null,null,null,null],["0041400202",401,8,0,4,"9:56 PM","9:19","SUB: Carroll FOR Antic",null,null,null,null],["0041400202",403,3,10,4,"9:56 PM","9:19",null,null,"Sessions Free Throw 1 of 1 (20 PTS)","78 - 84","6"],["0041400202",406,6,27,4,"9:56 PM","9:02",null,null,"Beal Personal Block Foul (P2.T3) (D.Crawford)",null,null],["0041400202",407,2,79,4,"9:57 PM","8:54","MISS Schroder 19' Pullup Jump Shot",null,null,null,null],["0041400202",408,4,0,4,"9:57 PM","8:52",null,null,"Porter REBOUND (Off:1 Def:6)",null,null],["0041400202",409,1,1,4,"9:57 PM","8:44",null,null,"Pierce 25' 3PT Jump Shot (12 PTS) (Beal 7 AST)","81 - 84","3"],["0041400202",410,1,5,4,"9:57 PM","8:17","Horford 2' Layup (14 PTS) (Millsap 4 AST)",null,null,"81 - 86","5"],["0041400202",411,6,1,4,"9:57 PM","8:00","Schroder P.FOUL (P2.T2) (J.Tiven)",null,null,null,null],["0041400202",412,8,0,4,"9:58 PM","8:00","SUB: Teague FOR Schroder",null,null,null,null],["0041400202",413,8,0,4,"9:58 PM","8:00","SUB: Korver FOR Bazemore",null,null,null,null],["0041400202",414,2,79,4,"9:58 PM","7:49",null,null,"MISS Beal 17' Pullup Jump Shot",null,null],["0041400202",415,4,0,4,"9:58 PM","7:48","Millsap REBOUND (Off:2 Def:5)",null,null,null,null],["0041400202",416,1,1,4,"9:58 PM","7:29","Horford 19' Jump Shot (16 PTS) (Carroll 4 AST)",null,null,"81 - 88","7"],["0041400202",417,5,1,4,"9:59 PM","7:11","Horford STEAL (3 STL)",null,"Sessions Bad Pass Turnover (P2.T12)",null,null],["0041400202",418,6,1,4,"9:59 PM","7:10",null,null,"Sessions P.FOUL (P3.T4) (D.Crawford)",null,null],["0041400202",419,5,1,4,"9:59 PM","6:54","Teague Bad Pass Turnover (P3.T10)",null,"Porter STEAL (3 STL)",null,null],["0041400202",420,6,2,4,"9:59 PM","6:52","Horford S.FOUL (P1.T3) (D.Crawford)",null,null,null,null],["0041400202",421,3,11,4,"10:00 PM","6:52",null,null,"MISS Porter Free Throw 1 of 2",null,null],["0041400202",422,4,1,4,"10:00 PM","6:52",null,null,"Wizards Rebound",null,null],["0041400202",423,3,12,4,"10:00 PM","6:52",null,null,"Porter Free Throw 2 of 2 (15 PTS)","82 - 88","6"],["0041400202",425,2,1,4,"10:00 PM","6:42","MISS Korver 25' 3PT Jump Shot",null,null,null,null],["0041400202",426,4,0,4,"10:00 PM","6:41",null,null,"Gortat REBOUND (Off:2 Def:7)",null,null],["0041400202",427,6,1,4,"10:00 PM","6:36","Teague P.FOUL (P2.T4) (M.Davis)",null,null,null,null],["0041400202",428,8,0,4,"10:01 PM","6:36","SUB: Antic FOR Horford",null,null,null,null],["0041400202",430,6,4,4,"10:01 PM","6:23",null,null,"Gortat OFF.Foul (P5) (J.Tiven)",null,null],["0041400202",431,5,5,4,"10:01 PM","6:23",null,null,"Gortat Foul Turnover (P3.T13)",null,null],["0041400202",432,2,1,4,"10:02 PM","6:10","MISS Antic 25' 3PT Jump Shot",null,null,null,null],["0041400202",433,4,0,4,"10:02 PM","6:06",null,null,"Porter REBOUND (Off:1 Def:7)",null,null],["0041400202",434,6,2,4,"10:02 PM","6:01","Korver S.FOUL (P3.PN) (J.Tiven)",null,null,null,null],["0041400202",435,3,11,4,"10:02 PM","6:01",null,null,"Sessions Free Throw 1 of 2 (21 PTS)","83 - 88","5"],["0041400202",437,3,12,4,"10:02 PM","6:01",null,null,"MISS Sessions Free Throw 2 of 2",null,null],["0041400202",439,4,0,4,"10:03 PM","6:00","Millsap REBOUND (Off:2 Def:6)",null,null,null,null],["0041400202",440,9,1,4,"10:03 PM","5:56","HAWKS Timeout: Regular (Full 4 Short 0)",null,null,null,null],["0041400202",444,2,1,4,"10:07 PM","5:44","MISS Carroll  3PT Jump Shot",null,null,null,null],["0041400202",445,4,0,4,"10:07 PM","5:42","Millsap REBOUND (Off:3 Def:6)",null,null,null,null],["0041400202",446,1,1,4,"10:07 PM","5:39","Millsap 8' Jump Shot (16 PTS)",null,null,"83 - 90","7"],["0041400202",447,2,42,4,"10:07 PM","5:19",null,null,"MISS Gortat 1' Driving Layup",null,null],["0041400202",448,4,0,4,"10:07 PM","5:16","Korver REBOUND (Off:0 Def:6)",null,null,null,null],["0041400202",449,1,1,4,"10:07 PM","5:01","Antic  3PT Jump Shot (6 PTS) (Teague 8 AST)",null,null,"83 - 93","10"],["0041400202",450,2,1,4,"10:08 PM","4:38",null,null,"MISS Gortat 6' Jump Shot",null,null],["0041400202",451,4,0,4,"10:08 PM","4:37","Antic REBOUND (Off:0 Def:3)",null,null,null,null],["0041400202",452,2,1,4,"10:08 PM","4:27","MISS Teague 25' 3PT Jump Shot",null,null,null,null],["0041400202",453,4,0,4,"10:08 PM","4:26","HAWKS Rebound",null,null,null,null],["0041400202",454,6,3,4,"10:08 PM","4:26",null,null,"Gortat L.B.FOUL (P6.PN) (M.Davis)",null,null],["0041400202",455,8,0,4,"10:08 PM","4:26",null,null,"SUB: Nene FOR Gortat",null,null],["0041400202",456,3,11,4,"10:09 PM","4:26","Antic Free Throw 1 of 2 (7 PTS)",null,null,"83 - 94","11"],["0041400202",458,3,12,4,"10:09 PM","4:26","Antic Free Throw 2 of 2 (8 PTS)",null,null,"83 - 95","12"],["0041400202",460,5,1,4,"10:09 PM","4:13","Millsap STEAL (4 STL)",null,"Nene Bad Pass Turnover (P3.T14)",null,null],["0041400202",461,2,73,4,"10:10 PM","3:54","MISS Teague 1' Driving Reverse Layup",null,null,null,null],["0041400202",462,4,0,4,"10:10 PM","3:51",null,null,"Nene REBOUND (Off:0 Def:3)",null,null],["0041400202",463,1,1,4,"10:10 PM","3:47",null,null,"Pierce 24' 3PT Jump Shot (15 PTS) (Porter 5 AST)","86 - 95","9"],["0041400202",464,2,42,4,"10:10 PM","3:22","MISS Millsap 1' Driving Layup",null,null,null,null],["0041400202",466,4,0,4,"10:10 PM","3:21","Millsap REBOUND (Off:4 Def:6)",null,null,null,null],["0041400202",465,2,4,4,"10:10 PM","3:21","MISS Millsap  Tip Shot",null,null,null,null],["0041400202",467,4,0,4,"10:10 PM","3:20",null,null,"Sessions REBOUND (Off:0 Def:3)",null,null],["0041400202",468,1,1,4,"10:10 PM","3:16",null,null,"Beal 22' Jump Shot (19 PTS) (Sessions 4 AST)","88 - 95","7"],["0041400202",469,1,1,4,"10:11 PM","2:53","Korver  3PT Jump Shot (12 PTS) (Millsap 5 AST)",null,null,"88 - 98","10"],["0041400202",470,9,2,4,"10:11 PM","2:50",null,null,"Wizards Timeout: Short (Reg.4 Short 1)",null,null],["0041400202",472,9,4,4,"10:11 PM","2:50",null,null,null,null,null],["0041400202",474,8,0,4,"10:14 PM","2:50","SUB: Horford FOR Antic",null,null,null,null],["0041400202",476,2,5,4,"10:14 PM","2:35",null,null,"MISS Nene 2' Layup",null,null],["0041400202",478,4,0,4,"10:14 PM","2:33",null,null,"Nene REBOUND (Off:1 Def:3)",null,null],["0041400202",477,2,4,4,"10:14 PM","2:33",null,null,"MISS Nene 1' Tip Shot",null,null],["0041400202",479,4,0,4,"10:14 PM","2:33",null,null,"Wizards Rebound",null,null],["0041400202",480,6,4,4,"10:15 PM","2:29",null,null,"Nene OFF.Foul (P2) (D.Crawford)",null,null],["0041400202",481,5,5,4,"10:15 PM","2:29",null,null,"Nene Foul Turnover (P4.T15)",null,null],["0041400202",482,2,77,4,"10:15 PM","2:11","MISS Millsap 6' Driving Jump Shot",null,null,null,null],["0041400202",483,4,0,4,"10:15 PM","2:08","Millsap REBOUND (Off:5 Def:6)",null,null,null,null],["0041400202",484,1,1,4,"10:15 PM","1:50","Millsap 18' Jump Shot (18 PTS) (Horford 6 AST)",null,null,"88 - 100","12"],["0041400202",485,9,1,4,"10:16 PM","1:50",null,null,"Wizards Timeout: Regular (Reg.5 Short 1)",null,null],["0041400202",487,8,0,4,"10:17 PM","1:50",null,null,"SUB: Gooden FOR Nene",null,null],["0041400202",488,2,1,4,"10:18 PM","1:44",null,null,"MISS Pierce 24' 3PT Jump Shot",null,null],["0041400202",489,4,0,4,"10:18 PM","1:43",null,null,"Wizards Rebound",null,null],["0041400202",490,6,3,4,"10:18 PM","1:43","Horford L.B.FOUL (P2.PN) (M.Davis)",null,null,null,null],["0041400202",491,3,11,4,"10:18 PM","1:43",null,null,"MISS Gooden Free Throw 1 of 2",null,null],["0041400202",492,4,1,4,"10:18 PM","1:43",null,null,"Wizards Rebound",null,null],["0041400202",494,3,12,4,"10:19 PM","1:43",null,null,"Gooden Free Throw 2 of 2 (5 PTS)","89 - 100","11"],["0041400202",496,6,2,4,"10:19 PM","1:20",null,null,"Porter S.FOUL (P2.PN) (D.Crawford)",null,null],["0041400202",497,3,11,4,"10:20 PM","1:20","Horford Free Throw 1 of 2 (17 PTS)",null,null,"89 - 101","12"],["0041400202",499,3,12,4,"10:20 PM","1:20","Horford Free Throw 2 of 2 (18 PTS)",null,null,"89 - 102","13"],["0041400202",502,6,1,4,"10:20 PM","1:10","Millsap P.FOUL (P1.PN) (D.Crawford)",null,null,null,null],["0041400202",503,3,11,4,"10:21 PM","1:10",null,null,"MISS Beal Free Throw 1 of 2",null,null],["0041400202",504,4,1,4,"10:21 PM","1:10",null,null,"Wizards Rebound",null,null],["0041400202",505,8,0,4,"10:21 PM","1:10","SUB: Schroder FOR Korver",null,null,null,null],["0041400202",508,3,12,4,"10:23 PM","1:10",null,null,"Beal Free Throw 2 of 2 (20 PTS)","90 - 102","12"],["0041400202",510,9,2,4,"10:24 PM","0:59","HAWKS Timeout: Short (Full 4 Short 1)",null,null,null,null],["0041400202",511,8,0,4,"10:24 PM","0:59","SUB: Korver FOR Schroder",null,null,null,null],["0041400202",512,1,41,4,"10:25 PM","0:51","Carroll 2' Running Layup (22 PTS) (Korver 2 AST)",null,null,"90 - 104","14"],["0041400202",513,5,2,4,"10:25 PM","0:39","Korver STEAL (1 STL)",null,"Beal Lost Ball Turnover (P3.T16)",null,null],["0041400202",514,1,77,4,"10:25 PM","0:15","Teague 4' Driving Jump Shot (9 PTS)",null,null,"90 - 106","16"],["0041400202",516,13,0,4,"10:26 PM","0:00",null,null,null,"90 - 106","16"]]},{"name":"AvailableVideo","headers":["VIDEO_AVAILABLE_FLAG"],"rowSet":[[1]]}]}