{"resource":"playbyplay","parameters":{"GameID":"0041400215","StartPeriod":0,"EndPeriod":14},"resultSets":[{"name":"PlayByPlay","headers":["GAME_ID","EVENTNUM","EVENTMSGTYPE","EVENTMSGACTIONTYPE","PERIOD","WCTIMESTRING","PCTIMESTRING","HOMEDESCRIPTION","NEUTRALDESCRIPTION","VISITORDESCRIPTION","SCORE","SCOREMARGIN"],"rowSet":[["0041400215",0,12,0,1,"7:04 PM","12:00",null,null,null,null,null],["0041400215",1,10,0,1,"7:04 PM","12:00","Jump Ball Mozgov vs. Noah: Tip to Rose",null,null,null,null],["0041400215",2,1,66,1,"7:04 PM","11:43",null,null,"Gibson 8' Jump Bank Shot (2 PTS) (Rose 1 AST)","2 - 0","-2"],["0041400215",3,2,1,1,"7:05 PM","11:19","MISS Irving 15' Jump Shot",null,null,null,null],["0041400215",4,4,0,1,"7:05 PM","11:18",null,null,"Butler REBOUND (Off:0 Def:1)",null,null],["0041400215",5,2,66,1,"7:05 PM","11:06",null,null,"MISS Rose 14' Jump Bank Shot",null,null],["0041400215",6,4,0,1,"7:05 PM","11:03",null,null,"Noah REBOUND (Off:1 Def:0)",null,null],["0041400215",7,1,7,1,"7:05 PM","10:59",null,null,"Noah  Dunk (2 PTS) (Butler 1 AST)","4 - 0","-4"],["0041400215",8,2,1,1,"7:05 PM","10:38","MISS James 26' 3PT Jump Shot",null,null,null,null],["0041400215",9,4,0,1,"7:05 PM","10:38","CAVALIERS Rebound",null,null,null,null],["0041400215",10,6,3,1,"7:06 PM","10:38",null,null,"Noah L.B.FOUL (P1.T1) (D.Stafford)",null,null],["0041400215",11,2,1,1,"7:06 PM","10:17","MISS Mozgov 17' Jump Shot",null,null,null,null],["0041400215",12,4,0,1,"7:06 PM","10:16",null,null,"Butler REBOUND (Off:0 Def:2)",null,null],["0041400215",13,6,1,1,"7:06 PM","10:10","Mozgov P.FOUL (P1.T1) (J.Crawford)",null,null,null,null],["0041400215",14,1,1,1,"7:07 PM","10:05",null,null,"Rose 7' Jump Shot (2 PTS)","6 - 0","-6"],["0041400215",15,2,1,1,"7:07 PM","9:53","MISS Thompson 8' Jump Shot",null,null,null,null],["0041400215",16,4,0,1,"7:07 PM","9:52",null,null,"Dunleavy REBOUND (Off:0 Def:1)",null,null],["0041400215",17,1,5,1,"7:07 PM","9:40",null,null,"Gibson 1' Layup (4 PTS) (Rose 2 AST)","8 - 0","-8"],["0041400215",18,9,1,1,"7:07 PM","9:33","CAVALIERS Timeout: Regular (Full 1 Short 0)",null,null,null,null],["0041400215",22,1,5,1,"7:10 PM","9:21","James 1' Layup (2 PTS)",null,null,"8 - 2","-6"],["0041400215",23,2,44,1,"7:11 PM","9:03",null,null,"MISS Dunleavy 1' Reverse Layup",null,null],["0041400215",24,4,0,1,"7:11 PM","9:01","Mozgov REBOUND (Off:0 Def:1)",null,null,null,null],["0041400215",25,2,1,1,"7:11 PM","8:50","MISS Shumpert  3PT Jump Shot",null,null,null,null],["0041400215",26,4,0,1,"7:11 PM","8:49","James REBOUND (Off:1 Def:0)",null,null,null,null],["0041400215",27,6,2,1,"7:11 PM","8:36",null,null,"Butler S.FOUL (P1.T2) (J.Crawford)",null,null],["0041400215",28,3,11,1,"7:12 PM","8:36","James Free Throw 1 of 2 (3 PTS)",null,null,"8 - 3","-5"],["0041400215",30,3,12,1,"7:12 PM","8:36","James Free Throw 2 of 2 (4 PTS)",null,null,"8 - 4","-4"],["0041400215",33,1,42,1,"7:12 PM","8:21",null,null,"Rose 1' Driving Layup (4 PTS)","10 - 4","-6"],["0041400215",34,2,1,1,"7:12 PM","8:08","MISS Mozgov 3' Jump Shot",null,null,null,null],["0041400215",35,4,0,1,"7:12 PM","8:07","Mozgov REBOUND (Off:1 Def:1)",null,null,null,null],["0041400215",36,5,2,1,"7:12 PM","8:05","Mozgov Lost Ball Turnover (P1.T1)",null,"Rose STEAL (1 STL)",null,null],["0041400215",37,1,5,1,"7:13 PM","8:03",null,null,"Rose 1' Layup (6 PTS)","12 - 4","-8"],["0041400215",38,6,2,1,"7:13 PM","8:03","James S.FOUL (P1.T2) (Z.Zarba)",null,null,null,null],["0041400215",39,3,10,1,"7:13 PM","8:03",null,null,"MISS Rose Free Throw 1 of 1",null,null],["0041400215",41,4,0,1,"7:13 PM","8:02","Mozgov REBOUND (Off:1 Def:2)",null,null,null,null],["0041400215",43,2,1,1,"7:14 PM","7:39","MISS Mozgov 16' Jump Shot",null,null,null,null],["0041400215",44,4,0,1,"7:14 PM","7:38",null,null,"Rose REBOUND (Off:0 Def:1)",null,null],["0041400215",45,6,2,1,"7:14 PM","7:21","Irving S.FOUL (P1.T3) (J.Crawford)",null,null,null,null],["0041400215",46,3,11,1,"7:14 PM","7:21",null,null,"Rose Free Throw 1 of 2 (7 PTS)","13 - 4","-9"],["0041400215",48,3,12,1,"7:14 PM","7:21",null,null,"Rose Free Throw 2 of 2 (8 PTS)","14 - 4","-10"],["0041400215",50,1,42,1,"7:15 PM","7:00","Irving 1' Driving Layup (2 PTS)",null,null,"14 - 6","-8"],["0041400215",51,1,1,1,"7:15 PM","6:38",null,null,"Gibson 12' Jump Shot (6 PTS) (Butler 2 AST)","16 - 6","-10"],["0041400215",52,2,1,1,"7:16 PM","6:25","MISS Irving 20' Jump Shot",null,null,null,null],["0041400215",53,4,0,1,"7:16 PM","6:24",null,null,"Dunleavy REBOUND (Off:0 Def:2)",null,null],["0041400215",54,2,1,1,"7:16 PM","6:10",null,null,"MISS Noah 18' Jump Shot",null,null],["0041400215",55,4,0,1,"7:16 PM","6:10",null,null,"Bulls Rebound",null,null],["0041400215",56,6,3,1,"7:16 PM","6:10","Thompson L.B.FOUL (P1.T4) (D.Stafford)",null,null,null,null],["0041400215",57,5,1,1,"7:16 PM","6:05","James STEAL (1 STL)",null,"Rose Bad Pass Turnover (P1.T1)",null,null],["0041400215",58,1,88,1,"7:16 PM","5:59","James  Driving Slam Dunk (6 PTS)",null,null,"16 - 8","-8"],["0041400215",60,1,1,1,"7:17 PM","5:44",null,null,"Butler 18' Jump Shot (2 PTS)","18 - 8","-10"],["0041400215",61,1,80,1,"7:17 PM","5:16","Shumpert 18' Step Back Jump Shot (2 PTS)",null,null,"18 - 10","-8"],["0041400215",62,2,1,1,"7:18 PM","4:46",null,null,"MISS Butler 20' Jump Shot",null,null],["0041400215",63,4,0,1,"7:18 PM","4:45","James REBOUND (Off:1 Def:1)",null,null,null,null],["0041400215",64,6,1,1,"7:18 PM","4:44",null,null,"Butler P.FOUL (P2.T3) (Z.Zarba)",null,null],["0041400215",65,8,0,1,"7:18 PM","4:44","SUB: Smith FOR Shumpert",null,null,null,null],["0041400215",66,8,0,1,"7:18 PM","4:44",null,null,"SUB: Snell FOR Butler",null,null],["0041400215",67,1,86,1,"7:19 PM","4:22","James 16' Turnaround Fadeaway (8 PTS) (Irving 1 AST)",null,null,"18 - 12","-6"],["0041400215",68,2,1,1,"7:19 PM","4:02",null,null,"MISS Gibson 5' Jump Shot",null,null],["0041400215",69,4,0,1,"7:19 PM","4:01","Irving REBOUND (Off:0 Def:1)",null,null,null,null],["0041400215",70,1,42,1,"7:19 PM","3:54","Irving 1' Driving Layup (4 PTS)",null,null,"18 - 14","-4"],["0041400215",71,2,1,1,"7:19 PM","3:42","Mozgov BLOCK (1 BLK)",null,"MISS Noah 4' Jump Shot",null,null],["0041400215",72,4,0,1,"7:19 PM","3:40","James REBOUND (Off:1 Def:2)",null,null,null,null],["0041400215",73,2,52,1,"7:19 PM","3:35","MISS Mozgov  Alley Oop Dunk",null,null,null,null],["0041400215",74,4,0,1,"7:20 PM","3:34",null,null,"Gibson REBOUND (Off:0 Def:1)",null,null],["0041400215",75,2,47,1,"7:20 PM","3:26",null,null,"MISS Rose 5' Turnaround Jump Shot",null,null],["0041400215",76,4,0,1,"7:20 PM","3:24","Mozgov REBOUND (Off:1 Def:3)",null,null,null,null],["0041400215",77,5,40,1,"7:20 PM","3:15","Smith Out of Bounds Lost Ball Turnover (P1.T2)",null,null,null,null],["0041400215",78,8,0,1,"7:20 PM","3:15",null,null,"SUB: Mirotic FOR Noah",null,null],["0041400215",79,8,0,1,"7:20 PM","3:15",null,null,"SUB: Hinrich FOR Dunleavy",null,null],["0041400215",82,1,1,1,"7:21 PM","3:04",null,null,"Rose 17' Jump Shot (10 PTS)","20 - 14","-6"],["0041400215",83,1,45,1,"7:21 PM","2:39","Smith 27' 3PT Jump Shot (3 PTS)",null,null,"20 - 17","-3"],["0041400215",84,1,42,1,"7:21 PM","2:25",null,null,"Rose 1' Driving Layup (12 PTS)","22 - 17","-5"],["0041400215",85,9,2,1,"7:21 PM","2:17","CAVALIERS Timeout: Short (Full 1 Short 1)",null,null,null,null],["0041400215",87,9,1,1,"7:22 PM","2:17",null,null,"Bulls Timeout: Regular (Reg.1 Short 0)",null,null],["0041400215",90,8,0,1,"7:24 PM","2:17","SUB: Shumpert FOR James",null,null,null,null],["0041400215",91,2,1,1,"7:25 PM","2:08","MISS Smith 25' 3PT Jump Shot",null,null,null,null],["0041400215",92,4,0,1,"7:25 PM","2:07",null,null,"Rose REBOUND (Off:0 Def:2)",null,null],["0041400215",93,2,66,1,"7:25 PM","2:01",null,null,"MISS Rose 15' Jump Bank Shot",null,null],["0041400215",94,4,0,1,"7:25 PM","2:00","Thompson REBOUND (Off:0 Def:1)",null,null,null,null],["0041400215",95,5,1,1,"7:25 PM","1:51","Irving Bad Pass Turnover (P1.T3)",null,null,null,null],["0041400215",96,8,0,1,"7:25 PM","1:51","SUB: Jones FOR Mozgov",null,null,null,null],["0041400215",97,2,1,1,"7:26 PM","1:35",null,null,"MISS Snell 24' 3PT Jump Shot",null,null],["0041400215",98,4,0,1,"7:26 PM","1:34","Shumpert REBOUND (Off:0 Def:1)",null,null,null,null],["0041400215",99,1,79,1,"7:26 PM","1:27","Shumpert 18' Pullup Jump Shot (4 PTS)",null,null,"22 - 19","-3"],["0041400215",100,6,1,1,"7:26 PM","1:09","Smith P.FOUL (P1.PN) (Z.Zarba)",null,null,null,null],["0041400215",101,3,11,1,"7:27 PM","1:09",null,null,"Gibson Free Throw 1 of 2 (7 PTS)","23 - 19","-4"],["0041400215",103,3,12,1,"7:27 PM","1:09",null,null,"Gibson Free Throw 2 of 2 (8 PTS)","24 - 19","-5"],["0041400215",106,1,1,1,"7:27 PM","0:57","Shumpert 26' 3PT Jump Shot (7 PTS)",null,null,"24 - 22","-2"],["0041400215",107,2,42,1,"7:28 PM","0:41",null,null,"MISS Hinrich 2' Driving Layup",null,null],["0041400215",108,4,0,1,"7:28 PM","0:39","Thompson REBOUND (Off:0 Def:2)",null,null,null,null],["0041400215",109,2,1,1,"7:28 PM","0:34","MISS Shumpert 25' 3PT Jump Shot",null,null,null,null],["0041400215",110,4,0,1,"7:28 PM","0:33","Shumpert REBOUND (Off:1 Def:1)",null,null,null,null],["0041400215",111,2,1,1,"7:28 PM","0:29","MISS Irving 25' 3PT Jump Shot",null,null,null,null],["0041400215",112,4,0,1,"7:28 PM","0:28","Thompson REBOUND (Off:1 Def:2)",null,null,null,null],["0041400215",113,1,1,1,"7:28 PM","0:22","Irving 26' 3PT Jump Shot (7 PTS) (Shumpert 1 AST)",null,null,"24 - 25","1"],["0041400215",115,2,1,1,"7:28 PM","0:01",null,null,"MISS Rose 19' Jump Shot",null,null],["0041400215",117,4,0,1,"7:28 PM","0:00",null,null,"Gibson REBOUND (Off:1 Def:1)",null,null],["0041400215",116,2,4,1,"7:28 PM","0:00",null,null,"MISS Gibson 1' Tip Shot",null,null],["0041400215",118,4,0,1,"7:28 PM","0:00",null,null,"Bulls Rebound",null,null],["0041400215",119,13,0,1,"7:29 PM","0:00",null,null,null,"24 - 25","1"],["0041400215",121,12,0,2,"7:32 PM","12:00",null,null,null,"24 - 25","1"],["0041400215",122,1,47,2,"7:33 PM","11:46","James 16' Turnaround Jump Shot (10 PTS) (Dellavedova 1 AST)",null,null,"24 - 27","3"],["0041400215",123,1,46,2,"7:33 PM","11:29",null,null,"Brooks 13' Running Jump Shot (2 PTS)","26 - 27","1"],["0041400215",124,1,47,2,"7:33 PM","11:08","James 15' Turnaround Jump Shot (12 PTS)",null,null,"26 - 29","3"],["0041400215",125,2,1,2,"7:34 PM","10:45",null,null,"MISS Brooks 26' 3PT Jump Shot",null,null],["0041400215",126,4,0,2,"7:34 PM","10:44","Mozgov REBOUND (Off:1 Def:4)",null,null,null,null],["0041400215",127,2,5,2,"7:34 PM","10:26","MISS James 2' Layup",null,"Noah BLOCK (1 BLK)",null,null],["0041400215",128,4,0,2,"7:34 PM","10:23",null,null,"Butler REBOUND (Off:0 Def:3)",null,null],["0041400215",129,2,65,2,"7:34 PM","10:04",null,null,"MISS Mirotic 8' Jump Hook Shot",null,null],["0041400215",130,4,0,2,"7:34 PM","10:02","Mozgov REBOUND (Off:1 Def:5)",null,null,null,null],["0041400215",131,1,47,2,"7:35 PM","9:50","James 7' Turnaround Jump Shot (14 PTS)",null,null,"26 - 31","5"],["0041400215",133,2,44,2,"7:35 PM","9:26",null,null,"MISS Brooks 1' Reverse Layup",null,null],["0041400215",134,4,0,2,"7:35 PM","9:25",null,null,"Mirotic REBOUND (Off:1 Def:0)",null,null],["0041400215",135,6,2,2,"7:35 PM","9:25","Dellavedova S.FOUL (P1.T1) (Z.Zarba)",null,null,null,null],["0041400215",136,3,11,2,"7:35 PM","9:25",null,null,"Mirotic Free Throw 1 of 2 (1 PTS)","27 - 31","4"],["0041400215",138,8,0,2,"7:36 PM","9:25","SUB: Jones FOR Shumpert",null,null,null,null],["0041400215",139,3,12,2,"7:36 PM","9:25",null,null,"MISS Mirotic Free Throw 2 of 2",null,null],["0041400215",141,4,0,2,"7:36 PM","9:23","Smith REBOUND (Off:0 Def:1)",null,null,null,null],["0041400215",142,1,44,2,"7:36 PM","9:12","James  Reverse Layup (16 PTS) (Dellavedova 2 AST)",null,null,"27 - 33","6"],["0041400215",143,2,1,2,"7:37 PM","8:50",null,null,"MISS Butler 26' 3PT Jump Shot",null,null],["0041400215",144,4,0,2,"7:37 PM","8:48","Smith REBOUND (Off:0 Def:2)",null,null,null,null],["0041400215",147,9,4,2,"7:37 PM","8:42",null,null,null,null,null],["0041400215",151,5,1,2,"7:40 PM","8:35","Dellavedova Bad Pass Turnover (P1.T4)",null,null,null,null],["0041400215",152,5,1,2,"7:41 PM","8:16","Smith STEAL (1 STL)",null,"Brooks Bad Pass Turnover (P1.T2)",null,null],["0041400215",153,1,5,2,"7:41 PM","8:14","James  Layup (18 PTS) (Smith 1 AST)",null,null,"27 - 35","8"],["0041400215",154,6,2,2,"7:41 PM","8:14",null,null,"Mirotic S.FOUL (P1.T1) (D.Stafford)",null,null],["0041400215",155,3,10,2,"7:41 PM","8:14","MISS James Free Throw 1 of 1",null,null,null,null],["0041400215",157,4,0,2,"7:41 PM","8:11",null,null,"Brooks REBOUND (Off:0 Def:1)",null,null],["0041400215",158,6,2,2,"7:42 PM","7:58","Jones S.FOUL (P1.T2) (D.Stafford)",null,null,null,null],["0041400215",159,18,1,2,"7:42 PM","7:58",null,null,null,null,null],["0041400215",160,3,13,2,"7:43 PM","7:58",null,null,"Mirotic Free Throw 1 of 3 (2 PTS)","28 - 35","7"],["0041400215",163,8,0,2,"7:43 PM","7:58",null,null,"SUB: Rose FOR Brooks",null,null],["0041400215",164,3,14,2,"7:43 PM","7:58",null,null,"Mirotic Free Throw 2 of 3 (3 PTS)","29 - 35","6"],["0041400215",166,3,15,2,"7:43 PM","7:58",null,null,"Mirotic Free Throw 3 of 3 (4 PTS)","30 - 35","5"],["0041400215",169,1,42,2,"7:44 PM","7:45","James 1' Driving Layup (20 PTS)",null,null,"30 - 37","7"],["0041400215",170,2,1,2,"7:44 PM","7:19",null,null,"MISS Butler 25' 3PT Jump Shot",null,null],["0041400215",171,4,0,2,"7:44 PM","7:18","James REBOUND (Off:1 Def:3)",null,null,null,null],["0041400215",172,6,2,2,"7:45 PM","7:15",null,null,"Hinrich S.FOUL (P1.T2) (D.Stafford)",null,null],["0041400215",173,3,11,2,"7:45 PM","7:15","MISS Mozgov Free Throw 1 of 2",null,null,null,null],["0041400215",174,4,1,2,"7:45 PM","7:15","CAVALIERS Rebound",null,null,null,null],["0041400215",176,8,0,2,"7:45 PM","7:15",null,null,"SUB: Dunleavy FOR Mirotic",null,null],["0041400215",177,8,0,2,"7:45 PM","7:15","SUB: Shumpert FOR James",null,null,null,null],["0041400215",178,8,0,2,"7:45 PM","7:15","SUB: Irving FOR Dellavedova",null,null,null,null],["0041400215",175,3,12,2,"7:45 PM","7:15","Mozgov Free Throw 2 of 2 (1 PTS)",null,null,"30 - 38","8"],["0041400215",182,5,1,2,"7:46 PM","7:00",null,null,"Noah Bad Pass Turnover (P1.T3)",null,null],["0041400215",183,1,49,2,"7:46 PM","6:43","Smith  Driving Dunk (5 PTS)",null,null,"30 - 40","10"],["0041400215",185,2,1,2,"7:46 PM","6:33",null,null,"MISS Hinrich 26' 3PT Jump Shot",null,null],["0041400215",186,4,0,2,"7:47 PM","6:32","Jones REBOUND (Off:0 Def:1)",null,null,null,null],["0041400215",187,2,1,2,"7:47 PM","6:28","MISS Smith 27' 3PT Jump Shot",null,null,null,null],["0041400215",188,4,0,2,"7:47 PM","6:27",null,null,"Noah REBOUND (Off:1 Def:1)",null,null],["0041400215",189,2,66,2,"7:47 PM","6:19",null,null,"MISS Rose 14' Jump Bank Shot",null,null],["0041400215",191,4,0,2,"7:47 PM","6:18",null,null,"Noah REBOUND (Off:2 Def:1)",null,null],["0041400215",190,1,4,2,"7:47 PM","6:18",null,null,"Noah 1' Tip Shot (4 PTS)","32 - 40","8"],["0041400215",193,2,1,2,"7:47 PM","5:58","MISS Smith 25' 3PT Jump Shot",null,null,null,null],["0041400215",194,4,0,2,"7:47 PM","5:56",null,null,"Noah REBOUND (Off:2 Def:2)",null,null],["0041400215",195,6,2,2,"7:47 PM","5:53","Jones S.FOUL (P2.T3) (D.Stafford)",null,null,null,null],["0041400215",197,9,1,2,"7:48 PM","5:53","CAVALIERS Timeout: Regular (Full 2 Short 1)",null,null,null,null],["0041400215",199,8,0,2,"7:50 PM","5:53",null,null,"SUB: Gibson FOR Noah",null,null],["0041400215",200,8,0,2,"7:51 PM","5:53","SUB: Thompson FOR Smith",null,null,null,null],["0041400215",201,8,0,2,"7:51 PM","5:53","SUB: James FOR Jones",null,null,null,null],["0041400215",202,3,11,2,"7:51 PM","5:53",null,null,"Dunleavy Free Throw 1 of 2 (1 PTS)","33 - 40","7"],["0041400215",204,3,12,2,"7:51 PM","5:53",null,null,"Dunleavy Free Throw 2 of 2 (2 PTS)","34 - 40","6"],["0041400215",206,6,26,2,"7:52 PM","5:33","Mozgov Offensive Charge Foul (P2.T4) (D.Stafford)",null,null,null,null],["0041400215",207,5,5,2,"7:52 PM","5:33","Mozgov Foul Turnover (P2.T5)",null,null,null,null],["0041400215",208,2,1,2,"7:52 PM","5:21",null,null,"MISS Dunleavy 24' 3PT Jump Shot",null,null],["0041400215",209,4,0,2,"7:52 PM","5:19","James REBOUND (Off:1 Def:4)",null,null,null,null],["0041400215",210,1,1,2,"7:52 PM","5:10","Irving 27' 3PT Jump Shot (10 PTS) (James 1 AST)",null,null,"34 - 43","9"],["0041400215",211,2,66,2,"7:52 PM","4:57",null,null,"MISS Gibson 8' Jump Bank Shot",null,null],["0041400215",212,4,0,2,"7:52 PM","4:55","Thompson REBOUND (Off:1 Def:3)",null,null,null,null],["0041400215",214,2,1,2,"7:53 PM","4:45","MISS Mozgov 3' Jump Shot",null,"Gibson BLOCK (1 BLK)",null,null],["0041400215",215,4,0,2,"7:53 PM","4:44",null,null,"Gibson REBOUND (Off:1 Def:2)",null,null],["0041400215",216,6,2,2,"7:53 PM","4:39","Thompson S.FOUL (P2.PN) (Z.Zarba)",null,null,null,null],["0041400215",217,3,11,2,"7:54 PM","4:39",null,null,"Butler Free Throw 1 of 2 (3 PTS)","35 - 43","8"],["0041400215",219,8,0,2,"7:54 PM","4:39",null,null,"SUB: Noah FOR Hinrich",null,null],["0041400215",220,3,12,2,"7:54 PM","4:39",null,null,"Butler Free Throw 2 of 2 (4 PTS)","36 - 43","7"],["0041400215",222,1,1,2,"7:54 PM","4:22","Shumpert 19' Jump Shot (9 PTS) (Irving 2 AST)",null,null,"36 - 45","9"],["0041400215",224,1,42,2,"7:55 PM","3:59",null,null,"Rose  Driving Layup (14 PTS) (Dunleavy 1 AST)","38 - 45","7"],["0041400215",225,2,81,2,"7:55 PM","3:50","MISS Irving 9' Pullup Bank Shot",null,null,null,null],["0041400215",227,4,0,2,"7:55 PM","3:49","Thompson REBOUND (Off:2 Def:3)",null,null,null,null],["0041400215",226,1,4,2,"7:55 PM","3:49","Thompson 1' Tip Shot (2 PTS)",null,null,"38 - 47","9"],["0041400215",228,6,2,2,"7:55 PM","3:49",null,null,"Gibson S.FOUL (P1.T3) (Z.Zarba)",null,null],["0041400215",229,3,10,2,"7:55 PM","3:49","Thompson Free Throw 1 of 1 (3 PTS)",null,null,"38 - 48","10"],["0041400215",232,2,1,2,"7:56 PM","3:39",null,null,"MISS Rose 25' 3PT Jump Shot",null,null],["0041400215",233,4,0,2,"7:56 PM","3:37",null,null,"Rose REBOUND (Off:1 Def:2)",null,null],["0041400215",234,1,66,2,"7:56 PM","3:29",null,null,"Butler 12' Jump Bank Shot (6 PTS) (Rose 3 AST)","40 - 48","8"],["0041400215",235,2,1,2,"7:56 PM","3:04","MISS Shumpert 29' 3PT Jump Shot",null,null,null,null],["0041400215",236,4,0,2,"7:56 PM","3:03",null,null,"Dunleavy REBOUND (Off:0 Def:3)",null,null],["0041400215",237,2,1,2,"7:56 PM","2:59",null,null,"MISS Butler 26' 3PT Jump Shot",null,null],["0041400215",238,4,0,2,"7:56 PM","2:58","Irving REBOUND (Off:0 Def:2)",null,null,null,null],["0041400215",239,6,1,2,"7:57 PM","2:57",null,null,"Noah P.FOUL (P2.T4) (J.Crawford)",null,null],["0041400215",240,9,1,2,"7:57 PM","2:57",null,null,"Bulls Timeout: Regular (Reg.2 Short 0)",null,null],["0041400215",243,8,0,2,"7:59 PM","2:57","SUB: Smith FOR Thompson",null,null,null,null],["0041400215",244,1,5,2,"8:00 PM","2:37","James 1' Layup (22 PTS)",null,null,"40 - 50","10"],["0041400215",245,2,1,2,"8:01 PM","2:12","Irving BLOCK (1 BLK)",null,"MISS Gibson 4' Jump Shot",null,null],["0041400215",246,4,0,2,"8:01 PM","2:12",null,null,"Bulls Rebound",null,null],["0041400215",248,2,1,2,"8:01 PM","2:10","Smith BLOCK (1 BLK)",null,"MISS Butler 14' Jump Shot",null,null],["0041400215",249,4,0,2,"8:01 PM","2:10",null,null,"Bulls Rebound",null,null],["0041400215",250,5,11,2,"8:01 PM","2:10",null,null,"Bulls Turnover: Shot Clock (T#4)",null,null],["0041400215",251,1,1,2,"8:01 PM","1:53","Shumpert 18' Jump Shot (11 PTS)",null,null,"40 - 52","12"],["0041400215",254,2,7,2,"8:02 PM","1:33",null,null,"MISS Gibson  Dunk",null,null],["0041400215",255,4,0,2,"8:02 PM","1:32",null,null,"Butler REBOUND (Off:1 Def:3)",null,null],["0041400215",256,6,1,2,"8:02 PM","1:31","Mozgov P.FOUL (P3.PN) (D.Stafford)",null,null,null,null],["0041400215",257,3,11,2,"8:02 PM","1:31",null,null,"Butler Free Throw 1 of 2 (7 PTS)","41 - 52","11"],["0041400215",259,8,0,2,"8:02 PM","1:31","SUB: Perkins FOR Mozgov",null,null,null,null],["0041400215",260,3,12,2,"8:03 PM","1:31",null,null,"Butler Free Throw 2 of 2 (8 PTS)","42 - 52","10"],["0041400215",262,2,65,2,"8:03 PM","1:17","MISS Perkins 6' Jump Hook Shot",null,null,null,null],["0041400215",263,4,0,2,"8:03 PM","1:16",null,null,"Noah REBOUND (Off:2 Def:3)",null,null],["0041400215",264,2,1,2,"8:03 PM","1:09",null,null,"MISS Butler 7' Jump Shot",null,null],["0041400215",265,4,0,2,"8:03 PM","1:09",null,null,"Noah REBOUND (Off:3 Def:3)",null,null],["0041400215",266,6,3,2,"8:03 PM","1:09","Perkins L.B.FOUL (P1.PN) (J.Crawford)",null,null,null,null],["0041400215",267,3,11,2,"8:03 PM","1:09",null,null,"Noah Free Throw 1 of 2 (5 PTS)","43 - 52","9"],["0041400215",269,3,12,2,"8:04 PM","1:09",null,null,"Noah Free Throw 2 of 2 (6 PTS)","44 - 52","8"],["0041400215",272,6,1,2,"8:04 PM","1:03",null,null,"Noah P.FOUL (P3.PN) (J.Crawford)",null,null],["0041400215",273,3,11,2,"8:04 PM","1:03","James Free Throw 1 of 2 (23 PTS)",null,null,"44 - 53","9"],["0041400215",275,8,0,2,"8:04 PM","1:03",null,null,"SUB: Mirotic FOR Noah",null,null],["0041400215",276,3,12,2,"8:05 PM","1:03","James Free Throw 2 of 2 (24 PTS)",null,null,"44 - 54","10"],["0041400215",279,2,1,2,"8:05 PM","0:44",null,null,"MISS Mirotic 26' 3PT Jump Shot",null,null],["0041400215",280,4,0,2,"8:05 PM","0:43",null,null,"Butler REBOUND (Off:2 Def:3)",null,null],["0041400215",281,2,44,2,"8:05 PM","0:33",null,null,"MISS Gibson 1' Reverse Layup",null,null],["0041400215",282,4,0,2,"8:05 PM","0:30",null,null,"Mirotic REBOUND (Off:2 Def:0)",null,null],["0041400215",283,2,5,2,"8:05 PM","0:24","Perkins BLOCK (1 BLK)",null,"MISS Mirotic 3' Layup",null,null],["0041400215",284,4,0,2,"8:05 PM","0:22","Smith REBOUND (Off:0 Def:3)",null,null,null,null],["0041400215",286,2,5,2,"8:06 PM","0:10","MISS Perkins 2' Layup",null,null,null,null],["0041400215",287,4,0,2,"8:06 PM","0:09","Shumpert REBOUND (Off:2 Def:1)",null,null,null,null],["0041400215",288,2,5,2,"8:06 PM","0:03","MISS Perkins 3' Layup",null,"Mirotic BLOCK (1 BLK)",null,null],["0041400215",289,4,0,2,"8:06 PM","0:00",null,null,"Bulls Rebound",null,null],["0041400215",290,13,0,2,"8:06 PM","0:00",null,null,null,"44 - 54","10"],["0041400215",292,12,0,3,"8:24 PM","12:00",null,null,null,"44 - 54","10"],["0041400215",293,5,4,3,"8:24 PM","11:46","Mozgov Traveling Turnover (P3.T6)",null,null,null,null],["0041400215",294,1,66,3,"8:25 PM","11:35",null,null,"Rose 13' Jump Bank Shot (16 PTS)","46 - 54","8"],["0041400215",295,5,2,3,"8:25 PM","11:15","Thompson Lost Ball Turnover (P1.T7)",null,"Noah STEAL (1 STL)",null,null],["0041400215",296,1,65,3,"8:25 PM","10:56",null,null,"Gibson 7' Jump Hook Shot (10 PTS)","48 - 54","6"],["0041400215",297,6,1,3,"8:26 PM","10:44",null,null,"Gibson P.FOUL (P2.T1) (Z.Zarba)",null,null],["0041400215",298,2,1,3,"8:26 PM","10:28","MISS Mozgov 14' Jump Shot",null,null,null,null],["0041400215",299,4,0,3,"8:26 PM","10:27",null,null,"Butler REBOUND (Off:2 Def:4)",null,null],["0041400215",300,2,1,3,"8:26 PM","10:13",null,null,"MISS Rose 27' 3PT Jump Shot",null,null],["0041400215",301,4,0,3,"8:26 PM","10:12","James REBOUND (Off:1 Def:5)",null,null,null,null],["0041400215",302,2,44,3,"8:27 PM","10:02","MISS Mozgov 2' Reverse Layup",null,null,null,null],["0041400215",303,4,0,3,"8:27 PM","9:58",null,null,"Noah REBOUND (Off:3 Def:4)",null,null],["0041400215",304,5,1,3,"8:27 PM","9:58",null,null,"Noah Bad Pass Turnover (P2.T5)",null,null],["0041400215",305,5,1,3,"8:27 PM","9:43","Thompson Bad Pass Turnover (P2.T8)",null,"Rose STEAL (2 STL)",null,null],["0041400215",306,1,5,3,"8:27 PM","9:37",null,null,"Butler 1' Layup (10 PTS) (Rose 4 AST)","50 - 54","4"],["0041400215",307,9,1,3,"8:27 PM","9:37","CAVALIERS Timeout: Regular (Full 3 Short 1)",null,null,null,null],["0041400215",310,8,0,3,"8:30 PM","9:37","SUB: Jones FOR Mozgov",null,null,null,null],["0041400215",311,2,86,3,"8:31 PM","9:15","MISS James 13' Turnaround Fadeaway Shot",null,null,null,null],["0041400215",312,4,0,3,"8:31 PM","9:10",null,null,"Rose REBOUND (Off:1 Def:3)",null,null],["0041400215",313,6,1,3,"8:31 PM","9:07","Jones P.FOUL (P3.T1) (J.Crawford)",null,null,null,null],["0041400215",314,2,80,3,"8:32 PM","8:50",null,null,"MISS Rose 20' Step Back Jump Shot",null,null],["0041400215",315,4,0,3,"8:32 PM","8:50",null,null,"Bulls Rebound",null,null],["0041400215",316,6,3,3,"8:32 PM","8:50","Jones L.B.FOUL (P4.T2) (Z.Zarba)",null,null,null,null],["0041400215",317,1,5,3,"8:32 PM","8:41",null,null,"Noah  Layup (8 PTS) (Rose 5 AST)","52 - 54","2"],["0041400215",318,1,5,3,"8:32 PM","8:29","Thompson 1' Layup (5 PTS) (Irving 3 AST)",null,null,"52 - 56","4"],["0041400215",319,6,4,3,"8:33 PM","8:08",null,null,"Gibson OFF.Foul (P3) (J.Crawford)",null,null],["0041400215",320,5,5,3,"8:33 PM","8:08",null,null,"Gibson Foul Turnover (P1.T6)",null,null],["0041400215",321,8,0,3,"8:33 PM","8:08","SUB: Smith FOR Jones",null,null,null,null],["0041400215",322,1,79,3,"8:33 PM","7:54","Irving 18' Pullup Jump Shot (12 PTS)",null,null,"52 - 58","6"],["0041400215",324,2,1,3,"8:34 PM","7:33",null,null,"MISS Rose 19' Jump Shot",null,null],["0041400215",325,4,0,3,"8:34 PM","7:32",null,null,"Gibson REBOUND (Off:2 Def:2)",null,null],["0041400215",326,6,1,3,"8:34 PM","7:31","James P.FOUL (P2.T3) (Z.Zarba)",null,null,null,null],["0041400215",327,5,1,3,"8:34 PM","7:24","James STEAL (2 STL)",null,"Noah Bad Pass Turnover (P3.T7)",null,null],["0041400215",328,1,5,3,"8:34 PM","7:18","Irving  Layup (14 PTS)",null,null,"52 - 60","8"],["0041400215",329,1,5,3,"8:34 PM","7:10",null,null,"Butler 1' Layup (12 PTS) (Dunleavy 2 AST)","54 - 60","6"],["0041400215",331,6,1,3,"8:35 PM","6:52",null,null,"Rose P.FOUL (P1.T2) (D.Stafford)",null,null],["0041400215",333,2,1,3,"8:35 PM","6:38","MISS James 29' 3PT Jump Shot",null,null,null,null],["0041400215",334,4,0,3,"8:35 PM","6:36","Thompson REBOUND (Off:3 Def:3)",null,null,null,null],["0041400215",335,2,1,3,"8:35 PM","6:32","MISS Shumpert 24' 3PT Jump Shot",null,null,null,null],["0041400215",336,4,0,3,"8:35 PM","6:31",null,null,"Gibson REBOUND (Off:2 Def:3)",null,null],["0041400215",337,1,1,3,"8:36 PM","6:18",null,null,"Dunleavy 25' 3PT Jump Shot (5 PTS) (Noah 1 AST)","57 - 60","3"],["0041400215",338,2,1,3,"8:36 PM","5:49","MISS James  3PT Jump Shot",null,null,null,null],["0041400215",339,4,0,3,"8:36 PM","5:48",null,null,"Rose REBOUND (Off:1 Def:4)",null,null],["0041400215",340,9,1,3,"8:36 PM","5:48",null,null,"Bulls Timeout: Regular (Reg.3 Short 0)",null,null],["0041400215",344,5,1,3,"8:40 PM","5:35","James STEAL (3 STL)",null,"Butler Bad Pass Turnover (P1.T8)",null,null],["0041400215",345,6,1,3,"8:40 PM","5:35",null,null,"Gibson P.FOUL (P4.T3) (J.Crawford)",null,null],["0041400215",346,8,0,3,"8:40 PM","5:35",null,null,"SUB: Mirotic FOR Gibson",null,null],["0041400215",347,2,1,3,"8:41 PM","5:16","MISS James 7' Jump Shot",null,"Butler BLOCK (1 BLK)",null,null],["0041400215",348,4,0,3,"8:41 PM","5:14","Thompson REBOUND (Off:4 Def:3)",null,null,null,null],["0041400215",349,2,1,3,"8:41 PM","5:11","MISS Thompson 4' Jump Shot",null,null,null,null],["0041400215",350,4,0,3,"8:41 PM","5:10","James REBOUND (Off:2 Def:5)",null,null,null,null],["0041400215",351,6,2,3,"8:41 PM","5:06",null,null,"Noah S.FOUL (P4.T4) (D.Stafford)",null,null],["0041400215",352,6,11,3,"8:41 PM","5:06",null,null,"Noah T.FOUL (P4.T4) (D.Stafford)",null,null],["0041400215",353,3,16,3,"8:42 PM","5:06","MISS Irving Free Throw Technical",null,null,null,null],["0041400215",354,4,1,3,"8:42 PM","5:06","CAVALIERS Rebound",null,null,null,null],["0041400215",355,3,11,3,"8:42 PM","5:06","MISS James Free Throw 1 of 2",null,null,null,null],["0041400215",356,4,1,3,"8:42 PM","5:06","CAVALIERS Rebound",null,null,null,null],["0041400215",357,3,12,3,"8:42 PM","5:06","James Free Throw 2 of 2 (25 PTS)",null,null,"57 - 61","4"],["0041400215",360,1,1,3,"8:42 PM","4:55",null,null,"Dunleavy 18' Jump Shot (7 PTS) (Rose 6 AST)","59 - 61","2"],["0041400215",363,1,81,3,"8:43 PM","4:27","James 8' Pullup Bank Shot (27 PTS) (Irving 4 AST)",null,null,"59 - 63","4"],["0041400215",364,1,1,3,"8:43 PM","4:10",null,null,"Butler 24' 3PT Jump Shot (15 PTS) (Mirotic 1 AST)","62 - 63","1"],["0041400215",365,2,80,3,"8:44 PM","3:48","MISS Smith 15' Step Back Jump Shot",null,null,null,null],["0041400215",366,4,0,3,"8:44 PM","3:46",null,null,"Rose REBOUND (Off:1 Def:5)",null,null],["0041400215",367,2,79,3,"8:44 PM","3:34",null,null,"MISS Rose 13' Pullup Jump Shot",null,null],["0041400215",368,4,0,3,"8:44 PM","3:31","James REBOUND (Off:2 Def:6)",null,null,null,null],["0041400215",369,1,1,3,"8:44 PM","3:21","Irving 26' 3PT Jump Shot (17 PTS) (James 2 AST)",null,null,"62 - 66","4"],["0041400215",370,2,1,3,"8:44 PM","3:07",null,null,"MISS Dunleavy 26' 3PT Jump Shot",null,null],["0041400215",371,4,0,3,"8:44 PM","3:05","James REBOUND (Off:2 Def:7)",null,null,null,null],["0041400215",372,1,1,3,"8:44 PM","3:00","Irving 21' Jump Shot (19 PTS) (James 3 AST)",null,null,"62 - 68","6"],["0041400215",373,2,1,3,"8:45 PM","2:48","James BLOCK (1 BLK)",null,"MISS Rose 5' Jump Shot",null,null],["0041400215",374,4,0,3,"8:45 PM","2:48",null,null,"Bulls Rebound",null,null],["0041400215",377,6,2,3,"8:46 PM","2:47","Irving S.FOUL (P2.T4) (Z.Zarba)",null,null,null,null],["0041400215",378,3,11,3,"8:46 PM","2:47",null,null,"Dunleavy Free Throw 1 of 2 (8 PTS)","63 - 68","5"],["0041400215",380,3,12,3,"8:46 PM","2:47",null,null,"Dunleavy Free Throw 2 of 2 (9 PTS)","64 - 68","4"],["0041400215",383,1,75,3,"8:47 PM","2:28","Shumpert 1' Driving Finger Roll Layup (13 PTS)",null,null,"64 - 70","6"],["0041400215",384,1,47,3,"8:47 PM","2:11",null,null,"Dunleavy 14' Turnaround Jump Shot (11 PTS)","66 - 70","4"],["0041400215",385,1,78,3,"8:47 PM","1:52","Smith 11' Floating Jump Shot (7 PTS) (James 4 AST)",null,null,"66 - 72","6"],["0041400215",387,6,1,3,"8:47 PM","1:43","Irving P.FOUL (P3.PN) (Z.Zarba)",null,null,null,null],["0041400215",388,3,11,3,"8:48 PM","1:43",null,null,"Dunleavy Free Throw 1 of 2 (12 PTS)","67 - 72","5"],["0041400215",390,8,0,3,"8:48 PM","1:43","SUB: Dellavedova FOR Irving",null,null,null,null],["0041400215",391,3,12,3,"8:48 PM","1:43",null,null,"Dunleavy Free Throw 2 of 2 (13 PTS)","68 - 72","4"],["0041400215",394,1,1,3,"8:49 PM","1:23","Smith 18' Jump Shot (9 PTS) (James 5 AST)",null,null,"68 - 74","6"],["0041400215",395,2,5,3,"8:49 PM","1:00","James BLOCK (2 BLK)",null,"MISS Mirotic 3' Layup",null,null],["0041400215",396,4,0,3,"8:49 PM","1:00",null,null,"Bulls Rebound",null,null],["0041400215",398,8,0,3,"8:49 PM","1:00",null,null,"SUB: Brooks FOR Rose",null,null],["0041400215",399,2,1,3,"8:50 PM","0:57","Shumpert BLOCK (1 BLK)",null,"MISS Butler 5' Jump Shot",null,null],["0041400215",400,4,0,3,"8:50 PM","0:56",null,null,"Bulls Rebound",null,null],["0041400215",401,5,11,3,"8:50 PM","0:56",null,null,"Bulls Turnover: Shot Clock (T#9)",null,null],["0041400215",403,1,84,3,"8:50 PM","0:42","James 13' Running Bank Shot (29 PTS)",null,null,"68 - 76","8"],["0041400215",404,6,2,3,"8:50 PM","0:42",null,null,"Mirotic S.FOUL (P2.PN) (Z.Zarba)",null,null],["0041400215",405,3,10,3,"8:50 PM","0:42","James Free Throw 1 of 1 (30 PTS)",null,null,"68 - 77","9"],["0041400215",408,2,1,3,"8:51 PM","0:25",null,null,"MISS Mirotic 24' 3PT Jump Shot",null,null],["0041400215",409,4,0,3,"8:51 PM","0:24","Thompson REBOUND (Off:4 Def:4)",null,null,null,null],["0041400215",410,1,1,3,"8:51 PM","0:02","Dellavedova 24' 3PT Jump Shot (3 PTS) (Shumpert 2 AST)",null,null,"68 - 80","12"],["0041400215",411,1,1,3,"8:51 PM","0:00",null,null,"Mirotic 48' 3PT Jump Shot (7 PTS) (Dunleavy 3 AST)","71 - 80","9"],["0041400215",414,18,0,3,"8:51 PM","0:00",null,null,null,null,null],["0041400215",412,13,0,3,"8:52 PM","0:00",null,null,null,"71 - 80","9"],["0041400215",415,12,0,4,"8:55 PM","12:00",null,null,null,"71 - 80","9"],["0041400215",416,2,1,4,"8:56 PM","11:38","Shumpert BLOCK (2 BLK)",null,"MISS Gibson 5' Jump Shot",null,null],["0041400215",417,4,0,4,"8:56 PM","11:36","Shumpert REBOUND (Off:2 Def:2)",null,null,null,null],["0041400215",418,1,52,4,"8:56 PM","11:32","Thompson  Alley Oop Dunk (7 PTS) (Shumpert 3 AST)",null,null,"71 - 82","11"],["0041400215",419,6,2,4,"8:56 PM","11:32",null,null,"Hinrich S.FOUL (P2.T1) (D.Stafford)",null,null],["0041400215",421,8,0,4,"8:56 PM","11:32",null,null,"SUB: Rose FOR Dunleavy",null,null],["0041400215",422,3,10,4,"8:56 PM","11:32","Thompson Free Throw 1 of 1 (8 PTS)",null,null,"71 - 83","12"],["0041400215",425,2,1,4,"8:57 PM","11:14",null,null,"MISS Brooks 24' 3PT Jump Shot",null,null],["0041400215",426,4,0,4,"8:57 PM","11:13","Thompson REBOUND (Off:4 Def:5)",null,null,null,null],["0041400215",427,5,1,4,"8:57 PM","11:04","Irving Bad Pass Turnover (P2.T9)",null,"Rose STEAL (3 STL)",null,null],["0041400215",428,6,1,4,"8:57 PM","11:03","Dellavedova P.FOUL (P2.T1) (Z.Zarba)",null,null,null,null],["0041400215",429,2,7,4,"8:58 PM","10:50","Thompson BLOCK (1 BLK)",null,"MISS Gibson  Dunk",null,null],["0041400215",430,4,0,4,"8:58 PM","10:48","Shumpert REBOUND (Off:2 Def:3)",null,null,null,null],["0041400215",431,2,1,4,"8:58 PM","10:44","MISS Irving 25' 3PT Jump Shot",null,null,null,null],["0041400215",432,4,0,4,"8:58 PM","10:42",null,null,"Brooks REBOUND (Off:0 Def:2)",null,null],["0041400215",434,1,78,4,"8:58 PM","10:26",null,null,"Brooks 4' Floating Jump Shot (4 PTS)","73 - 83","10"],["0041400215",438,6,15,4,"9:02 PM","10:25",null,null,"Gibson FLAGRANT.FOUL.TYPE2 (P5.T2) (J.Crawford)",null,null],["0041400215",443,18,0,4,"9:02 PM","10:25",null,null,null,null,null],["0041400215",453,11,3,4,"9:02 PM","10:25",null,null,"Gibson Ejection:First Flagrant Type 2",null,null],["0041400215",464,8,0,4,"9:02 PM","10:25",null,null,"SUB: Noah FOR Gibson",null,null],["0041400215",439,3,18,4,"9:03 PM","10:25","Dellavedova Free Throw Flagrant 1 of 2 (4 PTS)",null,null,"73 - 84","11"],["0041400215",441,3,19,4,"9:03 PM","10:25","Dellavedova Free Throw Flagrant 2 of 2 (5 PTS)",null,null,"73 - 85","12"],["0041400215",444,1,42,4,"9:03 PM","10:12","Irving  Driving Layup (21 PTS) (Dellavedova 3 AST)",null,null,"73 - 87","14"],["0041400215",446,2,1,4,"9:04 PM","9:54",null,null,"MISS Brooks 28' 3PT Jump Shot",null,null],["0041400215",447,4,0,4,"9:04 PM","9:52","Thompson REBOUND (Off:4 Def:6)",null,null,null,null],["0041400215",448,6,1,4,"9:04 PM","9:52",null,null,"Hinrich P.FOUL (P3.T3) (Z.Zarba)",null,null],["0041400215",449,8,0,4,"9:04 PM","9:52",null,null,"SUB: Butler FOR Brooks",null,null],["0041400215",450,2,1,4,"9:04 PM","9:31","MISS Irving 16' Jump Shot",null,"Rose BLOCK (1 BLK)",null,null],["0041400215",451,4,0,4,"9:04 PM","9:31","CAVALIERS Rebound",null,null,null,null],["0041400215",452,1,1,4,"9:05 PM","9:27","Smith 24' 3PT Jump Shot (12 PTS) (Irving 5 AST)",null,null,"73 - 90","17"],["0041400215",454,2,47,4,"9:05 PM","9:13",null,null,"MISS Rose 7' Turnaround Jump Shot",null,null],["0041400215",456,4,0,4,"9:05 PM","9:10",null,null,"Butler REBOUND (Off:3 Def:4)",null,null],["0041400215",455,1,4,4,"9:05 PM","9:10",null,null,"Butler 1' Tip Shot (17 PTS)","75 - 90","15"],["0041400215",458,1,52,4,"9:05 PM","8:47","Thompson  Alley Oop Dunk (10 PTS) (Dellavedova 4 AST)",null,null,"75 - 92","17"],["0041400215",460,1,5,4,"9:05 PM","8:35",null,null,"Mirotic  Layup (9 PTS) (Noah 2 AST)","77 - 92","15"],["0041400215",461,6,2,4,"9:05 PM","8:35","Smith S.FOUL (P2.T2) (J.Crawford)",null,null,null,null],["0041400215",462,9,4,4,"9:06 PM","8:35",null,null,null,null,null],["0041400215",466,8,0,4,"9:09 PM","8:35","SUB: James FOR Shumpert",null,null,null,null],["0041400215",467,3,10,4,"9:09 PM","8:35",null,null,"Mirotic Free Throw 1 of 1 (10 PTS)","78 - 92","14"],["0041400215",469,6,1,4,"9:09 PM","8:23",null,null,"Butler P.FOUL (P3.T4) (J.Crawford)",null,null],["0041400215",470,8,0,4,"9:09 PM","8:23",null,null,"SUB: Dunleavy FOR Mirotic",null,null],["0041400215",471,2,1,4,"9:10 PM","8:08","MISS Smith 26' 3PT Jump Shot",null,null,null,null],["0041400215",472,4,0,4,"9:10 PM","8:07",null,null,"Rose REBOUND (Off:1 Def:6)",null,null],["0041400215",473,6,2,4,"9:10 PM","7:57","James S.FOUL (P3.T3) (Z.Zarba)",null,null,null,null],["0041400215",474,3,11,4,"9:10 PM","7:57",null,null,"Butler Free Throw 1 of 2 (18 PTS)","79 - 92","13"],["0041400215",476,3,12,4,"9:10 PM","7:57",null,null,"Butler Free Throw 2 of 2 (19 PTS)","80 - 92","12"],["0041400215",479,5,1,4,"9:11 PM","7:41","Irving Bad Pass Turnover (P3.T10)",null,"Hinrich STEAL (1 STL)",null,null],["0041400215",480,6,2,4,"9:11 PM","7:38","Dellavedova S.FOUL (P3.T4) (D.Stafford)",null,null,null,null],["0041400215",481,3,11,4,"9:11 PM","7:38",null,null,"Butler Free Throw 1 of 2 (20 PTS)","81 - 92","11"],["0041400215",483,3,12,4,"9:11 PM","7:38",null,null,"Butler Free Throw 2 of 2 (21 PTS)","82 - 92","10"],["0041400215",486,1,42,4,"9:12 PM","7:20","James 1' Driving Layup (32 PTS)",null,null,"82 - 94","12"],["0041400215",487,2,1,4,"9:12 PM","7:05",null,null,"MISS Rose 25' 3PT Jump Shot",null,null],["0041400215",490,4,0,4,"9:13 PM","7:04","James REBOUND (Off:2 Def:8)",null,null,null,null],["0041400215",489,8,0,4,"9:13 PM","7:04","SUB: Shumpert FOR Irving",null,null,null,null],["0041400215",491,10,0,4,"9:13 PM","7:04","Jump Ball James vs. Noah: Tip to Smith",null,null,null,null],["0041400215",494,1,1,4,"9:13 PM","6:39","James 25' 3PT Jump Shot (35 PTS)",null,null,"82 - 97","15"],["0041400215",495,1,5,4,"9:13 PM","6:23",null,null,"Dunleavy 1' Layup (15 PTS) (Hinrich 1 AST)","84 - 97","13"],["0041400215",496,6,2,4,"9:13 PM","6:23","Smith S.FOUL (P3.PN) (Z.Zarba)",null,null,null,null],["0041400215",498,3,10,4,"9:14 PM","6:23",null,null,"Dunleavy Free Throw 1 of 1 (16 PTS)","85 - 97","12"],["0041400215",501,2,80,4,"9:14 PM","5:58","MISS James 22' Step Back Jump Shot",null,null,null,null],["0041400215",502,4,0,4,"9:14 PM","5:55","Shumpert REBOUND (Off:3 Def:3)",null,null,null,null],["0041400215",503,2,1,4,"9:14 PM","5:51","MISS Smith 26' 3PT Jump Shot",null,null,null,null],["0041400215",504,4,0,4,"9:14 PM","5:50",null,null,"Butler REBOUND (Off:3 Def:5)",null,null],["0041400215",505,1,1,4,"9:14 PM","5:42",null,null,"Hinrich  3PT Jump Shot (3 PTS) (Dunleavy 4 AST)","88 - 97","9"],["0041400215",506,9,1,4,"9:15 PM","5:34","CAVALIERS Timeout: Regular (Full 4 Short 1)",null,null,null,null],["0041400215",510,2,1,4,"9:19 PM","5:09","MISS James 15' Jump Shot",null,null,null,null],["0041400215",511,4,0,4,"9:19 PM","5:08",null,null,"Noah REBOUND (Off:3 Def:5)",null,null],["0041400215",512,2,1,4,"9:19 PM","4:57","Shumpert BLOCK (3 BLK)",null,"MISS Rose 8' Jump Shot",null,null],["0041400215",513,4,0,4,"9:19 PM","4:57",null,null,"Bulls Rebound",null,null],["0041400215",516,8,0,4,"9:19 PM","4:57","SUB: Irving FOR Dellavedova",null,null,null,null],["0041400215",517,1,1,4,"9:19 PM","4:55",null,null,"Dunleavy  3PT Jump Shot (19 PTS) (Hinrich 2 AST)","91 - 97","6"],["0041400215",518,6,2,4,"9:20 PM","4:32",null,null,"Hinrich S.FOUL (P4.PN) (Z.Zarba)",null,null],["0041400215",519,3,11,4,"9:20 PM","4:32","MISS Thompson Free Throw 1 of 2",null,null,null,null],["0041400215",520,4,1,4,"9:20 PM","4:32","CAVALIERS Rebound",null,null,null,null],["0041400215",521,8,0,4,"9:20 PM","4:32","SUB: Dellavedova FOR Smith",null,null,null,null],["0041400215",522,3,12,4,"9:20 PM","4:32","MISS Thompson Free Throw 2 of 2",null,null,null,null],["0041400215",524,4,0,4,"9:21 PM","4:30",null,null,"Noah REBOUND (Off:3 Def:6)",null,null],["0041400215",525,1,66,4,"9:21 PM","4:10",null,null,"Noah 6' Jump Bank Shot (10 PTS) (Butler 3 AST)","93 - 97","4"],["0041400215",526,1,7,4,"9:22 PM","3:50","Thompson  Dunk (12 PTS) (James 6 AST)",null,null,"93 - 99","6"],["0041400215",527,2,5,4,"9:22 PM","3:33","Thompson BLOCK (2 BLK)",null,"MISS Hinrich 1' Layup",null,null],["0041400215",528,4,0,4,"9:22 PM","3:31",null,null,"Rose REBOUND (Off:2 Def:6)",null,null],["0041400215",529,2,1,4,"9:22 PM","3:30",null,null,"MISS Rose 12' Jump Shot",null,null],["0041400215",530,4,0,4,"9:22 PM","3:28","James REBOUND (Off:2 Def:9)",null,null,null,null],["0041400215",532,6,2,4,"9:22 PM","3:12",null,null,"Butler S.FOUL (P4.PN) (J.Crawford)",null,null],["0041400215",533,3,11,4,"9:22 PM","3:12","James Free Throw 1 of 2 (36 PTS)",null,null,"93 - 100","7"],["0041400215",535,3,12,4,"9:23 PM","3:12","James Free Throw 2 of 2 (37 PTS)",null,null,"93 - 101","8"],["0041400215",539,1,1,4,"9:24 PM","2:56",null,null,"Butler  3PT Jump Shot (24 PTS) (Hinrich 3 AST)","96 - 101","5"],["0041400215",540,2,1,4,"9:24 PM","2:27","MISS James  3PT Jump Shot",null,null,null,null],["0041400215",541,4,0,4,"9:24 PM","2:25",null,null,"Dunleavy REBOUND (Off:0 Def:4)",null,null],["0041400215",543,9,1,4,"9:24 PM","2:16",null,null,"Bulls Timeout: Regular (Reg.4 Short 0)",null,null],["0041400215",548,2,1,4,"9:28 PM","2:04",null,null,"MISS Butler 25' 3PT Jump Shot",null,null],["0041400215",549,4,0,4,"9:28 PM","2:02",null,null,"Bulls Rebound",null,null],["0041400215",550,5,11,4,"9:28 PM","2:02",null,null,"Bulls Turnover: Shot Clock (T#10)",null,null],["0041400215",552,5,40,4,"9:29 PM","1:49","Dellavedova Out of Bounds Lost Ball Turnover (P2.T11)",null,null,null,null],["0041400215",553,2,1,4,"9:29 PM","1:28",null,null,"MISS Rose 26' 3PT Jump Shot",null,null],["0041400215",554,4,0,4,"9:29 PM","1:28",null,null,"Bulls Rebound",null,null],["0041400215",556,18,1,4,"9:29 PM","1:28",null,null,null,null,null],["0041400215",557,1,1,4,"9:31 PM","1:18",null,null,"Butler 27' 3PT Jump Shot (27 PTS) (Rose 7 AST)","99 - 101","2"],["0041400215",558,2,1,4,"9:32 PM","0:53","MISS Irving  3PT Jump Shot",null,null,null,null],["0041400215",559,4,0,4,"9:32 PM","0:52",null,null,"Rose REBOUND (Off:2 Def:7)",null,null],["0041400215",560,2,1,4,"9:32 PM","0:48","James BLOCK (3 BLK)",null,"MISS Rose 7' Jump Shot",null,null],["0041400215",561,4,0,4,"9:32 PM","0:48",null,null,"Bulls Rebound",null,null],["0041400215",562,9,1,4,"9:32 PM","0:48",null,null,"Bulls Timeout: Regular (Reg.5 Short 0)",null,null],["0041400215",567,2,1,4,"9:35 PM","0:45",null,null,"MISS Butler 24' 3PT Jump Shot",null,null],["0041400215",568,4,0,4,"9:35 PM","0:42","James REBOUND (Off:2 Def:10)",null,null,null,null],["0041400215",569,2,47,4,"9:35 PM","0:22","MISS James 10' Turnaround Jump Shot",null,null,null,null],["0041400215",570,4,0,4,"9:35 PM","0:19","Shumpert REBOUND (Off:4 Def:3)",null,null,null,null],["0041400215",571,6,1,4,"9:35 PM","0:16",null,null,"Dunleavy P.FOUL (P1.PN) (J.Crawford)",null,null],["0041400215",572,3,11,4,"9:35 PM","0:16","Irving Free Throw 1 of 2 (22 PTS)",null,null,"99 - 102","3"],["0041400215",574,3,12,4,"9:36 PM","0:16","Irving Free Throw 2 of 2 (23 PTS)",null,null,"99 - 103","4"],["0041400215",577,9,2,4,"9:36 PM","0:16",null,null,"Bulls Timeout: Short (Reg.5 Short 1)",null,null],["0041400215",581,5,1,4,"9:37 PM","0:11","Irving STEAL (1 STL)",null,"Noah Bad Pass Turnover (P4.T11)",null,null],["0041400215",582,6,1,4,"9:38 PM","0:10",null,null,"Hinrich P.FOUL (P5.PN) (J.Crawford)",null,null],["0041400215",583,3,11,4,"9:38 PM","0:10","James Free Throw 1 of 2 (38 PTS)",null,null,"99 - 104","5"],["0041400215",585,3,12,4,"9:38 PM","0:10","MISS James Free Throw 2 of 2",null,null,null,null],["0041400215",587,4,0,4,"9:38 PM","0:09",null,null,"Butler REBOUND (Off:3 Def:6)",null,null],["0041400215",588,9,2,4,"9:38 PM","0:09",null,null,"Bulls Timeout: Short (Reg.5 Short 2)",null,null],["0041400215",591,8,0,4,"9:39 PM","0:09",null,null,"SUB: Mirotic FOR Hinrich",null,null],["0041400215",592,1,42,4,"9:40 PM","0:03",null,null,"Butler  Driving Layup (29 PTS)","101 - 104","3"],["0041400215",593,6,1,4,"9:40 PM","0:02",null,null,"Mirotic P.FOUL (P3.PN) (Z.Zarba)",null,null],["0041400215",595,18,0,4,"9:40 PM","0:02",null,null,null,null,null],["0041400215",596,3,11,4,"9:41 PM","0:02","Irving Free Throw 1 of 2 (24 PTS)",null,null,"101 - 105","4"],["0041400215",598,3,12,4,"9:41 PM","0:02","Irving Free Throw 2 of 2 (25 PTS)",null,null,"101 - 106","5"],["0041400215",601,13,0,4,"9:42 PM","0:00",null,null,null,"101 - 106","5"]]},{"name":"AvailableVideo","headers":["VIDEO_AVAILABLE_FLAG"],"rowSet":[[1]]}]}