{"resource":"playbyplay","parameters":{"GameID":"0041400172","StartPeriod":0,"EndPeriod":14},"resultSets":[{"name":"PlayByPlay","headers":["GAME_ID","EVENTNUM","EVENTMSGTYPE","EVENTMSGACTIONTYPE","PERIOD","WCTIMESTRING","PCTIMESTRING","HOMEDESCRIPTION","NEUTRALDESCRIPTION","VISITORDESCRIPTION","SCORE","SCOREMARGIN"],"rowSet":[["0041400172",0,12,0,1,"8:11 PM","12:00",null,null,null,null,null],["0041400172",1,10,0,1,"8:11 PM","12:00","Jump Ball Gasol vs. Lopez: Tip to Randolph",null,null,null,null],["0041400172",2,1,44,1,"8:11 PM","11:46","Conley 1' Reverse Layup (2 PTS) (Gasol 1 AST)",null,null,"0 - 2","2"],["0041400172",3,2,1,1,"8:12 PM","11:26",null,null,"MISS Aldridge 21' Jump Shot",null,null],["0041400172",4,4,0,1,"8:12 PM","11:26",null,null,"Trail Blazers Rebound",null,null],["0041400172",5,6,3,1,"8:12 PM","11:26","Gasol L.B.FOUL (P1.T1) (T.Brothers)",null,null,null,null],["0041400172",6,1,46,1,"8:12 PM","11:10",null,null,"Lillard 8' Running Jump Shot (2 PTS)","2 - 2","TIE"],["0041400172",7,5,1,1,"8:13 PM","10:52","Conley Bad Pass Turnover (P1.T1)",null,"Lopez STEAL (1 STL)",null,null],["0041400172",8,1,1,1,"8:13 PM","10:45",null,null,"Crabbe  3PT Jump Shot (3 PTS) (Batum 1 AST)","5 - 2","-3"],["0041400172",9,2,85,1,"8:13 PM","10:19","MISS Randolph 7' Turnaround Bank Shot",null,null,null,null],["0041400172",10,4,0,1,"8:13 PM","10:16",null,null,"Aldridge REBOUND (Off:0 Def:1)",null,null],["0041400172",11,1,1,1,"8:13 PM","10:01",null,null,"Aldridge 25' 3PT Jump Shot (3 PTS) (Lopez 1 AST)","8 - 2","-6"],["0041400172",12,2,1,1,"8:14 PM","9:43","MISS Gasol 15' Jump Shot",null,null,null,null],["0041400172",13,4,0,1,"8:14 PM","9:42",null,null,"Aldridge REBOUND (Off:0 Def:2)",null,null],["0041400172",14,1,3,1,"8:14 PM","9:34",null,null,"Lopez 6' Hook Shot (2 PTS) (Batum 2 AST)","10 - 2","-8"],["0041400172",15,2,47,1,"8:14 PM","9:09","MISS Gasol 6' Turnaround Jump Shot",null,null,null,null],["0041400172",16,4,0,1,"8:14 PM","9:08",null,null,"Lillard REBOUND (Off:0 Def:1)",null,null],["0041400172",17,5,1,1,"8:14 PM","9:02","Lee STEAL (1 STL)",null,"Lillard Bad Pass Turnover (P1.T1)",null,null],["0041400172",18,2,5,1,"8:14 PM","8:59","MISS Randolph 2' Layup",null,"Crabbe BLOCK (1 BLK)",null,null],["0041400172",20,4,0,1,"8:14 PM","8:56","Lee REBOUND (Off:1 Def:0)",null,null,null,null],["0041400172",19,1,5,1,"8:14 PM","8:56","Lee 1' Layup (2 PTS)",null,null,"10 - 4","-6"],["0041400172",21,2,1,1,"8:15 PM","8:43",null,null,"MISS Lillard 27' 3PT Jump Shot",null,null],["0041400172",22,4,0,1,"8:15 PM","8:42","Gasol REBOUND (Off:0 Def:1)",null,null,null,null],["0041400172",23,2,86,1,"8:15 PM","8:25","MISS Gasol 9' Turnaround Fadeaway Shot",null,null,null,null],["0041400172",24,4,0,1,"8:15 PM","8:24",null,null,"Aldridge REBOUND (Off:0 Def:3)",null,null],["0041400172",25,2,80,1,"8:15 PM","8:11",null,null,"MISS Lillard 13' Step Back Jump Shot",null,null],["0041400172",26,4,0,1,"8:15 PM","8:10",null,null,"Batum REBOUND (Off:1 Def:0)",null,null],["0041400172",27,5,1,1,"8:15 PM","8:10",null,null,"Batum Bad Pass Turnover (P1.T2)",null,null],["0041400172",28,1,1,1,"8:16 PM","7:58","Conley 25' 3PT Jump Shot (5 PTS) (Gasol 2 AST)",null,null,"10 - 7","-3"],["0041400172",29,1,5,1,"8:16 PM","7:31",null,null,"Aldridge  Layup (5 PTS)","12 - 7","-5"],["0041400172",30,2,1,1,"8:16 PM","7:11","MISS Gasol 14' Jump Shot",null,null,null,null],["0041400172",31,4,0,1,"8:16 PM","7:10",null,null,"Batum REBOUND (Off:1 Def:1)",null,null],["0041400172",32,2,86,1,"8:17 PM","7:00",null,null,"MISS Batum 13' Turnaround Fadeaway Shot",null,null],["0041400172",34,4,0,1,"8:17 PM","6:59",null,null,"Lopez REBOUND (Off:1 Def:0)",null,null],["0041400172",33,2,4,1,"8:17 PM","6:59",null,null,"MISS Lopez 1' Tip Shot",null,null],["0041400172",35,4,0,1,"8:17 PM","6:58",null,null,"Lopez REBOUND (Off:2 Def:0)",null,null],["0041400172",36,10,0,1,"8:17 PM","6:58","Jump Ball Lee vs. Lopez: Tip to",null,null,null,null],["0041400172",37,7,4,1,"8:17 PM","6:58","Lee Violation:Jump Ball (B.Spooner)",null,null,null,null],["0041400172",38,2,5,1,"8:18 PM","6:44",null,null,"MISS Batum 1' Layup",null,null],["0041400172",39,4,0,1,"8:18 PM","6:42",null,null,"Aldridge REBOUND (Off:1 Def:3)",null,null],["0041400172",40,1,5,1,"8:18 PM","6:40",null,null,"Batum 1' Layup (2 PTS)","14 - 7","-7"],["0041400172",41,1,5,1,"8:18 PM","6:27","Gasol 2' Layup (2 PTS) (Conley 1 AST)",null,null,"14 - 9","-5"],["0041400172",42,1,47,1,"8:18 PM","6:10",null,null,"Aldridge 21' Turnaround Jump Shot (7 PTS)","16 - 9","-7"],["0041400172",43,1,1,1,"8:19 PM","5:54","Lee  3PT Jump Shot (5 PTS) (Randolph 1 AST)",null,null,"16 - 12","-4"],["0041400172",44,1,1,1,"8:19 PM","5:30",null,null,"Aldridge 17' Jump Shot (9 PTS)","18 - 12","-6"],["0041400172",48,2,1,1,"8:20 PM","5:07","MISS Randolph 13' Jump Shot",null,null,null,null],["0041400172",49,4,0,1,"8:20 PM","5:06",null,null,"Lillard REBOUND (Off:0 Def:2)",null,null],["0041400172",51,5,2,1,"8:20 PM","4:52","Gasol STEAL (1 STL)",null,"Batum Lost Ball Turnover (P2.T3)",null,null],["0041400172",52,2,5,1,"8:20 PM","4:52","MISS Conley 1' Layup",null,"Lillard BLOCK (1 BLK)",null,null],["0041400172",54,4,0,1,"8:20 PM","4:52","GRIZZLIES Rebound",null,null,null,null],["0041400172",56,9,1,1,"8:20 PM","4:52","GRIZZLIES Timeout: Regular (Full 1 Short 0)",null,null,null,null],["0041400172",59,8,0,1,"8:23 PM","4:52","SUB: Green FOR Allen",null,null,null,null],["0041400172",60,8,0,1,"8:23 PM","4:52",null,null,"SUB: McCollum FOR Lopez",null,null],["0041400172",61,8,0,1,"8:23 PM","4:52",null,null,"SUB: Leonard FOR Crabbe",null,null],["0041400172",62,2,79,1,"8:24 PM","4:44","MISS Gasol 13' Pullup Jump Shot",null,null,null,null],["0041400172",63,4,0,1,"8:24 PM","4:41",null,null,"Leonard REBOUND (Off:0 Def:1)",null,null],["0041400172",64,2,1,1,"8:24 PM","4:29",null,null,"MISS Batum 25' 3PT Jump Shot",null,null],["0041400172",65,4,0,1,"8:24 PM","4:28","Gasol REBOUND (Off:0 Def:2)",null,null,null,null],["0041400172",66,2,5,1,"8:24 PM","4:14","MISS Lee 1' Layup",null,null,null,null],["0041400172",67,4,0,1,"8:24 PM","4:14","GRIZZLIES Rebound",null,null,null,null],["0041400172",68,1,5,1,"8:24 PM","4:10","Gasol 1' Layup (4 PTS) (Conley 2 AST)",null,null,"18 - 14","-4"],["0041400172",69,6,2,1,"8:24 PM","4:10",null,null,"Batum S.FOUL (P1.T1) (L.Richardson)",null,null],["0041400172",70,3,10,1,"8:25 PM","4:10","Gasol Free Throw 1 of 1 (5 PTS)",null,null,"18 - 15","-3"],["0041400172",72,2,1,1,"8:25 PM","3:46",null,null,"MISS Aldridge 22' Jump Shot",null,null],["0041400172",73,4,0,1,"8:25 PM","3:45","Conley REBOUND (Off:0 Def:1)",null,null,null,null],["0041400172",74,2,5,1,"8:25 PM","3:36","MISS Randolph 1' Layup",null,null,null,null],["0041400172",75,4,0,1,"8:26 PM","3:34",null,null,"Leonard REBOUND (Off:0 Def:2)",null,null],["0041400172",76,6,2,1,"8:26 PM","3:26","Lee S.FOUL (P1.T2) (L.Richardson)",null,null,null,null],["0041400172",77,3,11,1,"8:26 PM","3:26",null,null,"MISS Lillard Free Throw 1 of 2",null,null],["0041400172",78,4,1,1,"8:26 PM","3:26",null,null,"Trail Blazers Rebound",null,null],["0041400172",79,3,12,1,"8:26 PM","3:26",null,null,"Lillard Free Throw 2 of 2 (3 PTS)","19 - 15","-4"],["0041400172",81,2,42,1,"8:27 PM","3:14","MISS Lee 1' Driving Layup",null,null,null,null],["0041400172",82,4,0,1,"8:27 PM","3:12",null,null,"Aldridge REBOUND (Off:1 Def:4)",null,null],["0041400172",83,1,47,1,"8:27 PM","3:03",null,null,"McCollum 6' Turnaround Jump Shot (2 PTS)","21 - 15","-6"],["0041400172",85,6,1,1,"8:27 PM","2:49",null,null,"Lillard P.FOUL (P1.T2) (B.Spooner)",null,null],["0041400172",86,9,1,1,"8:27 PM","2:49",null,null,"Trail Blazers Timeout: Regular (Reg.1 Short 0)",null,null],["0041400172",88,8,0,1,"8:30 PM","2:49","SUB: Koufos FOR Gasol",null,null,null,null],["0041400172",89,8,0,1,"8:30 PM","2:49","SUB: Udrih FOR Conley",null,null,null,null],["0041400172",90,8,0,1,"8:30 PM","2:49",null,null,"SUB: Lopez FOR Aldridge",null,null],["0041400172",91,2,47,1,"8:31 PM","2:36","MISS Green 6' Turnaround Jump Shot",null,null,null,null],["0041400172",92,4,0,1,"8:31 PM","2:34",null,null,"Leonard REBOUND (Off:0 Def:3)",null,null],["0041400172",93,2,1,1,"8:31 PM","2:26",null,null,"MISS McCollum 25' 3PT Jump Shot",null,null],["0041400172",94,4,0,1,"8:31 PM","2:25","Randolph REBOUND (Off:0 Def:1)",null,null,null,null],["0041400172",95,2,79,1,"8:31 PM","2:15","MISS Udrih 16' Pullup Jump Shot",null,null,null,null],["0041400172",96,4,0,1,"8:31 PM","2:14","Udrih REBOUND (Off:1 Def:0)",null,null,null,null],["0041400172",97,1,42,1,"8:31 PM","2:01","Udrih 1' Driving Layup (2 PTS)",null,null,"21 - 17","-4"],["0041400172",98,2,1,1,"8:32 PM","1:44",null,null,"MISS Lillard 21' Jump Shot",null,null],["0041400172",99,4,0,1,"8:32 PM","1:43","Randolph REBOUND (Off:0 Def:2)",null,null,null,null],["0041400172",100,2,47,1,"8:32 PM","1:32","MISS Randolph 4' Turnaround Jump Shot",null,null,null,null],["0041400172",101,4,0,1,"8:32 PM","1:29",null,null,"Lopez REBOUND (Off:2 Def:1)",null,null],["0041400172",102,2,1,1,"8:32 PM","1:22",null,null,"MISS McCollum 20' Jump Shot",null,null],["0041400172",103,4,0,1,"8:32 PM","1:21","Randolph REBOUND (Off:0 Def:3)",null,null,null,null],["0041400172",104,2,49,1,"8:32 PM","1:05","MISS Green  Driving Dunk",null,"Lopez BLOCK (1 BLK)",null,null],["0041400172",105,4,0,1,"8:32 PM","1:05","GRIZZLIES Rebound",null,null,null,null],["0041400172",106,1,79,1,"8:33 PM","0:59","Lee 18' Pullup Jump Shot (7 PTS)",null,null,"21 - 19","-2"],["0041400172",107,2,1,1,"8:33 PM","0:41",null,null,"MISS McCollum 26' 3PT Jump Shot",null,null],["0041400172",108,4,0,1,"8:33 PM","0:41",null,null,"Leonard REBOUND (Off:1 Def:3)",null,null],["0041400172",109,2,1,1,"8:33 PM","0:31",null,null,"MISS Batum 26' 3PT Jump Shot",null,null],["0041400172",110,4,0,1,"8:33 PM","0:30","Randolph REBOUND (Off:0 Def:4)",null,null,null,null],["0041400172",111,2,1,1,"8:34 PM","0:11","MISS Udrih 26' 3PT Jump Shot",null,null,null,null],["0041400172",112,4,0,1,"8:34 PM","0:10",null,null,"Lopez REBOUND (Off:2 Def:2)",null,null],["0041400172",113,6,1,1,"8:34 PM","0:10","Koufos P.FOUL (P1.T3) (B.Spooner)",null,null,null,null],["0041400172",115,18,0,1,"8:34 PM","0:00",null,null,null,"21 - 19","-2"],["0041400172",117,13,0,1,"8:34 PM","0:00",null,null,null,"21 - 19","-2"],["0041400172",119,12,0,2,"8:38 PM","12:00",null,null,null,"21 - 19","-2"],["0041400172",120,1,47,2,"8:39 PM","11:41",null,null,"Aldridge 7' Turnaround Jump Shot (11 PTS)","23 - 19","-4"],["0041400172",121,1,1,2,"8:39 PM","11:21","Green 19' Jump Shot (2 PTS)",null,null,"23 - 21","-2"],["0041400172",122,2,86,2,"8:39 PM","11:01",null,null,"MISS Aldridge 12' Turnaround Fadeaway Shot",null,null],["0041400172",123,4,0,2,"8:39 PM","10:59","Green REBOUND (Off:0 Def:1)",null,null,null,null],["0041400172",124,2,3,2,"8:39 PM","10:51","MISS Koufos 5' Hook Shot",null,null,null,null],["0041400172",126,4,0,2,"8:40 PM","10:50","Koufos REBOUND (Off:1 Def:0)",null,null,null,null],["0041400172",125,1,4,2,"8:40 PM","10:50","Koufos 1' Tip Shot (2 PTS)",null,null,"23 - 23","TIE"],["0041400172",127,1,1,2,"8:40 PM","10:30",null,null,"Leonard 16' Jump Shot (2 PTS)","25 - 23","-2"],["0041400172",128,2,1,2,"8:40 PM","10:12","MISS Green 25' 3PT Jump Shot",null,null,null,null],["0041400172",129,4,0,2,"8:40 PM","10:11",null,null,"Aldridge REBOUND (Off:1 Def:5)",null,null],["0041400172",130,6,1,2,"8:40 PM","10:06","Green P.FOUL (P1.T1) (B.Spooner)",null,null,null,null],["0041400172",131,2,43,2,"8:41 PM","10:01",null,null,"MISS Aldridge 1' Alley Oop Layup",null,null],["0041400172",132,4,0,2,"8:41 PM","10:00","Green REBOUND (Off:0 Def:2)",null,null,null,null],["0041400172",133,2,5,2,"8:41 PM","9:48","MISS Udrih 2' Layup",null,"Aldridge BLOCK (1 BLK)",null,null],["0041400172",134,4,0,2,"8:41 PM","9:48","GRIZZLIES Rebound",null,null,null,null],["0041400172",136,2,63,2,"8:41 PM","9:41","MISS Green 11' Fadeaway Jumper",null,null,null,null],["0041400172",138,4,0,2,"8:41 PM","9:40","Koufos REBOUND (Off:2 Def:0)",null,null,null,null],["0041400172",137,1,4,2,"8:41 PM","9:40","Koufos 2' Tip Shot (4 PTS)",null,null,"25 - 25","TIE"],["0041400172",139,6,1,2,"8:42 PM","9:30","Udrih P.FOUL (P1.T2) (T.Brothers)",null,null,null,null],["0041400172",140,5,2,2,"8:42 PM","9:14","Allen STEAL (1 STL)",null,"Aldridge Lost Ball Turnover (P1.T4)",null,null],["0041400172",141,1,1,2,"8:42 PM","9:08","Udrih 17' Jump Shot (4 PTS) (Allen 1 AST)",null,null,"25 - 27","2"],["0041400172",143,9,1,2,"8:42 PM","9:07",null,null,"Trail Blazers Timeout: Regular (Reg.2 Short 0)",null,null],["0041400172",145,2,47,2,"8:46 PM","8:41","Allen BLOCK (1 BLK)",null,"MISS Aldridge 12' Turnaround Jump Shot",null,null],["0041400172",146,4,0,2,"8:46 PM","8:38","Allen REBOUND (Off:0 Def:1)",null,null,null,null],["0041400172",147,5,1,2,"8:46 PM","8:33","Green Bad Pass Turnover (P1.T2)",null,null,null,null],["0041400172",148,2,1,2,"8:47 PM","8:20",null,null,"MISS McCollum 17' Jump Shot",null,null],["0041400172",149,4,0,2,"8:47 PM","8:17","Allen REBOUND (Off:0 Def:2)",null,null,null,null],["0041400172",150,2,1,2,"8:47 PM","7:57","MISS Green 8' Jump Shot",null,null,null,null],["0041400172",151,4,0,2,"8:47 PM","7:56","Green REBOUND (Off:1 Def:2)",null,null,null,null],["0041400172",153,8,0,2,"8:47 PM","7:56",null,null,"SUB: Lillard FOR McCollum",null,null],["0041400172",155,10,0,2,"8:47 PM","7:55","Jump Ball Green vs. Blake: Tip to Allen",null,null,null,null],["0041400172",156,1,47,2,"8:48 PM","7:45","Udrih 8' Turnaround Jump Shot (6 PTS)",null,null,"25 - 29","4"],["0041400172",158,2,1,2,"8:48 PM","7:28",null,null,"MISS Lillard 17' Jump Shot",null,null],["0041400172",159,4,0,2,"8:48 PM","7:27",null,null,"Leonard REBOUND (Off:2 Def:3)",null,null],["0041400172",160,5,2,2,"8:48 PM","7:24","Carter STEAL (1 STL)",null,"Leonard Lost Ball Turnover (P1.T5)",null,null],["0041400172",161,1,5,2,"8:48 PM","7:19","Udrih 1' Layup (8 PTS)",null,null,"25 - 31","6"],["0041400172",163,9,2,2,"8:48 PM","7:17",null,null,"Trail Blazers Timeout: Short (Reg.2 Short 1)",null,null],["0041400172",165,8,0,2,"8:49 PM","7:17",null,null,"SUB: Batum FOR Leonard",null,null],["0041400172",166,8,0,2,"8:49 PM","7:17",null,null,"SUB: Lopez FOR Blake",null,null],["0041400172",167,8,0,2,"8:49 PM","7:17","SUB: Gasol FOR Koufos",null,null,null,null],["0041400172",168,8,0,2,"8:49 PM","7:17","SUB: Conley FOR Udrih",null,null,null,null],["0041400172",169,5,1,2,"8:50 PM","7:02","Green STEAL (1 STL)",null,"Lopez Bad Pass Turnover (P1.T6)",null,null],["0041400172",170,2,1,2,"8:50 PM","6:37","MISS Gasol 18' Jump Shot",null,null,null,null],["0041400172",171,4,0,2,"8:50 PM","6:37",null,null,"Batum REBOUND (Off:1 Def:2)",null,null],["0041400172",172,6,1,2,"8:50 PM","6:36","Allen P.FOUL (P1.T3) (T.Brothers)",null,null,null,null],["0041400172",173,2,80,2,"8:50 PM","6:25",null,null,"MISS Lillard 16' Step Back Jump Shot",null,null],["0041400172",174,4,0,2,"8:50 PM","6:23","Green REBOUND (Off:1 Def:3)",null,null,null,null],["0041400172",175,1,1,2,"8:51 PM","6:09","Green 24' 3PT Jump Shot (5 PTS) (Gasol 3 AST)",null,null,"25 - 34","9"],["0041400172",176,1,1,2,"8:51 PM","5:47",null,null,"Lopez 17' Jump Shot (4 PTS) (Batum 3 AST)","27 - 34","7"],["0041400172",177,6,2,2,"8:51 PM","5:34",null,null,"Lillard S.FOUL (P2.T1) (B.Spooner)",null,null],["0041400172",179,9,4,2,"8:51 PM","5:34",null,null,null,null,null],["0041400172",180,8,0,2,"8:54 PM","5:34",null,null,"SUB: McCollum FOR Crabbe",null,null],["0041400172",182,3,11,2,"8:55 PM","5:34","Conley Free Throw 1 of 2 (6 PTS)",null,null,"27 - 35","8"],["0041400172",184,3,12,2,"8:55 PM","5:34","Conley Free Throw 2 of 2 (7 PTS)",null,null,"27 - 36","9"],["0041400172",186,2,80,2,"8:55 PM","5:18",null,null,"MISS Aldridge 19' Step Back Jump Shot",null,null],["0041400172",187,4,0,2,"8:56 PM","5:16","Allen REBOUND (Off:0 Def:3)",null,null,null,null],["0041400172",188,2,1,2,"8:56 PM","5:01","MISS Conley 26' 3PT Jump Shot",null,null,null,null],["0041400172",189,4,0,2,"8:56 PM","5:01","Carter REBOUND (Off:1 Def:0)",null,null,null,null],["0041400172",190,1,1,2,"8:56 PM","4:56","Carter 24' 3PT Jump Shot (3 PTS) (Green 1 AST)",null,null,"27 - 39","12"],["0041400172",191,2,42,2,"8:56 PM","4:32",null,null,"MISS McCollum 1' Driving Layup",null,null],["0041400172",192,4,0,2,"8:56 PM","4:31","Carter REBOUND (Off:1 Def:1)",null,null,null,null],["0041400172",193,2,5,2,"8:56 PM","4:26","MISS Allen 1' Layup",null,null,null,null],["0041400172",194,4,0,2,"8:56 PM","4:23",null,null,"Aldridge REBOUND (Off:1 Def:6)",null,null],["0041400172",195,5,1,2,"8:56 PM","4:22","Conley STEAL (1 STL)",null,"Batum Bad Pass Turnover (P3.T7)",null,null],["0041400172",197,2,56,2,"8:57 PM","4:13","MISS Green 10' Running Hook Shot",null,null,null,null],["0041400172",198,4,0,2,"8:57 PM","4:10",null,null,"Aldridge REBOUND (Off:1 Def:7)",null,null],["0041400172",199,1,42,2,"8:58 PM","4:02",null,null,"Lillard 1' Driving Layup (5 PTS)","29 - 39","10"],["0041400172",200,1,42,2,"8:58 PM","3:48","Conley 1' Driving Layup (9 PTS)",null,null,"29 - 41","12"],["0041400172",201,1,46,2,"8:58 PM","3:29",null,null,"Batum 14' Running Jump Shot (4 PTS) (Aldridge 1 AST)","31 - 41","10"],["0041400172",202,9,1,2,"8:58 PM","3:20","GRIZZLIES Timeout: Regular (Full 2 Short 0)",null,null,null,null],["0041400172",204,8,0,2,"9:01 PM","3:20","SUB: Lee FOR Green",null,null,null,null],["0041400172",205,8,0,2,"9:01 PM","3:20","SUB: Randolph FOR Carter",null,null,null,null],["0041400172",207,6,2,2,"9:02 PM","3:11",null,null,"McCollum S.FOUL (P1.T2) (L.Richardson)",null,null],["0041400172",208,3,11,2,"9:02 PM","3:11","Gasol Free Throw 1 of 2 (6 PTS)",null,null,"31 - 42","11"],["0041400172",210,3,12,2,"9:02 PM","3:11","Gasol Free Throw 2 of 2 (7 PTS)",null,null,"31 - 43","12"],["0041400172",212,1,42,2,"9:03 PM","2:57",null,null,"Lillard  Driving Layup (7 PTS)","33 - 43","10"],["0041400172",213,1,84,2,"9:03 PM","2:39","Conley 14' Running Bank Shot (11 PTS) (Gasol 4 AST)",null,null,"33 - 45","12"],["0041400172",214,2,1,2,"9:03 PM","2:21",null,null,"MISS Lillard 28' 3PT Jump Shot",null,null],["0041400172",216,4,0,2,"9:03 PM","2:19",null,null,"Lopez REBOUND (Off:3 Def:2)",null,null],["0041400172",215,1,4,2,"9:03 PM","2:19",null,null,"Lopez 1' Tip Shot (6 PTS)","35 - 45","10"],["0041400172",217,5,1,2,"9:04 PM","2:00","Randolph Bad Pass Turnover (P1.T3)",null,"McCollum STEAL (1 STL)",null,null],["0041400172",218,6,28,2,"9:04 PM","1:59","Randolph Personal Take Foul (P1.T4) (L.Richardson)",null,null,null,null],["0041400172",219,18,1,2,"9:04 PM","1:59",null,null,null,null,null],["0041400172",221,8,0,2,"9:06 PM","1:59",null,null,"SUB: Crabbe FOR McCollum",null,null],["0041400172",222,2,42,2,"9:06 PM","1:44","Allen BLOCK (2 BLK)",null,"MISS Crabbe 1' Driving Layup",null,null],["0041400172",223,4,0,2,"9:06 PM","1:42","Allen REBOUND (Off:0 Def:4)",null,null,null,null],["0041400172",225,2,1,2,"9:06 PM","1:27","MISS Randolph 19' Jump Shot",null,null,null,null],["0041400172",226,4,0,2,"9:06 PM","1:26",null,null,"Aldridge REBOUND (Off:1 Def:8)",null,null],["0041400172",227,6,3,2,"9:06 PM","1:25","Allen L.B.FOUL (P2.PN) (T.Brothers)",null,null,null,null],["0041400172",228,3,11,2,"9:06 PM","1:25",null,null,"Aldridge Free Throw 1 of 2 (12 PTS)","36 - 45","9"],["0041400172",230,8,0,2,"9:07 PM","1:25","SUB: Green FOR Allen",null,null,null,null],["0041400172",231,3,12,2,"9:07 PM","1:25",null,null,"Aldridge Free Throw 2 of 2 (13 PTS)","37 - 45","8"],["0041400172",233,2,7,2,"9:07 PM","1:10","MISS Gasol  Dunk",null,"Lopez BLOCK (2 BLK)",null,null],["0041400172",234,4,0,2,"9:07 PM","1:10","Randolph REBOUND (Off:1 Def:4)",null,null,null,null],["0041400172",235,6,1,2,"9:07 PM","1:10",null,null,"Aldridge P.FOUL (P1.T3) (T.Brothers)",null,null],["0041400172",236,1,1,2,"9:08 PM","1:01","Conley 25' 3PT Jump Shot (14 PTS)",null,null,"37 - 48","11"],["0041400172",237,5,2,2,"9:08 PM","0:39","Lee STEAL (2 STL)",null,"Aldridge Lost Ball Turnover (P2.T8)",null,null],["0041400172",238,1,5,2,"9:08 PM","0:36","Lee 1' Layup (9 PTS)",null,null,"37 - 50","13"],["0041400172",239,1,88,2,"9:09 PM","0:27",null,null,"Lopez  Driving Slam Dunk (8 PTS)","39 - 50","11"],["0041400172",240,2,80,2,"9:09 PM","0:06","MISS Conley 22' Step Back Jump Shot",null,null,null,null],["0041400172",241,4,0,2,"9:09 PM","0:04",null,null,"Aldridge REBOUND (Off:1 Def:9)",null,null],["0041400172",242,2,46,2,"9:09 PM","0:00",null,null,"MISS Lillard 32' 3PT Running Jump Shot",null,null],["0041400172",244,4,0,2,"9:09 PM","0:00",null,null,"Trail Blazers Rebound",null,null],["0041400172",243,13,0,2,"9:09 PM","0:00",null,null,null,"39 - 50","11"],["0041400172",246,12,0,3,"9:27 PM","12:00",null,null,null,"39 - 50","11"],["0041400172",247,1,80,3,"9:28 PM","11:42",null,null,"Aldridge 18' Step Back Jump Shot (15 PTS)","41 - 50","9"],["0041400172",248,5,1,3,"9:28 PM","11:19","Conley Bad Pass Turnover (P2.T4)",null,"Aldridge STEAL (1 STL)",null,null],["0041400172",249,2,5,3,"9:28 PM","11:15","Gasol BLOCK (1 BLK)",null,"MISS Batum 1' Layup",null,null],["0041400172",251,4,0,3,"9:28 PM","11:12",null,null,"Lopez REBOUND (Off:4 Def:2)",null,null],["0041400172",250,1,5,3,"9:28 PM","11:12",null,null,"Lopez  Layup (10 PTS)","43 - 50","7"],["0041400172",254,2,5,3,"9:29 PM","10:43","MISS Randolph 2' Layup",null,"Aldridge BLOCK (2 BLK)",null,null],["0041400172",253,4,0,3,"9:29 PM","10:43","Randolph REBOUND (Off:2 Def:4)",null,null,null,null],["0041400172",252,1,72,3,"9:29 PM","10:43","Randolph 2' Putback Layup (2 PTS)",null,null,"43 - 52","9"],["0041400172",255,6,4,3,"9:29 PM","10:33",null,null,"Lopez OFF.Foul (P1) (L.Richardson)",null,null],["0041400172",256,5,5,3,"9:29 PM","10:33",null,null,"Lopez Foul Turnover (P2.T9)",null,null],["0041400172",258,2,1,3,"9:29 PM","10:21","MISS Gasol 19' Jump Shot",null,null,null,null],["0041400172",259,4,0,3,"9:29 PM","10:20",null,null,"Crabbe REBOUND (Off:0 Def:1)",null,null],["0041400172",261,6,1,3,"9:30 PM","10:16","Allen P.FOUL (P3.T1) (B.Spooner)",null,null,null,null],["0041400172",262,2,1,3,"9:30 PM","10:09",null,null,"MISS Batum 26' 3PT Jump Shot",null,null],["0041400172",263,4,0,3,"9:30 PM","10:08","Gasol REBOUND (Off:0 Def:3)",null,null,null,null],["0041400172",264,1,63,3,"9:30 PM","9:52","Randolph 11' Fadeaway Jumper (4 PTS) (Conley 3 AST)",null,null,"43 - 54","11"],["0041400172",265,1,43,3,"9:31 PM","9:37",null,null,"Batum  Alley Oop Layup (6 PTS) (Lillard 1 AST)","45 - 54","9"],["0041400172",266,1,5,3,"9:31 PM","9:22","Allen 1' Layup (2 PTS) (Conley 4 AST)",null,null,"45 - 56","11"],["0041400172",267,5,40,3,"9:31 PM","9:09",null,null,"Aldridge Out of Bounds Lost Ball Turnover (P3.T10)",null,null],["0041400172",268,6,17,3,"9:31 PM","8:59",null,null,"Trail Blazers T.Foul (Def. 3 Sec Lopez ) (B.Spooner)",null,null],["0041400172",269,3,16,3,"9:31 PM","8:59","MISS Lee Free Throw Technical",null,null,null,null],["0041400172",270,4,1,3,"9:31 PM","8:59","GRIZZLIES Rebound",null,null,null,null],["0041400172",271,2,78,3,"9:32 PM","8:52","MISS Conley 9' Floating Jump Shot",null,null,null,null],["0041400172",272,4,0,3,"9:32 PM","8:50",null,null,"Crabbe REBOUND (Off:0 Def:2)",null,null],["0041400172",273,5,2,3,"9:32 PM","8:39","Lee STEAL (3 STL)",null,"Crabbe Lost Ball Turnover (P1.T11)",null,null],["0041400172",274,1,47,3,"9:32 PM","8:31","Randolph 6' Turnaround Jump Shot (6 PTS)",null,null,"45 - 58","13"],["0041400172",275,6,2,3,"9:33 PM","8:13","Randolph S.FOUL (P2.T2) (T.Brothers)",null,null,null,null],["0041400172",276,3,11,3,"9:33 PM","8:13",null,null,"Aldridge Free Throw 1 of 2 (16 PTS)","46 - 58","12"],["0041400172",278,3,12,3,"9:33 PM","8:13",null,null,"Aldridge Free Throw 2 of 2 (17 PTS)","47 - 58","11"],["0041400172",280,2,3,3,"9:34 PM","7:49","MISS Gasol 7' Hook Shot",null,null,null,null],["0041400172",281,4,0,3,"9:34 PM","7:47",null,null,"Aldridge REBOUND (Off:1 Def:10)",null,null],["0041400172",282,2,1,3,"9:34 PM","7:35",null,null,"MISS Lillard 26' 3PT Jump Shot",null,null],["0041400172",283,4,0,3,"9:34 PM","7:34",null,null,"Batum REBOUND (Off:2 Def:2)",null,null],["0041400172",284,1,63,3,"9:34 PM","7:32",null,null,"Batum 9' Fadeaway Jumper (8 PTS)","49 - 58","9"],["0041400172",285,2,5,3,"9:35 PM","7:11","MISS Allen 2' Layup",null,null,null,null],["0041400172",287,4,0,3,"9:35 PM","7:10","Allen REBOUND (Off:1 Def:4)",null,null,null,null],["0041400172",286,1,72,3,"9:35 PM","7:10","Allen 1' Putback Layup (4 PTS)",null,null,"49 - 60","11"],["0041400172",288,2,63,3,"9:35 PM","6:46",null,null,"MISS Aldridge 13' Fadeaway Jumper",null,null],["0041400172",289,4,0,3,"9:35 PM","6:44","Allen REBOUND (Off:1 Def:5)",null,null,null,null],["0041400172",290,6,1,3,"9:35 PM","6:42",null,null,"Aldridge P.FOUL (P2.T1) (T.Brothers)",null,null],["0041400172",291,8,0,3,"9:35 PM","6:42",null,null,"SUB: McCollum FOR Crabbe",null,null],["0041400172",292,2,5,3,"9:36 PM","6:31","MISS Randolph 3' Layup",null,null,null,null],["0041400172",293,4,0,3,"9:36 PM","6:30","Gasol REBOUND (Off:1 Def:3)",null,null,null,null],["0041400172",294,1,5,3,"9:36 PM","6:24","Lee 1' Layup (11 PTS) (Conley 5 AST)",null,null,"49 - 62","13"],["0041400172",295,6,2,3,"9:36 PM","6:14","Randolph S.FOUL (P3.T3) (L.Richardson)",null,null,null,null],["0041400172",296,3,11,3,"9:36 PM","6:14",null,null,"Aldridge Free Throw 1 of 2 (18 PTS)","50 - 62","12"],["0041400172",298,3,12,3,"9:36 PM","6:14",null,null,"Aldridge Free Throw 2 of 2 (19 PTS)","51 - 62","11"],["0041400172",300,1,1,3,"9:37 PM","6:01","Lee 19' Jump Shot (13 PTS) (Conley 6 AST)",null,null,"51 - 64","13"],["0041400172",301,9,1,3,"9:37 PM","5:59",null,null,"Trail Blazers Timeout: Regular (Reg.3 Short 1)",null,null],["0041400172",303,8,0,3,"9:40 PM","5:59",null,null,"SUB: Freeland FOR Lopez",null,null],["0041400172",304,2,47,3,"9:41 PM","5:43",null,null,"MISS Aldridge 16' Turnaround Jump Shot",null,null],["0041400172",305,4,0,3,"9:41 PM","5:41","Gasol REBOUND (Off:1 Def:4)",null,null,null,null],["0041400172",306,1,47,3,"9:41 PM","5:24","Gasol 7' Turnaround Jump Shot (9 PTS) (Lee 1 AST)",null,null,"51 - 66","15"],["0041400172",307,2,1,3,"9:42 PM","5:03",null,null,"MISS Batum 24' 3PT Jump Shot",null,null],["0041400172",309,4,0,3,"9:42 PM","5:01",null,null,"Aldridge REBOUND (Off:2 Def:10)",null,null],["0041400172",308,1,4,3,"9:42 PM","5:01",null,null,"Aldridge 2' Tip Shot (21 PTS)","53 - 66","13"],["0041400172",310,2,1,3,"9:42 PM","4:40","MISS Gasol 20' Jump Shot",null,null,null,null],["0041400172",311,4,0,3,"9:42 PM","4:39",null,null,"Batum REBOUND (Off:2 Def:3)",null,null],["0041400172",312,6,1,3,"9:42 PM","4:37","Allen P.FOUL (P4.T4) (B.Spooner)",null,null,null,null],["0041400172",313,8,0,3,"9:42 PM","4:37","SUB: Green FOR Allen",null,null,null,null],["0041400172",314,6,4,3,"9:43 PM","4:28",null,null,"Aldridge OFF.Foul (P3) (L.Richardson)",null,null],["0041400172",315,5,5,3,"9:43 PM","4:28",null,null,"Aldridge Foul Turnover (P4.T12)",null,null],["0041400172",316,2,66,3,"9:43 PM","4:05","MISS Randolph 26' 3PT Jump Bank Shot",null,null,null,null],["0041400172",317,4,0,3,"9:43 PM","4:02",null,null,"Batum REBOUND (Off:2 Def:4)",null,null],["0041400172",318,2,1,3,"9:44 PM","3:55",null,null,"MISS Aldridge 19' Jump Shot",null,null],["0041400172",319,4,0,3,"9:44 PM","3:54","Randolph REBOUND (Off:2 Def:5)",null,null,null,null],["0041400172",320,6,2,3,"9:44 PM","3:48",null,null,"Lillard S.FOUL (P3.T2) (L.Richardson)",null,null],["0041400172",321,3,11,3,"9:44 PM","3:48","Gasol Free Throw 1 of 2 (10 PTS)",null,null,"53 - 67","14"],["0041400172",323,8,0,3,"9:44 PM","3:48","SUB: Udrih FOR Conley",null,null,null,null],["0041400172",324,3,12,3,"9:44 PM","3:48","Gasol Free Throw 2 of 2 (11 PTS)",null,null,"53 - 68","15"],["0041400172",326,6,2,3,"9:45 PM","3:36","Udrih S.FOUL (P2.PN) (L.Richardson)",null,null,null,null],["0041400172",327,3,11,3,"9:45 PM","3:36",null,null,"Lillard Free Throw 1 of 2 (8 PTS)","54 - 68","14"],["0041400172",329,3,12,3,"9:45 PM","3:36",null,null,"Lillard Free Throw 2 of 2 (9 PTS)","55 - 68","13"],["0041400172",331,2,1,3,"9:46 PM","3:22","MISS Randolph 15' Jump Shot",null,null,null,null],["0041400172",332,4,0,3,"9:46 PM","3:21",null,null,"Freeland REBOUND (Off:0 Def:1)",null,null],["0041400172",333,2,78,3,"9:46 PM","3:13",null,null,"MISS Lillard 12' Floating Jump Shot",null,null],["0041400172",334,4,0,3,"9:46 PM","3:11","Gasol REBOUND (Off:1 Def:5)",null,null,null,null],["0041400172",335,1,1,3,"9:46 PM","2:56","Randolph 5' Jump Shot (8 PTS)",null,null,"55 - 70","15"],["0041400172",336,2,1,3,"9:47 PM","2:30","Gasol BLOCK (2 BLK)",null,"MISS McCollum 6' Jump Shot",null,null],["0041400172",338,4,0,3,"9:47 PM","2:30",null,null,"Aldridge REBOUND (Off:3 Def:10)",null,null],["0041400172",337,2,44,3,"9:47 PM","2:30","Green BLOCK (1 BLK)",null,"MISS Aldridge 1' Reverse Layup",null,null],["0041400172",339,4,0,3,"9:47 PM","2:30",null,null,"Trail Blazers Rebound",null,null],["0041400172",340,5,11,3,"9:47 PM","2:30",null,null,"Trail Blazers Turnover: Shot Clock (T#13)",null,null],["0041400172",342,9,1,3,"9:47 PM","2:30","GRIZZLIES Timeout: Regular (Full 3 Short 0)",null,null,null,null],["0041400172",346,8,0,3,"9:50 PM","2:30",null,null,"SUB: Lopez FOR Aldridge",null,null],["0041400172",347,8,0,3,"9:50 PM","2:30",null,null,"SUB: Leonard FOR Freeland",null,null],["0041400172",348,1,79,3,"9:50 PM","2:06","Lee 28' 3PT Pullup Jump Shot (16 PTS)",null,null,"55 - 73","18"],["0041400172",349,5,1,3,"9:51 PM","1:50","Randolph STEAL (1 STL)",null,"Batum Bad Pass Turnover (P4.T14)",null,null],["0041400172",350,2,79,3,"9:51 PM","1:35","MISS Udrih 20' Pullup Jump Shot",null,null,null,null],["0041400172",351,4,0,3,"9:51 PM","1:34",null,null,"Leonard REBOUND (Off:2 Def:4)",null,null],["0041400172",352,1,1,3,"9:51 PM","1:22",null,null,"Leonard 25' 3PT Jump Shot (5 PTS) (Batum 4 AST)","58 - 73","15"],["0041400172",354,8,0,3,"9:52 PM","1:02","SUB: Koufos FOR Randolph",null,null,null,null],["0041400172",355,2,1,3,"9:52 PM","0:53","MISS Green 24' 3PT Jump Shot",null,null,null,null],["0041400172",356,4,0,3,"9:52 PM","0:52",null,null,"Trail Blazers Rebound",null,null],["0041400172",357,1,42,3,"9:53 PM","0:35",null,null,"Lillard 1' Driving Layup (11 PTS)","60 - 73","13"],["0041400172",358,2,46,3,"9:53 PM","0:28","MISS Koufos 13' Running Jump Shot",null,null,null,null],["0041400172",359,4,0,3,"9:53 PM","0:27","GRIZZLIES Rebound",null,null,null,null],["0041400172",360,8,0,3,"9:53 PM","0:27","SUB: Carter FOR Koufos",null,null,null,null],["0041400172",361,2,79,3,"9:54 PM","0:07","MISS Udrih 20' Pullup Jump Shot",null,null,null,null],["0041400172",362,4,0,3,"9:54 PM","0:05",null,null,"McCollum REBOUND (Off:0 Def:1)",null,null],["0041400172",363,2,63,3,"9:54 PM","0:01",null,null,"MISS McCollum 13' Fadeaway Jumper",null,null],["0041400172",365,4,0,3,"9:54 PM","0:00",null,null,"Trail Blazers Rebound",null,null],["0041400172",364,13,0,3,"9:54 PM","0:00",null,null,null,"60 - 73","13"],["0041400172",367,12,0,4,"9:57 PM","12:00",null,null,null,"60 - 73","13"],["0041400172",368,2,46,4,"9:58 PM","11:47","MISS Green 5' Running Jump Shot",null,"Aldridge BLOCK (3 BLK)",null,null],["0041400172",369,4,0,4,"9:58 PM","11:44",null,null,"McCollum REBOUND (Off:0 Def:2)",null,null],["0041400172",370,1,44,4,"9:58 PM","11:33",null,null,"McCollum 2' Reverse Layup (4 PTS)","62 - 73","11"],["0041400172",371,1,1,4,"9:58 PM","11:20","Green 21' Jump Shot (7 PTS) (Udrih 1 AST)",null,null,"62 - 75","13"],["0041400172",372,6,2,4,"9:58 PM","11:00","Koufos S.FOUL (P2.T1) (L.Richardson)",null,null,null,null],["0041400172",373,3,11,4,"9:59 PM","11:00",null,null,"Aldridge Free Throw 1 of 2 (22 PTS)","63 - 75","12"],["0041400172",375,3,12,4,"9:59 PM","11:00",null,null,"Aldridge Free Throw 2 of 2 (23 PTS)","64 - 75","11"],["0041400172",377,2,79,4,"9:59 PM","10:45","MISS Green 19' Pullup Jump Shot",null,null,null,null],["0041400172",378,4,0,4,"9:59 PM","10:45",null,null,"Trail Blazers Rebound",null,null],["0041400172",379,6,2,4,"10:00 PM","10:27","Koufos S.FOUL (P3.T2) (T.Brothers)",null,null,null,null],["0041400172",380,3,11,4,"10:00 PM","10:27",null,null,"MISS Aldridge Free Throw 1 of 2",null,null],["0041400172",381,4,1,4,"10:00 PM","10:27",null,null,"Trail Blazers Rebound",null,null],["0041400172",382,3,12,4,"10:00 PM","10:27",null,null,"Aldridge Free Throw 2 of 2 (24 PTS)","65 - 75","10"],["0041400172",384,6,2,4,"10:01 PM","10:16",null,null,"Leonard S.FOUL (P1.T1) (T.Brothers)",null,null],["0041400172",385,3,11,4,"10:01 PM","10:16","Udrih Free Throw 1 of 2 (9 PTS)",null,null,"65 - 76","11"],["0041400172",387,3,12,4,"10:01 PM","10:16","Udrih Free Throw 2 of 2 (10 PTS)",null,null,"65 - 77","12"],["0041400172",389,1,1,4,"10:02 PM","9:57",null,null,"Leonard 26' 3PT Jump Shot (8 PTS) (Batum 5 AST)","68 - 77","9"],["0041400172",390,2,46,4,"10:02 PM","9:44","MISS Carter 9' Running Jump Shot",null,null,null,null],["0041400172",391,4,0,4,"10:02 PM","9:41",null,null,"Batum REBOUND (Off:2 Def:5)",null,null],["0041400172",392,2,1,4,"10:02 PM","9:31",null,null,"MISS McCollum 25' 3PT Jump Shot",null,null],["0041400172",393,4,0,4,"10:02 PM","9:31",null,null,"Trail Blazers Rebound",null,null],["0041400172",394,6,3,4,"10:02 PM","9:31","Udrih L.B.FOUL (P3.T3) (T.Brothers)",null,null,null,null],["0041400172",395,2,47,4,"10:03 PM","9:22",null,null,"MISS Aldridge 7' Turnaround Jump Shot",null,null],["0041400172",396,4,0,4,"10:03 PM","9:21","Green REBOUND (Off:1 Def:4)",null,null,null,null],["0041400172",397,9,1,4,"10:03 PM","9:15","GRIZZLIES Timeout: Regular (Full 4 Short 0)",null,null,null,null],["0041400172",401,2,1,4,"10:06 PM","9:08","MISS Carter 26' 3PT Jump Shot",null,null,null,null],["0041400172",402,4,0,4,"10:06 PM","9:07",null,null,"Leonard REBOUND (Off:2 Def:5)",null,null],["0041400172",403,2,47,4,"10:06 PM","8:52",null,null,"MISS Aldridge 12' Turnaround Jump Shot",null,null],["0041400172",404,4,0,4,"10:07 PM","8:51","Carter REBOUND (Off:1 Def:2)",null,null,null,null],["0041400172",405,1,1,4,"10:07 PM","8:42","Carter  3PT Jump Shot (6 PTS) (Green 2 AST)",null,null,"68 - 80","12"],["0041400172",406,1,52,4,"10:07 PM","8:30",null,null,"Leonard  Alley Oop Dunk (10 PTS) (Batum 6 AST)","70 - 80","10"],["0041400172",407,2,1,4,"10:07 PM","8:17","MISS Carter  3PT Jump Shot",null,null,null,null],["0041400172",408,4,0,4,"10:07 PM","8:16",null,null,"Trail Blazers Rebound",null,null],["0041400172",409,7,5,4,"10:08 PM","7:59","Carter Violation:Kicked Ball (L.Richardson)",null,null,null,null],["0041400172",410,8,0,4,"10:08 PM","7:59",null,null,"SUB: Lillard FOR McCollum",null,null],["0041400172",411,2,1,4,"10:08 PM","7:52",null,null,"MISS Leonard 15' Jump Shot",null,null],["0041400172",412,4,0,4,"10:08 PM","7:49","Carter REBOUND (Off:1 Def:3)",null,null,null,null],["0041400172",413,1,63,4,"10:08 PM","7:27","Green 14' Fadeaway Jumper (9 PTS)",null,null,"70 - 82","12"],["0041400172",414,9,1,4,"10:08 PM","7:27",null,null,"Trail Blazers Timeout: Regular (Reg.4 Short 1)",null,null],["0041400172",416,8,0,4,"10:11 PM","7:27","SUB: Gasol FOR Koufos",null,null,null,null],["0041400172",417,8,0,4,"10:11 PM","7:27","SUB: Randolph FOR Carter",null,null,null,null],["0041400172",418,8,0,4,"10:11 PM","7:27",null,null,"SUB: Lopez FOR Leonard",null,null],["0041400172",419,8,0,4,"10:11 PM","7:27",null,null,"SUB: Crabbe FOR Blake",null,null],["0041400172",420,1,1,4,"10:12 PM","7:12",null,null,"Batum  3PT Jump Shot (11 PTS) (Crabbe 1 AST)","73 - 82","9"],["0041400172",421,6,2,4,"10:13 PM","6:53",null,null,"Lopez S.FOUL (P2.T2) (T.Brothers)",null,null],["0041400172",422,3,11,4,"10:13 PM","6:53","Gasol Free Throw 1 of 2 (12 PTS)",null,null,"73 - 83","10"],["0041400172",426,3,12,4,"10:13 PM","6:53","Gasol Free Throw 2 of 2 (13 PTS)",null,null,"73 - 84","11"],["0041400172",428,2,1,4,"10:14 PM","6:28",null,null,"MISS Aldridge 26' 3PT Jump Shot",null,null],["0041400172",429,4,0,4,"10:14 PM","6:27","Randolph REBOUND (Off:2 Def:6)",null,null,null,null],["0041400172",430,1,56,4,"10:14 PM","6:06","Gasol 8' Running Hook Shot (15 PTS)",null,null,"73 - 86","13"],["0041400172",431,6,1,4,"10:15 PM","5:48","Gasol P.FOUL (P2.T4) (L.Richardson)",null,null,null,null],["0041400172",432,8,0,4,"10:15 PM","5:48",null,null,"SUB: McCollum FOR Crabbe",null,null],["0041400172",433,8,0,4,"10:15 PM","5:48","SUB: Lee FOR Green",null,null,null,null],["0041400172",434,1,63,4,"10:15 PM","5:43",null,null,"McCollum 20' Fadeaway Jumper (6 PTS)","75 - 86","11"],["0041400172",435,6,1,4,"10:15 PM","5:24",null,null,"Lopez P.FOUL (P3.T3) (L.Richardson)",null,null],["0041400172",436,8,0,4,"10:16 PM","5:24","SUB: Conley FOR Udrih",null,null,null,null],["0041400172",437,1,78,4,"10:16 PM","5:09","Lee 12' Floating Jump Shot (18 PTS) (Randolph 2 AST)",null,null,"75 - 88","13"],["0041400172",438,2,78,4,"10:16 PM","4:57",null,null,"MISS Lillard 11' Floating Jump Shot",null,null],["0041400172",439,4,0,4,"10:16 PM","4:55","Gasol REBOUND (Off:1 Def:6)",null,null,null,null],["0041400172",440,1,41,4,"10:17 PM","4:39","Conley 1' Running Layup (16 PTS)",null,null,"75 - 90","15"],["0041400172",442,9,1,4,"10:17 PM","4:39",null,null,"Trail Blazers Timeout: Regular (Reg.5 Short 1)",null,null],["0041400172",443,1,1,4,"10:20 PM","4:23",null,null,"Lillard 24' 3PT Jump Shot (14 PTS) (Batum 7 AST)","78 - 90","12"],["0041400172",444,2,1,4,"10:20 PM","4:04","MISS Gasol 17' Jump Shot",null,null,null,null],["0041400172",445,4,0,4,"10:20 PM","4:03","Allen REBOUND (Off:2 Def:5)",null,null,null,null],["0041400172",446,1,5,4,"10:20 PM","3:48","Randolph  Layup (10 PTS) (Gasol 5 AST)",null,null,"78 - 92","14"],["0041400172",447,2,79,4,"10:21 PM","3:31",null,null,"MISS Batum 20' Pullup Jump Shot",null,null],["0041400172",448,4,0,4,"10:21 PM","3:29","Allen REBOUND (Off:2 Def:6)",null,null,null,null],["0041400172",449,2,46,4,"10:21 PM","3:05","MISS Randolph 4' Running Jump Shot",null,"Aldridge BLOCK (4 BLK)",null,null],["0041400172",450,4,0,4,"10:21 PM","3:04","Randolph REBOUND (Off:3 Def:6)",null,null,null,null],["0041400172",451,5,11,4,"10:21 PM","3:04","GRIZZLIES Turnover: Shot Clock (T#5)",null,null,null,null],["0041400172",452,2,1,4,"10:22 PM","2:48",null,null,"MISS McCollum 25' 3PT Jump Shot",null,null],["0041400172",453,4,0,4,"10:22 PM","2:47","Lee REBOUND (Off:1 Def:1)",null,null,null,null],["0041400172",454,5,2,4,"10:22 PM","2:41","Allen Lost Ball Turnover (P1.T6)",null,"Aldridge STEAL (2 STL)",null,null],["0041400172",455,2,5,4,"10:22 PM","2:31","Allen BLOCK (3 BLK)",null,"MISS Lillard 3' Layup",null,null],["0041400172",456,4,0,4,"10:22 PM","2:31","GRIZZLIES Rebound",null,null,null,null],["0041400172",457,2,1,4,"10:23 PM","2:15","MISS Lee  3PT Jump Shot",null,null,null,null],["0041400172",458,4,0,4,"10:23 PM","2:14",null,null,"McCollum REBOUND (Off:0 Def:3)",null,null],["0041400172",459,2,5,4,"10:23 PM","2:08","Gasol BLOCK (3 BLK)",null,"MISS McCollum 3' Layup",null,null],["0041400172",460,4,0,4,"10:23 PM","2:06","Randolph REBOUND (Off:3 Def:7)",null,null,null,null],["0041400172",461,6,2,4,"10:23 PM","1:50",null,null,"McCollum S.FOUL (P2.T4) (B.Spooner)",null,null],["0041400172",462,3,11,4,"10:23 PM","1:50","Conley Free Throw 1 of 2 (17 PTS)",null,null,"78 - 93","15"],["0041400172",464,8,0,4,"10:24 PM","1:50",null,null,"SUB: Leonard FOR Lopez",null,null],["0041400172",465,3,12,4,"10:24 PM","1:50","Conley Free Throw 2 of 2 (18 PTS)",null,null,"78 - 94","16"],["0041400172",468,2,1,4,"10:25 PM","1:34",null,null,"MISS Batum 27' 3PT Jump Shot",null,null],["0041400172",469,4,0,4,"10:25 PM","1:33",null,null,"Trail Blazers Rebound",null,null],["0041400172",470,2,46,4,"10:25 PM","1:19",null,null,"MISS Batum 10' Running Jump Shot",null,null],["0041400172",471,4,0,4,"10:25 PM","1:17","Allen REBOUND (Off:2 Def:7)",null,null,null,null],["0041400172",472,2,78,4,"10:26 PM","0:55","MISS Conley 14' Floating Jump Shot",null,null,null,null],["0041400172",473,4,0,4,"10:26 PM","0:54",null,null,"Aldridge REBOUND (Off:3 Def:11)",null,null],["0041400172",474,6,2,4,"10:26 PM","0:47","Randolph S.FOUL (P4.PN) (L.Richardson)",null,null,null,null],["0041400172",475,3,11,4,"10:26 PM","0:47",null,null,"Lillard Free Throw 1 of 2 (15 PTS)","79 - 94","15"],["0041400172",477,8,0,4,"10:26 PM","0:47",null,null,"SUB: Freeland FOR Aldridge",null,null],["0041400172",478,8,0,4,"10:26 PM","0:47",null,null,"SUB: Crabbe FOR Batum",null,null],["0041400172",479,8,0,4,"10:27 PM","0:47","SUB: Udrih FOR Allen",null,null,null,null],["0041400172",480,8,0,4,"10:27 PM","0:47","SUB: Carter FOR Randolph",null,null,null,null],["0041400172",481,8,0,4,"10:27 PM","0:47","SUB: Green FOR Gasol",null,null,null,null],["0041400172",482,8,0,4,"10:27 PM","0:47","SUB: Calathes FOR Conley",null,null,null,null],["0041400172",483,3,12,4,"10:27 PM","0:47",null,null,"Lillard Free Throw 2 of 2 (16 PTS)","80 - 94","14"],["0041400172",485,1,1,4,"10:27 PM","0:29","Carter 26' 3PT Jump Shot (9 PTS) (Green 3 AST)",null,null,"80 - 97","17"],["0041400172",486,6,2,4,"10:28 PM","0:21","Calathes S.FOUL (P1.PN) (L.Richardson)",null,null,null,null],["0041400172",487,3,11,4,"10:28 PM","0:21",null,null,"Lillard Free Throw 1 of 2 (17 PTS)","81 - 97","16"],["0041400172",489,3,12,4,"10:28 PM","0:21",null,null,"Lillard Free Throw 2 of 2 (18 PTS)","82 - 97","15"],["0041400172",492,13,0,4,"10:29 PM","0:00",null,null,null,"82 - 97","15"]]},{"name":"AvailableVideo","headers":["VIDEO_AVAILABLE_FLAG"],"rowSet":[[1]]}]}