{"resource":"playbyplay","parameters":{"GameID":"0041400143","StartPeriod":0,"EndPeriod":14},"resultSets":[{"name":"PlayByPlay","headers":["GAME_ID","EVENTNUM","EVENTMSGTYPE","EVENTMSGACTIONTYPE","PERIOD","WCTIMESTRING","PCTIMESTRING","HOMEDESCRIPTION","NEUTRALDESCRIPTION","VISITORDESCRIPTION","SCORE","SCOREMARGIN"],"rowSet":[["0041400143",0,12,0,1,"9:48 PM","12:00",null,null,null,null,null],["0041400143",1,10,0,1,"9:48 PM","12:00","Jump Ball Davis vs. Bogut: Tip to Curry",null,null,null,null],["0041400143",2,2,3,1,"9:48 PM","11:42",null,null,"MISS Bogut 6' Hook Shot",null,null],["0041400143",3,4,0,1,"9:48 PM","11:41","Davis REBOUND (Off:0 Def:1)",null,null,null,null],["0041400143",4,1,47,1,"9:49 PM","11:23","Davis 6' Turnaround Jump Shot (2 PTS)",null,null,"0 - 2","2"],["0041400143",5,1,1,1,"9:49 PM","11:12",null,null,"Thompson  3PT Jump Shot (3 PTS) (Curry 1 AST)","3 - 2","-1"],["0041400143",6,1,1,1,"9:49 PM","10:57","Gordon 27' 3PT Jump Shot (3 PTS) (Davis 1 AST)",null,null,"3 - 5","2"],["0041400143",7,5,1,1,"9:50 PM","10:38","Evans STEAL (1 STL)",null,"Bogut Bad Pass Turnover (P1.T1)",null,null],["0041400143",8,2,1,1,"9:50 PM","10:23","MISS Evans 25' 3PT Jump Shot",null,null,null,null],["0041400143",9,4,0,1,"9:50 PM","10:22","Davis REBOUND (Off:1 Def:1)",null,null,null,null],["0041400143",10,1,1,1,"9:50 PM","10:07","Davis 15' Jump Shot (4 PTS) (Pondexter 1 AST)",null,null,"3 - 7","4"],["0041400143",11,1,1,1,"9:50 PM","9:44",null,null,"Curry 25' 3PT Jump Shot (3 PTS) (Thompson 1 AST)","6 - 7","1"],["0041400143",13,2,1,1,"9:51 PM","9:27","MISS Gordon 26' 3PT Jump Shot",null,null,null,null],["0041400143",14,4,0,1,"9:51 PM","9:25","Asik REBOUND (Off:1 Def:0)",null,null,null,null],["0041400143",15,2,1,1,"9:51 PM","9:19","MISS Gordon 16' Jump Shot",null,null,null,null],["0041400143",16,4,0,1,"9:51 PM","9:18",null,null,"Barnes REBOUND (Off:0 Def:1)",null,null],["0041400143",17,1,1,1,"9:51 PM","9:12",null,null,"Curry 25' 3PT Jump Shot (6 PTS) (Barnes 1 AST)","9 - 7","-2"],["0041400143",18,1,1,1,"9:51 PM","8:51","Davis 17' Jump Shot (6 PTS) (Asik 1 AST)",null,null,"9 - 9","TIE"],["0041400143",19,1,79,1,"9:51 PM","8:43",null,null,"Barnes 17' Pullup Jump Shot (2 PTS) (Curry 2 AST)","11 - 9","-2"],["0041400143",20,2,1,1,"9:52 PM","8:25","MISS Davis 16' Jump Shot",null,null,null,null],["0041400143",21,4,0,1,"9:52 PM","8:24","Asik REBOUND (Off:2 Def:0)",null,null,null,null],["0041400143",22,2,5,1,"9:52 PM","8:21","MISS Asik 2' Layup",null,null,null,null],["0041400143",23,4,0,1,"9:52 PM","8:20",null,null,"Bogut REBOUND (Off:0 Def:1)",null,null],["0041400143",24,1,1,1,"9:52 PM","8:11",null,null,"Thompson 24' 3PT Jump Shot (6 PTS) (Bogut 1 AST)","14 - 9","-5"],["0041400143",25,2,1,1,"9:52 PM","7:51","MISS Gordon 24' 3PT Jump Shot",null,null,null,null],["0041400143",26,4,0,1,"9:52 PM","7:50",null,null,"Green REBOUND (Off:0 Def:1)",null,null],["0041400143",27,1,1,1,"9:52 PM","7:44",null,null,"Thompson 27' 3PT Jump Shot (9 PTS) (Green 1 AST)","17 - 9","-8"],["0041400143",30,6,1,1,"9:53 PM","7:30",null,null,"Green P.FOUL (P1.T1) (S.Foster)",null,null],["0041400143",31,2,1,1,"9:53 PM","7:21","MISS Davis 14' Jump Shot",null,null,null,null],["0041400143",32,4,0,1,"9:53 PM","7:18",null,null,"Green REBOUND (Off:0 Def:2)",null,null],["0041400143",33,9,1,1,"9:53 PM","7:18",null,null,"Warriors Timeout: Regular (Reg.1 Short 0)",null,null],["0041400143",35,2,1,1,"9:57 PM","6:58",null,null,"MISS Green 8' Jump Shot",null,null],["0041400143",36,4,0,1,"9:57 PM","6:56",null,null,"Bogut REBOUND (Off:1 Def:1)",null,null],["0041400143",37,2,1,1,"9:57 PM","6:51",null,null,"MISS Curry 21' Jump Shot",null,null],["0041400143",38,4,0,1,"9:57 PM","6:50","Pondexter REBOUND (Off:0 Def:1)",null,null,null,null],["0041400143",39,6,2,1,"9:57 PM","6:29",null,null,"Green S.FOUL (P2.T2) (S.Foster)",null,null],["0041400143",40,3,11,1,"9:58 PM","6:29","MISS Davis Free Throw 1 of 2",null,null,null,null],["0041400143",41,4,1,1,"9:58 PM","6:29","PELICANS Rebound",null,null,null,null],["0041400143",42,8,0,1,"9:58 PM","6:29",null,null,"SUB: Iguodala FOR Green",null,null],["0041400143",43,3,12,1,"9:58 PM","6:29","Davis Free Throw 2 of 2 (7 PTS)",null,null,"17 - 10","-7"],["0041400143",46,2,1,1,"9:59 PM","6:07",null,null,"MISS Thompson 25' 3PT Jump Shot",null,null],["0041400143",47,4,0,1,"9:59 PM","6:06","Evans REBOUND (Off:0 Def:1)",null,null,null,null],["0041400143",48,2,5,1,"9:59 PM","5:54","MISS Evans 2' Layup",null,"Barnes BLOCK (1 BLK)",null,null],["0041400143",49,4,0,1,"9:59 PM","5:52",null,null,"Bogut REBOUND (Off:1 Def:2)",null,null],["0041400143",50,2,1,1,"9:59 PM","5:46",null,null,"MISS Curry 25' 3PT Jump Shot",null,null],["0041400143",51,4,0,1,"9:59 PM","5:45","Gordon REBOUND (Off:0 Def:1)",null,null,null,null],["0041400143",52,1,1,1,"9:59 PM","5:36","Davis 13' Jump Shot (9 PTS) (Gordon 1 AST)",null,null,"17 - 12","-5"],["0041400143",53,1,5,1,"9:59 PM","5:26",null,null,"Curry 2' Layup (8 PTS)","19 - 12","-7"],["0041400143",54,2,1,1,"10:00 PM","5:04","MISS Davis 17' Jump Shot",null,null,null,null],["0041400143",55,4,0,1,"10:00 PM","5:02",null,null,"Bogut REBOUND (Off:1 Def:3)",null,null],["0041400143",56,5,1,1,"10:00 PM","4:51","Evans STEAL (2 STL)",null,"Curry Bad Pass Turnover (P1.T2)",null,null],["0041400143",57,1,7,1,"10:00 PM","4:47","Evans  Dunk (2 PTS)",null,null,"19 - 14","-5"],["0041400143",58,1,44,1,"10:00 PM","4:25",null,null,"Bogut 2' Reverse Layup (2 PTS) (Curry 3 AST)","21 - 14","-7"],["0041400143",59,6,26,1,"10:01 PM","4:12","Davis Offensive Charge Foul (P1.T1) (S.Foster)",null,null,null,null],["0041400143",60,5,5,1,"10:01 PM","4:12","Davis Foul Turnover (P1.T1)",null,null,null,null],["0041400143",61,8,0,1,"10:01 PM","4:12","SUB: Anderson FOR Asik",null,null,null,null],["0041400143",62,8,0,1,"10:01 PM","4:12",null,null,"SUB: Barbosa FOR Thompson",null,null],["0041400143",63,2,3,1,"10:01 PM","3:53",null,null,"MISS Bogut 8' Hook Shot",null,null],["0041400143",64,4,0,1,"10:01 PM","3:52","Evans REBOUND (Off:0 Def:2)",null,null,null,null],["0041400143",65,1,5,1,"10:01 PM","3:48","Evans 2' Layup (4 PTS)",null,null,"21 - 16","-5"],["0041400143",66,6,2,1,"10:01 PM","3:48",null,null,"Barnes S.FOUL (P1.T3) (D.Stafford)",null,null],["0041400143",67,8,0,1,"10:02 PM","3:48","SUB: Cole FOR Gordon",null,null,null,null],["0041400143",68,3,10,1,"10:02 PM","3:48","Evans Free Throw 1 of 1 (5 PTS)",null,null,"21 - 17","-4"],["0041400143",71,6,2,1,"10:02 PM","3:34","Pondexter S.FOUL (P1.T2) (K.Fitzgerald)",null,null,null,null],["0041400143",72,3,11,1,"10:03 PM","3:34",null,null,"Curry Free Throw 1 of 2 (9 PTS)","22 - 17","-5"],["0041400143",74,8,0,1,"10:03 PM","3:34",null,null,"SUB: Ezeli FOR Bogut",null,null],["0041400143",75,8,0,1,"10:03 PM","3:34","SUB: Holiday FOR Pondexter",null,null,null,null],["0041400143",76,3,12,1,"10:03 PM","3:34",null,null,"Curry Free Throw 2 of 2 (10 PTS)","23 - 17","-6"],["0041400143",79,1,1,1,"10:03 PM","3:17","Cole 26' 3PT Jump Shot (3 PTS) (Evans 1 AST)",null,null,"23 - 20","-3"],["0041400143",80,1,47,1,"10:04 PM","2:54",null,null,"Ezeli 9' Turnaround Jump Shot (2 PTS)","25 - 20","-5"],["0041400143",81,2,1,1,"10:04 PM","2:31","MISS Holiday 16' Jump Shot",null,null,null,null],["0041400143",83,4,0,1,"10:04 PM","2:30","Davis REBOUND (Off:2 Def:1)",null,null,null,null],["0041400143",82,1,92,1,"10:04 PM","2:30","Davis  Putback Slam Dunk (11 PTS)",null,null,"25 - 22","-3"],["0041400143",84,5,2,1,"10:05 PM","2:10","Evans STEAL (3 STL)",null,"Barbosa Lost Ball Turnover (P1.T3)",null,null],["0041400143",85,1,7,1,"10:05 PM","2:05","Evans  Dunk (7 PTS)",null,null,"25 - 24","-1"],["0041400143",86,2,1,1,"10:05 PM","1:38",null,null,"MISS Barbosa 26' 3PT Jump Shot",null,null],["0041400143",87,4,0,1,"10:05 PM","1:36",null,null,"Ezeli REBOUND (Off:1 Def:0)",null,null],["0041400143",88,2,1,1,"10:05 PM","1:33",null,null,"MISS Barnes 13' Jump Shot",null,null],["0041400143",89,4,0,1,"10:05 PM","1:32","Anderson REBOUND (Off:0 Def:1)",null,null,null,null],["0041400143",90,6,26,1,"10:05 PM","1:28","Evans Offensive Charge Foul (P1.T3) (K.Fitzgerald)",null,null,null,null],["0041400143",91,5,5,1,"10:05 PM","1:28","Evans Foul Turnover (P1.T2)",null,null,null,null],["0041400143",93,9,1,1,"10:06 PM","1:28","PELICANS Timeout: Regular (Full 1 Short 0)",null,null,null,null],["0041400143",94,8,0,1,"10:08 PM","1:28","SUB: Cunningham FOR Evans",null,null,null,null],["0041400143",95,2,1,1,"10:09 PM","1:15",null,null,"MISS Barbosa 25' 3PT Jump Shot",null,null],["0041400143",96,4,0,1,"10:09 PM","1:14","Anderson REBOUND (Off:0 Def:2)",null,null,null,null],["0041400143",97,1,1,1,"10:09 PM","0:54","Holiday 5' Jump Shot (2 PTS)",null,null,"25 - 26","1"],["0041400143",99,2,1,1,"10:10 PM","0:48",null,null,"MISS Curry 28' 3PT Jump Shot",null,null],["0041400143",100,4,0,1,"10:10 PM","0:45","Davis REBOUND (Off:2 Def:2)",null,null,null,null],["0041400143",101,2,1,1,"10:10 PM","0:25","MISS Holiday 20' Jump Shot",null,null,null,null],["0041400143",102,4,0,1,"10:10 PM","0:23","Anderson REBOUND (Off:1 Def:2)",null,null,null,null],["0041400143",103,2,1,1,"10:10 PM","0:05","MISS Cole 26' 3PT Jump Shot",null,null,null,null],["0041400143",104,4,0,1,"10:10 PM","0:03",null,null,"Ezeli REBOUND (Off:1 Def:1)",null,null],["0041400143",105,2,1,1,"10:10 PM","0:00",null,null,"MISS Iguodala 46' 3PT Jump Shot",null,null],["0041400143",107,4,0,1,"10:11 PM","0:00",null,null,"Warriors Rebound",null,null],["0041400143",106,13,0,1,"10:11 PM","0:00",null,null,null,"25 - 26","1"],["0041400143",109,12,0,2,"10:14 PM","12:00",null,null,null,"25 - 26","1"],["0041400143",110,1,7,2,"10:14 PM","11:45","Anderson  Dunk (2 PTS) (Holiday 1 AST)",null,null,"25 - 28","3"],["0041400143",111,2,1,2,"10:15 PM","11:28",null,null,"MISS Livingston 15' Jump Shot",null,null],["0041400143",112,4,0,2,"10:15 PM","11:26","Cunningham REBOUND (Off:0 Def:1)",null,null,null,null],["0041400143",113,1,1,2,"10:15 PM","11:08","Cole 26' 3PT Jump Shot (6 PTS) (Holiday 2 AST)",null,null,"25 - 31","6"],["0041400143",114,6,27,2,"10:15 PM","10:57","Cunningham Personal Block Foul (P1.T1) (K.Fitzgerald)",null,null,null,null],["0041400143",115,2,1,2,"10:16 PM","10:45",null,null,"MISS Thompson 15' Jump Shot",null,null],["0041400143",116,4,0,2,"10:16 PM","10:44","Cunningham REBOUND (Off:0 Def:2)",null,null,null,null],["0041400143",117,1,1,2,"10:16 PM","10:38","Cole 5' Jump Shot (8 PTS)",null,null,"25 - 33","8"],["0041400143",118,2,1,2,"10:16 PM","10:26",null,null,"MISS Thompson 27' 3PT Jump Shot",null,null],["0041400143",119,4,0,2,"10:16 PM","10:23","Davis REBOUND (Off:2 Def:3)",null,null,null,null],["0041400143",120,1,79,2,"10:16 PM","10:13","Holiday 14' Pullup Jump Shot (4 PTS)",null,null,"25 - 35","10"],["0041400143",122,9,1,2,"10:16 PM","10:11",null,null,"Warriors Timeout: Regular (Reg.2 Short 0)",null,null],["0041400143",123,5,1,2,"10:20 PM","9:57","Davis STEAL (1 STL)",null,"Green Bad Pass Turnover (P1.T4)",null,null],["0041400143",124,1,1,2,"10:20 PM","9:50","Cunningham 22' Jump Shot (2 PTS) (Anderson 1 AST)",null,null,"25 - 37","12"],["0041400143",125,2,1,2,"10:20 PM","9:34","Cunningham BLOCK (1 BLK)",null,"MISS Speights 4' Jump Shot",null,null],["0041400143",126,4,0,2,"10:20 PM","9:32","Cunningham REBOUND (Off:0 Def:3)",null,null,null,null],["0041400143",127,1,73,2,"10:20 PM","9:26","Cole 2' Driving Reverse Layup (10 PTS)",null,null,"25 - 39","14"],["0041400143",128,6,1,2,"10:20 PM","9:20","Holiday P.FOUL (P1.T2) (K.Fitzgerald)",null,null,null,null],["0041400143",129,1,7,2,"10:21 PM","9:15",null,null,"Green  Dunk (2 PTS) (Thompson 2 AST)","27 - 39","12"],["0041400143",130,2,1,2,"10:21 PM","8:54","MISS Holiday 16' Jump Shot",null,null,null,null],["0041400143",132,4,0,2,"10:21 PM","8:53","Anderson REBOUND (Off:2 Def:2)",null,null,null,null],["0041400143",131,2,4,2,"10:21 PM","8:53","MISS Anderson 1' Tip Shot",null,null,null,null],["0041400143",133,4,0,2,"10:21 PM","8:52",null,null,"Green REBOUND (Off:0 Def:3)",null,null],["0041400143",134,2,1,2,"10:21 PM","8:44",null,null,"MISS Iguodala 24' 3PT Jump Shot",null,null],["0041400143",135,4,0,2,"10:21 PM","8:43","Davis REBOUND (Off:2 Def:4)",null,null,null,null],["0041400143",136,2,5,2,"10:21 PM","8:32","MISS Davis 3' Layup",null,null,null,null],["0041400143",137,4,0,2,"10:21 PM","8:30","Holiday REBOUND (Off:1 Def:0)",null,null,null,null],["0041400143",139,8,0,2,"10:22 PM","8:28","SUB: Pondexter FOR Davis",null,null,null,null],["0041400143",140,8,0,2,"10:22 PM","8:28","SUB: Gordon FOR Holiday",null,null,null,null],["0041400143",141,2,1,2,"10:22 PM","8:19","MISS Cole 23' Jump Shot",null,null,null,null],["0041400143",143,4,0,2,"10:22 PM","8:18",null,null,"Livingston REBOUND (Off:0 Def:1)",null,null],["0041400143",145,1,5,2,"10:22 PM","8:16",null,null,"Livingston 2' Layup (2 PTS)","29 - 39","10"],["0041400143",146,6,2,2,"10:22 PM","8:16","Cunningham S.FOUL (P2.T3) (D.Stafford)",null,null,null,null],["0041400143",147,3,10,2,"10:22 PM","8:16",null,null,"Livingston Free Throw 1 of 1 (3 PTS)","30 - 39","9"],["0041400143",150,1,1,2,"10:23 PM","8:01","Anderson 26' 3PT Jump Shot (5 PTS) (Gordon 2 AST)",null,null,"30 - 42","12"],["0041400143",151,1,3,2,"10:23 PM","7:49",null,null,"Speights 4' Hook Shot (2 PTS)","32 - 42","10"],["0041400143",152,1,1,2,"10:24 PM","7:30","Anderson 19' Jump Shot (7 PTS) (Gordon 3 AST)",null,null,"32 - 44","12"],["0041400143",153,6,26,2,"10:24 PM","7:20",null,null,"Speights Offensive Charge Foul (P1.T1) (S.Foster)",null,null],["0041400143",154,5,5,2,"10:24 PM","7:20",null,null,"Speights Foul Turnover (P1.T5)",null,null],["0041400143",155,8,0,2,"10:24 PM","7:20",null,null,"SUB: Barnes FOR Speights",null,null],["0041400143",156,6,4,2,"10:24 PM","7:08","Anderson OFF.Foul (P1) (K.Fitzgerald)",null,null,null,null],["0041400143",157,5,5,2,"10:24 PM","7:08","Anderson Foul Turnover (P1.T3)",null,null,null,null],["0041400143",158,8,0,2,"10:25 PM","7:08",null,null,"SUB: Curry FOR Iguodala",null,null],["0041400143",159,8,0,2,"10:25 PM","7:08","SUB: Evans FOR Cunningham",null,null,null,null],["0041400143",160,1,42,2,"10:25 PM","6:53",null,null,"Curry 3' Driving Layup (12 PTS)","34 - 44","10"],["0041400143",161,1,5,2,"10:26 PM","6:32","Anderson 2' Layup (9 PTS) (Gordon 4 AST)",null,null,"34 - 46","12"],["0041400143",162,2,1,2,"10:26 PM","6:21",null,null,"MISS Thompson  3PT Jump Shot",null,null],["0041400143",163,4,0,2,"10:26 PM","6:18",null,null,"Barnes REBOUND (Off:1 Def:1)",null,null],["0041400143",164,6,2,2,"10:26 PM","6:18","Pondexter S.FOUL (P2.T4) (S.Foster)",null,null,null,null],["0041400143",165,3,11,2,"10:26 PM","6:18",null,null,"Barnes Free Throw 1 of 2 (3 PTS)","35 - 46","11"],["0041400143",167,3,12,2,"10:26 PM","6:18",null,null,"Barnes Free Throw 2 of 2 (4 PTS)","36 - 46","10"],["0041400143",169,1,1,2,"10:27 PM","6:02","Anderson 17' Jump Shot (11 PTS)",null,null,"36 - 48","12"],["0041400143",170,6,2,2,"10:27 PM","5:54","Anderson S.FOUL (P2.PN) (D.Stafford)",null,null,null,null],["0041400143",171,9,4,2,"10:27 PM","5:54",null,null,null,null,null],["0041400143",172,8,0,2,"10:31 PM","5:54","SUB: Davis FOR Pondexter",null,null,null,null],["0041400143",174,8,0,2,"10:31 PM","5:54",null,null,"SUB: Bogut FOR Barnes",null,null],["0041400143",175,3,13,2,"10:31 PM","5:54",null,null,"Curry Free Throw 1 of 3 (13 PTS)","37 - 48","11"],["0041400143",177,3,14,2,"10:31 PM","5:54",null,null,"MISS Curry Free Throw 2 of 3",null,null],["0041400143",178,4,1,2,"10:31 PM","5:54",null,null,"Warriors Rebound",null,null],["0041400143",179,3,15,2,"10:31 PM","5:54",null,null,"Curry Free Throw 3 of 3 (14 PTS)","38 - 48","10"],["0041400143",182,6,1,2,"10:32 PM","5:42",null,null,"Bogut P.FOUL (P1.T2) (D.Stafford)",null,null],["0041400143",185,2,1,2,"10:33 PM","5:27","MISS Anderson 28' 3PT Jump Shot",null,null,null,null],["0041400143",186,4,0,2,"10:33 PM","5:27","PELICANS Rebound",null,null,null,null],["0041400143",187,5,11,2,"10:33 PM","5:27","PELICANS Turnover: Shot Clock (T#4)",null,null,null,null],["0041400143",188,2,1,2,"10:33 PM","5:13",null,null,"MISS Green 27' 3PT Jump Shot",null,null],["0041400143",189,4,0,2,"10:33 PM","5:12","Evans REBOUND (Off:0 Def:3)",null,null,null,null],["0041400143",190,1,8,2,"10:33 PM","5:08","Davis  Slam Dunk (13 PTS) (Evans 2 AST)",null,null,"38 - 50","12"],["0041400143",191,2,5,2,"10:34 PM","4:48",null,null,"MISS Thompson 2' Layup",null,null],["0041400143",193,4,0,2,"10:34 PM","4:46",null,null,"Thompson REBOUND (Off:1 Def:0)",null,null],["0041400143",192,2,4,2,"10:34 PM","4:46",null,null,"MISS Thompson 3' Tip Shot",null,null],["0041400143",194,4,0,2,"10:34 PM","4:42","Gordon REBOUND (Off:0 Def:2)",null,null,null,null],["0041400143",195,1,1,2,"10:34 PM","4:35","Davis 12' Jump Shot (15 PTS) (Evans 3 AST)",null,null,"38 - 52","14"],["0041400143",196,5,2,2,"10:34 PM","4:17","Gordon STEAL (1 STL)",null,"Thompson Lost Ball Turnover (P1.T6)",null,null],["0041400143",197,1,5,2,"10:34 PM","4:13","Cole 2' Layup (12 PTS) (Evans 4 AST)",null,null,"38 - 54","16"],["0041400143",198,9,1,2,"10:35 PM","4:11",null,null,"Warriors Timeout: Regular (Reg.3 Short 0)",null,null],["0041400143",199,8,0,2,"10:37 PM","4:11","SUB: Asik FOR Anderson",null,null,null,null],["0041400143",200,2,5,2,"10:38 PM","3:49",null,null,"MISS Curry 2' Layup",null,null],["0041400143",201,4,0,2,"10:38 PM","3:49","PELICANS Rebound",null,null,null,null],["0041400143",202,6,4,2,"10:38 PM","3:39","Asik OFF.Foul (P1) (S.Foster)",null,null,null,null],["0041400143",203,5,5,2,"10:38 PM","3:39","Asik Foul Turnover (P1.T5)",null,null,null,null],["0041400143",204,8,0,2,"10:38 PM","3:39",null,null,"SUB: Iguodala FOR Livingston",null,null],["0041400143",205,2,1,2,"10:39 PM","3:28","Gordon BLOCK (1 BLK)",null,"MISS Thompson 10' Jump Shot",null,null],["0041400143",207,4,0,2,"10:39 PM","3:27",null,null,"Green REBOUND (Off:1 Def:3)",null,null],["0041400143",206,1,72,2,"10:39 PM","3:27",null,null,"Green 2' Putback Layup (4 PTS)","40 - 54","14"],["0041400143",208,2,1,2,"10:39 PM","3:03","MISS Cole  3PT Jump Shot",null,null,null,null],["0041400143",209,4,0,2,"10:39 PM","3:02",null,null,"Green REBOUND (Off:1 Def:4)",null,null],["0041400143",210,1,1,2,"10:39 PM","2:44",null,null,"Thompson 25' 3PT Jump Shot (12 PTS) (Curry 4 AST)","43 - 54","11"],["0041400143",211,1,1,2,"10:40 PM","2:24","Evans 26' 3PT Jump Shot (10 PTS) (Davis 2 AST)",null,null,"43 - 57","14"],["0041400143",212,2,1,2,"10:40 PM","1:55",null,null,"MISS Curry 16' Jump Shot",null,null],["0041400143",213,4,0,2,"10:40 PM","1:53","Davis REBOUND (Off:2 Def:5)",null,null,null,null],["0041400143",214,1,5,2,"10:40 PM","1:46","Evans 2' Layup (12 PTS)",null,null,"43 - 59","16"],["0041400143",215,1,5,2,"10:41 PM","1:40",null,null,"Iguodala 2' Layup (2 PTS) (Curry 5 AST)","45 - 59","14"],["0041400143",216,6,2,2,"10:41 PM","1:40","Evans S.FOUL (P2.PN) (K.Fitzgerald)",null,null,null,null],["0041400143",217,3,10,2,"10:41 PM","1:40",null,null,"MISS Iguodala Free Throw 1 of 1",null,null],["0041400143",219,4,0,2,"10:41 PM","1:40","PELICANS Rebound",null,null,null,null],["0041400143",221,1,81,2,"10:41 PM","1:25","Evans 4' Pullup Bank Shot (14 PTS)",null,null,"45 - 61","16"],["0041400143",222,1,47,2,"10:42 PM","1:07",null,null,"Thompson 12' Turnaround Jump Shot (14 PTS)","47 - 61","14"],["0041400143",224,2,3,2,"10:42 PM","0:49","MISS Davis 10' Hook Shot",null,null,null,null],["0041400143",225,4,0,2,"10:42 PM","0:46",null,null,"Iguodala REBOUND (Off:0 Def:1)",null,null],["0041400143",226,1,1,2,"10:42 PM","0:42",null,null,"Thompson 24' 3PT Jump Shot (17 PTS) (Iguodala 1 AST)","50 - 61","11"],["0041400143",227,1,42,2,"10:43 PM","0:23","Cole 3' Driving Layup (14 PTS)",null,null,"50 - 63","13"],["0041400143",229,2,1,2,"10:43 PM","0:01",null,null,"MISS Curry 10' Jump Shot",null,null],["0041400143",231,4,0,2,"10:43 PM","0:01",null,null,"Bogut REBOUND (Off:2 Def:3)",null,null],["0041400143",230,1,4,2,"10:43 PM","0:01",null,null,"Bogut 2' Tip Shot (4 PTS)","52 - 63","11"],["0041400143",232,13,0,2,"10:43 PM","0:00",null,null,null,"52 - 63","11"],["0041400143",234,12,0,3,"11:01 PM","12:00",null,null,null,"52 - 63","11"],["0041400143",235,6,1,3,"11:02 PM","11:46",null,null,"Curry P.FOUL (P1.T1) (S.Foster)",null,null],["0041400143",237,2,1,3,"11:02 PM","11:33","MISS Evans 20' Jump Shot",null,null,null,null],["0041400143",238,4,0,3,"11:02 PM","11:32",null,null,"Green REBOUND (Off:1 Def:5)",null,null],["0041400143",240,1,1,3,"11:03 PM","11:20",null,null,"Thompson 25' 3PT Jump Shot (20 PTS) (Curry 6 AST)","55 - 63","8"],["0041400143",242,2,1,3,"11:03 PM","10:53","MISS Evans 25' 3PT Jump Shot",null,null,null,null],["0041400143",243,4,0,3,"11:03 PM","10:52",null,null,"Green REBOUND (Off:1 Def:6)",null,null],["0041400143",244,2,1,3,"11:03 PM","10:42",null,null,"MISS Thompson 25' 3PT Jump Shot",null,null],["0041400143",245,4,0,3,"11:03 PM","10:41","Davis REBOUND (Off:2 Def:6)",null,null,null,null],["0041400143",246,6,2,3,"11:03 PM","10:30",null,null,"Green S.FOUL (P3.T2) (K.Fitzgerald)",null,null],["0041400143",247,3,11,3,"11:04 PM","10:30","Pondexter Free Throw 1 of 2 (1 PTS)",null,null,"55 - 64","9"],["0041400143",249,3,12,3,"11:04 PM","10:30","Pondexter Free Throw 2 of 2 (2 PTS)",null,null,"55 - 65","10"],["0041400143",252,2,1,3,"11:04 PM","10:11",null,null,"MISS Green 4' Jump Shot",null,null],["0041400143",253,4,0,3,"11:04 PM","10:10","Asik REBOUND (Off:2 Def:1)",null,null,null,null],["0041400143",254,1,79,3,"11:05 PM","9:52","Pondexter 4' Pullup Jump Shot (4 PTS)",null,null,"55 - 67","12"],["0041400143",255,2,1,3,"11:05 PM","9:44",null,null,"MISS Curry 26' 3PT Jump Shot",null,null],["0041400143",256,4,0,3,"11:05 PM","9:43","Evans REBOUND (Off:0 Def:4)",null,null,null,null],["0041400143",258,6,4,3,"11:06 PM","9:24","Davis OFF.Foul (P2) (S.Foster)",null,null,null,null],["0041400143",259,5,5,3,"11:06 PM","9:24","Davis Foul Turnover (P2.T6)",null,null,null,null],["0041400143",260,6,2,3,"11:06 PM","9:03","Pondexter S.FOUL (P3.T1) (K.Fitzgerald)",null,null,null,null],["0041400143",261,3,11,3,"11:06 PM","9:03",null,null,"Curry Free Throw 1 of 2 (15 PTS)","56 - 67","11"],["0041400143",264,6,11,3,"11:07 PM","9:03","Pondexter T.FOUL (P3.T1) (S.Foster)",null,null,null,null],["0041400143",265,3,16,3,"11:07 PM","9:03",null,null,"Curry Free Throw Technical (16 PTS)","57 - 67","10"],["0041400143",267,3,12,3,"11:07 PM","9:03",null,null,"Curry Free Throw 2 of 2 (17 PTS)","58 - 67","9"],["0041400143",270,5,1,3,"11:08 PM","8:47","Evans Bad Pass Turnover (P2.T7)",null,"Green STEAL (1 STL)",null,null],["0041400143",271,2,1,3,"11:08 PM","8:37",null,null,"MISS Curry 25' 3PT Jump Shot",null,null],["0041400143",272,4,0,3,"11:08 PM","8:35","PELICANS Rebound",null,null,null,null],["0041400143",273,9,1,3,"11:08 PM","8:35","PELICANS Timeout: Regular (Full 2 Short 0)",null,null,null,null],["0041400143",275,2,1,3,"11:12 PM","8:17","MISS Gordon 4' Jump Shot",null,null,null,null],["0041400143",276,4,0,3,"11:12 PM","8:17","Gordon REBOUND (Off:1 Def:2)",null,null,null,null],["0041400143",277,2,72,3,"11:12 PM","8:16","MISS Gordon 2' Putback Layup",null,null,null,null],["0041400143",278,4,0,3,"11:12 PM","8:15","Asik REBOUND (Off:3 Def:1)",null,null,null,null],["0041400143",279,2,5,3,"11:12 PM","8:13","MISS Asik 2' Layup",null,"Barnes BLOCK (2 BLK)",null,null],["0041400143",280,4,0,3,"11:12 PM","8:12",null,null,"Barnes REBOUND (Off:1 Def:2)",null,null],["0041400143",281,5,2,3,"11:12 PM","8:04","Davis STEAL (2 STL)",null,"Curry Lost Ball Turnover (P2.T7)",null,null],["0041400143",282,1,1,3,"11:12 PM","7:53","Davis 11' Jump Shot (17 PTS)",null,null,"58 - 69","11"],["0041400143",283,2,1,3,"11:12 PM","7:29",null,null,"MISS Barnes 10' Jump Shot",null,null],["0041400143",284,4,0,3,"11:13 PM","7:28","Davis REBOUND (Off:2 Def:7)",null,null,null,null],["0041400143",285,1,1,3,"11:13 PM","7:15","Davis 17' Jump Shot (19 PTS) (Evans 5 AST)",null,null,"58 - 71","13"],["0041400143",286,2,5,3,"11:13 PM","6:49",null,null,"MISS Barnes 2' Layup",null,null],["0041400143",287,4,0,3,"11:13 PM","6:43","Gordon REBOUND (Off:1 Def:3)",null,null,null,null],["0041400143",288,2,1,3,"11:13 PM","6:34","MISS Gordon 26' 3PT Jump Shot",null,null,null,null],["0041400143",289,4,0,3,"11:13 PM","6:33","Pondexter REBOUND (Off:1 Def:1)",null,null,null,null],["0041400143",290,6,2,3,"11:14 PM","6:19",null,null,"Thompson S.FOUL (P1.T3) (K.Fitzgerald)",null,null],["0041400143",291,3,11,3,"11:14 PM","6:19","Davis Free Throw 1 of 2 (20 PTS)",null,null,"58 - 72","14"],["0041400143",293,3,12,3,"11:14 PM","6:19","Davis Free Throw 2 of 2 (21 PTS)",null,null,"58 - 73","15"],["0041400143",295,2,1,3,"11:15 PM","6:03",null,null,"MISS Barnes 16' Jump Shot",null,null],["0041400143",296,4,0,3,"11:15 PM","6:02","Asik REBOUND (Off:3 Def:2)",null,null,null,null],["0041400143",297,6,2,3,"11:15 PM","5:58",null,null,"Curry S.FOUL (P2.T4) (D.Stafford)",null,null],["0041400143",298,3,11,3,"11:15 PM","5:58","MISS Gordon Free Throw 1 of 2",null,null,null,null],["0041400143",299,4,1,3,"11:15 PM","5:58","PELICANS Rebound",null,null,null,null],["0041400143",300,8,0,3,"11:15 PM","5:58",null,null,"SUB: Iguodala FOR Barnes",null,null],["0041400143",301,3,12,3,"11:16 PM","5:58","Gordon Free Throw 2 of 2 (4 PTS)",null,null,"58 - 74","16"],["0041400143",304,2,42,3,"11:16 PM","5:43","Davis BLOCK (1 BLK)",null,"MISS Curry 3' Driving Layup",null,null],["0041400143",305,4,0,3,"11:16 PM","5:42","Asik REBOUND (Off:3 Def:3)",null,null,null,null],["0041400143",306,6,1,3,"11:16 PM","5:41",null,null,"Green P.FOUL (P4.PN) (D.Stafford)",null,null],["0041400143",307,3,11,3,"11:17 PM","5:41","MISS Asik Free Throw 1 of 2",null,null,null,null],["0041400143",308,4,1,3,"11:17 PM","5:41","PELICANS Rebound",null,null,null,null],["0041400143",309,8,0,3,"11:17 PM","5:41",null,null,"SUB: Speights FOR Green",null,null],["0041400143",310,3,12,3,"11:17 PM","5:41","Asik Free Throw 2 of 2 (1 PTS)",null,null,"58 - 75","17"],["0041400143",313,5,1,3,"11:17 PM","5:27","Asik STEAL (1 STL)",null,"Thompson Bad Pass Turnover (P2.T8)",null,null],["0041400143",314,1,5,3,"11:17 PM","5:21","Evans 2' Layup (16 PTS) (Gordon 5 AST)",null,null,"58 - 77","19"],["0041400143",316,9,1,3,"11:18 PM","5:19",null,null,"Warriors Timeout: Regular (Reg.4 Short 0)",null,null],["0041400143",317,8,0,3,"11:20 PM","5:19","SUB: Anderson FOR Asik",null,null,null,null],["0041400143",318,8,0,3,"11:20 PM","5:19",null,null,"SUB: Barnes FOR Bogut",null,null],["0041400143",319,1,47,3,"11:21 PM","5:03",null,null,"Thompson 16' Turnaround Jump Shot (22 PTS) (Iguodala 2 AST)","60 - 77","17"],["0041400143",320,6,2,3,"11:21 PM","5:03","Anderson S.FOUL (P3.T2) (D.Stafford)",null,null,null,null],["0041400143",321,3,10,3,"11:21 PM","5:03",null,null,"Thompson Free Throw 1 of 1 (23 PTS)","61 - 77","16"],["0041400143",324,2,1,3,"11:22 PM","4:46","MISS Davis 7' Jump Shot",null,null,null,null],["0041400143",325,4,0,3,"11:22 PM","4:45",null,null,"Speights REBOUND (Off:0 Def:1)",null,null],["0041400143",326,2,5,3,"11:22 PM","4:34","Davis BLOCK (2 BLK)",null,"MISS Speights 2' Layup",null,null],["0041400143",327,4,0,3,"11:22 PM","4:33",null,null,"Speights REBOUND (Off:1 Def:1)",null,null],["0041400143",328,2,5,3,"11:22 PM","4:32","Davis BLOCK (3 BLK)",null,"MISS Speights 1' Layup",null,null],["0041400143",329,4,0,3,"11:22 PM","4:31","Davis REBOUND (Off:2 Def:8)",null,null,null,null],["0041400143",330,6,26,3,"11:22 PM","4:23","Evans Offensive Charge Foul (P3.T3) (S.Foster)",null,null,null,null],["0041400143",331,5,5,3,"11:22 PM","4:23","Evans Foul Turnover (P3.T8)",null,null,null,null],["0041400143",332,2,1,3,"11:23 PM","4:07",null,null,"MISS Iguodala 26' 3PT Jump Shot",null,null],["0041400143",333,4,0,3,"11:23 PM","4:05",null,null,"Barnes REBOUND (Off:2 Def:2)",null,null],["0041400143",334,1,1,3,"11:23 PM","4:01",null,null,"Curry 25' 3PT Jump Shot (20 PTS) (Barnes 2 AST)","64 - 77","13"],["0041400143",336,1,63,3,"11:23 PM","3:36","Anderson 15' Fadeaway Jumper (13 PTS) (Evans 6 AST)",null,null,"64 - 79","15"],["0041400143",337,2,1,3,"11:23 PM","3:24",null,null,"MISS Speights 21' Jump Shot",null,null],["0041400143",338,4,0,3,"11:23 PM","3:23","Pondexter REBOUND (Off:1 Def:2)",null,null,null,null],["0041400143",339,2,1,3,"11:23 PM","3:12","MISS Anderson 21' Jump Shot",null,null,null,null],["0041400143",340,4,0,3,"11:23 PM","3:11",null,null,"Curry REBOUND (Off:0 Def:1)",null,null],["0041400143",341,1,79,3,"11:24 PM","3:05",null,null,"Curry 25' 3PT Pullup Jump Shot (23 PTS)","67 - 79","12"],["0041400143",342,6,1,3,"11:24 PM","2:49",null,null,"Speights P.FOUL (P2.PN) (D.Stafford)",null,null],["0041400143",343,3,11,3,"11:24 PM","2:49","Davis Free Throw 1 of 2 (22 PTS)",null,null,"67 - 80","13"],["0041400143",345,8,0,3,"11:25 PM","2:49","SUB: Cole FOR Gordon",null,null,null,null],["0041400143",346,8,0,3,"11:25 PM","2:49",null,null,"SUB: Barbosa FOR Thompson",null,null],["0041400143",347,8,0,3,"11:25 PM","2:49","SUB: Holiday FOR Evans",null,null,null,null],["0041400143",348,8,0,3,"11:25 PM","2:49","SUB: Cunningham FOR Pondexter",null,null,null,null],["0041400143",349,3,12,3,"11:25 PM","2:49","Davis Free Throw 2 of 2 (23 PTS)",null,null,"67 - 81","14"],["0041400143",351,2,1,3,"11:25 PM","2:27",null,null,"MISS Iguodala 18' Jump Shot",null,null],["0041400143",352,4,0,3,"11:25 PM","2:27","PELICANS Rebound",null,null,null,null],["0041400143",353,6,3,3,"11:26 PM","2:27",null,null,"Speights L.B.FOUL (P3.PN) (D.Stafford)",null,null],["0041400143",354,3,11,3,"11:26 PM","2:27","Anderson Free Throw 1 of 2 (14 PTS)",null,null,"67 - 82","15"],["0041400143",356,3,12,3,"11:26 PM","2:27","Anderson Free Throw 2 of 2 (15 PTS)",null,null,"67 - 83","16"],["0041400143",359,2,1,3,"11:27 PM","2:16",null,null,"MISS Curry 26' 3PT Jump Shot",null,null],["0041400143",360,4,0,3,"11:27 PM","2:15","Davis REBOUND (Off:2 Def:9)",null,null,null,null],["0041400143",361,6,26,3,"11:27 PM","2:10","Cole Offensive Charge Foul (P1.T4) (D.Stafford)",null,null,null,null],["0041400143",362,5,5,3,"11:27 PM","2:10","Cole Foul Turnover (P1.T9)",null,null,null,null],["0041400143",364,2,7,3,"11:28 PM","1:53","Cunningham BLOCK (2 BLK)",null,"MISS Speights  Dunk",null,null],["0041400143",365,4,0,3,"11:28 PM","1:53","PELICANS Rebound",null,null,null,null],["0041400143",366,6,29,3,"11:28 PM","1:38",null,null,"Speights Shooting Block Foul (P4.PN) (K.Fitzgerald)",null,null],["0041400143",367,3,11,3,"11:28 PM","1:38","Holiday Free Throw 1 of 2 (5 PTS)",null,null,"67 - 84","17"],["0041400143",369,3,12,3,"11:29 PM","1:38","Holiday Free Throw 2 of 2 (6 PTS)",null,null,"67 - 85","18"],["0041400143",372,2,1,3,"11:29 PM","1:22",null,null,"MISS Iguodala  3PT Jump Shot",null,null],["0041400143",373,4,0,3,"11:29 PM","1:20",null,null,"Curry REBOUND (Off:1 Def:1)",null,null],["0041400143",374,1,7,3,"11:29 PM","1:17",null,null,"Iguodala  Dunk (4 PTS) (Curry 7 AST)","69 - 85","16"],["0041400143",376,9,1,3,"11:29 PM","1:17","PELICANS Timeout: Regular (Full 3 Short 0)",null,null,null,null],["0041400143",377,1,1,3,"11:32 PM","1:03","Holiday 20' Jump Shot (8 PTS) (Davis 3 AST)",null,null,"69 - 87","18"],["0041400143",378,5,1,3,"11:32 PM","0:45",null,null,"Curry Bad Pass Turnover (P3.T9)",null,null],["0041400143",379,2,1,3,"11:33 PM","0:31","MISS Davis 14' Jump Shot",null,"Speights BLOCK (1 BLK)",null,null],["0041400143",380,4,0,3,"11:33 PM","0:30",null,null,"Curry REBOUND (Off:1 Def:2)",null,null],["0041400143",381,2,40,3,"11:33 PM","0:28",null,null,"MISS Barbosa 3' Layup",null,null],["0041400143",383,4,0,3,"11:33 PM","0:27",null,null,"Speights REBOUND (Off:2 Def:1)",null,null],["0041400143",382,2,72,3,"11:33 PM","0:27","Holiday BLOCK (1 BLK)",null,"MISS Speights 3' Putback Layup",null,null],["0041400143",385,4,0,3,"11:33 PM","0:26","Cunningham REBOUND (Off:0 Def:4)",null,null,null,null],["0041400143",386,1,7,3,"11:33 PM","0:11","Cunningham  Dunk (4 PTS) (Anderson 2 AST)",null,null,"69 - 89","20"],["0041400143",387,2,1,3,"11:33 PM","0:01",null,null,"MISS Curry 26' 3PT Jump Shot",null,null],["0041400143",389,4,0,3,"11:33 PM","0:00","Davis REBOUND (Off:2 Def:10)",null,null,null,null],["0041400143",390,13,0,3,"11:33 PM","0:00",null,null,null,"69 - 89","20"],["0041400143",392,12,0,4,"11:37 PM","12:00",null,null,null,"69 - 89","20"],["0041400143",393,2,1,4,"11:37 PM","11:46",null,null,"MISS Thompson 25' 3PT Jump Shot",null,null],["0041400143",394,4,0,4,"11:37 PM","11:44",null,null,"Green REBOUND (Off:2 Def:6)",null,null],["0041400143",395,1,5,4,"11:37 PM","11:40",null,null,"Barbosa 2' Layup (2 PTS) (Green 2 AST)","71 - 89","18"],["0041400143",397,2,52,4,"11:37 PM","11:26","MISS Davis  Alley Oop Dunk",null,null,null,null],["0041400143",398,4,0,4,"11:37 PM","11:23",null,null,"Green REBOUND (Off:2 Def:7)",null,null],["0041400143",400,1,1,4,"11:37 PM","11:17",null,null,"Barbosa 21' Jump Shot (4 PTS) (Iguodala 3 AST)","73 - 89","16"],["0041400143",402,5,1,4,"11:38 PM","10:59","Holiday Bad Pass Turnover (P1.T10)",null,"Green STEAL (2 STL)",null,null],["0041400143",403,2,1,4,"11:38 PM","10:38",null,null,"MISS Iguodala  3PT Jump Shot",null,null],["0041400143",404,4,0,4,"11:38 PM","10:37","Cunningham REBOUND (Off:0 Def:5)",null,null,null,null],["0041400143",405,1,1,4,"11:38 PM","10:18","Cunningham 16' Jump Shot (6 PTS) (Holiday 3 AST)",null,null,"73 - 91","18"],["0041400143",406,2,1,4,"11:39 PM","10:02",null,null,"MISS Barbosa 7' Jump Shot",null,null],["0041400143",407,4,0,4,"11:39 PM","10:01","Davis REBOUND (Off:2 Def:11)",null,null,null,null],["0041400143",408,5,1,4,"11:39 PM","9:44","Anderson Bad Pass Turnover (P2.T11)",null,null,null,null],["0041400143",409,8,0,4,"11:39 PM","9:44","SUB: Pondexter FOR Davis",null,null,null,null],["0041400143",410,1,5,4,"11:40 PM","9:27",null,null,"Livingston 2' Layup (5 PTS) (Iguodala 4 AST)","75 - 91","16"],["0041400143",412,1,63,4,"11:40 PM","9:04","Anderson 20' Fadeaway Jumper (17 PTS) (Pondexter 2 AST)",null,null,"75 - 93","18"],["0041400143",413,6,2,4,"11:41 PM","8:48","Cole S.FOUL (P2.T1) (K.Fitzgerald)",null,null,null,null],["0041400143",414,9,4,4,"11:41 PM","8:48",null,null,null,null,null],["0041400143",415,18,0,4,"11:41 PM","8:48",null,null,null,null,null],["0041400143",416,3,11,4,"11:44 PM","8:48",null,null,"Barbosa Free Throw 1 of 2 (5 PTS)","76 - 93","17"],["0041400143",418,3,12,4,"11:44 PM","8:48",null,null,"Barbosa Free Throw 2 of 2 (6 PTS)","77 - 93","16"],["0041400143",421,1,5,4,"11:45 PM","8:23","Pondexter 2' Layup (6 PTS) (Holiday 4 AST)",null,null,"77 - 95","18"],["0041400143",422,1,47,4,"11:46 PM","8:01",null,null,"Livingston 12' Turnaround Jump Shot (7 PTS)","79 - 95","16"],["0041400143",423,6,2,4,"11:46 PM","7:43",null,null,"Iguodala S.FOUL (P1.T1) (D.Stafford)",null,null],["0041400143",424,3,11,4,"11:46 PM","7:43","Anderson Free Throw 1 of 2 (18 PTS)",null,null,"79 - 96","17"],["0041400143",426,8,0,4,"11:47 PM","7:43",null,null,"SUB: Curry FOR Barbosa",null,null],["0041400143",427,8,0,4,"11:47 PM","7:43","SUB: Evans FOR Holiday",null,null,null,null],["0041400143",428,3,12,4,"11:47 PM","7:43","Anderson Free Throw 2 of 2 (19 PTS)",null,null,"79 - 97","18"],["0041400143",431,6,2,4,"11:47 PM","7:25","Pondexter S.FOUL (P4.T2) (S.Foster)",null,null,null,null],["0041400143",432,3,11,4,"11:47 PM","7:25",null,null,"MISS Thompson Free Throw 1 of 2",null,null],["0041400143",433,4,1,4,"11:47 PM","7:25",null,null,"Warriors Rebound",null,null],["0041400143",434,8,0,4,"11:48 PM","7:25",null,null,"SUB: Barnes FOR Iguodala",null,null],["0041400143",435,3,12,4,"11:48 PM","7:25",null,null,"Thompson Free Throw 2 of 2 (24 PTS)","80 - 97","17"],["0041400143",437,2,1,4,"11:48 PM","7:11","MISS Pondexter 4' Jump Shot",null,null,null,null],["0041400143",438,4,0,4,"11:48 PM","7:09",null,null,"Thompson REBOUND (Off:1 Def:1)",null,null],["0041400143",439,2,5,4,"11:48 PM","7:01",null,null,"MISS Green 2' Layup",null,null],["0041400143",441,4,0,4,"11:48 PM","7:00",null,null,"Barnes REBOUND (Off:3 Def:2)",null,null],["0041400143",440,1,87,4,"11:48 PM","7:00",null,null,"Barnes  Putback Dunk (6 PTS)","82 - 97","15"],["0041400143",442,1,80,4,"11:49 PM","6:37","Anderson 16' Step Back Jump Shot (21 PTS)",null,null,"82 - 99","17"],["0041400143",443,2,5,4,"11:49 PM","6:22",null,null,"MISS Livingston 2' Layup",null,null],["0041400143",445,4,0,4,"11:49 PM","6:21",null,null,"Livingston REBOUND (Off:1 Def:1)",null,null],["0041400143",444,1,92,4,"11:49 PM","6:21",null,null,"Livingston  Putback Slam Dunk (9 PTS)","84 - 99","15"],["0041400143",446,1,63,4,"11:49 PM","6:01","Anderson 16' Fadeaway Jumper (23 PTS)",null,null,"84 - 101","17"],["0041400143",447,1,80,4,"11:49 PM","5:50",null,null,"Curry 19' Step Back Jump Shot (25 PTS)","86 - 101","15"],["0041400143",448,2,1,4,"11:50 PM","5:35","MISS Evans 3' Jump Shot",null,"Thompson BLOCK (1 BLK)",null,null],["0041400143",449,4,0,4,"11:50 PM","5:33",null,null,"Green REBOUND (Off:2 Def:8)",null,null],["0041400143",450,6,2,4,"11:50 PM","5:33","Cole S.FOUL (P3.T3) (K.Fitzgerald)",null,null,null,null],["0041400143",453,9,1,4,"11:50 PM","5:33","PELICANS Timeout: Regular (Full 4 Short 0)",null,null,null,null],["0041400143",452,8,0,4,"11:53 PM","5:33","SUB: Davis FOR Cunningham",null,null,null,null],["0041400143",454,3,11,4,"11:53 PM","5:33",null,null,"Curry Free Throw 1 of 2 (26 PTS)","87 - 101","14"],["0041400143",456,3,12,4,"11:53 PM","5:33",null,null,"Curry Free Throw 2 of 2 (27 PTS)","88 - 101","13"],["0041400143",459,5,1,4,"11:54 PM","5:19","Evans Bad Pass Turnover (P4.T12)",null,"Barnes STEAL (1 STL)",null,null],["0041400143",460,2,1,4,"11:54 PM","5:15",null,null,"MISS Curry 25' 3PT Jump Shot",null,null],["0041400143",461,4,0,4,"11:54 PM","5:13","Cole REBOUND (Off:0 Def:1)",null,null,null,null],["0041400143",462,1,7,4,"11:54 PM","5:10","Cole  Dunk (16 PTS)",null,null,"88 - 103","15"],["0041400143",463,1,46,4,"11:54 PM","4:53",null,null,"Livingston 9' Running Jump Shot (11 PTS)","90 - 103","13"],["0041400143",464,5,1,4,"11:55 PM","4:41","Cole Bad Pass Turnover (P2.T13)",null,"Green STEAL (3 STL)",null,null],["0041400143",465,6,2,4,"11:55 PM","4:40","Cole S.FOUL (P4.T4) (D.Stafford)",null,null,null,null],["0041400143",466,3,11,4,"11:55 PM","4:40",null,null,"MISS Green Free Throw 1 of 2",null,null],["0041400143",467,4,1,4,"11:55 PM","4:40",null,null,"Warriors Rebound",null,null],["0041400143",468,8,0,4,"11:55 PM","4:40","SUB: Gordon FOR Cole",null,null,null,null],["0041400143",469,3,12,4,"11:55 PM","4:40",null,null,"Green Free Throw 2 of 2 (5 PTS)","91 - 103","12"],["0041400143",472,2,1,4,"11:56 PM","4:22","MISS Evans 27' 3PT Jump Shot",null,null,null,null],["0041400143",473,4,0,4,"11:56 PM","4:21","Pondexter REBOUND (Off:2 Def:2)",null,null,null,null],["0041400143",474,6,1,4,"11:56 PM","4:21",null,null,"Livingston P.FOUL (P1.T2) (K.Fitzgerald)",null,null],["0041400143",475,2,1,4,"11:56 PM","4:09","MISS Davis 16' Jump Shot",null,"Green BLOCK (1 BLK)",null,null],["0041400143",476,4,0,4,"11:56 PM","4:07","Anderson REBOUND (Off:3 Def:2)",null,null,null,null],["0041400143",477,2,5,4,"11:56 PM","4:05","MISS Anderson 1' Layup",null,"Thompson BLOCK (2 BLK)",null,null],["0041400143",478,4,0,4,"11:56 PM","4:03",null,null,"Thompson REBOUND (Off:1 Def:2)",null,null],["0041400143",479,6,2,4,"11:57 PM","3:56","Davis S.FOUL (P3.PN) (K.Fitzgerald)",null,null,null,null],["0041400143",480,3,11,4,"11:57 PM","3:56",null,null,"Thompson Free Throw 1 of 2 (25 PTS)","92 - 103","11"],["0041400143",482,3,12,4,"11:57 PM","3:56",null,null,"Thompson Free Throw 2 of 2 (26 PTS)","93 - 103","10"],["0041400143",485,2,5,4,"11:58 PM","3:41","MISS Davis 2' Layup",null,null,null,null],["0041400143",486,4,0,4,"11:58 PM","3:40",null,null,"Green REBOUND (Off:2 Def:9)",null,null],["0041400143",487,2,1,4,"11:58 PM","3:36",null,null,"MISS Curry 24' 3PT Jump Shot",null,null],["0041400143",489,4,0,4,"11:58 PM","3:35",null,null,"Barnes REBOUND (Off:4 Def:2)",null,null],["0041400143",488,1,87,4,"11:58 PM","3:35",null,null,"Barnes  Putback Dunk (8 PTS)","95 - 103","8"],["0041400143",490,9,1,4,"11:58 PM","3:33","PELICANS Timeout: Regular (Full 5 Short 0)",null,null,null,null],["0041400143",491,2,5,4,"12:02 AM","3:13","MISS Evans 3' Layup",null,null,null,null],["0041400143",493,4,0,4,"12:02 AM","3:12","Davis REBOUND (Off:3 Def:11)",null,null,null,null],["0041400143",492,1,87,4,"12:02 AM","3:12","Davis  Putback Dunk (25 PTS)",null,null,"95 - 105","10"],["0041400143",495,1,63,4,"12:02 AM","2:47",null,null,"Thompson 9' Fadeaway Jumper (28 PTS)","97 - 105","8"],["0041400143",497,5,15,4,"12:03 AM","2:23","Davis Offensive Goaltending Turnover (P3.T14)",null,null,null,null],["0041400143",498,8,0,4,"12:03 AM","2:23","SUB: Holiday FOR Anderson",null,null,null,null],["0041400143",499,2,5,4,"12:03 AM","2:16",null,null,"MISS Curry 2' Layup",null,null],["0041400143",501,4,0,4,"12:03 AM","2:14",null,null,"Green REBOUND (Off:3 Def:9)",null,null],["0041400143",500,1,4,4,"12:03 AM","2:14",null,null,"Green 2' Tip Shot (7 PTS)","99 - 105","6"],["0041400143",502,2,1,4,"12:04 AM","1:49","MISS Holiday 32' 3PT Jump Shot",null,null,null,null],["0041400143",503,4,0,4,"12:04 AM","1:47",null,null,"Curry REBOUND (Off:1 Def:3)",null,null],["0041400143",504,2,1,4,"12:04 AM","1:42",null,null,"MISS Curry 27' 3PT Jump Shot",null,null],["0041400143",505,4,0,4,"12:04 AM","1:40",null,null,"Green REBOUND (Off:4 Def:9)",null,null],["0041400143",506,1,72,4,"12:04 AM","1:40",null,null,"Green 1' Putback Layup (9 PTS)","101 - 105","4"],["0041400143",507,2,5,4,"12:04 AM","1:23","MISS Evans 3' Layup",null,null,null,null],["0041400143",508,4,0,4,"12:04 AM","1:22",null,null,"Thompson REBOUND (Off:1 Def:3)",null,null],["0041400143",509,2,1,4,"12:04 AM","1:11",null,null,"MISS Thompson 26' 3PT Jump Shot",null,null],["0041400143",510,4,0,4,"12:04 AM","1:10","Davis REBOUND (Off:3 Def:12)",null,null,null,null],["0041400143",511,2,1,4,"12:05 AM","0:49","MISS Gordon  3PT Jump Shot",null,null,null,null],["0041400143",512,4,0,4,"12:05 AM","0:47",null,null,"Curry REBOUND (Off:1 Def:4)",null,null],["0041400143",513,9,1,4,"12:05 AM","0:45",null,null,"Warriors Timeout: Regular (Reg.5 Short 0)",null,null],["0041400143",515,8,0,4,"12:07 AM","0:45","SUB: Cunningham FOR Gordon",null,null,null,null],["0041400143",516,2,1,4,"12:08 AM","0:30",null,null,"MISS Thompson 3' Jump Shot",null,null],["0041400143",518,4,0,4,"12:08 AM","0:27",null,null,"Green REBOUND (Off:5 Def:9)",null,null],["0041400143",517,2,4,4,"12:08 AM","0:27",null,null,"MISS Green 2' Tip Shot",null,null],["0041400143",519,4,0,4,"12:08 AM","0:24",null,null,"Livingston REBOUND (Off:2 Def:1)",null,null],["0041400143",520,2,1,4,"12:08 AM","0:22",null,null,"MISS Barnes 24' 3PT Jump Shot",null,null],["0041400143",521,4,0,4,"12:08 AM","0:21",null,null,"Livingston REBOUND (Off:3 Def:1)",null,null],["0041400143",522,6,2,4,"12:08 AM","0:21","Holiday S.FOUL (P2.PN) (K.Fitzgerald)",null,null,null,null],["0041400143",523,3,11,4,"12:08 AM","0:21",null,null,"Livingston Free Throw 1 of 2 (12 PTS)","102 - 105","3"],["0041400143",525,3,12,4,"12:09 AM","0:21",null,null,"MISS Livingston Free Throw 2 of 2",null,null],["0041400143",527,4,0,4,"12:09 AM","0:20","PELICANS Rebound",null,null,null,null],["0041400143",528,9,1,4,"12:09 AM","0:20","PELICANS Timeout: Regular (Full 6 Short 0)",null,null,null,null],["0041400143",529,8,0,4,"12:11 AM","0:20","SUB: Gordon FOR Pondexter",null,null,null,null],["0041400143",530,8,0,4,"12:11 AM","0:20","SUB: Anderson FOR Cunningham",null,null,null,null],["0041400143",531,6,1,4,"12:12 AM","0:20",null,null,"Curry P.FOUL (P3.T3) (S.Foster)",null,null],["0041400143",532,6,1,4,"12:12 AM","0:17",null,null,"Livingston P.FOUL (P2.PN) (S.Foster)",null,null],["0041400143",533,3,11,4,"12:13 AM","0:17","Holiday Free Throw 1 of 2 (9 PTS)",null,null,"102 - 106","4"],["0041400143",535,8,0,4,"12:13 AM","0:17","SUB: Cunningham FOR Gordon",null,null,null,null],["0041400143",536,8,0,4,"12:13 AM","0:17","SUB: Pondexter FOR Anderson",null,null,null,null],["0041400143",537,3,12,4,"12:13 AM","0:17","Holiday Free Throw 2 of 2 (10 PTS)",null,null,"102 - 107","5"],["0041400143",540,9,2,4,"12:13 AM","0:17",null,null,"Warriors Timeout: Short (Reg.5 Short 1)",null,null],["0041400143",541,8,0,4,"12:14 AM","0:17",null,null,"SUB: Speights FOR Livingston",null,null],["0041400143",542,1,1,4,"12:15 AM","0:11",null,null,"Curry 24' 3PT Jump Shot (30 PTS) (Green 3 AST)","105 - 107","2"],["0041400143",544,9,2,4,"12:15 AM","0:11","PELICANS Timeout: Short (Full 6 Short 1)",null,null,null,null],["0041400143",545,8,0,4,"12:16 AM","0:11","SUB: Gordon FOR Pondexter",null,null,null,null],["0041400143",546,8,0,4,"12:16 AM","0:11","SUB: Anderson FOR Cunningham",null,null,null,null],["0041400143",547,8,0,4,"12:16 AM","0:11",null,null,"SUB: Livingston FOR Speights",null,null],["0041400143",548,6,28,4,"12:16 AM","0:09",null,null,"Green Personal Take Foul (P5.PN) (S.Foster)",null,null],["0041400143",549,3,11,4,"12:16 AM","0:09","MISS Davis Free Throw 1 of 2",null,null,null,null],["0041400143",550,4,1,4,"12:16 AM","0:09","PELICANS Rebound",null,null,null,null],["0041400143",551,8,0,4,"12:17 AM","0:09","SUB: Cunningham FOR Anderson",null,null,null,null],["0041400143",552,8,0,4,"12:17 AM","0:09","SUB: Pondexter FOR Gordon",null,null,null,null],["0041400143",553,8,0,4,"12:17 AM","0:09",null,null,"SUB: Speights FOR Livingston",null,null],["0041400143",554,3,12,4,"12:17 AM","0:09","Davis Free Throw 2 of 2 (26 PTS)",null,null,"105 - 108","3"],["0041400143",558,9,2,4,"12:17 AM","0:09",null,null,"Warriors Timeout: Short (Reg.5 Short 2)",null,null],["0041400143",559,2,1,4,"12:19 AM","0:05",null,null,"MISS Curry 25' 3PT Jump Shot",null,null],["0041400143",560,4,0,4,"12:19 AM","0:02",null,null,"Speights REBOUND (Off:3 Def:1)",null,null],["0041400143",561,1,1,4,"12:19 AM","0:02",null,null,"Curry 24' 3PT Jump Shot (33 PTS) (Speights 1 AST)","108 - 108","TIE"],["0041400143",562,2,1,4,"12:19 AM","0:00","MISS Evans 25' 3PT Jump Shot",null,null,null,null],["0041400143",564,4,0,4,"12:19 AM","0:00","PELICANS Rebound",null,null,null,null],["0041400143",563,13,0,4,"12:19 AM","0:00",null,null,null,"108 - 108","TIE"],["0041400143",566,12,0,5,"12:23 AM","5:00",null,null,null,"108 - 108","TIE"],["0041400143",567,10,0,5,"12:23 AM","5:00","Jump Ball Davis vs. Bogut: Tip to Curry",null,null,null,null],["0041400143",568,2,1,5,"12:23 AM","4:46",null,null,"MISS Thompson 15' Jump Shot",null,null],["0041400143",569,4,0,5,"12:23 AM","4:45",null,null,"Green REBOUND (Off:6 Def:9)",null,null],["0041400143",571,1,1,5,"12:24 AM","4:27",null,null,"Curry 26' 3PT Jump Shot (36 PTS) (Green 4 AST)","111 - 108","-3"],["0041400143",572,6,26,5,"12:24 AM","4:11","Davis Offensive Charge Foul (P4.T1) (K.Fitzgerald)",null,null,null,null],["0041400143",573,5,5,5,"12:24 AM","4:11","Davis Foul Turnover (P4.T15)",null,null,null,null],["0041400143",574,2,5,5,"12:25 AM","4:01","Gordon BLOCK (2 BLK)",null,"MISS Curry 2' Layup",null,null],["0041400143",575,4,0,5,"12:25 AM","3:59","Pondexter REBOUND (Off:2 Def:3)",null,null,null,null],["0041400143",576,2,1,5,"12:25 AM","3:51","MISS Pondexter 24' 3PT Jump Shot",null,null,null,null],["0041400143",577,4,0,5,"12:25 AM","3:49",null,null,"Green REBOUND (Off:6 Def:10)",null,null],["0041400143",578,6,1,5,"12:25 AM","3:41","Gordon P.FOUL (P1.T2) (S.Foster)",null,null,null,null],["0041400143",579,2,1,5,"12:25 AM","3:36",null,null,"MISS Green 26' 3PT Jump Shot",null,null],["0041400143",580,4,0,5,"12:25 AM","3:35","Pondexter REBOUND (Off:2 Def:4)",null,null,null,null],["0041400143",581,6,2,5,"12:26 AM","3:29",null,null,"Thompson S.FOUL (P2.T1) (S.Foster)",null,null],["0041400143",582,3,11,5,"12:26 AM","3:29","Evans Free Throw 1 of 2 (17 PTS)",null,null,"111 - 109","-2"],["0041400143",584,8,0,5,"12:26 AM","3:29","SUB: Asik FOR Anderson",null,null,null,null],["0041400143",585,3,12,5,"12:26 AM","3:29","MISS Evans Free Throw 2 of 2",null,null,null,null],["0041400143",587,4,0,5,"12:26 AM","3:27",null,null,"Barnes REBOUND (Off:4 Def:3)",null,null],["0041400143",589,1,1,5,"12:27 AM","3:09",null,null,"Barnes 25' 3PT Jump Shot (11 PTS) (Green 5 AST)","114 - 109","-5"],["0041400143",590,1,1,5,"12:27 AM","2:44","Gordon 23' Jump Shot (6 PTS)",null,null,"114 - 111","-3"],["0041400143",591,1,42,5,"12:27 AM","2:28",null,null,"Green 2' Driving Layup (11 PTS) (Curry 8 AST)","116 - 111","-5"],["0041400143",592,6,2,5,"12:27 AM","2:28","Gordon S.FOUL (P2.T3) (D.Stafford)",null,null,null,null],["0041400143",593,18,0,5,"12:28 AM","2:28",null,null,null,null,null],["0041400143",594,3,10,5,"12:29 AM","2:28",null,null,"Green Free Throw 1 of 1 (12 PTS)","117 - 111","-6"],["0041400143",596,1,1,5,"12:29 AM","2:12","Davis 15' Jump Shot (28 PTS) (Evans 7 AST)",null,null,"117 - 113","-4"],["0041400143",598,1,7,5,"12:30 AM","1:51",null,null,"Bogut  Dunk (6 PTS) (Curry 9 AST)","119 - 113","-6"],["0041400143",599,9,1,5,"12:30 AM","1:51","PELICANS Timeout: Regular (Full 7 Short 1)",null,null,null,null],["0041400143",601,8,0,5,"12:31 AM","1:51","SUB: Anderson FOR Asik",null,null,null,null],["0041400143",602,1,42,5,"12:32 AM","1:42","Evans 2' Driving Layup (19 PTS)",null,null,"119 - 115","-4"],["0041400143",603,6,4,5,"12:32 AM","1:22",null,null,"Bogut OFF.Foul (P2) (D.Stafford)",null,null],["0041400143",604,5,5,5,"12:32 AM","1:22",null,null,"Bogut Foul Turnover (P2.T10)",null,null],["0041400143",605,1,1,5,"12:33 AM","1:11","Anderson 27' 3PT Jump Shot (26 PTS) (Evans 8 AST)",null,null,"119 - 118","-1"],["0041400143",606,2,1,5,"12:33 AM","0:55",null,null,"MISS Curry 26' 3PT Jump Shot",null,null],["0041400143",607,4,0,5,"12:33 AM","0:51",null,null,"Green REBOUND (Off:7 Def:10)",null,null],["0041400143",608,9,1,5,"12:33 AM","0:44",null,null,"Warriors Timeout: Regular (Reg.6 Short 2)",null,null],["0041400143",610,2,1,5,"12:35 AM","0:36",null,null,"MISS Curry 22' Jump Shot",null,null],["0041400143",611,4,0,5,"12:35 AM","0:36","PELICANS Rebound",null,null,null,null],["0041400143",612,6,3,5,"12:35 AM","0:36",null,null,"Green L.B.FOUL (P6.T2) (S.Foster)",null,null],["0041400143",615,8,0,5,"12:36 AM","0:36",null,null,"SUB: Iguodala FOR Green",null,null],["0041400143",617,2,1,5,"12:37 AM","0:24","MISS Gordon 25' 3PT Jump Shot",null,null,null,null],["0041400143",618,4,0,5,"12:37 AM","0:23",null,null,"Thompson REBOUND (Off:1 Def:4)",null,null],["0041400143",619,6,28,5,"12:37 AM","0:14","Evans Personal Take Foul (P4.PN) (D.Stafford)",null,null,null,null],["0041400143",620,8,0,5,"12:37 AM","0:14",null,null,"SUB: Speights FOR Bogut",null,null],["0041400143",621,6,28,5,"12:37 AM","0:13","Gordon Personal Take Foul (P3.PN) (D.Stafford)",null,null,null,null],["0041400143",622,3,11,5,"12:38 AM","0:13",null,null,"Curry Free Throw 1 of 2 (37 PTS)","120 - 118","-2"],["0041400143",624,8,0,5,"12:38 AM","0:13",null,null,"SUB: Bogut FOR Speights",null,null],["0041400143",625,3,12,5,"12:38 AM","0:13",null,null,"Curry Free Throw 2 of 2 (38 PTS)","121 - 118","-3"],["0041400143",628,9,2,5,"12:38 AM","0:13","PELICANS Timeout: Short (Full 7 Short 2)",null,null,null,null],["0041400143",629,8,0,5,"12:39 AM","0:13","SUB: Holiday FOR Pondexter",null,null,null,null],["0041400143",630,8,0,5,"12:40 AM","0:13",null,null,"SUB: Livingston FOR Bogut",null,null],["0041400143",631,6,6,5,"12:40 AM","0:10",null,null,"Thompson AWAY.FROM.PLAY.FOUL (P3.PN) (D.Stafford)",null,null],["0041400143",632,3,10,5,"12:41 AM","0:10","Davis Free Throw 1 of 1 (29 PTS)",null,null,"121 - 119","-2"],["0041400143",635,9,2,5,"12:42 AM","0:10","PELICANS Timeout: Short (Full 7 Short 3)",null,null,null,null],["0041400143",636,8,0,5,"12:42 AM","0:10",null,null,"SUB: Bogut FOR Livingston",null,null],["0041400143",637,2,66,5,"12:43 AM","0:06","MISS Davis 9' Jump Bank Shot",null,null,null,null],["0041400143",638,4,0,5,"12:43 AM","0:06",null,null,"Thompson REBOUND (Off:1 Def:5)",null,null],["0041400143",639,9,2,5,"12:44 AM","0:04",null,null,"Warriors Timeout: Short (Reg.6 Short 3)",null,null],["0041400143",640,8,0,5,"12:44 AM","0:04","SUB: Pondexter FOR Gordon",null,null,null,null],["0041400143",641,8,0,5,"12:44 AM","0:04","SUB: Cunningham FOR Anderson",null,null,null,null],["0041400143",642,8,0,5,"12:44 AM","0:04",null,null,"SUB: Speights FOR Bogut",null,null],["0041400143",643,6,28,5,"12:45 AM","0:03","Evans Personal Take Foul (P5.PN) (D.Stafford)",null,null,null,null],["0041400143",644,3,11,5,"12:45 AM","0:03",null,null,"Curry Free Throw 1 of 2 (39 PTS)","122 - 119","-3"],["0041400143",646,8,0,5,"12:46 AM","0:03",null,null,"SUB: Livingston FOR Speights",null,null],["0041400143",647,3,12,5,"12:46 AM","0:03",null,null,"Curry Free Throw 2 of 2 (40 PTS)","123 - 119","-4"],["0041400143",649,2,1,5,"12:46 AM","0:00","MISS Evans 26' 3PT Jump Shot",null,null,null,null],["0041400143",651,4,0,5,"12:46 AM","0:00","PELICANS Rebound",null,null,null,null],["0041400143",650,13,0,5,"12:46 AM","0:00",null,null,null,"123 - 119","-4"]]},{"name":"AvailableVideo","headers":["VIDEO_AVAILABLE_FLAG"],"rowSet":[[1]]}]}