{"resource":"playbyplay","parameters":{"GameID":"0041400144","StartPeriod":0,"EndPeriod":14},"resultSets":[{"name":"PlayByPlay","headers":["GAME_ID","EVENTNUM","EVENTMSGTYPE","EVENTMSGACTIONTYPE","PERIOD","WCTIMESTRING","PCTIMESTRING","HOMEDESCRIPTION","NEUTRALDESCRIPTION","VISITORDESCRIPTION","SCORE","SCOREMARGIN"],"rowSet":[["0041400144",0,12,0,1,"8:11 PM","12:00",null,null,null,null,null],["0041400144",1,10,0,1,"8:11 PM","12:00","Jump Ball Davis vs. Bogut: Tip to Curry",null,null,null,null],["0041400144",2,2,1,1,"8:12 PM","11:36",null,null,"MISS Barnes 13' Jump Shot",null,null],["0041400144",3,4,0,1,"8:12 PM","11:35","Pondexter REBOUND (Off:0 Def:1)",null,null,null,null],["0041400144",4,2,5,1,"8:12 PM","11:20","MISS Evans 2' Layup",null,"Barnes BLOCK (1 BLK)",null,null],["0041400144",5,4,0,1,"8:12 PM","11:18",null,null,"Green REBOUND (Off:0 Def:1)",null,null],["0041400144",6,5,1,1,"8:12 PM","11:07","Asik STEAL (1 STL)",null,"Curry Bad Pass Turnover (P1.T1)",null,null],["0041400144",7,1,1,1,"8:13 PM","10:52","Davis 19' Jump Shot (2 PTS) (Gordon 1 AST)",null,null,"0 - 2","2"],["0041400144",8,1,5,1,"8:13 PM","10:44",null,null,"Green 1' Layup (2 PTS) (Curry 1 AST)","2 - 2","TIE"],["0041400144",9,1,1,1,"8:13 PM","10:22","Gordon 15' Jump Shot (2 PTS) (Asik 1 AST)",null,null,"2 - 4","2"],["0041400144",10,1,1,1,"8:13 PM","10:04",null,null,"Green 26' 3PT Jump Shot (5 PTS) (Curry 2 AST)","5 - 4","-1"],["0041400144",11,1,81,1,"8:14 PM","9:41","Gordon 17' Pullup Bank Shot (4 PTS)",null,null,"5 - 6","1"],["0041400144",12,2,1,1,"8:14 PM","9:24",null,null,"MISS Curry 14' Jump Shot",null,null],["0041400144",13,4,0,1,"8:14 PM","9:23","Evans REBOUND (Off:0 Def:1)",null,null,null,null],["0041400144",14,1,3,1,"8:14 PM","9:10","Asik 3' Hook Shot (2 PTS)",null,null,"5 - 8","3"],["0041400144",15,6,2,1,"8:14 PM","9:10",null,null,"Bogut S.FOUL (P1.T1) (D.Crawford)",null,null],["0041400144",16,3,10,1,"8:15 PM","9:10","Asik Free Throw 1 of 1 (3 PTS)",null,null,"5 - 9","4"],["0041400144",19,2,1,1,"8:15 PM","8:58",null,null,"MISS Curry 20' Jump Shot",null,null],["0041400144",20,4,0,1,"8:15 PM","8:57","Davis REBOUND (Off:0 Def:1)",null,null,null,null],["0041400144",21,2,5,1,"8:15 PM","8:39","MISS Asik 2' Layup",null,null,null,null],["0041400144",22,4,0,1,"8:15 PM","8:38",null,null,"Bogut REBOUND (Off:0 Def:1)",null,null],["0041400144",23,1,5,1,"8:16 PM","8:22",null,null,"Green 2' Layup (7 PTS)","7 - 9","2"],["0041400144",24,5,1,1,"8:16 PM","8:01","Davis Bad Pass Turnover (P1.T1)",null,"Thompson STEAL (1 STL)",null,null],["0041400144",25,1,1,1,"8:16 PM","7:53",null,null,"Curry 27' 3PT Jump Shot (3 PTS) (Green 1 AST)","10 - 9","-1"],["0041400144",26,2,1,1,"8:17 PM","7:28","MISS Gordon 25' 3PT Jump Shot",null,null,null,null],["0041400144",27,4,0,1,"8:17 PM","7:27",null,null,"Barnes REBOUND (Off:0 Def:1)",null,null],["0041400144",28,1,1,1,"8:17 PM","7:08",null,null,"Green 26' 3PT Jump Shot (10 PTS) (Bogut 1 AST)","13 - 9","-4"],["0041400144",29,1,47,1,"8:17 PM","6:47","Davis 13' Turnaround Jump Shot (4 PTS) (Evans 1 AST)",null,null,"13 - 11","-2"],["0041400144",30,1,5,1,"8:17 PM","6:37",null,null,"Curry 2' Layup (5 PTS)","15 - 11","-4"],["0041400144",31,2,1,1,"8:18 PM","6:18","MISS Davis 5' Jump Shot",null,null,null,null],["0041400144",32,4,0,1,"8:18 PM","6:17","Davis REBOUND (Off:1 Def:1)",null,null,null,null],["0041400144",33,6,2,1,"8:18 PM","6:17",null,null,"Bogut S.FOUL (P2.T2) (M.Davis)",null,null],["0041400144",34,3,11,1,"8:18 PM","6:17","Davis Free Throw 1 of 2 (5 PTS)",null,null,"15 - 12","-3"],["0041400144",36,8,0,1,"8:18 PM","6:17",null,null,"SUB: Ezeli FOR Bogut",null,null],["0041400144",37,3,12,1,"8:18 PM","6:17","Davis Free Throw 2 of 2 (6 PTS)",null,null,"15 - 13","-2"],["0041400144",39,2,1,1,"8:19 PM","6:06",null,null,"MISS Green 25' 3PT Jump Shot",null,null],["0041400144",40,4,0,1,"8:19 PM","6:03","Evans REBOUND (Off:0 Def:2)",null,null,null,null],["0041400144",41,2,1,1,"8:19 PM","5:54","MISS Davis 14' Jump Shot",null,null,null,null],["0041400144",42,4,0,1,"8:19 PM","5:52",null,null,"Ezeli REBOUND (Off:0 Def:1)",null,null],["0041400144",43,2,1,1,"8:19 PM","5:35",null,null,"MISS Thompson 20' Jump Shot",null,null],["0041400144",44,4,0,1,"8:19 PM","5:32","Davis REBOUND (Off:1 Def:2)",null,null,null,null],["0041400144",45,9,1,1,"8:20 PM","5:27","PELICANS Timeout: Regular (Full 1 Short 0)",null,null,null,null],["0041400144",47,8,0,1,"8:23 PM","5:27",null,null,"SUB: Iguodala FOR Barnes",null,null],["0041400144",48,1,1,1,"8:23 PM","5:18","Gordon 12' Jump Shot (6 PTS)",null,null,"15 - 15","TIE"],["0041400144",49,1,1,1,"8:23 PM","5:01",null,null,"Thompson 18' Jump Shot (2 PTS) (Iguodala 1 AST)","17 - 15","-2"],["0041400144",50,2,1,1,"8:24 PM","4:42","MISS Gordon 25' 3PT Jump Shot",null,null,null,null],["0041400144",51,4,0,1,"8:24 PM","4:39","Davis REBOUND (Off:2 Def:2)",null,null,null,null],["0041400144",52,1,46,1,"8:24 PM","4:31","Davis 4' Running Jump Shot (8 PTS) (Gordon 2 AST)",null,null,"17 - 17","TIE"],["0041400144",54,6,2,1,"8:24 PM","4:23","Pondexter S.FOUL (P1.T1) (D.Crawford)",null,null,null,null],["0041400144",56,3,11,1,"8:25 PM","4:23",null,null,"Curry Free Throw 1 of 2 (6 PTS)","18 - 17","-1"],["0041400144",58,8,0,1,"8:25 PM","4:23",null,null,"SUB: Barbosa FOR Thompson",null,null],["0041400144",55,8,0,1,"8:25 PM","4:23","SUB: Anderson FOR Asik",null,null,null,null],["0041400144",59,3,12,1,"8:25 PM","4:23",null,null,"Curry Free Throw 2 of 2 (7 PTS)","19 - 17","-2"],["0041400144",62,1,46,1,"8:25 PM","4:04","Gordon 7' Running Jump Shot (8 PTS)",null,null,"19 - 19","TIE"],["0041400144",63,1,5,1,"8:25 PM","3:52",null,null,"Curry 2' Layup (9 PTS) (Green 2 AST)","21 - 19","-2"],["0041400144",64,1,42,1,"8:26 PM","3:31","Davis 1' Driving Layup (10 PTS)",null,null,"21 - 21","TIE"],["0041400144",65,6,2,1,"8:26 PM","3:31",null,null,"Ezeli S.FOUL (P1.T3) (D.Collins)",null,null],["0041400144",66,8,0,1,"8:26 PM","3:31","SUB: Cole FOR Evans",null,null,null,null],["0041400144",67,3,10,1,"8:26 PM","3:31","Davis Free Throw 1 of 1 (11 PTS)",null,null,"21 - 22","1"],["0041400144",70,5,4,1,"8:27 PM","3:20",null,null,"Ezeli Traveling Turnover (P1.T2)",null,null],["0041400144",71,2,1,1,"8:27 PM","3:01","MISS Anderson 5' Jump Shot",null,null,null,null],["0041400144",72,4,0,1,"8:27 PM","3:00",null,null,"Green REBOUND (Off:0 Def:2)",null,null],["0041400144",73,1,7,1,"8:27 PM","2:54",null,null,"Iguodala  Dunk (2 PTS) (Barbosa 1 AST)","23 - 22","-1"],["0041400144",74,2,1,1,"8:28 PM","2:38","MISS Davis 18' Jump Shot",null,null,null,null],["0041400144",75,4,0,1,"8:28 PM","2:37",null,null,"Curry REBOUND (Off:0 Def:1)",null,null],["0041400144",76,2,1,1,"8:28 PM","2:25",null,null,"MISS Curry 28' 3PT Jump Shot",null,null],["0041400144",77,4,0,1,"8:28 PM","2:23",null,null,"Iguodala REBOUND (Off:1 Def:0)",null,null],["0041400144",78,6,2,1,"8:28 PM","2:15","Anderson S.FOUL (P1.T2) (D.Collins)",null,null,null,null],["0041400144",79,9,1,1,"8:28 PM","2:15",null,null,"Warriors Timeout: Regular (Reg.1 Short 0)",null,null],["0041400144",80,8,0,1,"8:31 PM","2:15","SUB: Holiday FOR Gordon",null,null,null,null],["0041400144",81,3,11,1,"8:32 PM","2:15",null,null,"MISS Ezeli Free Throw 1 of 2",null,null],["0041400144",82,4,1,1,"8:32 PM","2:15",null,null,"Warriors Rebound",null,null],["0041400144",83,3,12,1,"8:32 PM","2:15",null,null,"MISS Ezeli Free Throw 2 of 2",null,null],["0041400144",85,4,0,1,"8:32 PM","2:14","Davis REBOUND (Off:2 Def:3)",null,null,null,null],["0041400144",87,5,2,1,"8:32 PM","1:59","Cole Lost Ball Turnover (P1.T2)",null,"Curry STEAL (1 STL)",null,null],["0041400144",88,6,2,1,"8:32 PM","1:57","Cole S.FOUL (P1.T3) (M.Davis)",null,null,null,null],["0041400144",89,3,11,1,"8:33 PM","1:57",null,null,"Curry Free Throw 1 of 2 (10 PTS)","24 - 22","-2"],["0041400144",91,8,0,1,"8:33 PM","1:57","SUB: Cunningham FOR Pondexter",null,null,null,null],["0041400144",92,3,12,1,"8:33 PM","1:57",null,null,"Curry Free Throw 2 of 2 (11 PTS)","25 - 22","-3"],["0041400144",94,6,1,1,"8:33 PM","1:41",null,null,"Iguodala P.FOUL (P1.T4) (M.Davis)",null,null],["0041400144",95,2,5,1,"8:34 PM","1:31","MISS Cole 2' Layup",null,null,null,null],["0041400144",96,4,0,1,"8:34 PM","1:31",null,null,"Warriors Rebound",null,null],["0041400144",97,2,1,1,"8:34 PM","1:14",null,null,"MISS Iguodala 20' Jump Shot",null,null],["0041400144",98,4,0,1,"8:34 PM","1:11","Anderson REBOUND (Off:0 Def:1)",null,null,null,null],["0041400144",99,2,5,1,"8:35 PM","0:54","MISS Davis 3' Layup",null,null,null,null],["0041400144",100,4,0,1,"8:35 PM","0:53",null,null,"Ezeli REBOUND (Off:0 Def:2)",null,null],["0041400144",101,1,1,1,"8:35 PM","0:48",null,null,"Curry 26' 3PT Jump Shot (14 PTS) (Green 3 AST)","28 - 22","-6"],["0041400144",102,2,1,1,"8:35 PM","0:38","MISS Anderson 26' 3PT Jump Shot",null,null,null,null],["0041400144",103,4,0,1,"8:35 PM","0:35",null,null,"Curry REBOUND (Off:0 Def:2)",null,null],["0041400144",104,2,5,1,"8:35 PM","0:30",null,null,"MISS Curry 1' Layup",null,null],["0041400144",105,4,0,1,"8:35 PM","0:29","PELICANS Rebound",null,null,null,null],["0041400144",106,8,0,1,"8:35 PM","0:29","SUB: Ajinca FOR Davis",null,null,null,null],["0041400144",107,1,1,1,"8:36 PM","0:20","Ajinca 6' Jump Shot (2 PTS)",null,null,"28 - 24","-4"],["0041400144",108,1,1,1,"8:36 PM","0:04",null,null,"Green 26' 3PT Jump Shot (13 PTS) (Curry 3 AST)","31 - 24","-7"],["0041400144",110,13,0,1,"8:36 PM","0:00",null,null,null,"31 - 24","-7"],["0041400144",112,12,0,2,"8:40 PM","12:00",null,null,null,"31 - 24","-7"],["0041400144",113,1,79,2,"8:40 PM","11:46","Holiday 21' Pullup Jump Shot (2 PTS)",null,null,"31 - 26","-5"],["0041400144",114,1,42,2,"8:40 PM","11:30",null,null,"Barbosa 2' Driving Layup (2 PTS)","33 - 26","-7"],["0041400144",115,6,1,2,"8:40 PM","11:20",null,null,"Barbosa P.FOUL (P1.T1) (D.Crawford)",null,null],["0041400144",116,2,1,2,"8:41 PM","11:07","MISS Cole 25' 3PT Jump Shot",null,null,null,null],["0041400144",117,4,0,2,"8:41 PM","11:06",null,null,"Speights REBOUND (Off:0 Def:1)",null,null],["0041400144",118,1,42,2,"8:41 PM","10:53",null,null,"Barbosa 2' Driving Layup (4 PTS) (Speights 1 AST)","35 - 26","-9"],["0041400144",119,2,5,2,"8:41 PM","10:35","MISS Anderson 1' Layup",null,null,null,null],["0041400144",120,4,0,2,"8:41 PM","10:34","Anderson REBOUND (Off:1 Def:1)",null,null,null,null],["0041400144",121,1,72,2,"8:42 PM","10:34","Anderson 3' Putback Layup (2 PTS)",null,null,"35 - 28","-7"],["0041400144",122,1,73,2,"8:42 PM","10:27",null,null,"Iguodala 2' Driving Reverse Layup (4 PTS)","37 - 28","-9"],["0041400144",124,8,0,2,"8:42 PM","10:10","SUB: Evans FOR Ajinca",null,null,null,null],["0041400144",125,5,40,2,"8:42 PM","10:04","Holiday Out of Bounds Lost Ball Turnover (P1.T3)",null,null,null,null],["0041400144",126,2,5,2,"8:43 PM","9:52","Cunningham BLOCK (1 BLK)",null,"MISS Barbosa 2' Layup",null,null],["0041400144",127,4,0,2,"8:43 PM","9:50","Cunningham REBOUND (Off:0 Def:1)",null,null,null,null],["0041400144",128,1,1,2,"8:43 PM","9:39","Anderson 25' 3PT Jump Shot (5 PTS) (Holiday 1 AST)",null,null,"37 - 31","-6"],["0041400144",129,2,1,2,"8:43 PM","9:12",null,null,"MISS Iguodala 25' 3PT Jump Shot",null,null],["0041400144",130,4,0,2,"8:43 PM","9:12",null,null,"Warriors Rebound",null,null],["0041400144",131,6,3,2,"8:43 PM","9:12","Anderson L.B.FOUL (P2.T1) (D.Collins)",null,null,null,null],["0041400144",132,8,0,2,"8:44 PM","9:12",null,null,"SUB: Green FOR Speights",null,null],["0041400144",133,2,1,2,"8:44 PM","9:07",null,null,"MISS Barbosa 16' Jump Shot",null,null],["0041400144",134,4,0,2,"8:44 PM","9:06","Anderson REBOUND (Off:1 Def:2)",null,null,null,null],["0041400144",135,5,1,2,"8:44 PM","8:54","Cole Bad Pass Turnover (P2.T4)",null,"Iguodala STEAL (1 STL)",null,null],["0041400144",136,2,1,2,"8:44 PM","8:38",null,null,"MISS Livingston 12' Jump Shot",null,null],["0041400144",137,4,0,2,"8:44 PM","8:37",null,null,"Barnes REBOUND (Off:1 Def:1)",null,null],["0041400144",138,6,3,2,"8:45 PM","8:37","Cunningham L.B.FOUL (P1.T2) (D.Crawford)",null,null,null,null],["0041400144",139,9,4,2,"8:45 PM","8:37",null,null,null,null,null],["0041400144",141,8,0,2,"8:47 PM","8:37",null,null,"SUB: Thompson FOR Barbosa",null,null],["0041400144",142,8,0,2,"8:47 PM","8:37","SUB: Davis FOR Cole",null,null,null,null],["0041400144",143,2,1,2,"8:47 PM","8:31",null,null,"MISS Barnes 17' Jump Shot",null,null],["0041400144",144,4,0,2,"8:48 PM","8:30","Davis REBOUND (Off:2 Def:4)",null,null,null,null],["0041400144",145,5,1,2,"8:48 PM","8:11","Holiday Bad Pass Turnover (P2.T5)",null,"Barnes STEAL (1 STL)",null,null],["0041400144",146,1,43,2,"8:48 PM","8:06",null,null,"Barnes 2' Alley Oop Layup (2 PTS) (Iguodala 2 AST)","39 - 31","-8"],["0041400144",147,1,85,2,"8:48 PM","7:46","Davis 8' Turnaround Bank Shot (13 PTS) (Holiday 2 AST)",null,null,"39 - 33","-6"],["0041400144",148,6,2,2,"8:48 PM","7:36","Davis S.FOUL (P1.T3) (D.Collins)",null,null,null,null],["0041400144",149,3,11,2,"8:49 PM","7:36",null,null,"Iguodala Free Throw 1 of 2 (5 PTS)","40 - 33","-7"],["0041400144",151,3,12,2,"8:49 PM","7:36",null,null,"Iguodala Free Throw 2 of 2 (6 PTS)","41 - 33","-8"],["0041400144",153,2,1,2,"8:49 PM","7:25","MISS Holiday 14' Jump Shot",null,null,null,null],["0041400144",154,4,0,2,"8:49 PM","7:24","Evans REBOUND (Off:1 Def:2)",null,null,null,null],["0041400144",155,2,5,2,"8:49 PM","7:23","MISS Evans 2' Layup",null,"Livingston BLOCK (1 BLK)",null,null],["0041400144",156,4,0,2,"8:49 PM","7:22","Evans REBOUND (Off:2 Def:2)",null,null,null,null],["0041400144",157,2,5,2,"8:49 PM","7:21","MISS Evans 3' Layup",null,null,null,null],["0041400144",159,4,0,2,"8:49 PM","7:20","Anderson REBOUND (Off:2 Def:2)",null,null,null,null],["0041400144",158,2,4,2,"8:49 PM","7:20","MISS Anderson 1' Tip Shot",null,null,null,null],["0041400144",160,4,0,2,"8:50 PM","7:19",null,null,"Livingston REBOUND (Off:0 Def:1)",null,null],["0041400144",161,1,5,2,"8:50 PM","7:13",null,null,"Green 2' Layup (15 PTS) (Livingston 1 AST)","43 - 33","-10"],["0041400144",162,9,1,2,"8:50 PM","7:10","PELICANS Timeout: Regular (Full 2 Short 0)",null,null,null,null],["0041400144",163,8,0,2,"8:52 PM","7:10","SUB: Gordon FOR Holiday",null,null,null,null],["0041400144",164,6,29,2,"8:53 PM","7:00",null,null,"Green Shooting Block Foul (P1.T2) (D.Collins)",null,null],["0041400144",165,3,11,2,"8:53 PM","7:00","Davis Free Throw 1 of 2 (14 PTS)",null,null,"43 - 34","-9"],["0041400144",167,3,12,2,"8:54 PM","7:00","Davis Free Throw 2 of 2 (15 PTS)",null,null,"43 - 35","-8"],["0041400144",169,2,1,2,"8:54 PM","6:43",null,null,"MISS Iguodala 25' 3PT Jump Shot",null,null],["0041400144",170,4,0,2,"8:54 PM","6:42","Anderson REBOUND (Off:2 Def:3)",null,null,null,null],["0041400144",172,1,5,2,"8:54 PM","6:28","Cunningham 2' Layup (2 PTS) (Anderson 1 AST)",null,null,"43 - 37","-6"],["0041400144",173,9,1,2,"8:55 PM","6:23",null,null,"Warriors Timeout: Regular (Reg.2 Short 0)",null,null],["0041400144",175,8,0,2,"8:57 PM","6:23",null,null,"SUB: Curry FOR Barnes",null,null],["0041400144",176,8,0,2,"8:57 PM","6:23",null,null,"SUB: Bogut FOR Iguodala",null,null],["0041400144",177,5,1,2,"8:58 PM","6:17","Evans STEAL (1 STL)",null,"Curry Bad Pass Turnover (P2.T3)",null,null],["0041400144",178,6,1,2,"8:58 PM","6:17",null,null,"Livingston P.FOUL (P1.T3) (M.Davis)",null,null],["0041400144",179,1,1,2,"8:58 PM","6:04","Davis 16' Jump Shot (17 PTS) (Cunningham 1 AST)",null,null,"43 - 39","-4"],["0041400144",180,1,1,2,"8:58 PM","5:51",null,null,"Curry 26' 3PT Jump Shot (17 PTS) (Green 4 AST)","46 - 39","-7"],["0041400144",181,1,1,2,"8:59 PM","5:28","Gordon 25' 3PT Jump Shot (11 PTS) (Cunningham 2 AST)",null,null,"46 - 42","-4"],["0041400144",182,1,82,2,"8:59 PM","5:12",null,null,"Thompson 5' Driving Bank Shot (4 PTS) (Curry 4 AST)","48 - 42","-6"],["0041400144",183,6,2,2,"8:59 PM","5:12","Evans S.FOUL (P1.T4) (D.Collins)",null,null,null,null],["0041400144",184,8,0,2,"8:59 PM","5:12","SUB: Asik FOR Anderson",null,null,null,null],["0041400144",185,3,10,2,"8:59 PM","5:12",null,null,"Thompson Free Throw 1 of 1 (5 PTS)","49 - 42","-7"],["0041400144",188,2,1,2,"9:00 PM","4:57","MISS Gordon 25' 3PT Jump Shot",null,null,null,null],["0041400144",189,4,0,2,"9:00 PM","4:56","Asik REBOUND (Off:1 Def:0)",null,null,null,null],["0041400144",190,2,1,2,"9:00 PM","4:50","MISS Davis 17' Jump Shot",null,null,null,null],["0041400144",191,4,0,2,"9:00 PM","4:48",null,null,"Curry REBOUND (Off:0 Def:3)",null,null],["0041400144",192,1,5,2,"9:00 PM","4:42",null,null,"Green 2' Layup (17 PTS) (Livingston 2 AST)","51 - 42","-9"],["0041400144",193,1,79,2,"9:00 PM","4:18","Gordon 18' Pullup Jump Shot (13 PTS) (Asik 2 AST)",null,null,"51 - 44","-7"],["0041400144",194,6,2,2,"9:01 PM","4:01","Asik S.FOUL (P1.PN) (D.Crawford)",null,null,null,null],["0041400144",195,3,11,2,"9:01 PM","4:01",null,null,"MISS Green Free Throw 1 of 2",null,null],["0041400144",196,4,1,2,"9:01 PM","4:01",null,null,"Warriors Rebound",null,null],["0041400144",197,3,12,2,"9:01 PM","4:01",null,null,"Green Free Throw 2 of 2 (18 PTS)","52 - 44","-8"],["0041400144",199,2,5,2,"9:02 PM","3:39","MISS Asik 3' Layup",null,null,null,null],["0041400144",200,4,0,2,"9:02 PM","3:38",null,null,"Bogut REBOUND (Off:0 Def:2)",null,null],["0041400144",201,1,5,2,"9:02 PM","3:32",null,null,"Thompson 2' Layup (7 PTS)","54 - 44","-10"],["0041400144",202,1,42,2,"9:02 PM","3:18","Gordon 2' Driving Layup (15 PTS)",null,null,"54 - 46","-8"],["0041400144",203,6,2,2,"9:02 PM","3:18",null,null,"Bogut S.FOUL (P3.T4) (D.Crawford)",null,null],["0041400144",204,8,0,2,"9:02 PM","3:18",null,null,"SUB: Ezeli FOR Bogut",null,null],["0041400144",205,8,0,2,"9:02 PM","3:18","SUB: Anderson FOR Asik",null,null,null,null],["0041400144",206,3,10,2,"9:03 PM","3:18","Gordon Free Throw 1 of 1 (16 PTS)",null,null,"54 - 47","-7"],["0041400144",209,2,5,2,"9:03 PM","3:04","Anderson BLOCK (1 BLK)",null,"MISS Ezeli 2' Layup",null,null],["0041400144",210,4,0,2,"9:03 PM","3:03",null,null,"Green REBOUND (Off:1 Def:2)",null,null],["0041400144",211,2,5,2,"9:03 PM","3:02","Davis BLOCK (1 BLK)",null,"MISS Green 3' Layup",null,null],["0041400144",212,4,0,2,"9:03 PM","3:01",null,null,"Curry REBOUND (Off:1 Def:3)",null,null],["0041400144",213,1,1,2,"9:03 PM","2:51",null,null,"Thompson 24' 3PT Jump Shot (10 PTS) (Curry 5 AST)","57 - 47","-10"],["0041400144",214,2,1,2,"9:03 PM","2:41","MISS Gordon 26' 3PT Jump Shot",null,null,null,null],["0041400144",215,4,0,2,"9:03 PM","2:39",null,null,"Green REBOUND (Off:1 Def:3)",null,null],["0041400144",216,1,1,2,"9:04 PM","2:26",null,null,"Thompson 25' 3PT Jump Shot (13 PTS) (Green 5 AST)","60 - 47","-13"],["0041400144",217,5,2,2,"9:04 PM","2:07","Anderson Lost Ball Turnover (P1.T6)",null,"Livingston STEAL (1 STL)",null,null],["0041400144",218,2,1,2,"9:04 PM","2:01",null,null,"MISS Thompson 24' 3PT Jump Shot",null,null],["0041400144",219,4,0,2,"9:04 PM","2:01","PELICANS Rebound",null,null,null,null],["0041400144",220,8,0,2,"9:04 PM","2:01",null,null,"SUB: Barnes FOR Ezeli",null,null],["0041400144",221,1,63,2,"9:05 PM","1:45","Gordon 14' Fadeaway Jumper (18 PTS)",null,null,"60 - 49","-11"],["0041400144",222,6,2,2,"9:05 PM","1:45",null,null,"Curry S.FOUL (P1.PN) (M.Davis)",null,null],["0041400144",223,8,0,2,"9:05 PM","1:45","SUB: Pondexter FOR Cunningham",null,null,null,null],["0041400144",224,3,10,2,"9:05 PM","1:45","Gordon Free Throw 1 of 1 (19 PTS)",null,null,"60 - 50","-10"],["0041400144",226,9,2,2,"9:05 PM","1:45",null,null,"Warriors Timeout: Short (Reg.2 Short 1)",null,null],["0041400144",228,2,1,2,"9:07 PM","1:30",null,null,"MISS Thompson 18' Jump Shot",null,null],["0041400144",229,4,0,2,"9:07 PM","1:28",null,null,"Green REBOUND (Off:2 Def:3)",null,null],["0041400144",230,1,80,2,"9:07 PM","1:20",null,null,"Thompson 12' Step Back Jump Shot (15 PTS) (Livingston 3 AST)","62 - 50","-12"],["0041400144",232,1,42,2,"9:08 PM","0:57","Evans 1' Driving Layup (2 PTS)",null,null,"62 - 52","-10"],["0041400144",233,2,5,2,"9:08 PM","0:46",null,null,"MISS Barnes 1' Layup",null,null],["0041400144",235,4,0,2,"9:08 PM","0:45",null,null,"Green REBOUND (Off:3 Def:3)",null,null],["0041400144",234,1,72,2,"9:08 PM","0:45",null,null,"Green 1' Putback Layup (20 PTS)","64 - 52","-12"],["0041400144",236,1,1,2,"9:08 PM","0:28","Davis 15' Jump Shot (19 PTS) (Gordon 3 AST)",null,null,"64 - 54","-10"],["0041400144",238,1,1,2,"9:09 PM","0:07",null,null,"Curry 26' 3PT Jump Shot (20 PTS)","67 - 54","-13"],["0041400144",239,2,5,2,"9:09 PM","0:02","MISS Evans 1' Layup",null,"Thompson BLOCK (1 BLK)",null,null],["0041400144",240,4,0,2,"9:09 PM","0:01",null,null,"Thompson REBOUND (Off:0 Def:1)",null,null],["0041400144",242,13,0,2,"9:09 PM","0:00",null,null,null,"67 - 54","-13"],["0041400144",244,12,0,3,"9:26 PM","12:00",null,null,null,"67 - 54","-13"],["0041400144",245,1,47,3,"9:27 PM","11:43","Davis 8' Turnaround Jump Shot (21 PTS)",null,null,"67 - 56","-11"],["0041400144",246,2,1,3,"9:27 PM","11:26",null,null,"MISS Thompson 25' 3PT Jump Shot",null,null],["0041400144",247,4,0,3,"9:27 PM","11:24","Davis REBOUND (Off:2 Def:5)",null,null,null,null],["0041400144",248,5,1,3,"9:27 PM","11:05","Gordon Bad Pass Turnover (P1.T7)",null,null,null,null],["0041400144",249,1,5,3,"9:28 PM","10:49",null,null,"Bogut 1' Layup (2 PTS) (Curry 6 AST)","69 - 56","-13"],["0041400144",250,1,1,3,"9:28 PM","10:35","Gordon 8' Jump Shot (21 PTS) (Evans 2 AST)",null,null,"69 - 58","-11"],["0041400144",251,5,1,3,"9:28 PM","10:26","Pondexter STEAL (1 STL)",null,"Curry Bad Pass Turnover (P3.T4)",null,null],["0041400144",252,1,7,3,"9:28 PM","10:16","Davis  Dunk (23 PTS) (Gordon 4 AST)",null,null,"69 - 60","-9"],["0041400144",253,5,1,3,"9:29 PM","10:01","Evans STEAL (2 STL)",null,"Bogut Bad Pass Turnover (P1.T5)",null,null],["0041400144",254,5,40,3,"9:29 PM","9:59","Evans Out of Bounds Lost Ball Turnover (P1.T8)",null,null,null,null],["0041400144",255,9,1,3,"9:29 PM","9:59",null,null,"Warriors Timeout: Regular (Reg.3 Short 1)",null,null],["0041400144",256,2,5,3,"9:33 PM","9:46","Davis BLOCK (2 BLK)",null,"MISS Green 2' Layup",null,null],["0041400144",257,4,0,3,"9:33 PM","9:45","Davis REBOUND (Off:2 Def:6)",null,null,null,null],["0041400144",258,2,1,3,"9:33 PM","9:21","MISS Gordon 5' Jump Shot",null,null,null,null],["0041400144",259,4,0,3,"9:33 PM","9:20",null,null,"Thompson REBOUND (Off:0 Def:2)",null,null],["0041400144",260,2,1,3,"9:34 PM","9:07",null,null,"MISS Green 26' 3PT Jump Shot",null,null],["0041400144",261,4,0,3,"9:34 PM","9:06",null,null,"Curry REBOUND (Off:2 Def:3)",null,null],["0041400144",262,6,1,3,"9:34 PM","9:06","Pondexter P.FOUL (P2.T1) (D.Collins)",null,null,null,null],["0041400144",263,1,1,3,"9:34 PM","9:01",null,null,"Curry 26' 3PT Jump Shot (23 PTS) (Barnes 1 AST)","72 - 60","-12"],["0041400144",265,2,5,3,"9:34 PM","8:45","MISS Asik 2' Layup",null,"Bogut BLOCK (1 BLK)",null,null],["0041400144",266,4,0,3,"9:34 PM","8:44",null,null,"Barnes REBOUND (Off:1 Def:2)",null,null],["0041400144",267,1,7,3,"9:34 PM","8:35",null,null,"Barnes  Dunk (4 PTS) (Curry 7 AST)","74 - 60","-14"],["0041400144",268,6,1,3,"9:35 PM","8:22",null,null,"Curry P.FOUL (P2.T1) (D.Collins)",null,null],["0041400144",269,2,5,3,"9:35 PM","8:11","MISS Evans 2' Layup",null,"Bogut BLOCK (2 BLK)",null,null],["0041400144",270,4,0,3,"9:35 PM","8:08",null,null,"Bogut REBOUND (Off:0 Def:3)",null,null],["0041400144",271,1,42,3,"9:35 PM","8:01",null,null,"Thompson 2' Driving Layup (17 PTS)","76 - 60","-16"],["0041400144",424,9,1,3,"9:35 PM","8:01","PELICANS Timeout: Regular (Full 3 Short 0)",null,null,null,null],["0041400144",272,8,0,3,"9:38 PM","8:01","SUB: Anderson FOR Asik",null,null,null,null],["0041400144",274,2,1,3,"9:40 PM","7:35","MISS Anderson 26' 3PT Jump Shot",null,null,null,null],["0041400144",275,4,0,3,"9:40 PM","7:31",null,null,"Curry REBOUND (Off:2 Def:4)",null,null],["0041400144",276,2,1,3,"9:40 PM","7:14",null,null,"MISS Curry 11' Jump Shot",null,null],["0041400144",277,4,0,3,"9:40 PM","7:12","Pondexter REBOUND (Off:0 Def:2)",null,null,null,null],["0041400144",278,2,1,3,"9:40 PM","7:02","MISS Anderson 25' 3PT Jump Shot",null,null,null,null],["0041400144",279,4,0,3,"9:40 PM","7:01",null,null,"Barnes REBOUND (Off:1 Def:3)",null,null],["0041400144",280,2,5,3,"9:40 PM","6:53","Davis BLOCK (3 BLK)",null,"MISS Curry 3' Layup",null,null],["0041400144",281,4,0,3,"9:40 PM","6:52","Evans REBOUND (Off:2 Def:3)",null,null,null,null],["0041400144",282,6,27,3,"9:41 PM","6:35",null,null,"Curry Personal Block Foul (P3.T2) (D.Crawford)",null,null],["0041400144",283,8,0,3,"9:41 PM","6:35","SUB: Cole FOR Pondexter",null,null,null,null],["0041400144",284,2,5,3,"9:41 PM","6:27","MISS Gordon 2' Layup",null,"Bogut BLOCK (3 BLK)",null,null],["0041400144",285,4,0,3,"9:41 PM","6:25",null,null,"Warriors Rebound",null,null],["0041400144",286,6,2,3,"9:42 PM","6:05","Cole S.FOUL (P2.T2) (D.Crawford)",null,null,null,null],["0041400144",287,3,11,3,"9:42 PM","6:05",null,null,"Curry Free Throw 1 of 2 (24 PTS)","77 - 60","-17"],["0041400144",289,3,12,3,"9:42 PM","6:05",null,null,"Curry Free Throw 2 of 2 (25 PTS)","78 - 60","-18"],["0041400144",292,6,2,3,"9:43 PM","5:48",null,null,"Bogut S.FOUL (P4.T3) (D.Crawford)",null,null],["0041400144",293,3,11,3,"9:43 PM","5:48","Davis Free Throw 1 of 2 (24 PTS)",null,null,"78 - 61","-17"],["0041400144",295,8,0,3,"9:44 PM","5:48",null,null,"SUB: Iguodala FOR Bogut",null,null],["0041400144",296,3,12,3,"9:44 PM","5:48","Davis Free Throw 2 of 2 (25 PTS)",null,null,"78 - 62","-16"],["0041400144",298,1,42,3,"9:44 PM","5:34",null,null,"Curry 2' Driving Layup (27 PTS)","80 - 62","-18"],["0041400144",299,2,1,3,"9:44 PM","5:20","MISS Evans 22' Jump Shot",null,null,null,null],["0041400144",300,4,0,3,"9:44 PM","5:18",null,null,"Barnes REBOUND (Off:1 Def:4)",null,null],["0041400144",301,6,2,3,"9:45 PM","5:14","Evans S.FOUL (P2.T3) (M.Davis)",null,null,null,null],["0041400144",302,3,11,3,"9:45 PM","5:14",null,null,"MISS Barnes Free Throw 1 of 2",null,null],["0041400144",303,4,1,3,"9:45 PM","5:14",null,null,"Warriors Rebound",null,null],["0041400144",304,8,0,3,"9:45 PM","5:14","SUB: Holiday FOR Evans",null,null,null,null],["0041400144",305,3,12,3,"9:45 PM","5:14",null,null,"MISS Barnes Free Throw 2 of 2",null,null],["0041400144",307,4,0,3,"9:45 PM","5:13","PELICANS Rebound",null,null,null,null],["0041400144",308,2,1,3,"9:45 PM","5:01","MISS Gordon 17' Jump Shot",null,null,null,null],["0041400144",309,4,0,3,"9:46 PM","4:59",null,null,"Barnes REBOUND (Off:1 Def:5)",null,null],["0041400144",312,1,1,3,"9:46 PM","4:37",null,null,"Thompson 28' 3PT Jump Shot (20 PTS) (Barnes 2 AST)","83 - 62","-21"],["0041400144",313,2,5,3,"9:47 PM","4:13","MISS Anderson 2' Layup",null,null,null,null],["0041400144",314,4,0,3,"9:47 PM","4:12",null,null,"Green REBOUND (Off:3 Def:4)",null,null],["0041400144",315,1,7,3,"9:47 PM","4:09",null,null,"Iguodala  Dunk (8 PTS) (Green 6 AST)","85 - 62","-23"],["0041400144",316,9,1,3,"9:47 PM","4:09","PELICANS Timeout: Regular (Full 4 Short 0)",null,null,null,null],["0041400144",318,8,0,3,"9:49 PM","4:09",null,null,"SUB: Livingston FOR Curry",null,null],["0041400144",319,6,2,3,"9:49 PM","3:54",null,null,"Green S.FOUL (P2.T4) (D.Crawford)",null,null],["0041400144",320,3,11,3,"9:50 PM","3:54","MISS Davis Free Throw 1 of 2",null,null,null,null],["0041400144",321,4,1,3,"9:50 PM","3:54","PELICANS Rebound",null,null,null,null],["0041400144",322,3,12,3,"9:50 PM","3:54","Davis Free Throw 2 of 2 (26 PTS)",null,null,"85 - 63","-22"],["0041400144",324,2,1,3,"9:50 PM","3:35",null,null,"MISS Thompson 14' Jump Shot",null,null],["0041400144",325,4,0,3,"9:50 PM","3:33","Davis REBOUND (Off:2 Def:7)",null,null,null,null],["0041400144",326,2,1,3,"9:51 PM","3:19","MISS Holiday 13' Jump Shot",null,null,null,null],["0041400144",327,4,0,3,"9:51 PM","3:18",null,null,"Green REBOUND (Off:3 Def:5)",null,null],["0041400144",328,1,7,3,"9:51 PM","3:03",null,null,"Barnes  Dunk (6 PTS) (Green 7 AST)","87 - 63","-24"],["0041400144",329,2,1,3,"9:51 PM","2:51","MISS Cole 26' 3PT Jump Shot",null,null,null,null],["0041400144",330,4,0,3,"9:51 PM","2:50",null,null,"Green REBOUND (Off:3 Def:6)",null,null],["0041400144",332,2,1,3,"9:51 PM","2:38",null,null,"MISS Thompson 18' Jump Shot",null,null],["0041400144",333,4,0,3,"9:51 PM","2:36",null,null,"Barnes REBOUND (Off:2 Def:5)",null,null],["0041400144",334,2,1,3,"9:51 PM","2:31",null,null,"MISS Iguodala 13' Jump Shot",null,null],["0041400144",335,4,0,3,"9:51 PM","2:30","Gordon REBOUND (Off:0 Def:1)",null,null,null,null],["0041400144",336,1,1,3,"9:52 PM","2:20","Davis 16' Jump Shot (28 PTS) (Gordon 5 AST)",null,null,"87 - 65","-22"],["0041400144",337,6,4,3,"9:52 PM","2:02",null,null,"Green OFF.Foul (P3) (D.Collins)",null,null],["0041400144",338,5,5,3,"9:52 PM","2:02",null,null,"Green Foul Turnover (P1.T6)",null,null],["0041400144",339,8,0,3,"9:52 PM","2:02","SUB: Cunningham FOR Gordon",null,null,null,null],["0041400144",340,6,4,3,"9:52 PM","1:55","Cole OFF.Foul (P3) (D.Collins)",null,null,null,null],["0041400144",341,5,5,3,"9:52 PM","1:55","Cole Foul Turnover (P3.T9)",null,null,null,null],["0041400144",342,8,0,3,"9:53 PM","1:55",null,null,"SUB: Ezeli FOR Green",null,null],["0041400144",344,2,1,3,"9:53 PM","1:31",null,null,"MISS Barnes 14' Jump Shot",null,null],["0041400144",345,4,0,3,"9:53 PM","1:29","Cunningham REBOUND (Off:0 Def:2)",null,null,null,null],["0041400144",346,1,1,3,"9:53 PM","1:15","Cunningham 16' Jump Shot (4 PTS) (Davis 1 AST)",null,null,"87 - 67","-20"],["0041400144",347,2,5,3,"9:54 PM","0:54","Anderson BLOCK (2 BLK)",null,"MISS Ezeli 2' Layup",null,null],["0041400144",348,4,0,3,"9:54 PM","0:52",null,null,"Ezeli REBOUND (Off:1 Def:2)",null,null],["0041400144",349,6,2,3,"9:54 PM","0:51","Cunningham S.FOUL (P2.T4) (D.Crawford)",null,null,null,null],["0041400144",350,3,11,3,"9:54 PM","0:51",null,null,"MISS Ezeli Free Throw 1 of 2",null,null],["0041400144",351,4,1,3,"9:54 PM","0:51",null,null,"Warriors Rebound",null,null],["0041400144",352,8,0,3,"9:54 PM","0:51","SUB: Pondexter FOR Davis",null,null,null,null],["0041400144",353,3,12,3,"9:54 PM","0:51",null,null,"Ezeli Free Throw 2 of 2 (1 PTS)","88 - 67","-21"],["0041400144",356,2,1,3,"9:55 PM","0:38","MISS Cole 28' 3PT Jump Shot",null,null,null,null],["0041400144",357,4,0,3,"9:55 PM","0:37",null,null,"Barnes REBOUND (Off:2 Def:6)",null,null],["0041400144",358,2,1,3,"9:55 PM","0:28",null,null,"MISS Livingston 14' Jump Shot",null,null],["0041400144",359,4,0,3,"9:55 PM","0:27","PELICANS Rebound",null,null,null,null],["0041400144",361,2,1,3,"9:56 PM","0:06","MISS Pondexter 21' Jump Shot",null,null,null,null],["0041400144",362,4,0,3,"9:56 PM","0:05",null,null,"Iguodala REBOUND (Off:1 Def:1)",null,null],["0041400144",363,2,1,3,"9:56 PM","0:00",null,null,"MISS Iguodala 25' 3PT Jump Shot",null,null],["0041400144",364,4,0,3,"9:56 PM","0:00","Anderson REBOUND (Off:2 Def:4)",null,null,null,null],["0041400144",365,13,0,3,"9:56 PM","0:00",null,null,null,"88 - 67","-21"],["0041400144",367,12,0,4,"10:00 PM","12:00",null,null,null,"88 - 67","-21"],["0041400144",368,2,1,4,"10:00 PM","11:46",null,null,"MISS Curry 17' Jump Shot",null,null],["0041400144",369,4,0,4,"10:00 PM","11:45","Cunningham REBOUND (Off:0 Def:3)",null,null,null,null],["0041400144",370,1,79,4,"10:00 PM","11:35","Holiday 15' Pullup Jump Shot (4 PTS)",null,null,"88 - 69","-19"],["0041400144",371,2,1,4,"10:00 PM","11:12",null,null,"MISS Speights 17' Jump Shot",null,null],["0041400144",372,4,0,4,"10:00 PM","11:11","Cunningham REBOUND (Off:0 Def:4)",null,null,null,null],["0041400144",373,1,80,4,"10:00 PM","11:01","Anderson 26' 3PT Step Back Jump Shot (8 PTS) (Holiday 3 AST)",null,null,"88 - 72","-16"],["0041400144",374,5,1,4,"10:01 PM","10:45",null,null,"Curry Bad Pass Turnover (P4.T7)",null,null],["0041400144",375,8,0,4,"10:01 PM","10:45",null,null,"SUB: Barbosa FOR Livingston",null,null],["0041400144",376,6,1,4,"10:01 PM","10:32",null,null,"Iguodala P.FOUL (P2.T1) (D.Crawford)",null,null],["0041400144",377,8,0,4,"10:01 PM","10:32",null,null,"SUB: Green FOR Speights",null,null],["0041400144",379,6,2,4,"10:02 PM","10:27",null,null,"Green S.FOUL (P4.T2) (D.Collins)",null,null],["0041400144",380,3,11,4,"10:02 PM","10:27","Cunningham Free Throw 1 of 2 (5 PTS)",null,null,"88 - 73","-15"],["0041400144",382,3,12,4,"10:02 PM","10:27","Cunningham Free Throw 2 of 2 (6 PTS)",null,null,"88 - 74","-14"],["0041400144",384,6,4,4,"10:03 PM","10:20",null,null,"Curry OFF.Foul (P4) (D.Crawford)",null,null],["0041400144",385,5,5,4,"10:03 PM","10:20",null,null,"Curry Foul Turnover (P5.T8)",null,null],["0041400144",386,1,80,4,"10:03 PM","10:06","Anderson 16' Step Back Jump Shot (10 PTS) (Holiday 4 AST)",null,null,"88 - 76","-12"],["0041400144",388,9,1,4,"10:03 PM","10:04",null,null,"Warriors Timeout: Regular (Reg.4 Short 1)",null,null],["0041400144",389,1,1,4,"10:07 PM","9:45",null,null,"Barbosa 4' Jump Shot (6 PTS) (Green 8 AST)","90 - 76","-14"],["0041400144",390,2,42,4,"10:07 PM","9:20","MISS Pondexter 2' Driving Layup",null,"Green BLOCK (1 BLK)",null,null],["0041400144",391,4,0,4,"10:07 PM","9:20","PELICANS Rebound",null,null,null,null],["0041400144",392,5,11,4,"10:07 PM","9:20","PELICANS Turnover: Shot Clock (T#10)",null,null,null,null],["0041400144",393,6,2,4,"10:08 PM","9:05","Cunningham S.FOUL (P3.T1) (D.Collins)",null,null,null,null],["0041400144",394,3,11,4,"10:08 PM","9:05",null,null,"Curry Free Throw 1 of 2 (28 PTS)","91 - 76","-15"],["0041400144",396,8,0,4,"10:08 PM","9:05","SUB: Davis FOR Pondexter",null,null,null,null],["0041400144",397,3,12,4,"10:08 PM","9:05",null,null,"Curry Free Throw 2 of 2 (29 PTS)","92 - 76","-16"],["0041400144",400,8,0,4,"10:09 PM","8:46",null,null,"SUB: Bogut FOR Barnes",null,null],["0041400144",401,10,0,4,"10:09 PM","8:46","Jump Ball Cole vs. Green: Tip to Iguodala",null,null,null,null],["0041400144",402,5,2,4,"10:09 PM","8:46","Cole Lost Ball Turnover (P4.T11)",null,"Green STEAL (1 STL)",null,null],["0041400144",403,5,2,4,"10:09 PM","8:26","Holiday STEAL (1 STL)",null,"Barbosa Lost Ball Turnover (P1.T9)",null,null],["0041400144",404,2,1,4,"10:10 PM","8:11","MISS Holiday 26' 3PT Jump Shot",null,null,null,null],["0041400144",406,4,0,4,"10:10 PM","8:10","Cunningham REBOUND (Off:1 Def:4)",null,null,null,null],["0041400144",405,1,4,4,"10:10 PM","8:10","Cunningham 2' Tip Shot (8 PTS)",null,null,"92 - 78","-14"],["0041400144",407,1,1,4,"10:10 PM","7:55",null,null,"Curry 25' 3PT Jump Shot (32 PTS)","95 - 78","-17"],["0041400144",408,6,1,4,"10:10 PM","7:46",null,null,"Bogut P.FOUL (P5.T3) (D.Collins)",null,null],["0041400144",409,8,0,4,"10:11 PM","7:46",null,null,"SUB: Thompson FOR Barbosa",null,null],["0041400144",410,8,0,4,"10:11 PM","7:46","SUB: Gordon FOR Holiday",null,null,null,null],["0041400144",411,8,0,4,"10:11 PM","7:46","SUB: Evans FOR Cole",null,null,null,null],["0041400144",412,1,42,4,"10:11 PM","7:36","Gordon 2' Driving Layup (23 PTS)",null,null,"95 - 80","-15"],["0041400144",413,2,1,4,"10:11 PM","7:16",null,null,"MISS Curry 25' 3PT Jump Shot",null,null],["0041400144",414,4,0,4,"10:11 PM","7:12",null,null,"Curry REBOUND (Off:3 Def:4)",null,null],["0041400144",415,2,1,4,"10:11 PM","6:58",null,null,"MISS Thompson 10' Jump Shot",null,null],["0041400144",416,4,0,4,"10:12 PM","6:57","Cunningham REBOUND (Off:1 Def:5)",null,null,null,null],["0041400144",417,1,1,4,"10:12 PM","6:45","Davis 16' Jump Shot (30 PTS) (Evans 3 AST)",null,null,"95 - 82","-13"],["0041400144",418,2,1,4,"10:12 PM","6:16",null,null,"MISS Thompson 17' Jump Shot",null,null],["0041400144",419,4,0,4,"10:12 PM","6:15","Davis REBOUND (Off:2 Def:8)",null,null,null,null],["0041400144",420,1,1,4,"10:12 PM","6:01","Gordon 25' 3PT Jump Shot (26 PTS) (Evans 4 AST)",null,null,"95 - 85","-10"],["0041400144",422,9,1,4,"10:13 PM","6:00",null,null,"Warriors Timeout: Regular (Reg.5 Short 1)",null,null],["0041400144",425,8,0,4,"10:15 PM","6:00",null,null,"SUB: Barnes FOR Iguodala",null,null],["0041400144",426,1,1,4,"10:16 PM","5:37",null,null,"Curry 18' Jump Shot (34 PTS)","97 - 85","-12"],["0041400144",427,2,1,4,"10:16 PM","5:18","MISS Gordon 27' 3PT Jump Shot",null,null,null,null],["0041400144",428,4,0,4,"10:16 PM","5:17",null,null,"Green REBOUND (Off:3 Def:7)",null,null],["0041400144",429,1,1,4,"10:16 PM","5:09",null,null,"Thompson 18' Jump Shot (22 PTS) (Curry 8 AST)","99 - 85","-14"],["0041400144",430,1,5,4,"10:17 PM","4:44","Evans 2' Layup (4 PTS) (Anderson 2 AST)",null,null,"99 - 87","-12"],["0041400144",431,5,4,4,"10:17 PM","4:33",null,null,"Green Traveling Turnover (P2.T10)",null,null],["0041400144",432,2,1,4,"10:17 PM","4:22","MISS Evans 26' 3PT Jump Shot",null,null,null,null],["0041400144",433,4,0,4,"10:17 PM","4:21",null,null,"Warriors Rebound",null,null],["0041400144",434,2,1,4,"10:18 PM","4:05",null,null,"MISS Thompson 25' 3PT Jump Shot",null,null],["0041400144",435,4,0,4,"10:18 PM","4:03","Davis REBOUND (Off:2 Def:9)",null,null,null,null],["0041400144",436,1,1,4,"10:18 PM","3:53","Davis 13' Jump Shot (32 PTS) (Evans 5 AST)",null,null,"99 - 89","-10"],["0041400144",437,1,1,4,"10:18 PM","3:37",null,null,"Curry 22' Jump Shot (36 PTS)","101 - 89","-12"],["0041400144",438,6,26,4,"10:19 PM","3:15","Evans Offensive Charge Foul (P3.T2) (D.Crawford)",null,null,null,null],["0041400144",439,5,5,4,"10:19 PM","3:15","Evans Foul Turnover (P2.T12)",null,null,null,null],["0041400144",440,6,1,4,"10:19 PM","2:55","Anderson P.FOUL (P3.T3) (D.Crawford)",null,null,null,null],["0041400144",441,9,4,4,"10:19 PM","2:55",null,null,null,null,null],["0041400144",442,2,1,4,"10:22 PM","2:47",null,null,"MISS Curry 21' Jump Shot",null,null],["0041400144",443,4,0,4,"10:22 PM","2:46","Cunningham REBOUND (Off:1 Def:6)",null,null,null,null],["0041400144",444,1,1,4,"10:23 PM","2:31","Gordon 25' 3PT Jump Shot (29 PTS) (Anderson 3 AST)",null,null,"101 - 92","-9"],["0041400144",445,2,1,4,"10:23 PM","2:09",null,null,"MISS Green 26' 3PT Jump Shot",null,null],["0041400144",446,4,0,4,"10:23 PM","2:06","Gordon REBOUND (Off:0 Def:2)",null,null,null,null],["0041400144",447,1,42,4,"10:23 PM","1:49","Davis 2' Driving Layup (34 PTS)",null,null,"101 - 94","-7"],["0041400144",448,1,42,4,"10:24 PM","1:32",null,null,"Green 2' Driving Layup (22 PTS) (Curry 9 AST)","103 - 94","-9"],["0041400144",449,9,1,4,"10:24 PM","1:32","PELICANS Timeout: Regular (Full 5 Short 0)",null,null,null,null],["0041400144",450,8,0,4,"10:26 PM","1:32",null,null,"SUB: Iguodala FOR Bogut",null,null],["0041400144",451,2,1,4,"10:26 PM","1:17","MISS Gordon 25' 3PT Jump Shot",null,null,null,null],["0041400144",453,4,0,4,"10:26 PM","1:16","Cunningham REBOUND (Off:2 Def:6)",null,null,null,null],["0041400144",452,1,87,4,"10:26 PM","1:16","Cunningham  Putback Dunk (10 PTS)",null,null,"103 - 96","-7"],["0041400144",455,1,1,4,"10:26 PM","1:00",null,null,"Thompson 26' 3PT Jump Shot (25 PTS) (Barnes 3 AST)","106 - 96","-10"],["0041400144",456,1,47,4,"10:27 PM","0:45","Davis 6' Turnaround Jump Shot (36 PTS) (Anderson 4 AST)",null,null,"106 - 98","-8"],["0041400144",457,6,28,4,"10:27 PM","0:38","Gordon Personal Take Foul (P1.T4) (D.Crawford)",null,null,null,null],["0041400144",458,6,28,4,"10:27 PM","0:38","Gordon Personal Take Foul (P2.PN) (D.Crawford)",null,null,null,null],["0041400144",459,3,11,4,"10:28 PM","0:38",null,null,"Curry Free Throw 1 of 2 (37 PTS)","107 - 98","-9"],["0041400144",461,3,12,4,"10:28 PM","0:38",null,null,"Curry Free Throw 2 of 2 (38 PTS)","108 - 98","-10"],["0041400144",463,9,2,4,"10:28 PM","0:38","PELICANS Timeout: Short (Full 5 Short 1)",null,null,null,null],["0041400144",464,8,0,4,"10:29 PM","0:38","SUB: Cole FOR Cunningham",null,null,null,null],["0041400144",465,2,1,4,"10:30 PM","0:28","MISS Evans 25' 3PT Jump Shot",null,null,null,null],["0041400144",466,4,0,4,"10:30 PM","0:25","Gordon REBOUND (Off:1 Def:2)",null,null,null,null],["0041400144",467,2,1,4,"10:30 PM","0:22","MISS Davis 24' 3PT Jump Shot",null,null,null,null],["0041400144",468,4,0,4,"10:30 PM","0:21",null,null,"Curry REBOUND (Off:3 Def:5)",null,null],["0041400144",469,6,28,4,"10:30 PM","0:20","Evans Personal Take Foul (P4.PN) (D.Crawford)",null,null,null,null],["0041400144",470,3,11,4,"10:30 PM","0:20",null,null,"MISS Curry Free Throw 1 of 2",null,null],["0041400144",471,4,1,4,"10:30 PM","0:20",null,null,"Warriors Rebound",null,null],["0041400144",472,3,12,4,"10:30 PM","0:20",null,null,"Curry Free Throw 2 of 2 (39 PTS)","109 - 98","-11"],["0041400144",475,2,1,4,"10:31 PM","0:14","MISS Cole 26' 3PT Jump Shot",null,null,null,null],["0041400144",476,4,0,4,"10:31 PM","0:13",null,null,"Thompson REBOUND (Off:0 Def:3)",null,null],["0041400144",477,13,0,4,"10:31 PM","0:00",null,null,null,"109 - 98","-11"]]},{"name":"AvailableVideo","headers":["VIDEO_AVAILABLE_FLAG"],"rowSet":[[1]]}]}