{"resource":"playbyplay","parameters":{"GameID":"0041400203","StartPeriod":0,"EndPeriod":14},"resultSets":[{"name":"PlayByPlay","headers":["GAME_ID","EVENTNUM","EVENTMSGTYPE","EVENTMSGACTIONTYPE","PERIOD","WCTIMESTRING","PCTIMESTRING","HOMEDESCRIPTION","NEUTRALDESCRIPTION","VISITORDESCRIPTION","SCORE","SCOREMARGIN"],"rowSet":[["0041400203",0,12,0,1,"5:11 PM","12:00",null,null,null,null,null],["0041400203",1,10,0,1,"5:11 PM","12:00","Jump Ball Gortat vs. Horford: Tip to Teague",null,null,null,null],["0041400203",2,2,1,1,"5:11 PM","11:46",null,null,"MISS Antic 26' 3PT Jump Shot",null,null],["0041400203",3,4,0,1,"5:11 PM","11:45","Pierce REBOUND (Off:0 Def:1)",null,null,null,null],["0041400203",4,2,1,1,"5:11 PM","11:21","MISS Beal 26' 3PT Jump Shot",null,null,null,null],["0041400203",5,4,0,1,"5:11 PM","11:19",null,null,"Korver REBOUND (Off:0 Def:1)",null,null],["0041400203",6,5,1,1,"5:11 PM","11:16","Beal STEAL (1 STL)",null,"Korver Bad Pass Turnover (P1.T1)",null,null],["0041400203",7,5,1,1,"5:12 PM","11:08","Sessions Bad Pass Turnover (P1.T1)",null,"Carroll STEAL (1 STL)",null,null],["0041400203",8,1,50,1,"5:12 PM","11:05",null,null,"Carroll  Running Dunk (2 PTS)","2 - 0","-2"],["0041400203",9,5,2,1,"5:12 PM","10:36","Sessions Lost Ball Turnover (P2.T2)",null,"Teague STEAL (1 STL)",null,null],["0041400203",10,2,1,1,"5:12 PM","10:16",null,null,"MISS Antic 26' 3PT Jump Shot",null,null],["0041400203",11,4,0,1,"5:12 PM","10:15","Gortat REBOUND (Off:0 Def:1)",null,null,null,null],["0041400203",12,2,1,1,"5:13 PM","10:05","MISS Nene 17' Jump Shot",null,null,null,null],["0041400203",13,4,0,1,"5:13 PM","10:04",null,null,"Horford REBOUND (Off:0 Def:1)",null,null],["0041400203",14,2,1,1,"5:13 PM","9:55",null,null,"MISS Teague 28' 3PT Jump Shot",null,null],["0041400203",15,4,0,1,"5:13 PM","9:54","Pierce REBOUND (Off:0 Def:2)",null,null,null,null],["0041400203",16,1,1,1,"5:13 PM","9:40","Pierce 27' 3PT Jump Shot (3 PTS) (Beal 1 AST)",null,null,"2 - 3","1"],["0041400203",17,6,2,1,"5:13 PM","9:35","Pierce S.FOUL (P1.T1) (B.Salvatore)",null,null,null,null],["0041400203",18,9,2,1,"5:14 PM","9:35","WIZARDS Timeout: Short (Full 0 Short 1)",null,null,null,null],["0041400203",20,8,0,1,"5:14 PM","9:35","SUB: Porter FOR Pierce",null,null,null,null],["0041400203",21,3,11,1,"5:14 PM","9:35",null,null,"Carroll Free Throw 1 of 2 (3 PTS)","3 - 3","TIE"],["0041400203",23,3,12,1,"5:15 PM","9:35",null,null,"Carroll Free Throw 2 of 2 (4 PTS)","4 - 3","-1"],["0041400203",25,2,1,1,"5:15 PM","9:20","MISS Beal 19' Jump Shot",null,null,null,null],["0041400203",26,4,0,1,"5:15 PM","9:19","Nene REBOUND (Off:1 Def:0)",null,null,null,null],["0041400203",27,1,57,1,"5:15 PM","9:12","Nene 4' Driving Hook Shot (2 PTS)",null,null,"4 - 5","1"],["0041400203",28,6,1,1,"5:16 PM","9:02","Nene P.FOUL (P1.T2) (Z.Zarba)",null,null,null,null],["0041400203",29,2,1,1,"5:16 PM","8:52",null,null,"MISS Antic 15' Jump Shot",null,null],["0041400203",30,4,0,1,"5:16 PM","8:51","Gortat REBOUND (Off:0 Def:2)",null,null,null,null],["0041400203",31,6,1,1,"5:16 PM","8:41",null,null,"Antic P.FOUL (P1.T1) (Z.Zarba)",null,null],["0041400203",33,1,71,1,"5:17 PM","8:33","Nene 1' Finger Roll Layup (4 PTS)",null,null,"4 - 7","3"],["0041400203",34,2,1,1,"5:17 PM","8:10",null,null,"MISS Horford 16' Jump Shot",null,null],["0041400203",35,4,0,1,"5:17 PM","8:09","Gortat REBOUND (Off:0 Def:3)",null,null,null,null],["0041400203",38,1,49,1,"5:18 PM","7:49","Sessions  Driving Dunk (2 PTS) (Beal 2 AST)",null,null,"4 - 9","5"],["0041400203",39,2,1,1,"5:18 PM","7:27","Gortat BLOCK (1 BLK)",null,"MISS Carroll 13' Jump Shot",null,null],["0041400203",40,4,0,1,"5:18 PM","7:27",null,null,"Hawks Rebound",null,null],["0041400203",41,2,1,1,"5:19 PM","7:22",null,null,"MISS Horford 14' Jump Shot",null,null],["0041400203",42,4,0,1,"5:19 PM","7:21","Gortat REBOUND (Off:0 Def:4)",null,null,null,null],["0041400203",43,1,1,1,"5:19 PM","7:10","Beal 17' Jump Shot (2 PTS) (Gortat 1 AST)",null,null,"4 - 11","7"],["0041400203",44,9,1,1,"5:19 PM","7:09",null,null,"Hawks Timeout: Regular (Reg.1 Short 0)",null,null],["0041400203",46,8,0,1,"5:21 PM","7:09",null,null,"SUB: Millsap FOR Antic",null,null],["0041400203",47,2,1,1,"5:23 PM","6:48","Gortat BLOCK (2 BLK)",null,"MISS Horford 6' Jump Shot",null,null],["0041400203",48,4,0,1,"5:23 PM","6:47",null,null,"Carroll REBOUND (Off:1 Def:0)",null,null],["0041400203",49,2,1,1,"5:23 PM","6:45",null,null,"MISS Carroll 3' Jump Shot",null,null],["0041400203",50,4,0,1,"5:23 PM","6:44","Porter REBOUND (Off:0 Def:1)",null,null,null,null],["0041400203",51,2,1,1,"5:23 PM","6:21","MISS Beal 5' Jump Shot",null,"Horford BLOCK (1 BLK)",null,null],["0041400203",52,4,0,1,"5:23 PM","6:20",null,null,"Korver REBOUND (Off:0 Def:2)",null,null],["0041400203",53,2,1,1,"5:23 PM","6:16",null,null,"MISS Teague 10' Jump Shot",null,null],["0041400203",54,4,0,1,"5:23 PM","6:15",null,null,"Teague REBOUND (Off:1 Def:0)",null,null],["0041400203",55,1,1,1,"5:23 PM","6:12",null,null,"Korver 28' 3PT Jump Shot (3 PTS) (Teague 1 AST)","7 - 11","4"],["0041400203",56,1,3,1,"5:24 PM","5:48","Gortat 12' Hook Shot (2 PTS) (Beal 3 AST)",null,null,"7 - 13","6"],["0041400203",57,2,1,1,"5:24 PM","5:35",null,null,"MISS Millsap 24' 3PT Jump Shot",null,null],["0041400203",58,4,0,1,"5:24 PM","5:33","Beal REBOUND (Off:0 Def:1)",null,null,null,null],["0041400203",59,1,1,1,"5:24 PM","5:23","Nene 21' Jump Shot (6 PTS) (Beal 4 AST)",null,null,"7 - 15","8"],["0041400203",60,2,1,1,"5:24 PM","5:09",null,null,"MISS Teague 19' Jump Shot",null,null],["0041400203",61,4,0,1,"5:24 PM","5:08",null,null,"Carroll REBOUND (Off:2 Def:0)",null,null],["0041400203",62,1,78,1,"5:24 PM","5:01",null,null,"Horford 4' Floating Jump Shot (2 PTS) (Korver 1 AST)","9 - 15","6"],["0041400203",63,1,1,1,"5:25 PM","4:40","Nene 14' Jump Shot (8 PTS) (Sessions 1 AST)",null,null,"9 - 17","8"],["0041400203",64,2,1,1,"5:25 PM","4:22",null,null,"MISS Horford 17' Jump Shot",null,null],["0041400203",65,4,0,1,"5:25 PM","4:21",null,null,"Horford REBOUND (Off:1 Def:1)",null,null],["0041400203",66,1,1,1,"5:25 PM","4:17",null,null,"Korver 27' 3PT Jump Shot (6 PTS) (Horford 1 AST)","12 - 17","5"],["0041400203",68,2,1,1,"5:25 PM","4:03","MISS Beal 27' 3PT Jump Shot",null,null,null,null],["0041400203",69,4,0,1,"5:25 PM","4:02",null,null,"Horford REBOUND (Off:1 Def:2)",null,null],["0041400203",70,1,42,1,"5:25 PM","3:52",null,null,"Teague 2' Driving Layup (2 PTS) (Horford 2 AST)","14 - 17","3"],["0041400203",71,9,1,1,"5:26 PM","3:52","WIZARDS Timeout: Regular (Full 1 Short 1)",null,null,null,null],["0041400203",73,8,0,1,"5:29 PM","3:52",null,null,"SUB: Muscala FOR Carroll",null,null],["0041400203",74,8,0,1,"5:29 PM","3:52",null,null,"SUB: Bazemore FOR Horford",null,null],["0041400203",75,8,0,1,"5:29 PM","3:52",null,null,"SUB: Schroder FOR Teague",null,null],["0041400203",76,8,0,1,"5:29 PM","3:52","SUB: Pierce FOR Nene",null,null,null,null],["0041400203",77,1,1,1,"5:29 PM","3:30","Porter 24' 3PT Jump Shot (3 PTS) (Beal 5 AST)",null,null,"14 - 20","6"],["0041400203",78,6,1,1,"5:30 PM","3:14","Sessions P.FOUL (P1.T3) (B.Salvatore)",null,null,null,null],["0041400203",79,8,0,1,"5:30 PM","3:14","SUB: Temple FOR Beal",null,null,null,null],["0041400203",80,5,2,1,"5:30 PM","3:04","Temple STEAL (1 STL)",null,"Korver Lost Ball Turnover (P2.T2)",null,null],["0041400203",81,6,2,1,"5:30 PM","3:02",null,null,"Muscala S.FOUL (P1.T2) (J.Crawford)",null,null],["0041400203",82,3,11,1,"5:31 PM","3:02","MISS Temple Free Throw 1 of 2",null,null,null,null],["0041400203",83,4,1,1,"5:31 PM","3:02","WIZARDS Rebound",null,null,null,null],["0041400203",84,3,12,1,"5:31 PM","3:02","Temple Free Throw 2 of 2 (1 PTS)",null,null,"14 - 21","7"],["0041400203",87,2,1,1,"5:31 PM","2:47",null,null,"MISS Millsap 13' Jump Shot",null,null],["0041400203",88,4,0,1,"5:31 PM","2:46","Porter REBOUND (Off:0 Def:2)",null,null,null,null],["0041400203",89,1,1,1,"5:31 PM","2:38","Sessions 27' 3PT Jump Shot (5 PTS) (Porter 1 AST)",null,null,"14 - 24","10"],["0041400203",90,5,1,1,"5:32 PM","2:23",null,null,"Millsap Bad Pass Turnover (P1.T3)",null,null],["0041400203",91,1,1,1,"5:32 PM","2:07","Pierce 20' Jump Shot (5 PTS) (Porter 2 AST)",null,null,"14 - 26","12"],["0041400203",92,1,1,1,"5:32 PM","1:48",null,null,"Muscala 3' Jump Shot (2 PTS) (Bazemore 1 AST)","16 - 26","10"],["0041400203",93,6,1,1,"5:33 PM","1:29",null,null,"Schroder P.FOUL (P1.T3) (J.Crawford)",null,null],["0041400203",94,8,0,1,"5:33 PM","1:29",null,null,"SUB: Horford FOR Muscala",null,null],["0041400203",95,8,0,1,"5:33 PM","1:29",null,null,"SUB: Carroll FOR Korver",null,null],["0041400203",97,2,1,1,"5:33 PM","1:19","MISS Sessions 20' Jump Shot",null,null,null,null],["0041400203",98,4,0,1,"5:33 PM","1:18","Porter REBOUND (Off:1 Def:2)",null,null,null,null],["0041400203",99,6,2,1,"5:33 PM","1:12",null,null,"Bazemore S.FOUL (P1.PN) (J.Crawford)",null,null],["0041400203",100,3,11,1,"5:34 PM","1:12","MISS Temple Free Throw 1 of 2",null,null,null,null],["0041400203",101,4,1,1,"5:34 PM","1:12","WIZARDS Rebound",null,null,null,null],["0041400203",102,3,12,1,"5:34 PM","1:12","MISS Temple Free Throw 2 of 2",null,null,null,null],["0041400203",104,4,0,1,"5:34 PM","1:12",null,null,"Bazemore REBOUND (Off:0 Def:1)",null,null],["0041400203",105,2,1,1,"5:34 PM","1:00",null,null,"MISS Schroder 13' Jump Shot",null,null],["0041400203",106,4,0,1,"5:34 PM","0:59","Pierce REBOUND (Off:0 Def:3)",null,null,null,null],["0041400203",107,6,2,1,"5:35 PM","0:55",null,null,"Schroder S.FOUL (P2.PN) (Z.Zarba)",null,null],["0041400203",108,3,11,1,"5:35 PM","0:55","Sessions Free Throw 1 of 2 (6 PTS)",null,null,"16 - 27","11"],["0041400203",110,3,12,1,"5:35 PM","0:55","Sessions Free Throw 2 of 2 (7 PTS)",null,null,"16 - 28","12"],["0041400203",112,1,75,1,"5:35 PM","0:45",null,null,"Bazemore 1' Driving Finger Roll Layup (2 PTS) (Horford 3 AST)","18 - 28","10"],["0041400203",114,2,1,1,"5:36 PM","0:30","MISS Pierce 5' Jump Shot",null,"Horford BLOCK (2 BLK)",null,null],["0041400203",115,4,0,1,"5:36 PM","0:29","WIZARDS Rebound",null,null,null,null],["0041400203",116,8,0,1,"5:36 PM","0:28",null,null,"SUB: Teague FOR Schroder",null,null],["0041400203",117,2,1,1,"5:36 PM","0:23","MISS Temple 5' Jump Shot",null,null,null,null],["0041400203",118,4,0,1,"5:36 PM","0:23",null,null,"Bazemore REBOUND (Off:0 Def:2)",null,null],["0041400203",119,6,4,1,"5:37 PM","0:03",null,null,"Millsap OFF.Foul (P1) (J.Crawford)",null,null],["0041400203",120,5,5,1,"5:37 PM","0:03",null,null,"Millsap Foul Turnover (P2.T4)",null,null],["0041400203",122,2,1,1,"5:37 PM","0:00","MISS Sessions 39' 3PT Jump Shot",null,null,null,null],["0041400203",123,4,0,1,"5:37 PM","0:00","WIZARDS Rebound",null,null,null,null],["0041400203",124,13,0,1,"5:37 PM","0:00",null,null,null,"18 - 28","10"],["0041400203",126,12,0,2,"5:41 PM","12:00",null,null,null,"18 - 28","10"],["0041400203",127,5,2,2,"5:41 PM","11:49","Beal Lost Ball Turnover (P1.T3)",null,"Korver STEAL (1 STL)",null,null],["0041400203",128,5,2,2,"5:41 PM","11:41","Gortat STEAL (1 STL)",null,"Korver Lost Ball Turnover (P3.T5)",null,null],["0041400203",129,1,42,2,"5:41 PM","11:37","Beal 1' Driving Layup (4 PTS)",null,null,"18 - 30","12"],["0041400203",130,5,11,2,"5:42 PM","11:09",null,null,"Hawks Turnover: Shot Clock (T#6)",null,null],["0041400203",131,8,0,2,"5:42 PM","11:09","SUB: Nene FOR Gortat",null,null,null,null],["0041400203",132,5,1,2,"5:43 PM","10:49","Bynum Bad Pass Turnover (P1.T4)",null,"Carroll STEAL (2 STL)",null,null],["0041400203",133,6,1,2,"5:43 PM","10:45","Bynum P.FOUL (P1.T1) (J.Crawford)",null,null,null,null],["0041400203",134,2,1,2,"5:43 PM","10:29",null,null,"MISS Teague 4' Jump Shot",null,null],["0041400203",135,4,0,2,"5:43 PM","10:28",null,null,"Hawks Rebound",null,null],["0041400203",136,2,1,2,"5:44 PM","10:19",null,null,"MISS Korver 16' Jump Shot",null,null],["0041400203",137,4,0,2,"5:44 PM","10:18","Nene REBOUND (Off:1 Def:1)",null,null,null,null],["0041400203",138,6,3,2,"5:44 PM","10:18",null,null,"Antic L.B.FOUL (P2.T1) (B.Salvatore)",null,null],["0041400203",140,2,1,2,"5:44 PM","10:06","MISS Bynum 21' Jump Shot",null,null,null,null],["0041400203",141,4,0,2,"5:44 PM","10:05",null,null,"Carroll REBOUND (Off:2 Def:1)",null,null],["0041400203",142,2,1,2,"5:45 PM","9:52",null,null,"MISS Carroll 25' 3PT Jump Shot",null,null],["0041400203",143,4,0,2,"5:45 PM","9:51","Nene REBOUND (Off:1 Def:2)",null,null,null,null],["0041400203",144,5,1,2,"5:45 PM","9:37","Beal Bad Pass Turnover (P2.T5)",null,null,null,null],["0041400203",145,1,78,2,"5:45 PM","9:25",null,null,"Carroll 4' Floating Jump Shot (6 PTS) (Horford 4 AST)","20 - 30","10"],["0041400203",146,2,1,2,"5:45 PM","9:06","MISS Pierce 27' 3PT Jump Shot",null,null,null,null],["0041400203",147,4,0,2,"5:45 PM","9:05","Nene REBOUND (Off:2 Def:2)",null,null,null,null],["0041400203",148,2,1,2,"5:46 PM","9:01","MISS Porter 27' 3PT Jump Shot",null,null,null,null],["0041400203",149,4,0,2,"5:46 PM","9:00","Beal REBOUND (Off:1 Def:1)",null,null,null,null],["0041400203",150,2,1,2,"5:46 PM","8:56","MISS Beal 3' Jump Shot",null,null,null,null],["0041400203",151,4,0,2,"5:46 PM","8:55",null,null,"Horford REBOUND (Off:1 Def:3)",null,null],["0041400203",152,2,1,2,"5:46 PM","8:45",null,null,"MISS Carroll 3' Jump Shot",null,null],["0041400203",153,4,0,2,"5:46 PM","8:44","Pierce REBOUND (Off:0 Def:4)",null,null,null,null],["0041400203",154,6,1,2,"5:46 PM","8:40",null,null,"Teague P.FOUL (P1.T2) (B.Salvatore)",null,null],["0041400203",155,9,4,2,"5:46 PM","8:40",null,null,null,null,null],["0041400203",157,8,0,2,"5:49 PM","8:40",null,null,"SUB: Millsap FOR Antic",null,null],["0041400203",158,2,1,2,"5:49 PM","8:33","MISS Pierce 3' Jump Shot",null,null,null,null],["0041400203",159,4,0,2,"5:49 PM","8:31",null,null,"Horford REBOUND (Off:1 Def:4)",null,null],["0041400203",160,2,5,2,"5:49 PM","8:27","Nene BLOCK (1 BLK)",null,"MISS Teague 2' Layup",null,null],["0041400203",161,4,0,2,"5:49 PM","8:24",null,null,"Millsap REBOUND (Off:1 Def:0)",null,null],["0041400203",162,6,1,2,"5:49 PM","8:17","Bynum P.FOUL (P2.T2) (Z.Zarba)",null,null,null,null],["0041400203",163,8,0,2,"5:49 PM","8:17","SUB: Gooden FOR Pierce",null,null,null,null],["0041400203",164,5,1,2,"5:50 PM","8:08",null,null,"Carroll Bad Pass Turnover (P1.T7)",null,null],["0041400203",166,2,1,2,"5:50 PM","7:56","MISS Porter 8' Jump Shot",null,null,null,null],["0041400203",167,4,0,2,"5:50 PM","7:55","Porter REBOUND (Off:2 Def:2)",null,null,null,null],["0041400203",168,1,74,2,"5:50 PM","7:52","Porter 2' Running Reverse Layup (5 PTS)",null,null,"20 - 32","12"],["0041400203",169,1,1,2,"5:51 PM","7:27",null,null,"Horford 15' Jump Shot (4 PTS) (Millsap 1 AST)","22 - 32","10"],["0041400203",170,1,75,2,"5:51 PM","7:09","Nene 2' Driving Finger Roll Layup (10 PTS) (Porter 3 AST)",null,null,"22 - 34","12"],["0041400203",171,1,5,2,"5:51 PM","6:53",null,null,"Millsap 3' Layup (2 PTS)","24 - 34","10"],["0041400203",172,6,2,2,"5:51 PM","6:53","Gooden S.FOUL (P1.T3) (J.Crawford)",null,null,null,null],["0041400203",173,8,0,2,"5:51 PM","6:53",null,null,"SUB: Scott FOR Horford",null,null],["0041400203",174,3,10,2,"5:51 PM","6:53",null,null,"MISS Millsap Free Throw 1 of 1",null,null],["0041400203",176,4,0,2,"5:52 PM","6:51","Gooden REBOUND (Off:0 Def:1)",null,null,null,null],["0041400203",178,1,1,2,"5:52 PM","6:32","Bynum 24' 3PT Jump Shot (3 PTS) (Beal 6 AST)",null,null,"24 - 37","13"],["0041400203",179,1,41,2,"5:52 PM","6:23",null,null,"Teague 3' Running Layup (4 PTS)","26 - 37","11"],["0041400203",180,6,2,2,"5:52 PM","6:23","Bynum S.FOUL (P3.T4) (B.Salvatore)",null,null,null,null],["0041400203",181,8,0,2,"5:52 PM","6:23",null,null,"SUB: Bazemore FOR Carroll",null,null],["0041400203",182,3,10,2,"5:52 PM","6:23",null,null,"Teague Free Throw 1 of 1 (5 PTS)","27 - 37","10"],["0041400203",184,1,42,2,"5:53 PM","6:07","Nene 1' Driving Layup (12 PTS)",null,null,"27 - 39","12"],["0041400203",185,6,2,2,"5:53 PM","6:07",null,null,"Millsap S.FOUL (P2.T3) (B.Salvatore)",null,null],["0041400203",186,8,0,2,"5:53 PM","6:07","SUB: Sessions FOR Bynum",null,null,null,null],["0041400203",187,9,1,2,"5:53 PM","6:07",null,null,"Hawks Timeout: Regular (Reg.2 Short 0)",null,null],["0041400203",189,3,10,2,"5:56 PM","6:07","Nene Free Throw 1 of 1 (13 PTS)",null,null,"27 - 40","13"],["0041400203",191,5,1,2,"5:57 PM","5:55","Nene STEAL (1 STL)",null,"Teague Bad Pass Turnover (P1.T8)",null,null],["0041400203",192,2,1,2,"5:57 PM","5:38","MISS Sessions  3PT Jump Shot",null,null,null,null],["0041400203",193,4,0,2,"5:57 PM","5:37",null,null,"Korver REBOUND (Off:0 Def:3)",null,null],["0041400203",194,1,82,2,"5:57 PM","5:26",null,null,"Scott 3' Driving Bank Shot (2 PTS) (Teague 2 AST)","29 - 40","11"],["0041400203",195,2,1,2,"5:58 PM","5:06","MISS Nene 16' Jump Shot",null,null,null,null],["0041400203",196,4,0,2,"5:58 PM","5:06",null,null,"Scott REBOUND (Off:0 Def:1)",null,null],["0041400203",197,2,5,2,"5:58 PM","4:46","Gooden BLOCK (1 BLK)",null,"MISS Teague 1' Layup",null,null],["0041400203",198,4,0,2,"5:58 PM","4:46",null,null,"Teague REBOUND (Off:2 Def:0)",null,null],["0041400203",199,6,2,2,"5:58 PM","4:46","Gooden S.FOUL (P2.PN) (J.Crawford)",null,null,null,null],["0041400203",200,3,11,2,"5:58 PM","4:46",null,null,"Teague Free Throw 1 of 2 (6 PTS)","30 - 40","10"],["0041400203",202,8,0,2,"5:58 PM","4:46","SUB: Gortat FOR Nene",null,null,null,null],["0041400203",203,8,0,2,"5:58 PM","4:46",null,null,"SUB: Carroll FOR Korver",null,null],["0041400203",204,8,0,2,"5:58 PM","4:46",null,null,"SUB: Horford FOR Millsap",null,null],["0041400203",205,3,12,2,"5:59 PM","4:46",null,null,"Teague Free Throw 2 of 2 (7 PTS)","31 - 40","9"],["0041400203",208,1,79,2,"5:59 PM","4:37","Beal 21' Pullup Jump Shot (6 PTS)",null,null,"31 - 42","11"],["0041400203",209,2,1,2,"5:59 PM","4:21",null,null,"MISS Horford 15' Jump Shot",null,null],["0041400203",210,4,0,2,"5:59 PM","4:20","Sessions REBOUND (Off:0 Def:1)",null,null,null,null],["0041400203",211,1,58,2,"5:59 PM","4:09","Gortat 3' Turnaround Hook Shot (4 PTS) (Beal 7 AST)",null,null,"31 - 44","13"],["0041400203",212,2,5,2,"6:00 PM","3:55",null,null,"MISS Bazemore 1' Layup",null,null],["0041400203",213,4,0,2,"6:00 PM","3:53","Porter REBOUND (Off:2 Def:3)",null,null,null,null],["0041400203",214,6,14,2,"6:00 PM","3:51",null,null,"Teague FLAGRANT.FOUL.TYPE1 (P2.T4) (J.Crawford)",null,null],["0041400203",215,18,0,2,"6:01 PM","3:51",null,null,null,null,null],["0041400203",216,3,18,2,"6:01 PM","3:51","Beal Free Throw Flagrant 1 of 2 (7 PTS)",null,null,"31 - 45","14"],["0041400203",218,3,19,2,"6:02 PM","3:51","Beal Free Throw Flagrant 2 of 2 (8 PTS)",null,null,"31 - 46","15"],["0041400203",220,8,0,2,"6:02 PM","3:51",null,null,"SUB: Schroder FOR Teague",null,null],["0041400203",222,1,1,2,"6:02 PM","3:41","Porter  3PT Jump Shot (8 PTS) (Sessions 2 AST)",null,null,"31 - 49","18"],["0041400203",223,9,2,2,"6:02 PM","3:40",null,null,"Hawks Timeout: Short (Reg.2 Short 1)",null,null],["0041400203",224,8,0,2,"6:03 PM","3:40",null,null,"SUB: Korver FOR Bazemore",null,null],["0041400203",225,1,44,2,"6:04 PM","3:30",null,null,"Horford 2' Reverse Layup (6 PTS) (Schroder 1 AST)","33 - 49","16"],["0041400203",226,2,1,2,"6:04 PM","3:12","MISS Beal 26' 3PT Jump Shot",null,null,null,null],["0041400203",227,4,0,2,"6:04 PM","3:11",null,null,"Carroll REBOUND (Off:2 Def:2)",null,null],["0041400203",228,6,1,2,"6:04 PM","3:10","Gooden P.FOUL (P3.PN) (Z.Zarba)",null,null,null,null],["0041400203",229,3,11,2,"6:04 PM","3:10",null,null,"Carroll Free Throw 1 of 2 (7 PTS)","34 - 49","15"],["0041400203",231,8,0,2,"6:05 PM","3:10","SUB: Pierce FOR Gooden",null,null,null,null],["0041400203",232,8,0,2,"6:05 PM","3:10",null,null,"SUB: Millsap FOR Scott",null,null],["0041400203",233,3,12,2,"6:05 PM","3:10",null,null,"Carroll Free Throw 2 of 2 (8 PTS)","35 - 49","14"],["0041400203",236,1,1,2,"6:05 PM","2:54","Gortat 14' Jump Shot (6 PTS) (Pierce 1 AST)",null,null,"35 - 51","16"],["0041400203",237,6,2,2,"6:06 PM","2:36","Pierce S.FOUL (P2.PN) (Z.Zarba)",null,null,null,null],["0041400203",238,9,1,2,"6:06 PM","2:36","WIZARDS Timeout: Regular (Full 2 Short 1)",null,null,null,null],["0041400203",241,8,0,2,"6:08 PM","2:36",null,null,"SUB: Teague FOR Schroder",null,null],["0041400203",242,3,11,2,"6:08 PM","2:36",null,null,"Millsap Free Throw 1 of 2 (3 PTS)","36 - 51","15"],["0041400203",244,3,12,2,"6:09 PM","2:36",null,null,"MISS Millsap Free Throw 2 of 2",null,null],["0041400203",246,4,0,2,"6:09 PM","2:35","Pierce REBOUND (Off:0 Def:5)",null,null,null,null],["0041400203",247,1,1,2,"6:09 PM","2:21","Pierce 27' 3PT Jump Shot (8 PTS) (Sessions 3 AST)",null,null,"36 - 54","18"],["0041400203",248,1,5,2,"6:09 PM","2:09",null,null,"Horford 2' Layup (8 PTS) (Teague 3 AST)","38 - 54","16"],["0041400203",249,1,58,2,"6:10 PM","1:44","Gortat 8' Turnaround Hook Shot (8 PTS)",null,null,"38 - 56","18"],["0041400203",250,2,1,2,"6:10 PM","1:33","Gortat BLOCK (3 BLK)",null,"MISS Teague 7' Jump Shot",null,null],["0041400203",251,4,0,2,"6:10 PM","1:33",null,null,"Hawks Rebound",null,null],["0041400203",252,1,1,2,"6:10 PM","1:30",null,null,"Carroll 18' Jump Shot (10 PTS) (Korver 2 AST)","40 - 56","16"],["0041400203",253,2,1,2,"6:10 PM","1:15","MISS Pierce 24' 3PT Jump Shot",null,null,null,null],["0041400203",254,4,0,2,"6:10 PM","1:14",null,null,"Horford REBOUND (Off:1 Def:5)",null,null],["0041400203",255,8,0,2,"6:11 PM","1:04","SUB: Nene FOR Pierce",null,null,null,null],["0041400203",256,10,0,2,"6:11 PM","1:03","Jump Ball Porter vs. Horford: Tip to",null,null,null,null],["0041400203",258,6,4,2,"6:11 PM","0:56",null,null,"Horford OFF.Foul (P1) (B.Salvatore)",null,null],["0041400203",259,5,5,2,"6:11 PM","0:56",null,null,"Horford Foul Turnover (P1.T9)",null,null],["0041400203",261,2,1,2,"6:12 PM","0:41","MISS Porter 27' 3PT Jump Shot",null,null,null,null],["0041400203",262,4,0,2,"6:12 PM","0:40",null,null,"Korver REBOUND (Off:0 Def:4)",null,null],["0041400203",263,1,1,2,"6:12 PM","0:26",null,null,"Millsap 27' 3PT Jump Shot (6 PTS) (Teague 4 AST)","43 - 56","13"],["0041400203",264,2,5,2,"6:12 PM","0:07","MISS Sessions 1' Layup",null,"Millsap BLOCK (1 BLK)",null,null],["0041400203",265,4,0,2,"6:13 PM","0:05",null,null,"Millsap REBOUND (Off:1 Def:1)",null,null],["0041400203",266,2,1,2,"6:13 PM","0:01",null,null,"MISS Horford 10' Jump Shot",null,null],["0041400203",267,4,0,2,"6:13 PM","0:00",null,null,"Hawks Rebound",null,null],["0041400203",268,13,0,2,"6:13 PM","0:00",null,null,null,"43 - 56","13"],["0041400203",270,12,0,3,"6:30 PM","12:00",null,null,null,"43 - 56","13"],["0041400203",271,2,1,3,"6:30 PM","11:42","MISS Pierce 25' 3PT Jump Shot",null,null,null,null],["0041400203",272,4,0,3,"6:30 PM","11:41",null,null,"Teague REBOUND (Off:2 Def:1)",null,null],["0041400203",273,1,1,3,"6:30 PM","11:23",null,null,"Horford 22' Jump Shot (10 PTS) (Teague 5 AST)","45 - 56","11"],["0041400203",274,1,1,3,"6:31 PM","11:06","Gortat 4' Jump Shot (10 PTS) (Nene 1 AST)",null,null,"45 - 58","13"],["0041400203",275,2,1,3,"6:31 PM","10:42",null,null,"MISS Carroll 16' Jump Shot",null,null],["0041400203",276,4,0,3,"6:31 PM","10:41","Gortat REBOUND (Off:0 Def:5)",null,null,null,null],["0041400203",278,2,1,3,"6:32 PM","10:18","MISS Gortat 15' Jump Shot",null,null,null,null],["0041400203",279,4,0,3,"6:32 PM","10:17","Nene REBOUND (Off:3 Def:2)",null,null,null,null],["0041400203",280,1,1,3,"6:32 PM","10:14","Beal 26' 3PT Jump Shot (11 PTS) (Nene 2 AST)",null,null,"45 - 61","16"],["0041400203",281,1,1,3,"6:32 PM","10:03",null,null,"Horford 21' Jump Shot (12 PTS) (Teague 6 AST)","47 - 61","14"],["0041400203",282,6,2,3,"6:32 PM","9:47",null,null,"Teague S.FOUL (P3.T1) (J.Crawford)",null,null],["0041400203",283,3,11,3,"6:32 PM","9:47","MISS Sessions Free Throw 1 of 2",null,null,null,null],["0041400203",284,4,1,3,"6:32 PM","9:47","WIZARDS Rebound",null,null,null,null],["0041400203",285,3,12,3,"6:33 PM","9:47","Sessions Free Throw 2 of 2 (8 PTS)",null,null,"47 - 62","15"],["0041400203",288,6,1,3,"6:33 PM","9:42","Beal P.FOUL (P1.T1) (B.Salvatore)",null,null,null,null],["0041400203",289,2,1,3,"6:33 PM","9:32",null,null,"MISS Millsap 3' Jump Shot",null,null],["0041400203",290,4,0,3,"6:33 PM","9:31","Nene REBOUND (Off:3 Def:3)",null,null,null,null],["0041400203",291,5,2,3,"6:34 PM","9:27","Sessions Lost Ball Turnover (P3.T6)",null,"Teague STEAL (2 STL)",null,null],["0041400203",292,1,41,3,"6:34 PM","9:23",null,null,"Teague 1' Running Layup (9 PTS)","49 - 62","13"],["0041400203",293,2,1,3,"6:34 PM","9:11","MISS Beal  3PT Jump Shot",null,null,null,null],["0041400203",294,4,0,3,"6:34 PM","9:10",null,null,"Horford REBOUND (Off:1 Def:6)",null,null],["0041400203",295,1,5,3,"6:34 PM","9:04",null,null,"Teague  Layup (11 PTS)","51 - 62","11"],["0041400203",296,2,1,3,"6:34 PM","8:43","MISS Beal 12' Jump Shot",null,null,null,null],["0041400203",297,4,0,3,"6:34 PM","8:41",null,null,"Horford REBOUND (Off:1 Def:7)",null,null],["0041400203",298,2,1,3,"6:34 PM","8:34",null,null,"MISS Teague 26' 3PT Jump Shot",null,null],["0041400203",299,4,0,3,"6:34 PM","8:33","Gortat REBOUND (Off:0 Def:6)",null,null,null,null],["0041400203",301,1,1,3,"6:35 PM","8:16","Pierce 27' 3PT Jump Shot (11 PTS) (Nene 3 AST)",null,null,"51 - 65","14"],["0041400203",302,6,1,3,"6:35 PM","8:09","Gortat P.FOUL (P1.T2) (J.Crawford)",null,null,null,null],["0041400203",303,6,2,3,"6:36 PM","7:58","Nene S.FOUL (P2.T3) (Z.Zarba)",null,null,null,null],["0041400203",304,3,11,3,"6:36 PM","7:58",null,null,"Millsap Free Throw 1 of 2 (7 PTS)","52 - 65","13"],["0041400203",306,8,0,3,"6:36 PM","7:58",null,null,"SUB: Antic FOR Horford",null,null],["0041400203",307,3,12,3,"6:36 PM","7:58",null,null,"Millsap Free Throw 2 of 2 (8 PTS)","53 - 65","12"],["0041400203",310,2,1,3,"6:37 PM","7:41","MISS Sessions 28' 3PT Jump Shot",null,null,null,null],["0041400203",311,4,0,3,"6:37 PM","7:40","WIZARDS Rebound",null,null,null,null],["0041400203",312,6,3,3,"6:37 PM","7:40",null,null,"Millsap L.B.FOUL (P3.T2) (B.Salvatore)",null,null],["0041400203",313,8,0,3,"6:37 PM","7:40",null,null,"SUB: Horford FOR Millsap",null,null],["0041400203",314,6,1,3,"6:37 PM","7:33",null,null,"Korver P.FOUL (P1.T3) (Z.Zarba)",null,null],["0041400203",315,6,1,3,"6:38 PM","7:31",null,null,"Korver P.FOUL (P2.T4) (J.Crawford)",null,null],["0041400203",316,5,40,3,"6:38 PM","7:24","Pierce Out of Bounds Lost Ball Turnover (P1.T7)",null,null,null,null],["0041400203",317,1,41,3,"6:38 PM","7:20",null,null,"Carroll 1' Running Layup (12 PTS) (Teague 7 AST)","55 - 65","10"],["0041400203",318,5,1,3,"6:39 PM","7:06","Beal Bad Pass Turnover (P3.T8)",null,"Teague STEAL (3 STL)",null,null],["0041400203",319,6,2,3,"6:39 PM","7:04","Beal S.FOUL (P2.T4) (B.Salvatore)",null,null,null,null],["0041400203",320,6,11,3,"6:39 PM","7:04",null,null,"Teague T.FOUL (P3.T4) (B.Salvatore)",null,null],["0041400203",321,3,16,3,"6:39 PM","7:04","Beal Free Throw Technical (12 PTS)",null,null,"55 - 66","11"],["0041400203",323,3,11,3,"6:40 PM","7:04",null,null,"Teague Free Throw 1 of 2 (12 PTS)","56 - 66","10"],["0041400203",325,3,12,3,"6:40 PM","7:04",null,null,"Teague Free Throw 2 of 2 (13 PTS)","57 - 66","9"],["0041400203",328,1,1,3,"6:41 PM","6:51","Beal 26' 3PT Jump Shot (15 PTS) (Sessions 4 AST)",null,null,"57 - 69","12"],["0041400203",329,6,1,3,"6:41 PM","6:42","Nene P.FOUL (P3.PN) (J.Crawford)",null,null,null,null],["0041400203",330,3,11,3,"6:41 PM","6:42",null,null,"MISS Antic Free Throw 1 of 2",null,null],["0041400203",331,4,1,3,"6:41 PM","6:42",null,null,"Hawks Rebound",null,null],["0041400203",332,3,12,3,"6:41 PM","6:42",null,null,"Antic Free Throw 2 of 2 (1 PTS)","58 - 69","11"],["0041400203",334,6,1,3,"6:42 PM","6:31",null,null,"Antic P.FOUL (P3.PN) (J.Crawford)",null,null],["0041400203",335,3,11,3,"6:42 PM","6:31","Nene Free Throw 1 of 2 (14 PTS)",null,null,"58 - 70","12"],["0041400203",337,8,0,3,"6:42 PM","6:31","SUB: Porter FOR Pierce",null,null,null,null],["0041400203",338,3,12,3,"6:42 PM","6:31","MISS Nene Free Throw 2 of 2",null,null,null,null],["0041400203",340,4,0,3,"6:43 PM","6:30",null,null,"Horford REBOUND (Off:1 Def:8)",null,null],["0041400203",341,2,1,3,"6:43 PM","6:18",null,null,"MISS Carroll 9' Jump Shot",null,null],["0041400203",342,4,0,3,"6:43 PM","6:17","Sessions REBOUND (Off:0 Def:2)",null,null,null,null],["0041400203",343,1,44,3,"6:43 PM","6:03","Porter 2' Reverse Layup (10 PTS) (Nene 4 AST)",null,null,"58 - 72","14"],["0041400203",345,9,1,3,"6:43 PM","5:45","WIZARDS Timeout: Regular (Full 3 Short 1)",null,null,null,null],["0041400203",347,2,1,3,"6:47 PM","5:37",null,null,"MISS Teague 6' Jump Shot",null,null],["0041400203",348,4,0,3,"6:47 PM","5:36",null,null,"Horford REBOUND (Off:2 Def:8)",null,null],["0041400203",349,5,1,3,"6:47 PM","5:29","Porter STEAL (1 STL)",null,"Teague Bad Pass Turnover (P2.T10)",null,null],["0041400203",350,2,5,3,"6:47 PM","5:21","MISS Sessions  Layup",null,null,null,null],["0041400203",351,4,0,3,"6:47 PM","5:19",null,null,"Antic REBOUND (Off:0 Def:1)",null,null],["0041400203",352,6,2,3,"6:47 PM","5:16","Porter S.FOUL (P1.PN) (B.Salvatore)",null,null,null,null],["0041400203",353,3,11,3,"6:47 PM","5:16",null,null,"MISS Teague Free Throw 1 of 2",null,null],["0041400203",354,4,1,3,"6:47 PM","5:16",null,null,"Hawks Rebound",null,null],["0041400203",355,8,0,3,"6:48 PM","5:16","SUB: Gooden FOR Nene",null,null,null,null],["0041400203",356,8,0,3,"6:48 PM","5:16",null,null,"SUB: Bazemore FOR Korver",null,null],["0041400203",357,8,0,3,"6:48 PM","5:16",null,null,"SUB: Millsap FOR Horford",null,null],["0041400203",358,3,12,3,"6:48 PM","5:16",null,null,"Teague Free Throw 2 of 2 (14 PTS)","59 - 72","13"],["0041400203",361,2,5,3,"6:48 PM","5:01","MISS Porter 1' Layup",null,null,null,null],["0041400203",362,4,0,3,"6:48 PM","5:00",null,null,"Hawks Rebound",null,null],["0041400203",363,6,4,3,"6:49 PM","4:53",null,null,"Millsap OFF.Foul (P4) (J.Crawford)",null,null],["0041400203",364,5,5,3,"6:49 PM","4:53",null,null,"Millsap Foul Turnover (P3.T11)",null,null],["0041400203",367,6,1,3,"6:50 PM","4:39",null,null,"Antic P.FOUL (P4.PN) (Z.Zarba)",null,null],["0041400203",368,3,11,3,"6:50 PM","4:39","Gortat Free Throw 1 of 2 (11 PTS)",null,null,"59 - 73","14"],["0041400203",370,3,12,3,"6:50 PM","4:39","Gortat Free Throw 2 of 2 (12 PTS)",null,null,"59 - 74","15"],["0041400203",373,1,41,3,"6:50 PM","4:33",null,null,"Teague 2' Running Layup (16 PTS)","61 - 74","13"],["0041400203",374,1,1,3,"6:50 PM","4:16","Gooden 22' Jump Shot (2 PTS) (Sessions 5 AST)",null,null,"61 - 76","15"],["0041400203",375,2,1,3,"6:51 PM","3:51",null,null,"MISS Millsap 26' 3PT Jump Shot",null,null],["0041400203",376,4,0,3,"6:51 PM","3:50","Sessions REBOUND (Off:0 Def:3)",null,null,null,null],["0041400203",377,1,88,3,"6:51 PM","3:44","Porter  Driving Slam Dunk (12 PTS) (Beal 8 AST)",null,null,"61 - 78","17"],["0041400203",378,9,1,3,"6:51 PM","3:43",null,null,"Hawks Timeout: Regular (Reg.3 Short 1)",null,null],["0041400203",380,8,0,3,"6:54 PM","3:43",null,null,"SUB: Schroder FOR Teague",null,null],["0041400203",381,1,75,3,"6:55 PM","3:31",null,null,"Schroder 2' Driving Finger Roll Layup (2 PTS) (Millsap 2 AST)","63 - 78","15"],["0041400203",382,5,1,3,"6:55 PM","3:20","Gooden Bad Pass Turnover (P1.T9)",null,"Millsap STEAL (1 STL)",null,null],["0041400203",383,1,41,3,"6:55 PM","3:15",null,null,"Carroll 1' Running Layup (14 PTS) (Bazemore 2 AST)","65 - 78","13"],["0041400203",384,1,73,3,"6:55 PM","2:51","Porter 2' Driving Reverse Layup (14 PTS) (Gortat 2 AST)",null,null,"65 - 80","15"],["0041400203",385,2,1,3,"6:56 PM","2:33",null,null,"MISS Schroder 26' 3PT Jump Shot",null,null],["0041400203",386,4,0,3,"6:56 PM","2:32","Gortat REBOUND (Off:0 Def:7)",null,null,null,null],["0041400203",387,2,1,3,"6:56 PM","2:15","MISS Porter 24' 3PT Jump Shot",null,null,null,null],["0041400203",388,4,0,3,"6:56 PM","2:14",null,null,"Bazemore REBOUND (Off:0 Def:3)",null,null],["0041400203",389,6,1,3,"6:56 PM","1:57","Beal P.FOUL (P3.PN) (Z.Zarba)",null,null,null,null],["0041400203",390,3,11,3,"6:56 PM","1:57",null,null,"MISS Bazemore Free Throw 1 of 2",null,null],["0041400203",391,4,1,3,"6:56 PM","1:57",null,null,"Hawks Rebound",null,null],["0041400203",392,8,0,3,"6:57 PM","1:57",null,null,"SUB: Korver FOR Carroll",null,null],["0041400203",393,8,0,3,"6:57 PM","1:57","SUB: Temple FOR Beal",null,null,null,null],["0041400203",394,3,12,3,"6:57 PM","1:57",null,null,"MISS Bazemore Free Throw 2 of 2",null,null],["0041400203",396,4,0,3,"6:57 PM","1:56","Gooden REBOUND (Off:0 Def:2)",null,null,null,null],["0041400203",398,1,1,3,"6:57 PM","1:40","Gooden 27' 3PT Jump Shot (5 PTS) (Sessions 6 AST)",null,null,"65 - 83","18"],["0041400203",399,2,1,3,"6:57 PM","1:25",null,null,"MISS Antic 25' 3PT Jump Shot",null,null],["0041400203",400,4,0,3,"6:57 PM","1:25","WIZARDS Rebound",null,null,null,null],["0041400203",401,2,1,3,"6:58 PM","1:02","MISS Gooden  3PT Jump Shot",null,null,null,null],["0041400203",402,4,0,3,"6:58 PM","1:00",null,null,"Bazemore REBOUND (Off:0 Def:4)",null,null],["0041400203",403,6,1,3,"6:58 PM","0:52","Gortat P.FOUL (P2.PN) (B.Salvatore)",null,null,null,null],["0041400203",404,3,11,3,"6:58 PM","0:52",null,null,"Bazemore Free Throw 1 of 2 (3 PTS)","66 - 83","17"],["0041400203",406,8,0,3,"6:59 PM","0:52",null,null,"SUB: Horford FOR Antic",null,null],["0041400203",407,8,0,3,"6:59 PM","0:52",null,null,"SUB: Scott FOR Millsap",null,null],["0041400203",408,8,0,3,"6:59 PM","0:52","SUB: Bynum FOR Sessions",null,null,null,null],["0041400203",409,3,12,3,"6:59 PM","0:52",null,null,"MISS Bazemore Free Throw 2 of 2",null,null],["0041400203",411,4,0,3,"6:59 PM","0:50","Porter REBOUND (Off:2 Def:4)",null,null,null,null],["0041400203",412,6,1,3,"6:59 PM","0:32",null,null,"Schroder P.FOUL (P3.PN) (Z.Zarba)",null,null],["0041400203",413,3,11,3,"7:00 PM","0:32","Temple Free Throw 1 of 2 (2 PTS)",null,null,"66 - 84","18"],["0041400203",415,3,12,3,"7:00 PM","0:32","Temple Free Throw 2 of 2 (3 PTS)",null,null,"66 - 85","19"],["0041400203",418,2,1,3,"7:01 PM","0:10",null,null,"MISS Schroder 4' Jump Shot",null,null],["0041400203",419,4,0,3,"7:01 PM","0:09","Gooden REBOUND (Off:0 Def:3)",null,null,null,null],["0041400203",420,5,1,3,"7:01 PM","0:07","Gooden Bad Pass Turnover (P2.T10)",null,"Scott STEAL (1 STL)",null,null],["0041400203",421,2,1,3,"7:01 PM","0:01",null,null,"MISS Horford 14' Jump Shot",null,null],["0041400203",422,4,0,3,"7:01 PM","0:00",null,null,"Hawks Rebound",null,null],["0041400203",423,13,0,3,"7:01 PM","0:00",null,null,null,"66 - 85","19"],["0041400203",425,12,0,4,"7:05 PM","12:00",null,null,null,"66 - 85","19"],["0041400203",426,2,1,4,"7:05 PM","11:44",null,null,"MISS Scott 25' 3PT Jump Shot",null,null],["0041400203",427,4,0,4,"7:05 PM","11:43","Porter REBOUND (Off:2 Def:5)",null,null,null,null],["0041400203",428,2,1,4,"7:05 PM","11:20","MISS Bynum 24' 3PT Jump Shot",null,null,null,null],["0041400203",429,4,0,4,"7:05 PM","11:19",null,null,"Schroder REBOUND (Off:0 Def:1)",null,null],["0041400203",430,6,2,4,"7:06 PM","11:08","Gortat S.FOUL (P3.T1) (J.Crawford)",null,null,null,null],["0041400203",431,3,11,4,"7:06 PM","11:08",null,null,"Schroder Free Throw 1 of 2 (3 PTS)","67 - 85","18"],["0041400203",433,8,0,4,"7:06 PM","11:08",null,null,"SUB: Muscala FOR Horford",null,null],["0041400203",434,8,0,4,"7:06 PM","11:08","SUB: Nene FOR Gortat",null,null,null,null],["0041400203",435,3,12,4,"7:06 PM","11:08",null,null,"Schroder Free Throw 2 of 2 (4 PTS)","68 - 85","17"],["0041400203",437,6,1,4,"7:07 PM","10:55",null,null,"Korver P.FOUL (P3.T1) (B.Salvatore)",null,null],["0041400203",438,6,2,4,"7:08 PM","10:43",null,null,"Teague S.FOUL (P4.T2) (J.Crawford)",null,null],["0041400203",439,3,11,4,"7:08 PM","10:43","Bynum Free Throw 1 of 2 (4 PTS)",null,null,"68 - 86","18"],["0041400203",441,3,12,4,"7:08 PM","10:43","Bynum Free Throw 2 of 2 (5 PTS)",null,null,"68 - 87","19"],["0041400203",445,7,5,4,"7:09 PM","10:34","Nene Violation:Kicked Ball (J.Crawford)",null,null,null,null],["0041400203",446,1,76,4,"7:09 PM","10:28",null,null,"Schroder 1' Running Finger Roll Layup (6 PTS)","70 - 87","17"],["0041400203",447,6,2,4,"7:09 PM","10:10",null,null,"Scott S.FOUL (P1.T3) (J.Crawford)",null,null],["0041400203",448,3,11,4,"7:09 PM","10:10","MISS Nene Free Throw 1 of 2",null,null,null,null],["0041400203",449,4,1,4,"7:09 PM","10:10","WIZARDS Rebound",null,null,null,null],["0041400203",450,3,12,4,"7:10 PM","10:10","MISS Nene Free Throw 2 of 2",null,null,null,null],["0041400203",452,4,0,4,"7:10 PM","10:08","Nene REBOUND (Off:4 Def:3)",null,null,null,null],["0041400203",453,1,5,4,"7:10 PM","10:06","Nene 2' Layup (16 PTS)",null,null,"70 - 89","19"],["0041400203",454,2,5,4,"7:10 PM","10:00",null,null,"MISS Teague 1' Layup",null,null],["0041400203",455,4,0,4,"7:10 PM","9:58","Gooden REBOUND (Off:0 Def:4)",null,null,null,null],["0041400203",456,1,41,4,"7:10 PM","9:54","Bynum 1' Running Layup (7 PTS)",null,null,"70 - 91","21"],["0041400203",457,6,2,4,"7:10 PM","9:54",null,null,"Muscala S.FOUL (P2.T4) (Z.Zarba)",null,null],["0041400203",458,9,1,4,"7:11 PM","9:54",null,null,"Hawks Timeout: Regular (Reg.4 Short 1)",null,null],["0041400203",460,3,10,4,"7:13 PM","9:54","MISS Bynum Free Throw 1 of 1",null,null,null,null],["0041400203",462,4,0,4,"7:14 PM","9:53",null,null,"Muscala REBOUND (Off:0 Def:1)",null,null],["0041400203",463,6,1,4,"7:14 PM","9:41","Porter P.FOUL (P2.T2) (Z.Zarba)",null,null,null,null],["0041400203",464,1,5,4,"7:14 PM","9:35",null,null,"Muscala 1' Layup (4 PTS) (Schroder 2 AST)","72 - 91","19"],["0041400203",465,2,1,4,"7:15 PM","9:17","MISS Porter 27' 3PT Jump Shot",null,null,null,null],["0041400203",466,4,0,4,"7:15 PM","9:16",null,null,"Muscala REBOUND (Off:0 Def:2)",null,null],["0041400203",467,2,1,4,"7:15 PM","9:04",null,null,"MISS Muscala 29' 3PT Jump Shot",null,null],["0041400203",468,4,0,4,"7:15 PM","9:02","Temple REBOUND (Off:0 Def:1)",null,null,null,null],["0041400203",469,5,2,4,"7:15 PM","8:53","Temple Lost Ball Turnover (P1.T11)",null,"Schroder STEAL (1 STL)",null,null],["0041400203",470,2,5,4,"7:15 PM","8:48",null,null,"MISS Schroder 2' Layup",null,null],["0041400203",471,4,0,4,"7:15 PM","8:46","Gooden REBOUND (Off:0 Def:5)",null,null,null,null],["0041400203",472,2,5,4,"7:15 PM","8:29","MISS Bynum 2' Layup",null,null,null,null],["0041400203",473,4,0,4,"7:15 PM","8:27",null,null,"Teague REBOUND (Off:2 Def:2)",null,null],["0041400203",474,6,2,4,"7:16 PM","8:25","Temple S.FOUL (P1.T3) (J.Crawford)",null,null,null,null],["0041400203",475,3,11,4,"7:16 PM","8:25",null,null,"Teague Free Throw 1 of 2 (17 PTS)","73 - 91","18"],["0041400203",477,8,0,4,"7:16 PM","8:25",null,null,"SUB: Bazemore FOR Korver",null,null],["0041400203",478,8,0,4,"7:16 PM","8:25","SUB: Beal FOR Temple",null,null,null,null],["0041400203",479,3,12,4,"7:16 PM","8:25",null,null,"Teague Free Throw 2 of 2 (18 PTS)","74 - 91","17"],["0041400203",482,6,2,4,"7:17 PM","8:08",null,null,"Scott S.FOUL (P2.PN) (J.Crawford)",null,null],["0041400203",483,3,11,4,"7:17 PM","8:08","MISS Nene Free Throw 1 of 2",null,null,null,null],["0041400203",484,4,1,4,"7:17 PM","8:08","WIZARDS Rebound",null,null,null,null],["0041400203",485,8,0,4,"7:17 PM","8:08","SUB: Pierce FOR Gooden",null,null,null,null],["0041400203",486,3,12,4,"7:17 PM","8:08","Nene Free Throw 2 of 2 (17 PTS)",null,null,"74 - 92","18"],["0041400203",488,2,1,4,"7:18 PM","8:00",null,null,"MISS Schroder 17' Jump Shot",null,null],["0041400203",489,4,0,4,"7:18 PM","7:59","Pierce REBOUND (Off:0 Def:6)",null,null,null,null],["0041400203",490,1,5,4,"7:18 PM","7:38","Porter 1' Layup (16 PTS) (Bynum 1 AST)",null,null,"74 - 94","20"],["0041400203",491,1,75,4,"7:18 PM","7:22",null,null,"Schroder  Driving Finger Roll Layup (8 PTS)","76 - 94","18"],["0041400203",494,8,0,4,"7:19 PM","7:03",null,null,"SUB: Jenkins FOR Schroder",null,null],["0041400203",495,8,0,4,"7:19 PM","7:03",null,null,"SUB: Mack FOR Teague",null,null],["0041400203",496,5,13,4,"7:19 PM","7:01","Beal Backcourt Turnover (P4.T12)",null,null,null,null],["0041400203",497,1,41,4,"7:20 PM","6:44",null,null,"Bazemore 2' Running Layup (5 PTS)","78 - 94","16"],["0041400203",498,2,1,4,"7:20 PM","6:20","MISS Bynum 15' Jump Shot",null,null,null,null],["0041400203",499,4,0,4,"7:20 PM","6:19",null,null,"Scott REBOUND (Off:0 Def:2)",null,null],["0041400203",500,1,79,4,"7:20 PM","6:13",null,null,"Scott 26' 3PT Pullup Jump Shot (5 PTS) (Mack 1 AST)","81 - 94","13"],["0041400203",501,9,1,4,"7:20 PM","6:11","WIZARDS Timeout: Regular (Full 4 Short 1)",null,null,null,null],["0041400203",503,8,0,4,"7:23 PM","6:11",null,null,"SUB: Schroder FOR Jenkins",null,null],["0041400203",504,8,0,4,"7:23 PM","6:11","SUB: Sessions FOR Bynum",null,null,null,null],["0041400203",505,2,1,4,"7:23 PM","5:48","MISS Pierce 16' Jump Shot",null,null,null,null],["0041400203",506,4,0,4,"7:23 PM","5:47",null,null,"Muscala REBOUND (Off:0 Def:3)",null,null],["0041400203",507,1,79,4,"7:24 PM","5:39",null,null,"Schroder 25' 3PT Pullup Jump Shot (11 PTS)","84 - 94","10"],["0041400203",508,2,1,4,"7:24 PM","5:10","MISS Pierce 28' 3PT Jump Shot",null,null,null,null],["0041400203",509,4,0,4,"7:24 PM","5:09",null,null,"Schroder REBOUND (Off:0 Def:2)",null,null],["0041400203",510,2,1,4,"7:24 PM","4:53",null,null,"MISS Mack 29' 3PT Jump Shot",null,null],["0041400203",511,4,0,4,"7:24 PM","4:52","Porter REBOUND (Off:2 Def:6)",null,null,null,null],["0041400203",512,2,1,4,"7:25 PM","4:35","MISS Sessions 5' Jump Shot",null,null,null,null],["0041400203",513,4,0,4,"7:25 PM","4:34","Beal REBOUND (Off:2 Def:1)",null,null,null,null],["0041400203",514,2,1,4,"7:25 PM","4:10","MISS Porter 8' Jump Shot",null,null,null,null],["0041400203",515,4,0,4,"7:25 PM","4:10","WIZARDS Rebound",null,null,null,null],["0041400203",516,5,11,4,"7:25 PM","4:10","WIZARDS Turnover: Shot Clock (T#13)",null,null,null,null],["0041400203",518,1,42,4,"7:26 PM","3:57",null,null,"Bazemore 2' Driving Layup (7 PTS) (Schroder 3 AST)","86 - 94","8"],["0041400203",519,2,5,4,"7:26 PM","3:42","MISS Sessions 2' Layup",null,null,null,null],["0041400203",520,4,0,4,"7:26 PM","3:42",null,null,"Hawks Rebound",null,null],["0041400203",521,8,0,4,"7:26 PM","3:42","SUB: Gortat FOR Nene",null,null,null,null],["0041400203",522,8,0,4,"7:26 PM","3:42",null,null,"SUB: Korver FOR Bazemore",null,null],["0041400203",523,1,1,4,"7:26 PM","3:34",null,null,"Scott 26' 3PT Jump Shot (8 PTS) (Schroder 4 AST)","89 - 94","5"],["0041400203",524,5,2,4,"7:27 PM","3:15","Beal Lost Ball Turnover (P5.T14)",null,"Mack STEAL (1 STL)",null,null],["0041400203",525,1,41,4,"7:27 PM","3:12",null,null,"Mack  Running Layup (2 PTS)","91 - 94","3"],["0041400203",526,9,1,4,"7:27 PM","3:12","WIZARDS Timeout: Regular (Full 5 Short 1)",null,null,null,null],["0041400203",528,1,1,4,"7:30 PM","2:55","Beal 16' Jump Shot (17 PTS) (Gortat 3 AST)",null,null,"91 - 96","5"],["0041400203",529,1,75,4,"7:31 PM","2:32",null,null,"Schroder  Driving Finger Roll Layup (13 PTS)","93 - 96","3"],["0041400203",530,2,1,4,"7:31 PM","2:05","MISS Beal 27' 3PT Jump Shot",null,null,null,null],["0041400203",531,4,0,4,"7:31 PM","2:04",null,null,"Scott REBOUND (Off:0 Def:3)",null,null],["0041400203",532,6,1,4,"7:31 PM","1:57","Pierce P.FOUL (P3.T4) (Z.Zarba)",null,null,null,null],["0041400203",533,2,1,4,"7:32 PM","1:49",null,null,"MISS Korver 26' 3PT Jump Shot",null,null],["0041400203",534,4,0,4,"7:32 PM","1:48","Pierce REBOUND (Off:0 Def:7)",null,null,null,null],["0041400203",535,1,96,4,"7:32 PM","1:25","Gortat 3' Turnaround Bank Hook Shot (14 PTS) (Porter 4 AST)",null,null,"93 - 98","5"],["0041400203",536,2,1,4,"7:32 PM","1:19",null,null,"MISS Schroder 27' 3PT Jump Shot",null,null],["0041400203",537,4,0,4,"7:32 PM","1:18",null,null,"Hawks Rebound",null,null],["0041400203",539,9,1,4,"7:32 PM","1:17",null,null,"Hawks Timeout: Regular (Reg.5 Short 1)",null,null],["0041400203",540,2,1,4,"7:35 PM","1:12",null,null,"MISS Scott 27' 3PT Jump Shot",null,null],["0041400203",541,4,0,4,"7:35 PM","1:11","Porter REBOUND (Off:2 Def:7)",null,null,null,null],["0041400203",542,6,1,4,"7:35 PM","1:11",null,null,"Mack P.FOUL (P1.PN) (B.Salvatore)",null,null],["0041400203",543,3,11,4,"7:35 PM","1:11","MISS Porter Free Throw 1 of 2",null,null,null,null],["0041400203",544,4,1,4,"7:35 PM","1:11","WIZARDS Rebound",null,null,null,null],["0041400203",545,3,12,4,"7:36 PM","1:11","Porter Free Throw 2 of 2 (17 PTS)",null,null,"93 - 99","6"],["0041400203",548,1,5,4,"7:36 PM","1:07",null,null,"Schroder 2' Layup (15 PTS)","95 - 99","4"],["0041400203",549,6,2,4,"7:36 PM","1:07","Gortat S.FOUL (P4.PN) (B.Salvatore)",null,null,null,null],["0041400203",550,3,10,4,"7:36 PM","1:07",null,null,"Schroder Free Throw 1 of 1 (16 PTS)","96 - 99","3"],["0041400203",552,2,1,4,"7:37 PM","0:44","MISS Porter 3' Jump Shot",null,null,null,null],["0041400203",553,4,0,4,"7:37 PM","0:43","Gortat REBOUND (Off:1 Def:7)",null,null,null,null],["0041400203",555,5,11,4,"7:37 PM","0:43","WIZARDS Turnover: Shot Clock (T#15)",null,null,null,null],["0041400203",556,9,2,4,"7:38 PM","0:43",null,null,"Hawks Timeout: Short (Reg.5 Short 2)",null,null],["0041400203",559,18,0,4,"7:39 PM","0:39",null,null,null,null,null],["0041400203",561,2,1,4,"7:42 PM","0:32",null,null,"MISS Korver 29' 3PT Jump Shot",null,null],["0041400203",562,4,0,4,"7:42 PM","0:31",null,null,"Scott REBOUND (Off:1 Def:3)",null,null],["0041400203",563,6,27,4,"7:43 PM","0:23","Pierce Personal Block Foul (P4.PN) (J.Crawford)",null,null,null,null],["0041400203",564,3,11,4,"7:43 PM","0:23",null,null,"Schroder Free Throw 1 of 2 (17 PTS)","97 - 99","2"],["0041400203",566,8,0,4,"7:43 PM","0:23",null,null,"SUB: Bazemore FOR Mack",null,null],["0041400203",567,8,0,4,"7:43 PM","0:23","SUB: Nene FOR Pierce",null,null,null,null],["0041400203",568,8,0,4,"7:43 PM","0:23",null,null,"SUB: Carroll FOR Scott",null,null],["0041400203",569,3,12,4,"7:44 PM","0:23",null,null,"Schroder Free Throw 2 of 2 (18 PTS)","98 - 99","1"],["0041400203",571,9,2,4,"7:44 PM","0:23","WIZARDS Timeout: Short (Full 5 Short 2)",null,null,null,null],["0041400203",573,8,0,4,"7:45 PM","0:23","SUB: Pierce FOR Nene",null,null,null,null],["0041400203",574,8,0,4,"7:45 PM","0:23","SUB: Bynum FOR Gortat",null,null,null,null],["0041400203",575,8,0,4,"7:45 PM","0:23",null,null,"SUB: Mack FOR Muscala",null,null],["0041400203",576,6,28,4,"7:45 PM","0:22",null,null,"Schroder Personal Take Foul (P4.PN) (B.Salvatore)",null,null],["0041400203",577,3,11,4,"7:46 PM","0:22","Bynum Free Throw 1 of 2 (8 PTS)",null,null,"98 - 100","2"],["0041400203",579,8,0,4,"7:46 PM","0:22",null,null,"SUB: Scott FOR Bazemore",null,null],["0041400203",580,8,0,4,"7:46 PM","0:22","SUB: Gortat FOR Pierce",null,null,null,null],["0041400203",581,8,0,4,"7:46 PM","0:22",null,null,"SUB: Muscala FOR Carroll",null,null],["0041400203",582,3,12,4,"7:46 PM","0:22","Bynum Free Throw 2 of 2 (9 PTS)",null,null,"98 - 101","3"],["0041400203",584,1,1,4,"7:47 PM","0:14",null,null,"Muscala 27' 3PT Jump Shot (7 PTS) (Schroder 5 AST)","101 - 101","TIE"],["0041400203",585,9,1,4,"7:47 PM","0:14","WIZARDS Timeout: Regular (Full 6 Short 2)",null,null,null,null],["0041400203",587,8,0,4,"7:49 PM","0:14",null,null,"SUB: Bazemore FOR Scott",null,null],["0041400203",588,8,0,4,"7:49 PM","0:14","SUB: Pierce FOR Porter",null,null,null,null],["0041400203",589,1,83,4,"7:49 PM","0:00","Pierce 21' Fadeaway Bank Shot (13 PTS)",null,null,"101 - 103","2"],["0041400203",590,18,0,4,"7:50 PM","0:00",null,null,null,null,null],["0041400203",591,13,0,4,"7:50 PM","0:00",null,null,null,"101 - 103","2"]]},{"name":"AvailableVideo","headers":["VIDEO_AVAILABLE_FLAG"],"rowSet":[[1]]}]}