{"resource":"playbyplay","parameters":{"GameID":"0041400302","StartPeriod":0,"EndPeriod":14},"resultSets":[{"name":"PlayByPlay","headers":["GAME_ID","EVENTNUM","EVENTMSGTYPE","EVENTMSGACTIONTYPE","PERIOD","WCTIMESTRING","PCTIMESTRING","HOMEDESCRIPTION","NEUTRALDESCRIPTION","VISITORDESCRIPTION","SCORE","SCOREMARGIN"],"rowSet":[["0041400302",0,12,0,1,"8:33 PM","12:00",null,null,null,null,null],["0041400302",1,10,0,1,"8:33 PM","12:00","Jump Ball Horford vs. Mozgov: Tip to Teague",null,null,null,null],["0041400302",2,6,1,1,"8:34 PM","11:39",null,null,"Shumpert P.FOUL (P1.T1) (M.Callahan)",null,null],["0041400302",3,2,78,1,"8:34 PM","11:27","MISS Carroll 12' Floating Jump Shot",null,null,null,null],["0041400302",4,4,0,1,"8:34 PM","11:25",null,null,"Thompson REBOUND (Off:0 Def:1)",null,null],["0041400302",5,2,1,1,"8:34 PM","11:14",null,null,"MISS Dellavedova 25' 3PT Jump Shot",null,null],["0041400302",6,4,0,1,"8:35 PM","11:13","Korver REBOUND (Off:0 Def:1)",null,null,null,null],["0041400302",7,2,1,1,"8:35 PM","10:58","MISS Korver 24' 3PT Jump Shot",null,null,null,null],["0041400302",8,4,0,1,"8:35 PM","10:57","Horford REBOUND (Off:1 Def:0)",null,null,null,null],["0041400302",9,1,1,1,"8:35 PM","10:54","Korver 25' 3PT Jump Shot (3 PTS) (Horford 1 AST)",null,null,"0 - 3","3"],["0041400302",10,1,42,1,"8:35 PM","10:32",null,null,"James 1' Driving Layup (2 PTS)","2 - 3","1"],["0041400302",12,5,39,1,"8:35 PM","10:26","Horford Step Out of Bounds Turnover (P1.T1)",null,null,null,null],["0041400302",13,5,1,1,"8:36 PM","10:15","Korver STEAL (1 STL)",null,"James Bad Pass Turnover (P1.T1)",null,null],["0041400302",14,2,1,1,"8:36 PM","10:02","MISS Teague 17' Jump Shot",null,null,null,null],["0041400302",15,4,0,1,"8:36 PM","10:01",null,null,"Thompson REBOUND (Off:0 Def:2)",null,null],["0041400302",16,1,80,1,"8:36 PM","9:54",null,null,"James 25' 3PT Step Back Jump Shot (5 PTS)","5 - 3","-2"],["0041400302",17,2,63,1,"8:36 PM","9:33","MISS Millsap 14' Fadeaway Jumper",null,null,null,null],["0041400302",18,4,0,1,"8:36 PM","9:31",null,null,"Mozgov REBOUND (Off:0 Def:1)",null,null],["0041400302",20,2,63,1,"8:37 PM","9:10",null,null,"MISS James 21' Fadeaway Jumper",null,null],["0041400302",21,4,0,1,"8:37 PM","9:10","HAWKS Rebound",null,null,null,null],["0041400302",23,1,5,1,"8:37 PM","8:56","Millsap 1' Layup (2 PTS) (Teague 1 AST)",null,null,"5 - 5","TIE"],["0041400302",25,6,2,1,"8:38 PM","8:40","Millsap S.FOUL (P1.T1) (J.Crawford)",null,null,null,null],["0041400302",26,3,11,1,"8:38 PM","8:40",null,null,"Mozgov Free Throw 1 of 2 (1 PTS)","6 - 5","-1"],["0041400302",28,3,12,1,"8:38 PM","8:40",null,null,"Mozgov Free Throw 2 of 2 (2 PTS)","7 - 5","-2"],["0041400302",30,2,41,1,"8:39 PM","8:31","MISS Millsap 3' Running Layup",null,null,null,null],["0041400302",31,4,0,1,"8:39 PM","8:30",null,null,"James REBOUND (Off:0 Def:1)",null,null],["0041400302",32,2,52,1,"8:39 PM","8:15",null,null,"MISS Thompson  Alley Oop Dunk",null,null],["0041400302",33,4,0,1,"8:39 PM","8:12",null,null,"Thompson REBOUND (Off:1 Def:2)",null,null],["0041400302",34,1,80,1,"8:39 PM","8:04",null,null,"James 20' Step Back Jump Shot (7 PTS)","9 - 5","-4"],["0041400302",35,2,1,1,"8:39 PM","7:50","MISS Millsap 17' Jump Shot",null,null,null,null],["0041400302",36,4,0,1,"8:39 PM","7:49",null,null,"Dellavedova REBOUND (Off:0 Def:1)",null,null],["0041400302",39,1,1,1,"8:40 PM","7:28",null,null,"Mozgov 19' Jump Shot (4 PTS) (Dellavedova 1 AST)","11 - 5","-6"],["0041400302",40,2,79,1,"8:40 PM","7:13","MISS Teague 25' 3PT Pullup Jump Shot",null,null,null,null],["0041400302",41,4,0,1,"8:40 PM","7:11",null,null,"Thompson REBOUND (Off:1 Def:3)",null,null],["0041400302",42,2,79,1,"8:41 PM","7:05",null,null,"MISS James 25' 3PT Pullup Jump Shot",null,null],["0041400302",43,4,0,1,"8:41 PM","7:03","Teague REBOUND (Off:0 Def:1)",null,null,null,null],["0041400302",44,2,79,1,"8:41 PM","6:57","MISS Korver 14' Pullup Jump Shot",null,null,null,null],["0041400302",45,4,0,1,"8:41 PM","6:54",null,null,"Thompson REBOUND (Off:1 Def:4)",null,null],["0041400302",46,5,8,1,"8:41 PM","6:48",null,null,"Thompson 3 Second Violation Turnover (P1.T2)",null,null],["0041400302",47,9,1,1,"8:41 PM","6:48","HAWKS Timeout: Regular (Full 1 Short 0)",null,null,null,null],["0041400302",49,8,0,1,"8:44 PM","6:48","SUB: Antic FOR Millsap",null,null,null,null],["0041400302",50,1,1,1,"8:44 PM","6:35","Korver 21' Jump Shot (5 PTS) (Antic 1 AST)",null,null,"11 - 7","-4"],["0041400302",51,2,1,1,"8:45 PM","6:09",null,null,"MISS Mozgov 17' Jump Shot",null,null],["0041400302",52,4,0,1,"8:45 PM","6:06","Horford REBOUND (Off:1 Def:1)",null,null,null,null],["0041400302",53,2,1,1,"8:45 PM","5:54","MISS Teague 4' Jump Shot",null,null,null,null],["0041400302",54,4,0,1,"8:45 PM","5:54",null,null,"Cavaliers Rebound",null,null],["0041400302",55,6,3,1,"8:45 PM","5:54","Antic L.B.FOUL (P1.T2) (M.Callahan)",null,null,null,null],["0041400302",56,6,26,1,"8:46 PM","5:47",null,null,"Shumpert Offensive Charge Foul (P2.T2) (J.Crawford)",null,null],["0041400302",57,5,5,1,"8:46 PM","5:47",null,null,"Shumpert Foul Turnover (P1.T3)",null,null],["0041400302",58,8,0,1,"8:46 PM","5:47",null,null,"SUB: Smith FOR Shumpert",null,null],["0041400302",59,8,0,1,"8:46 PM","5:47","SUB: Millsap FOR Horford",null,null,null,null],["0041400302",60,1,79,1,"8:46 PM","5:36","Korver 25' 3PT Pullup Jump Shot (8 PTS) (Teague 2 AST)",null,null,"11 - 10","-1"],["0041400302",61,6,1,1,"8:46 PM","5:22","Antic P.FOUL (P2.T3) (J.Crawford)",null,null,null,null],["0041400302",62,5,1,1,"8:47 PM","5:13","Millsap STEAL (1 STL)",null,"James Bad Pass Turnover (P2.T4)",null,null],["0041400302",64,7,2,1,"8:47 PM","5:08",null,null,"Mozgov Violation:Defensive Goaltending (M.Callahan)",null,null],["0041400302",63,1,5,1,"8:47 PM","5:08","Carroll 1' Layup (2 PTS) (Teague 3 AST)",null,null,"11 - 12","1"],["0041400302",66,2,79,1,"8:48 PM","4:42",null,null,"MISS Smith 24' 3PT Pullup Jump Shot",null,null],["0041400302",67,4,0,1,"8:48 PM","4:40","Millsap REBOUND (Off:0 Def:1)",null,null,null,null],["0041400302",68,2,79,1,"8:48 PM","4:34","MISS Korver 19' Pullup Jump Shot",null,null,null,null],["0041400302",69,4,0,1,"8:48 PM","4:33",null,null,"Mozgov REBOUND (Off:0 Def:2)",null,null],["0041400302",70,1,1,1,"8:48 PM","4:12",null,null,"Mozgov 14' Jump Shot (6 PTS) (Dellavedova 2 AST)","13 - 12","-1"],["0041400302",72,2,1,1,"8:48 PM","3:54","MISS Korver 25' 3PT Jump Shot",null,null,null,null],["0041400302",73,4,0,1,"8:48 PM","3:51",null,null,"Dellavedova REBOUND (Off:0 Def:2)",null,null],["0041400302",74,2,1,1,"8:49 PM","3:41",null,null,"MISS Mozgov 18' Jump Shot",null,null],["0041400302",75,4,0,1,"8:49 PM","3:39","Teague REBOUND (Off:0 Def:2)",null,null,null,null],["0041400302",76,1,80,1,"8:49 PM","3:32","Teague 25' 3PT Step Back Jump Shot (3 PTS)",null,null,"13 - 15","2"],["0041400302",77,2,80,1,"8:49 PM","3:12",null,null,"MISS Dellavedova 23' Step Back Jump Shot",null,null],["0041400302",78,4,0,1,"8:49 PM","3:10",null,null,"Thompson REBOUND (Off:2 Def:4)",null,null],["0041400302",79,1,72,1,"8:49 PM","3:10",null,null,"Thompson 2' Putback Layup (2 PTS)","15 - 15","TIE"],["0041400302",80,6,2,1,"8:49 PM","3:10","Korver S.FOUL (P1.T4) (B.Spooner)",null,null,null,null],["0041400302",81,8,0,1,"8:49 PM","3:10",null,null,"SUB: Jones FOR Mozgov",null,null],["0041400302",82,8,0,1,"8:49 PM","3:10","SUB: Bazemore FOR Carroll",null,null,null,null],["0041400302",83,8,0,1,"8:49 PM","3:10","SUB: Schroder FOR Teague",null,null,null,null],["0041400302",84,3,10,1,"8:49 PM","3:10",null,null,"MISS Thompson Free Throw 1 of 1",null,null],["0041400302",86,4,0,1,"8:50 PM","3:09","Bazemore REBOUND (Off:0 Def:1)",null,null,null,null],["0041400302",88,6,1,1,"8:50 PM","2:55",null,null,"Smith P.FOUL (P1.T3) (B.Spooner)",null,null],["0041400302",89,9,1,1,"8:50 PM","2:55",null,null,"Cavaliers Timeout: Regular (Reg.1 Short 0)",null,null],["0041400302",93,6,2,1,"8:54 PM","2:46",null,null,"Dellavedova S.FOUL (P1.T4) (J.Crawford)",null,null],["0041400302",94,3,11,1,"8:54 PM","2:46","Korver Free Throw 1 of 2 (9 PTS)",null,null,"15 - 16","1"],["0041400302",96,3,12,1,"8:54 PM","2:46","Korver Free Throw 2 of 2 (10 PTS)",null,null,"15 - 17","2"],["0041400302",98,1,73,1,"8:55 PM","2:26",null,null,"Smith 2' Driving Reverse Layup (2 PTS)","17 - 17","TIE"],["0041400302",99,6,1,1,"8:55 PM","2:17",null,null,"Dellavedova P.FOUL (P2.PN) (B.Spooner)",null,null],["0041400302",100,8,0,1,"8:55 PM","2:17",null,null,"SUB: Shumpert FOR Dellavedova",null,null],["0041400302",101,2,5,1,"8:55 PM","2:04","MISS Millsap 2' Layup",null,"Thompson BLOCK (1 BLK)",null,null],["0041400302",102,4,0,1,"8:56 PM","2:00",null,null,"Thompson REBOUND (Off:2 Def:5)",null,null],["0041400302",103,6,14,1,"8:56 PM","1:57","Antic FLAGRANT.FOUL.TYPE1 (P3.PN) (B.Spooner)",null,null,null,null],["0041400302",104,18,0,1,"8:56 PM","1:57",null,null,null,null,null],["0041400302",105,3,18,1,"8:58 PM","1:57",null,null,"James Free Throw Flagrant 1 of 2 (8 PTS)","18 - 17","-1"],["0041400302",107,3,19,1,"8:58 PM","1:57",null,null,"James Free Throw Flagrant 2 of 2 (9 PTS)","19 - 17","-2"],["0041400302",109,8,0,1,"8:58 PM","1:57","SUB: Scott FOR Antic",null,null,null,null],["0041400302",110,8,0,1,"8:58 PM","1:57","SUB: Horford FOR Millsap",null,null,null,null],["0041400302",113,1,5,1,"8:59 PM","1:36",null,null,"James 2' Layup (11 PTS)","21 - 17","-4"],["0041400302",114,2,1,1,"8:59 PM","1:19","MISS Korver 25' 3PT Jump Shot",null,null,null,null],["0041400302",115,4,0,1,"8:59 PM","1:18",null,null,"Jones REBOUND (Off:0 Def:1)",null,null],["0041400302",116,1,79,1,"8:59 PM","1:01",null,null,"Smith 25' 3PT Pullup Jump Shot (5 PTS)","24 - 17","-7"],["0041400302",117,1,42,1,"9:00 PM","0:48","Schroder 1' Driving Layup (2 PTS)",null,null,"24 - 19","-5"],["0041400302",118,2,80,1,"9:00 PM","0:32",null,null,"MISS Smith 22' Step Back Jump Shot",null,null],["0041400302",119,4,0,1,"9:00 PM","0:29",null,null,"Thompson REBOUND (Off:3 Def:5)",null,null],["0041400302",120,6,1,1,"9:00 PM","0:27","Bazemore P.FOUL (P1.PN) (J.Crawford)",null,null,null,null],["0041400302",121,3,11,1,"9:01 PM","0:27",null,null,"James Free Throw 1 of 2 (12 PTS)","25 - 19","-6"],["0041400302",123,8,0,1,"9:01 PM","0:27",null,null,"SUB: Marion FOR Shumpert",null,null],["0041400302",124,8,0,1,"9:01 PM","0:27","SUB: Carroll FOR Bazemore",null,null,null,null],["0041400302",125,3,12,1,"9:01 PM","0:27",null,null,"James Free Throw 2 of 2 (13 PTS)","26 - 19","-7"],["0041400302",128,1,42,1,"9:02 PM","0:04","Schroder 1' Driving Layup (4 PTS)",null,null,"26 - 21","-5"],["0041400302",129,13,0,1,"9:02 PM","0:00",null,null,null,"26 - 21","-5"],["0041400302",131,12,0,2,"9:06 PM","12:00",null,null,null,"26 - 21","-5"],["0041400302",132,1,1,2,"9:06 PM","11:38",null,null,"Jones 25' 3PT Jump Shot (3 PTS) (Marion 1 AST)","29 - 21","-8"],["0041400302",133,2,79,2,"9:06 PM","11:26","MISS Schroder 18' Pullup Jump Shot",null,null,null,null],["0041400302",134,4,0,2,"9:06 PM","11:23","Scott REBOUND (Off:1 Def:0)",null,null,null,null],["0041400302",135,1,75,2,"9:06 PM","11:15","Bazemore 1' Driving Finger Roll Layup (2 PTS) (Schroder 1 AST)",null,null,"29 - 23","-6"],["0041400302",136,2,5,2,"9:07 PM","10:56","Horford BLOCK (1 BLK)",null,"MISS Marion 1' Layup",null,null],["0041400302",138,4,0,2,"9:07 PM","10:53",null,null,"Marion REBOUND (Off:1 Def:0)",null,null],["0041400302",137,1,72,2,"9:07 PM","10:53",null,null,"Marion 1' Putback Layup (2 PTS)","31 - 23","-8"],["0041400302",139,5,1,2,"9:07 PM","10:41","Schroder Bad Pass Turnover (P1.T2)",null,null,null,null],["0041400302",140,8,0,2,"9:07 PM","10:41","SUB: Millsap FOR Scott",null,null,null,null],["0041400302",141,8,0,2,"9:07 PM","10:41",null,null,"SUB: Mozgov FOR Thompson",null,null],["0041400302",142,1,65,2,"9:07 PM","10:25",null,null,"Dellavedova 6' Jump Hook Shot (2 PTS)","33 - 23","-10"],["0041400302",143,1,82,2,"9:08 PM","10:05","Bazemore 6' Driving Bank Shot (4 PTS) (Horford 2 AST)",null,null,"33 - 25","-8"],["0041400302",144,6,2,2,"9:08 PM","9:49","Horford S.FOUL (P1.T1) (B.Spooner)",null,null,null,null],["0041400302",145,3,11,2,"9:08 PM","9:49",null,null,"Smith Free Throw 1 of 2 (6 PTS)","34 - 25","-9"],["0041400302",147,8,0,2,"9:09 PM","9:49","SUB: Scott FOR Horford",null,null,null,null],["0041400302",148,8,0,2,"9:09 PM","9:49","SUB: Carroll FOR Schroder",null,null,null,null],["0041400302",149,3,12,2,"9:09 PM","9:49",null,null,"Smith Free Throw 2 of 2 (7 PTS)","35 - 25","-10"],["0041400302",151,5,39,2,"9:09 PM","9:32","Bazemore Step Out of Bounds Turnover (P1.T3)",null,null,null,null],["0041400302",153,8,0,2,"9:10 PM","9:32","SUB: Horford FOR Scott",null,null,null,null],["0041400302",154,5,1,2,"9:10 PM","9:22","Bazemore STEAL (1 STL)",null,"Dellavedova Bad Pass Turnover (P1.T5)",null,null],["0041400302",155,1,41,2,"9:10 PM","9:14","Bazemore 1' Running Layup (6 PTS)",null,null,"35 - 27","-8"],["0041400302",157,8,0,2,"9:10 PM","9:04","SUB: Korver FOR Bazemore",null,null,null,null],["0041400302",158,8,0,2,"9:10 PM","9:04",null,null,"SUB: James FOR Marion",null,null],["0041400302",159,2,46,2,"9:11 PM","8:52",null,null,"MISS James 7' Running Jump Shot",null,null],["0041400302",160,4,0,2,"9:11 PM","8:51","Horford REBOUND (Off:1 Def:2)",null,null,null,null],["0041400302",162,6,2,2,"9:11 PM","8:42",null,null,"Mozgov S.FOUL (P1.T1) (J.Crawford)",null,null],["0041400302",163,9,4,2,"9:11 PM","8:42",null,null,null,null,null],["0041400302",165,8,0,2,"9:14 PM","8:42",null,null,"SUB: Thompson FOR Jones",null,null],["0041400302",166,3,11,2,"9:14 PM","8:42","Carroll Free Throw 1 of 2 (3 PTS)",null,null,"35 - 28","-7"],["0041400302",168,3,12,2,"9:14 PM","8:42","Carroll Free Throw 2 of 2 (4 PTS)",null,null,"35 - 29","-6"],["0041400302",171,5,1,2,"9:15 PM","8:25",null,null,"Dellavedova Bad Pass Turnover (P2.T6)",null,null],["0041400302",173,1,80,2,"9:15 PM","8:02","Horford 14' Step Back Jump Shot (2 PTS)",null,null,"35 - 31","-4"],["0041400302",174,2,63,2,"9:16 PM","7:43","Teague BLOCK (1 BLK)",null,"MISS Dellavedova 13' Fadeaway Jumper",null,null],["0041400302",175,4,0,2,"9:16 PM","7:41",null,null,"Dellavedova REBOUND (Off:1 Def:2)",null,null],["0041400302",176,2,5,2,"9:16 PM","7:39",null,null,"MISS Thompson 1' Layup",null,null],["0041400302",177,4,0,2,"9:16 PM","7:37","Teague REBOUND (Off:0 Def:3)",null,null,null,null],["0041400302",178,1,5,2,"9:16 PM","7:26","Millsap 1' Layup (4 PTS) (Teague 4 AST)",null,null,"35 - 33","-2"],["0041400302",179,5,4,2,"9:16 PM","7:09",null,null,"Mozgov Traveling Turnover (P1.T7)",null,null],["0041400302",180,2,79,2,"9:17 PM","6:55","MISS Teague 17' Pullup Jump Shot",null,null,null,null],["0041400302",181,4,0,2,"9:17 PM","6:53",null,null,"Dellavedova REBOUND (Off:1 Def:3)",null,null],["0041400302",182,6,2,2,"9:17 PM","6:48","Carroll S.FOUL (P1.T2) (B.Spooner)",null,null,null,null],["0041400302",183,3,11,2,"9:17 PM","6:48",null,null,"MISS Dellavedova Free Throw 1 of 2",null,null],["0041400302",184,4,1,2,"9:17 PM","6:48",null,null,"Cavaliers Rebound",null,null],["0041400302",185,8,0,2,"9:17 PM","6:48","SUB: Scott FOR Horford",null,null,null,null],["0041400302",186,8,0,2,"9:17 PM","6:48",null,null,"SUB: Shumpert FOR Mozgov",null,null],["0041400302",187,3,12,2,"9:18 PM","6:48",null,null,"Dellavedova Free Throw 2 of 2 (3 PTS)","36 - 33","-3"],["0041400302",190,2,1,2,"9:18 PM","6:37","MISS Teague 25' 3PT Jump Shot",null,null,null,null],["0041400302",191,4,0,2,"9:18 PM","6:35",null,null,"Thompson REBOUND (Off:3 Def:6)",null,null],["0041400302",193,1,77,2,"9:18 PM","6:26",null,null,"James 7' Driving Jump Shot (15 PTS)","38 - 33","-5"],["0041400302",194,2,63,2,"9:18 PM","6:15","MISS Millsap 10' Fadeaway Jumper",null,null,null,null],["0041400302",195,4,0,2,"9:18 PM","6:14",null,null,"James REBOUND (Off:0 Def:2)",null,null],["0041400302",196,2,63,2,"9:19 PM","5:53",null,null,"MISS James 6' Fadeaway Jumper",null,null],["0041400302",197,4,0,2,"9:19 PM","5:52","Millsap REBOUND (Off:0 Def:2)",null,null,null,null],["0041400302",198,5,1,2,"9:19 PM","5:50","Millsap Bad Pass Turnover (P1.T4)",null,"Dellavedova STEAL (1 STL)",null,null],["0041400302",199,6,2,2,"9:19 PM","5:47","Millsap S.FOUL (P2.T3) (M.Callahan)",null,null,null,null],["0041400302",200,9,1,2,"9:19 PM","5:47","HAWKS Timeout: Regular (Full 2 Short 0)",null,null,null,null],["0041400302",204,3,11,2,"9:22 PM","5:47",null,null,"MISS Thompson Free Throw 1 of 2",null,null],["0041400302",205,4,1,2,"9:22 PM","5:47",null,null,"Cavaliers Rebound",null,null],["0041400302",206,3,12,2,"9:23 PM","5:47",null,null,"MISS Thompson Free Throw 2 of 2",null,null],["0041400302",208,4,0,2,"9:23 PM","5:46","Scott REBOUND (Off:1 Def:1)",null,null,null,null],["0041400302",209,6,27,2,"9:23 PM","5:37",null,null,"Dellavedova Personal Block Foul (P3.T2) (B.Spooner)",null,null],["0041400302",210,8,0,2,"9:23 PM","5:37",null,null,"SUB: Jones FOR Dellavedova",null,null],["0041400302",211,5,1,2,"9:24 PM","5:30","Teague Bad Pass Turnover (P1.T5)",null,"Smith STEAL (1 STL)",null,null],["0041400302",212,1,71,2,"9:24 PM","5:25",null,null,"James 2' Finger Roll Layup (17 PTS) (Smith 1 AST)","40 - 33","-7"],["0041400302",213,1,1,2,"9:24 PM","5:06","Teague 25' 3PT Jump Shot (6 PTS) (Millsap 1 AST)",null,null,"40 - 36","-4"],["0041400302",214,1,1,2,"9:24 PM","4:55",null,null,"Jones  3PT Jump Shot (6 PTS) (James 1 AST)","43 - 36","-7"],["0041400302",215,1,75,2,"9:24 PM","4:47","Teague  Driving Finger Roll Layup (8 PTS)",null,null,"43 - 38","-5"],["0041400302",216,6,2,2,"9:25 PM","4:36","Teague S.FOUL (P1.T4) (M.Callahan)",null,null,null,null],["0041400302",217,3,11,2,"9:25 PM","4:36",null,null,"MISS Thompson Free Throw 1 of 2",null,null],["0041400302",218,4,1,2,"9:25 PM","4:36",null,null,"Cavaliers Rebound",null,null],["0041400302",219,8,0,2,"9:25 PM","4:36","SUB: Schroder FOR Teague",null,null,null,null],["0041400302",220,8,0,2,"9:25 PM","4:36","SUB: Horford FOR Millsap",null,null,null,null],["0041400302",221,3,12,2,"9:25 PM","4:36",null,null,"MISS Thompson Free Throw 2 of 2",null,null],["0041400302",223,4,0,2,"9:25 PM","4:33","Horford REBOUND (Off:1 Def:3)",null,null,null,null],["0041400302",224,2,1,2,"9:26 PM","4:18","MISS Schroder  3PT Jump Shot",null,null,null,null],["0041400302",225,4,0,2,"9:26 PM","4:16",null,null,"James REBOUND (Off:0 Def:3)",null,null],["0041400302",226,2,1,2,"9:26 PM","4:10",null,null,"MISS Jones 25' 3PT Jump Shot",null,null],["0041400302",227,4,0,2,"9:26 PM","4:08","Schroder REBOUND (Off:0 Def:1)",null,null,null,null],["0041400302",228,2,5,2,"9:26 PM","3:53","MISS Carroll 3' Layup",null,"James BLOCK (1 BLK)",null,null],["0041400302",229,4,0,2,"9:26 PM","3:53","HAWKS Rebound",null,null,null,null],["0041400302",230,1,1,2,"9:26 PM","3:50","Schroder 20' Jump Shot (6 PTS) (Korver 1 AST)",null,null,"43 - 40","-3"],["0041400302",232,2,77,2,"9:27 PM","3:25",null,null,"MISS Smith 11' Driving Jump Shot",null,null],["0041400302",233,4,0,2,"9:27 PM","3:24","Schroder REBOUND (Off:0 Def:2)",null,null,null,null],["0041400302",234,6,1,2,"9:27 PM","3:11",null,null,"Jones P.FOUL (P1.T3) (J.Crawford)",null,null],["0041400302",235,2,79,2,"9:28 PM","3:00","MISS Schroder 18' Pullup Jump Shot",null,null,null,null],["0041400302",236,4,0,2,"9:28 PM","2:58",null,null,"James REBOUND (Off:0 Def:4)",null,null],["0041400302",237,1,1,2,"9:28 PM","2:48",null,null,"Shumpert 25' 3PT Jump Shot (3 PTS) (James 2 AST)","46 - 40","-6"],["0041400302",238,2,1,2,"9:28 PM","2:32","MISS Korver 26' 3PT Jump Shot",null,null,null,null],["0041400302",239,4,0,2,"9:28 PM","2:31",null,null,"Shumpert REBOUND (Off:0 Def:1)",null,null],["0041400302",241,1,80,2,"9:28 PM","2:08",null,null,"Shumpert 23' Step Back Jump Shot (5 PTS)","48 - 40","-8"],["0041400302",242,9,2,2,"9:29 PM","2:07","HAWKS Timeout: Short (Full 2 Short 1)",null,null,null,null],["0041400302",244,9,1,2,"9:29 PM","2:07",null,null,"Cavaliers Timeout: Regular (Reg.2 Short 0)",null,null],["0041400302",245,18,0,2,"9:29 PM","2:07",null,null,null,null,null],["0041400302",247,8,0,2,"9:31 PM","2:07","SUB: Teague FOR Schroder",null,null,null,null],["0041400302",248,8,0,2,"9:31 PM","2:07","SUB: Millsap FOR Scott",null,null,null,null],["0041400302",250,1,1,2,"9:32 PM","1:51","Korver 17' Jump Shot (12 PTS) (Millsap 2 AST)",null,null,"48 - 42","-6"],["0041400302",251,2,42,2,"9:33 PM","1:26",null,null,"MISS Shumpert 1' Driving Layup",null,null],["0041400302",252,4,0,2,"9:33 PM","1:24","Millsap REBOUND (Off:0 Def:3)",null,null,null,null],["0041400302",253,1,58,2,"9:33 PM","1:15","Horford 6' Turnaround Hook Shot (4 PTS)",null,null,"48 - 44","-4"],["0041400302",254,1,1,2,"9:34 PM","0:54",null,null,"Shumpert 25' 3PT Jump Shot (8 PTS) (James 3 AST)","51 - 44","-7"],["0041400302",255,1,42,2,"9:34 PM","0:39","Horford 1' Driving Layup (6 PTS) (Teague 5 AST)",null,null,"51 - 46","-5"],["0041400302",256,6,2,2,"9:34 PM","0:39",null,null,"Smith S.FOUL (P2.T4) (M.Callahan)",null,null],["0041400302",257,3,10,2,"9:34 PM","0:39","Horford Free Throw 1 of 1 (7 PTS)",null,null,"51 - 47","-4"],["0041400302",259,1,1,2,"9:35 PM","0:19",null,null,"Jones  3PT Jump Shot (9 PTS) (James 4 AST)","54 - 47","-7"],["0041400302",260,1,42,2,"9:35 PM","0:03","Teague 2' Driving Layup (10 PTS)",null,null,"54 - 49","-5"],["0041400302",261,13,0,2,"9:35 PM","0:00",null,null,null,"54 - 49","-5"],["0041400302",263,12,0,3,"9:54 PM","12:00",null,null,null,"54 - 49","-5"],["0041400302",264,2,1,3,"9:55 PM","11:37",null,null,"MISS Dellavedova  3PT Jump Shot",null,null],["0041400302",265,4,0,3,"9:55 PM","11:35",null,null,"Mozgov REBOUND (Off:1 Def:2)",null,null],["0041400302",266,7,5,3,"9:55 PM","11:29","Horford Violation:Kicked Ball (.)",null,null,null,null],["0041400302",267,5,40,3,"9:55 PM","11:18",null,null,"James Out of Bounds Lost Ball Turnover (P3.T8)",null,null],["0041400302",268,2,1,3,"9:56 PM","11:02","MISS Horford 19' Jump Shot",null,null,null,null],["0041400302",269,4,0,3,"9:56 PM","11:01",null,null,"Dellavedova REBOUND (Off:1 Def:4)",null,null],["0041400302",270,2,77,3,"9:56 PM","10:53","Teague BLOCK (2 BLK)",null,"MISS Dellavedova 6' Driving Jump Shot",null,null],["0041400302",271,4,0,3,"9:56 PM","10:51","Horford REBOUND (Off:1 Def:4)",null,null,null,null],["0041400302",272,2,78,3,"9:56 PM","10:44","MISS Teague 14' Floating Jump Shot",null,null,null,null],["0041400302",273,4,0,3,"9:56 PM","10:41",null,null,"Shumpert REBOUND (Off:0 Def:2)",null,null],["0041400302",274,2,79,3,"9:56 PM","10:34",null,null,"MISS James 25' 3PT Pullup Jump Shot",null,null],["0041400302",275,4,0,3,"9:56 PM","10:31","Millsap REBOUND (Off:0 Def:4)",null,null,null,null],["0041400302",276,6,2,3,"9:56 PM","10:22",null,null,"Thompson S.FOUL (P1.T1) (B.Spooner)",null,null],["0041400302",277,3,11,3,"9:57 PM","10:22","MISS Horford Free Throw 1 of 2",null,null,null,null],["0041400302",278,4,1,3,"9:57 PM","10:22","HAWKS Rebound",null,null,null,null],["0041400302",279,3,12,3,"9:57 PM","10:22","Horford Free Throw 2 of 2 (8 PTS)",null,null,"54 - 50","-4"],["0041400302",281,1,1,3,"9:57 PM","9:59",null,null,"Dellavedova  3PT Jump Shot (6 PTS) (James 5 AST)","57 - 50","-7"],["0041400302",283,1,77,3,"9:58 PM","9:44","Teague 4' Driving Jump Shot (12 PTS)",null,null,"57 - 52","-5"],["0041400302",284,1,5,3,"9:58 PM","9:32",null,null,"Mozgov 2' Layup (8 PTS) (Dellavedova 3 AST)","59 - 52","-7"],["0041400302",285,1,63,3,"9:58 PM","9:15","Horford 11' Fadeaway Jumper (10 PTS)",null,null,"59 - 54","-5"],["0041400302",286,1,1,3,"9:58 PM","9:01",null,null,"Shumpert 25' 3PT Jump Shot (11 PTS) (James 6 AST)","62 - 54","-8"],["0041400302",287,2,42,3,"9:59 PM","8:44","MISS Teague 1' Driving Layup",null,null,null,null],["0041400302",288,4,0,3,"9:59 PM","8:42",null,null,"Thompson REBOUND (Off:3 Def:7)",null,null],["0041400302",289,1,1,3,"9:59 PM","8:36",null,null,"Dellavedova 25' 3PT Jump Shot (9 PTS) (James 7 AST)","65 - 54","-11"],["0041400302",290,9,1,3,"9:59 PM","8:35","HAWKS Timeout: Regular (Full 3 Short 1)",null,null,null,null],["0041400302",294,2,77,3,"10:03 PM","8:15","MISS Millsap 12' Driving Jump Shot",null,"Thompson BLOCK (2 BLK)",null,null],["0041400302",295,4,0,3,"10:03 PM","8:13",null,null,"Shumpert REBOUND (Off:0 Def:3)",null,null],["0041400302",296,5,1,3,"10:03 PM","8:07","Horford STEAL (1 STL)",null,"Dellavedova Bad Pass Turnover (P3.T9)",null,null],["0041400302",297,2,1,3,"10:03 PM","7:59","MISS Carroll 25' 3PT Jump Shot",null,null,null,null],["0041400302",298,4,0,3,"10:03 PM","7:58",null,null,"James REBOUND (Off:0 Def:5)",null,null],["0041400302",299,2,47,3,"10:03 PM","7:45",null,null,"MISS James 9' Turnaround Jump Shot",null,null],["0041400302",300,4,0,3,"10:03 PM","7:43","Carroll REBOUND (Off:0 Def:1)",null,null,null,null],["0041400302",301,2,42,3,"10:03 PM","7:27","MISS Korver 1' Driving Layup",null,null,null,null],["0041400302",302,4,0,3,"10:03 PM","7:26",null,null,"Thompson REBOUND (Off:3 Def:8)",null,null],["0041400302",303,6,2,3,"10:03 PM","7:25","Teague S.FOUL (P2.T1) (M.Callahan)",null,null,null,null],["0041400302",304,3,11,3,"10:04 PM","7:25",null,null,"MISS James Free Throw 1 of 2",null,null],["0041400302",305,4,1,3,"10:04 PM","7:25",null,null,"Cavaliers Rebound",null,null],["0041400302",306,3,12,3,"10:04 PM","7:25",null,null,"James Free Throw 2 of 2 (18 PTS)","66 - 54","-12"],["0041400302",308,1,5,3,"10:05 PM","7:02","Horford 2' Layup (12 PTS)",null,null,"66 - 56","-10"],["0041400302",310,5,2,3,"10:05 PM","6:47","Teague STEAL (1 STL)",null,"Mozgov Lost Ball Turnover (P2.T10)",null,null],["0041400302",311,2,41,3,"10:05 PM","6:42","MISS Teague  Running Layup",null,null,null,null],["0041400302",312,4,0,3,"10:05 PM","6:41",null,null,"Dellavedova REBOUND (Off:1 Def:5)",null,null],["0041400302",313,1,8,3,"10:05 PM","6:31",null,null,"Mozgov  Slam Dunk (10 PTS) (James 8 AST)","68 - 56","-12"],["0041400302",314,2,1,3,"10:06 PM","6:05","MISS Carroll 25' 3PT Jump Shot",null,null,null,null],["0041400302",315,4,0,3,"10:06 PM","6:03",null,null,"Mozgov REBOUND (Off:1 Def:3)",null,null],["0041400302",316,6,2,3,"10:06 PM","5:59","Korver S.FOUL (P2.T2) (J.Crawford)",null,null,null,null],["0041400302",317,3,11,3,"10:06 PM","5:59",null,null,"Thompson Free Throw 1 of 2 (3 PTS)","69 - 56","-13"],["0041400302",319,8,0,3,"10:06 PM","5:59","SUB: Scott FOR Millsap",null,null,null,null],["0041400302",320,3,12,3,"10:06 PM","5:59",null,null,"Thompson Free Throw 2 of 2 (4 PTS)","70 - 56","-14"],["0041400302",323,2,1,3,"10:07 PM","5:44","MISS Teague 25' 3PT Jump Shot",null,null,null,null],["0041400302",324,4,0,3,"10:07 PM","5:43",null,null,"Thompson REBOUND (Off:3 Def:9)",null,null],["0041400302",325,1,1,3,"10:07 PM","5:35",null,null,"Shumpert 24' 3PT Jump Shot (14 PTS) (James 9 AST)","73 - 56","-17"],["0041400302",326,2,1,3,"10:07 PM","5:16","MISS Scott 25' 3PT Jump Shot",null,null,null,null],["0041400302",327,4,0,3,"10:07 PM","5:15",null,null,"Mozgov REBOUND (Off:1 Def:4)",null,null],["0041400302",328,2,79,3,"10:08 PM","4:58",null,null,"MISS James 20' Pullup Jump Shot",null,null],["0041400302",329,4,0,3,"10:08 PM","4:55","Carroll REBOUND (Off:0 Def:2)",null,null,null,null],["0041400302",330,2,77,3,"10:08 PM","4:40","MISS Teague 6' Driving Jump Shot",null,null,null,null],["0041400302",331,4,0,3,"10:08 PM","4:37",null,null,"Mozgov REBOUND (Off:1 Def:5)",null,null],["0041400302",332,1,77,3,"10:08 PM","4:28",null,null,"James 5' Driving Jump Shot (20 PTS)","75 - 56","-19"],["0041400302",333,9,2,3,"10:08 PM","4:27","HAWKS Timeout: Short (Full 3 Short 2)",null,null,null,null],["0041400302",334,9,1,3,"10:09 PM","4:27",null,null,"Cavaliers Timeout: Regular (Reg.3 Short 0)",null,null],["0041400302",335,8,0,3,"10:12 PM","4:27","SUB: Millsap FOR Carroll",null,null,null,null],["0041400302",336,8,0,3,"10:12 PM","4:27","SUB: Schroder FOR Horford",null,null,null,null],["0041400302",337,8,0,3,"10:12 PM","4:27","SUB: Bazemore FOR Teague",null,null,null,null],["0041400302",338,8,0,3,"10:12 PM","4:27",null,null,"SUB: Jones FOR Mozgov",null,null],["0041400302",339,2,42,3,"10:13 PM","4:18","MISS Schroder 4' Driving Layup",null,null,null,null],["0041400302",341,4,0,3,"10:13 PM","4:16","Scott REBOUND (Off:2 Def:1)",null,null,null,null],["0041400302",340,1,87,3,"10:13 PM","4:16","Scott  Putback Dunk (2 PTS)",null,null,"75 - 58","-17"],["0041400302",343,2,46,3,"10:13 PM","3:53",null,null,"MISS Thompson 8' Running Jump Shot",null,null],["0041400302",344,4,0,3,"10:13 PM","3:51",null,null,"Thompson REBOUND (Off:4 Def:9)",null,null],["0041400302",345,1,42,3,"10:14 PM","3:36",null,null,"James 2' Driving Layup (22 PTS)","77 - 58","-19"],["0041400302",346,6,2,3,"10:14 PM","3:36","Scott S.FOUL (P1.T3) (B.Spooner)",null,null,null,null],["0041400302",347,3,10,3,"10:14 PM","3:36",null,null,"James Free Throw 1 of 1 (23 PTS)","78 - 58","-20"],["0041400302",350,5,13,3,"10:14 PM","3:29","Bazemore Backcourt Turnover (P2.T6)",null,null,null,null],["0041400302",352,2,80,3,"10:15 PM","3:13",null,null,"MISS Dellavedova 25' 3PT Step Back Jump Shot",null,null],["0041400302",353,4,0,3,"10:15 PM","3:10",null,null,"James REBOUND (Off:1 Def:5)",null,null],["0041400302",354,2,1,3,"10:15 PM","2:53",null,null,"MISS Shumpert 24' 3PT Jump Shot",null,null],["0041400302",355,4,0,3,"10:15 PM","2:52","Schroder REBOUND (Off:0 Def:3)",null,null,null,null],["0041400302",356,1,79,3,"10:16 PM","2:44","Schroder 25' 3PT Pullup Jump Shot (9 PTS)",null,null,"78 - 61","-17"],["0041400302",357,5,2,3,"10:16 PM","2:21","Millsap STEAL (2 STL)",null,"James Lost Ball Turnover (P4.T11)",null,null],["0041400302",358,6,2,3,"10:16 PM","2:15",null,null,"Thompson S.FOUL (P2.T2) (J.Crawford)",null,null],["0041400302",359,3,11,3,"10:16 PM","2:15","MISS Bazemore Free Throw 1 of 2",null,null,null,null],["0041400302",360,4,1,3,"10:16 PM","2:15","HAWKS Rebound",null,null,null,null],["0041400302",361,8,0,3,"10:17 PM","2:15",null,null,"SUB: Smith FOR Shumpert",null,null],["0041400302",362,3,12,3,"10:17 PM","2:15","Bazemore Free Throw 2 of 2 (7 PTS)",null,null,"78 - 62","-16"],["0041400302",365,1,79,3,"10:17 PM","1:57",null,null,"James 25' 3PT Pullup Jump Shot (26 PTS)","81 - 62","-19"],["0041400302",366,1,42,3,"10:17 PM","1:40","Schroder 3' Driving Layup (11 PTS)",null,null,"81 - 64","-17"],["0041400302",367,2,1,3,"10:18 PM","1:18",null,null,"MISS Jones 26' 3PT Jump Shot",null,null],["0041400302",368,4,0,3,"10:18 PM","1:17","Millsap REBOUND (Off:0 Def:5)",null,null,null,null],["0041400302",369,1,42,3,"10:18 PM","1:07","Schroder 2' Driving Layup (13 PTS)",null,null,"81 - 66","-15"],["0041400302",370,6,28,3,"10:18 PM","1:01","Bazemore Personal Take Foul (P2.T4) (B.Spooner)",null,null,null,null],["0041400302",371,8,0,3,"10:18 PM","1:01","SUB: Horford FOR Korver",null,null,null,null],["0041400302",372,8,0,3,"10:19 PM","1:01","SUB: Mack FOR Scott",null,null,null,null],["0041400302",375,2,1,3,"10:19 PM","0:44",null,null,"MISS James 26' 3PT Jump Shot",null,null],["0041400302",376,4,0,3,"10:19 PM","0:43",null,null,"Thompson REBOUND (Off:5 Def:9)",null,null],["0041400302",377,6,2,3,"10:19 PM","0:42","Millsap S.FOUL (P3.PN) (J.Crawford)",null,null,null,null],["0041400302",378,3,11,3,"10:19 PM","0:42",null,null,"Thompson Free Throw 1 of 2 (5 PTS)","82 - 66","-16"],["0041400302",380,8,0,3,"10:20 PM","0:42","SUB: Scott FOR Millsap",null,null,null,null],["0041400302",381,8,0,3,"10:20 PM","0:42",null,null,"SUB: Shumpert FOR Dellavedova",null,null],["0041400302",382,3,12,3,"10:20 PM","0:42",null,null,"MISS Thompson Free Throw 2 of 2",null,null],["0041400302",384,4,0,3,"10:20 PM","0:40","Mack REBOUND (Off:0 Def:1)",null,null,null,null],["0041400302",385,2,79,3,"10:20 PM","0:32","MISS Schroder 27' 3PT Pullup Jump Shot",null,"Jones BLOCK (1 BLK)",null,null],["0041400302",386,4,0,3,"10:20 PM","0:29",null,null,"James REBOUND (Off:1 Def:6)",null,null],["0041400302",387,1,42,3,"10:21 PM","0:09",null,null,"James 3' Driving Layup (28 PTS)","84 - 66","-18"],["0041400302",388,2,1,3,"10:21 PM","0:01","MISS Bazemore 24' 3PT Jump Shot",null,null,null,null],["0041400302",389,4,0,3,"10:21 PM","0:00","Horford REBOUND (Off:2 Def:4)",null,null,null,null],["0041400302",390,2,1,3,"10:21 PM","0:00","MISS Horford 9' Jump Shot",null,null,null,null],["0041400302",391,4,0,3,"10:21 PM","0:00","Mack REBOUND (Off:1 Def:1)",null,null,null,null],["0041400302",392,13,0,3,"10:21 PM","0:00",null,null,null,"84 - 66","-18"],["0041400302",394,12,0,4,"10:25 PM","12:00",null,null,null,"84 - 66","-18"],["0041400302",395,9,1,4,"10:25 PM","11:43","HAWKS Timeout: Regular (Full 4 Short 2)",null,null,null,null],["0041400302",396,8,0,4,"10:28 PM","11:43","SUB: Antic FOR Horford",null,null,null,null],["0041400302",398,2,1,4,"10:29 PM","11:36","MISS Antic 24' 3PT Jump Shot",null,null,null,null],["0041400302",399,4,0,4,"10:29 PM","11:35",null,null,"Jones REBOUND (Off:0 Def:2)",null,null],["0041400302",400,2,80,4,"10:29 PM","11:16",null,null,"MISS Dellavedova 25' 3PT Step Back Jump Shot",null,null],["0041400302",401,4,0,4,"10:29 PM","11:14","HAWKS Rebound",null,null,null,null],["0041400302",403,7,2,4,"10:30 PM","10:55",null,null,"Thompson Violation:Defensive Goaltending (J.Crawford)",null,null],["0041400302",402,1,56,4,"10:30 PM","10:55","Carroll 5' Running Hook Shot (6 PTS)",null,null,"84 - 68","-16"],["0041400302",404,2,52,4,"10:30 PM","10:43",null,null,"MISS Thompson  Alley Oop Dunk",null,null],["0041400302",405,4,0,4,"10:30 PM","10:39","Scott REBOUND (Off:2 Def:2)",null,null,null,null],["0041400302",406,2,1,4,"10:30 PM","10:34","MISS Mack 26' 3PT Jump Shot",null,null,null,null],["0041400302",407,4,0,4,"10:30 PM","10:32","Carroll REBOUND (Off:1 Def:2)",null,null,null,null],["0041400302",408,1,57,4,"10:30 PM","10:29","Scott 8' Driving Hook Shot (4 PTS) (Teague 6 AST)",null,null,"84 - 70","-14"],["0041400302",409,1,80,4,"10:31 PM","10:05",null,null,"Smith 16' Step Back Jump Shot (9 PTS) (Dellavedova 4 AST)","86 - 70","-16"],["0041400302",410,5,1,4,"10:31 PM","10:00","Scott Bad Pass Turnover (P1.T7)",null,"Jones STEAL (1 STL)",null,null],["0041400302",411,5,1,4,"10:31 PM","9:43","Scott STEAL (1 STL)",null,"Thompson Bad Pass Turnover (P2.T12)",null,null],["0041400302",412,1,42,4,"10:31 PM","9:37","Mack 1' Driving Layup (2 PTS) (Scott 1 AST)",null,null,"86 - 72","-14"],["0041400302",413,2,79,4,"10:32 PM","9:00",null,null,"MISS Shumpert 20' Pullup Jump Shot",null,null],["0041400302",414,4,0,4,"10:32 PM","8:57","Mack REBOUND (Off:1 Def:2)",null,null,null,null],["0041400302",415,5,1,4,"10:32 PM","8:43","Antic Bad Pass Turnover (P1.T8)",null,"Shumpert STEAL (1 STL)",null,null],["0041400302",416,9,1,4,"10:32 PM","8:39",null,null,"Cavaliers Timeout: Regular (Reg.4 Short 0)",null,null],["0041400302",418,8,0,4,"10:35 PM","8:39","SUB: Horford FOR Antic",null,null,null,null],["0041400302",419,8,0,4,"10:35 PM","8:39",null,null,"SUB: James FOR Jones",null,null],["0041400302",420,1,42,4,"10:36 PM","8:19",null,null,"Shumpert 2' Driving Layup (16 PTS)","88 - 72","-16"],["0041400302",421,2,79,4,"10:36 PM","7:59","MISS Mack 25' 3PT Pullup Jump Shot",null,null,null,null],["0041400302",422,4,0,4,"10:36 PM","7:57",null,null,"Smith REBOUND (Off:0 Def:1)",null,null],["0041400302",423,2,83,4,"10:37 PM","7:39",null,null,"MISS James 13' Fadeaway Bank Shot",null,null],["0041400302",424,4,0,4,"10:37 PM","7:36","Scott REBOUND (Off:2 Def:3)",null,null,null,null],["0041400302",425,2,1,4,"10:37 PM","7:29","MISS Teague 25' 3PT Jump Shot",null,null,null,null],["0041400302",426,4,0,4,"10:37 PM","7:28",null,null,"Thompson REBOUND (Off:5 Def:10)",null,null],["0041400302",427,2,1,4,"10:37 PM","7:14",null,null,"MISS Dellavedova 26' 3PT Jump Shot",null,null],["0041400302",428,4,0,4,"10:37 PM","7:13","Scott REBOUND (Off:2 Def:4)",null,null,null,null],["0041400302",429,5,2,4,"10:37 PM","7:04","Scott Lost Ball Turnover (P2.T9)",null,"Smith STEAL (2 STL)",null,null],["0041400302",430,2,80,4,"10:38 PM","6:39",null,null,"MISS Shumpert 26' 3PT Step Back Jump Shot",null,null],["0041400302",431,4,0,4,"10:38 PM","6:36",null,null,"Cavaliers Rebound",null,null],["0041400302",432,8,0,4,"10:38 PM","6:36","SUB: Bazemore FOR Teague",null,null,null,null],["0041400302",433,6,2,4,"10:38 PM","6:21","Carroll S.FOUL (P2.T1) (J.Crawford)",null,null,null,null],["0041400302",434,3,11,4,"10:39 PM","6:21",null,null,"MISS James Free Throw 1 of 2",null,null],["0041400302",435,4,1,4,"10:39 PM","6:21",null,null,"Cavaliers Rebound",null,null],["0041400302",436,3,12,4,"10:39 PM","6:21",null,null,"James Free Throw 2 of 2 (29 PTS)","89 - 72","-17"],["0041400302",438,2,1,4,"10:39 PM","6:09","MISS Horford 19' Jump Shot",null,null,null,null],["0041400302",439,4,0,4,"10:39 PM","6:07","Scott REBOUND (Off:3 Def:4)",null,null,null,null],["0041400302",440,1,72,4,"10:39 PM","6:06","Scott 1' Putback Layup (6 PTS)",null,null,"89 - 74","-15"],["0041400302",441,1,1,4,"10:40 PM","5:50",null,null,"Dellavedova 22' Jump Shot (11 PTS) (James 10 AST)","91 - 74","-17"],["0041400302",442,2,79,4,"10:40 PM","5:35","MISS Mack 16' Pullup Jump Shot",null,null,null,null],["0041400302",443,4,0,4,"10:40 PM","5:33",null,null,"Smith REBOUND (Off:0 Def:2)",null,null],["0041400302",444,2,79,4,"10:40 PM","5:21",null,null,"MISS James 25' 3PT Pullup Jump Shot",null,null],["0041400302",445,4,0,4,"10:40 PM","5:18","Bazemore REBOUND (Off:0 Def:2)",null,null,null,null],["0041400302",446,2,1,4,"10:40 PM","5:11","MISS Scott 26' 3PT Jump Shot",null,null,null,null],["0041400302",447,4,0,4,"10:40 PM","5:09",null,null,"Thompson REBOUND (Off:5 Def:11)",null,null],["0041400302",448,1,52,4,"10:41 PM","4:53",null,null,"Thompson  Alley Oop Dunk (7 PTS) (James 11 AST)","93 - 74","-19"],["0041400302",449,9,1,4,"10:41 PM","4:53","HAWKS Timeout: Regular (Full 5 Short 2)",null,null,null,null],["0041400302",451,8,0,4,"10:43 PM","4:53","SUB: Jenkins FOR Carroll",null,null,null,null],["0041400302",452,8,0,4,"10:43 PM","4:53","SUB: Antic FOR Horford",null,null,null,null],["0041400302",453,8,0,4,"10:43 PM","4:53","SUB: Muscala FOR Bazemore",null,null,null,null],["0041400302",454,8,0,4,"10:44 PM","4:53",null,null,"SUB: Mozgov FOR Thompson",null,null],["0041400302",455,2,1,4,"10:45 PM","4:36","MISS Scott 24' 3PT Jump Shot",null,null,null,null],["0041400302",456,4,0,4,"10:45 PM","4:34",null,null,"James REBOUND (Off:1 Def:7)",null,null],["0041400302",457,2,79,4,"10:45 PM","4:22",null,null,"MISS James 24' 3PT Pullup Jump Shot",null,null],["0041400302",458,4,0,4,"10:45 PM","4:19",null,null,"Shumpert REBOUND (Off:1 Def:3)",null,null],["0041400302",459,2,86,4,"10:45 PM","4:01",null,null,"MISS James 17' Turnaround Fadeaway Shot",null,null],["0041400302",460,4,0,4,"10:45 PM","3:59","Jenkins REBOUND (Off:0 Def:1)",null,null,null,null],["0041400302",461,6,1,4,"10:45 PM","3:58",null,null,"James P.FOUL (P1.T1) (M.Callahan)",null,null],["0041400302",462,2,5,4,"10:46 PM","3:50","MISS Mack 3' Layup",null,null,null,null],["0041400302",463,4,0,4,"10:46 PM","3:48",null,null,"James REBOUND (Off:1 Def:8)",null,null],["0041400302",464,2,73,4,"10:46 PM","3:25",null,null,"MISS Shumpert 2' Driving Reverse Layup",null,null],["0041400302",465,4,0,4,"10:46 PM","3:25",null,null,"Cavaliers Rebound",null,null],["0041400302",466,5,11,4,"10:46 PM","3:25",null,null,"Cavaliers Turnover: Shot Clock (T#13)",null,null],["0041400302",468,6,2,4,"10:47 PM","3:12",null,null,"Mozgov S.FOUL (P2.T2) (J.Crawford)",null,null],["0041400302",469,3,11,4,"10:47 PM","3:12","MISS Antic Free Throw 1 of 2",null,null,null,null],["0041400302",470,4,1,4,"10:47 PM","3:12","HAWKS Rebound",null,null,null,null],["0041400302",471,3,12,4,"10:47 PM","3:12","Antic Free Throw 2 of 2 (1 PTS)",null,null,"93 - 75","-18"],["0041400302",474,6,2,4,"10:48 PM","3:00","Mack S.FOUL (P1.T2) (J.Crawford)",null,null,null,null],["0041400302",475,3,11,4,"10:48 PM","3:00",null,null,"James Free Throw 1 of 2 (30 PTS)","94 - 75","-19"],["0041400302",477,8,0,4,"10:48 PM","3:00",null,null,"SUB: Marion FOR Shumpert",null,null],["0041400302",478,3,12,4,"10:48 PM","3:00",null,null,"MISS James Free Throw 2 of 2",null,null],["0041400302",480,4,0,4,"10:48 PM","2:57","Antic REBOUND (Off:0 Def:1)",null,null,null,null],["0041400302",482,6,4,4,"10:48 PM","2:45","Antic OFF.Foul (P4) (B.Spooner)",null,null,null,null],["0041400302",483,5,5,4,"10:48 PM","2:45","Antic Foul Turnover (P2.T10)",null,null,null,null],["0041400302",484,8,0,4,"10:49 PM","2:45",null,null,"SUB: Jones FOR James",null,null],["0041400302",485,2,78,4,"10:49 PM","2:32",null,null,"MISS Dellavedova 7' Floating Jump Shot",null,null],["0041400302",486,4,0,4,"10:49 PM","2:30","Antic REBOUND (Off:0 Def:2)",null,null,null,null],["0041400302",488,1,79,4,"10:50 PM","2:22","Mack 26' 3PT Pullup Jump Shot (5 PTS)",null,null,"94 - 78","-16"],["0041400302",489,6,1,4,"10:50 PM","2:10","Jenkins P.FOUL (P1.T3) (B.Spooner)",null,null,null,null],["0041400302",490,9,1,4,"10:50 PM","2:10",null,null,"Cavaliers Timeout: Regular (Reg.5 Short 0)",null,null],["0041400302",493,8,0,4,"10:52 PM","2:10",null,null,"SUB: Harris FOR Dellavedova",null,null],["0041400302",494,2,1,4,"10:52 PM","2:00",null,null,"MISS Harris 24' 3PT Jump Shot",null,null],["0041400302",495,4,0,4,"10:52 PM","1:59",null,null,"Mozgov REBOUND (Off:2 Def:5)",null,null],["0041400302",496,2,1,4,"10:52 PM","1:41",null,null,"MISS Harris  3PT Jump Shot",null,null],["0041400302",497,4,0,4,"10:52 PM","1:40","Antic REBOUND (Off:0 Def:3)",null,null,null,null],["0041400302",498,5,1,4,"10:53 PM","1:34","Scott Bad Pass Turnover (P3.T11)",null,"Jones STEAL (2 STL)",null,null],["0041400302",499,2,80,4,"10:53 PM","1:12",null,null,"MISS Smith 25' 3PT Step Back Jump Shot",null,null],["0041400302",500,4,0,4,"10:53 PM","1:10","HAWKS Rebound",null,null,null,null],["0041400302",501,2,1,4,"10:53 PM","1:03","MISS Mack 27' 3PT Jump Shot",null,null,null,null],["0041400302",502,4,0,4,"10:53 PM","1:03",null,null,"Cavaliers Rebound",null,null],["0041400302",503,2,79,4,"10:54 PM","0:46",null,null,"MISS Smith 19' Pullup Jump Shot",null,null],["0041400302",504,4,0,4,"10:54 PM","0:44","Antic REBOUND (Off:0 Def:4)",null,null,null,null],["0041400302",505,1,50,4,"10:54 PM","0:41","Muscala  Running Dunk (2 PTS) (Mack 1 AST)",null,null,"94 - 80","-14"],["0041400302",506,2,78,4,"10:54 PM","0:21",null,null,"MISS Harris 9' Floating Jump Shot",null,null],["0041400302",507,4,0,4,"10:54 PM","0:19","Antic REBOUND (Off:0 Def:5)",null,null,null,null],["0041400302",508,6,2,4,"10:54 PM","0:07",null,null,"Smith S.FOUL (P3.T3) (M.Callahan)",null,null],["0041400302",509,3,11,4,"10:55 PM","0:07","Mack Free Throw 1 of 2 (6 PTS)",null,null,"94 - 81","-13"],["0041400302",511,3,12,4,"10:55 PM","0:07","Mack Free Throw 2 of 2 (7 PTS)",null,null,"94 - 82","-12"],["0041400302",513,13,0,4,"10:55 PM","0:00",null,null,null,"94 - 82","-12"]]},{"name":"AvailableVideo","headers":["VIDEO_AVAILABLE_FLAG"],"rowSet":[[1]]}]}