{"resource":"playbyplay","parameters":{"GameID":"0041400105","StartPeriod":0,"EndPeriod":14},"resultSets":[{"name":"PlayByPlay","headers":["GAME_ID","EVENTNUM","EVENTMSGTYPE","EVENTMSGACTIONTYPE","PERIOD","WCTIMESTRING","PCTIMESTRING","HOMEDESCRIPTION","NEUTRALDESCRIPTION","VISITORDESCRIPTION","SCORE","SCOREMARGIN"],"rowSet":[["0041400105",0,12,0,1,"7:11 PM","12:00",null,null,null,null,null],["0041400105",1,10,0,1,"7:11 PM","12:00","Jump Ball Horford vs. Lopez: Tip to Korver",null,null,null,null],["0041400105",2,1,5,1,"7:11 PM","11:36","Horford 2' Layup (2 PTS) (Millsap 1 AST)",null,null,"0 - 2","2"],["0041400105",3,2,79,1,"7:12 PM","11:14",null,null,"MISS Johnson 14' Pullup Jump Shot",null,null],["0041400105",4,4,0,1,"7:12 PM","11:12","Horford REBOUND (Off:0 Def:1)",null,null,null,null],["0041400105",5,1,1,1,"7:12 PM","11:03","Korver 18' Jump Shot (2 PTS) (Carroll 1 AST)",null,null,"0 - 4","4"],["0041400105",6,1,1,1,"7:12 PM","10:39",null,null,"Young 19' Jump Shot (2 PTS) (Johnson 1 AST)","2 - 4","2"],["0041400105",7,6,1,1,"7:13 PM","10:14",null,null,"Young P.FOUL (P1.T1) (D.Jones)",null,null],["0041400105",8,1,66,1,"7:13 PM","10:00","Horford 7' Jump Bank Shot (4 PTS) (Carroll 2 AST)",null,null,"2 - 6","4"],["0041400105",10,2,1,1,"7:14 PM","9:40",null,null,"MISS Young 25' 3PT Jump Shot",null,null],["0041400105",11,4,0,1,"7:14 PM","9:38","Carroll REBOUND (Off:0 Def:1)",null,null,null,null],["0041400105",12,2,5,1,"7:14 PM","9:26","MISS Carroll 2' Layup",null,null,null,null],["0041400105",13,4,0,1,"7:14 PM","9:25",null,null,"Young REBOUND (Off:0 Def:1)",null,null],["0041400105",14,2,75,1,"7:14 PM","9:12",null,null,"MISS Lopez 1' Driving Finger Roll Layup",null,null],["0041400105",15,4,0,1,"7:14 PM","9:11","Horford REBOUND (Off:0 Def:2)",null,null,null,null],["0041400105",16,2,1,1,"7:14 PM","9:05","MISS Teague 25' 3PT Jump Shot",null,null,null,null],["0041400105",17,4,0,1,"7:14 PM","9:02",null,null,"Johnson REBOUND (Off:0 Def:1)",null,null],["0041400105",18,2,79,1,"7:15 PM","8:48",null,null,"MISS Johnson 5' Pullup Jump Shot",null,null],["0041400105",20,4,0,1,"7:15 PM","8:47",null,null,"Johnson REBOUND (Off:1 Def:1)",null,null],["0041400105",19,1,72,1,"7:15 PM","8:47",null,null,"Johnson  Putback Layup (2 PTS)","4 - 6","2"],["0041400105",21,2,42,1,"7:15 PM","8:25","MISS Teague 1' Driving Layup",null,null,null,null],["0041400105",23,4,0,1,"7:15 PM","8:24","Horford REBOUND (Off:1 Def:2)",null,null,null,null],["0041400105",22,1,87,1,"7:15 PM","8:24","Horford  Putback Dunk (6 PTS)",null,null,"4 - 8","4"],["0041400105",24,5,1,1,"7:15 PM","8:21","Horford STEAL (1 STL)",null,"Lopez Bad Pass Turnover (P1.T1)",null,null],["0041400105",25,1,5,1,"7:15 PM","8:18","Carroll 2' Layup (2 PTS) (Horford 1 AST)",null,null,"4 - 10","6"],["0041400105",26,6,2,1,"7:15 PM","7:56","Horford S.FOUL (P1.T1) (D.Jones)",null,null,null,null],["0041400105",27,3,11,1,"7:16 PM","7:56",null,null,"Lopez Free Throw 1 of 2 (1 PTS)","5 - 10","5"],["0041400105",29,3,12,1,"7:16 PM","7:56",null,null,"Lopez Free Throw 2 of 2 (2 PTS)","6 - 10","4"],["0041400105",31,1,82,1,"7:16 PM","7:44","Carroll 6' Driving Bank Shot (4 PTS)",null,null,"6 - 12","6"],["0041400105",32,1,1,1,"7:17 PM","7:30",null,null,"Young 20' Jump Shot (4 PTS) (Johnson 2 AST)","8 - 12","4"],["0041400105",33,5,1,1,"7:17 PM","7:13","Korver Bad Pass Turnover (P1.T1)",null,"Bogdanovic STEAL (1 STL)",null,null],["0041400105",34,5,2,1,"7:17 PM","7:09","Millsap STEAL (1 STL)",null,"Bogdanovic Lost Ball Turnover (P1.T2)",null,null],["0041400105",35,6,2,1,"7:17 PM","7:01",null,null,"D. Williams S.FOUL (P1.T2) (J.Williams)",null,null],["0041400105",36,3,11,1,"7:17 PM","7:01","Carroll Free Throw 1 of 2 (5 PTS)",null,null,"8 - 13","5"],["0041400105",38,3,12,1,"7:18 PM","7:01","MISS Carroll Free Throw 2 of 2",null,null,null,null],["0041400105",40,4,0,1,"7:18 PM","7:00",null,null,"Johnson REBOUND (Off:1 Def:2)",null,null],["0041400105",41,2,1,1,"7:18 PM","6:46",null,null,"MISS Lopez 21' Jump Shot",null,null],["0041400105",42,4,0,1,"7:18 PM","6:45","Teague REBOUND (Off:0 Def:1)",null,null,null,null],["0041400105",43,1,1,1,"7:18 PM","6:27","Korver 25' 3PT Jump Shot (5 PTS) (Teague 1 AST)",null,null,"8 - 16","8"],["0041400105",44,9,1,1,"7:19 PM","6:24",null,null,"Nets Timeout: Regular (Reg.1 Short 0)",null,null],["0041400105",46,2,79,1,"7:22 PM","6:12","Korver BLOCK (1 BLK)",null,"MISS Bogdanovic 14' Pullup Jump Shot",null,null],["0041400105",47,4,0,1,"7:22 PM","6:10","Horford REBOUND (Off:1 Def:3)",null,null,null,null],["0041400105",48,2,5,1,"7:22 PM","6:02","MISS Horford 2' Layup",null,null,null,null],["0041400105",49,4,0,1,"7:22 PM","6:00",null,null,"Johnson REBOUND (Off:1 Def:3)",null,null],["0041400105",50,2,1,1,"7:23 PM","5:47",null,null,"MISS Bogdanovic 26' 3PT Jump Shot",null,null],["0041400105",51,4,0,1,"7:23 PM","5:45","Horford REBOUND (Off:1 Def:4)",null,null,null,null],["0041400105",52,2,1,1,"7:23 PM","5:33","MISS Horford 22' Jump Shot",null,null,null,null],["0041400105",53,4,0,1,"7:23 PM","5:33",null,null,"Nets Rebound",null,null],["0041400105",54,8,0,1,"7:23 PM","5:33","SUB: Antic FOR Horford",null,null,null,null],["0041400105",55,8,0,1,"7:23 PM","5:33","SUB: Bazemore FOR Korver",null,null,null,null],["0041400105",56,5,2,1,"7:23 PM","5:18","Carroll STEAL (1 STL)",null,"Johnson Lost Ball Turnover (P1.T3)",null,null],["0041400105",57,1,41,1,"7:24 PM","5:13","Carroll 2' Running Layup (7 PTS)",null,null,"8 - 18","10"],["0041400105",58,2,1,1,"7:24 PM","4:57",null,null,"MISS D. Williams  3PT Jump Shot",null,null],["0041400105",59,4,0,1,"7:24 PM","4:55","Carroll REBOUND (Off:0 Def:2)",null,null,null,null],["0041400105",60,1,1,1,"7:24 PM","4:49","Teague 25' 3PT Jump Shot (3 PTS)",null,null,"8 - 21","13"],["0041400105",62,8,0,1,"7:24 PM","4:34",null,null,"SUB: Anderson FOR Bogdanovic",null,null],["0041400105",63,6,2,1,"7:25 PM","4:25","Millsap S.FOUL (P1.T2) (J.Williams)",null,null,null,null],["0041400105",64,3,11,1,"7:25 PM","4:25",null,null,"Lopez Free Throw 1 of 2 (3 PTS)","9 - 21","12"],["0041400105",66,3,12,1,"7:25 PM","4:25",null,null,"Lopez Free Throw 2 of 2 (4 PTS)","10 - 21","11"],["0041400105",69,6,1,1,"7:26 PM","4:15",null,null,"Lopez P.FOUL (P1.T3) (J.Williams)",null,null],["0041400105",71,2,1,1,"7:26 PM","4:02","MISS Millsap  3PT Jump Shot",null,null,null,null],["0041400105",72,4,0,1,"7:26 PM","3:58","Bazemore REBOUND (Off:1 Def:0)",null,null,null,null],["0041400105",73,2,5,1,"7:26 PM","3:50","MISS Bazemore 3' Layup",null,null,null,null],["0041400105",74,4,0,1,"7:26 PM","3:48",null,null,"Anderson REBOUND (Off:0 Def:1)",null,null],["0041400105",75,2,44,1,"7:26 PM","3:39",null,null,"MISS Young 2' Reverse Layup",null,null],["0041400105",76,4,0,1,"7:26 PM","3:38","Carroll REBOUND (Off:0 Def:3)",null,null,null,null],["0041400105",77,9,1,1,"7:27 PM","3:35","HAWKS Timeout: Regular (Full 1 Short 0)",null,null,null,null],["0041400105",79,8,0,1,"7:29 PM","3:35",null,null,"SUB: Jack FOR Johnson",null,null],["0041400105",80,8,0,1,"7:30 PM","3:35","SUB: Schroder FOR Teague",null,null,null,null],["0041400105",81,1,1,1,"7:30 PM","3:21","Bazemore 4' Jump Shot (2 PTS) (Schroder 1 AST)",null,null,"10 - 23","13"],["0041400105",82,1,63,1,"7:31 PM","2:59",null,null,"Anderson 19' Fadeaway Jumper (2 PTS)","12 - 23","11"],["0041400105",83,1,42,1,"7:31 PM","2:44","Schroder 2' Driving Layup (2 PTS) (Millsap 2 AST)",null,null,"12 - 25","13"],["0041400105",84,2,78,1,"7:31 PM","2:30",null,null,"MISS Jack 13' Floating Jump Shot",null,null],["0041400105",85,4,0,1,"7:31 PM","2:29","Antic REBOUND (Off:0 Def:1)",null,null,null,null],["0041400105",86,2,79,1,"7:31 PM","2:22","MISS Schroder 20' Pullup Jump Shot",null,null,null,null],["0041400105",87,4,0,1,"7:31 PM","2:21",null,null,"Young REBOUND (Off:0 Def:2)",null,null],["0041400105",88,1,1,1,"7:32 PM","2:13",null,null,"Lopez 9' Jump Shot (6 PTS) (D. Williams 1 AST)","14 - 25","11"],["0041400105",89,2,1,1,"7:32 PM","1:54","MISS Bazemore  3PT Jump Shot",null,null,null,null],["0041400105",90,4,0,1,"7:32 PM","1:52",null,null,"D. Williams REBOUND (Off:0 Def:1)",null,null],["0041400105",91,2,79,1,"7:32 PM","1:46",null,null,"MISS D. Williams 18' Pullup Jump Shot",null,null],["0041400105",92,4,0,1,"7:32 PM","1:44","Schroder REBOUND (Off:0 Def:1)",null,null,null,null],["0041400105",93,1,79,1,"7:32 PM","1:27","Millsap 19' Pullup Jump Shot (2 PTS)",null,null,"14 - 27","13"],["0041400105",94,1,5,1,"7:33 PM","1:09",null,null,"Young 2' Layup (6 PTS) (D. Williams 2 AST)","16 - 27","11"],["0041400105",96,2,1,1,"7:33 PM","0:50","MISS Bazemore 24' 3PT Jump Shot",null,null,null,null],["0041400105",97,4,0,1,"7:33 PM","0:49","HAWKS Rebound",null,null,null,null],["0041400105",98,8,0,1,"7:33 PM","0:49","SUB: Korver FOR Carroll",null,null,null,null],["0041400105",99,8,0,1,"7:33 PM","0:49","SUB: Horford FOR Millsap",null,null,null,null],["0041400105",100,8,0,1,"7:33 PM","0:49",null,null,"SUB: Plumlee FOR Lopez",null,null],["0041400105",101,1,1,1,"7:34 PM","0:41","Antic 24' 3PT Jump Shot (3 PTS) (Schroder 2 AST)",null,null,"16 - 30","14"],["0041400105",102,2,63,1,"7:34 PM","0:29",null,null,"MISS Jack 13' Fadeaway Jumper",null,null],["0041400105",103,4,0,1,"7:34 PM","0:28","Korver REBOUND (Off:0 Def:1)",null,null,null,null],["0041400105",104,5,2,1,"7:34 PM","0:10","Schroder Lost Ball Turnover (P1.T2)",null,"Plumlee STEAL (1 STL)",null,null],["0041400105",105,5,40,1,"7:34 PM","0:07",null,null,"Plumlee Out of Bounds Lost Ball Turnover (P1.T4)",null,null],["0041400105",106,6,1,1,"7:35 PM","0:03",null,null,"Young P.FOUL (P2.T4) (J.Williams)",null,null],["0041400105",111,8,0,1,"7:35 PM","0:03","SUB: Carroll FOR Bazemore",null,null,null,null],["0041400105",108,1,63,1,"7:36 PM","0:00","Carroll 25' 3PT Fadeaway Jumper (10 PTS) (Horford 2 AST)",null,null,"16 - 33","17"],["0041400105",109,13,0,1,"7:36 PM","0:00",null,null,null,"16 - 33","17"],["0041400105",112,12,0,2,"7:40 PM","12:00",null,null,null,"16 - 33","17"],["0041400105",113,5,11,2,"7:40 PM","11:35",null,null,"Nets Turnover: Shot Clock (T#5)",null,null],["0041400105",114,2,1,2,"7:41 PM","11:22","MISS Korver  3PT Jump Shot",null,"Bogdanovic BLOCK (1 BLK)",null,null],["0041400105",115,4,0,2,"7:41 PM","11:20",null,null,"Johnson REBOUND (Off:1 Def:4)",null,null],["0041400105",116,2,1,2,"7:41 PM","11:06",null,null,"MISS Bogdanovic 24' 3PT Jump Shot",null,null],["0041400105",117,4,0,2,"7:41 PM","11:05","Horford REBOUND (Off:1 Def:5)",null,null,null,null],["0041400105",118,2,1,2,"7:41 PM","10:54","MISS Antic 24' 3PT Jump Shot",null,null,null,null],["0041400105",119,4,0,2,"7:41 PM","10:53",null,null,"Anderson REBOUND (Off:0 Def:2)",null,null],["0041400105",120,1,79,2,"7:41 PM","10:41",null,null,"Jack 16' Pullup Jump Shot (2 PTS)","18 - 33","15"],["0041400105",122,8,0,2,"7:42 PM","10:26","SUB: Scott FOR Antic",null,null,null,null],["0041400105",123,2,1,2,"7:42 PM","10:18","MISS Schroder 25' 3PT Jump Shot",null,null,null,null],["0041400105",124,4,0,2,"7:42 PM","10:17",null,null,"Johnson REBOUND (Off:1 Def:5)",null,null],["0041400105",125,1,1,2,"7:43 PM","9:54",null,null,"Anderson  3PT Jump Shot (5 PTS) (Bogdanovic 1 AST)","21 - 33","12"],["0041400105",126,2,41,2,"7:43 PM","9:47","MISS Bazemore 3' Running Layup",null,"Plumlee BLOCK (1 BLK)",null,null],["0041400105",127,4,0,2,"7:43 PM","9:47","HAWKS Rebound",null,null,null,null],["0041400105",128,8,0,2,"7:43 PM","9:47","SUB: Mack FOR Bazemore",null,null,null,null],["0041400105",129,5,1,2,"7:43 PM","9:42","Schroder Bad Pass Turnover (P2.T3)",null,null,null,null],["0041400105",130,1,1,2,"7:44 PM","9:25",null,null,"Anderson 25' 3PT Jump Shot (8 PTS)","24 - 33","9"],["0041400105",131,9,1,2,"7:44 PM","9:18","HAWKS Timeout: Regular (Full 2 Short 0)",null,null,null,null],["0041400105",133,8,0,2,"7:47 PM","9:18","SUB: Teague FOR Schroder",null,null,null,null],["0041400105",134,8,0,2,"7:47 PM","9:18","SUB: Carroll FOR Mack",null,null,null,null],["0041400105",135,2,1,2,"7:48 PM","9:00","MISS Carroll 25' 3PT Jump Shot",null,null,null,null],["0041400105",136,4,0,2,"7:48 PM","8:58",null,null,"Jack REBOUND (Off:0 Def:1)",null,null],["0041400105",137,1,1,2,"7:48 PM","8:38",null,null,"Johnson 24' 3PT Jump Shot (5 PTS)","27 - 33","6"],["0041400105",138,6,1,2,"7:48 PM","8:17",null,null,"Bogdanovic P.FOUL (P1.T1) (M.McCutchen)",null,null],["0041400105",139,8,0,2,"7:49 PM","8:17","SUB: Millsap FOR Scott",null,null,null,null],["0041400105",140,2,47,2,"7:49 PM","8:00","MISS Teague 26' 3PT Turnaround Jump Shot",null,null,null,null],["0041400105",141,4,0,2,"7:49 PM","7:57","Millsap REBOUND (Off:1 Def:0)",null,null,null,null],["0041400105",142,1,72,2,"7:49 PM","7:55","Millsap 1' Putback Layup (4 PTS)",null,null,"27 - 35","8"],["0041400105",143,6,2,2,"7:50 PM","7:34","Horford S.FOUL (P2.T1) (J.Williams)",null,null,null,null],["0041400105",144,3,11,2,"7:50 PM","7:34",null,null,"Johnson Free Throw 1 of 2 (6 PTS)","28 - 35","7"],["0041400105",146,3,12,2,"7:50 PM","7:34",null,null,"MISS Johnson Free Throw 2 of 2",null,null],["0041400105",148,4,0,2,"7:50 PM","7:33","Horford REBOUND (Off:1 Def:6)",null,null,null,null],["0041400105",149,1,1,2,"7:50 PM","7:18","Carroll 16' Jump Shot (12 PTS) (Horford 3 AST)",null,null,"28 - 37","9"],["0041400105",150,2,82,2,"7:51 PM","7:01",null,null,"MISS Jack 10' Driving Bank Shot",null,null],["0041400105",151,4,0,2,"7:51 PM","7:00","Carroll REBOUND (Off:0 Def:4)",null,null,null,null],["0041400105",152,2,63,2,"7:51 PM","6:48","MISS Millsap 15' Fadeaway Jumper",null,null,null,null],["0041400105",153,4,0,2,"7:51 PM","6:46",null,null,"Johnson REBOUND (Off:1 Def:6)",null,null],["0041400105",154,1,41,2,"7:51 PM","6:40",null,null,"Bogdanovic 2' Running Layup (2 PTS) (Johnson 3 AST)","30 - 37","7"],["0041400105",155,1,79,2,"7:51 PM","6:22","Teague 25' 3PT Pullup Jump Shot (6 PTS) (Korver 1 AST)",null,null,"30 - 40","10"],["0041400105",157,5,2,2,"7:52 PM","5:59","Teague STEAL (1 STL)",null,"Jack Lost Ball Turnover (P1.T6)",null,null],["0041400105",158,6,2,2,"7:52 PM","5:54",null,null,"Plumlee S.FOUL (P1.T2) (J.Williams)",null,null],["0041400105",159,9,4,2,"7:52 PM","5:54",null,null,null,null,null],["0041400105",160,8,0,2,"7:55 PM","5:54",null,null,"SUB: D. Williams FOR Bogdanovic",null,null],["0041400105",161,8,0,2,"7:55 PM","5:54",null,null,"SUB: Lopez FOR Plumlee",null,null],["0041400105",162,8,0,2,"7:55 PM","5:54","SUB: Antic FOR Horford",null,null,null,null],["0041400105",163,8,0,2,"7:55 PM","5:54","SUB: Bazemore FOR Korver",null,null,null,null],["0041400105",164,3,11,2,"7:55 PM","5:54","Carroll Free Throw 1 of 2 (13 PTS)",null,null,"30 - 41","11"],["0041400105",166,3,12,2,"7:56 PM","5:54","Carroll Free Throw 2 of 2 (14 PTS)",null,null,"30 - 42","12"],["0041400105",168,7,5,2,"7:56 PM","5:43","Teague Violation:Kicked Ball (.)",null,null,null,null],["0041400105",169,1,1,2,"7:57 PM","5:33",null,null,"Anderson 16' Jump Shot (10 PTS) (Jack 1 AST)","32 - 42","10"],["0041400105",170,5,40,2,"7:57 PM","5:16","Millsap Out of Bounds Lost Ball Turnover (P1.T4)",null,null,null,null],["0041400105",171,6,2,2,"7:57 PM","5:10","Millsap S.FOUL (P2.T2) (D.Jones)",null,null,null,null],["0041400105",172,3,11,2,"7:57 PM","5:10",null,null,"Lopez Free Throw 1 of 2 (7 PTS)","33 - 42","9"],["0041400105",174,8,0,2,"7:58 PM","5:10","SUB: Korver FOR Bazemore",null,null,null,null],["0041400105",175,3,12,2,"7:58 PM","5:10",null,null,"Lopez Free Throw 2 of 2 (8 PTS)","34 - 42","8"],["0041400105",177,2,1,2,"7:58 PM","4:59","MISS Korver  3PT Jump Shot",null,null,null,null],["0041400105",178,4,0,2,"7:58 PM","4:57",null,null,"Jack REBOUND (Off:0 Def:2)",null,null],["0041400105",179,2,77,2,"7:58 PM","4:41",null,null,"MISS Jack 5' Driving Jump Shot",null,null],["0041400105",180,4,0,2,"7:58 PM","4:40","Millsap REBOUND (Off:1 Def:1)",null,null,null,null],["0041400105",181,6,2,2,"7:59 PM","4:36",null,null,"D. Williams S.FOUL (P2.T3) (D.Jones)",null,null],["0041400105",182,3,11,2,"7:59 PM","4:36","Antic Free Throw 1 of 2 (4 PTS)",null,null,"34 - 43","9"],["0041400105",184,3,12,2,"7:59 PM","4:36","Antic Free Throw 2 of 2 (5 PTS)",null,null,"34 - 44","10"],["0041400105",186,1,1,2,"8:00 PM","4:18",null,null,"Lopez 11' Jump Shot (10 PTS) (Jack 2 AST)","36 - 44","8"],["0041400105",187,1,42,2,"8:00 PM","3:59","Carroll 2' Driving Layup (16 PTS) (Korver 2 AST)",null,null,"36 - 46","10"],["0041400105",188,2,41,2,"8:00 PM","3:49",null,null,"MISS D. Williams 2' Running Layup",null,null],["0041400105",190,4,0,2,"8:00 PM","3:47",null,null,"D. Williams REBOUND (Off:1 Def:1)",null,null],["0041400105",189,2,4,2,"8:00 PM","3:47",null,null,"MISS D. Williams 1' Tip Shot",null,null],["0041400105",191,4,0,2,"8:00 PM","3:46","Antic REBOUND (Off:0 Def:2)",null,null,null,null],["0041400105",192,2,1,2,"8:00 PM","3:38","MISS Teague 25' 3PT Jump Shot",null,null,null,null],["0041400105",193,4,0,2,"8:00 PM","3:36",null,null,"Anderson REBOUND (Off:0 Def:3)",null,null],["0041400105",194,2,1,2,"8:01 PM","3:22",null,null,"MISS Lopez 6' Jump Shot",null,null],["0041400105",195,4,0,2,"8:01 PM","3:21","Antic REBOUND (Off:0 Def:3)",null,null,null,null],["0041400105",196,2,56,2,"8:01 PM","3:11","MISS Carroll 6' Running Hook Shot",null,null,null,null],["0041400105",197,4,0,2,"8:01 PM","3:08",null,null,"D. Williams REBOUND (Off:1 Def:2)",null,null],["0041400105",198,1,46,2,"8:01 PM","3:03",null,null,"D. Williams 7' Running Jump Shot (2 PTS)","38 - 46","8"],["0041400105",199,2,1,2,"8:01 PM","2:44","MISS Teague 7' Jump Shot",null,"Lopez BLOCK (1 BLK)",null,null],["0041400105",200,4,0,2,"8:01 PM","2:44","HAWKS Rebound",null,null,null,null],["0041400105",201,9,1,2,"8:01 PM","2:44",null,null,"Nets Timeout: Regular (Reg.2 Short 0)",null,null],["0041400105",203,8,0,2,"8:03 PM","2:44","SUB: Horford FOR Antic",null,null,null,null],["0041400105",204,8,0,2,"8:04 PM","2:44",null,null,"SUB: Young FOR D. Williams",null,null],["0041400105",206,2,42,2,"8:05 PM","2:39","MISS Horford 3' Driving Layup",null,null,null,null],["0041400105",207,4,0,2,"8:05 PM","2:37",null,null,"Lopez REBOUND (Off:0 Def:1)",null,null],["0041400105",208,10,0,2,"8:06 PM","2:23","Jump Ball Korver vs. Anderson: Tip to Young",null,null,null,null],["0041400105",209,2,1,2,"8:06 PM","2:13",null,null,"MISS Young 20' Jump Shot",null,null],["0041400105",210,4,0,2,"8:06 PM","2:11","Horford REBOUND (Off:1 Def:7)",null,null,null,null],["0041400105",211,2,1,2,"8:07 PM","2:03","MISS Horford 20' Jump Shot",null,null,null,null],["0041400105",212,4,0,2,"8:07 PM","2:01",null,null,"Anderson REBOUND (Off:0 Def:4)",null,null],["0041400105",213,2,63,2,"8:07 PM","1:44","Horford BLOCK (1 BLK)",null,"MISS Lopez 8' Fadeaway Jumper",null,null],["0041400105",214,4,0,2,"8:07 PM","1:43","Korver REBOUND (Off:0 Def:2)",null,null,null,null],["0041400105",215,1,77,2,"8:07 PM","1:38","Teague 8' Driving Jump Shot (8 PTS)",null,null,"38 - 48","10"],["0041400105",216,5,1,2,"8:07 PM","1:19","Korver STEAL (1 STL)",null,"Anderson Bad Pass Turnover (P1.T7)",null,null],["0041400105",217,2,1,2,"8:07 PM","1:14","MISS Korver 25' 3PT Jump Shot",null,null,null,null],["0041400105",218,4,0,2,"8:07 PM","1:12",null,null,"Jack REBOUND (Off:0 Def:3)",null,null],["0041400105",219,1,1,2,"8:07 PM","1:07",null,null,"Anderson  3PT Jump Shot (13 PTS) (Young 1 AST)","41 - 48","7"],["0041400105",220,6,2,2,"8:07 PM","1:07","Korver S.FOUL (P1.T3) (J.Williams)",null,null,null,null],["0041400105",221,8,0,2,"8:08 PM","1:07","SUB: Antic FOR Millsap",null,null,null,null],["0041400105",224,3,10,2,"8:08 PM","1:07",null,null,"Anderson Free Throw 1 of 1 (14 PTS)","42 - 48","6"],["0041400105",227,1,84,2,"8:08 PM","0:56","Horford 6' Running Bank Shot (8 PTS) (Teague 2 AST)",null,null,"42 - 50","8"],["0041400105",228,2,78,2,"8:09 PM","0:38",null,null,"MISS Lopez 10' Floating Jump Shot",null,null],["0041400105",229,4,0,2,"8:09 PM","0:37","Korver REBOUND (Off:0 Def:3)",null,null,null,null],["0041400105",230,1,1,2,"8:09 PM","0:27","Carroll 25' 3PT Jump Shot (19 PTS) (Horford 4 AST)",null,null,"42 - 53","11"],["0041400105",231,9,2,2,"8:09 PM","0:16",null,null,"Nets Timeout: Short (Reg.2 Short 1)",null,null],["0041400105",233,8,0,2,"8:10 PM","0:16","SUB: Bazemore FOR Horford",null,null,null,null],["0041400105",234,8,0,2,"8:10 PM","0:16",null,null,"SUB: Bogdanovic FOR Young",null,null],["0041400105",235,1,49,2,"8:11 PM","0:13",null,null,"Anderson  Driving Dunk (16 PTS) (Jack 3 AST)","44 - 53","9"],["0041400105",236,9,2,2,"8:11 PM","0:13","HAWKS Timeout: Short (Full 2 Short 1)",null,null,null,null],["0041400105",237,8,0,2,"8:12 PM","0:13","SUB: Millsap FOR Antic",null,null,null,null],["0041400105",238,8,0,2,"8:12 PM","0:13","SUB: Horford FOR Bazemore",null,null,null,null],["0041400105",239,8,0,2,"8:12 PM","0:13",null,null,"SUB: Plumlee FOR Lopez",null,null],["0041400105",240,6,28,2,"8:12 PM","0:03",null,null,"Jack Personal Take Foul (P1.T4) (M.McCutchen)",null,null],["0041400105",241,2,78,2,"8:13 PM","0:00","MISS Millsap 8' Floating Jump Shot",null,null,null,null],["0041400105",242,4,0,2,"8:13 PM","0:00","HAWKS Rebound",null,null,null,null],["0041400105",243,13,0,2,"8:13 PM","0:00",null,null,null,"44 - 53","9"],["0041400105",245,12,0,3,"8:31 PM","12:00",null,null,null,"44 - 53","9"],["0041400105",246,2,79,3,"8:31 PM","11:46",null,null,"MISS Anderson 15' Pullup Jump Shot",null,null],["0041400105",248,4,0,3,"8:31 PM","11:45",null,null,"Anderson REBOUND (Off:1 Def:4)",null,null],["0041400105",247,1,4,3,"8:31 PM","11:45",null,null,"Anderson 1' Tip Shot (18 PTS)","46 - 53","7"],["0041400105",249,2,79,3,"8:32 PM","11:25","MISS Korver 20' Pullup Jump Shot",null,null,null,null],["0041400105",250,4,0,3,"8:32 PM","11:22",null,null,"Johnson REBOUND (Off:1 Def:7)",null,null],["0041400105",251,2,77,3,"8:32 PM","11:08",null,null,"MISS D. Williams 5' Driving Jump Shot",null,null],["0041400105",252,4,0,3,"8:32 PM","11:05","Horford REBOUND (Off:1 Def:8)",null,null,null,null],["0041400105",253,2,1,3,"8:32 PM","11:01","MISS Carroll 25' 3PT Jump Shot",null,null,null,null],["0041400105",254,4,0,3,"8:32 PM","10:58",null,null,"Young REBOUND (Off:0 Def:3)",null,null],["0041400105",255,5,1,3,"8:32 PM","10:52","Teague STEAL (2 STL)",null,"D. Williams Bad Pass Turnover (P1.T8)",null,null],["0041400105",256,1,50,3,"8:32 PM","10:46","Horford  Running Dunk (10 PTS) (Teague 3 AST)",null,null,"46 - 55","9"],["0041400105",257,2,77,3,"8:33 PM","10:23",null,null,"MISS Anderson 3' Driving Jump Shot",null,null],["0041400105",258,4,0,3,"8:33 PM","10:21","Teague REBOUND (Off:0 Def:2)",null,null,null,null],["0041400105",259,1,41,3,"8:33 PM","10:16","Teague 1' Running Layup (10 PTS)",null,null,"46 - 57","11"],["0041400105",260,9,1,3,"8:33 PM","10:16",null,null,"Nets Timeout: Regular (Reg.3 Short 1)",null,null],["0041400105",262,2,1,3,"8:37 PM","10:06","Horford BLOCK (2 BLK)",null,"MISS Johnson 24' 3PT Jump Shot",null,null],["0041400105",263,4,0,3,"8:37 PM","10:06",null,null,"Nets Rebound",null,null],["0041400105",264,6,1,3,"8:37 PM","10:02","Teague P.FOUL (P1.T1) (M.McCutchen)",null,null,null,null],["0041400105",265,1,78,3,"8:37 PM","9:55",null,null,"Lopez 10' Floating Jump Shot (12 PTS) (D. Williams 3 AST)","48 - 57","9"],["0041400105",266,9,1,3,"8:37 PM","9:51","HAWKS Timeout: Regular (Full 3 Short 1)",null,null,null,null],["0041400105",267,8,0,3,"8:40 PM","9:51","SUB: Schroder FOR Teague",null,null,null,null],["0041400105",268,5,2,3,"8:41 PM","9:29","Horford Lost Ball Turnover (P1.T5)",null,"D. Williams STEAL (1 STL)",null,null],["0041400105",269,6,1,3,"8:41 PM","9:25","Schroder P.FOUL (P1.T2) (D.Jones)",null,null,null,null],["0041400105",270,1,77,3,"8:42 PM","9:19",null,null,"Lopez 4' Driving Jump Shot (14 PTS)","50 - 57","7"],["0041400105",271,6,2,3,"8:42 PM","9:19","Horford S.FOUL (P3.T3) (J.Williams)",null,null,null,null],["0041400105",272,3,10,3,"8:42 PM","9:19",null,null,"Lopez Free Throw 1 of 1 (15 PTS)","51 - 57","6"],["0041400105",274,1,1,3,"8:43 PM","9:00","Millsap 7' Jump Shot (6 PTS)",null,null,"51 - 59","8"],["0041400105",275,2,1,3,"8:43 PM","8:48",null,null,"MISS Young 17' Jump Shot",null,null],["0041400105",276,4,0,3,"8:43 PM","8:47","Horford REBOUND (Off:1 Def:9)",null,null,null,null],["0041400105",277,6,27,3,"8:43 PM","8:38",null,null,"Young Personal Block Foul (P3.T1) (M.McCutchen)",null,null],["0041400105",278,1,1,3,"8:43 PM","8:30","Korver 24' 3PT Jump Shot (8 PTS) (Schroder 3 AST)",null,null,"51 - 62","11"],["0041400105",279,2,1,3,"8:44 PM","8:14",null,null,"MISS Lopez 22' Jump Shot",null,null],["0041400105",280,4,0,3,"8:44 PM","8:13","Korver REBOUND (Off:0 Def:4)",null,null,null,null],["0041400105",281,2,44,3,"8:44 PM","7:54","MISS Millsap 1' Reverse Layup",null,"Lopez BLOCK (2 BLK)",null,null],["0041400105",282,4,0,3,"8:44 PM","7:52","Horford REBOUND (Off:2 Def:9)",null,null,null,null],["0041400105",283,1,72,3,"8:44 PM","7:51","Horford  Putback Layup (12 PTS)",null,null,"51 - 64","13"],["0041400105",284,1,78,3,"8:44 PM","7:32",null,null,"Young 9' Floating Jump Shot (8 PTS) (D. Williams 4 AST)","53 - 64","11"],["0041400105",285,6,1,3,"8:45 PM","7:18",null,null,"D. Williams P.FOUL (P3.T2) (J.Williams)",null,null],["0041400105",286,8,0,3,"8:45 PM","7:18","SUB: Teague FOR Schroder",null,null,null,null],["0041400105",287,2,1,3,"8:45 PM","7:10","MISS Millsap 20' Jump Shot",null,null,null,null],["0041400105",288,4,0,3,"8:45 PM","7:08",null,null,"Johnson REBOUND (Off:1 Def:8)",null,null],["0041400105",289,1,63,3,"8:45 PM","6:59",null,null,"Johnson 19' Fadeaway Jumper (8 PTS)","55 - 64","9"],["0041400105",290,1,1,3,"8:46 PM","6:43","Horford 19' Jump Shot (14 PTS) (Teague 4 AST)",null,null,"55 - 66","11"],["0041400105",291,6,17,3,"8:46 PM","6:29","HAWKS T.Foul (Def. 3 Sec Horford ) (M.McCutchen)",null,null,null,null],["0041400105",292,3,16,3,"8:46 PM","6:29",null,null,"D. Williams Free Throw Technical (3 PTS)","56 - 66","10"],["0041400105",294,5,1,3,"8:47 PM","6:18","Carroll STEAL (2 STL)",null,"Lopez Bad Pass Turnover (P2.T9)",null,null],["0041400105",295,6,2,3,"8:47 PM","6:17",null,null,"Johnson S.FOUL (P1.T3) (J.Williams)",null,null],["0041400105",296,18,0,3,"8:47 PM","6:17",null,null,null,null,null],["0041400105",297,8,0,3,"8:49 PM","6:17","SUB: Antic FOR Horford",null,null,null,null],["0041400105",299,3,11,3,"8:49 PM","6:17","MISS Carroll Free Throw 1 of 2",null,null,null,null],["0041400105",300,4,1,3,"8:49 PM","6:17","HAWKS Rebound",null,null,null,null],["0041400105",301,3,12,3,"8:50 PM","6:17","Carroll Free Throw 2 of 2 (20 PTS)",null,null,"56 - 67","11"],["0041400105",303,2,5,3,"8:50 PM","6:02","Antic BLOCK (1 BLK)",null,"MISS Young 3' Layup",null,null],["0041400105",304,4,0,3,"8:50 PM","6:00",null,null,"Young REBOUND (Off:1 Def:3)",null,null],["0041400105",305,1,72,3,"8:50 PM","5:59",null,null,"Young  Putback Layup (10 PTS)","58 - 67","9"],["0041400105",306,1,1,3,"8:50 PM","5:45","Korver 25' 3PT Jump Shot (11 PTS) (Carroll 3 AST)",null,null,"58 - 70","12"],["0041400105",307,1,63,3,"8:51 PM","5:24",null,null,"D. Williams 18' Fadeaway Jumper (5 PTS) (Johnson 4 AST)","60 - 70","10"],["0041400105",308,1,1,3,"8:51 PM","4:55","Antic  3PT Jump Shot (8 PTS) (Teague 5 AST)",null,null,"60 - 73","13"],["0041400105",310,2,1,3,"8:52 PM","4:36",null,null,"MISS D. Williams 25' 3PT Jump Shot",null,null],["0041400105",311,4,0,3,"8:52 PM","4:34","Antic REBOUND (Off:0 Def:4)",null,null,null,null],["0041400105",312,2,73,3,"8:52 PM","4:23","MISS Teague 2' Driving Reverse Layup",null,null,null,null],["0041400105",313,4,0,3,"8:52 PM","4:21",null,null,"Lopez REBOUND (Off:0 Def:2)",null,null],["0041400105",314,6,2,3,"8:52 PM","4:05","Antic S.FOUL (P1.T4) (M.McCutchen)",null,null,null,null],["0041400105",315,3,11,3,"8:52 PM","4:05",null,null,"Young Free Throw 1 of 2 (11 PTS)","61 - 73","12"],["0041400105",317,8,0,3,"8:53 PM","4:05",null,null,"SUB: Jack FOR D. Williams",null,null],["0041400105",318,8,0,3,"8:53 PM","4:05","SUB: Bazemore FOR Carroll",null,null,null,null],["0041400105",319,8,0,3,"8:53 PM","4:05",null,null,"SUB: Bogdanovic FOR Johnson",null,null],["0041400105",320,3,12,3,"8:53 PM","4:05",null,null,"MISS Young Free Throw 2 of 2",null,null],["0041400105",322,4,0,3,"8:53 PM","4:03","HAWKS Rebound",null,null,null,null],["0041400105",323,2,42,3,"8:54 PM","3:46","MISS Teague 2' Driving Layup",null,null,null,null],["0041400105",324,4,0,3,"8:54 PM","3:46","HAWKS Rebound",null,null,null,null],["0041400105",325,6,3,3,"8:54 PM","3:46",null,null,"Anderson L.B.FOUL (P1.T4) (M.McCutchen)",null,null],["0041400105",326,8,0,3,"8:54 PM","3:46",null,null,"SUB: Johnson FOR Young",null,null],["0041400105",327,2,1,3,"8:54 PM","3:39","MISS Korver 25' 3PT Jump Shot",null,null,null,null],["0041400105",328,4,0,3,"8:54 PM","3:36",null,null,"Anderson REBOUND (Off:1 Def:5)",null,null],["0041400105",329,1,1,3,"8:54 PM","3:23",null,null,"Anderson 25' 3PT Jump Shot (21 PTS) (Jack 4 AST)","64 - 73","9"],["0041400105",330,6,1,3,"8:55 PM","3:12",null,null,"Anderson P.FOUL (P2.PN) (J.Williams)",null,null],["0041400105",331,3,11,3,"8:55 PM","3:12","MISS Teague Free Throw 1 of 2",null,null,null,null],["0041400105",332,4,1,3,"8:55 PM","3:12","HAWKS Rebound",null,null,null,null],["0041400105",333,8,0,3,"8:55 PM","3:12",null,null,"SUB: Young FOR Lopez",null,null],["0041400105",334,3,12,3,"8:55 PM","3:12","Teague Free Throw 2 of 2 (11 PTS)",null,null,"64 - 74","10"],["0041400105",336,2,1,3,"8:56 PM","2:55",null,null,"MISS Johnson  3PT Jump Shot",null,null],["0041400105",337,4,0,3,"8:56 PM","2:54","Bazemore REBOUND (Off:1 Def:1)",null,null,null,null],["0041400105",338,1,1,3,"8:56 PM","2:39","Korver 27' 3PT Jump Shot (14 PTS) (Antic 1 AST)",null,null,"64 - 77","13"],["0041400105",339,2,77,3,"8:57 PM","2:13",null,null,"MISS Bogdanovic 3' Driving Jump Shot",null,null],["0041400105",340,4,0,3,"8:57 PM","2:12","Korver REBOUND (Off:0 Def:5)",null,null,null,null],["0041400105",341,6,2,3,"8:57 PM","1:57",null,null,"Johnson S.FOUL (P2.PN) (M.McCutchen)",null,null],["0041400105",342,3,11,3,"8:57 PM","1:57","MISS Millsap Free Throw 1 of 2",null,null,null,null],["0041400105",343,4,1,3,"8:57 PM","1:57","HAWKS Rebound",null,null,null,null],["0041400105",344,8,0,3,"8:57 PM","1:57","SUB: Schroder FOR Teague",null,null,null,null],["0041400105",345,8,0,3,"8:57 PM","1:57","SUB: Carroll FOR Korver",null,null,null,null],["0041400105",346,3,12,3,"8:58 PM","1:57","Millsap Free Throw 2 of 2 (7 PTS)",null,null,"64 - 78","14"],["0041400105",349,1,42,3,"8:58 PM","1:37",null,null,"Anderson 1' Driving Layup (23 PTS)","66 - 78","12"],["0041400105",350,1,42,3,"8:58 PM","1:23","Schroder 1' Driving Layup (4 PTS)",null,null,"66 - 80","14"],["0041400105",353,8,0,3,"8:59 PM","1:13","SUB: Horford FOR Millsap",null,null,null,null],["0041400105",354,6,2,3,"8:59 PM","1:11","Schroder S.FOUL (P2.PN) (M.McCutchen)",null,null,null,null],["0041400105",355,3,11,3,"8:59 PM","1:11",null,null,"Jack Free Throw 1 of 2 (3 PTS)","67 - 80","13"],["0041400105",357,8,0,3,"8:59 PM","1:11",null,null,"SUB: Lopez FOR Young",null,null],["0041400105",358,3,12,3,"9:00 PM","1:11",null,null,"Jack Free Throw 2 of 2 (4 PTS)","68 - 80","12"],["0041400105",360,6,2,3,"9:00 PM","1:02",null,null,"Jack S.FOUL (P2.PN) (J.Williams)",null,null],["0041400105",361,3,11,3,"9:00 PM","1:02","Schroder Free Throw 1 of 2 (5 PTS)",null,null,"68 - 81","13"],["0041400105",363,3,12,3,"9:00 PM","1:02","Schroder Free Throw 2 of 2 (6 PTS)",null,null,"68 - 82","14"],["0041400105",365,5,1,3,"9:01 PM","0:48",null,null,"Anderson Bad Pass Turnover (P2.T10)",null,null],["0041400105",366,5,1,3,"9:01 PM","0:31","Schroder Bad Pass Turnover (P3.T6)",null,"Jack STEAL (1 STL)",null,null],["0041400105",367,1,79,3,"9:02 PM","0:10",null,null,"Jack 19' Pullup Jump Shot (6 PTS)","70 - 82","12"],["0041400105",368,2,86,3,"9:02 PM","0:00","MISS Horford 16' Turnaround Fadeaway Shot",null,"Lopez BLOCK (3 BLK)",null,null],["0041400105",369,4,0,3,"9:02 PM","0:00","Horford REBOUND (Off:3 Def:9)",null,null,null,null],["0041400105",370,2,1,3,"9:02 PM","0:00","MISS Horford 14' Jump Shot",null,null,null,null],["0041400105",371,4,0,3,"9:02 PM","0:00","HAWKS Rebound",null,null,null,null],["0041400105",372,13,0,3,"9:02 PM","0:00",null,null,null,"70 - 82","12"],["0041400105",375,12,0,4,"9:06 PM","12:00",null,null,null,"70 - 82","12"],["0041400105",376,2,42,4,"9:06 PM","11:37","MISS Horford 2' Driving Layup",null,null,null,null],["0041400105",377,4,0,4,"9:06 PM","11:35",null,null,"Bogdanovic REBOUND (Off:0 Def:1)",null,null],["0041400105",378,1,42,4,"9:07 PM","11:20",null,null,"Bogdanovic 2' Driving Layup (4 PTS) (Jack 5 AST)","72 - 82","10"],["0041400105",379,6,2,4,"9:07 PM","11:07",null,null,"Johnson S.FOUL (P3.T1) (J.Williams)",null,null],["0041400105",380,3,11,4,"9:07 PM","11:07","MISS Millsap Free Throw 1 of 2",null,null,null,null],["0041400105",381,4,1,4,"9:07 PM","11:07","HAWKS Rebound",null,null,null,null],["0041400105",382,3,12,4,"9:08 PM","11:07","MISS Millsap Free Throw 2 of 2",null,null,null,null],["0041400105",384,4,0,4,"9:08 PM","11:06",null,null,"Lopez REBOUND (Off:0 Def:3)",null,null],["0041400105",385,1,79,4,"9:08 PM","10:45",null,null,"Johnson 21' Pullup Jump Shot (10 PTS)","74 - 82","8"],["0041400105",386,2,1,4,"9:09 PM","10:17","MISS Korver 25' 3PT Jump Shot",null,null,null,null],["0041400105",387,4,0,4,"9:09 PM","10:16","Millsap REBOUND (Off:2 Def:1)",null,null,null,null],["0041400105",388,5,40,4,"9:09 PM","10:04","Horford Out of Bounds Lost Ball Turnover (P2.T7)",null,null,null,null],["0041400105",389,1,1,4,"9:09 PM","9:53",null,null,"Bogdanovic 25' 3PT Jump Shot (7 PTS) (D. Williams 5 AST)","77 - 82","5"],["0041400105",390,9,1,4,"9:09 PM","9:46","HAWKS Timeout: Regular (Full 4 Short 1)",null,null,null,null],["0041400105",394,5,1,4,"9:13 PM","9:31","Teague Bad Pass Turnover (P1.T8)",null,null,null,null],["0041400105",395,1,79,4,"9:13 PM","9:19",null,null,"Jack 16' Pullup Jump Shot (8 PTS) (Lopez 1 AST)","79 - 82","3"],["0041400105",396,2,1,4,"9:14 PM","8:56","MISS Millsap  3PT Jump Shot",null,null,null,null],["0041400105",397,4,0,4,"9:14 PM","8:55",null,null,"Bogdanovic REBOUND (Off:0 Def:2)",null,null],["0041400105",398,2,47,4,"9:14 PM","8:31",null,null,"MISS Lopez 23' Turnaround Jump Shot",null,null],["0041400105",399,4,0,4,"9:14 PM","8:30","Carroll REBOUND (Off:0 Def:5)",null,null,null,null],["0041400105",400,5,1,4,"9:14 PM","8:22","Teague Bad Pass Turnover (P2.T9)",null,"Jack STEAL (2 STL)",null,null],["0041400105",401,5,2,4,"9:14 PM","8:19","Horford STEAL (2 STL)",null,"D. Williams Lost Ball Turnover (P2.T11)",null,null],["0041400105",402,1,42,4,"9:14 PM","8:14","Horford 2' Driving Layup (16 PTS)",null,null,"79 - 84","5"],["0041400105",403,2,1,4,"9:15 PM","7:59",null,null,"MISS Johnson  3PT Jump Shot",null,null],["0041400105",404,4,0,4,"9:15 PM","7:56","HAWKS Rebound",null,null,null,null],["0041400105",405,2,1,4,"9:15 PM","7:47","MISS Korver 25' 3PT Jump Shot",null,null,null,null],["0041400105",406,4,0,4,"9:15 PM","7:46",null,null,"D. Williams REBOUND (Off:1 Def:3)",null,null],["0041400105",408,2,66,4,"9:15 PM","7:31",null,null,"MISS Lopez 10' Jump Bank Shot",null,null],["0041400105",409,4,0,4,"9:15 PM","7:30","Millsap REBOUND (Off:2 Def:2)",null,null,null,null],["0041400105",410,2,42,4,"9:15 PM","7:18","MISS Carroll 2' Driving Layup",null,null,null,null],["0041400105",411,4,0,4,"9:15 PM","7:16",null,null,"D. Williams REBOUND (Off:1 Def:4)",null,null],["0041400105",412,1,1,4,"9:16 PM","7:09",null,null,"Jack 25' 3PT Jump Shot (11 PTS) (D. Williams 6 AST)","82 - 84","2"],["0041400105",413,1,1,4,"9:16 PM","6:49","Millsap 24' 3PT Jump Shot (10 PTS) (Teague 6 AST)",null,null,"82 - 87","5"],["0041400105",414,2,1,4,"9:16 PM","6:32",null,null,"MISS Bogdanovic 24' 3PT Jump Shot",null,null],["0041400105",415,4,0,4,"9:16 PM","6:30",null,null,"D. Williams REBOUND (Off:2 Def:4)",null,null],["0041400105",416,2,1,4,"9:16 PM","6:27",null,null,"MISS Johnson 25' 3PT Jump Shot",null,null],["0041400105",417,4,0,4,"9:16 PM","6:26","Horford REBOUND (Off:3 Def:10)",null,null,null,null],["0041400105",418,2,1,4,"9:16 PM","6:17","MISS Carroll 25' 3PT Jump Shot",null,null,null,null],["0041400105",419,4,0,4,"9:17 PM","6:15","Horford REBOUND (Off:4 Def:10)",null,null,null,null],["0041400105",420,6,4,4,"9:17 PM","6:06","Horford OFF.Foul (P4) (M.McCutchen)",null,null,null,null],["0041400105",421,5,5,4,"9:17 PM","6:06","Horford Foul Turnover (P3.T10)",null,null,null,null],["0041400105",422,9,1,4,"9:17 PM","6:06",null,null,"Nets Timeout: Regular (Reg.4 Short 1)",null,null],["0041400105",424,1,79,4,"9:21 PM","5:53",null,null,"Jack 25' 3PT Pullup Jump Shot (14 PTS)","85 - 87","2"],["0041400105",425,1,79,4,"9:21 PM","5:34","Korver 25' 3PT Pullup Jump Shot (17 PTS) (Horford 5 AST)",null,null,"85 - 90","5"],["0041400105",426,1,79,4,"9:21 PM","5:15",null,null,"Jack 14' Pullup Jump Shot (16 PTS)","87 - 90","3"],["0041400105",427,2,1,4,"9:22 PM","4:53","MISS Millsap 24' 3PT Jump Shot",null,null,null,null],["0041400105",428,4,0,4,"9:22 PM","4:51",null,null,"Jack REBOUND (Off:0 Def:4)",null,null],["0041400105",429,1,78,4,"9:22 PM","4:41",null,null,"Jack 7' Floating Jump Shot (18 PTS)","89 - 90","1"],["0041400105",430,1,79,4,"9:22 PM","4:24","Teague 24' 3PT Pullup Jump Shot (14 PTS)",null,null,"89 - 93","4"],["0041400105",431,5,2,4,"9:23 PM","4:01","Teague STEAL (3 STL)",null,"Jack Lost Ball Turnover (P2.T12)",null,null],["0041400105",432,2,41,4,"9:23 PM","3:55","MISS Carroll 2' Running Layup",null,null,null,null],["0041400105",433,4,0,4,"9:23 PM","3:53","Horford REBOUND (Off:5 Def:10)",null,null,null,null],["0041400105",434,1,5,4,"9:23 PM","3:48","Carroll 2' Layup (22 PTS) (Millsap 3 AST)",null,null,"89 - 95","6"],["0041400105",435,9,2,4,"9:23 PM","3:48",null,null,"Nets Timeout: Short (Reg.4 Short 2)",null,null],["0041400105",438,2,86,4,"9:25 PM","3:34",null,null,"MISS Lopez 12' Turnaround Fadeaway Shot",null,null],["0041400105",439,4,0,4,"9:25 PM","3:32","Teague REBOUND (Off:0 Def:3)",null,null,null,null],["0041400105",440,6,1,4,"9:25 PM","3:30",null,null,"D. Williams P.FOUL (P4.T2) (J.Williams)",null,null],["0041400105",441,8,0,4,"9:25 PM","3:30",null,null,"SUB: Anderson FOR D. Williams",null,null],["0041400105",442,2,47,4,"9:25 PM","3:19","MISS Korver 24' 3PT Turnaround Jump Shot",null,null,null,null],["0041400105",443,4,0,4,"9:25 PM","3:18",null,null,"Anderson REBOUND (Off:1 Def:6)",null,null],["0041400105",444,1,1,4,"9:26 PM","3:00",null,null,"Johnson 25' 3PT Jump Shot (13 PTS) (Lopez 2 AST)","92 - 95","3"],["0041400105",445,1,1,4,"9:26 PM","2:39","Horford 19' Jump Shot (18 PTS) (Teague 7 AST)",null,null,"92 - 97","5"],["0041400105",446,1,1,4,"9:26 PM","2:20",null,null,"Johnson 25' 3PT Jump Shot (16 PTS) (Jack 6 AST)","95 - 97","2"],["0041400105",447,6,1,4,"9:27 PM","2:11",null,null,"Lopez P.FOUL (P2.T3) (D.Jones)",null,null],["0041400105",448,9,1,4,"9:27 PM","2:11","HAWKS Timeout: Regular (Full 5 Short 1)",null,null,null,null],["0041400105",450,18,0,4,"9:28 PM","2:11",null,null,null,null,null],["0041400105",453,5,4,4,"9:30 PM","2:05","Millsap Traveling Turnover (P2.T11)",null,null,null,null],["0041400105",454,2,73,4,"9:31 PM","1:45",null,null,"MISS Johnson 1' Driving Reverse Layup",null,null],["0041400105",455,4,0,4,"9:31 PM","1:44","Millsap REBOUND (Off:2 Def:3)",null,null,null,null],["0041400105",456,1,1,4,"9:31 PM","1:32","Horford 19' Jump Shot (20 PTS) (Teague 8 AST)",null,null,"95 - 99","4"],["0041400105",457,5,4,4,"9:31 PM","1:18",null,null,"Jack Traveling Turnover (P3.T13)",null,null],["0041400105",458,1,42,4,"9:31 PM","1:07","Teague 1' Driving Layup (16 PTS)",null,null,"95 - 101","6"],["0041400105",459,9,1,4,"9:32 PM","1:07",null,null,"Nets Timeout: Regular (Reg.5 Short 2)",null,null],["0041400105",461,8,0,4,"9:33 PM","1:07",null,null,"SUB: D. Williams FOR Bogdanovic",null,null],["0041400105",462,2,79,4,"9:34 PM","0:59",null,null,"MISS Jack 26' 3PT Pullup Jump Shot",null,null],["0041400105",463,4,0,4,"9:34 PM","0:57","Millsap REBOUND (Off:2 Def:4)",null,null,null,null],["0041400105",464,1,78,4,"9:34 PM","0:42","Teague 6' Floating Jump Shot (18 PTS)",null,null,"95 - 103","8"],["0041400105",465,1,77,4,"9:34 PM","0:34",null,null,"Johnson 5' Driving Jump Shot (18 PTS)","97 - 103","6"],["0041400105",466,6,28,4,"9:34 PM","0:30",null,null,"Jack Personal Take Foul (P3.T4) (D.Jones)",null,null],["0041400105",467,8,0,4,"9:35 PM","0:30",null,null,"SUB: Bogdanovic FOR D. Williams",null,null],["0041400105",468,6,28,4,"9:35 PM","0:30",null,null,"Jack Personal Take Foul (P4.PN) (D.Jones)",null,null],["0041400105",469,3,11,4,"9:35 PM","0:30","Teague Free Throw 1 of 2 (19 PTS)",null,null,"97 - 104","7"],["0041400105",471,3,12,4,"9:35 PM","0:30","Teague Free Throw 2 of 2 (20 PTS)",null,null,"97 - 105","8"],["0041400105",473,2,73,4,"9:36 PM","0:23",null,null,"MISS Jack 1' Driving Reverse Layup",null,null],["0041400105",474,4,0,4,"9:36 PM","0:22","Carroll REBOUND (Off:0 Def:6)",null,null,null,null],["0041400105",475,6,28,4,"9:36 PM","0:20",null,null,"Anderson Personal Take Foul (P3.PN) (D.Jones)",null,null],["0041400105",476,3,11,4,"9:36 PM","0:20","Carroll Free Throw 1 of 2 (23 PTS)",null,null,"97 - 106","9"],["0041400105",479,8,0,4,"9:36 PM","0:20","SUB: Antic FOR Horford",null,null,null,null],["0041400105",480,8,0,4,"9:36 PM","0:20","SUB: Bazemore FOR Korver",null,null,null,null],["0041400105",481,3,12,4,"9:36 PM","0:20","Carroll Free Throw 2 of 2 (24 PTS)",null,null,"97 - 107","10"],["0041400105",483,2,1,4,"9:37 PM","0:13",null,null,"MISS Johnson 29' 3PT Jump Shot",null,null],["0041400105",484,4,0,4,"9:37 PM","0:12","Carroll REBOUND (Off:0 Def:7)",null,null,null,null],["0041400105",485,13,0,4,"9:37 PM","0:00",null,null,null,"97 - 107","10"]]},{"name":"AvailableVideo","headers":["VIDEO_AVAILABLE_FLAG"],"rowSet":[[1]]}]}