{"resource":"playbyplay","parameters":{"GameID":"0041400161","StartPeriod":0,"EndPeriod":14},"resultSets":[{"name":"PlayByPlay","headers":["GAME_ID","EVENTNUM","EVENTMSGTYPE","EVENTMSGACTIONTYPE","PERIOD","WCTIMESTRING","PCTIMESTRING","HOMEDESCRIPTION","NEUTRALDESCRIPTION","VISITORDESCRIPTION","SCORE","SCOREMARGIN"],"rowSet":[["0041400161",0,12,0,1,"10:46 PM","12:00",null,null,null,null,null],["0041400161",1,10,0,1,"10:46 PM","12:00","Jump Ball Jordan vs. Duncan: Tip to Paul",null,null,null,null],["0041400161",2,5,1,1,"10:47 PM","11:43","Redick Bad Pass Turnover (P1.T1)",null,"Leonard STEAL (1 STL)",null,null],["0041400161",3,2,1,1,"10:47 PM","11:32","Jordan BLOCK (1 BLK)",null,"MISS Duncan 6' Jump Shot",null,null],["0041400161",4,4,0,1,"10:47 PM","11:29",null,null,"Green REBOUND (Off:1 Def:0)",null,null],["0041400161",5,1,42,1,"10:47 PM","11:23",null,null,"Green 2' Driving Layup (2 PTS)","2 - 0","-2"],["0041400161",7,1,47,1,"10:47 PM","11:06","Griffin 5' Turnaround Jump Shot (2 PTS)",null,null,"2 - 2","TIE"],["0041400161",8,2,1,1,"10:48 PM","10:53",null,null,"MISS Green 25' 3PT Jump Shot",null,null],["0041400161",9,4,0,1,"10:48 PM","10:52","Paul REBOUND (Off:0 Def:1)",null,null,null,null],["0041400161",10,2,7,1,"10:48 PM","10:35","MISS Griffin  Dunk",null,"Duncan BLOCK (1 BLK)",null,null],["0041400161",11,4,0,1,"10:48 PM","10:33",null,null,"Green REBOUND (Off:1 Def:1)",null,null],["0041400161",12,2,1,1,"10:48 PM","10:17",null,null,"MISS Green 25' 3PT Jump Shot",null,null],["0041400161",13,4,0,1,"10:48 PM","10:16","Paul REBOUND (Off:0 Def:2)",null,null,null,null],["0041400161",14,2,1,1,"10:48 PM","10:05","MISS Redick 21' Jump Shot",null,null,null,null],["0041400161",15,4,0,1,"10:49 PM","10:04",null,null,"Leonard REBOUND (Off:0 Def:1)",null,null],["0041400161",16,2,1,1,"10:49 PM","9:58",null,null,"MISS Leonard 19' Jump Shot",null,null],["0041400161",17,4,0,1,"10:49 PM","9:57","Paul REBOUND (Off:0 Def:3)",null,null,null,null],["0041400161",18,1,1,1,"10:49 PM","9:51","Paul 25' 3PT Jump Shot (3 PTS)",null,null,"2 - 5","3"],["0041400161",20,1,66,1,"10:49 PM","9:28",null,null,"Duncan 8' Jump Bank Shot (2 PTS) (Parker 1 AST)","4 - 5","1"],["0041400161",21,6,2,1,"10:49 PM","9:28","Jordan S.FOUL (P1.T1) (E.Malloy)",null,null,null,null],["0041400161",22,3,10,1,"10:50 PM","9:28",null,null,"MISS Duncan Free Throw 1 of 1",null,null],["0041400161",24,4,0,1,"10:50 PM","9:27","Redick REBOUND (Off:0 Def:1)",null,null,null,null],["0041400161",26,1,1,1,"10:50 PM","9:15","Barnes  3PT Jump Shot (3 PTS) (Paul 1 AST)",null,null,"4 - 8","4"],["0041400161",27,2,55,1,"10:51 PM","8:54","Jordan BLOCK (2 BLK)",null,"MISS Splitter 3' Hook Shot",null,null],["0041400161",28,4,0,1,"10:51 PM","8:52",null,null,"Splitter REBOUND (Off:1 Def:0)",null,null],["0041400161",29,2,66,1,"10:51 PM","8:48",null,null,"MISS Green 10' Jump Bank Shot",null,null],["0041400161",30,4,0,1,"10:51 PM","8:47","Jordan REBOUND (Off:0 Def:1)",null,null,null,null],["0041400161",31,1,5,1,"10:51 PM","8:39","Griffin 1' Layup (4 PTS) (Paul 2 AST)",null,null,"4 - 10","6"],["0041400161",32,6,2,1,"10:51 PM","8:39",null,null,"Splitter S.FOUL (P1.T1) (E.Malloy)",null,null],["0041400161",33,9,1,1,"10:51 PM","8:39",null,null,"Spurs Timeout: Regular (Reg.1 Short 0)",null,null],["0041400161",35,3,10,1,"10:54 PM","8:39","Griffin Free Throw 1 of 1 (5 PTS)",null,null,"4 - 11","7"],["0041400161",38,1,5,1,"10:55 PM","8:24",null,null,"Splitter 2' Layup (2 PTS) (Duncan 1 AST)","6 - 11","5"],["0041400161",39,1,1,1,"10:55 PM","8:11","Redick 20' Jump Shot (2 PTS) (Griffin 1 AST)",null,null,"6 - 13","7"],["0041400161",40,1,86,1,"10:56 PM","7:53",null,null,"Duncan 8' Turnaround Fadeaway (4 PTS) (Splitter 1 AST)","8 - 13","5"],["0041400161",41,5,1,1,"10:56 PM","7:31","Griffin Bad Pass Turnover (P1.T2)",null,"Splitter STEAL (1 STL)",null,null],["0041400161",42,5,4,1,"10:56 PM","7:31",null,null,"Leonard Traveling Turnover (P1.T1)",null,null],["0041400161",44,1,1,1,"10:57 PM","7:18","Redick 25' 3PT Jump Shot (5 PTS) (Barnes 1 AST)",null,null,"8 - 16","8"],["0041400161",45,2,1,1,"10:57 PM","7:01",null,null,"MISS Parker 18' Jump Shot",null,null],["0041400161",46,4,0,1,"10:57 PM","7:00","Griffin REBOUND (Off:0 Def:1)",null,null,null,null],["0041400161",47,2,5,1,"10:57 PM","6:54","MISS Griffin 1' Layup",null,null,null,null],["0041400161",48,4,0,1,"10:57 PM","6:52",null,null,"Duncan REBOUND (Off:0 Def:1)",null,null],["0041400161",49,5,2,1,"10:57 PM","6:47","Barnes STEAL (1 STL)",null,"Parker Lost Ball Turnover (P1.T2)",null,null],["0041400161",50,6,2,1,"10:57 PM","6:43",null,null,"Leonard S.FOUL (P1.T2) (K.Mauer)",null,null],["0041400161",52,3,11,1,"10:58 PM","6:43","Griffin Free Throw 1 of 2 (6 PTS)",null,null,"8 - 17","9"],["0041400161",54,8,0,1,"10:58 PM","6:43",null,null,"SUB: Ginobili FOR Green",null,null],["0041400161",55,8,0,1,"10:58 PM","6:43",null,null,"SUB: Baynes FOR Splitter",null,null],["0041400161",56,3,12,1,"10:58 PM","6:43","Griffin Free Throw 2 of 2 (7 PTS)",null,null,"8 - 18","10"],["0041400161",58,1,52,1,"10:58 PM","6:34",null,null,"Leonard  Alley Oop Dunk (2 PTS) (Duncan 2 AST)","10 - 18","8"],["0041400161",59,2,5,1,"10:59 PM","6:13","MISS Griffin 1' Layup",null,null,null,null],["0041400161",60,4,0,1,"10:59 PM","6:12",null,null,"Ginobili REBOUND (Off:0 Def:1)",null,null],["0041400161",61,2,1,1,"10:59 PM","6:05",null,null,"MISS Parker  3PT Jump Shot",null,null],["0041400161",62,4,0,1,"10:59 PM","6:04","Jordan REBOUND (Off:0 Def:2)",null,null,null,null],["0041400161",63,1,5,1,"10:59 PM","5:59","Barnes 2' Layup (5 PTS) (Jordan 1 AST)",null,null,"10 - 20","10"],["0041400161",64,6,2,1,"10:59 PM","5:44","Barnes S.FOUL (P1.T2) (E.Malloy)",null,null,null,null],["0041400161",65,3,11,1,"10:59 PM","5:44",null,null,"Leonard Free Throw 1 of 2 (3 PTS)","11 - 20","9"],["0041400161",67,3,12,1,"11:00 PM","5:44",null,null,"MISS Leonard Free Throw 2 of 2",null,null],["0041400161",69,4,0,1,"11:00 PM","5:43","Barnes REBOUND (Off:0 Def:1)",null,null,null,null],["0041400161",70,2,1,1,"11:00 PM","5:33","MISS Paul 25' 3PT Jump Shot",null,null,null,null],["0041400161",71,4,0,1,"11:00 PM","5:32",null,null,"Ginobili REBOUND (Off:0 Def:2)",null,null],["0041400161",72,2,1,1,"11:00 PM","5:22",null,null,"MISS Ginobili 25' 3PT Jump Shot",null,null],["0041400161",73,4,0,1,"11:00 PM","5:20",null,null,"Duncan REBOUND (Off:1 Def:1)",null,null],["0041400161",74,2,5,1,"11:01 PM","5:11",null,null,"MISS Baynes 2' Layup",null,null],["0041400161",75,4,0,1,"11:01 PM","5:10","Jordan REBOUND (Off:0 Def:3)",null,null,null,null],["0041400161",76,5,1,1,"11:01 PM","4:58","Paul Bad Pass Turnover (P1.T3)",null,"Duncan STEAL (1 STL)",null,null],["0041400161",77,6,26,1,"11:01 PM","4:55",null,null,"Leonard Offensive Charge Foul (P2.T3) (K.Mauer)",null,null],["0041400161",78,5,5,1,"11:01 PM","4:55",null,null,"Leonard Foul Turnover (P2.T3)",null,null],["0041400161",79,9,1,1,"11:01 PM","4:55","CLIPPERS Timeout: Regular (Full 1 Short 0)",null,null,null,null],["0041400161",81,8,0,1,"11:04 PM","4:55",null,null,"SUB: Diaw FOR Duncan",null,null],["0041400161",82,8,0,1,"11:05 PM","4:55",null,null,"SUB: Green FOR Leonard",null,null],["0041400161",83,2,3,1,"11:05 PM","4:36","MISS Griffin 3' Hook Shot",null,null,null,null],["0041400161",84,4,0,1,"11:05 PM","4:35",null,null,"Diaw REBOUND (Off:0 Def:1)",null,null],["0041400161",85,1,5,1,"11:05 PM","4:27",null,null,"Baynes 1' Layup (2 PTS) (Diaw 1 AST)","13 - 20","7"],["0041400161",86,6,2,1,"11:05 PM","4:27","Barnes S.FOUL (P2.T3) (K.Mauer)",null,null,null,null],["0041400161",87,8,0,1,"11:05 PM","4:27","SUB: Crawford FOR Barnes",null,null,null,null],["0041400161",88,3,10,1,"11:05 PM","4:27",null,null,"Baynes Free Throw 1 of 1 (3 PTS)","14 - 20","6"],["0041400161",91,2,1,1,"11:06 PM","4:15","MISS Griffin 6' Jump Shot",null,null,null,null],["0041400161",92,4,0,1,"11:06 PM","4:14",null,null,"Baynes REBOUND (Off:0 Def:1)",null,null],["0041400161",93,6,2,1,"11:06 PM","4:01","Jordan S.FOUL (P2.T4) (K.Mauer)",null,null,null,null],["0041400161",95,3,11,1,"11:07 PM","4:01",null,null,"Ginobili Free Throw 1 of 2 (1 PTS)","15 - 20","5"],["0041400161",97,8,0,1,"11:07 PM","4:01","SUB: Davis FOR Jordan",null,null,null,null],["0041400161",98,8,0,1,"11:07 PM","4:01",null,null,"SUB: Joseph FOR Parker",null,null],["0041400161",100,3,12,1,"11:07 PM","4:01",null,null,"MISS Ginobili Free Throw 2 of 2",null,null],["0041400161",102,4,0,1,"11:07 PM","4:00","Griffin REBOUND (Off:0 Def:2)",null,null,null,null],["0041400161",104,2,1,1,"11:07 PM","3:41","MISS Redick 25' 3PT Jump Shot",null,null,null,null],["0041400161",105,4,0,1,"11:07 PM","3:40",null,null,"Diaw REBOUND (Off:0 Def:2)",null,null],["0041400161",106,6,26,1,"11:08 PM","3:29",null,null,"Ginobili Offensive Charge Foul (P1.T4) (E.Malloy)",null,null],["0041400161",107,5,5,1,"11:08 PM","3:29",null,null,"Ginobili Foul Turnover (P1.T4)",null,null],["0041400161",108,8,0,1,"11:08 PM","3:29","SUB: Rivers FOR Redick",null,null,null,null],["0041400161",109,1,1,1,"11:08 PM","3:16","Griffin 18' Jump Shot (9 PTS) (Paul 3 AST)",null,null,"15 - 22","7"],["0041400161",111,6,1,1,"11:08 PM","3:09","Paul P.FOUL (P1.PN) (K.Mauer)",null,null,null,null],["0041400161",112,3,11,1,"11:09 PM","3:09",null,null,"MISS Joseph Free Throw 1 of 2",null,null],["0041400161",113,4,1,1,"11:09 PM","3:09",null,null,"Spurs Rebound",null,null],["0041400161",114,3,12,1,"11:09 PM","3:09",null,null,"Joseph Free Throw 2 of 2 (1 PTS)","16 - 22","6"],["0041400161",117,5,1,1,"11:10 PM","2:46","Crawford Bad Pass Turnover (P1.T4)",null,null,null,null],["0041400161",118,2,56,1,"11:10 PM","2:30",null,null,"MISS Diaw 4' Running Hook Shot",null,null],["0041400161",119,4,0,1,"11:10 PM","2:29","Davis REBOUND (Off:0 Def:1)",null,null,null,null],["0041400161",120,1,78,1,"11:10 PM","2:18","Paul 3' Floating Jump Shot (5 PTS)",null,null,"16 - 24","8"],["0041400161",121,2,43,1,"11:10 PM","2:05",null,null,"MISS Green 2' Alley Oop Layup",null,null],["0041400161",122,4,0,1,"11:11 PM","2:03","Davis REBOUND (Off:0 Def:2)",null,null,null,null],["0041400161",123,2,1,1,"11:11 PM","1:55","MISS Griffin 19' Jump Shot",null,null,null,null],["0041400161",124,4,0,1,"11:11 PM","1:54",null,null,"Ginobili REBOUND (Off:0 Def:3)",null,null],["0041400161",125,5,2,1,"11:11 PM","1:44","Paul STEAL (1 STL)",null,"Baynes Lost Ball Turnover (P1.T5)",null,null],["0041400161",126,5,2,1,"11:11 PM","1:37","Paul Lost Ball Turnover (P2.T5)",null,"Ginobili STEAL (1 STL)",null,null],["0041400161",127,2,1,1,"11:11 PM","1:31",null,null,"MISS Green 25' 3PT Jump Shot",null,null],["0041400161",128,4,0,1,"11:11 PM","1:29","Davis REBOUND (Off:0 Def:3)",null,null,null,null],["0041400161",129,9,2,1,"11:11 PM","1:19","CLIPPERS Timeout: Short (Full 1 Short 1)",null,null,null,null],["0041400161",131,8,0,1,"11:12 PM","1:19","SUB: Turkoglu FOR Paul",null,null,null,null],["0041400161",132,1,1,1,"11:13 PM","1:12","Crawford 26' 3PT Jump Shot (3 PTS)",null,null,"16 - 27","11"],["0041400161",133,2,1,1,"11:13 PM","0:54",null,null,"MISS Baynes 6' Jump Shot",null,null],["0041400161",134,4,0,1,"11:13 PM","0:53",null,null,"Ginobili REBOUND (Off:1 Def:3)",null,null],["0041400161",135,6,1,1,"11:13 PM","0:49","Davis P.FOUL (P1.PN) (E.Malloy)",null,null,null,null],["0041400161",136,3,11,1,"11:13 PM","0:49",null,null,"MISS Ginobili Free Throw 1 of 2",null,null],["0041400161",137,4,1,1,"11:13 PM","0:49",null,null,"Spurs Rebound",null,null],["0041400161",138,8,0,1,"11:14 PM","0:49",null,null,"SUB: Bonner FOR Baynes",null,null],["0041400161",139,8,0,1,"11:14 PM","0:49","SUB: Hawes FOR Griffin",null,null,null,null],["0041400161",140,3,12,1,"11:14 PM","0:49",null,null,"Ginobili Free Throw 2 of 2 (2 PTS)","17 - 27","10"],["0041400161",142,6,2,1,"11:14 PM","0:31",null,null,"Bonner S.FOUL (P1.PN) (E.Malloy)",null,null],["0041400161",143,3,11,1,"11:15 PM","0:31","Davis Free Throw 1 of 2 (1 PTS)",null,null,"17 - 28","11"],["0041400161",145,8,0,1,"11:15 PM","0:31",null,null,"SUB: Belinelli FOR Green",null,null],["0041400161",146,3,12,1,"11:15 PM","0:31","MISS Davis Free Throw 2 of 2",null,null,null,null],["0041400161",148,4,0,1,"11:15 PM","0:30",null,null,"Ginobili REBOUND (Off:1 Def:4)",null,null],["0041400161",149,6,1,1,"11:16 PM","0:12","Hawes P.FOUL (P1.PN) (K.Mauer)",null,null,null,null],["0041400161",150,3,11,1,"11:16 PM","0:12",null,null,"MISS Diaw Free Throw 1 of 2",null,null],["0041400161",151,4,1,1,"11:16 PM","0:12",null,null,"Spurs Rebound",null,null],["0041400161",152,8,0,1,"11:16 PM","0:12",null,null,"SUB: Baynes FOR Bonner",null,null],["0041400161",153,8,0,1,"11:16 PM","0:12","SUB: Redick FOR Davis",null,null,null,null],["0041400161",154,8,0,1,"11:16 PM","0:12",null,null,"SUB: Mills FOR Belinelli",null,null],["0041400161",155,3,12,1,"11:17 PM","0:12",null,null,"Diaw Free Throw 2 of 2 (1 PTS)","18 - 28","10"],["0041400161",157,1,79,1,"11:17 PM","0:01","Crawford 9' Pullup Jump Shot (5 PTS)",null,null,"18 - 30","12"],["0041400161",158,2,1,1,"11:17 PM","0:00",null,null,"MISS Ginobili 42' 3PT Jump Shot",null,null],["0041400161",159,4,0,1,"11:17 PM","0:00",null,null,"Spurs Rebound",null,null],["0041400161",160,13,0,1,"11:17 PM","0:00",null,null,null,"18 - 30","12"],["0041400161",162,12,0,2,"11:21 PM","12:00",null,null,null,"18 - 30","12"],["0041400161",163,1,1,2,"11:21 PM","11:48",null,null,"Mills 25' 3PT Jump Shot (3 PTS) (Ginobili 1 AST)","21 - 30","9"],["0041400161",164,6,4,2,"11:21 PM","11:35","Davis OFF.Foul (P2) (D.Jones)",null,null,null,null],["0041400161",165,5,5,2,"11:21 PM","11:35","Davis Foul Turnover (P1.T6)",null,null,null,null],["0041400161",166,1,78,2,"11:22 PM","11:12",null,null,"Diaw 8' Floating Jump Shot (3 PTS) (Ginobili 2 AST)","23 - 30","7"],["0041400161",167,2,3,2,"11:22 PM","10:56","MISS Davis 3' Hook Shot",null,null,null,null],["0041400161",168,4,0,2,"11:22 PM","10:55",null,null,"Duncan REBOUND (Off:1 Def:2)",null,null],["0041400161",169,1,5,2,"11:22 PM","10:42",null,null,"Diaw 1' Layup (5 PTS) (Ginobili 3 AST)","25 - 30","5"],["0041400161",170,2,1,2,"11:23 PM","10:28","MISS Crawford 20' Jump Shot",null,null,null,null],["0041400161",171,4,0,2,"11:23 PM","10:27",null,null,"Belinelli REBOUND (Off:0 Def:1)",null,null],["0041400161",172,2,83,2,"11:23 PM","10:17",null,null,"MISS Duncan 9' Fadeaway Bank Shot",null,null],["0041400161",173,4,0,2,"11:23 PM","10:17",null,null,"Spurs Rebound",null,null],["0041400161",174,8,0,2,"11:23 PM","10:17","SUB: Jordan FOR Hawes",null,null,null,null],["0041400161",175,8,0,2,"11:23 PM","10:17","SUB: Griffin FOR Davis",null,null,null,null],["0041400161",176,1,1,2,"11:23 PM","10:09",null,null,"Ginobili 25' 3PT Jump Shot (5 PTS) (Belinelli 1 AST)","28 - 30","2"],["0041400161",177,9,1,2,"11:23 PM","10:09","CLIPPERS Timeout: Regular (Full 2 Short 1)",null,null,null,null],["0041400161",178,8,0,2,"11:26 PM","10:09","SUB: Redick FOR Turkoglu",null,null,null,null],["0041400161",179,8,0,2,"11:26 PM","10:09","SUB: Paul FOR Rivers",null,null,null,null],["0041400161",180,8,0,2,"11:26 PM","10:09",null,null,"SUB: Parker FOR Mills",null,null],["0041400161",181,2,1,2,"11:27 PM","9:48","MISS Crawford 20' Jump Shot",null,null,null,null],["0041400161",182,4,0,2,"11:27 PM","9:44",null,null,"Duncan REBOUND (Off:1 Def:3)",null,null],["0041400161",183,2,1,2,"11:27 PM","9:38",null,null,"MISS Diaw 10' Jump Shot",null,null],["0041400161",184,4,0,2,"11:27 PM","9:37","Jordan REBOUND (Off:0 Def:4)",null,null,null,null],["0041400161",186,6,2,2,"11:28 PM","9:17",null,null,"Diaw S.FOUL (P1.T1) (D.Jones)",null,null],["0041400161",187,3,11,2,"11:28 PM","9:17","MISS Jordan Free Throw 1 of 2",null,null,null,null],["0041400161",188,4,1,2,"11:28 PM","9:17","CLIPPERS Rebound",null,null,null,null],["0041400161",189,8,0,2,"11:28 PM","9:17",null,null,"SUB: Leonard FOR Ginobili",null,null],["0041400161",190,8,0,2,"11:28 PM","9:17","SUB: Barnes FOR Crawford",null,null,null,null],["0041400161",191,3,12,2,"11:28 PM","9:17","Jordan Free Throw 2 of 2 (1 PTS)",null,null,"28 - 31","3"],["0041400161",193,2,86,2,"11:29 PM","8:53",null,null,"MISS Diaw 13' Turnaround Fadeaway Shot",null,null],["0041400161",194,4,0,2,"11:29 PM","8:51","Griffin REBOUND (Off:0 Def:3)",null,null,null,null],["0041400161",195,1,1,2,"11:29 PM","8:42","Griffin 11' Jump Shot (11 PTS) (Paul 4 AST)",null,null,"28 - 33","5"],["0041400161",196,1,1,2,"11:30 PM","8:21",null,null,"Leonard 11' Jump Shot (5 PTS) (Diaw 2 AST)","30 - 33","3"],["0041400161",197,6,1,2,"11:30 PM","8:15",null,null,"Diaw P.FOUL (P2.T2) (E.Malloy)",null,null],["0041400161",198,2,1,2,"11:30 PM","8:10","MISS Paul 19' Jump Shot",null,null,null,null],["0041400161",199,4,0,2,"11:30 PM","8:09",null,null,"Belinelli REBOUND (Off:0 Def:2)",null,null],["0041400161",200,2,1,2,"11:30 PM","8:00",null,null,"MISS Diaw 25' 3PT Jump Shot",null,null],["0041400161",201,4,0,2,"11:30 PM","7:59","Barnes REBOUND (Off:0 Def:2)",null,null,null,null],["0041400161",202,1,1,2,"11:31 PM","7:44","Redick 21' Jump Shot (7 PTS) (Griffin 2 AST)",null,null,"30 - 35","5"],["0041400161",203,1,1,2,"11:31 PM","7:25",null,null,"Belinelli 25' 3PT Jump Shot (3 PTS) (Duncan 3 AST)","33 - 35","2"],["0041400161",204,6,1,2,"11:31 PM","7:19",null,null,"Parker P.FOUL (P1.T3) (K.Mauer)",null,null],["0041400161",205,8,0,2,"11:31 PM","7:19",null,null,"SUB: Baynes FOR Diaw",null,null],["0041400161",206,2,1,2,"11:32 PM","7:13","MISS Redick 22' Jump Shot",null,null,null,null],["0041400161",207,4,0,2,"11:32 PM","7:12",null,null,"Parker REBOUND (Off:0 Def:1)",null,null],["0041400161",208,6,2,2,"11:32 PM","7:06","Paul S.FOUL (P2.T1) (K.Mauer)",null,null,null,null],["0041400161",209,3,11,2,"11:32 PM","7:06",null,null,"Parker Free Throw 1 of 2 (1 PTS)","34 - 35","1"],["0041400161",211,3,12,2,"11:32 PM","7:06",null,null,"Parker Free Throw 2 of 2 (2 PTS)","35 - 35","TIE"],["0041400161",213,2,1,2,"11:33 PM","6:52","MISS Paul 14' Jump Shot",null,null,null,null],["0041400161",214,4,0,2,"11:33 PM","6:51",null,null,"Duncan REBOUND (Off:1 Def:4)",null,null],["0041400161",215,5,1,2,"11:33 PM","6:37","Barnes STEAL (2 STL)",null,"Belinelli Bad Pass Turnover (P1.T6)",null,null],["0041400161",216,2,55,2,"11:33 PM","6:22","MISS Griffin 6' Hook Shot",null,"Duncan BLOCK (2 BLK)",null,null],["0041400161",217,4,0,2,"11:33 PM","6:21","Barnes REBOUND (Off:1 Def:2)",null,null,null,null],["0041400161",218,2,1,2,"11:33 PM","6:15","MISS Barnes 17' Jump Shot",null,null,null,null],["0041400161",219,4,0,2,"11:33 PM","6:14",null,null,"Leonard REBOUND (Off:0 Def:2)",null,null],["0041400161",220,1,5,2,"11:34 PM","6:05",null,null,"Duncan 2' Layup (6 PTS) (Baynes 1 AST)","37 - 35","-2"],["0041400161",221,6,2,2,"11:34 PM","5:45",null,null,"Duncan S.FOUL (P1.T4) (E.Malloy)",null,null],["0041400161",222,9,4,2,"11:34 PM","5:45",null,null,null,null,null],["0041400161",224,3,11,2,"11:38 PM","5:45","MISS Jordan Free Throw 1 of 2",null,null,null,null],["0041400161",225,4,1,2,"11:38 PM","5:45","CLIPPERS Rebound",null,null,null,null],["0041400161",226,3,12,2,"11:38 PM","5:45","MISS Jordan Free Throw 2 of 2",null,null,null,null],["0041400161",228,4,0,2,"11:38 PM","5:43","Griffin REBOUND (Off:1 Def:3)",null,null,null,null],["0041400161",229,1,79,2,"11:38 PM","5:39","Paul 15' Pullup Jump Shot (7 PTS) (Griffin 3 AST)",null,null,"37 - 37","TIE"],["0041400161",230,2,1,2,"11:39 PM","5:20",null,null,"MISS Leonard 10' Jump Shot",null,null],["0041400161",231,4,0,2,"11:39 PM","5:19","Paul REBOUND (Off:0 Def:4)",null,null,null,null],["0041400161",232,2,3,2,"11:39 PM","5:10","MISS Jordan 2' Hook Shot",null,null,null,null],["0041400161",233,4,0,2,"11:39 PM","5:08",null,null,"Baynes REBOUND (Off:0 Def:2)",null,null],["0041400161",234,2,1,2,"11:39 PM","5:01",null,null,"MISS Belinelli 25' 3PT Jump Shot",null,null],["0041400161",235,4,0,2,"11:39 PM","5:00","Jordan REBOUND (Off:0 Def:5)",null,null,null,null],["0041400161",236,2,5,2,"11:39 PM","4:52","MISS Paul 2' Layup",null,null,null,null],["0041400161",237,4,0,2,"11:39 PM","4:51",null,null,"Parker REBOUND (Off:0 Def:2)",null,null],["0041400161",238,2,1,2,"11:39 PM","4:28",null,null,"MISS Duncan 15' Jump Shot",null,null],["0041400161",239,4,0,2,"11:39 PM","4:27","Jordan REBOUND (Off:0 Def:6)",null,null,null,null],["0041400161",240,6,1,2,"11:40 PM","4:22",null,null,"Duncan P.FOUL (P2.PN) (K.Mauer)",null,null],["0041400161",241,3,11,2,"11:40 PM","4:22","Griffin Free Throw 1 of 2 (12 PTS)",null,null,"37 - 38","1"],["0041400161",243,8,0,2,"11:40 PM","4:22","SUB: Crawford FOR Barnes",null,null,null,null],["0041400161",244,9,1,2,"11:40 PM","4:22",null,null,"Spurs Timeout: Regular (Reg.2 Short 0)",null,null],["0041400161",246,8,0,2,"11:43 PM","4:22",null,null,"SUB: Diaw FOR Baynes",null,null],["0041400161",247,3,12,2,"11:44 PM","4:22","Griffin Free Throw 2 of 2 (13 PTS)",null,null,"37 - 39","2"],["0041400161",249,6,1,2,"11:44 PM","4:08","Paul P.FOUL (P3.T2) (E.Malloy)",null,null,null,null],["0041400161",250,8,0,2,"11:45 PM","4:08","SUB: Rivers FOR Paul",null,null,null,null],["0041400161",251,6,4,2,"11:45 PM","4:00",null,null,"Duncan OFF.Foul (P3) (D.Jones)",null,null],["0041400161",252,5,5,2,"11:45 PM","4:00",null,null,"Duncan Foul Turnover (P1.T7)",null,null],["0041400161",253,8,0,2,"11:45 PM","4:00",null,null,"SUB: Baynes FOR Duncan",null,null],["0041400161",254,1,78,2,"11:45 PM","3:47","Rivers 9' Floating Jump Shot (2 PTS)",null,null,"37 - 41","4"],["0041400161",255,2,1,2,"11:46 PM","3:28",null,null,"MISS Parker 9' Jump Shot",null,null],["0041400161",256,4,0,2,"11:46 PM","3:27","Jordan REBOUND (Off:0 Def:7)",null,null,null,null],["0041400161",257,5,1,2,"11:46 PM","3:11","Rivers Bad Pass Turnover (P1.T7)",null,"Leonard STEAL (2 STL)",null,null],["0041400161",258,5,1,2,"11:46 PM","3:04","Griffin STEAL (1 STL)",null,"Leonard Bad Pass Turnover (P3.T8)",null,null],["0041400161",259,1,78,2,"11:46 PM","2:56","Crawford 8' Floating Jump Shot (7 PTS)",null,null,"37 - 43","6"],["0041400161",260,5,11,2,"11:47 PM","2:30",null,null,"Spurs Turnover: Shot Clock (T#9)",null,null],["0041400161",265,8,0,2,"11:47 PM","2:30",null,null,"SUB: Ginobili FOR Belinelli",null,null],["0041400161",261,1,79,2,"11:47 PM","2:22","Crawford 18' Pullup Jump Shot (9 PTS)",null,null,"37 - 45","8"],["0041400161",262,2,1,2,"11:48 PM","2:08",null,null,"MISS Diaw 25' 3PT Jump Shot",null,null],["0041400161",263,4,0,2,"11:48 PM","2:05",null,null,"Baynes REBOUND (Off:1 Def:2)",null,null],["0041400161",264,2,1,2,"11:48 PM","1:54","Jordan BLOCK (3 BLK)",null,"MISS Ginobili 7' Jump Shot",null,null],["0041400161",266,4,0,2,"11:48 PM","1:54",null,null,"Spurs Rebound",null,null],["0041400161",267,2,1,2,"11:48 PM","1:46",null,null,"MISS Parker 25' 3PT Jump Shot",null,null],["0041400161",268,4,0,2,"11:48 PM","1:44",null,null,"Leonard REBOUND (Off:1 Def:2)",null,null],["0041400161",270,7,2,2,"11:48 PM","1:37","Jordan Violation:Defensive Goaltending (D.Jones)",null,null,null,null],["0041400161",269,1,1,2,"11:48 PM","1:37",null,null,"Leonard 4' Jump Shot (7 PTS)","39 - 45","6"],["0041400161",271,6,28,2,"11:49 PM","1:34",null,null,"Baynes Personal Take Foul (P1.PN) (E.Malloy)",null,null],["0041400161",272,3,11,2,"11:49 PM","1:34","MISS Jordan Free Throw 1 of 2",null,null,null,null],["0041400161",273,4,1,2,"11:49 PM","1:34","CLIPPERS Rebound",null,null,null,null],["0041400161",274,8,0,2,"11:50 PM","1:34",null,null,"SUB: Mills FOR Parker",null,null],["0041400161",275,3,12,2,"11:50 PM","1:34","MISS Jordan Free Throw 2 of 2",null,null,null,null],["0041400161",277,4,0,2,"11:50 PM","1:32",null,null,"Leonard REBOUND (Off:1 Def:3)",null,null],["0041400161",278,1,79,2,"11:50 PM","1:12",null,null,"Leonard 20' Pullup Jump Shot (9 PTS)","41 - 45","4"],["0041400161",280,6,28,2,"11:50 PM","1:05",null,null,"Mills Personal Take Foul (P1.PN) (E.Malloy)",null,null],["0041400161",281,3,11,2,"11:50 PM","1:05","MISS Jordan Free Throw 1 of 2",null,null,null,null],["0041400161",283,4,1,2,"11:50 PM","1:05","CLIPPERS Rebound",null,null,null,null],["0041400161",284,3,12,2,"11:51 PM","1:05","Jordan Free Throw 2 of 2 (2 PTS)",null,null,"41 - 46","5"],["0041400161",287,2,1,2,"11:52 PM","0:50",null,null,"MISS Diaw 3' Jump Shot",null,null],["0041400161",288,4,0,2,"11:52 PM","0:48",null,null,"Diaw REBOUND (Off:1 Def:2)",null,null],["0041400161",289,1,8,2,"11:52 PM","0:48",null,null,"Baynes  Slam Dunk (5 PTS) (Diaw 3 AST)","43 - 46","3"],["0041400161",290,6,28,2,"11:52 PM","0:46",null,null,"Baynes Personal Take Foul (P2.PN) (E.Malloy)",null,null],["0041400161",291,3,11,2,"11:52 PM","0:46","Jordan Free Throw 1 of 2 (3 PTS)",null,null,"43 - 47","4"],["0041400161",293,3,12,2,"11:52 PM","0:46","MISS Jordan Free Throw 2 of 2",null,null,null,null],["0041400161",295,4,0,2,"11:53 PM","0:44",null,null,"Baynes REBOUND (Off:1 Def:3)",null,null],["0041400161",296,2,1,2,"11:53 PM","0:25",null,null,"MISS Ginobili 4' Jump Shot",null,null],["0041400161",297,4,0,2,"11:53 PM","0:24","Redick REBOUND (Off:0 Def:2)",null,null,null,null],["0041400161",298,6,28,2,"11:53 PM","0:23",null,null,"Mills Personal Take Foul (P2.PN) (E.Malloy)",null,null],["0041400161",299,3,11,2,"11:53 PM","0:23","Jordan Free Throw 1 of 2 (4 PTS)",null,null,"43 - 48","5"],["0041400161",301,3,12,2,"11:54 PM","0:23","Jordan Free Throw 2 of 2 (5 PTS)",null,null,"43 - 49","6"],["0041400161",303,6,28,2,"11:54 PM","0:20","Rivers Personal Take Foul (P1.T3) (K.Mauer)",null,null,null,null],["0041400161",304,8,0,2,"11:55 PM","0:20","SUB: Davis FOR Jordan",null,null,null,null],["0041400161",305,8,0,2,"11:55 PM","0:20",null,null,"SUB: Bonner FOR Baynes",null,null],["0041400161",306,8,0,2,"11:55 PM","0:20","SUB: Jones FOR Crawford",null,null,null,null],["0041400161",307,2,1,2,"11:55 PM","0:03",null,null,"MISS Ginobili 26' 3PT Jump Shot",null,null],["0041400161",308,4,0,2,"11:55 PM","0:00","Griffin REBOUND (Off:1 Def:4)",null,null,null,null],["0041400161",309,13,0,2,"11:55 PM","0:00",null,null,null,"43 - 49","6"],["0041400161",311,12,0,3,"12:13 AM","12:00",null,null,null,"43 - 49","6"],["0041400161",312,2,1,3,"12:14 AM","11:37",null,null,"MISS Duncan 18' Jump Shot",null,null],["0041400161",313,4,0,3,"12:14 AM","11:36",null,null,"Green REBOUND (Off:2 Def:1)",null,null],["0041400161",314,2,44,3,"12:14 AM","11:27",null,null,"MISS Splitter 1' Reverse Layup",null,null],["0041400161",315,4,0,3,"12:14 AM","11:26","CLIPPERS Rebound",null,null,null,null],["0041400161",316,5,1,3,"12:14 AM","11:21","Barnes Bad Pass Turnover (P1.T8)",null,"Green STEAL (1 STL)",null,null],["0041400161",317,2,1,3,"12:14 AM","11:14",null,null,"MISS Green 27' 3PT Jump Shot",null,null],["0041400161",318,4,0,3,"12:14 AM","11:13",null,null,"Splitter REBOUND (Off:2 Def:0)",null,null],["0041400161",319,2,44,3,"12:14 AM","11:11","Jordan BLOCK (4 BLK)",null,"MISS Splitter 1' Reverse Layup",null,null],["0041400161",320,4,0,3,"12:14 AM","11:08",null,null,"Leonard REBOUND (Off:2 Def:3)",null,null],["0041400161",321,2,63,3,"12:15 AM","11:05",null,null,"MISS Leonard 5' Fadeaway Jumper",null,null],["0041400161",322,4,0,3,"12:15 AM","11:04","Redick REBOUND (Off:0 Def:3)",null,null,null,null],["0041400161",323,1,7,3,"12:15 AM","11:02","Jordan  Dunk (7 PTS) (Redick 1 AST)",null,null,"43 - 51","8"],["0041400161",324,2,1,3,"12:15 AM","10:36",null,null,"MISS Green 26' 3PT Jump Shot",null,null],["0041400161",325,4,0,3,"12:15 AM","10:35","Griffin REBOUND (Off:1 Def:5)",null,null,null,null],["0041400161",326,2,7,3,"12:15 AM","10:28","MISS Jordan  Dunk",null,null,null,null],["0041400161",327,4,0,3,"12:15 AM","10:26","Jordan REBOUND (Off:1 Def:7)",null,null,null,null],["0041400161",328,5,2,3,"12:15 AM","10:24","Jordan Lost Ball Turnover (P1.T9)",null,"Leonard STEAL (3 STL)",null,null],["0041400161",329,1,5,3,"12:15 AM","10:19",null,null,"Parker 1' Layup (4 PTS) (Green 1 AST)","45 - 51","6"],["0041400161",330,2,5,3,"12:15 AM","10:14","MISS Paul 2' Layup",null,null,null,null],["0041400161",331,4,0,3,"12:15 AM","10:10",null,null,"Duncan REBOUND (Off:1 Def:5)",null,null],["0041400161",332,2,5,3,"12:15 AM","10:08","Griffin BLOCK (1 BLK)",null,"MISS Duncan 1' Layup",null,null],["0041400161",333,4,0,3,"12:16 AM","10:08",null,null,"Splitter REBOUND (Off:3 Def:0)",null,null],["0041400161",334,6,2,3,"12:16 AM","10:08","Redick S.FOUL (P1.T1) (D.Jones)",null,null,null,null],["0041400161",335,3,11,3,"12:16 AM","10:08",null,null,"MISS Splitter Free Throw 1 of 2",null,null],["0041400161",336,4,1,3,"12:16 AM","10:08",null,null,"Spurs Rebound",null,null],["0041400161",337,3,12,3,"12:16 AM","10:08",null,null,"MISS Splitter Free Throw 2 of 2",null,null],["0041400161",339,4,0,3,"12:16 AM","10:06",null,null,"Duncan REBOUND (Off:2 Def:5)",null,null],["0041400161",340,2,5,3,"12:16 AM","9:59",null,null,"MISS Duncan 1' Layup",null,null],["0041400161",341,4,0,3,"12:16 AM","9:57",null,null,"Duncan REBOUND (Off:3 Def:5)",null,null],["0041400161",342,1,5,3,"12:17 AM","9:40",null,null,"Splitter 1' Layup (4 PTS) (Leonard 1 AST)","47 - 51","4"],["0041400161",344,6,4,3,"12:17 AM","9:27","Redick OFF.Foul (P2) (E.Malloy)",null,null,null,null],["0041400161",345,5,5,3,"12:17 AM","9:27","Redick Foul Turnover (P2.T10)",null,null,null,null],["0041400161",347,2,1,3,"12:17 AM","9:10",null,null,"MISS Parker 10' Jump Shot",null,null],["0041400161",348,4,0,3,"12:17 AM","9:09","Griffin REBOUND (Off:1 Def:6)",null,null,null,null],["0041400161",349,6,2,3,"12:18 AM","9:01",null,null,"Splitter S.FOUL (P2.T1) (K.Mauer)",null,null],["0041400161",350,3,11,3,"12:18 AM","9:01","MISS Griffin Free Throw 1 of 2",null,null,null,null],["0041400161",351,4,1,3,"12:18 AM","9:01","CLIPPERS Rebound",null,null,null,null],["0041400161",352,3,12,3,"12:18 AM","9:01","Griffin Free Throw 2 of 2 (14 PTS)",null,null,"47 - 52","5"],["0041400161",355,2,1,3,"12:19 AM","8:42",null,null,"MISS Green 5' Jump Shot",null,null],["0041400161",356,4,0,3,"12:19 AM","8:41","Jordan REBOUND (Off:1 Def:8)",null,null,null,null],["0041400161",357,2,1,3,"12:19 AM","8:34","MISS Redick 21' Jump Shot",null,null,null,null],["0041400161",358,4,0,3,"12:19 AM","8:33",null,null,"Duncan REBOUND (Off:3 Def:6)",null,null],["0041400161",359,2,1,3,"12:19 AM","8:23",null,null,"MISS Parker 9' Jump Shot",null,null],["0041400161",360,4,0,3,"12:19 AM","8:22","Griffin REBOUND (Off:1 Def:7)",null,null,null,null],["0041400161",361,1,1,3,"12:19 AM","8:16","Paul 12' Jump Shot (9 PTS)",null,null,"47 - 54","7"],["0041400161",363,5,2,3,"12:20 AM","7:57","Griffin STEAL (2 STL)",null,"Parker Lost Ball Turnover (P2.T10)",null,null],["0041400161",364,2,5,3,"12:20 AM","7:51","MISS Griffin 2' Layup",null,null,null,null],["0041400161",365,4,0,3,"12:20 AM","7:51",null,null,"Spurs Rebound",null,null],["0041400161",366,1,1,3,"12:20 AM","7:26",null,null,"Parker 19' Jump Shot (6 PTS)","49 - 54","5"],["0041400161",367,6,2,3,"12:21 AM","7:20",null,null,"Splitter S.FOUL (P3.T2) (D.Jones)",null,null],["0041400161",370,3,11,3,"12:22 AM","7:20","MISS Griffin Free Throw 1 of 2",null,null,null,null],["0041400161",371,4,1,3,"12:22 AM","7:20","CLIPPERS Rebound",null,null,null,null],["0041400161",372,8,0,3,"12:22 AM","7:20",null,null,"SUB: Baynes FOR Splitter",null,null],["0041400161",373,3,12,3,"12:23 AM","7:20","Griffin Free Throw 2 of 2 (15 PTS)",null,null,"49 - 55","6"],["0041400161",375,1,78,3,"12:23 AM","7:07",null,null,"Parker 8' Floating Jump Shot (8 PTS)","51 - 55","4"],["0041400161",376,1,73,3,"12:23 AM","6:55","Paul 1' Driving Reverse Layup (11 PTS)",null,null,"51 - 57","6"],["0041400161",377,1,1,3,"12:23 AM","6:43",null,null,"Parker 20' Jump Shot (10 PTS)","53 - 57","4"],["0041400161",378,1,88,3,"12:24 AM","6:20","Griffin  Driving Slam Dunk (17 PTS)",null,null,"53 - 59","6"],["0041400161",379,6,1,3,"12:24 AM","6:04","Griffin P.FOUL (P1.T2) (D.Jones)",null,null,null,null],["0041400161",380,2,1,3,"12:24 AM","5:59",null,null,"MISS Parker 14' Jump Shot",null,null],["0041400161",381,4,0,3,"12:24 AM","5:58","Paul REBOUND (Off:0 Def:5)",null,null,null,null],["0041400161",382,2,1,3,"12:25 AM","5:47","MISS Griffin 16' Jump Shot",null,null,null,null],["0041400161",383,4,0,3,"12:25 AM","5:46",null,null,"Leonard REBOUND (Off:2 Def:4)",null,null],["0041400161",384,6,2,3,"12:25 AM","5:36","Jordan S.FOUL (P3.T3) (E.Malloy)",null,null,null,null],["0041400161",385,9,1,3,"12:25 AM","5:36","CLIPPERS Timeout: Regular (Full 3 Short 1)",null,null,null,null],["0041400161",387,8,0,3,"12:28 AM","5:36",null,null,"SUB: Joseph FOR Parker",null,null],["0041400161",388,8,0,3,"12:28 AM","5:36",null,null,"SUB: Diaw FOR Duncan",null,null],["0041400161",389,3,11,3,"12:29 AM","5:36",null,null,"MISS Green Free Throw 1 of 2",null,null],["0041400161",390,4,1,3,"12:29 AM","5:36",null,null,"Spurs Rebound",null,null],["0041400161",391,3,12,3,"12:29 AM","5:36",null,null,"Green Free Throw 2 of 2 (3 PTS)","54 - 59","5"],["0041400161",393,2,1,3,"12:29 AM","5:25","MISS Redick  3PT Jump Shot",null,null,null,null],["0041400161",394,4,0,3,"12:29 AM","5:24","CLIPPERS Rebound",null,null,null,null],["0041400161",395,8,0,3,"12:29 AM","5:24",null,null,"SUB: Ginobili FOR Green",null,null],["0041400161",396,7,5,3,"12:29 AM","5:19",null,null,"Leonard Violation:Kicked Ball (D.Jones)",null,null],["0041400161",398,1,1,3,"12:30 AM","4:58","Barnes  3PT Jump Shot (8 PTS) (Griffin 4 AST)",null,null,"54 - 62","8"],["0041400161",400,18,2,3,"12:31 AM","4:41",null,null,null,"54 - 62","8"],["0041400161",402,10,0,3,"12:33 AM","4:41","Jump Ball Barnes vs. Baynes: Tip to Joseph",null,null,null,null],["0041400161",403,2,1,3,"12:33 AM","4:34",null,null,"MISS Joseph 16' Jump Shot",null,null],["0041400161",404,4,0,3,"12:33 AM","4:33","Griffin REBOUND (Off:1 Def:8)",null,null,null,null],["0041400161",405,2,5,3,"12:33 AM","4:25","MISS Griffin 2' Layup",null,null,null,null],["0041400161",406,4,0,3,"12:33 AM","4:24",null,null,"Ginobili REBOUND (Off:1 Def:5)",null,null],["0041400161",407,5,1,3,"12:33 AM","4:21","Paul STEAL (2 STL)",null,"Leonard Bad Pass Turnover (P4.T11)",null,null],["0041400161",408,2,1,3,"12:33 AM","4:15","MISS Redick 25' 3PT Jump Shot",null,null,null,null],["0041400161",409,4,0,3,"12:33 AM","4:14","CLIPPERS Rebound",null,null,null,null],["0041400161",410,6,3,3,"12:33 AM","4:14",null,null,"Baynes L.B.FOUL (P3.T3) (E.Malloy)",null,null],["0041400161",411,8,0,3,"12:34 AM","4:14","SUB: Crawford FOR Redick",null,null,null,null],["0041400161",413,1,88,3,"12:34 AM","4:01","Griffin  Driving Slam Dunk (19 PTS) (Paul 5 AST)",null,null,"54 - 64","10"],["0041400161",414,2,5,3,"12:34 AM","3:42",null,null,"MISS Baynes 1' Layup",null,null],["0041400161",415,4,0,3,"12:34 AM","3:41","Jordan REBOUND (Off:1 Def:9)",null,null,null,null],["0041400161",416,10,0,3,"12:35 AM","3:41","Jump Ball Jordan vs. Leonard: Tip to Barnes",null,null,null,null],["0041400161",417,6,2,3,"12:35 AM","3:33",null,null,"Joseph S.FOUL (P1.T4) (D.Jones)",null,null],["0041400161",419,3,11,3,"12:35 AM","3:33","Paul Free Throw 1 of 2 (12 PTS)",null,null,"54 - 65","11"],["0041400161",421,8,0,3,"12:36 AM","3:33","SUB: Davis FOR Jordan",null,null,null,null],["0041400161",422,3,12,3,"12:36 AM","3:33","Paul Free Throw 2 of 2 (13 PTS)",null,null,"54 - 66","12"],["0041400161",425,5,2,3,"12:37 AM","3:12","Barnes STEAL (3 STL)",null,"Diaw Lost Ball Turnover (P1.T12)",null,null],["0041400161",426,5,2,3,"12:37 AM","3:05","Barnes Lost Ball Turnover (P2.T11)",null,"Leonard STEAL (4 STL)",null,null],["0041400161",427,1,1,3,"12:37 AM","2:59",null,null,"Ginobili 24' 3PT Jump Shot (8 PTS) (Leonard 2 AST)","57 - 66","9"],["0041400161",429,1,65,3,"12:37 AM","2:43","Griffin 3' Jump Hook Shot (21 PTS)",null,null,"57 - 68","11"],["0041400161",430,2,1,3,"12:37 AM","2:33",null,null,"MISS Diaw 3' Jump Shot",null,null],["0041400161",431,4,0,3,"12:37 AM","2:32","Barnes REBOUND (Off:1 Def:3)",null,null,null,null],["0041400161",432,1,1,3,"12:37 AM","2:26","Paul 25' 3PT Jump Shot (16 PTS)",null,null,"57 - 71","14"],["0041400161",433,1,65,3,"12:37 AM","2:13",null,null,"Leonard 7' Jump Hook Shot (11 PTS) (Ginobili 4 AST)","59 - 71","12"],["0041400161",435,6,1,3,"12:38 AM","2:02",null,null,"Joseph P.FOUL (P2.PN) (D.Jones)",null,null],["0041400161",436,9,1,3,"12:38 AM","2:02",null,null,"Spurs Timeout: Regular (Reg.3 Short 0)",null,null],["0041400161",438,3,11,3,"12:41 AM","2:02","MISS Paul Free Throw 1 of 2",null,null,null,null],["0041400161",439,4,1,3,"12:41 AM","2:02","CLIPPERS Rebound",null,null,null,null],["0041400161",440,3,12,3,"12:41 AM","2:02","Paul Free Throw 2 of 2 (17 PTS)",null,null,"59 - 72","13"],["0041400161",442,2,5,3,"12:42 AM","1:47",null,null,"MISS Ginobili 1' Layup",null,null],["0041400161",443,4,0,3,"12:42 AM","1:46",null,null,"Baynes REBOUND (Off:2 Def:3)",null,null],["0041400161",444,2,5,3,"12:42 AM","1:43","Griffin BLOCK (2 BLK)",null,"MISS Baynes 1' Layup",null,null],["0041400161",445,4,0,3,"12:42 AM","1:42","Davis REBOUND (Off:0 Def:4)",null,null,null,null],["0041400161",446,1,1,3,"12:42 AM","1:36","Crawford 25' 3PT Jump Shot (12 PTS) (Paul 6 AST)",null,null,"59 - 75","16"],["0041400161",447,2,1,3,"12:42 AM","1:26",null,null,"MISS Leonard 23' Jump Shot",null,null],["0041400161",448,4,0,3,"12:42 AM","1:25",null,null,"Diaw REBOUND (Off:2 Def:2)",null,null],["0041400161",449,1,5,3,"12:42 AM","1:19",null,null,"Leonard 2' Layup (13 PTS) (Ginobili 5 AST)","61 - 75","14"],["0041400161",450,1,88,3,"12:43 AM","1:02","Griffin  Driving Slam Dunk (23 PTS)",null,null,"61 - 77","16"],["0041400161",451,2,5,3,"12:43 AM","0:46","Griffin BLOCK (3 BLK)",null,"MISS Baynes 1' Layup",null,null],["0041400161",452,4,0,3,"12:43 AM","0:44","Paul REBOUND (Off:0 Def:6)",null,null,null,null],["0041400161",453,1,42,3,"12:43 AM","0:42","Paul 1' Driving Layup (19 PTS)",null,null,"61 - 79","18"],["0041400161",454,6,1,3,"12:43 AM","0:39","Davis P.FOUL (P3.T4) (E.Malloy)",null,null,null,null],["0041400161",455,8,0,3,"12:43 AM","0:39","SUB: Rivers FOR Paul",null,null,null,null],["0041400161",467,8,0,3,"12:43 AM","0:39",null,null,"SUB: Mills FOR Joseph",null,null],["0041400161",456,6,2,3,"12:44 AM","0:33","Barnes S.FOUL (P3.PN) (K.Mauer)",null,null,null,null],["0041400161",457,3,11,3,"12:44 AM","0:33",null,null,"MISS Leonard Free Throw 1 of 2",null,null],["0041400161",458,4,1,3,"12:44 AM","0:33",null,null,"Spurs Rebound",null,null],["0041400161",459,8,0,3,"12:44 AM","0:33","SUB: Paul FOR Davis",null,null,null,null],["0041400161",460,3,12,3,"12:45 AM","0:33",null,null,"MISS Leonard Free Throw 2 of 2",null,null],["0041400161",462,4,0,3,"12:45 AM","0:33",null,null,"Spurs Rebound",null,null],["0041400161",463,8,0,3,"12:45 AM","0:33","SUB: Davis FOR Paul",null,null,null,null],["0041400161",464,2,1,3,"12:45 AM","0:30",null,null,"MISS Diaw 25' 3PT Jump Shot",null,null],["0041400161",466,4,0,3,"12:45 AM","0:28","CLIPPERS Rebound",null,null,null,null],["0041400161",468,8,0,3,"12:45 AM","0:28","SUB: Paul FOR Davis",null,null,null,null],["0041400161",470,2,1,3,"12:46 AM","0:06","MISS Paul 30' 3PT Jump Shot",null,null,null,null],["0041400161",471,4,0,3,"12:46 AM","0:04",null,null,"Ginobili REBOUND (Off:1 Def:6)",null,null],["0041400161",472,1,1,3,"12:46 AM","0:00",null,null,"Leonard 25' 3PT Jump Shot (16 PTS) (Ginobili 6 AST)","64 - 79","15"],["0041400161",474,13,0,3,"12:47 AM","0:00",null,null,null,"64 - 79","15"],["0041400161",476,12,0,4,"12:50 AM","12:00",null,null,null,"64 - 79","15"],["0041400161",477,1,3,4,"12:50 AM","11:37","Davis 7' Hook Shot (3 PTS)",null,null,"64 - 81","17"],["0041400161",478,2,1,4,"12:51 AM","11:24","Crawford BLOCK (1 BLK)",null,"MISS Ginobili 24' 3PT Jump Shot",null,null],["0041400161",479,4,0,4,"12:51 AM","11:22","Jordan REBOUND (Off:1 Def:10)",null,null,null,null],["0041400161",480,5,1,4,"12:51 AM","11:20","Jordan Bad Pass Turnover (P2.T12)",null,"Ginobili STEAL (2 STL)",null,null],["0041400161",481,1,1,4,"12:51 AM","11:13",null,null,"Mills 24' 3PT Jump Shot (6 PTS) (Leonard 3 AST)","67 - 81","14"],["0041400161",482,1,1,4,"12:51 AM","10:58","Crawford 26' 3PT Jump Shot (15 PTS)",null,null,"67 - 84","17"],["0041400161",483,1,42,4,"12:51 AM","10:47",null,null,"Ginobili 1' Driving Layup (10 PTS)","69 - 84","15"],["0041400161",484,2,5,4,"12:52 AM","10:26","MISS Rivers 2' Layup",null,"Diaw BLOCK (1 BLK)",null,null],["0041400161",485,4,0,4,"12:52 AM","10:26","Rivers REBOUND (Off:1 Def:0)",null,null,null,null],["0041400161",486,6,1,4,"12:52 AM","10:26",null,null,"Ginobili P.FOUL (P2.T1) (D.Jones)",null,null],["0041400161",489,1,79,4,"12:52 AM","10:17","Crawford 21' Pullup Jump Shot (17 PTS)",null,null,"69 - 86","17"],["0041400161",490,6,1,4,"12:52 AM","10:06","Crawford P.FOUL (P1.T1) (K.Mauer)",null,null,null,null],["0041400161",491,8,0,4,"12:52 AM","10:06",null,null,"SUB: Green FOR Ginobili",null,null],["0041400161",492,1,1,4,"12:53 AM","9:55",null,null,"Mills 25' 3PT Jump Shot (9 PTS) (Diaw 4 AST)","72 - 86","14"],["0041400161",493,2,40,4,"12:53 AM","9:41","MISS Rivers 2' Layup",null,null,null,null],["0041400161",494,4,0,4,"12:53 AM","9:40",null,null,"Mills REBOUND (Off:0 Def:1)",null,null],["0041400161",495,2,1,4,"12:53 AM","9:35",null,null,"MISS Mills 24' 3PT Jump Shot",null,null],["0041400161",497,4,0,4,"12:53 AM","9:32",null,null,"Duncan REBOUND (Off:4 Def:6)",null,null],["0041400161",496,1,87,4,"12:53 AM","9:32",null,null,"Duncan  Putback Dunk (8 PTS)","74 - 86","12"],["0041400161",499,6,1,4,"12:54 AM","9:16",null,null,"Leonard P.FOUL (P3.T2) (E.Malloy)",null,null],["0041400161",500,8,0,4,"12:54 AM","9:16","SUB: Paul FOR Rivers",null,null,null,null],["0041400161",501,8,0,4,"12:54 AM","9:16","SUB: Griffin FOR Davis",null,null,null,null],["0041400161",502,1,1,4,"12:54 AM","9:06","Paul 8' Jump Shot (21 PTS)",null,null,"74 - 88","14"],["0041400161",503,6,2,4,"12:54 AM","8:56","Barnes S.FOUL (P4.T2) (E.Malloy)",null,null,null,null],["0041400161",504,9,4,4,"12:54 AM","8:56",null,null,null,null,null],["0041400161",506,8,0,4,"12:57 AM","8:56","SUB: Redick FOR Barnes",null,null,null,null],["0041400161",507,8,0,4,"12:57 AM","8:56",null,null,"SUB: Belinelli FOR Leonard",null,null],["0041400161",508,8,0,4,"12:57 AM","8:56",null,null,"SUB: Parker FOR Mills",null,null],["0041400161",509,3,11,4,"12:57 AM","8:56",null,null,"Duncan Free Throw 1 of 2 (9 PTS)","75 - 88","13"],["0041400161",511,3,12,4,"12:58 AM","8:56",null,null,"MISS Duncan Free Throw 2 of 2",null,null],["0041400161",513,4,0,4,"12:58 AM","8:55","Griffin REBOUND (Off:1 Def:9)",null,null,null,null],["0041400161",514,2,1,4,"12:58 AM","8:35","MISS Crawford 25' 3PT Jump Shot",null,null,null,null],["0041400161",515,4,0,4,"12:58 AM","8:34","Jordan REBOUND (Off:2 Def:10)",null,null,null,null],["0041400161",516,1,1,4,"12:58 AM","8:22","Paul 19' Jump Shot (23 PTS)",null,null,"75 - 90","15"],["0041400161",517,1,1,4,"12:59 AM","8:03",null,null,"Green 25' 3PT Jump Shot (6 PTS) (Duncan 4 AST)","78 - 90","12"],["0041400161",518,2,1,4,"12:59 AM","7:47","MISS Redick 15' Jump Shot",null,null,null,null],["0041400161",519,4,0,4,"12:59 AM","7:43",null,null,"Diaw REBOUND (Off:2 Def:3)",null,null],["0041400161",520,1,1,4,"12:59 AM","7:36",null,null,"Belinelli 25' 3PT Jump Shot (6 PTS) (Green 2 AST)","81 - 90","9"],["0041400161",521,9,1,4,"12:59 AM","7:35","CLIPPERS Timeout: Regular (Full 4 Short 1)",null,null,null,null],["0041400161",523,1,5,4,"1:03 AM","7:22","Griffin 2' Layup (25 PTS) (Redick 2 AST)",null,null,"81 - 92","11"],["0041400161",524,6,2,4,"1:03 AM","7:22",null,null,"Duncan S.FOUL (P4.T3) (E.Malloy)",null,null],["0041400161",525,3,10,4,"1:04 AM","7:22","Griffin Free Throw 1 of 1 (26 PTS)",null,null,"81 - 93","12"],["0041400161",527,5,2,4,"1:04 AM","7:07","Griffin STEAL (3 STL)",null,"Green Lost Ball Turnover (P1.T13)",null,null],["0041400161",528,1,79,4,"1:04 AM","6:58","Paul 14' Pullup Jump Shot (25 PTS)",null,null,"81 - 95","14"],["0041400161",529,2,1,4,"1:04 AM","6:49",null,null,"MISS Diaw 25' 3PT Jump Shot",null,null],["0041400161",530,4,0,4,"1:04 AM","6:49","CLIPPERS Rebound",null,null,null,null],["0041400161",533,2,80,4,"1:05 AM","6:34","MISS Redick 17' Step Back Jump Shot",null,null,null,null],["0041400161",535,4,0,4,"1:05 AM","6:32","Jordan REBOUND (Off:3 Def:10)",null,null,null,null],["0041400161",534,1,4,4,"1:05 AM","6:32","Jordan 2' Tip Shot (9 PTS)",null,null,"81 - 97","16"],["0041400161",536,1,1,4,"1:06 AM","6:12",null,null,"Belinelli 15' Jump Shot (8 PTS) (Diaw 5 AST)","83 - 97","14"],["0041400161",537,2,65,4,"1:06 AM","5:49","MISS Griffin 3' Jump Hook Shot",null,null,null,null],["0041400161",538,4,0,4,"1:06 AM","5:49",null,null,"Spurs Rebound",null,null],["0041400161",539,5,1,4,"1:06 AM","5:39",null,null,"Green Bad Pass Turnover (P2.T14)",null,null],["0041400161",540,2,1,4,"1:07 AM","5:23","MISS Redick 25' 3PT Jump Shot",null,null,null,null],["0041400161",541,4,0,4,"1:07 AM","5:22",null,null,"Duncan REBOUND (Off:4 Def:7)",null,null],["0041400161",542,2,1,4,"1:07 AM","5:15",null,null,"MISS Green 25' 3PT Jump Shot",null,null],["0041400161",543,4,0,4,"1:07 AM","5:13","Griffin REBOUND (Off:1 Def:10)",null,null,null,null],["0041400161",544,1,1,4,"1:07 AM","5:05","Redick 24' 3PT Jump Shot (10 PTS) (Griffin 5 AST)",null,null,"83 - 100","17"],["0041400161",545,6,2,4,"1:07 AM","4:52","Griffin S.FOUL (P2.T3) (D.Jones)",null,null,null,null],["0041400161",546,3,11,4,"1:08 AM","4:52",null,null,"Duncan Free Throw 1 of 2 (10 PTS)","84 - 100","16"],["0041400161",548,8,0,4,"1:08 AM","4:52","SUB: Barnes FOR Crawford",null,null,null,null],["0041400161",549,8,0,4,"1:08 AM","4:52",null,null,"SUB: Leonard FOR Green",null,null],["0041400161",550,3,12,4,"1:08 AM","4:52",null,null,"Duncan Free Throw 2 of 2 (11 PTS)","85 - 100","15"],["0041400161",552,1,75,4,"1:09 AM","4:38","Paul 2' Driving Finger Roll Layup (27 PTS)",null,null,"85 - 102","17"],["0041400161",553,6,2,4,"1:09 AM","4:28","Barnes S.FOUL (P5.T4) (K.Mauer)",null,null,null,null],["0041400161",554,3,11,4,"1:09 AM","4:28",null,null,"Leonard Free Throw 1 of 2 (17 PTS)","86 - 102","16"],["0041400161",556,3,12,4,"1:09 AM","4:28",null,null,"Leonard Free Throw 2 of 2 (18 PTS)","87 - 102","15"],["0041400161",558,2,52,4,"1:10 AM","4:17","MISS Jordan  Alley Oop Dunk",null,null,null,null],["0041400161",559,4,0,4,"1:10 AM","4:15",null,null,"Diaw REBOUND (Off:2 Def:4)",null,null],["0041400161",560,2,1,4,"1:10 AM","4:04",null,null,"MISS Leonard 25' 3PT Jump Shot",null,null],["0041400161",561,4,0,4,"1:10 AM","4:02","Griffin REBOUND (Off:1 Def:11)",null,null,null,null],["0041400161",562,1,80,4,"1:10 AM","3:53","Paul 14' Step Back Jump Shot (29 PTS)",null,null,"87 - 104","17"],["0041400161",563,2,1,4,"1:11 AM","3:31",null,null,"MISS Diaw 25' 3PT Jump Shot",null,null],["0041400161",564,4,0,4,"1:11 AM","3:30","Jordan REBOUND (Off:3 Def:11)",null,null,null,null],["0041400161",565,5,4,4,"1:11 AM","3:16","Paul Traveling Turnover (P3.T13)",null,null,null,null],["0041400161",566,8,0,4,"1:11 AM","3:16",null,null,"SUB: Ayres FOR Duncan",null,null],["0041400161",567,8,0,4,"1:11 AM","3:16",null,null,"SUB: Joseph FOR Leonard",null,null],["0041400161",568,9,1,4,"1:11 AM","3:16","CLIPPERS Timeout: Regular (Full 5 Short 1)",null,null,null,null],["0041400161",570,8,0,4,"1:14 AM","3:16",null,null,"SUB: Bonner FOR Parker",null,null],["0041400161",571,8,0,4,"1:14 AM","3:16",null,null,"SUB: Mills FOR Diaw",null,null],["0041400161",572,2,1,4,"1:15 AM","2:54",null,null,"MISS Belinelli  3PT Jump Shot",null,null],["0041400161",573,4,0,4,"1:15 AM","2:53","Barnes REBOUND (Off:1 Def:4)",null,null,null,null],["0041400161",574,1,1,4,"1:15 AM","2:39","Paul 25' 3PT Jump Shot (32 PTS) (Griffin 6 AST)",null,null,"87 - 107","20"],["0041400161",575,2,1,4,"1:16 AM","2:17",null,null,"MISS Bonner 24' 3PT Jump Shot",null,null],["0041400161",576,4,0,4,"1:16 AM","2:15",null,null,"Mills REBOUND (Off:1 Def:1)",null,null],["0041400161",577,1,1,4,"1:16 AM","2:11",null,null,"Belinelli 27' 3PT Jump Shot (11 PTS) (Mills 1 AST)","90 - 107","17"],["0041400161",578,2,1,4,"1:16 AM","1:47","MISS Barnes 27' 3PT Jump Shot",null,null,null,null],["0041400161",579,4,0,4,"1:16 AM","1:46",null,null,"Joseph REBOUND (Off:0 Def:1)",null,null],["0041400161",580,1,42,4,"1:16 AM","1:41",null,null,"Joseph 2' Driving Layup (3 PTS)","92 - 107","15"],["0041400161",581,5,11,4,"1:17 AM","1:16","CLIPPERS Turnover: Shot Clock (T#14)",null,null,null,null],["0041400161",582,5,1,4,"1:17 AM","0:58","Barnes STEAL (4 STL)",null,"Mills Bad Pass Turnover (P1.T15)",null,null],["0041400161",583,2,1,4,"1:18 AM","0:36","MISS Paul 12' Jump Shot",null,null,null,null],["0041400161",584,4,0,4,"1:18 AM","0:35",null,null,"Bonner REBOUND (Off:0 Def:1)",null,null],["0041400161",585,2,1,4,"1:18 AM","0:29",null,null,"MISS Belinelli  3PT Jump Shot",null,null],["0041400161",586,4,0,4,"1:18 AM","0:27","Paul REBOUND (Off:0 Def:7)",null,null,null,null],["0041400161",588,5,11,4,"1:18 AM","0:05","CLIPPERS Turnover: Shot Clock (T#15)",null,null,null,null],["0041400161",589,2,1,4,"1:19 AM","0:02",null,null,"MISS Mills 15' Jump Shot",null,null],["0041400161",590,4,0,4,"1:19 AM","0:00",null,null,"Spurs Rebound",null,null],["0041400161",591,13,0,4,"1:19 AM","0:00",null,null,null,"92 - 107","15"]]},{"name":"AvailableVideo","headers":["VIDEO_AVAILABLE_FLAG"],"rowSet":[[1]]}]}