{"resource":"playbyplay","parameters":{"GameID":"0041400231","StartPeriod":0,"EndPeriod":14},"resultSets":[{"name":"PlayByPlay","headers":["GAME_ID","EVENTNUM","EVENTMSGTYPE","EVENTMSGACTIONTYPE","PERIOD","WCTIMESTRING","PCTIMESTRING","HOMEDESCRIPTION","NEUTRALDESCRIPTION","VISITORDESCRIPTION","SCORE","SCOREMARGIN"],"rowSet":[["0041400231",0,12,0,1,"9:43 PM","12:00",null,null,null,null,null],["0041400231",1,10,0,1,"9:43 PM","12:00","Jump Ball Howard vs. Jordan: Tip to Ariza",null,null,null,null],["0041400231",2,2,5,1,"9:44 PM","11:39","MISS Jones 2' Layup",null,"Jordan BLOCK (1 BLK)",null,null],["0041400231",3,4,0,1,"9:44 PM","11:37","Jones REBOUND (Off:1 Def:0)",null,null,null,null],["0041400231",4,2,58,1,"9:44 PM","11:35","MISS Jones 8' Turnaround Hook Shot",null,null,null,null],["0041400231",5,4,0,1,"9:44 PM","11:34",null,null,"Griffin REBOUND (Off:0 Def:1)",null,null],["0041400231",6,2,1,1,"9:44 PM","11:12",null,null,"MISS Barnes 26' 3PT Jump Shot",null,null],["0041400231",7,4,0,1,"9:44 PM","11:11","Jones REBOUND (Off:1 Def:1)",null,null,null,null],["0041400231",8,2,80,1,"9:44 PM","11:02","MISS Harden 18' Step Back Jump Shot",null,null,null,null],["0041400231",9,4,0,1,"9:44 PM","11:01",null,null,"Griffin REBOUND (Off:0 Def:2)",null,null],["0041400231",10,2,1,1,"9:45 PM","10:54","Howard BLOCK (1 BLK)",null,"MISS Griffin 6' Jump Shot",null,null],["0041400231",11,4,0,1,"9:45 PM","10:52","Harden REBOUND (Off:0 Def:1)",null,null,null,null],["0041400231",12,5,1,1,"9:45 PM","10:48","Harden Bad Pass Turnover (P1.T1)",null,"Rivers STEAL (1 STL)",null,null],["0041400231",13,2,5,1,"9:45 PM","10:43","Jones BLOCK (1 BLK)",null,"MISS Rivers 4' Layup",null,null],["0041400231",14,4,0,1,"9:45 PM","10:43",null,null,"Clippers Rebound",null,null],["0041400231",15,1,1,1,"9:45 PM","10:36",null,null,"Rivers 24' 3PT Jump Shot (3 PTS) (Jordan 1 AST)","3 - 0","-3"],["0041400231",16,1,42,1,"9:45 PM","10:23","Terry 2' Driving Layup (2 PTS) (Harden 1 AST)",null,null,"3 - 2","-1"],["0041400231",17,2,79,1,"9:46 PM","10:09",null,null,"MISS Redick 25' 3PT Pullup Jump Shot",null,null],["0041400231",18,4,0,1,"9:46 PM","10:08","Howard REBOUND (Off:0 Def:1)",null,null,null,null],["0041400231",19,2,5,1,"9:46 PM","9:56","MISS Jones 2' Layup",null,null,null,null],["0041400231",20,4,0,1,"9:46 PM","9:55",null,null,"Griffin REBOUND (Off:0 Def:3)",null,null],["0041400231",21,5,40,1,"9:46 PM","9:50",null,null,"Griffin Out of Bounds Lost Ball Turnover (P1.T1)",null,null],["0041400231",23,2,5,1,"9:46 PM","9:35","MISS Howard 2' Layup",null,null,null,null],["0041400231",25,4,0,1,"9:46 PM","9:34","Ariza REBOUND (Off:1 Def:0)",null,null,null,null],["0041400231",24,1,4,1,"9:46 PM","9:34","Ariza 2' Tip Shot (2 PTS)",null,null,"3 - 4","1"],["0041400231",26,5,1,1,"9:47 PM","9:12","Harden STEAL (1 STL)",null,"Barnes Bad Pass Turnover (P1.T2)",null,null],["0041400231",27,1,5,1,"9:47 PM","9:08","Ariza 1' Layup (4 PTS) (Harden 2 AST)",null,null,"3 - 6","3"],["0041400231",28,6,2,1,"9:47 PM","9:08",null,null,"Rivers S.FOUL (P1.T1) (M.Callahan)",null,null],["0041400231",29,3,10,1,"9:47 PM","9:08","Ariza Free Throw 1 of 1 (5 PTS)",null,null,"3 - 7","4"],["0041400231",32,2,56,1,"9:48 PM","8:50",null,null,"MISS Griffin 6' Running Hook Shot",null,null],["0041400231",33,4,0,1,"9:48 PM","8:49","Terry REBOUND (Off:0 Def:1)",null,null,null,null],["0041400231",34,5,1,1,"9:48 PM","8:43","Terry Bad Pass Turnover (P1.T2)",null,"Jordan STEAL (1 STL)",null,null],["0041400231",35,1,5,1,"9:48 PM","8:39",null,null,"Barnes 2' Layup (2 PTS) (Jordan 2 AST)","5 - 7","2"],["0041400231",36,6,2,1,"9:48 PM","8:39","Harden S.FOUL (P1.T1) (M.Callahan)",null,null,null,null],["0041400231",37,3,10,1,"9:48 PM","8:39",null,null,"Barnes Free Throw 1 of 1 (3 PTS)","6 - 7","1"],["0041400231",39,5,1,1,"9:49 PM","8:29","Ariza Bad Pass Turnover (P1.T3)",null,"Jordan STEAL (2 STL)",null,null],["0041400231",40,5,40,1,"9:49 PM","8:25",null,null,"Rivers Out of Bounds Lost Ball Turnover (P1.T3)",null,null],["0041400231",41,1,42,1,"9:49 PM","8:12","Harden 1' Driving Layup (2 PTS)",null,null,"6 - 9","3"],["0041400231",42,2,1,1,"9:49 PM","7:55",null,null,"MISS Rivers 12' Jump Shot",null,null],["0041400231",44,4,0,1,"9:49 PM","7:54",null,null,"Jordan REBOUND (Off:1 Def:0)",null,null],["0041400231",43,2,4,1,"9:49 PM","7:54",null,null,"MISS Jordan 2' Tip Shot",null,null],["0041400231",45,4,0,1,"9:49 PM","7:53","Howard REBOUND (Off:0 Def:2)",null,null,null,null],["0041400231",46,5,2,1,"9:50 PM","7:31","Harden Lost Ball Turnover (P2.T4)",null,"Griffin STEAL (1 STL)",null,null],["0041400231",47,1,5,1,"9:50 PM","7:26",null,null,"Barnes 1' Layup (5 PTS) (Jordan 3 AST)","8 - 9","1"],["0041400231",48,2,58,1,"9:50 PM","7:11","MISS Howard 5' Turnaround Hook Shot",null,null,null,null],["0041400231",49,4,0,1,"9:50 PM","7:10",null,null,"Griffin REBOUND (Off:0 Def:4)",null,null],["0041400231",51,6,1,1,"9:51 PM","6:49","Ariza P.FOUL (P1.T2) (D.Stafford)",null,null,null,null],["0041400231",52,1,58,1,"9:51 PM","6:41",null,null,"Griffin 8' Turnaround Hook Shot (2 PTS)","10 - 9","-1"],["0041400231",53,5,8,1,"9:52 PM","6:26","Jones 3 Second Violation Turnover (P1.T5)",null,null,null,null],["0041400231",54,2,1,1,"9:52 PM","6:11",null,null,"MISS Rivers 25' 3PT Jump Shot",null,null],["0041400231",55,4,0,1,"9:52 PM","6:10","Terry REBOUND (Off:0 Def:2)",null,null,null,null],["0041400231",56,2,1,1,"9:52 PM","6:03","MISS Harden 26' 3PT Jump Shot",null,null,null,null],["0041400231",57,4,0,1,"9:52 PM","6:02",null,null,"Redick REBOUND (Off:0 Def:1)",null,null],["0041400231",58,2,1,1,"9:52 PM","5:56",null,null,"MISS Barnes 24' 3PT Jump Shot",null,null],["0041400231",59,4,0,1,"9:52 PM","5:55","Howard REBOUND (Off:0 Def:3)",null,null,null,null],["0041400231",60,9,1,1,"9:52 PM","5:50","ROCKETS Timeout: Regular (Full 1 Short 0)",null,null,null,null],["0041400231",62,8,0,1,"9:54 PM","5:50",null,null,"SUB: Crawford FOR Rivers",null,null],["0041400231",64,8,0,1,"9:54 PM","5:50","SUB: Smith FOR Jones",null,null,null,null],["0041400231",65,1,1,1,"9:56 PM","5:32","Ariza 25' 3PT Jump Shot (8 PTS) (Harden 3 AST)",null,null,"10 - 12","2"],["0041400231",66,2,1,1,"9:56 PM","5:07","Ariza BLOCK (1 BLK)",null,"MISS Crawford 29' 3PT Jump Shot",null,null],["0041400231",67,4,0,1,"9:56 PM","5:06","Howard REBOUND (Off:0 Def:4)",null,null,null,null],["0041400231",68,5,1,1,"9:56 PM","5:04","Howard Bad Pass Turnover (P1.T6)",null,null,null,null],["0041400231",69,1,84,1,"9:57 PM","4:46",null,null,"Crawford 12' Running Bank Shot (2 PTS) (Redick 1 AST)","12 - 12","TIE"],["0041400231",70,1,1,1,"9:57 PM","4:31","Ariza 27' 3PT Jump Shot (11 PTS) (Harden 4 AST)",null,null,"12 - 15","3"],["0041400231",71,2,1,1,"9:57 PM","4:10",null,null,"MISS Redick  3PT Jump Shot",null,null],["0041400231",72,4,0,1,"9:57 PM","4:09","Ariza REBOUND (Off:1 Def:1)",null,null,null,null],["0041400231",73,2,79,1,"9:57 PM","4:02","MISS Smith 26' 3PT Pullup Jump Shot",null,null,null,null],["0041400231",74,4,0,1,"9:58 PM","4:01",null,null,"Jordan REBOUND (Off:1 Def:1)",null,null],["0041400231",75,5,1,1,"9:58 PM","3:55","Ariza STEAL (1 STL)",null,"Crawford Bad Pass Turnover (P1.T4)",null,null],["0041400231",76,6,1,1,"9:58 PM","3:54",null,null,"Crawford P.FOUL (P1.T2) (B.Spooner)",null,null],["0041400231",77,8,0,1,"9:58 PM","3:54",null,null,"SUB: Hudson FOR Redick",null,null],["0041400231",78,8,0,1,"9:58 PM","3:54","SUB: Prigioni FOR Ariza",null,null,null,null],["0041400231",79,8,0,1,"9:58 PM","3:54","SUB: Brewer FOR Terry",null,null,null,null],["0041400231",80,2,1,1,"9:58 PM","3:40","MISS Brewer 16' Jump Shot",null,null,null,null],["0041400231",81,4,0,1,"9:58 PM","3:39",null,null,"Jordan REBOUND (Off:1 Def:2)",null,null],["0041400231",82,1,5,1,"9:59 PM","3:34",null,null,"Griffin 2' Layup (4 PTS) (Barnes 1 AST)","14 - 15","1"],["0041400231",83,2,1,1,"9:59 PM","3:17","MISS Smith 11' Jump Shot",null,null,null,null],["0041400231",84,4,0,1,"9:59 PM","3:16","Prigioni REBOUND (Off:1 Def:0)",null,null,null,null],["0041400231",85,6,1,1,"9:59 PM","3:12",null,null,"Hudson P.FOUL (P1.T3) (M.Callahan)",null,null],["0041400231",86,5,1,1,"9:59 PM","3:10","Brewer Bad Pass Turnover (P1.T7)",null,null,null,null],["0041400231",88,2,79,1,"10:00 PM","2:59",null,null,"MISS Crawford 22' Pullup Jump Shot",null,null],["0041400231",89,4,0,1,"10:00 PM","2:57",null,null,"Crawford REBOUND (Off:1 Def:0)",null,null],["0041400231",90,1,65,1,"10:00 PM","2:54",null,null,"Crawford 7' Jump Hook Shot (4 PTS)","16 - 15","-1"],["0041400231",91,5,2,1,"10:00 PM","2:44","Harden Lost Ball Turnover (P3.T8)",null,"Barnes STEAL (1 STL)",null,null],["0041400231",93,9,1,1,"10:00 PM","2:42",null,null,"Clippers Timeout: Regular (Reg.1 Short 0)",null,null],["0041400231",95,8,0,1,"10:02 PM","2:42","SUB: Capela FOR Howard",null,null,null,null],["0041400231",97,8,0,1,"10:03 PM","2:42",null,null,"SUB: Davis FOR Jordan",null,null],["0041400231",98,2,1,1,"10:04 PM","2:30",null,null,"MISS Hudson 25' 3PT Jump Shot",null,null],["0041400231",99,4,0,1,"10:04 PM","2:29","Capela REBOUND (Off:0 Def:1)",null,null,null,null],["0041400231",100,1,71,1,"10:04 PM","2:19","Capela 1' Finger Roll Layup (2 PTS) (Harden 5 AST)",null,null,"16 - 17","1"],["0041400231",101,2,3,1,"10:04 PM","2:02",null,null,"MISS Griffin 5' Hook Shot",null,null],["0041400231",102,4,0,1,"10:04 PM","2:01","Smith REBOUND (Off:0 Def:1)",null,null,null,null],["0041400231",103,1,42,1,"10:05 PM","1:55","Smith 1' Driving Layup (2 PTS)",null,null,"16 - 19","3"],["0041400231",104,2,84,1,"10:05 PM","1:35",null,null,"MISS Hudson 9' Running Bank Shot",null,null],["0041400231",105,4,0,1,"10:05 PM","1:34","Harden REBOUND (Off:0 Def:2)",null,null,null,null],["0041400231",106,1,5,1,"10:05 PM","1:31","Harden 1' Layup (4 PTS)",null,null,"16 - 21","5"],["0041400231",107,6,2,1,"10:05 PM","1:31",null,null,"Barnes S.FOUL (P1.T4) (B.Spooner)",null,null],["0041400231",108,3,10,1,"10:05 PM","1:31","Harden Free Throw 1 of 1 (5 PTS)",null,null,"16 - 22","6"],["0041400231",112,1,1,1,"10:06 PM","1:17",null,null,"Crawford 19' Jump Shot (6 PTS) (Hudson 1 AST)","18 - 22","4"],["0041400231",113,5,1,1,"10:06 PM","1:04","Harden Bad Pass Turnover (P4.T9)",null,"Barnes STEAL (2 STL)",null,null],["0041400231",114,2,79,1,"10:07 PM","0:41",null,null,"MISS Griffin 25' 3PT Pullup Jump Shot",null,null],["0041400231",115,4,0,1,"10:07 PM","0:40","Smith REBOUND (Off:0 Def:2)",null,null,null,null],["0041400231",116,2,1,1,"10:07 PM","0:32","MISS Smith 8' Jump Shot",null,null,null,null],["0041400231",117,4,0,1,"10:07 PM","0:31",null,null,"Griffin REBOUND (Off:0 Def:5)",null,null],["0041400231",118,6,1,1,"10:07 PM","0:30","Prigioni P.FOUL (P1.T3) (D.Stafford)",null,null,null,null],["0041400231",119,8,0,1,"10:07 PM","0:30",null,null,"SUB: Redick FOR Barnes",null,null],["0041400231",120,6,2,1,"10:08 PM","0:27","Smith S.FOUL (P1.PN) (M.Callahan)",null,null,null,null],["0041400231",121,3,11,1,"10:08 PM","0:27",null,null,"MISS Griffin Free Throw 1 of 2",null,null],["0041400231",122,4,1,1,"10:08 PM","0:27",null,null,"Clippers Rebound",null,null],["0041400231",123,8,0,1,"10:08 PM","0:27","SUB: Ariza FOR Capela",null,null,null,null],["0041400231",125,8,0,1,"10:09 PM","0:27",null,null,"SUB: Rivers FOR Davis",null,null],["0041400231",126,3,12,1,"10:09 PM","0:27",null,null,"Griffin Free Throw 2 of 2 (5 PTS)","19 - 22","3"],["0041400231",129,1,80,1,"10:09 PM","0:04","Harden 25' 3PT Step Back Jump Shot (8 PTS)",null,null,"19 - 25","6"],["0041400231",130,2,46,1,"10:10 PM","0:00",null,null,"MISS Crawford 42' 3PT Running Jump Shot",null,null],["0041400231",131,4,0,1,"10:10 PM","0:00",null,null,"Clippers Rebound",null,null],["0041400231",132,13,0,1,"10:10 PM","0:00",null,null,null,"19 - 25","6"],["0041400231",134,12,0,2,"10:13 PM","12:00",null,null,null,"19 - 25","6"],["0041400231",135,1,80,2,"10:14 PM","11:36",null,null,"Turkoglu 22' Step Back Jump Shot (2 PTS)","21 - 25","4"],["0041400231",136,6,1,2,"10:14 PM","11:15",null,null,"Turkoglu P.FOUL (P1.T1) (M.Callahan)",null,null],["0041400231",137,1,5,2,"10:15 PM","11:05","Smith 2' Layup (4 PTS)",null,null,"21 - 27","6"],["0041400231",138,5,1,2,"10:15 PM","10:43","Brewer STEAL (1 STL)",null,"Crawford Bad Pass Turnover (P2.T5)",null,null],["0041400231",139,1,5,2,"10:15 PM","10:39","Brewer 1' Layup (2 PTS) (Howard 1 AST)",null,null,"21 - 29","8"],["0041400231",140,5,1,2,"10:15 PM","10:16","Prigioni STEAL (1 STL)",null,"Crawford Bad Pass Turnover (P3.T6)",null,null],["0041400231",141,1,52,2,"10:16 PM","10:12","Howard  Alley Oop Dunk (2 PTS) (Ariza 1 AST)",null,null,"21 - 31","10"],["0041400231",142,9,1,2,"10:16 PM","10:12",null,null,"Clippers Timeout: Regular (Reg.2 Short 0)",null,null],["0041400231",145,8,0,2,"10:18 PM","10:12",null,null,"SUB: Jordan FOR Davis",null,null],["0041400231",146,18,1,2,"10:19 PM","10:12",null,null,null,null,null],["0041400231",147,5,1,2,"10:20 PM","9:59",null,null,"Crawford Bad Pass Turnover (P4.T7)",null,null],["0041400231",148,1,1,2,"10:20 PM","9:42","Prigioni 25' 3PT Jump Shot (3 PTS) (Ariza 2 AST)",null,null,"21 - 34","13"],["0041400231",149,2,1,2,"10:20 PM","9:22",null,null,"MISS Turkoglu 27' 3PT Jump Shot",null,null],["0041400231",150,4,0,2,"10:21 PM","9:20","Howard REBOUND (Off:0 Def:5)",null,null,null,null],["0041400231",151,2,42,2,"10:21 PM","9:03","MISS Smith 4' Driving Layup",null,"Jordan BLOCK (2 BLK)",null,null],["0041400231",152,4,0,2,"10:21 PM","9:03","ROCKETS Rebound",null,null,null,null],["0041400231",153,8,0,2,"10:21 PM","9:03",null,null,"SUB: Barnes FOR Crawford",null,null],["0041400231",154,8,0,2,"10:21 PM","9:03",null,null,"SUB: Griffin FOR Turkoglu",null,null],["0041400231",156,2,1,2,"10:21 PM","8:56","MISS Smith 29' 3PT Jump Shot",null,null,null,null],["0041400231",157,4,0,2,"10:21 PM","8:55",null,null,"Barnes REBOUND (Off:0 Def:1)",null,null],["0041400231",158,1,58,2,"10:21 PM","8:47",null,null,"Jordan 4' Turnaround Hook Shot (2 PTS) (Griffin 1 AST)","23 - 34","11"],["0041400231",159,6,2,2,"10:21 PM","8:47","Howard S.FOUL (P1.T1) (B.Spooner)",null,null,null,null],["0041400231",160,3,10,2,"10:22 PM","8:47",null,null,"Jordan Free Throw 1 of 1 (3 PTS)","24 - 34","10"],["0041400231",162,5,40,2,"10:22 PM","8:36","Howard Out of Bounds Lost Ball Turnover (P2.T10)",null,null,null,null],["0041400231",163,2,1,2,"10:23 PM","8:25",null,null,"MISS Rivers 20' Jump Shot",null,null],["0041400231",164,4,0,2,"10:23 PM","8:24","Brewer REBOUND (Off:0 Def:1)",null,null,null,null],["0041400231",165,1,1,2,"10:23 PM","8:18","Prigioni 25' 3PT Jump Shot (6 PTS) (Ariza 3 AST)",null,null,"24 - 37","13"],["0041400231",167,8,0,2,"10:23 PM","8:03","SUB: Jones FOR Smith",null,null,null,null],["0041400231",168,5,11,2,"10:23 PM","7:51",null,null,"Clippers Turnover: Shot Clock (T#8)",null,null],["0041400231",170,2,58,2,"10:24 PM","7:33","MISS Howard 5' Turnaround Hook Shot",null,"Jordan BLOCK (3 BLK)",null,null],["0041400231",171,4,0,2,"10:24 PM","7:33","ROCKETS Rebound",null,null,null,null],["0041400231",172,8,0,2,"10:24 PM","7:33",null,null,"SUB: Crawford FOR Rivers",null,null],["0041400231",173,6,26,2,"10:24 PM","7:31","Ariza Offensive Charge Foul (P2.T2) (M.Callahan)",null,null,null,null],["0041400231",174,5,5,2,"10:24 PM","7:31","Ariza Foul Turnover (P2.T11)",null,null,null,null],["0041400231",175,1,79,2,"10:25 PM","7:20",null,null,"Crawford 25' 3PT Pullup Jump Shot (9 PTS) (Griffin 2 AST)","27 - 37","10"],["0041400231",176,6,2,2,"10:25 PM","7:06",null,null,"Crawford S.FOUL (P2.T2) (M.Callahan)",null,null],["0041400231",177,3,11,2,"10:25 PM","7:06","Jones Free Throw 1 of 2 (1 PTS)",null,null,"27 - 38","11"],["0041400231",179,3,12,2,"10:25 PM","7:06","Jones Free Throw 2 of 2 (2 PTS)",null,null,"27 - 39","12"],["0041400231",181,5,1,2,"10:26 PM","6:54","Jones STEAL (1 STL)",null,"Redick Bad Pass Turnover (P1.T9)",null,null],["0041400231",182,5,2,2,"10:26 PM","6:50","Brewer Lost Ball Turnover (P2.T12)",null,"Redick STEAL (1 STL)",null,null],["0041400231",183,5,1,2,"10:26 PM","6:46","Ariza STEAL (2 STL)",null,"Redick Bad Pass Turnover (P2.T10)",null,null],["0041400231",184,2,1,2,"10:26 PM","6:42","MISS Prigioni 24' 3PT Jump Shot",null,null,null,null],["0041400231",185,4,0,2,"10:26 PM","6:41",null,null,"Crawford REBOUND (Off:1 Def:1)",null,null],["0041400231",186,1,49,2,"10:26 PM","6:36",null,null,"Griffin  Driving Dunk (7 PTS) (Crawford 1 AST)","29 - 39","10"],["0041400231",187,2,1,2,"10:26 PM","6:30","MISS Ariza 27' 3PT Jump Shot",null,null,null,null],["0041400231",188,4,0,2,"10:26 PM","6:30",null,null,"Clippers Rebound",null,null],["0041400231",189,2,1,2,"10:27 PM","6:17",null,null,"MISS Crawford 26' 3PT Jump Shot",null,null],["0041400231",190,4,0,2,"10:27 PM","6:16",null,null,"Jordan REBOUND (Off:2 Def:2)",null,null],["0041400231",191,2,3,2,"10:27 PM","6:14","Howard BLOCK (2 BLK)",null,"MISS Jordan 7' Hook Shot",null,null],["0041400231",192,4,0,2,"10:27 PM","6:14",null,null,"Clippers Rebound",null,null],["0041400231",193,8,0,2,"10:27 PM","6:14","SUB: Terry FOR Prigioni",null,null,null,null],["0041400231",194,8,0,2,"10:27 PM","6:14","SUB: Harden FOR Brewer",null,null,null,null],["0041400231",196,1,5,2,"10:28 PM","6:06",null,null,"Barnes 3' Layup (7 PTS) (Griffin 3 AST)","31 - 39","8"],["0041400231",198,1,5,2,"10:28 PM","5:49","Howard 2' Layup (4 PTS) (Jones 1 AST)",null,null,"31 - 41","10"],["0041400231",199,1,5,2,"10:28 PM","5:33",null,null,"Griffin 4' Layup (9 PTS) (Crawford 2 AST)","33 - 41","8"],["0041400231",200,1,8,2,"10:28 PM","5:18","Howard  Slam Dunk (6 PTS) (Harden 6 AST)",null,null,"33 - 43","10"],["0041400231",201,6,2,2,"10:28 PM","5:18",null,null,"Griffin S.FOUL (P1.T3) (M.Callahan)",null,null],["0041400231",202,9,4,2,"10:29 PM","5:18",null,null,null,null,null],["0041400231",206,3,10,2,"10:32 PM","5:18","Howard Free Throw 1 of 1 (7 PTS)",null,null,"33 - 44","11"],["0041400231",208,1,71,2,"10:33 PM","5:05",null,null,"Crawford 4' Finger Roll Layup (11 PTS)","35 - 44","9"],["0041400231",209,2,1,2,"10:33 PM","4:51","MISS Jones 3' Jump Shot",null,null,null,null],["0041400231",210,4,0,2,"10:33 PM","4:50",null,null,"Barnes REBOUND (Off:0 Def:2)",null,null],["0041400231",211,1,44,2,"10:33 PM","4:34",null,null,"Griffin 2' Reverse Layup (11 PTS) (Barnes 2 AST)","37 - 44","7"],["0041400231",212,2,47,2,"10:33 PM","4:07","MISS Ariza 19' Turnaround Jump Shot",null,null,null,null],["0041400231",213,4,0,2,"10:34 PM","4:06",null,null,"Jordan REBOUND (Off:2 Def:3)",null,null],["0041400231",214,2,1,2,"10:34 PM","3:53",null,null,"MISS Griffin 18' Jump Shot",null,null],["0041400231",215,4,0,2,"10:34 PM","3:52","Harden REBOUND (Off:0 Def:3)",null,null,null,null],["0041400231",216,2,80,2,"10:34 PM","3:39","MISS Harden 26' 3PT Step Back Jump Shot",null,null,null,null],["0041400231",217,4,0,2,"10:34 PM","3:38",null,null,"Jordan REBOUND (Off:2 Def:4)",null,null],["0041400231",218,5,1,2,"10:34 PM","3:36",null,null,"Jordan Bad Pass Turnover (P1.T11)",null,null],["0041400231",219,8,0,2,"10:34 PM","3:36","SUB: Smith FOR Jones",null,null,null,null],["0041400231",220,9,1,2,"10:34 PM","3:36","ROCKETS Timeout: Regular (Full 2 Short 0)",null,null,null,null],["0041400231",224,2,1,2,"10:38 PM","3:23","MISS Terry 20' Jump Shot",null,null,null,null],["0041400231",225,4,0,2,"10:38 PM","3:22",null,null,"Griffin REBOUND (Off:0 Def:6)",null,null],["0041400231",226,5,1,2,"10:38 PM","3:08","Terry STEAL (1 STL)",null,"Crawford Bad Pass Turnover (P5.T12)",null,null],["0041400231",227,5,1,2,"10:38 PM","3:04","Ariza Bad Pass Turnover (P3.T13)",null,"Barnes STEAL (3 STL)",null,null],["0041400231",228,1,7,2,"10:38 PM","2:53",null,null,"Jordan  Dunk (5 PTS) (Crawford 3 AST)","39 - 44","5"],["0041400231",229,5,1,2,"10:38 PM","2:36","Terry Bad Pass Turnover (P2.T14)",null,"Barnes STEAL (4 STL)",null,null],["0041400231",231,8,0,2,"10:39 PM","2:31","SUB: Brewer FOR Ariza",null,null,null,null],["0041400231",232,5,41,2,"10:39 PM","2:25","Harden STEAL (2 STL)",null,"Crawford Poss Lost Ball Turnover (P6.T13)",null,null],["0041400231",234,6,2,2,"10:39 PM","2:21",null,null,"Griffin S.FOUL (P2.T4) (B.Spooner)",null,null],["0041400231",235,3,11,2,"10:40 PM","2:21","MISS Brewer Free Throw 1 of 2",null,null,null,null],["0041400231",236,4,1,2,"10:40 PM","2:21","ROCKETS Rebound",null,null,null,null],["0041400231",237,3,12,2,"10:40 PM","2:21","MISS Brewer Free Throw 2 of 2",null,null,null,null],["0041400231",239,4,0,2,"10:40 PM","2:19",null,null,"Clippers Rebound",null,null],["0041400231",240,2,1,2,"10:40 PM","2:07",null,null,"MISS Redick 25' 3PT Jump Shot",null,null],["0041400231",241,4,0,2,"10:40 PM","2:07","Smith REBOUND (Off:0 Def:3)",null,null,null,null],["0041400231",242,6,3,2,"10:40 PM","2:07",null,null,"Barnes L.B.FOUL (P2.PN) (D.Stafford)",null,null],["0041400231",244,3,11,2,"10:41 PM","2:07","Smith Free Throw 1 of 2 (5 PTS)",null,null,"39 - 45","6"],["0041400231",246,3,12,2,"10:41 PM","2:07","MISS Smith Free Throw 2 of 2",null,null,null,null],["0041400231",248,4,0,2,"10:41 PM","2:05","ROCKETS Rebound",null,null,null,null],["0041400231",249,2,1,2,"10:42 PM","1:59","MISS Harden 13' Jump Shot",null,null,null,null],["0041400231",250,4,0,2,"10:42 PM","1:58",null,null,"Crawford REBOUND (Off:1 Def:2)",null,null],["0041400231",251,2,1,2,"10:42 PM","1:53",null,null,"MISS Redick 22' Jump Shot",null,null],["0041400231",252,4,0,2,"10:42 PM","1:52",null,null,"Barnes REBOUND (Off:1 Def:2)",null,null],["0041400231",253,1,5,2,"10:42 PM","1:39",null,null,"Griffin 2' Layup (13 PTS)","41 - 45","4"],["0041400231",254,6,2,2,"10:42 PM","1:39","Smith S.FOUL (P2.T3) (D.Stafford)",null,null,null,null],["0041400231",255,3,10,2,"10:42 PM","1:39",null,null,"Griffin Free Throw 1 of 1 (14 PTS)","42 - 45","3"],["0041400231",257,6,28,2,"10:43 PM","1:34",null,null,"Redick Personal Take Foul (P1.PN) (M.Callahan)",null,null],["0041400231",258,3,11,2,"10:43 PM","1:34","Smith Free Throw 1 of 2 (6 PTS)",null,null,"42 - 46","4"],["0041400231",260,3,12,2,"10:43 PM","1:34","MISS Smith Free Throw 2 of 2",null,null,null,null],["0041400231",262,4,0,2,"10:43 PM","1:34",null,null,"Jordan REBOUND (Off:2 Def:5)",null,null],["0041400231",263,6,28,2,"10:43 PM","1:32","Brewer Personal Take Foul (P1.PN) (B.Spooner)",null,null,null,null],["0041400231",264,3,11,2,"10:44 PM","1:32",null,null,"MISS Jordan Free Throw 1 of 2",null,null],["0041400231",265,4,1,2,"10:44 PM","1:32",null,null,"Clippers Rebound",null,null],["0041400231",266,3,12,2,"10:44 PM","1:32",null,null,"MISS Jordan Free Throw 2 of 2",null,null],["0041400231",268,4,0,2,"10:45 PM","1:32","Howard REBOUND (Off:0 Def:6)",null,null,null,null],["0041400231",269,2,42,2,"10:45 PM","1:18","MISS Brewer 1' Driving Layup",null,null,null,null],["0041400231",270,4,0,2,"10:45 PM","1:18","ROCKETS Rebound",null,null,null,null],["0041400231",271,6,3,2,"10:45 PM","1:18",null,null,"Barnes L.B.FOUL (P3.PN) (B.Spooner)",null,null],["0041400231",272,3,11,2,"10:45 PM","1:18","MISS Howard Free Throw 1 of 2",null,null,null,null],["0041400231",273,4,1,2,"10:45 PM","1:18","ROCKETS Rebound",null,null,null,null],["0041400231",274,8,0,2,"10:45 PM","1:18",null,null,"SUB: Rivers FOR Barnes",null,null],["0041400231",275,8,0,2,"10:45 PM","1:18",null,null,"SUB: Davis FOR Jordan",null,null],["0041400231",276,3,12,2,"10:46 PM","1:18","Howard Free Throw 2 of 2 (8 PTS)",null,null,"42 - 47","5"],["0041400231",278,1,1,2,"10:46 PM","0:59",null,null,"Davis 17' Jump Shot (2 PTS) (Rivers 1 AST)","44 - 47","3"],["0041400231",279,2,5,2,"10:47 PM","0:48","MISS Howard 1' Layup",null,null,null,null],["0041400231",281,4,0,2,"10:47 PM","0:47","Howard REBOUND (Off:1 Def:6)",null,null,null,null],["0041400231",280,1,4,2,"10:47 PM","0:47","Howard 1' Tip Shot (10 PTS)",null,null,"44 - 49","5"],["0041400231",282,2,1,2,"10:47 PM","0:27","Howard BLOCK (3 BLK)",null,"MISS Crawford 3' Jump Shot",null,null],["0041400231",283,4,0,2,"10:47 PM","0:25",null,null,"Davis REBOUND (Off:1 Def:0)",null,null],["0041400231",284,2,1,2,"10:47 PM","0:22",null,null,"MISS Crawford  3PT Jump Shot",null,null],["0041400231",285,4,0,2,"10:47 PM","0:21","Howard REBOUND (Off:1 Def:7)",null,null,null,null],["0041400231",286,6,28,2,"10:47 PM","0:15",null,null,"Davis Personal Take Foul (P1.PN) (B.Spooner)",null,null],["0041400231",287,3,11,2,"10:48 PM","0:15","MISS Howard Free Throw 1 of 2",null,null,null,null],["0041400231",288,4,1,2,"10:48 PM","0:15","ROCKETS Rebound",null,null,null,null],["0041400231",289,8,0,2,"10:48 PM","0:15",null,null,"SUB: Turkoglu FOR Davis",null,null],["0041400231",290,9,2,2,"10:48 PM","0:15",null,null,"Clippers Timeout: Short (Reg.2 Short 1)",null,null],["0041400231",291,8,0,2,"10:49 PM","0:15","SUB: Jones FOR Smith",null,null,null,null],["0041400231",293,3,12,2,"10:49 PM","0:15","Howard Free Throw 2 of 2 (11 PTS)",null,null,"44 - 50","6"],["0041400231",295,6,1,2,"10:50 PM","0:04","Brewer P.FOUL (P2.PN) (D.Stafford)",null,null,null,null],["0041400231",296,3,11,2,"10:50 PM","0:04",null,null,"Griffin Free Throw 1 of 2 (15 PTS)","45 - 50","5"],["0041400231",298,8,0,2,"10:51 PM","0:04","SUB: Ariza FOR Howard",null,null,null,null],["0041400231",299,8,0,2,"10:51 PM","0:04",null,null,"SUB: Jones FOR Turkoglu",null,null],["0041400231",301,8,0,2,"10:51 PM","0:04",null,null,"SUB: Hudson FOR Crawford",null,null],["0041400231",302,3,12,2,"10:51 PM","0:04",null,null,"Griffin Free Throw 2 of 2 (16 PTS)","46 - 50","4"],["0041400231",304,2,46,2,"10:52 PM","0:00","MISS Brewer 33' 3PT Running Jump Shot",null,null,null,null],["0041400231",305,4,0,2,"10:52 PM","0:00","ROCKETS Rebound",null,null,null,null],["0041400231",306,13,0,2,"10:52 PM","0:00",null,null,null,"46 - 50","4"],["0041400231",308,12,0,3,"11:10 PM","12:00",null,null,null,"46 - 50","4"],["0041400231",309,2,1,3,"11:10 PM","11:47",null,null,"MISS Redick 19' Jump Shot",null,null],["0041400231",310,4,0,3,"11:10 PM","11:46","Harden REBOUND (Off:0 Def:4)",null,null,null,null],["0041400231",311,1,52,3,"11:10 PM","11:39","Howard  Alley Oop Dunk (13 PTS) (Harden 7 AST)",null,null,"46 - 52","6"],["0041400231",312,1,1,3,"11:11 PM","11:20",null,null,"Barnes 19' Jump Shot (9 PTS) (Griffin 4 AST)","48 - 52","4"],["0041400231",313,5,40,3,"11:11 PM","11:11","Ariza Out of Bounds Lost Ball Turnover (P4.T15)",null,null,null,null],["0041400231",314,6,1,3,"11:11 PM","11:08","Terry P.FOUL (P1.T1) (D.Stafford)",null,null,null,null],["0041400231",315,5,1,3,"11:11 PM","10:56","Howard STEAL (1 STL)",null,"Griffin Bad Pass Turnover (P2.T14)",null,null],["0041400231",316,5,4,3,"11:12 PM","10:47","Harden Traveling Turnover (P5.T16)",null,null,null,null],["0041400231",317,1,1,3,"11:12 PM","10:35",null,null,"Rivers 25' 3PT Jump Shot (6 PTS) (Griffin 5 AST)","51 - 52","1"],["0041400231",318,2,1,3,"11:12 PM","10:21","MISS Jones 25' 3PT Jump Shot",null,null,null,null],["0041400231",319,4,0,3,"11:12 PM","10:20",null,null,"Barnes REBOUND (Off:1 Def:3)",null,null],["0041400231",320,5,1,3,"11:13 PM","10:02","Harden STEAL (3 STL)",null,"Redick Bad Pass Turnover (P3.T15)",null,null],["0041400231",321,1,42,3,"11:13 PM","9:58","Harden 1' Driving Layup (10 PTS)",null,null,"51 - 54","3"],["0041400231",322,6,2,3,"11:13 PM","9:51","Terry S.FOUL (P2.T2) (M.Callahan)",null,null,null,null],["0041400231",323,3,11,3,"11:13 PM","9:51",null,null,"MISS Jordan Free Throw 1 of 2",null,null],["0041400231",324,4,1,3,"11:13 PM","9:51",null,null,"Clippers Rebound",null,null],["0041400231",325,3,12,3,"11:14 PM","9:51",null,null,"MISS Jordan Free Throw 2 of 2",null,null],["0041400231",327,4,0,3,"11:14 PM","9:51","Jones REBOUND (Off:1 Def:2)",null,null,null,null],["0041400231",328,1,79,3,"11:14 PM","9:42","Harden 27' 3PT Pullup Jump Shot (13 PTS) (Terry 1 AST)",null,null,"51 - 57","6"],["0041400231",329,5,2,3,"11:14 PM","9:23","Terry STEAL (2 STL)",null,"Griffin Lost Ball Turnover (P3.T16)",null,null],["0041400231",330,6,3,3,"11:14 PM","9:23",null,null,"Griffin L.B.FOUL (P3.T1) (M.Callahan)",null,null],["0041400231",331,2,80,3,"11:15 PM","8:59","MISS Harden 20' Step Back Jump Shot",null,null,null,null],["0041400231",332,4,0,3,"11:15 PM","8:58","ROCKETS Rebound",null,null,null,null],["0041400231",333,5,11,3,"11:15 PM","8:58","ROCKETS Turnover: Shot Clock (T#17)",null,null,null,null],["0041400231",334,6,2,3,"11:16 PM","8:42","Jones S.FOUL (P1.T3) (D.Stafford)",null,null,null,null],["0041400231",335,3,11,3,"11:16 PM","8:42",null,null,"Rivers Free Throw 1 of 2 (7 PTS)","52 - 57","5"],["0041400231",337,3,12,3,"11:16 PM","8:42",null,null,"MISS Rivers Free Throw 2 of 2",null,null],["0041400231",339,4,0,3,"11:16 PM","8:42","Howard REBOUND (Off:1 Def:8)",null,null,null,null],["0041400231",340,2,1,3,"11:17 PM","8:28","MISS Terry 26' 3PT Jump Shot",null,null,null,null],["0041400231",341,4,0,3,"11:17 PM","8:27",null,null,"Jordan REBOUND (Off:2 Def:6)",null,null],["0041400231",342,1,1,3,"11:17 PM","8:21",null,null,"Redick 24' 3PT Jump Shot (3 PTS) (Griffin 6 AST)","55 - 57","2"],["0041400231",343,5,1,3,"11:17 PM","8:00","Harden Bad Pass Turnover (P6.T18)",null,"Rivers STEAL (2 STL)",null,null],["0041400231",344,5,2,3,"11:17 PM","7:53","Harden STEAL (4 STL)",null,"Griffin Lost Ball Turnover (P4.T17)",null,null],["0041400231",345,2,1,3,"11:17 PM","7:47","MISS Terry 25' 3PT Jump Shot",null,null,null,null],["0041400231",346,4,0,3,"11:17 PM","7:46",null,null,"Jordan REBOUND (Off:2 Def:7)",null,null],["0041400231",347,1,1,3,"11:17 PM","7:31",null,null,"Griffin 20' Jump Shot (18 PTS) (Rivers 2 AST)","57 - 57","TIE"],["0041400231",348,1,5,3,"11:18 PM","7:15","Jones 1' Layup (4 PTS) (Harden 8 AST)",null,null,"57 - 59","2"],["0041400231",349,2,66,3,"11:18 PM","6:53",null,null,"MISS Griffin 9' Jump Bank Shot",null,null],["0041400231",350,4,0,3,"11:18 PM","6:52","Howard REBOUND (Off:1 Def:9)",null,null,null,null],["0041400231",351,2,1,3,"11:18 PM","6:45","MISS Ariza 25' 3PT Jump Shot",null,null,null,null],["0041400231",352,4,0,3,"11:18 PM","6:44",null,null,"Jordan REBOUND (Off:2 Def:8)",null,null],["0041400231",353,9,1,3,"11:18 PM","6:37",null,null,"Clippers Timeout: Regular (Reg.3 Short 1)",null,null],["0041400231",355,8,0,3,"11:21 PM","6:37","SUB: Smith FOR Jones",null,null,null,null],["0041400231",356,5,1,3,"11:22 PM","6:24","Ariza STEAL (3 STL)",null,"Redick Bad Pass Turnover (P4.T18)",null,null],["0041400231",357,1,7,3,"11:22 PM","6:21","Ariza  Dunk (13 PTS)",null,null,"57 - 61","4"],["0041400231",358,6,1,3,"11:22 PM","6:05","Harden P.FOUL (P2.T4) (B.Spooner)",null,null,null,null],["0041400231",359,1,1,3,"11:23 PM","6:00",null,null,"Barnes 25' 3PT Jump Shot (12 PTS) (Griffin 7 AST)","60 - 61","1"],["0041400231",360,1,79,3,"11:23 PM","5:52","Ariza 20' Pullup Jump Shot (15 PTS) (Harden 9 AST)",null,null,"60 - 63","3"],["0041400231",361,1,56,3,"11:23 PM","5:37",null,null,"Griffin 6' Running Hook Shot (20 PTS)","62 - 63","1"],["0041400231",362,1,52,3,"11:23 PM","5:26","Howard  Alley Oop Dunk (15 PTS) (Smith 1 AST)",null,null,"62 - 65","3"],["0041400231",363,2,78,3,"11:24 PM","5:01",null,null,"MISS Rivers 9' Floating Jump Shot",null,null],["0041400231",364,4,0,3,"11:24 PM","5:01",null,null,"Clippers Rebound",null,null],["0041400231",365,6,3,3,"11:24 PM","5:01","Howard L.B.FOUL (P2.PN) (B.Spooner)",null,null,null,null],["0041400231",366,3,11,3,"11:24 PM","5:01",null,null,"Jordan Free Throw 1 of 2 (6 PTS)","63 - 65","2"],["0041400231",368,3,12,3,"11:24 PM","5:01",null,null,"Jordan Free Throw 2 of 2 (7 PTS)","64 - 65","1"],["0041400231",371,5,1,3,"11:25 PM","4:51","Harden Bad Pass Turnover (P7.T19)",null,"Rivers STEAL (3 STL)",null,null],["0041400231",372,1,84,3,"11:25 PM","4:37",null,null,"Redick 6' Running Bank Shot (5 PTS) (Rivers 3 AST)","66 - 65","-1"],["0041400231",373,1,1,3,"11:25 PM","4:19","Terry 24' 3PT Jump Shot (5 PTS) (Harden 10 AST)",null,null,"66 - 68","2"],["0041400231",374,1,1,3,"11:26 PM","3:57",null,null,"Rivers  3PT Jump Shot (10 PTS) (Barnes 3 AST)","69 - 68","-1"],["0041400231",375,5,1,3,"11:26 PM","3:45","Smith Bad Pass Turnover (P1.T20)",null,null,null,null],["0041400231",376,8,0,3,"11:26 PM","3:45",null,null,"SUB: Crawford FOR Rivers",null,null],["0041400231",377,6,28,3,"11:27 PM","3:41","Terry Personal Take Foul (P3.PN) (M.Callahan)",null,null,null,null],["0041400231",378,3,11,3,"11:27 PM","3:41",null,null,"MISS Jordan Free Throw 1 of 2",null,null],["0041400231",379,4,1,3,"11:27 PM","3:41",null,null,"Clippers Rebound",null,null],["0041400231",380,8,0,3,"11:27 PM","3:41","SUB: Brewer FOR Ariza",null,null,null,null],["0041400231",381,3,12,3,"11:27 PM","3:41",null,null,"Jordan Free Throw 2 of 2 (8 PTS)","70 - 68","-2"],["0041400231",383,5,1,3,"11:28 PM","3:32","Harden Bad Pass Turnover (P8.T21)",null,"Crawford STEAL (1 STL)",null,null],["0041400231",384,1,5,3,"11:28 PM","3:29",null,null,"Griffin 1' Layup (22 PTS)","72 - 68","-4"],["0041400231",385,6,2,3,"11:28 PM","3:29","Harden S.FOUL (P3.PN) (M.Callahan)",null,null,null,null],["0041400231",386,8,0,3,"11:28 PM","3:29",null,null,"SUB: Davis FOR Jordan",null,null],["0041400231",387,8,0,3,"11:28 PM","3:29","SUB: Capela FOR Howard",null,null,null,null],["0041400231",388,3,10,3,"11:28 PM","3:29",null,null,"Griffin Free Throw 1 of 1 (23 PTS)","73 - 68","-5"],["0041400231",390,1,79,3,"11:29 PM","3:05","Terry 18' Pullup Jump Shot (7 PTS) (Harden 11 AST)",null,null,"73 - 70","-3"],["0041400231",391,1,79,3,"11:29 PM","2:49",null,null,"Redick 25' 3PT Pullup Jump Shot (8 PTS) (Griffin 8 AST)","76 - 70","-6"],["0041400231",392,6,29,3,"11:30 PM","2:39",null,null,"Davis Shooting Block Foul (P2.T2) (D.Stafford)",null,null],["0041400231",393,9,1,3,"11:30 PM","2:39","ROCKETS Timeout: Regular (Full 3 Short 0)",null,null,null,null],["0041400231",395,18,0,3,"11:30 PM","2:39",null,null,null,null,null],["0041400231",396,8,0,3,"11:32 PM","2:39","SUB: Prigioni FOR Terry",null,null,null,null],["0041400231",398,3,11,3,"11:33 PM","2:39","Harden Free Throw 1 of 2 (14 PTS)",null,null,"76 - 71","-5"],["0041400231",400,3,12,3,"11:33 PM","2:39","Harden Free Throw 2 of 2 (15 PTS)",null,null,"76 - 72","-4"],["0041400231",402,2,42,3,"11:34 PM","2:16",null,null,"MISS Crawford 2' Driving Layup",null,null],["0041400231",403,4,0,3,"11:34 PM","2:15","Capela REBOUND (Off:0 Def:2)",null,null,null,null],["0041400231",404,2,1,3,"11:34 PM","2:08","MISS Prigioni 26' 3PT Jump Shot",null,null,null,null],["0041400231",405,4,0,3,"11:34 PM","2:06","Capela REBOUND (Off:1 Def:2)",null,null,null,null],["0041400231",406,6,26,3,"11:34 PM","2:04","Brewer Offensive Charge Foul (P3.PN) (B.Spooner)",null,null,null,null],["0041400231",407,5,5,3,"11:34 PM","2:04","Brewer Foul Turnover (P3.T22)",null,null,null,null],["0041400231",408,1,81,3,"11:34 PM","1:53",null,null,"Redick 18' Pullup Bank Shot (10 PTS) (Griffin 9 AST)","78 - 72","-6"],["0041400231",409,1,1,3,"11:35 PM","1:35","Prigioni 26' 3PT Jump Shot (9 PTS) (Brewer 1 AST)",null,null,"78 - 75","-3"],["0041400231",410,2,1,3,"11:35 PM","1:18","Capela BLOCK (1 BLK)",null,"MISS Griffin 7' Jump Shot",null,null],["0041400231",411,4,0,3,"11:35 PM","1:16",null,null,"Griffin REBOUND (Off:1 Def:6)",null,null],["0041400231",412,2,1,3,"11:35 PM","1:14",null,null,"MISS Griffin 5' Jump Shot",null,null],["0041400231",413,4,0,3,"11:35 PM","1:13",null,null,"Clippers Rebound",null,null],["0041400231",414,8,0,3,"11:35 PM","1:13",null,null,"SUB: Rivers FOR Barnes",null,null],["0041400231",416,5,39,3,"11:36 PM","1:02",null,null,"Rivers Step Out of Bounds Turnover (P2.T19)",null,null],["0041400231",417,1,88,3,"11:37 PM","0:46","Brewer  Driving Slam Dunk (4 PTS) (Prigioni 1 AST)",null,null,"78 - 77","-1"],["0041400231",418,6,4,3,"11:37 PM","0:42",null,null,"Griffin OFF.Foul (P4) (B.Spooner)",null,null],["0041400231",419,5,5,3,"11:37 PM","0:42",null,null,"Griffin Foul Turnover (P5.T20)",null,null],["0041400231",420,8,0,3,"11:37 PM","0:42",null,null,"SUB: Turkoglu FOR Griffin",null,null],["0041400231",421,2,1,3,"11:38 PM","0:28","MISS Brewer  3PT Jump Shot",null,null,null,null],["0041400231",422,4,0,3,"11:38 PM","0:27",null,null,"Crawford REBOUND (Off:1 Def:3)",null,null],["0041400231",423,1,81,3,"11:38 PM","0:05",null,null,"Crawford 25' 3PT Pullup Bank Shot (14 PTS)","81 - 77","-4"],["0041400231",424,2,1,3,"11:38 PM","0:00","MISS Brewer 24' 3PT Jump Shot",null,null,null,null],["0041400231",425,4,0,3,"11:38 PM","0:00",null,null,"Clippers Rebound",null,null],["0041400231",426,6,3,3,"11:38 PM","0:00","Harden L.B.FOUL (P4.PN) (B.Spooner)",null,null,null,null],["0041400231",427,3,11,3,"11:39 PM","0:00",null,null,"Redick Free Throw 1 of 2 (11 PTS)","82 - 77","-5"],["0041400231",429,3,12,3,"11:39 PM","0:00",null,null,"Redick Free Throw 2 of 2 (12 PTS)","83 - 77","-6"],["0041400231",432,13,0,3,"11:39 PM","0:00",null,null,null,"83 - 77","-6"],["0041400231",433,12,0,4,"11:43 PM","12:00",null,null,null,"83 - 77","-6"],["0041400231",434,2,1,4,"11:43 PM","11:34","MISS Brewer 25' 3PT Jump Shot",null,null,null,null],["0041400231",435,4,0,4,"11:43 PM","11:32",null,null,"Davis REBOUND (Off:1 Def:1)",null,null],["0041400231",436,1,79,4,"11:44 PM","11:18",null,null,"Crawford 15' Pullup Jump Shot (16 PTS)","85 - 77","-8"],["0041400231",437,1,85,4,"11:44 PM","11:03","Howard 6' Turnaround Bank Shot (17 PTS)",null,null,"85 - 79","-6"],["0041400231",438,1,5,4,"11:44 PM","10:45",null,null,"Davis 1' Layup (4 PTS) (Crawford 4 AST)","87 - 79","-8"],["0041400231",439,1,78,4,"11:44 PM","10:39","Brewer 6' Floating Jump Shot (6 PTS)",null,null,"87 - 81","-6"],["0041400231",440,2,1,4,"11:45 PM","10:23",null,null,"MISS Barnes 26' 3PT Jump Shot",null,null],["0041400231",441,4,0,4,"11:45 PM","10:21","Ariza REBOUND (Off:1 Def:2)",null,null,null,null],["0041400231",442,1,58,4,"11:45 PM","10:05","Howard 4' Turnaround Hook Shot (19 PTS)",null,null,"87 - 83","-4"],["0041400231",443,2,42,4,"11:45 PM","9:46","Howard BLOCK (4 BLK)",null,"MISS Crawford 4' Driving Layup",null,null],["0041400231",444,4,0,4,"11:45 PM","9:46",null,null,"Clippers Rebound",null,null],["0041400231",445,8,0,4,"11:45 PM","9:46",null,null,"SUB: Jordan FOR Davis",null,null],["0041400231",448,2,1,4,"11:46 PM","9:35",null,null,"MISS Turkoglu 26' 3PT Jump Shot",null,null],["0041400231",449,4,0,4,"11:46 PM","9:35",null,null,"Clippers Rebound",null,null],["0041400231",450,5,11,4,"11:46 PM","9:35",null,null,"Clippers Turnover: Shot Clock (T#21)",null,null],["0041400231",451,5,1,4,"11:47 PM","9:20","Smith Bad Pass Turnover (P2.T23)",null,"Rivers STEAL (4 STL)",null,null],["0041400231",452,2,1,4,"11:47 PM","9:00",null,null,"MISS Rivers 24' 3PT Jump Shot",null,null],["0041400231",453,4,0,4,"11:47 PM","8:59",null,null,"Jordan REBOUND (Off:3 Def:8)",null,null],["0041400231",454,1,5,4,"11:47 PM","8:55",null,null,"Rivers 2' Layup (12 PTS) (Jordan 4 AST)","89 - 83","-6"],["0041400231",455,2,1,4,"11:47 PM","8:45","MISS Ariza 25' 3PT Jump Shot",null,null,null,null],["0041400231",456,4,0,4,"11:47 PM","8:44","ROCKETS Rebound",null,null,null,null],["0041400231",457,6,3,4,"11:47 PM","8:44",null,null,"Turkoglu L.B.FOUL (P2.T1) (D.Stafford)",null,null],["0041400231",458,9,4,4,"11:47 PM","8:44",null,null,null,null,null],["0041400231",461,1,1,4,"11:50 PM","8:32","Smith 25' 3PT Jump Shot (9 PTS) (Prigioni 2 AST)",null,null,"89 - 86","-3"],["0041400231",462,2,1,4,"11:51 PM","8:07","Howard BLOCK (5 BLK)",null,"MISS Rivers 8' Jump Shot",null,null],["0041400231",463,4,0,4,"11:51 PM","8:06",null,null,"Rivers REBOUND (Off:1 Def:0)",null,null],["0041400231",464,5,41,4,"11:51 PM","8:02","Smith STEAL (1 STL)",null,"Rivers Poss Lost Ball Turnover (P3.T22)",null,null],["0041400231",466,6,1,4,"11:51 PM","7:58",null,null,"Turkoglu P.FOUL (P3.T2) (D.Stafford)",null,null],["0041400231",467,8,0,4,"11:51 PM","7:58",null,null,"SUB: Redick FOR Rivers",null,null],["0041400231",468,8,0,4,"11:51 PM","7:58",null,null,"SUB: Griffin FOR Turkoglu",null,null],["0041400231",469,2,1,4,"11:52 PM","7:49","MISS Smith 25' 3PT Jump Shot",null,null,null,null],["0041400231",470,4,0,4,"11:52 PM","7:46",null,null,"Crawford REBOUND (Off:1 Def:4)",null,null],["0041400231",471,2,1,4,"11:52 PM","7:29",null,null,"MISS Crawford 25' 3PT Jump Shot",null,null],["0041400231",472,4,0,4,"11:52 PM","7:28","Ariza REBOUND (Off:1 Def:3)",null,null,null,null],["0041400231",474,1,3,4,"11:52 PM","7:20","Howard 3' Hook Shot (21 PTS) (Prigioni 3 AST)",null,null,"89 - 88","-1"],["0041400231",475,1,1,4,"11:52 PM","7:02",null,null,"Barnes 25' 3PT Jump Shot (15 PTS) (Griffin 10 AST)","92 - 88","-4"],["0041400231",476,2,5,4,"11:53 PM","6:47","MISS Smith 2' Layup",null,"Barnes BLOCK (1 BLK)",null,null],["0041400231",477,4,0,4,"11:53 PM","6:46","ROCKETS Rebound",null,null,null,null],["0041400231",478,8,0,4,"11:53 PM","6:46","SUB: Terry FOR Prigioni",null,null,null,null],["0041400231",479,8,0,4,"11:53 PM","6:46","SUB: Harden FOR Brewer",null,null,null,null],["0041400231",480,2,1,4,"11:54 PM","6:38","MISS Terry 24' 3PT Jump Shot",null,null,null,null],["0041400231",481,4,0,4,"11:54 PM","6:37","Smith REBOUND (Off:1 Def:3)",null,null,null,null],["0041400231",482,2,1,4,"11:54 PM","6:33","MISS Ariza 19' Jump Shot",null,null,null,null],["0041400231",483,4,0,4,"11:54 PM","6:32",null,null,"Redick REBOUND (Off:0 Def:2)",null,null],["0041400231",485,6,2,4,"11:54 PM","6:14","Smith S.FOUL (P3.T1) (B.Spooner)",null,null,null,null],["0041400231",486,3,11,4,"11:54 PM","6:14",null,null,"MISS Griffin Free Throw 1 of 2",null,null],["0041400231",487,4,1,4,"11:54 PM","6:14",null,null,"Clippers Rebound",null,null],["0041400231",488,3,12,4,"11:55 PM","6:14",null,null,"Griffin Free Throw 2 of 2 (24 PTS)","93 - 88","-5"],["0041400231",490,9,1,4,"11:55 PM","6:14","ROCKETS Timeout: Regular (Full 4 Short 0)",null,null,null,null],["0041400231",492,2,1,4,"11:59 PM","5:56","MISS Smith 8' Jump Shot",null,null,null,null],["0041400231",493,4,0,4,"11:59 PM","5:55",null,null,"Griffin REBOUND (Off:1 Def:7)",null,null],["0041400231",494,1,1,4,"11:59 PM","5:40",null,null,"Barnes  3PT Jump Shot (18 PTS) (Jordan 5 AST)","96 - 88","-8"],["0041400231",495,2,42,4,"11:59 PM","5:29","MISS Harden 3' Driving Layup",null,"Jordan BLOCK (4 BLK)",null,null],["0041400231",496,4,0,4,"11:59 PM","5:27",null,null,"Barnes REBOUND (Off:1 Def:4)",null,null],["0041400231",497,1,1,4,"11:59 PM","5:21",null,null,"Crawford  3PT Jump Shot (19 PTS) (Griffin 11 AST)","99 - 88","-11"],["0041400231",498,9,2,4,"11:59 PM","5:20","ROCKETS Timeout: Short (Full 4 Short 1)",null,null,null,null],["0041400231",500,2,1,4,"12:01 AM","5:02","MISS Smith 24' 3PT Jump Shot",null,null,null,null],["0041400231",501,4,0,4,"12:01 AM","5:01",null,null,"Jordan REBOUND (Off:3 Def:9)",null,null],["0041400231",502,2,1,4,"12:01 AM","4:47",null,null,"MISS Griffin 18' Jump Shot",null,null],["0041400231",503,4,0,4,"12:01 AM","4:47",null,null,"Clippers Rebound",null,null],["0041400231",504,6,3,4,"12:01 AM","4:47","Howard L.B.FOUL (P3.T2) (M.Callahan)",null,null,null,null],["0041400231",505,2,46,4,"12:02 AM","4:33",null,null,"MISS Crawford 5' Running Jump Shot",null,null],["0041400231",506,4,0,4,"12:02 AM","4:31",null,null,"Griffin REBOUND (Off:2 Def:7)",null,null],["0041400231",507,1,46,4,"12:02 AM","4:24",null,null,"Redick 6' Running Jump Shot (14 PTS)","101 - 88","-13"],["0041400231",508,6,1,4,"12:02 AM","4:18",null,null,"Jordan P.FOUL (P1.T3) (M.Callahan)",null,null],["0041400231",509,2,1,4,"12:03 AM","3:59","MISS Ariza  3PT Jump Shot",null,null,null,null],["0041400231",510,4,0,4,"12:03 AM","3:58",null,null,"Jordan REBOUND (Off:3 Def:10)",null,null],["0041400231",511,2,83,4,"12:04 AM","3:39",null,null,"MISS Griffin 6' Fadeaway Bank Shot",null,null],["0041400231",512,4,0,4,"12:04 AM","3:38","Ariza REBOUND (Off:1 Def:4)",null,null,null,null],["0041400231",513,1,79,4,"12:04 AM","3:33","Harden 25' 3PT Pullup Jump Shot (18 PTS)",null,null,"101 - 91","-10"],["0041400231",515,2,79,4,"12:04 AM","3:10",null,null,"MISS Redick 22' Pullup Jump Shot",null,null],["0041400231",516,4,0,4,"12:04 AM","3:09","Smith REBOUND (Off:1 Def:4)",null,null,null,null],["0041400231",517,6,2,4,"12:04 AM","3:04",null,null,"Barnes S.FOUL (P4.T4) (D.Stafford)",null,null],["0041400231",518,18,0,4,"12:05 AM","3:04",null,null,null,null,null],["0041400231",520,8,0,4,"12:06 AM","3:04","SUB: Prigioni FOR Smith",null,null,null,null],["0041400231",521,3,13,4,"12:06 AM","3:04","Harden Free Throw 1 of 3 (19 PTS)",null,null,"101 - 92","-9"],["0041400231",523,3,14,4,"12:06 AM","3:04","MISS Harden Free Throw 2 of 3",null,null,null,null],["0041400231",524,4,1,4,"12:06 AM","3:04","ROCKETS Rebound",null,null,null,null],["0041400231",525,3,15,4,"12:06 AM","3:04","Harden Free Throw 3 of 3 (20 PTS)",null,null,"101 - 93","-8"],["0041400231",527,6,28,4,"12:07 AM","3:02","Prigioni Personal Take Foul (P2.T3) (D.Stafford)",null,null,null,null],["0041400231",528,8,0,4,"12:07 AM","3:02",null,null,"SUB: Davis FOR Jordan",null,null],["0041400231",529,8,0,4,"12:07 AM","3:02","SUB: Brewer FOR Prigioni",null,null,null,null],["0041400231",531,9,1,4,"12:08 AM","2:53",null,null,"Clippers Timeout: Regular (Reg.4 Short 1)",null,null],["0041400231",533,8,0,4,"12:11 AM","2:53",null,null,"SUB: Jordan FOR Davis",null,null],["0041400231",595,8,0,4,"12:11 AM","2:53","SUB: Prigioni FOR Brewer",null,null,null,null],["0041400231",535,6,28,4,"12:11 AM","2:53","Prigioni Personal Take Foul (P3.T4) (D.Stafford)",null,null,null,null],["0041400231",536,18,1,4,"12:13 AM","2:53",null,null,null,null,null],["0041400231",537,3,11,4,"12:14 AM","2:53",null,null,"Jordan Free Throw 1 of 2 (9 PTS)","102 - 93","-9"],["0041400231",539,3,12,4,"12:14 AM","2:53",null,null,"Jordan Free Throw 2 of 2 (10 PTS)","103 - 93","-10"],["0041400231",541,6,1,4,"12:14 AM","2:50",null,null,"Jordan P.FOUL (P2.PN) (D.Stafford)",null,null],["0041400231",543,3,11,4,"12:15 AM","2:50","MISS Howard Free Throw 1 of 2",null,null,null,null],["0041400231",544,4,1,4,"12:15 AM","2:50","ROCKETS Rebound",null,null,null,null],["0041400231",545,8,0,4,"12:15 AM","2:50",null,null,"SUB: Davis FOR Jordan",null,null],["0041400231",596,8,0,4,"12:15 AM","2:50","SUB: Brewer FOR Prigioni",null,null,null,null],["0041400231",546,3,12,4,"12:15 AM","2:50","MISS Howard Free Throw 2 of 2",null,null,null,null],["0041400231",548,4,0,4,"12:15 AM","2:50",null,null,"Griffin REBOUND (Off:2 Def:8)",null,null],["0041400231",549,6,4,4,"12:15 AM","2:37",null,null,"Barnes OFF.Foul (P5) (B.Spooner)",null,null],["0041400231",550,5,5,4,"12:15 AM","2:37",null,null,"Barnes Foul Turnover (P2.T23)",null,null],["0041400231",551,6,28,4,"12:16 AM","2:37",null,null,"Davis Personal Take Foul (P3.PN) (M.Callahan)",null,null],["0041400231",553,3,11,4,"12:16 AM","2:37","Howard Free Throw 1 of 2 (22 PTS)",null,null,"103 - 94","-9"],["0041400231",555,3,12,4,"12:16 AM","2:37","MISS Howard Free Throw 2 of 2",null,null,null,null],["0041400231",557,4,0,4,"12:17 AM","2:37",null,null,"Griffin REBOUND (Off:2 Def:9)",null,null],["0041400231",558,6,2,4,"12:17 AM","2:29","Howard S.FOUL (P4.PN) (M.Callahan)",null,null,null,null],["0041400231",559,3,11,4,"12:17 AM","2:29",null,null,"Griffin Free Throw 1 of 2 (25 PTS)","104 - 94","-10"],["0041400231",561,8,0,4,"12:18 AM","2:29","SUB: Prigioni FOR Howard",null,null,null,null],["0041400231",562,8,0,4,"12:18 AM","2:29",null,null,"SUB: Rivers FOR Davis",null,null],["0041400231",564,3,12,4,"12:18 AM","2:29",null,null,"Griffin Free Throw 2 of 2 (26 PTS)","105 - 94","-11"],["0041400231",587,2,40,4,"12:18 AM","2:24","MISS Brewer 4' Layup",null,"Barnes BLOCK (2 BLK)",null,null],["0041400231",588,4,0,4,"12:18 AM","2:24","ROCKETS Rebound",null,null,null,null],["0041400231",567,1,1,4,"12:18 AM","2:12","Terry 25' 3PT Jump Shot (10 PTS) (Harden 12 AST)",null,null,"105 - 97","-8"],["0041400231",568,6,27,4,"12:19 AM","2:02","Ariza Personal Block Foul (P3.PN) (D.Stafford)",null,null,null,null],["0041400231",569,3,11,4,"12:19 AM","2:02",null,null,"Crawford Free Throw 1 of 2 (20 PTS)","106 - 97","-9"],["0041400231",571,3,12,4,"12:19 AM","2:02",null,null,"Crawford Free Throw 2 of 2 (21 PTS)","107 - 97","-10"],["0041400231",573,2,42,4,"12:20 AM","1:56","MISS Brewer 2' Driving Layup",null,null,null,null],["0041400231",574,4,0,4,"12:20 AM","1:55",null,null,"Griffin REBOUND (Off:2 Def:10)",null,null],["0041400231",575,1,7,4,"12:20 AM","1:41",null,null,"Barnes  Dunk (20 PTS) (Redick 2 AST)","109 - 97","-12"],["0041400231",576,5,2,4,"12:20 AM","1:34","Harden Lost Ball Turnover (P9.T24)",null,"Crawford STEAL (2 STL)",null,null],["0041400231",577,1,1,4,"12:21 AM","1:16",null,null,"Rivers 24' 3PT Jump Shot (15 PTS) (Griffin 12 AST)","112 - 97","-15"],["0041400231",578,2,1,4,"12:21 AM","1:09","MISS Brewer 25' 3PT Jump Shot",null,null,null,null],["0041400231",579,4,0,4,"12:21 AM","1:08",null,null,"Griffin REBOUND (Off:2 Def:11)",null,null],["0041400231",580,2,1,4,"12:21 AM","0:55",null,null,"MISS Redick  3PT Jump Shot",null,null],["0041400231",581,4,0,4,"12:21 AM","0:54","Harden REBOUND (Off:0 Def:5)",null,null,null,null],["0041400231",582,2,1,4,"12:21 AM","0:49","MISS Harden 28' 3PT Jump Shot",null,null,null,null],["0041400231",583,4,0,4,"12:21 AM","0:48",null,null,"Griffin REBOUND (Off:2 Def:12)",null,null],["0041400231",584,1,1,4,"12:21 AM","0:29",null,null,"Redick  3PT Jump Shot (17 PTS) (Griffin 13 AST)","115 - 97","-18"],["0041400231",585,1,42,4,"12:22 AM","0:19","Prigioni 2' Driving Layup (11 PTS) (Ariza 4 AST)",null,null,"115 - 99","-16"],["0041400231",586,6,1,4,"12:22 AM","0:14","Terry P.FOUL (P4.PN) (M.Callahan)",null,null,null,null],["0041400231",589,3,11,4,"12:23 AM","0:14",null,null,"Rivers Free Throw 1 of 2 (16 PTS)","116 - 99","-17"],["0041400231",591,3,12,4,"12:23 AM","0:14",null,null,"Rivers Free Throw 2 of 2 (17 PTS)","117 - 99","-18"],["0041400231",593,1,49,4,"12:23 AM","0:10","Ariza  Driving Dunk (17 PTS)",null,null,"117 - 101","-16"],["0041400231",597,13,0,4,"12:26 AM","0:00",null,null,null,"117 - 101","-16"]]},{"name":"AvailableVideo","headers":["VIDEO_AVAILABLE_FLAG"],"rowSet":[[1]]}]}