{"resource":"playbyplay","parameters":{"GameID":"0041400315","StartPeriod":0,"EndPeriod":14},"resultSets":[{"name":"PlayByPlay","headers":["GAME_ID","EVENTNUM","EVENTMSGTYPE","EVENTMSGACTIONTYPE","PERIOD","WCTIMESTRING","PCTIMESTRING","HOMEDESCRIPTION","NEUTRALDESCRIPTION","VISITORDESCRIPTION","SCORE","SCOREMARGIN"],"rowSet":[["0041400315",0,12,0,1,"9:11 PM","12:00",null,null,null,null,null],["0041400315",1,10,0,1,"9:11 PM","12:00","Jump Ball Bogut vs. Howard: Tip to Green",null,null,null,null],["0041400315",2,2,78,1,"9:11 PM","11:50","MISS Green 7' Floating Jump Shot",null,null,null,null],["0041400315",3,4,0,1,"9:11 PM","11:49","Bogut REBOUND (Off:1 Def:0)",null,null,null,null],["0041400315",4,2,1,1,"9:12 PM","11:41","MISS Curry 7' Jump Shot",null,"Smith BLOCK (1 BLK)",null,null],["0041400315",5,4,0,1,"9:12 PM","11:41","WARRIORS Rebound",null,null,null,null],["0041400315",6,2,79,1,"9:12 PM","11:30","MISS Thompson  3PT Pullup Jump Shot",null,null,null,null],["0041400315",7,4,0,1,"9:12 PM","11:28",null,null,"Smith REBOUND (Off:0 Def:1)",null,null],["0041400315",8,1,8,1,"9:12 PM","11:08",null,null,"Howard  Slam Dunk (2 PTS) (Terry 1 AST)","2 - 0","-2"],["0041400315",9,6,2,1,"9:12 PM","11:08","Barnes S.FOUL (P1.T1) (K.Mauer)",null,null,null,null],["0041400315",10,3,10,1,"9:13 PM","11:08",null,null,"Howard Free Throw 1 of 1 (3 PTS)","3 - 0","-3"],["0041400315",12,2,80,1,"9:13 PM","10:51","MISS Thompson 15' Step Back Jump Shot",null,null,null,null],["0041400315",13,4,0,1,"9:13 PM","10:50",null,null,"Howard REBOUND (Off:0 Def:1)",null,null],["0041400315",14,5,4,1,"9:13 PM","10:44",null,null,"Harden Traveling Turnover (P1.T1)",null,null],["0041400315",15,5,1,1,"9:13 PM","10:38","Curry Bad Pass Turnover (P1.T1)",null,"Harden STEAL (1 STL)",null,null],["0041400315",16,5,1,1,"9:13 PM","10:34","Curry STEAL (1 STL)",null,"Harden Bad Pass Turnover (P2.T2)",null,null],["0041400315",17,2,1,1,"9:14 PM","10:28","MISS Green 13' Jump Shot",null,null,null,null],["0041400315",18,4,0,1,"9:14 PM","10:27","Bogut REBOUND (Off:2 Def:0)",null,null,null,null],["0041400315",19,5,1,1,"9:14 PM","10:16","Barnes Bad Pass Turnover (P1.T2)",null,"Harden STEAL (2 STL)",null,null],["0041400315",20,2,79,1,"9:14 PM","10:10",null,null,"MISS Smith 26' 3PT Pullup Jump Shot",null,null],["0041400315",21,4,0,1,"9:14 PM","10:09","Green REBOUND (Off:0 Def:1)",null,null,null,null],["0041400315",22,1,78,1,"9:14 PM","9:58","Green 5' Floating Jump Shot (2 PTS)",null,null,"3 - 2","-1"],["0041400315",23,2,58,1,"9:14 PM","9:45",null,null,"MISS Howard 3' Turnaround Hook Shot",null,null],["0041400315",24,4,0,1,"9:14 PM","9:43","Bogut REBOUND (Off:2 Def:1)",null,null,null,null],["0041400315",25,2,1,1,"9:14 PM","9:32","MISS Curry 4' Jump Shot",null,"Howard BLOCK (1 BLK)",null,null],["0041400315",26,4,0,1,"9:15 PM","9:32",null,null,"Rockets Rebound",null,null],["0041400315",27,1,79,1,"9:15 PM","9:18",null,null,"Ariza 26' 3PT Pullup Jump Shot (3 PTS) (Terry 2 AST)","6 - 2","-4"],["0041400315",28,2,79,1,"9:15 PM","8:59","MISS Barnes 25' 3PT Pullup Jump Shot",null,null,null,null],["0041400315",29,4,0,1,"9:15 PM","8:57",null,null,"Howard REBOUND (Off:0 Def:2)",null,null],["0041400315",30,2,1,1,"9:15 PM","8:48",null,null,"MISS Harden 7' Jump Shot",null,null],["0041400315",31,4,0,1,"9:15 PM","8:47",null,null,"Howard REBOUND (Off:1 Def:2)",null,null],["0041400315",32,1,42,1,"9:15 PM","8:47",null,null,"Howard 1' Driving Layup (5 PTS)","8 - 2","-6"],["0041400315",33,6,2,1,"9:15 PM","8:47","Thompson S.FOUL (P1.T2) (E.Malloy)",null,null,null,null],["0041400315",34,3,10,1,"9:16 PM","8:47",null,null,"MISS Howard Free Throw 1 of 1",null,null],["0041400315",36,4,0,1,"9:16 PM","8:46","Bogut REBOUND (Off:2 Def:2)",null,null,null,null],["0041400315",37,1,86,1,"9:16 PM","8:33","Barnes 9' Turnaround Fadeaway (2 PTS)",null,null,"8 - 4","-4"],["0041400315",38,2,1,1,"9:16 PM","8:16",null,null,"MISS Terry 25' 3PT Jump Shot",null,null],["0041400315",39,4,0,1,"9:16 PM","8:15",null,null,"Smith REBOUND (Off:1 Def:1)",null,null],["0041400315",40,6,2,1,"9:17 PM","8:13","Bogut S.FOUL (P1.T3) (E.Malloy)",null,null,null,null],["0041400315",41,3,11,1,"9:17 PM","8:13",null,null,"Howard Free Throw 1 of 2 (6 PTS)","9 - 4","-5"],["0041400315",43,3,12,1,"9:17 PM","8:13",null,null,"MISS Howard Free Throw 2 of 2",null,null],["0041400315",45,4,0,1,"9:17 PM","8:12","WARRIORS Rebound",null,null,null,null],["0041400315",46,10,0,1,"9:18 PM","8:09","Jump Ball Bogut vs. Smith: Tip to Curry",null,null,null,null],["0041400315",47,2,79,1,"9:18 PM","8:03","MISS Curry 20' Pullup Jump Shot",null,null,null,null],["0041400315",48,4,0,1,"9:18 PM","8:01",null,null,"Smith REBOUND (Off:1 Def:2)",null,null],["0041400315",49,2,1,1,"9:18 PM","7:51",null,null,"MISS Smith 27' 3PT Jump Shot",null,null],["0041400315",50,4,0,1,"9:18 PM","7:49","Curry REBOUND (Off:0 Def:1)",null,null,null,null],["0041400315",51,2,1,1,"9:18 PM","7:40","MISS Thompson 19' Jump Shot",null,null,null,null],["0041400315",52,4,0,1,"9:18 PM","7:39",null,null,"Howard REBOUND (Off:1 Def:3)",null,null],["0041400315",53,5,2,1,"9:18 PM","7:34","Curry STEAL (2 STL)",null,"Terry Lost Ball Turnover (P1.T3)",null,null],["0041400315",54,1,78,1,"9:18 PM","7:30","Curry 5' Floating Jump Shot (2 PTS)",null,null,"9 - 6","-3"],["0041400315",55,2,1,1,"9:19 PM","7:12",null,null,"MISS Smith 4' Jump Shot",null,null],["0041400315",56,4,0,1,"9:19 PM","7:11","Bogut REBOUND (Off:2 Def:3)",null,null,null,null],["0041400315",57,2,42,1,"9:19 PM","7:05","MISS Green 2' Driving Layup",null,"Howard BLOCK (2 BLK)",null,null],["0041400315",58,4,0,1,"9:19 PM","7:04",null,null,"Harden REBOUND (Off:0 Def:1)",null,null],["0041400315",59,2,1,1,"9:19 PM","6:50",null,null,"MISS Smith 10' Jump Shot",null,null],["0041400315",60,4,0,1,"9:19 PM","6:49","Bogut REBOUND (Off:2 Def:4)",null,null,null,null],["0041400315",61,9,1,1,"9:19 PM","6:42","WARRIORS Timeout: Regular (Full 1 Short 0)",null,null,null,null],["0041400315",63,2,79,1,"9:22 PM","6:36","MISS Curry 28' 3PT Pullup Jump Shot",null,null,null,null],["0041400315",64,4,0,1,"9:22 PM","6:35",null,null,"Howard REBOUND (Off:1 Def:4)",null,null],["0041400315",65,2,66,1,"9:23 PM","6:20",null,null,"MISS Harden 9' Jump Bank Shot",null,null],["0041400315",66,4,0,1,"9:23 PM","6:18","Bogut REBOUND (Off:2 Def:5)",null,null,null,null],["0041400315",67,1,88,1,"9:23 PM","6:09","Barnes  Driving Slam Dunk (4 PTS) (Curry 1 AST)",null,null,"9 - 8","-1"],["0041400315",68,6,1,1,"9:23 PM","5:59","Bogut P.FOUL (P2.T4) (E.Malloy)",null,null,null,null],["0041400315",70,8,0,1,"9:24 PM","5:59","SUB: Ezeli FOR Bogut",null,null,null,null],["0041400315",71,2,1,1,"9:24 PM","5:47",null,null,"MISS Howard 6' Jump Shot",null,null],["0041400315",72,4,0,1,"9:24 PM","5:46",null,null,"Ariza REBOUND (Off:1 Def:0)",null,null],["0041400315",73,5,2,1,"9:24 PM","5:41","Curry STEAL (3 STL)",null,"Harden Lost Ball Turnover (P3.T4)",null,null],["0041400315",74,1,73,1,"9:24 PM","5:36","Thompson 1' Driving Reverse Layup (2 PTS) (Green 1 AST)",null,null,"9 - 10","1"],["0041400315",75,1,52,1,"9:24 PM","5:30",null,null,"Howard  Alley Oop Dunk (8 PTS) (Smith 1 AST)","11 - 10","-1"],["0041400315",76,6,1,1,"9:24 PM","5:10",null,null,"Terry P.FOUL (P1.T1) (E.Malloy)",null,null],["0041400315",77,8,0,1,"9:25 PM","5:10",null,null,"SUB: Jones FOR Smith",null,null],["0041400315",78,8,0,1,"9:25 PM","5:10","SUB: Iguodala FOR Barnes",null,null,null,null],["0041400315",79,5,41,1,"9:25 PM","5:08","Ezeli Poss Lost Ball Turnover (P1.T3)",null,"Jones STEAL (1 STL)",null,null],["0041400315",81,1,42,1,"9:25 PM","4:58",null,null,"Harden 2' Driving Layup (2 PTS)","13 - 10","-3"],["0041400315",82,6,2,1,"9:26 PM","4:38",null,null,"Terry S.FOUL (P2.T2) (K.Mauer)",null,null],["0041400315",83,3,11,1,"9:26 PM","4:38","Green Free Throw 1 of 2 (3 PTS)",null,null,"13 - 11","-2"],["0041400315",85,8,0,1,"9:26 PM","4:38",null,null,"SUB: Prigioni FOR Terry",null,null],["0041400315",86,8,0,1,"9:26 PM","4:38","SUB: Livingston FOR Thompson",null,null,null,null],["0041400315",87,3,12,1,"9:26 PM","4:38","Green Free Throw 2 of 2 (4 PTS)",null,null,"13 - 12","-1"],["0041400315",89,6,26,1,"9:27 PM","4:26",null,null,"Howard Offensive Charge Foul (P1.T3) (K.Mauer)",null,null],["0041400315",90,5,5,1,"9:27 PM","4:26",null,null,"Howard Foul Turnover (P1.T5)",null,null],["0041400315",91,2,78,1,"9:27 PM","4:08","MISS Ezeli 4' Floating Jump Shot",null,null,null,null],["0041400315",92,4,0,1,"9:27 PM","4:07",null,null,"Rockets Rebound",null,null],["0041400315",93,6,2,1,"9:28 PM","3:57","Iguodala S.FOUL (P1.PN) (E.Malloy)",null,null,null,null],["0041400315",94,3,13,1,"9:28 PM","3:57",null,null,"Harden Free Throw 1 of 3 (3 PTS)","14 - 12","-2"],["0041400315",96,3,14,1,"9:29 PM","3:57",null,null,"Harden Free Throw 2 of 3 (4 PTS)","15 - 12","-3"],["0041400315",98,8,0,1,"9:29 PM","3:57",null,null,"SUB: Brewer FOR Ariza",null,null],["0041400315",99,3,15,1,"9:29 PM","3:57",null,null,"Harden Free Throw 3 of 3 (5 PTS)","16 - 12","-4"],["0041400315",101,2,1,1,"9:29 PM","3:33","MISS Iguodala 5' Jump Shot",null,null,null,null],["0041400315",102,4,0,1,"9:29 PM","3:32","Ezeli REBOUND (Off:1 Def:0)",null,null,null,null],["0041400315",103,5,11,1,"9:29 PM","3:32","WARRIORS Turnover: Shot Clock (T#4)",null,null,null,null],["0041400315",104,1,77,1,"9:30 PM","3:11",null,null,"Brewer 6' Driving Jump Shot (2 PTS) (Prigioni 1 AST)","18 - 12","-6"],["0041400315",105,2,1,1,"9:30 PM","2:55","MISS Iguodala 26' 3PT Jump Shot",null,null,null,null],["0041400315",106,4,0,1,"9:30 PM","2:54","Ezeli REBOUND (Off:2 Def:0)",null,null,null,null],["0041400315",107,2,1,1,"9:30 PM","2:45","MISS Ezeli 3' Jump Shot",null,null,null,null],["0041400315",108,4,0,1,"9:30 PM","2:42","Ezeli REBOUND (Off:3 Def:0)",null,null,null,null],["0041400315",109,5,1,1,"9:30 PM","2:41","Ezeli Bad Pass Turnover (P2.T5)",null,"Prigioni STEAL (1 STL)",null,null],["0041400315",110,6,2,1,"9:31 PM","2:37","Iguodala S.FOUL (P2.PN) (K.Mauer)",null,null,null,null],["0041400315",111,9,1,1,"9:31 PM","2:37",null,null,"Rockets Timeout: Regular (Reg.1 Short 0)",null,null],["0041400315",112,8,0,1,"9:33 PM","2:37",null,null,"SUB: Capela FOR Howard",null,null],["0041400315",113,3,11,1,"9:34 PM","2:37",null,null,"Harden Free Throw 1 of 2 (6 PTS)","19 - 12","-7"],["0041400315",115,3,12,1,"9:34 PM","2:37",null,null,"Harden Free Throw 2 of 2 (7 PTS)","20 - 12","-8"],["0041400315",117,5,1,1,"9:35 PM","2:28","Iguodala Bad Pass Turnover (P1.T6)",null,null,null,null],["0041400315",118,2,79,1,"9:35 PM","2:12",null,null,"MISS Brewer  3PT Pullup Jump Shot",null,null],["0041400315",119,4,0,1,"9:35 PM","2:11","Green REBOUND (Off:0 Def:2)",null,null,null,null],["0041400315",120,6,1,1,"9:35 PM","2:06",null,null,"Prigioni P.FOUL (P1.T4) (K.Mauer)",null,null],["0041400315",121,2,79,1,"9:35 PM","1:58","MISS Green 25' 3PT Pullup Jump Shot",null,null,null,null],["0041400315",122,4,0,1,"9:35 PM","1:57","Curry REBOUND (Off:1 Def:1)",null,null,null,null],["0041400315",123,2,79,1,"9:36 PM","1:47","MISS Livingston 7' Pullup Jump Shot",null,null,null,null],["0041400315",124,4,0,1,"9:36 PM","1:46","Iguodala REBOUND (Off:1 Def:0)",null,null,null,null],["0041400315",125,6,1,1,"9:36 PM","1:46",null,null,"Brewer P.FOUL (P1.PN) (K.Mauer)",null,null],["0041400315",126,6,1,1,"9:36 PM","1:42",null,null,"Brewer P.FOUL (P2.PN) (K.Mauer)",null,null],["0041400315",127,3,11,1,"9:37 PM","1:42","Curry Free Throw 1 of 2 (3 PTS)",null,null,"20 - 13","-7"],["0041400315",129,3,12,1,"9:37 PM","1:42","Curry Free Throw 2 of 2 (4 PTS)",null,null,"20 - 14","-6"],["0041400315",131,5,1,1,"9:37 PM","1:28",null,null,"Harden Bad Pass Turnover (P4.T6)",null,null],["0041400315",132,2,5,1,"9:37 PM","1:19","MISS Green 2' Layup",null,null,null,null],["0041400315",133,4,0,1,"9:37 PM","1:17","Green REBOUND (Off:1 Def:2)",null,null,null,null],["0041400315",135,1,63,1,"9:38 PM","1:09","Curry 27' 3PT Fadeaway Jumper (7 PTS) (Iguodala 1 AST)",null,null,"20 - 17","-3"],["0041400315",136,2,1,1,"9:38 PM","0:50",null,null,"MISS Jones 11' Jump Shot",null,null],["0041400315",137,4,0,1,"9:38 PM","0:48",null,null,"Capela REBOUND (Off:1 Def:0)",null,null],["0041400315",138,2,65,1,"9:38 PM","0:45",null,null,"MISS Jones 3' Jump Hook Shot",null,null],["0041400315",139,4,0,1,"9:38 PM","0:44","Ezeli REBOUND (Off:3 Def:1)",null,null,null,null],["0041400315",140,2,79,1,"9:38 PM","0:37","MISS Curry 27' 3PT Pullup Jump Shot",null,null,null,null],["0041400315",141,4,0,1,"9:38 PM","0:36",null,null,"Harden REBOUND (Off:0 Def:2)",null,null],["0041400315",142,5,1,1,"9:38 PM","0:33","Iguodala STEAL (1 STL)",null,"Harden Bad Pass Turnover (P5.T7)",null,null],["0041400315",143,5,1,1,"9:39 PM","0:26","Livingston Bad Pass Turnover (P1.T7)",null,"Capela STEAL (1 STL)",null,null],["0041400315",144,6,1,1,"9:39 PM","0:04","Curry P.FOUL (P1.PN) (T.Brothers)",null,null,null,null],["0041400315",145,3,11,1,"9:40 PM","0:04",null,null,"Harden Free Throw 1 of 2 (8 PTS)","21 - 17","-4"],["0041400315",147,8,0,1,"9:40 PM","0:04",null,null,"SUB: Ariza FOR Prigioni",null,null],["0041400315",148,3,12,1,"9:40 PM","0:04",null,null,"Harden Free Throw 2 of 2 (9 PTS)","22 - 17","-5"],["0041400315",150,2,79,1,"9:40 PM","0:01","MISS Green 41' 3PT Pullup Jump Shot",null,null,null,null],["0041400315",151,4,0,1,"9:40 PM","0:00","WARRIORS Rebound",null,null,null,null],["0041400315",152,13,0,1,"9:40 PM","0:00",null,null,null,"22 - 17","-5"],["0041400315",154,12,0,2,"9:44 PM","12:00",null,null,null,"22 - 17","-5"],["0041400315",156,2,1,2,"9:44 PM","11:41",null,null,"MISS Howard 8' Jump Shot",null,null],["0041400315",157,4,0,2,"9:45 PM","11:39","Ezeli REBOUND (Off:3 Def:2)",null,null,null,null],["0041400315",158,2,47,2,"9:45 PM","11:21","MISS Livingston 16' Turnaround Jump Shot",null,null,null,null],["0041400315",159,4,0,2,"9:45 PM","11:20",null,null,"Ariza REBOUND (Off:1 Def:1)",null,null],["0041400315",160,2,1,2,"9:45 PM","11:05","Ezeli BLOCK (1 BLK)",null,"MISS Howard 4' Jump Shot",null,null],["0041400315",161,4,0,2,"9:45 PM","11:05",null,null,"Rockets Rebound",null,null],["0041400315",162,5,1,2,"9:45 PM","11:03","Thompson STEAL (1 STL)",null,"Prigioni Bad Pass Turnover (P1.T8)",null,null],["0041400315",163,1,88,2,"9:45 PM","10:58","Barnes  Driving Slam Dunk (6 PTS) (Thompson 1 AST)",null,null,"22 - 19","-3"],["0041400315",164,2,1,2,"9:46 PM","10:34",null,null,"MISS Howard 7' Jump Shot",null,null],["0041400315",165,4,0,2,"9:46 PM","10:33","Thompson REBOUND (Off:0 Def:1)",null,null,null,null],["0041400315",166,6,28,2,"9:46 PM","10:31",null,null,"Prigioni Personal Take Foul (P2.T1) (E.Malloy)",null,null],["0041400315",167,1,1,2,"9:47 PM","10:15","Thompson 25' 3PT Jump Shot (5 PTS) (Livingston 1 AST)",null,null,"22 - 22","TIE"],["0041400315",168,6,1,2,"9:47 PM","10:02","Livingston P.FOUL (P1.T1) (E.Malloy)",null,null,null,null],["0041400315",169,2,1,2,"9:47 PM","9:54",null,null,"MISS Prigioni 25' 3PT Jump Shot",null,null],["0041400315",170,4,0,2,"9:47 PM","9:52","Barnes REBOUND (Off:0 Def:1)",null,null,null,null],["0041400315",171,1,80,2,"9:48 PM","9:30","Thompson  3PT Step Back Jump Shot (8 PTS) (Livingston 2 AST)",null,null,"22 - 25","3"],["0041400315",172,9,1,2,"9:48 PM","9:29",null,null,"Rockets Timeout: Regular (Reg.2 Short 0)",null,null],["0041400315",173,18,1,2,"9:48 PM","9:29",null,null,null,null,null],["0041400315",174,8,0,2,"9:51 PM","9:29",null,null,"SUB: Harden FOR Jones",null,null],["0041400315",175,8,0,2,"9:51 PM","9:29",null,null,"SUB: Terry FOR Prigioni",null,null],["0041400315",176,8,0,2,"9:51 PM","9:29",null,null,"SUB: Smith FOR Brewer",null,null],["0041400315",177,5,41,2,"9:51 PM","9:15",null,null,"Ariza Poss Lost Ball Turnover (P1.T9)",null,null],["0041400315",183,2,40,2,"9:51 PM","9:10","MISS Iguodala 2' Layup",null,null,null,null],["0041400315",180,4,0,2,"9:51 PM","9:09","Barnes REBOUND (Off:1 Def:1)",null,null,null,null],["0041400315",178,1,92,2,"9:51 PM","9:09","Barnes  Putback Slam Dunk (8 PTS)",null,null,"22 - 27","5"],["0041400315",179,1,65,2,"9:51 PM","8:51",null,null,"Smith 4' Jump Hook Shot (2 PTS) (Harden 1 AST)","24 - 27","3"],["0041400315",181,1,79,2,"9:52 PM","8:31","Thompson 24' 3PT Pullup Jump Shot (11 PTS) (Iguodala 2 AST)",null,null,"24 - 30","6"],["0041400315",182,5,1,2,"9:52 PM","8:26",null,null,"Harden Bad Pass Turnover (P6.T10)",null,null],["0041400315",184,5,1,2,"9:52 PM","8:11","Livingston Bad Pass Turnover (P2.T8)",null,"Ariza STEAL (1 STL)",null,null],["0041400315",185,6,1,2,"9:53 PM","8:09","Iguodala P.FOUL (P3.T2) (K.Mauer)",null,null,null,null],["0041400315",186,6,1,2,"9:53 PM","8:01","Barnes P.FOUL (P2.T3) (T.Brothers)",null,null,null,null],["0041400315",187,2,40,2,"9:53 PM","8:01",null,null,"MISS Smith 3' Layup",null,null],["0041400315",188,4,0,2,"9:53 PM","8:01",null,null,"Rockets Rebound",null,null],["0041400315",189,8,0,2,"9:54 PM","8:01","SUB: Curry FOR Livingston",null,null,null,null],["0041400315",190,1,1,2,"9:54 PM","7:52",null,null,"Smith 26' 3PT Jump Shot (5 PTS) (Harden 2 AST)","27 - 30","3"],["0041400315",191,1,1,2,"9:54 PM","7:30","Iguodala 17' Jump Shot (2 PTS) (Thompson 2 AST)",null,null,"27 - 32","5"],["0041400315",192,1,5,2,"9:55 PM","7:09",null,null,"Howard  Layup (10 PTS) (Ariza 1 AST)","29 - 32","3"],["0041400315",193,6,2,2,"9:55 PM","7:09","Thompson S.FOUL (P2.T4) (E.Malloy)",null,null,null,null],["0041400315",195,8,0,2,"9:55 PM","7:09","SUB: Bogut FOR Ezeli",null,null,null,null],["0041400315",196,3,10,2,"9:55 PM","7:09",null,null,"MISS Howard Free Throw 1 of 1",null,null],["0041400315",198,4,0,2,"9:55 PM","7:06","Iguodala REBOUND (Off:1 Def:1)",null,null,null,null],["0041400315",199,1,79,2,"9:56 PM","6:50","Thompson 17' Pullup Jump Shot (13 PTS)",null,null,"29 - 34","5"],["0041400315",200,1,1,2,"9:56 PM","6:33",null,null,"Smith 25' 3PT Jump Shot (8 PTS)","32 - 34","2"],["0041400315",201,2,1,2,"9:56 PM","6:20","MISS Barnes 13' Jump Shot",null,null,null,null],["0041400315",202,4,0,2,"9:56 PM","6:18","Bogut REBOUND (Off:3 Def:5)",null,null,null,null],["0041400315",203,2,1,2,"9:56 PM","6:15","MISS Curry 27' 3PT Jump Shot",null,null,null,null],["0041400315",204,4,0,2,"9:56 PM","6:14",null,null,"Harden REBOUND (Off:0 Def:3)",null,null],["0041400315",205,2,1,2,"9:56 PM","6:09",null,null,"MISS Harden 26' 3PT Jump Shot",null,null],["0041400315",206,4,0,2,"9:56 PM","6:08","Curry REBOUND (Off:1 Def:2)",null,null,null,null],["0041400315",207,1,88,2,"9:56 PM","6:04","Thompson 3' Driving Slam Dunk (15 PTS) (Curry 2 AST)",null,null,"32 - 36","4"],["0041400315",208,1,8,2,"9:57 PM","5:49",null,null,"Harden  Slam Dunk (11 PTS) (Terry 3 AST)","34 - 36","2"],["0041400315",209,1,77,2,"9:57 PM","5:36","Curry 4' Driving Jump Shot (9 PTS) (Iguodala 3 AST)",null,null,"34 - 38","4"],["0041400315",210,1,42,2,"9:57 PM","5:19",null,null,"Ariza 1' Driving Layup (5 PTS) (Howard 1 AST)","36 - 38","2"],["0041400315",211,9,1,2,"9:57 PM","5:15","WARRIORS Timeout: Regular (Full 2 Short 0)",null,null,null,null],["0041400315",213,8,0,2,"10:00 PM","5:15","SUB: Green FOR Iguodala",null,null,null,null],["0041400315",214,2,1,2,"10:01 PM","5:08","MISS Thompson 27' 3PT Jump Shot",null,"Howard BLOCK (3 BLK)",null,null],["0041400315",215,4,0,2,"10:01 PM","5:07","Bogut REBOUND (Off:4 Def:5)",null,null,null,null],["0041400315",216,2,1,2,"10:01 PM","5:05","MISS Bogut 8' Jump Shot",null,null,null,null],["0041400315",217,4,0,2,"10:01 PM","5:04",null,null,"Terry REBOUND (Off:0 Def:1)",null,null],["0041400315",218,2,79,2,"10:01 PM","4:58",null,null,"MISS Terry 24' 3PT Pullup Jump Shot",null,null],["0041400315",219,4,0,2,"10:01 PM","4:57",null,null,"Rockets Rebound",null,null],["0041400315",220,2,80,2,"10:02 PM","4:38",null,null,"MISS Harden 19' Step Back Jump Shot",null,null],["0041400315",221,4,0,2,"10:02 PM","4:37","Barnes REBOUND (Off:1 Def:2)",null,null,null,null],["0041400315",222,1,79,2,"10:02 PM","4:25","Barnes 24' 3PT Pullup Jump Shot (11 PTS) (Curry 3 AST)",null,null,"36 - 41","5"],["0041400315",223,2,1,2,"10:02 PM","4:11",null,null,"MISS Smith 6' Jump Shot",null,null],["0041400315",224,4,0,2,"10:02 PM","4:10",null,null,"Howard REBOUND (Off:2 Def:4)",null,null],["0041400315",225,2,1,2,"10:02 PM","4:09",null,null,"MISS Howard 4' Jump Shot",null,null],["0041400315",226,4,0,2,"10:02 PM","4:07","Bogut REBOUND (Off:4 Def:6)",null,null,null,null],["0041400315",227,6,1,2,"10:02 PM","4:02",null,null,"Smith P.FOUL (P1.T2) (E.Malloy)",null,null],["0041400315",229,2,79,2,"10:03 PM","3:47","MISS Barnes  3PT Pullup Jump Shot",null,null,null,null],["0041400315",230,4,0,2,"10:03 PM","3:46",null,null,"Howard REBOUND (Off:2 Def:5)",null,null],["0041400315",231,2,1,2,"10:04 PM","3:30",null,null,"MISS Smith  3PT Jump Shot",null,null],["0041400315",232,4,0,2,"10:04 PM","3:29","Curry REBOUND (Off:1 Def:3)",null,null,null,null],["0041400315",233,2,46,2,"10:04 PM","3:20","MISS Curry 5' Running Jump Shot",null,"Howard BLOCK (4 BLK)",null,null],["0041400315",234,4,0,2,"10:04 PM","3:20","WARRIORS Rebound",null,null,null,null],["0041400315",235,6,16,2,"10:04 PM","3:20",null,null,null,null,null],["0041400315",236,2,1,2,"10:05 PM","3:06","MISS Thompson 20' Jump Shot",null,null,null,null],["0041400315",237,4,0,2,"10:05 PM","3:05",null,null,"Howard REBOUND (Off:2 Def:6)",null,null],["0041400315",238,2,1,2,"10:05 PM","2:59","Bogut BLOCK (1 BLK)",null,"MISS Smith 6' Jump Shot",null,null],["0041400315",239,4,0,2,"10:05 PM","2:57","Bogut REBOUND (Off:4 Def:7)",null,null,null,null],["0041400315",240,1,79,2,"10:05 PM","2:50","Curry  3PT Pullup Jump Shot (12 PTS) (Green 2 AST)",null,null,"36 - 44","8"],["0041400315",241,9,2,2,"10:06 PM","2:50",null,null,"Rockets Timeout: Short (Reg.2 Short 1)",null,null],["0041400315",242,9,4,2,"10:06 PM","2:50",null,null,null,null,null],["0041400315",244,8,0,2,"10:08 PM","2:50",null,null,"SUB: Brewer FOR Smith",null,null],["0041400315",245,8,0,2,"10:08 PM","2:50","SUB: Ezeli FOR Bogut",null,null,null,null],["0041400315",246,1,63,2,"10:08 PM","2:28",null,null,"Ariza 16' Fadeaway Jumper (7 PTS)","38 - 44","6"],["0041400315",247,5,1,2,"10:09 PM","2:11","Curry Bad Pass Turnover (P2.T9)",null,"Harden STEAL (3 STL)",null,null],["0041400315",248,6,2,2,"10:09 PM","2:07","Thompson S.FOUL (P3.PN) (E.Malloy)",null,null,null,null],["0041400315",249,3,11,2,"10:09 PM","2:07",null,null,"Brewer Free Throw 1 of 2 (3 PTS)","39 - 44","5"],["0041400315",251,8,0,2,"10:09 PM","2:07","SUB: Barbosa FOR Thompson",null,null,null,null],["0041400315",252,3,12,2,"10:09 PM","2:07",null,null,"Brewer Free Throw 2 of 2 (4 PTS)","40 - 44","4"],["0041400315",254,2,79,2,"10:10 PM","1:48","MISS Green 26' 3PT Pullup Jump Shot",null,null,null,null],["0041400315",256,4,0,2,"10:10 PM","1:47","Ezeli REBOUND (Off:4 Def:2)",null,null,null,null],["0041400315",255,1,92,2,"10:10 PM","1:46","Ezeli  Putback Slam Dunk (2 PTS)",null,null,"40 - 46","6"],["0041400315",257,1,63,2,"10:10 PM","1:29",null,null,"Terry 11' Fadeaway Jumper (2 PTS)","42 - 46","4"],["0041400315",258,6,2,2,"10:11 PM","1:10",null,null,"Brewer S.FOUL (P3.T3) (T.Brothers)",null,null],["0041400315",259,3,11,2,"10:11 PM","1:10","Barbosa Free Throw 1 of 2 (1 PTS)",null,null,"42 - 47","5"],["0041400315",261,3,12,2,"10:12 PM","1:10","Barbosa Free Throw 2 of 2 (2 PTS)",null,null,"42 - 48","6"],["0041400315",263,6,28,2,"10:12 PM","1:09","Barbosa Personal Take Foul (P1.PN) (K.Mauer)",null,null,null,null],["0041400315",264,3,11,2,"10:12 PM","1:09",null,null,"Howard Free Throw 1 of 2 (11 PTS)","43 - 48","5"],["0041400315",266,3,12,2,"10:13 PM","1:09",null,null,"MISS Howard Free Throw 2 of 2",null,null],["0041400315",268,4,0,2,"10:13 PM","1:07","Barbosa REBOUND (Off:0 Def:1)",null,null,null,null],["0041400315",269,1,58,2,"10:13 PM","0:50","Ezeli 6' Turnaround Hook Shot (4 PTS) (Barbosa 1 AST)",null,null,"43 - 50","7"],["0041400315",270,6,28,2,"10:13 PM","0:50","Barbosa Personal Take Foul (P2.PN) (K.Mauer)",null,null,null,null],["0041400315",271,3,11,2,"10:14 PM","0:50",null,null,"Howard Free Throw 1 of 2 (12 PTS)","44 - 50","6"],["0041400315",273,3,12,2,"10:14 PM","0:50",null,null,"MISS Howard Free Throw 2 of 2",null,null],["0041400315",275,4,0,2,"10:14 PM","0:48","Ezeli REBOUND (Off:4 Def:3)",null,null,null,null],["0041400315",276,6,2,2,"10:14 PM","0:38",null,null,"Ariza S.FOUL (P1.PN) (T.Brothers)",null,null],["0041400315",277,3,11,2,"10:15 PM","0:38","MISS Ezeli Free Throw 1 of 2",null,null,null,null],["0041400315",278,4,1,2,"10:15 PM","0:38","WARRIORS Rebound",null,null,null,null],["0041400315",279,8,0,2,"10:15 PM","0:38",null,null,"SUB: Jones FOR Howard",null,null],["0041400315",280,8,0,2,"10:15 PM","0:38","SUB: Livingston FOR Barnes",null,null,null,null],["0041400315",281,3,12,2,"10:15 PM","0:38","MISS Ezeli Free Throw 2 of 2",null,null,null,null],["0041400315",283,4,0,2,"10:15 PM","0:35","Green REBOUND (Off:2 Def:2)",null,null,null,null],["0041400315",284,5,2,2,"10:16 PM","0:33","Ezeli Lost Ball Turnover (P3.T10)",null,"Terry STEAL (1 STL)",null,null],["0041400315",285,6,1,2,"10:16 PM","0:32","Barbosa P.FOUL (P3.PN) (T.Brothers)",null,null,null,null],["0041400315",286,3,11,2,"10:16 PM","0:32",null,null,"Brewer Free Throw 1 of 2 (5 PTS)","45 - 50","5"],["0041400315",288,8,0,2,"10:16 PM","0:32","SUB: Lee FOR Ezeli",null,null,null,null],["0041400315",289,3,12,2,"10:16 PM","0:32",null,null,"Brewer Free Throw 2 of 2 (6 PTS)","46 - 50","4"],["0041400315",291,6,2,2,"10:17 PM","0:13",null,null,"Ariza S.FOUL (P2.PN) (K.Mauer)",null,null],["0041400315",292,3,13,2,"10:17 PM","0:13","Curry Free Throw 1 of 3 (13 PTS)",null,null,"46 - 51","5"],["0041400315",294,3,14,2,"10:17 PM","0:13","MISS Curry Free Throw 2 of 3",null,null,null,null],["0041400315",295,4,1,2,"10:17 PM","0:13","WARRIORS Rebound",null,null,null,null],["0041400315",296,8,0,2,"10:18 PM","0:13","SUB: Ezeli FOR Lee",null,null,null,null],["0041400315",297,3,15,2,"10:18 PM","0:13","Curry Free Throw 3 of 3 (14 PTS)",null,null,"46 - 52","6"],["0041400315",299,5,1,2,"10:18 PM","0:04","Curry STEAL (4 STL)",null,"Harden Bad Pass Turnover (P7.T11)",null,null],["0041400315",300,2,1,2,"10:18 PM","0:01","MISS Curry 30' 3PT Jump Shot",null,null,null,null],["0041400315",301,4,0,2,"10:18 PM","0:00","WARRIORS Rebound",null,null,null,null],["0041400315",302,13,0,2,"10:18 PM","0:00",null,null,null,"46 - 52","6"],["0041400315",304,12,0,3,"10:36 PM","12:00",null,null,null,"46 - 52","6"],["0041400315",305,2,66,3,"10:36 PM","11:44",null,null,"MISS Harden 7' Jump Bank Shot",null,null],["0041400315",306,4,0,3,"10:36 PM","11:43","Curry REBOUND (Off:1 Def:4)",null,null,null,null],["0041400315",307,1,44,3,"10:36 PM","11:23","Thompson 2' Reverse Layup (17 PTS) (Bogut 1 AST)",null,null,"46 - 54","8"],["0041400315",308,2,79,3,"10:37 PM","11:00",null,null,"MISS Smith 26' 3PT Pullup Jump Shot",null,null],["0041400315",309,4,0,3,"10:37 PM","10:59","Bogut REBOUND (Off:4 Def:8)",null,null,null,null],["0041400315",310,2,5,3,"10:37 PM","10:43","MISS Barnes 3' Layup",null,"Smith BLOCK (2 BLK)",null,null],["0041400315",311,4,0,3,"10:37 PM","10:43","WARRIORS Rebound",null,null,null,null],["0041400315",312,1,79,3,"10:37 PM","10:36","Thompson 25' 3PT Pullup Jump Shot (20 PTS) (Curry 4 AST)",null,null,"46 - 57","11"],["0041400315",313,1,79,3,"10:38 PM","10:21",null,null,"Terry 25' 3PT Pullup Jump Shot (5 PTS) (Harden 3 AST)","49 - 57","8"],["0041400315",314,2,1,3,"10:38 PM","10:08","MISS Thompson 7' Jump Shot",null,null,null,null],["0041400315",315,4,0,3,"10:38 PM","10:08",null,null,"Rockets Rebound",null,null],["0041400315",316,6,1,3,"10:38 PM","9:51","Green P.FOUL (P1.T1) (K.Mauer)",null,null,null,null],["0041400315",317,6,2,3,"10:39 PM","9:42","Thompson S.FOUL (P4.T2) (E.Malloy)",null,null,null,null],["0041400315",318,3,11,3,"10:39 PM","9:42",null,null,"Howard Free Throw 1 of 2 (13 PTS)","50 - 57","7"],["0041400315",320,3,12,3,"10:39 PM","9:42",null,null,"Howard Free Throw 2 of 2 (14 PTS)","51 - 57","6"],["0041400315",322,2,1,3,"10:40 PM","9:32","MISS Green 10' Jump Shot",null,null,null,null],["0041400315",323,4,0,3,"10:40 PM","9:31","Bogut REBOUND (Off:5 Def:8)",null,null,null,null],["0041400315",324,2,79,3,"10:40 PM","9:27","MISS Curry 26' 3PT Pullup Jump Shot",null,null,null,null],["0041400315",325,4,0,3,"10:40 PM","9:25",null,null,"Howard REBOUND (Off:2 Def:7)",null,null],["0041400315",326,6,2,3,"10:40 PM","9:20","Thompson S.FOUL (P5.T3) (T.Brothers)",null,null,null,null],["0041400315",327,3,11,3,"10:40 PM","9:20",null,null,"Harden Free Throw 1 of 2 (12 PTS)","52 - 57","5"],["0041400315",329,8,0,3,"10:41 PM","9:20","SUB: Barbosa FOR Thompson",null,null,null,null],["0041400315",330,3,12,3,"10:41 PM","9:20",null,null,"MISS Harden Free Throw 2 of 2",null,null],["0041400315",332,4,0,3,"10:41 PM","9:19","Green REBOUND (Off:2 Def:3)",null,null,null,null],["0041400315",333,5,1,3,"10:41 PM","9:16","Green Bad Pass Turnover (P1.T11)",null,"Ariza STEAL (2 STL)",null,null],["0041400315",334,1,42,3,"10:41 PM","9:14",null,null,"Ariza 2' Driving Layup (9 PTS)","54 - 57","3"],["0041400315",335,6,2,3,"10:41 PM","9:14","Green S.FOUL (P2.T4) (E.Malloy)",null,null,null,null],["0041400315",336,3,10,3,"10:41 PM","9:14",null,null,"Ariza Free Throw 1 of 1 (10 PTS)","55 - 57","2"],["0041400315",338,6,4,3,"10:42 PM","8:59","Barnes OFF.Foul (P3) (T.Brothers)",null,null,null,null],["0041400315",339,5,5,3,"10:42 PM","8:59","Barnes Foul Turnover (P2.T12)",null,null,null,null],["0041400315",340,2,44,3,"10:42 PM","8:42",null,null,"MISS Smith 2' Reverse Layup",null,null],["0041400315",341,4,0,3,"10:42 PM","8:42","WARRIORS Rebound",null,null,null,null],["0041400315",342,9,1,3,"10:42 PM","8:42","WARRIORS Timeout: Regular (Full 3 Short 0)",null,null,null,null],["0041400315",344,18,1,3,"10:43 PM","8:42",null,null,null,null,null],["0041400315",346,2,66,3,"10:46 PM","8:19","MISS Curry 8' Jump Bank Shot",null,null,null,null],["0041400315",347,4,0,3,"10:46 PM","8:18",null,null,"Howard REBOUND (Off:2 Def:8)",null,null],["0041400315",348,2,88,3,"10:46 PM","8:12","Bogut BLOCK (2 BLK)",null,"MISS Ariza  Driving Slam Dunk",null,null],["0041400315",349,4,0,3,"10:46 PM","8:10","Green REBOUND (Off:2 Def:4)",null,null,null,null],["0041400315",350,2,1,3,"10:46 PM","7:59","MISS Curry 26' 3PT Jump Shot",null,null,null,null],["0041400315",351,4,0,3,"10:46 PM","7:58","Barnes REBOUND (Off:2 Def:2)",null,null,null,null],["0041400315",352,2,63,3,"10:47 PM","7:54","MISS Barnes  3PT Fadeaway Jumper",null,null,null,null],["0041400315",353,4,0,3,"10:47 PM","7:53",null,null,"Smith REBOUND (Off:1 Def:3)",null,null],["0041400315",354,6,2,3,"10:47 PM","7:46","Barbosa S.FOUL (P4.PN) (E.Malloy)",null,null,null,null],["0041400315",355,3,11,3,"10:47 PM","7:46",null,null,"Smith Free Throw 1 of 2 (9 PTS)","56 - 57","1"],["0041400315",357,3,12,3,"10:47 PM","7:46",null,null,"MISS Smith Free Throw 2 of 2",null,null],["0041400315",359,4,0,3,"10:47 PM","7:44",null,null,"Harden REBOUND (Off:1 Def:3)",null,null],["0041400315",360,6,1,3,"10:48 PM","7:41","Barnes P.FOUL (P4.PN) (E.Malloy)",null,null,null,null],["0041400315",361,3,11,3,"10:48 PM","7:41",null,null,"MISS Smith Free Throw 1 of 2",null,null],["0041400315",362,4,1,3,"10:48 PM","7:41",null,null,"Rockets Rebound",null,null],["0041400315",363,8,0,3,"10:48 PM","7:41","SUB: Iguodala FOR Barnes",null,null,null,null],["0041400315",364,3,12,3,"10:48 PM","7:41",null,null,"MISS Smith Free Throw 2 of 2",null,null],["0041400315",366,4,0,3,"10:48 PM","7:39","Iguodala REBOUND (Off:1 Def:2)",null,null,null,null],["0041400315",367,5,2,3,"10:49 PM","7:21","Bogut Lost Ball Turnover (P1.T13)",null,"Howard STEAL (1 STL)",null,null],["0041400315",368,10,0,3,"10:49 PM","7:20","Jump Ball Bogut vs. Howard: Tip to Smith",null,null,null,null],["0041400315",369,2,5,3,"10:49 PM","7:03","Green BLOCK (1 BLK)",null,"MISS Harden 2' Layup",null,null],["0041400315",370,4,0,3,"10:50 PM","7:01","Curry REBOUND (Off:1 Def:5)",null,null,null,null],["0041400315",371,1,42,3,"10:50 PM","6:55","Barbosa 1' Driving Layup (4 PTS) (Iguodala 4 AST)",null,null,"56 - 59","3"],["0041400315",372,6,2,3,"10:50 PM","6:42","Green S.FOUL (P3.PN) (E.Malloy)",null,null,null,null],["0041400315",373,3,11,3,"10:50 PM","6:42",null,null,"Smith Free Throw 1 of 2 (10 PTS)","57 - 59","2"],["0041400315",375,3,12,3,"10:50 PM","6:42",null,null,"Smith Free Throw 2 of 2 (11 PTS)","58 - 59","1"],["0041400315",377,2,79,3,"10:51 PM","6:22","MISS Barbosa 26' 3PT Pullup Jump Shot",null,null,null,null],["0041400315",378,4,0,3,"10:51 PM","6:22",null,null,"Howard REBOUND (Off:2 Def:9)",null,null],["0041400315",379,2,79,3,"10:51 PM","6:16",null,null,"MISS Smith 26' 3PT Pullup Jump Shot",null,null],["0041400315",380,4,0,3,"10:51 PM","6:15","Bogut REBOUND (Off:5 Def:9)",null,null,null,null],["0041400315",381,2,66,3,"10:51 PM","5:58","MISS Green 6' Jump Bank Shot",null,null,null,null],["0041400315",382,4,0,3,"10:51 PM","5:58",null,null,"Howard REBOUND (Off:2 Def:10)",null,null],["0041400315",383,5,1,3,"10:51 PM","5:54",null,null,"Howard Bad Pass Turnover (P2.T12)",null,null],["0041400315",384,1,1,3,"10:52 PM","5:40","Green 3' Jump Shot (6 PTS) (Iguodala 5 AST)",null,null,"58 - 61","3"],["0041400315",385,6,2,3,"10:52 PM","5:40",null,null,"Smith S.FOUL (P2.T1) (E.Malloy)",null,null],["0041400315",386,3,10,3,"10:52 PM","5:40","Green Free Throw 1 of 1 (7 PTS)",null,null,"58 - 62","4"],["0041400315",388,2,1,3,"10:53 PM","5:22",null,null,"MISS Howard 6' Jump Shot",null,null],["0041400315",389,4,0,3,"10:53 PM","5:21","Green REBOUND (Off:2 Def:5)",null,null,null,null],["0041400315",390,2,79,3,"10:53 PM","5:12","MISS Green 25' 3PT Pullup Jump Shot",null,null,null,null],["0041400315",391,4,0,3,"10:53 PM","5:12",null,null,"Rockets Rebound",null,null],["0041400315",392,5,2,3,"10:53 PM","4:52","Iguodala STEAL (2 STL)",null,"Harden Lost Ball Turnover (P8.T13)",null,null],["0041400315",393,6,2,3,"10:53 PM","4:49",null,null,"Ariza S.FOUL (P3.T2) (T.Brothers)",null,null],["0041400315",394,3,11,3,"10:54 PM","4:49","Barbosa Free Throw 1 of 2 (5 PTS)",null,null,"58 - 63","5"],["0041400315",396,8,0,3,"10:54 PM","4:49",null,null,"SUB: Jones FOR Smith",null,null],["0041400315",397,3,12,3,"10:54 PM","4:49","Barbosa Free Throw 2 of 2 (6 PTS)",null,null,"58 - 64","6"],["0041400315",399,6,1,3,"10:55 PM","4:31","Curry P.FOUL (P2.PN) (T.Brothers)",null,null,null,null],["0041400315",401,3,11,3,"10:56 PM","4:31",null,null,"Terry Free Throw 1 of 2 (6 PTS)","59 - 64","5"],["0041400315",403,3,12,3,"10:56 PM","4:31",null,null,"Terry Free Throw 2 of 2 (7 PTS)","60 - 64","4"],["0041400315",405,5,1,3,"10:56 PM","4:17","Green Bad Pass Turnover (P2.T14)",null,null,null,null],["0041400315",407,5,41,3,"10:57 PM","3:55",null,null,"Harden Poss Lost Ball Turnover (P9.T14)",null,null],["0041400315",406,6,3,3,"10:57 PM","3:55",null,null,"Harden L.B.FOUL (P1.T3) (K.Mauer)",null,null],["0041400315",408,1,42,3,"10:57 PM","3:35","Curry 3' Driving Layup (16 PTS)",null,null,"60 - 66","6"],["0041400315",409,1,1,3,"10:57 PM","3:21",null,null,"Terry 24' 3PT Jump Shot (10 PTS) (Ariza 2 AST)","63 - 66","3"],["0041400315",410,6,2,3,"10:58 PM","3:06",null,null,"Ariza S.FOUL (P4.T4) (T.Brothers)",null,null],["0041400315",411,3,11,3,"10:58 PM","3:06","Barbosa Free Throw 1 of 2 (7 PTS)",null,null,"63 - 67","4"],["0041400315",413,8,0,3,"10:58 PM","3:06",null,null,"SUB: Brewer FOR Ariza",null,null],["0041400315",414,8,0,3,"10:58 PM","3:06",null,null,"SUB: Capela FOR Howard",null,null],["0041400315",415,8,0,3,"10:58 PM","3:06","SUB: Ezeli FOR Bogut",null,null,null,null],["0041400315",417,3,12,3,"10:59 PM","3:06","MISS Barbosa Free Throw 2 of 2",null,null,null,null],["0041400315",419,4,0,3,"10:59 PM","3:05",null,null,"Brewer REBOUND (Off:0 Def:1)",null,null],["0041400315",421,1,82,3,"10:59 PM","2:47",null,null,"Terry 4' Driving Bank Shot (12 PTS) (Harden 4 AST)","65 - 67","2"],["0041400315",423,9,1,3,"10:59 PM","2:33",null,null,"Rockets Timeout: Regular (Reg.3 Short 1)",null,null],["0041400315",425,6,28,3,"11:03 PM","2:32",null,null,"Capela Personal Take Foul (P1.PN) (K.Mauer)",null,null],["0041400315",426,3,11,3,"11:03 PM","2:32","Ezeli Free Throw 1 of 2 (5 PTS)",null,null,"65 - 68","3"],["0041400315",428,8,0,3,"11:03 PM","2:32",null,null,"SUB: Ariza FOR Capela",null,null],["0041400315",429,3,12,3,"11:03 PM","2:32","Ezeli Free Throw 2 of 2 (6 PTS)",null,null,"65 - 69","4"],["0041400315",431,2,1,3,"11:04 PM","2:15",null,null,"MISS Ariza 26' 3PT Jump Shot",null,null],["0041400315",432,4,0,3,"11:04 PM","2:14",null,null,"Harden REBOUND (Off:2 Def:3)",null,null],["0041400315",433,2,1,3,"11:04 PM","2:12",null,null,"MISS Jones 26' 3PT Jump Shot",null,null],["0041400315",434,4,0,3,"11:04 PM","2:09","Green REBOUND (Off:2 Def:6)",null,null,null,null],["0041400315",435,1,79,3,"11:04 PM","1:56","Curry 27' 3PT Pullup Jump Shot (19 PTS) (Green 3 AST)",null,null,"65 - 72","7"],["0041400315",436,2,1,3,"11:04 PM","1:43",null,null,"MISS Ariza 16' Jump Shot",null,null],["0041400315",437,4,0,3,"11:05 PM","1:42","Barbosa REBOUND (Off:0 Def:2)",null,null,null,null],["0041400315",438,2,1,3,"11:05 PM","1:31","MISS Curry 28' 3PT Jump Shot",null,null,null,null],["0041400315",439,4,0,3,"11:05 PM","1:30",null,null,"Jones REBOUND (Off:0 Def:1)",null,null],["0041400315",440,2,1,3,"11:05 PM","1:23",null,null,"MISS Terry 25' 3PT Jump Shot",null,null],["0041400315",441,4,0,3,"11:05 PM","1:22",null,null,"Rockets Rebound",null,null],["0041400315",442,5,2,3,"11:05 PM","1:13","Iguodala STEAL (3 STL)",null,"Harden Lost Ball Turnover (P10.T15)",null,null],["0041400315",443,1,88,3,"11:05 PM","1:09","Iguodala  Driving Slam Dunk (4 PTS) (Green 4 AST)",null,null,"65 - 74","9"],["0041400315",444,6,2,3,"11:06 PM","0:53","Ezeli S.FOUL (P1.PN) (E.Malloy)",null,null,null,null],["0041400315",445,3,11,3,"11:06 PM","0:53",null,null,"MISS Harden Free Throw 1 of 2",null,null],["0041400315",446,4,1,3,"11:06 PM","0:53",null,null,"Rockets Rebound",null,null],["0041400315",447,3,12,3,"11:06 PM","0:53",null,null,"Harden Free Throw 2 of 2 (13 PTS)","66 - 74","8"],["0041400315",449,2,1,3,"11:07 PM","0:30","MISS Iguodala 18' Jump Shot",null,null,null,null],["0041400315",450,4,0,3,"11:07 PM","0:29",null,null,"Rockets Rebound",null,null],["0041400315",451,8,0,3,"11:07 PM","0:29",null,null,"SUB: Howard FOR Jones",null,null],["0041400315",452,6,28,3,"11:08 PM","0:24","Ezeli Personal Take Foul (P2.PN) (K.Mauer)",null,null,null,null],["0041400315",453,3,11,3,"11:08 PM","0:24",null,null,"Howard Free Throw 1 of 2 (15 PTS)","67 - 74","7"],["0041400315",455,3,12,3,"11:08 PM","0:24",null,null,"Howard Free Throw 2 of 2 (16 PTS)","68 - 74","6"],["0041400315",458,5,11,3,"11:09 PM","0:00","WARRIORS Turnover: Shot Clock (T#15)",null,null,null,null],["0041400315",459,13,0,3,"11:10 PM","0:00",null,null,null,"68 - 74","6"],["0041400315",461,12,0,4,"11:13 PM","12:00",null,null,null,"68 - 74","6"],["0041400315",462,6,1,4,"11:14 PM","11:44",null,null,"Jones P.FOUL (P1.T1) (T.Brothers)",null,null],["0041400315",463,8,0,4,"11:14 PM","11:44","SUB: Thompson FOR Curry",null,null,null,null],["0041400315",464,1,58,4,"11:14 PM","11:37","Ezeli 5' Turnaround Hook Shot (8 PTS) (Thompson 3 AST)",null,null,"68 - 76","8"],["0041400315",465,6,1,4,"11:15 PM","11:21","Livingston P.FOUL (P2.T1) (K.Mauer)",null,null,null,null],["0041400315",466,2,58,4,"11:15 PM","11:15",null,null,"MISS Howard 6' Turnaround Hook Shot",null,null],["0041400315",467,4,0,4,"11:15 PM","11:14","Livingston REBOUND (Off:0 Def:1)",null,null,null,null],["0041400315",468,2,80,4,"11:15 PM","10:50","MISS Barnes 21' Step Back Jump Shot",null,null,null,null],["0041400315",469,4,0,4,"11:15 PM","10:49",null,null,"Brewer REBOUND (Off:0 Def:2)",null,null],["0041400315",470,1,42,4,"11:16 PM","10:42",null,null,"Brewer 3' Driving Layup (8 PTS)","70 - 76","6"],["0041400315",471,10,0,4,"11:16 PM","10:27","Jump Ball Ezeli vs. Jones: Tip to Livingston",null,null,null,null],["0041400315",472,2,1,4,"11:16 PM","10:21","MISS Livingston 11' Jump Shot",null,null,null,null],["0041400315",473,4,0,4,"11:16 PM","10:21",null,null,"Howard REBOUND (Off:2 Def:11)",null,null],["0041400315",474,5,2,4,"11:17 PM","10:12","Barnes STEAL (1 STL)",null,"Terry Lost Ball Turnover (P2.T16)",null,null],["0041400315",475,1,88,4,"11:17 PM","10:07","Iguodala  Driving Slam Dunk (6 PTS) (Thompson 4 AST)",null,null,"70 - 78","8"],["0041400315",476,2,1,4,"11:17 PM","9:50",null,null,"MISS Brewer 6' Jump Shot",null,null],["0041400315",477,4,0,4,"11:17 PM","9:48",null,null,"Howard REBOUND (Off:3 Def:11)",null,null],["0041400315",478,5,1,4,"11:17 PM","9:46",null,null,"Howard Bad Pass Turnover (P3.T17)",null,null],["0041400315",479,8,0,4,"11:17 PM","9:46",null,null,"SUB: Harden FOR Terry",null,null],["0041400315",480,2,1,4,"11:18 PM","9:34","MISS Barnes 8' Jump Shot",null,null,null,null],["0041400315",481,4,0,4,"11:18 PM","9:33","Barnes REBOUND (Off:3 Def:2)",null,null,null,null],["0041400315",482,6,1,4,"11:18 PM","9:31",null,null,"Ariza P.FOUL (P5.T2) (E.Malloy)",null,null],["0041400315",483,9,2,4,"11:18 PM","9:31","WARRIORS Timeout: Short (Full 3 Short 1)",null,null,null,null],["0041400315",485,8,0,4,"11:19 PM","9:31","SUB: Curry FOR Thompson",null,null,null,null],["0041400315",486,1,79,4,"11:20 PM","9:12","Barnes 17' Pullup Jump Shot (13 PTS)",null,null,"70 - 80","10"],["0041400315",487,1,42,4,"11:20 PM","8:57",null,null,"Brewer 1' Driving Layup (10 PTS) (Ariza 3 AST)","72 - 80","8"],["0041400315",488,1,79,4,"11:21 PM","8:38","Barnes  3PT Pullup Jump Shot (16 PTS) (Iguodala 6 AST)",null,null,"72 - 83","11"],["0041400315",489,2,66,4,"11:21 PM","8:22",null,null,"MISS Brewer 9' Jump Bank Shot",null,null],["0041400315",490,4,0,4,"11:21 PM","8:21","Barnes REBOUND (Off:3 Def:3)",null,null,null,null],["0041400315",491,1,56,4,"11:21 PM","8:05","Barnes 6' Running Hook Shot (18 PTS) (Ezeli 1 AST)",null,null,"72 - 85","13"],["0041400315",492,9,1,4,"11:21 PM","8:04",null,null,"Rockets Timeout: Regular (Reg.4 Short 1)",null,null],["0041400315",494,8,0,4,"11:23 PM","8:04",null,null,"SUB: Terry FOR Jones",null,null],["0041400315",495,2,1,4,"11:25 PM","7:52",null,null,"MISS Harden 26' 3PT Jump Shot",null,null],["0041400315",496,4,0,4,"11:25 PM","7:51","Barnes REBOUND (Off:3 Def:4)",null,null,null,null],["0041400315",497,6,1,4,"11:25 PM","7:37",null,null,"Harden P.FOUL (P2.T3) (T.Brothers)",null,null],["0041400315",498,2,1,4,"11:26 PM","7:23","MISS Barnes 8' Jump Shot",null,null,null,null],["0041400315",499,4,0,4,"11:26 PM","7:21",null,null,"Howard REBOUND (Off:3 Def:12)",null,null],["0041400315",500,5,2,4,"11:26 PM","7:18","Curry STEAL (5 STL)",null,"Harden Lost Ball Turnover (P11.T18)",null,null],["0041400315",501,1,88,4,"11:26 PM","7:10","Barnes  Driving Slam Dunk (20 PTS) (Curry 5 AST)",null,null,"72 - 87","15"],["0041400315",502,2,5,4,"11:26 PM","6:56",null,null,"MISS Brewer 3' Layup",null,null],["0041400315",504,4,0,4,"11:26 PM","6:54",null,null,"Brewer REBOUND (Off:1 Def:2)",null,null],["0041400315",503,1,4,4,"11:26 PM","6:54",null,null,"Brewer 2' Tip Shot (12 PTS)","74 - 87","13"],["0041400315",505,1,8,4,"11:26 PM","6:43","Ezeli  Slam Dunk (10 PTS)",null,null,"74 - 89","15"],["0041400315",506,2,5,4,"11:27 PM","6:27",null,null,"MISS Harden 1' Layup",null,null],["0041400315",507,4,0,4,"11:27 PM","6:26","Iguodala REBOUND (Off:1 Def:3)",null,null,null,null],["0041400315",508,2,47,4,"11:27 PM","6:07","MISS Barnes 17' Turnaround Jump Shot",null,null,null,null],["0041400315",509,4,0,4,"11:27 PM","6:06",null,null,"Terry REBOUND (Off:0 Def:2)",null,null],["0041400315",510,6,2,4,"11:27 PM","5:59","Curry S.FOUL (P3.T2) (E.Malloy)",null,null,null,null],["0041400315",511,9,4,4,"11:28 PM","5:59",null,null,null,null,null],["0041400315",513,3,11,4,"11:30 PM","5:59",null,null,"Brewer Free Throw 1 of 2 (13 PTS)","75 - 89","14"],["0041400315",515,3,12,4,"11:30 PM","5:59",null,null,"Brewer Free Throw 2 of 2 (14 PTS)","76 - 89","13"],["0041400315",517,5,1,4,"11:31 PM","5:51","Iguodala Bad Pass Turnover (P2.T16)",null,"Brewer STEAL (1 STL)",null,null],["0041400315",518,1,8,4,"11:31 PM","5:45",null,null,"Brewer  Slam Dunk (16 PTS)","78 - 89","11"],["0041400315",519,5,1,4,"11:31 PM","5:32","Curry Bad Pass Turnover (P3.T17)",null,"Howard STEAL (2 STL)",null,null],["0041400315",520,2,79,4,"11:31 PM","5:27",null,null,"MISS Terry 27' 3PT Pullup Jump Shot",null,null],["0041400315",521,4,0,4,"11:31 PM","5:26","Ezeli REBOUND (Off:4 Def:4)",null,null,null,null],["0041400315",522,2,63,4,"11:31 PM","5:05","MISS Iguodala 14' Fadeaway Jumper",null,null,null,null],["0041400315",523,4,0,4,"11:31 PM","5:04",null,null,"Ariza REBOUND (Off:1 Def:2)",null,null],["0041400315",524,1,8,4,"11:32 PM","4:49",null,null,"Howard  Slam Dunk (18 PTS) (Brewer 1 AST)","80 - 89","9"],["0041400315",525,9,1,4,"11:32 PM","4:49","WARRIORS Timeout: Regular (Full 4 Short 1)",null,null,null,null],["0041400315",526,8,0,4,"11:34 PM","4:49","SUB: Green FOR Livingston",null,null,null,null],["0041400315",527,2,1,4,"11:35 PM","4:28","MISS Green 25' 3PT Jump Shot",null,null,null,null],["0041400315",529,4,0,4,"11:35 PM","4:27","Ezeli REBOUND (Off:5 Def:4)",null,null,null,null],["0041400315",528,1,92,4,"11:35 PM","4:27","Ezeli  Putback Slam Dunk (12 PTS)",null,null,"80 - 91","11"],["0041400315",530,6,2,4,"11:35 PM","4:19","Green S.FOUL (P4.T3) (E.Malloy)",null,null,null,null],["0041400315",531,3,13,4,"11:36 PM","4:19",null,null,"Ariza Free Throw 1 of 3 (11 PTS)","81 - 91","10"],["0041400315",533,3,14,4,"11:36 PM","4:19",null,null,"Ariza Free Throw 2 of 3 (12 PTS)","82 - 91","9"],["0041400315",535,3,15,4,"11:36 PM","4:19",null,null,"Ariza Free Throw 3 of 3 (13 PTS)","83 - 91","8"],["0041400315",537,6,2,4,"11:37 PM","4:00",null,null,"Howard S.FOUL (P2.T4) (E.Malloy)",null,null],["0041400315",538,3,11,4,"11:37 PM","4:00","Barnes Free Throw 1 of 2 (21 PTS)",null,null,"83 - 92","9"],["0041400315",540,3,12,4,"11:37 PM","4:00","Barnes Free Throw 2 of 2 (22 PTS)",null,null,"83 - 93","10"],["0041400315",542,2,79,4,"11:37 PM","3:53",null,null,"MISS Ariza 26' 3PT Pullup Jump Shot",null,null],["0041400315",543,4,0,4,"11:38 PM","3:52","Curry REBOUND (Off:1 Def:6)",null,null,null,null],["0041400315",544,1,88,4,"11:38 PM","3:49","Barnes  Driving Slam Dunk (24 PTS) (Curry 6 AST)",null,null,"83 - 95","12"],["0041400315",545,6,4,4,"11:38 PM","3:35",null,null,"Howard OFF.Foul (P3) (T.Brothers)",null,null],["0041400315",546,5,5,4,"11:38 PM","3:35",null,null,"Howard Foul Turnover (P4.T19)",null,null],["0041400315",548,18,0,4,"11:39 PM","3:35",null,null,null,null,null],["0041400315",550,1,78,4,"11:41 PM","3:24","Curry 10' Floating Jump Shot (21 PTS)",null,null,"83 - 97","14"],["0041400315",551,6,2,4,"11:41 PM","3:15","Ezeli S.FOUL (P3.T4) (E.Malloy)",null,null,null,null],["0041400315",552,3,11,4,"11:41 PM","3:15",null,null,"Harden Free Throw 1 of 2 (14 PTS)","84 - 97","13"],["0041400315",554,3,12,4,"11:42 PM","3:15",null,null,"MISS Harden Free Throw 2 of 2",null,null],["0041400315",556,4,0,4,"11:42 PM","3:13","Green REBOUND (Off:2 Def:7)",null,null,null,null],["0041400315",557,2,79,4,"11:42 PM","2:59","MISS Curry 27' 3PT Pullup Jump Shot",null,null,null,null],["0041400315",558,4,0,4,"11:42 PM","2:59",null,null,"Rockets Rebound",null,null],["0041400315",559,2,1,4,"11:42 PM","2:47",null,null,"MISS Brewer 19' Jump Shot",null,null],["0041400315",560,4,0,4,"11:42 PM","2:46","Green REBOUND (Off:2 Def:8)",null,null,null,null],["0041400315",561,5,1,4,"11:43 PM","2:31","Green Bad Pass Turnover (P3.T18)",null,null,null,null],["0041400315",562,1,49,4,"11:43 PM","2:19",null,null,"Ariza 1' Driving Dunk (15 PTS) (Harden 5 AST)","86 - 97","11"],["0041400315",563,2,1,4,"11:43 PM","2:00","MISS Barnes 18' Jump Shot",null,null,null,null],["0041400315",564,4,0,4,"11:43 PM","1:59",null,null,"Howard REBOUND (Off:3 Def:13)",null,null],["0041400315",565,2,1,4,"11:43 PM","1:49",null,null,"MISS Terry 12' Jump Shot",null,null],["0041400315",566,4,0,4,"11:43 PM","1:48","Green REBOUND (Off:2 Def:9)",null,null,null,null],["0041400315",567,6,1,4,"11:44 PM","1:38",null,null,"Terry P.FOUL (P3.PN) (K.Mauer)",null,null],["0041400315",568,18,0,4,"11:44 PM","1:38",null,null,null,null,null],["0041400315",569,3,11,4,"11:45 PM","1:38","MISS Iguodala Free Throw 1 of 2",null,null,null,null],["0041400315",570,4,1,4,"11:45 PM","1:38","WARRIORS Rebound",null,null,null,null],["0041400315",571,3,12,4,"11:46 PM","1:38","MISS Iguodala Free Throw 2 of 2",null,null,null,null],["0041400315",573,4,0,4,"11:46 PM","1:37",null,null,"Ariza REBOUND (Off:1 Def:3)",null,null],["0041400315",574,9,1,4,"11:46 PM","1:37",null,null,"Rockets Timeout: Regular (Reg.5 Short 1)",null,null],["0041400315",576,1,63,4,"11:48 PM","1:35",null,null,"Terry 13' Fadeaway Jumper (14 PTS) (Ariza 4 AST)","88 - 97","9"],["0041400315",577,6,28,4,"11:48 PM","1:34",null,null,"Harden Personal Take Foul (P3.PN) (K.Mauer)",null,null],["0041400315",578,3,11,4,"11:48 PM","1:34","MISS Iguodala Free Throw 1 of 2",null,null,null,null],["0041400315",579,4,1,4,"11:48 PM","1:34","WARRIORS Rebound",null,null,null,null],["0041400315",580,3,12,4,"11:48 PM","1:34","MISS Iguodala Free Throw 2 of 2",null,null,null,null],["0041400315",583,4,0,4,"11:49 PM","1:33","Green REBOUND (Off:3 Def:9)",null,null,null,null],["0041400315",582,2,4,4,"11:49 PM","1:33","MISS Green 2' Tip Shot",null,null,null,null],["0041400315",584,4,0,4,"11:49 PM","1:32",null,null,"Ariza REBOUND (Off:1 Def:4)",null,null],["0041400315",585,9,2,4,"11:49 PM","1:32",null,null,"Rockets Timeout: Short (Reg.5 Short 2)",null,null],["0041400315",586,2,1,4,"11:50 PM","1:29",null,null,"MISS Terry 24' 3PT Jump Shot",null,null],["0041400315",587,4,0,4,"11:50 PM","1:28",null,null,"Ariza REBOUND (Off:2 Def:4)",null,null],["0041400315",588,2,1,4,"11:50 PM","1:26",null,null,"MISS Terry 26' 3PT Jump Shot",null,null],["0041400315",589,4,0,4,"11:50 PM","1:25","WARRIORS Rebound",null,null,null,null],["0041400315",590,8,0,4,"11:50 PM","1:25","SUB: Livingston FOR Iguodala",null,null,null,null],["0041400315",591,2,1,4,"11:51 PM","1:16","MISS Curry 6' Jump Shot",null,null,null,null],["0041400315",593,4,0,4,"11:51 PM","1:16","Green REBOUND (Off:4 Def:9)",null,null,null,null],["0041400315",592,1,4,4,"11:51 PM","1:16","Green 2' Tip Shot (9 PTS)",null,null,"88 - 99","11"],["0041400315",594,2,79,4,"11:51 PM","1:09",null,null,"MISS Harden 29' 3PT Pullup Jump Shot",null,null],["0041400315",595,4,0,4,"11:51 PM","1:07","Curry REBOUND (Off:1 Def:7)",null,null,null,null],["0041400315",596,6,28,4,"11:51 PM","1:04",null,null,"Harden Personal Take Foul (P4.PN) (T.Brothers)",null,null],["0041400315",597,3,11,4,"11:51 PM","1:04","Curry Free Throw 1 of 2 (22 PTS)",null,null,"88 - 100","12"],["0041400315",599,3,12,4,"11:51 PM","1:04","Curry Free Throw 2 of 2 (23 PTS)",null,null,"88 - 101","13"],["0041400315",601,1,63,4,"11:52 PM","0:53",null,null,"Terry 16' Fadeaway Jumper (16 PTS)","90 - 101","11"],["0041400315",602,6,28,4,"11:52 PM","0:45",null,null,"Brewer Personal Take Foul (P4.PN) (T.Brothers)",null,null],["0041400315",603,3,11,4,"11:52 PM","0:45","MISS Curry Free Throw 1 of 2",null,null,null,null],["0041400315",604,4,1,4,"11:52 PM","0:45","WARRIORS Rebound",null,null,null,null],["0041400315",605,3,12,4,"11:53 PM","0:45","MISS Curry Free Throw 2 of 2",null,null,null,null],["0041400315",606,4,0,4,"11:53 PM","0:43",null,null,"Harden REBOUND (Off:2 Def:4)",null,null],["0041400315",607,5,40,4,"11:53 PM","0:38",null,null,"Harden Out of Bounds Lost Ball Turnover (P12.T20)",null,null],["0041400315",608,6,2,4,"11:54 PM","0:17",null,null,"Harden S.FOUL (P5.PN) (E.Malloy)",null,null],["0041400315",610,18,0,4,"11:54 PM","0:17",null,null,null,null,null],["0041400315",611,3,13,4,"11:55 PM","0:17","Curry Free Throw 1 of 3 (24 PTS)",null,null,"90 - 102","12"],["0041400315",613,3,14,4,"11:55 PM","0:17","Curry Free Throw 2 of 3 (25 PTS)",null,null,"90 - 103","13"],["0041400315",615,3,15,4,"11:55 PM","0:17","Curry Free Throw 3 of 3 (26 PTS)",null,null,"90 - 104","14"],["0041400315",617,13,0,4,"11:56 PM","0:00",null,null,null,"90 - 104","14"]]},{"name":"AvailableVideo","headers":["VIDEO_AVAILABLE_FLAG"],"rowSet":[[1]]}]}