{"resource":"playbyplay","parameters":{"GameID":"0041400125","StartPeriod":0,"EndPeriod":14},"resultSets":[{"name":"PlayByPlay","headers":["GAME_ID","EVENTNUM","EVENTMSGTYPE","EVENTMSGACTIONTYPE","PERIOD","WCTIMESTRING","PCTIMESTRING","HOMEDESCRIPTION","NEUTRALDESCRIPTION","VISITORDESCRIPTION","SCORE","SCOREMARGIN"],"rowSet":[["0041400125",0,12,0,1,"8:11 PM","12:00",null,null,null,null,null],["0041400125",1,10,0,1,"8:11 PM","12:00","Jump Ball Gasol vs. Pachulia: Tip to Noah",null,null,null,null],["0041400125",2,2,1,1,"8:11 PM","11:43","MISS Dunleavy 26' 3PT Jump Shot",null,null,null,null],["0041400125",3,4,0,1,"8:11 PM","11:42",null,null,"Pachulia REBOUND (Off:0 Def:1)",null,null],["0041400125",4,1,42,1,"8:11 PM","11:27",null,null,"Carter-Williams 1' Driving Layup (2 PTS)","2 - 0","-2"],["0041400125",5,2,1,1,"8:12 PM","10:59","MISS Dunleavy 19' Jump Shot",null,null,null,null],["0041400125",6,4,0,1,"8:12 PM","10:58",null,null,"Pachulia REBOUND (Off:0 Def:2)",null,null],["0041400125",7,2,1,1,"8:12 PM","10:44",null,null,"MISS Pachulia 18' Jump Shot",null,null],["0041400125",8,4,0,1,"8:12 PM","10:43",null,null,"Pachulia REBOUND (Off:1 Def:2)",null,null],["0041400125",9,2,1,1,"8:12 PM","10:18",null,null,"MISS Ilyasova 18' Jump Shot",null,null],["0041400125",10,4,0,1,"8:13 PM","10:17","Rose REBOUND (Off:0 Def:1)",null,null,null,null],["0041400125",11,2,1,1,"8:13 PM","9:58","MISS Gasol 18' Jump Shot",null,null,null,null],["0041400125",12,4,0,1,"8:13 PM","9:57","Butler REBOUND (Off:1 Def:0)",null,null,null,null],["0041400125",13,2,86,1,"8:13 PM","9:53","MISS Butler 18' Turnaround Fadeaway Shot",null,null,null,null],["0041400125",14,4,0,1,"8:13 PM","9:52",null,null,"Pachulia REBOUND (Off:1 Def:3)",null,null],["0041400125",15,1,1,1,"8:13 PM","9:43",null,null,"Middleton 21' Jump Shot (2 PTS) (Carter-Williams 1 AST)","4 - 0","-4"],["0041400125",16,2,1,1,"8:13 PM","9:29","MISS Rose 26' 3PT Jump Shot",null,null,null,null],["0041400125",17,4,0,1,"8:13 PM","9:29",null,null,"Bucks Rebound",null,null],["0041400125",18,1,66,1,"8:14 PM","9:17",null,null,"Carter-Williams 7' Jump Bank Shot (4 PTS)","6 - 0","-6"],["0041400125",19,2,1,1,"8:14 PM","8:55","MISS Gasol 4' Jump Shot",null,null,null,null],["0041400125",20,4,0,1,"8:14 PM","8:52","Butler REBOUND (Off:2 Def:0)",null,null,null,null],["0041400125",21,2,1,1,"8:14 PM","8:40","MISS Noah 5' Jump Shot",null,null,null,null],["0041400125",22,4,0,1,"8:14 PM","8:38",null,null,"Pachulia REBOUND (Off:1 Def:4)",null,null],["0041400125",23,2,1,1,"8:15 PM","8:23",null,null,"MISS Pachulia 19' Jump Shot",null,null],["0041400125",24,4,0,1,"8:15 PM","8:22",null,null,"Ilyasova REBOUND (Off:1 Def:0)",null,null],["0041400125",25,2,5,1,"8:15 PM","8:09","Noah BLOCK (1 BLK)",null,"MISS Pachulia 2' Layup",null,null],["0041400125",26,4,0,1,"8:15 PM","8:07",null,null,"Pachulia REBOUND (Off:2 Def:4)",null,null],["0041400125",27,1,1,1,"8:15 PM","8:04",null,null,"Middleton 24' 3PT Jump Shot (5 PTS) (Pachulia 1 AST)","9 - 0","-9"],["0041400125",28,9,2,1,"8:15 PM","7:59","BULLS Timeout: Short (Full 0 Short 1)",null,null,null,null],["0041400125",29,2,5,1,"8:16 PM","7:43","MISS Rose 2' Layup",null,"Ilyasova BLOCK (1 BLK)",null,null],["0041400125",30,4,0,1,"8:16 PM","7:41",null,null,"Carter-Williams REBOUND (Off:0 Def:1)",null,null],["0041400125",31,2,1,1,"8:16 PM","7:37",null,null,"MISS Middleton 25' 3PT Jump Shot",null,null],["0041400125",32,4,0,1,"8:16 PM","7:36",null,null,"Bucks Rebound",null,null],["0041400125",33,6,1,1,"8:17 PM","7:31","Dunleavy P.FOUL (P1.T1) (J.Crawford)",null,null,null,null],["0041400125",34,5,1,1,"8:17 PM","7:19","Gasol STEAL (1 STL)",null,"Ilyasova Bad Pass Turnover (P1.T1)",null,null],["0041400125",35,1,5,1,"8:17 PM","7:09","Noah 1' Layup (2 PTS) (Butler 1 AST)",null,null,"9 - 2","-7"],["0041400125",36,2,1,1,"8:18 PM","6:50",null,null,"MISS Ilyasova 24' 3PT Jump Shot",null,null],["0041400125",37,4,0,1,"8:18 PM","6:49","Gasol REBOUND (Off:0 Def:1)",null,null,null,null],["0041400125",38,1,1,1,"8:18 PM","6:40","Gasol 16' Jump Shot (2 PTS) (Rose 1 AST)",null,null,"9 - 4","-5"],["0041400125",39,5,2,1,"8:18 PM","6:23","Rose STEAL (1 STL)",null,"Carter-Williams Lost Ball Turnover (P1.T2)",null,null],["0041400125",40,6,2,1,"8:18 PM","6:19",null,null,"Pachulia S.FOUL (P1.T1) (J.Crawford)",null,null],["0041400125",41,3,11,1,"8:18 PM","6:19","Rose Free Throw 1 of 2 (1 PTS)",null,null,"9 - 5","-4"],["0041400125",43,3,12,1,"8:19 PM","6:19","Rose Free Throw 2 of 2 (2 PTS)",null,null,"9 - 6","-3"],["0041400125",45,2,1,1,"8:19 PM","6:00",null,null,"MISS Antetokounmpo 10' Jump Shot",null,null],["0041400125",46,4,0,1,"8:19 PM","6:00","BULLS Rebound",null,null,null,null],["0041400125",47,1,5,1,"8:20 PM","5:46","Rose 1' Layup (4 PTS) (Noah 1 AST)",null,null,"9 - 8","-1"],["0041400125",48,2,5,1,"8:20 PM","5:34","Gasol BLOCK (1 BLK)",null,"MISS Carter-Williams 2' Layup",null,null],["0041400125",49,4,0,1,"8:20 PM","5:32","Gasol REBOUND (Off:0 Def:2)",null,null,null,null],["0041400125",51,9,1,1,"8:20 PM","5:31","BULLS Timeout: Regular (Full 1 Short 1)",null,null,null,null],["0041400125",52,2,1,1,"8:23 PM","5:19","MISS Butler 4' Jump Shot",null,"Antetokounmpo BLOCK (1 BLK)",null,null],["0041400125",53,4,0,1,"8:23 PM","5:18","Butler REBOUND (Off:3 Def:0)",null,null,null,null],["0041400125",54,6,1,1,"8:24 PM","5:18",null,null,"Carter-Williams P.FOUL (P1.T2) (S.Corbin)",null,null],["0041400125",55,1,1,1,"8:24 PM","5:04","Butler 25' 3PT Jump Shot (3 PTS) (Noah 2 AST)",null,null,"9 - 11","2"],["0041400125",56,1,82,1,"8:24 PM","4:45",null,null,"Carter-Williams 4' Driving Bank Shot (6 PTS)","11 - 11","TIE"],["0041400125",57,2,1,1,"8:25 PM","4:19","MISS Butler 19' Jump Shot",null,null,null,null],["0041400125",58,4,0,1,"8:25 PM","4:18",null,null,"Carter-Williams REBOUND (Off:0 Def:2)",null,null],["0041400125",59,2,44,1,"8:25 PM","4:11",null,null,"MISS Ilyasova 2' Reverse Layup",null,null],["0041400125",60,4,0,1,"8:25 PM","4:10","Noah REBOUND (Off:0 Def:1)",null,null,null,null],["0041400125",61,1,44,1,"8:25 PM","4:03","Gasol 1' Reverse Layup (4 PTS) (Butler 2 AST)",null,null,"11 - 13","2"],["0041400125",62,2,1,1,"8:25 PM","3:49",null,null,"MISS Carter-Williams 18' Jump Shot",null,null],["0041400125",63,4,0,1,"8:25 PM","3:48","Gasol REBOUND (Off:0 Def:3)",null,null,null,null],["0041400125",64,5,2,1,"8:26 PM","3:39","Rose Lost Ball Turnover (P1.T1)",null,"Middleton STEAL (1 STL)",null,null],["0041400125",65,2,5,1,"8:26 PM","3:35","Butler BLOCK (1 BLK)",null,"MISS Middleton 2' Layup",null,null],["0041400125",66,4,0,1,"8:26 PM","3:33",null,null,"Middleton REBOUND (Off:1 Def:0)",null,null],["0041400125",67,1,1,1,"8:26 PM","3:26",null,null,"Pachulia 14' Jump Shot (2 PTS) (Middleton 1 AST)","13 - 13","TIE"],["0041400125",68,1,41,1,"8:26 PM","3:06","Butler 2' Running Layup (5 PTS) (Noah 3 AST)",null,null,"13 - 15","2"],["0041400125",69,2,1,1,"8:26 PM","2:53",null,null,"MISS Pachulia 13' Jump Shot",null,null],["0041400125",70,4,0,1,"8:26 PM","2:52","Gasol REBOUND (Off:0 Def:4)",null,null,null,null],["0041400125",71,6,2,1,"8:27 PM","2:43",null,null,"Ilyasova S.FOUL (P1.T3) (S.Corbin)",null,null],["0041400125",72,9,1,1,"8:27 PM","2:43",null,null,"Bucks Timeout: Regular (Reg.1 Short 0)",null,null],["0041400125",73,8,0,1,"8:29 PM","2:43","SUB: Gibson FOR Noah",null,null,null,null],["0041400125",74,8,0,1,"8:29 PM","2:43",null,null,"SUB: Dudley FOR Ilyasova",null,null],["0041400125",75,8,0,1,"8:29 PM","2:43",null,null,"SUB: Henson FOR Pachulia",null,null],["0041400125",76,3,11,1,"8:29 PM","2:43","Butler Free Throw 1 of 2 (6 PTS)",null,null,"13 - 16","3"],["0041400125",78,3,12,1,"8:30 PM","2:43","MISS Butler Free Throw 2 of 2",null,null,null,null],["0041400125",80,4,0,1,"8:30 PM","2:40",null,null,"Henson REBOUND (Off:0 Def:1)",null,null],["0041400125",81,5,40,1,"8:31 PM","2:23",null,null,"Antetokounmpo Out of Bounds Lost Ball Turnover (P1.T3)",null,null],["0041400125",82,1,47,1,"8:31 PM","2:07","Gibson 5' Turnaround Jump Shot (2 PTS) (Gasol 1 AST)",null,null,"13 - 18","5"],["0041400125",83,6,4,1,"8:31 PM","1:59",null,null,"Antetokounmpo OFF.Foul (P1) (S.Corbin)",null,null],["0041400125",84,5,5,1,"8:31 PM","1:59",null,null,"Antetokounmpo Foul Turnover (P2.T4)",null,null],["0041400125",86,1,47,1,"8:32 PM","1:42","Gibson 4' Turnaround Jump Shot (4 PTS) (Gasol 2 AST)",null,null,"13 - 20","7"],["0041400125",87,6,2,1,"8:32 PM","1:42",null,null,"Dudley S.FOUL (P1.T4) (S.Wright)",null,null],["0041400125",88,8,0,1,"8:32 PM","1:42",null,null,"SUB: Mayo FOR Antetokounmpo",null,null],["0041400125",89,3,10,1,"8:32 PM","1:42","Gibson Free Throw 1 of 1 (5 PTS)",null,null,"13 - 21","8"],["0041400125",91,6,1,1,"8:33 PM","1:32","Gasol P.FOUL (P1.T2) (S.Wright)",null,null,null,null],["0041400125",92,8,0,1,"8:33 PM","1:32","SUB: Hinrich FOR Butler",null,null,null,null],["0041400125",93,7,5,1,"8:33 PM","1:31","Gasol Violation:Kicked Ball (.)",null,null,null,null],["0041400125",94,2,5,1,"8:33 PM","1:22",null,null,"MISS Henson 3' Layup",null,null],["0041400125",95,4,0,1,"8:33 PM","1:21",null,null,"Henson REBOUND (Off:1 Def:1)",null,null],["0041400125",96,2,1,1,"8:34 PM","1:14",null,null,"MISS Mayo 25' 3PT Jump Shot",null,null],["0041400125",97,4,0,1,"8:34 PM","1:14",null,null,"Bucks Rebound",null,null],["0041400125",98,1,5,1,"8:34 PM","1:13",null,null,"Middleton 2' Layup (7 PTS) (Carter-Williams 2 AST)","15 - 21","6"],["0041400125",99,6,2,1,"8:34 PM","1:13","Dunleavy S.FOUL (P2.PN) (J.Crawford)",null,null,null,null],["0041400125",100,3,10,1,"8:34 PM","1:13",null,null,"Middleton Free Throw 1 of 1 (8 PTS)","16 - 21","5"],["0041400125",103,6,2,1,"8:35 PM","1:01",null,null,"Dudley S.FOUL (P2.PN) (J.Crawford)",null,null],["0041400125",104,3,11,1,"8:35 PM","1:01","Gibson Free Throw 1 of 2 (6 PTS)",null,null,"16 - 22","6"],["0041400125",106,8,0,1,"8:35 PM","1:01",null,null,"SUB: Ilyasova FOR Dudley",null,null],["0041400125",107,8,0,1,"8:35 PM","1:01","SUB: Mirotic FOR Dunleavy",null,null,null,null],["0041400125",108,3,12,1,"8:35 PM","1:01","MISS Gibson Free Throw 2 of 2",null,null,null,null],["0041400125",110,4,0,1,"8:36 PM","0:59",null,null,"Mayo REBOUND (Off:0 Def:1)",null,null],["0041400125",112,2,42,1,"8:36 PM","0:52",null,null,"MISS Mayo 1' Driving Layup",null,null],["0041400125",114,4,0,1,"8:36 PM","0:52",null,null,"Henson REBOUND (Off:2 Def:1)",null,null],["0041400125",113,1,4,1,"8:36 PM","0:52",null,null,"Henson 1' Tip Shot (2 PTS)","18 - 22","4"],["0041400125",115,5,2,1,"8:36 PM","0:40","Rose Lost Ball Turnover (P2.T2)",null,"Henson STEAL (1 STL)",null,null],["0041400125",116,1,1,1,"8:36 PM","0:34",null,null,"Middleton 24' 3PT Jump Shot (11 PTS) (Carter-Williams 3 AST)","21 - 22","1"],["0041400125",118,5,2,1,"8:36 PM","0:23","Gasol Lost Ball Turnover (P1.T3)",null,"Middleton STEAL (2 STL)",null,null],["0041400125",119,1,5,1,"8:36 PM","0:20",null,null,"Middleton 1' Layup (13 PTS) (Mayo 1 AST)","23 - 22","-1"],["0041400125",120,2,46,1,"8:37 PM","0:02","MISS Hinrich 5' Running Jump Shot",null,null,null,null],["0041400125",122,4,0,1,"8:37 PM","0:01","Gibson REBOUND (Off:1 Def:0)",null,null,null,null],["0041400125",121,2,4,1,"8:37 PM","0:01","MISS Gibson 1' Tip Shot",null,null,null,null],["0041400125",123,4,0,1,"8:37 PM","0:00",null,null,"Ilyasova REBOUND (Off:1 Def:1)",null,null],["0041400125",125,13,0,1,"8:37 PM","0:00",null,null,null,"23 - 22","-1"],["0041400125",127,12,0,2,"8:40 PM","12:00",null,null,null,"23 - 22","-1"],["0041400125",128,1,8,2,"8:41 PM","11:45",null,null,"Henson  Slam Dunk (4 PTS) (Mayo 2 AST)","25 - 22","-3"],["0041400125",129,2,1,2,"8:41 PM","11:18","MISS Gibson 17' Jump Shot",null,null,null,null],["0041400125",130,4,0,2,"8:41 PM","11:17","Noah REBOUND (Off:1 Def:1)",null,null,null,null],["0041400125",131,1,1,2,"8:41 PM","11:13","Brooks 18' Jump Shot (2 PTS) (Noah 4 AST)",null,null,"25 - 24","-1"],["0041400125",132,2,5,2,"8:42 PM","10:57","Noah BLOCK (2 BLK)",null,"MISS Henson 2' Layup",null,null],["0041400125",133,4,0,2,"8:42 PM","10:57",null,null,"Bucks Rebound",null,null],["0041400125",134,1,1,2,"8:42 PM","10:47",null,null,"Middleton 21' Jump Shot (15 PTS)","27 - 24","-3"],["0041400125",135,7,1,2,"8:42 PM","10:46",null,null,"Bucks Violation: Delay of game Violation",null,null],["0041400125",136,6,1,2,"8:43 PM","10:37",null,null,"Mayo P.FOUL (P1.T1) (S.Corbin)",null,null],["0041400125",137,5,1,2,"8:43 PM","10:29","Butler Bad Pass Turnover (P1.T4)",null,null,null,null],["0041400125",138,6,1,2,"8:44 PM","10:20","Mirotic P.FOUL (P1.T1) (J.Crawford)",null,null,null,null],["0041400125",139,8,0,2,"8:44 PM","10:20","SUB: Snell FOR Gibson",null,null,null,null],["0041400125",140,2,1,2,"8:44 PM","10:07",null,null,"MISS Middleton 17' Jump Shot",null,null],["0041400125",141,4,0,2,"8:44 PM","10:06",null,null,"Middleton REBOUND (Off:2 Def:0)",null,null],["0041400125",142,5,2,2,"8:44 PM","10:03","Butler STEAL (1 STL)",null,"Middleton Lost Ball Turnover (P1.T5)",null,null],["0041400125",143,2,5,2,"8:44 PM","9:59","MISS Butler 1' Layup",null,null,null,null],["0041400125",144,4,0,2,"8:44 PM","9:59","Butler REBOUND (Off:4 Def:0)",null,null,null,null],["0041400125",145,6,2,2,"8:44 PM","9:59",null,null,"Bayless S.FOUL (P1.T2) (S.Wright)",null,null],["0041400125",146,3,11,2,"8:44 PM","9:59","Butler Free Throw 1 of 2 (7 PTS)",null,null,"27 - 25","-2"],["0041400125",148,3,12,2,"8:45 PM","9:59","Butler Free Throw 2 of 2 (8 PTS)",null,null,"27 - 26","-1"],["0041400125",151,6,2,2,"8:45 PM","9:46","Brooks S.FOUL (P1.T2) (S.Wright)",null,null,null,null],["0041400125",152,3,11,2,"8:45 PM","9:46",null,null,"Bayless Free Throw 1 of 2 (1 PTS)","28 - 26","-2"],["0041400125",154,8,0,2,"8:46 PM","9:46",null,null,"SUB: Antetokounmpo FOR Middleton",null,null],["0041400125",155,3,12,2,"8:46 PM","9:46",null,null,"Bayless Free Throw 2 of 2 (2 PTS)","29 - 26","-3"],["0041400125",157,1,1,2,"8:46 PM","9:33","Brooks 25' 3PT Jump Shot (5 PTS)",null,null,"29 - 29","TIE"],["0041400125",158,6,1,2,"8:47 PM","9:23","Brooks P.FOUL (P2.T3) (S.Corbin)",null,null,null,null],["0041400125",159,5,40,2,"8:47 PM","9:15",null,null,"Bayless Out of Bounds Lost Ball Turnover (P1.T6)",null,null],["0041400125",160,2,66,2,"8:47 PM","8:58","MISS Butler 4' Jump Bank Shot",null,null,null,null],["0041400125",162,4,0,2,"8:47 PM","8:57","Noah REBOUND (Off:2 Def:1)",null,null,null,null],["0041400125",161,1,72,2,"8:47 PM","8:57","Noah 2' Putback Layup (4 PTS)",null,null,"29 - 31","2"],["0041400125",163,2,1,2,"8:48 PM","8:44",null,null,"MISS Bayless 18' Jump Shot",null,null],["0041400125",164,4,0,2,"8:48 PM","8:43","Brooks REBOUND (Off:0 Def:1)",null,null,null,null],["0041400125",165,2,1,2,"8:48 PM","8:24","MISS Brooks 7' Jump Shot",null,null,null,null],["0041400125",166,4,0,2,"8:48 PM","8:21",null,null,"Bayless REBOUND (Off:0 Def:1)",null,null],["0041400125",167,1,1,2,"8:48 PM","8:08",null,null,"Ilyasova 25' 3PT Jump Shot (3 PTS) (Henson 1 AST)","32 - 31","-1"],["0041400125",168,1,42,2,"8:49 PM","7:48","Noah 2' Driving Layup (6 PTS)",null,null,"32 - 33","1"],["0041400125",169,2,1,2,"8:49 PM","7:24",null,null,"MISS Ilyasova  3PT Jump Shot",null,null],["0041400125",170,4,0,2,"8:49 PM","7:23","Snell REBOUND (Off:0 Def:1)",null,null,null,null],["0041400125",171,2,1,2,"8:49 PM","7:11","MISS Brooks 27' 3PT Jump Shot",null,null,null,null],["0041400125",172,4,0,2,"8:49 PM","7:10",null,null,"Henson REBOUND (Off:2 Def:2)",null,null],["0041400125",173,6,4,2,"8:49 PM","7:05",null,null,"Bayless OFF.Foul (P2) (S.Corbin)",null,null],["0041400125",174,5,5,2,"8:49 PM","7:05",null,null,"Bayless Foul Turnover (P2.T7)",null,null],["0041400125",175,9,1,2,"8:50 PM","7:05",null,null,null,null,null],["0041400125",177,8,0,2,"8:52 PM","7:05",null,null,"SUB: Pachulia FOR Henson",null,null],["0041400125",178,8,0,2,"8:52 PM","7:05",null,null,"SUB: Carter-Williams FOR Bayless",null,null],["0041400125",179,8,0,2,"8:52 PM","7:05","SUB: Rose FOR Brooks",null,null,null,null],["0041400125",180,1,85,2,"8:53 PM","6:49","Noah 4' Turnaround Bank Shot (8 PTS)",null,null,"32 - 35","3"],["0041400125",181,1,1,2,"8:53 PM","6:34",null,null,"Antetokounmpo 9' Jump Shot (2 PTS) (Carter-Williams 4 AST)","34 - 35","1"],["0041400125",182,1,63,2,"8:53 PM","6:24","Butler 18' Fadeaway Jumper (10 PTS) (Rose 2 AST)",null,null,"34 - 37","3"],["0041400125",183,1,71,2,"8:53 PM","6:18",null,null,"Mayo 3' Finger Roll Layup (2 PTS) (Carter-Williams 5 AST)","36 - 37","1"],["0041400125",184,6,2,2,"8:53 PM","6:18","Butler S.FOUL (P1.T4) (S.Wright)",null,null,null,null],["0041400125",185,6,16,2,"8:54 PM","6:18",null,null,null,null,null],["0041400125",186,3,10,2,"8:54 PM","6:18",null,null,"Mayo Free Throw 1 of 1 (3 PTS)","37 - 37","TIE"],["0041400125",188,2,1,2,"8:54 PM","6:06","MISS Mirotic 25' 3PT Jump Shot",null,null,null,null],["0041400125",189,4,0,2,"8:54 PM","6:05",null,null,"Ilyasova REBOUND (Off:1 Def:2)",null,null],["0041400125",190,2,1,2,"8:54 PM","5:56",null,null,"MISS Antetokounmpo 11' Jump Shot",null,null],["0041400125",191,4,0,2,"8:55 PM","5:56","BULLS Rebound",null,null,null,null],["0041400125",192,9,1,2,"8:55 PM","5:56","BULLS Timeout: Regular (Full 2 Short 1)",null,null,null,null],["0041400125",194,8,0,2,"8:57 PM","5:56","SUB: Dunleavy FOR Snell",null,null,null,null],["0041400125",196,7,5,2,"8:58 PM","5:37",null,null,"Pachulia Violation:Kicked Ball (.)",null,null],["0041400125",197,2,1,2,"8:59 PM","5:23","MISS Mirotic 24' 3PT Jump Shot",null,null,null,null],["0041400125",198,4,0,2,"8:59 PM","5:23","BULLS Rebound",null,null,null,null],["0041400125",199,5,11,2,"8:59 PM","5:23","BULLS Turnover: Shot Clock (T#5)",null,null,null,null],["0041400125",200,1,78,2,"8:59 PM","5:07",null,null,"Antetokounmpo 8' Floating Jump Shot (4 PTS)","39 - 37","-2"],["0041400125",201,2,1,2,"9:00 PM","4:46","MISS Rose 26' 3PT Jump Shot",null,null,null,null],["0041400125",202,4,0,2,"9:00 PM","4:45","Noah REBOUND (Off:3 Def:1)",null,null,null,null],["0041400125",203,1,5,2,"9:00 PM","4:42","Rose 2' Layup (6 PTS) (Mirotic 1 AST)",null,null,"39 - 39","TIE"],["0041400125",204,2,5,2,"9:00 PM","4:25","Noah BLOCK (3 BLK)",null,"MISS Antetokounmpo 2' Layup",null,null],["0041400125",205,4,0,2,"9:00 PM","4:24","Mirotic REBOUND (Off:0 Def:1)",null,null,null,null],["0041400125",206,2,1,2,"9:00 PM","4:17","MISS Butler  3PT Jump Shot",null,null,null,null],["0041400125",207,4,0,2,"9:00 PM","4:15","Noah REBOUND (Off:4 Def:1)",null,null,null,null],["0041400125",208,1,1,2,"9:00 PM","4:12","Mirotic 25' 3PT Jump Shot (3 PTS) (Noah 5 AST)",null,null,"39 - 42","3"],["0041400125",209,1,1,2,"9:00 PM","3:55",null,null,"Mayo 24' 3PT Jump Shot (6 PTS) (Carter-Williams 6 AST)","42 - 42","TIE"],["0041400125",211,6,1,2,"9:01 PM","3:41",null,null,"Mayo P.FOUL (P2.T3) (S.Wright)",null,null],["0041400125",212,8,0,2,"9:01 PM","3:41","SUB: Gasol FOR Noah",null,null,null,null],["0041400125",213,5,1,2,"9:01 PM","3:39","Dunleavy Bad Pass Turnover (P1.T6)",null,"Pachulia STEAL (1 STL)",null,null],["0041400125",214,1,1,2,"9:01 PM","3:33",null,null,"Carter-Williams 13' Jump Shot (8 PTS)","44 - 42","-2"],["0041400125",215,1,5,2,"9:02 PM","3:14","Gasol 2' Layup (6 PTS) (Mirotic 2 AST)",null,null,"44 - 44","TIE"],["0041400125",216,6,1,2,"9:02 PM","3:04","Mirotic P.FOUL (P2.PN) (J.Crawford)",null,null,null,null],["0041400125",217,3,11,2,"9:02 PM","3:04",null,null,"Carter-Williams Free Throw 1 of 2 (9 PTS)","45 - 44","-1"],["0041400125",219,3,12,2,"9:02 PM","3:04",null,null,"Carter-Williams Free Throw 2 of 2 (10 PTS)","46 - 44","-2"],["0041400125",221,5,1,2,"9:03 PM","2:57","Rose Bad Pass Turnover (P3.T7)",null,null,null,null],["0041400125",222,9,1,2,"9:03 PM","2:57",null,null,"Bucks Timeout: Regular (Reg.2 Short 0)",null,null],["0041400125",224,8,0,2,"9:06 PM","2:57",null,null,"SUB: Middleton FOR Mayo",null,null],["0041400125",225,1,42,2,"9:06 PM","2:46",null,null,"Carter-Williams 2' Driving Layup (12 PTS)","48 - 44","-4"],["0041400125",226,2,1,2,"9:07 PM","2:29","MISS Mirotic 25' 3PT Jump Shot",null,null,null,null],["0041400125",227,4,0,2,"9:07 PM","2:28",null,null,"Carter-Williams REBOUND (Off:0 Def:3)",null,null],["0041400125",228,2,1,2,"9:07 PM","2:20",null,null,"MISS Ilyasova 19' Jump Shot",null,null],["0041400125",229,4,0,2,"9:07 PM","2:19","Butler REBOUND (Off:4 Def:1)",null,null,null,null],["0041400125",230,6,2,2,"9:07 PM","2:14",null,null,"Carter-Williams S.FOUL (P2.T4) (S.Corbin)",null,null],["0041400125",231,3,11,2,"9:07 PM","2:14","MISS Rose Free Throw 1 of 2",null,null,null,null],["0041400125",232,4,1,2,"9:07 PM","2:14","BULLS Rebound",null,null,null,null],["0041400125",233,8,0,2,"9:07 PM","2:14","SUB: Gibson FOR Mirotic",null,null,null,null],["0041400125",234,3,12,2,"9:07 PM","2:14","Rose Free Throw 2 of 2 (7 PTS)",null,null,"48 - 45","-3"],["0041400125",236,5,13,2,"9:08 PM","2:00",null,null,"Carter-Williams Backcourt Turnover (P2.T8)",null,null],["0041400125",237,1,5,2,"9:08 PM","1:51","Gibson 3' Layup (8 PTS) (Butler 3 AST)",null,null,"48 - 47","-1"],["0041400125",238,2,5,2,"9:09 PM","1:32","Gibson BLOCK (1 BLK)",null,"MISS Pachulia 2' Layup",null,null],["0041400125",239,4,0,2,"9:09 PM","1:30","Gibson REBOUND (Off:1 Def:1)",null,null,null,null],["0041400125",240,5,1,2,"9:09 PM","1:27","Rose Bad Pass Turnover (P4.T8)",null,"Middleton STEAL (3 STL)",null,null],["0041400125",241,1,1,2,"9:09 PM","1:14",null,null,"Pachulia 16' Jump Shot (4 PTS) (Antetokounmpo 1 AST)","50 - 47","-3"],["0041400125",242,1,1,2,"9:09 PM","1:04","Gasol 18' Jump Shot (8 PTS) (Butler 4 AST)",null,null,"50 - 49","-1"],["0041400125",243,2,1,2,"9:09 PM","0:47",null,null,"MISS Antetokounmpo 8' Jump Shot",null,null],["0041400125",244,4,0,2,"9:09 PM","0:46",null,null,"Pachulia REBOUND (Off:3 Def:4)",null,null],["0041400125",245,1,84,2,"9:09 PM","0:41",null,null,"Carter-Williams 8' Running Bank Shot (14 PTS)","52 - 49","-3"],["0041400125",246,2,84,2,"9:10 PM","0:26","MISS Gasol 4' Running Bank Shot",null,null,null,null],["0041400125",247,4,0,2,"9:10 PM","0:23",null,null,"Carter-Williams REBOUND (Off:0 Def:4)",null,null],["0041400125",248,2,1,2,"9:10 PM","0:02",null,null,"MISS Middleton 24' 3PT Jump Shot",null,null],["0041400125",249,4,0,2,"9:10 PM","0:01","Rose REBOUND (Off:0 Def:2)",null,null,null,null],["0041400125",250,2,1,2,"9:10 PM","0:00","MISS Rose 49' 3PT Jump Shot",null,null,null,null],["0041400125",252,4,0,2,"9:10 PM","0:00","BULLS Rebound",null,null,null,null],["0041400125",251,13,0,2,"9:10 PM","0:00",null,null,null,"52 - 49","-3"],["0041400125",254,12,0,3,"9:28 PM","12:00",null,null,null,"52 - 49","-3"],["0041400125",255,2,1,3,"9:28 PM","11:42",null,null,"MISS Antetokounmpo 6' Jump Shot",null,null],["0041400125",256,4,0,3,"9:28 PM","11:41","Gasol REBOUND (Off:0 Def:5)",null,null,null,null],["0041400125",257,2,1,3,"9:29 PM","11:25","MISS Butler 25' 3PT Jump Shot",null,null,null,null],["0041400125",258,4,0,3,"9:29 PM","11:24",null,null,"Carter-Williams REBOUND (Off:0 Def:5)",null,null],["0041400125",259,2,1,3,"9:29 PM","11:12",null,null,"MISS Ilyasova 15' Jump Shot",null,null],["0041400125",260,4,0,3,"9:29 PM","11:11","Gasol REBOUND (Off:0 Def:6)",null,null,null,null],["0041400125",261,2,1,3,"9:29 PM","11:00","MISS Dunleavy 25' 3PT Jump Shot",null,null,null,null],["0041400125",262,4,0,3,"9:29 PM","10:59",null,null,"Pachulia REBOUND (Off:3 Def:5)",null,null],["0041400125",263,2,5,3,"9:29 PM","10:45",null,null,"MISS Antetokounmpo 3' Layup",null,null],["0041400125",264,4,0,3,"9:29 PM","10:44","Gasol REBOUND (Off:0 Def:7)",null,null,null,null],["0041400125",265,2,5,3,"9:29 PM","10:39","MISS Butler 2' Layup",null,null,null,null],["0041400125",266,4,0,3,"9:29 PM","10:38",null,null,"Ilyasova REBOUND (Off:1 Def:3)",null,null],["0041400125",267,2,1,3,"9:30 PM","10:19",null,null,"MISS Middleton 16' Jump Shot",null,null],["0041400125",268,4,0,3,"9:30 PM","10:18","Gasol REBOUND (Off:0 Def:8)",null,null,null,null],["0041400125",269,2,1,3,"9:30 PM","10:05","MISS Rose 5' Jump Shot",null,"Carter-Williams BLOCK (1 BLK)",null,null],["0041400125",270,10,0,3,"9:30 PM","10:02","Jump Ball Rose vs. Carter-Williams: Tip to Antetokounmpo",null,null,null,null],["0041400125",271,4,0,3,"9:30 PM","10:02",null,null,"Bucks Rebound",null,null],["0041400125",272,6,1,3,"9:31 PM","9:53","Dunleavy P.FOUL (P3.T1) (S.Corbin)",null,null,null,null],["0041400125",274,2,7,3,"9:31 PM","9:49",null,null,"MISS Middleton  Dunk",null,null],["0041400125",275,4,0,3,"9:31 PM","9:43",null,null,"Middleton REBOUND (Off:3 Def:0)",null,null],["0041400125",276,5,15,3,"9:31 PM","9:42",null,null,"Middleton Offensive Goaltending Turnover (P2.T9)",null,null],["0041400125",277,2,5,3,"9:32 PM","9:27","MISS Rose 3' Layup",null,null,null,null],["0041400125",279,4,0,3,"9:32 PM","9:25","Gasol REBOUND (Off:1 Def:8)",null,null,null,null],["0041400125",278,2,5,3,"9:32 PM","9:25","MISS Gasol 1' Layup",null,null,null,null],["0041400125",280,4,0,3,"9:32 PM","9:23",null,null,"Pachulia REBOUND (Off:3 Def:6)",null,null],["0041400125",281,2,5,3,"9:32 PM","9:19",null,null,"MISS Ilyasova 3' Layup",null,null],["0041400125",282,4,0,3,"9:32 PM","9:17",null,null,"Antetokounmpo REBOUND (Off:1 Def:0)",null,null],["0041400125",283,1,72,3,"9:32 PM","9:17",null,null,"Antetokounmpo 2' Putback Layup (6 PTS)","54 - 49","-5"],["0041400125",284,6,2,3,"9:32 PM","9:17","Butler S.FOUL (P2.T2) (J.Crawford)",null,null,null,null],["0041400125",285,3,10,3,"9:32 PM","9:17",null,null,"Antetokounmpo Free Throw 1 of 1 (7 PTS)","55 - 49","-6"],["0041400125",287,6,1,3,"9:33 PM","9:02",null,null,"Ilyasova P.FOUL (P2.T1) (S.Wright)",null,null],["0041400125",288,6,1,3,"9:33 PM","8:59",null,null,"Pachulia P.FOUL (P2.T2) (J.Crawford)",null,null],["0041400125",290,1,1,3,"9:33 PM","8:46","Butler 25' 3PT Jump Shot (13 PTS) (Gasol 3 AST)",null,null,"55 - 52","-3"],["0041400125",291,2,1,3,"9:34 PM","8:25","Gasol BLOCK (2 BLK)",null,"MISS Carter-Williams 15' Jump Shot",null,null],["0041400125",292,4,0,3,"9:34 PM","8:23","Noah REBOUND (Off:4 Def:2)",null,null,null,null],["0041400125",293,9,2,3,"9:34 PM","8:19","BULLS Timeout: Short (Full 2 Short 2)",null,null,null,null],["0041400125",295,8,0,3,"9:35 PM","8:19",null,null,"SUB: Bayless FOR Carter-Williams",null,null],["0041400125",296,1,1,3,"9:36 PM","8:02","Gasol 18' Jump Shot (10 PTS) (Butler 5 AST)",null,null,"55 - 54","-1"],["0041400125",297,6,1,3,"9:36 PM","7:54","Dunleavy P.FOUL (P4.T3) (J.Crawford)",null,null,null,null],["0041400125",298,8,0,3,"9:36 PM","7:54","SUB: Snell FOR Dunleavy",null,null,null,null],["0041400125",299,2,1,3,"9:37 PM","7:39",null,null,"MISS Ilyasova  3PT Jump Shot",null,null],["0041400125",300,4,0,3,"9:37 PM","7:38",null,null,"Antetokounmpo REBOUND (Off:2 Def:0)",null,null],["0041400125",301,1,66,3,"9:37 PM","7:27",null,null,"Pachulia 13' Jump Bank Shot (6 PTS)","57 - 54","-3"],["0041400125",302,6,2,3,"9:37 PM","7:27","Butler S.FOUL (P3.T4) (J.Crawford)",null,null,null,null],["0041400125",303,3,10,3,"9:37 PM","7:27",null,null,"Pachulia Free Throw 1 of 1 (7 PTS)","58 - 54","-4"],["0041400125",306,5,1,3,"9:38 PM","7:14","Gasol Bad Pass Turnover (P2.T9)",null,"Middleton STEAL (4 STL)",null,null],["0041400125",307,1,5,3,"9:38 PM","7:10",null,null,"Antetokounmpo 2' Layup (9 PTS) (Middleton 2 AST)","60 - 54","-6"],["0041400125",308,6,1,3,"9:38 PM","6:51",null,null,"Pachulia P.FOUL (P3.T3) (S.Corbin)",null,null],["0041400125",309,5,1,3,"9:39 PM","6:47","Rose Bad Pass Turnover (P5.T10)",null,"Pachulia STEAL (2 STL)",null,null],["0041400125",310,5,1,3,"9:39 PM","6:34","Butler STEAL (2 STL)",null,"Middleton Bad Pass Turnover (P3.T10)",null,null],["0041400125",311,6,2,3,"9:39 PM","6:32",null,null,"Antetokounmpo S.FOUL (P2.T4) (S.Corbin)",null,null],["0041400125",312,3,11,3,"9:39 PM","6:32","Butler Free Throw 1 of 2 (14 PTS)",null,null,"60 - 55","-5"],["0041400125",314,3,12,3,"9:39 PM","6:32","Butler Free Throw 2 of 2 (15 PTS)",null,null,"60 - 56","-4"],["0041400125",317,1,1,3,"9:40 PM","6:13",null,null,"Pachulia 17' Jump Shot (9 PTS) (Antetokounmpo 2 AST)","62 - 56","-6"],["0041400125",320,2,42,3,"9:41 PM","5:58","MISS Butler 2' Driving Layup",null,null,null,null],["0041400125",321,4,0,3,"9:41 PM","5:58","Noah REBOUND (Off:5 Def:2)",null,null,null,null],["0041400125",318,6,1,3,"9:41 PM","5:58",null,null,"Middleton P.FOUL (P1.PN) (J.Crawford)",null,null],["0041400125",319,9,1,3,"9:41 PM","5:58","BULLS Timeout: Regular (Full 3 Short 2)",null,null,null,null],["0041400125",324,3,11,3,"9:44 PM","5:58","MISS Noah Free Throw 1 of 2",null,null,null,null],["0041400125",325,4,1,3,"9:44 PM","5:58","BULLS Rebound",null,null,null,null],["0041400125",326,3,12,3,"9:44 PM","5:58","MISS Noah Free Throw 2 of 2",null,null,null,null],["0041400125",328,4,0,3,"9:44 PM","5:55",null,null,"Pachulia REBOUND (Off:3 Def:7)",null,null],["0041400125",329,1,1,3,"9:45 PM","5:33",null,null,"Middleton 19' Jump Shot (17 PTS) (Pachulia 2 AST)","64 - 56","-8"],["0041400125",330,2,1,3,"9:45 PM","5:08","MISS Rose 27' 3PT Jump Shot",null,null,null,null],["0041400125",331,4,0,3,"9:45 PM","5:07","Noah REBOUND (Off:6 Def:2)",null,null,null,null],["0041400125",332,1,7,3,"9:45 PM","5:05","Gasol  Dunk (12 PTS) (Noah 6 AST)",null,null,"64 - 58","-6"],["0041400125",333,1,1,3,"9:45 PM","4:52",null,null,"Ilyasova 25' 3PT Jump Shot (6 PTS) (Pachulia 3 AST)","67 - 58","-9"],["0041400125",334,7,5,3,"9:46 PM","4:35",null,null,"Ilyasova Violation:Kicked Ball (.)",null,null],["0041400125",335,8,0,3,"9:46 PM","4:35","SUB: Gibson FOR Noah",null,null,null,null],["0041400125",336,2,1,3,"9:46 PM","4:21","MISS Rose 14' Jump Shot",null,null,null,null],["0041400125",337,4,0,3,"9:46 PM","4:20",null,null,"Bayless REBOUND (Off:0 Def:2)",null,null],["0041400125",339,2,1,3,"9:47 PM","4:04",null,null,"MISS Ilyasova 24' 3PT Jump Shot",null,null],["0041400125",340,4,0,3,"9:47 PM","4:03","Snell REBOUND (Off:0 Def:2)",null,null,null,null],["0041400125",341,6,1,3,"9:47 PM","3:55",null,null,"Ilyasova P.FOUL (P3.PN) (S.Wright)",null,null],["0041400125",342,3,11,3,"9:47 PM","3:55","Gibson Free Throw 1 of 2 (9 PTS)",null,null,"67 - 59","-8"],["0041400125",344,8,0,3,"9:48 PM","3:55",null,null,"SUB: Dudley FOR Ilyasova",null,null],["0041400125",345,3,12,3,"9:48 PM","3:55","Gibson Free Throw 2 of 2 (10 PTS)",null,null,"67 - 60","-7"],["0041400125",347,2,1,3,"9:48 PM","3:32",null,null,"MISS Dudley 20' Jump Shot",null,null],["0041400125",348,4,0,3,"9:48 PM","3:31","Rose REBOUND (Off:0 Def:3)",null,null,null,null],["0041400125",349,6,1,3,"9:49 PM","3:30",null,null,"Antetokounmpo P.FOUL (P3.PN) (S.Wright)",null,null],["0041400125",350,3,11,3,"9:49 PM","3:30","Butler Free Throw 1 of 2 (16 PTS)",null,null,"67 - 61","-6"],["0041400125",352,8,0,3,"9:49 PM","3:30","SUB: Brooks FOR Rose",null,null,null,null],["0041400125",353,8,0,3,"9:49 PM","3:30",null,null,"SUB: Henson FOR Pachulia",null,null],["0041400125",354,3,12,3,"9:49 PM","3:30","Butler Free Throw 2 of 2 (17 PTS)",null,null,"67 - 62","-5"],["0041400125",356,5,1,3,"9:50 PM","3:15","Butler STEAL (3 STL)",null,"Dudley Bad Pass Turnover (P1.T11)",null,null],["0041400125",357,5,1,3,"9:50 PM","3:09","Butler Bad Pass Turnover (P2.T11)",null,"Dudley STEAL (1 STL)",null,null],["0041400125",359,2,1,3,"9:50 PM","2:54","Gibson BLOCK (2 BLK)",null,"MISS Bayless 7' Jump Shot",null,null],["0041400125",360,4,0,3,"9:51 PM","2:54","BULLS Rebound",null,null,null,null],["0041400125",361,6,3,3,"9:51 PM","2:54",null,null,"Bayless L.B.FOUL (P3.PN) (S.Corbin)",null,null],["0041400125",362,9,1,3,"9:51 PM","2:54",null,null,"Bucks Timeout: Regular (Reg.3 Short 0)",null,null],["0041400125",364,8,0,3,"9:53 PM","2:54",null,null,"SUB: Mayo FOR Antetokounmpo",null,null],["0041400125",365,8,0,3,"9:53 PM","2:54",null,null,"SUB: Carter-Williams FOR Bayless",null,null],["0041400125",366,3,11,3,"9:53 PM","2:54","Gasol Free Throw 1 of 2 (13 PTS)",null,null,"67 - 63","-4"],["0041400125",368,8,0,3,"9:53 PM","2:54","SUB: Rose FOR Brooks",null,null,null,null],["0041400125",369,3,12,3,"9:54 PM","2:54","MISS Gasol Free Throw 2 of 2",null,null,null,null],["0041400125",371,4,0,3,"9:54 PM","2:50",null,null,"Mayo REBOUND (Off:0 Def:2)",null,null],["0041400125",372,2,5,3,"9:54 PM","2:34",null,null,"MISS Henson 2' Layup",null,null],["0041400125",373,4,0,3,"9:54 PM","2:33","Butler REBOUND (Off:4 Def:2)",null,null,null,null],["0041400125",375,5,1,3,"9:54 PM","2:14","Rose Bad Pass Turnover (P6.T12)",null,"Dudley STEAL (2 STL)",null,null],["0041400125",376,1,5,3,"9:54 PM","2:05",null,null,"Middleton 2' Layup (19 PTS) (Carter-Williams 7 AST)","69 - 63","-6"],["0041400125",378,1,8,3,"9:55 PM","1:48","Gibson  Slam Dunk (12 PTS) (Gasol 4 AST)",null,null,"69 - 65","-4"],["0041400125",379,6,1,3,"9:55 PM","1:40","Snell P.FOUL (P1.PN) (S.Corbin)",null,null,null,null],["0041400125",380,3,11,3,"9:55 PM","1:40",null,null,"Mayo Free Throw 1 of 2 (7 PTS)","70 - 65","-5"],["0041400125",382,3,12,3,"9:55 PM","1:40",null,null,"Mayo Free Throw 2 of 2 (8 PTS)","71 - 65","-6"],["0041400125",384,1,42,3,"9:56 PM","1:27","Gasol 1' Driving Layup (15 PTS) (Snell 1 AST)",null,null,"71 - 67","-4"],["0041400125",385,6,2,3,"9:56 PM","1:27",null,null,"Dudley S.FOUL (P3.PN) (S.Corbin)",null,null],["0041400125",386,3,10,3,"9:56 PM","1:27","Gasol Free Throw 1 of 1 (16 PTS)",null,null,"71 - 68","-3"],["0041400125",388,6,1,3,"9:57 PM","1:11","Rose P.FOUL (P1.PN) (J.Crawford)",null,null,null,null],["0041400125",389,3,11,3,"9:57 PM","1:11",null,null,"Dudley Free Throw 1 of 2 (1 PTS)","72 - 68","-4"],["0041400125",391,3,12,3,"9:57 PM","1:11",null,null,"Dudley Free Throw 2 of 2 (2 PTS)","73 - 68","-5"],["0041400125",393,5,1,3,"9:58 PM","0:58","Gasol Bad Pass Turnover (P3.T13)",null,"Carter-Williams STEAL (1 STL)",null,null],["0041400125",394,2,1,3,"9:58 PM","0:45",null,null,"MISS Mayo 26' 3PT Jump Shot",null,null],["0041400125",395,4,0,3,"9:58 PM","0:44","Gibson REBOUND (Off:1 Def:2)",null,null,null,null],["0041400125",396,2,1,3,"9:58 PM","0:28","MISS Rose 26' 3PT Jump Shot",null,null,null,null],["0041400125",397,4,0,3,"9:58 PM","0:28","BULLS Rebound",null,null,null,null],["0041400125",398,6,3,3,"9:58 PM","0:28",null,null,"Dudley L.B.FOUL (P4.PN) (S.Wright)",null,null],["0041400125",399,3,11,3,"9:59 PM","0:28","Gasol Free Throw 1 of 2 (17 PTS)",null,null,"73 - 69","-4"],["0041400125",401,3,12,3,"9:59 PM","0:28","Gasol Free Throw 2 of 2 (18 PTS)",null,null,"73 - 70","-3"],["0041400125",406,1,1,3,"10:00 PM","0:07",null,null,"Dudley 25' 3PT Jump Shot (5 PTS) (Mayo 3 AST)","76 - 70","-6"],["0041400125",407,2,1,3,"10:00 PM","0:02","MISS Butler 10' Jump Shot",null,null,null,null],["0041400125",409,4,0,3,"10:00 PM","0:00","Gasol REBOUND (Off:2 Def:8)",null,null,null,null],["0041400125",408,2,4,3,"10:00 PM","0:00","MISS Gasol 1' Tip Shot",null,null,null,null],["0041400125",411,4,0,3,"10:00 PM","0:00","BULLS Rebound",null,null,null,null],["0041400125",410,13,0,3,"10:00 PM","0:00",null,null,null,"76 - 70","-6"],["0041400125",412,12,0,4,"10:04 PM","12:00",null,null,null,"76 - 70","-6"],["0041400125",413,2,1,4,"10:04 PM","11:35","MISS Snell 24' 3PT Jump Shot",null,null,null,null],["0041400125",414,4,0,4,"10:04 PM","11:33",null,null,"Henson REBOUND (Off:2 Def:3)",null,null],["0041400125",415,1,1,4,"10:05 PM","11:19",null,null,"Carter-Williams 4' Jump Shot (16 PTS)","78 - 70","-8"],["0041400125",416,1,42,4,"10:05 PM","11:06","Rose 2' Driving Layup (9 PTS)",null,null,"78 - 72","-6"],["0041400125",417,5,1,4,"10:05 PM","10:53","Gibson STEAL (1 STL)",null,"Mayo Bad Pass Turnover (P1.T12)",null,null],["0041400125",418,2,5,4,"10:05 PM","10:38","MISS Gibson 1' Layup",null,null,null,null],["0041400125",420,4,0,4,"10:05 PM","10:37","Noah REBOUND (Off:7 Def:2)",null,null,null,null],["0041400125",419,2,4,4,"10:05 PM","10:37","MISS Noah 3' Tip Shot",null,null,null,null],["0041400125",421,4,0,4,"10:05 PM","10:36",null,null,"Henson REBOUND (Off:2 Def:4)",null,null],["0041400125",422,2,1,4,"10:06 PM","10:25",null,null,"MISS Dudley 24' 3PT Jump Shot",null,null],["0041400125",423,4,0,4,"10:06 PM","10:22","Noah REBOUND (Off:7 Def:3)",null,null,null,null],["0041400125",424,2,5,4,"10:06 PM","10:18","MISS Rose 2' Layup",null,"Mayo BLOCK (1 BLK)",null,null],["0041400125",425,4,0,4,"10:06 PM","10:18","BULLS Rebound",null,null,null,null],["0041400125",426,2,1,4,"10:06 PM","10:06","MISS Rose 4' Jump Shot",null,"Carter-Williams BLOCK (2 BLK)",null,null],["0041400125",427,4,0,4,"10:06 PM","10:06","BULLS Rebound",null,null,null,null],["0041400125",428,2,1,4,"10:07 PM","10:02","MISS Gibson 19' Jump Shot",null,null,null,null],["0041400125",429,4,0,4,"10:07 PM","10:01",null,null,"Dudley REBOUND (Off:0 Def:1)",null,null],["0041400125",430,1,42,4,"10:07 PM","9:49",null,null,"Carter-Williams 2' Driving Layup (18 PTS)","80 - 72","-8"],["0041400125",431,2,5,4,"10:07 PM","9:37","MISS Rose 1' Layup",null,"Henson BLOCK (1 BLK)",null,null],["0041400125",432,4,0,4,"10:07 PM","9:35",null,null,"Middleton REBOUND (Off:3 Def:1)",null,null],["0041400125",433,5,1,4,"10:07 PM","9:16","Noah STEAL (1 STL)",null,"Henson Bad Pass Turnover (P1.T13)",null,null],["0041400125",434,1,66,4,"10:08 PM","9:08","Butler 20' Jump Bank Shot (19 PTS)",null,null,"80 - 74","-6"],["0041400125",435,6,2,4,"10:08 PM","9:08",null,null,"Carter-Williams S.FOUL (P3.T1) (S.Wright)",null,null],["0041400125",436,3,10,4,"10:08 PM","9:08","Butler Free Throw 1 of 1 (20 PTS)",null,null,"80 - 75","-5"],["0041400125",438,2,1,4,"10:08 PM","8:49",null,null,"MISS Mayo 4' Jump Shot",null,null],["0041400125",440,4,0,4,"10:08 PM","8:48",null,null,"Henson REBOUND (Off:3 Def:4)",null,null],["0041400125",439,2,87,4,"10:08 PM","8:48",null,null,"MISS Henson  Putback Dunk",null,null],["0041400125",441,4,0,4,"10:09 PM","8:47","Rose REBOUND (Off:0 Def:4)",null,null,null,null],["0041400125",442,2,5,4,"10:09 PM","8:37","MISS Butler 3' Layup",null,null,null,null],["0041400125",444,4,0,4,"10:09 PM","8:36","Butler REBOUND (Off:5 Def:2)",null,null,null,null],["0041400125",443,2,4,4,"10:09 PM","8:36","MISS Butler 1' Tip Shot",null,null,null,null],["0041400125",446,4,0,4,"10:09 PM","8:35","Noah REBOUND (Off:8 Def:3)",null,null,null,null],["0041400125",445,1,4,4,"10:09 PM","8:35","Noah 1' Tip Shot (10 PTS)",null,null,"80 - 77","-3"],["0041400125",447,9,1,4,"10:09 PM","8:32",null,null,"Bucks Timeout: Regular (Reg.4 Short 0)",null,null],["0041400125",449,8,0,4,"10:11 PM","8:32","SUB: Mirotic FOR Gibson",null,null,null,null],["0041400125",450,8,0,4,"10:12 PM","8:32",null,null,"SUB: Antetokounmpo FOR Middleton",null,null],["0041400125",451,1,42,4,"10:12 PM","8:14",null,null,"Carter-Williams 2' Driving Layup (20 PTS)","82 - 77","-5"],["0041400125",452,2,1,4,"10:12 PM","7:49","MISS Rose 24' 3PT Jump Shot",null,null,null,null],["0041400125",454,4,0,4,"10:12 PM","7:48","Noah REBOUND (Off:9 Def:3)",null,null,null,null],["0041400125",453,2,72,4,"10:12 PM","7:48","MISS Noah 2' Putback Layup",null,null,null,null],["0041400125",455,4,0,4,"10:12 PM","7:48",null,null,"Henson REBOUND (Off:3 Def:5)",null,null],["0041400125",456,6,2,4,"10:13 PM","7:45","Snell S.FOUL (P2.T1) (J.Crawford)",null,null,null,null],["0041400125",457,3,11,4,"10:13 PM","7:45",null,null,"Mayo Free Throw 1 of 2 (9 PTS)","83 - 77","-6"],["0041400125",459,3,12,4,"10:13 PM","7:45",null,null,"Mayo Free Throw 2 of 2 (10 PTS)","84 - 77","-7"],["0041400125",461,2,5,4,"10:13 PM","7:32","MISS Noah 1' Layup",null,null,null,null],["0041400125",462,4,0,4,"10:13 PM","7:31",null,null,"Henson REBOUND (Off:3 Def:6)",null,null],["0041400125",463,1,5,4,"10:14 PM","7:25",null,null,"Antetokounmpo 2' Layup (11 PTS) (Carter-Williams 8 AST)","86 - 77","-9"],["0041400125",464,9,1,4,"10:14 PM","7:19","BULLS Timeout: Regular (Full 4 Short 2)",null,null,null,null],["0041400125",465,1,1,4,"10:17 PM","6:59","Rose 19' Jump Shot (11 PTS)",null,null,"86 - 79","-7"],["0041400125",466,2,1,4,"10:18 PM","6:44","Mirotic BLOCK (1 BLK)",null,"MISS Antetokounmpo 5' Jump Shot",null,null],["0041400125",467,4,0,4,"10:18 PM","6:44",null,null,"Bucks Rebound",null,null],["0041400125",468,2,1,4,"10:18 PM","6:37",null,null,"MISS Carter-Williams 14' Jump Shot",null,null],["0041400125",469,4,0,4,"10:18 PM","6:36","Butler REBOUND (Off:5 Def:3)",null,null,null,null],["0041400125",470,2,5,4,"10:18 PM","6:26","MISS Butler 2' Layup",null,"Antetokounmpo BLOCK (2 BLK)",null,null],["0041400125",471,4,0,4,"10:18 PM","6:25",null,null,"Henson REBOUND (Off:3 Def:7)",null,null],["0041400125",472,2,1,4,"10:19 PM","6:13",null,null,"MISS Dudley 18' Jump Shot",null,null],["0041400125",473,4,0,4,"10:19 PM","6:13","BULLS Rebound",null,null,null,null],["0041400125",474,2,5,4,"10:19 PM","5:59","MISS Mirotic 1' Layup",null,"Dudley BLOCK (1 BLK)",null,null],["0041400125",475,4,0,4,"10:19 PM","5:57",null,null,"Henson REBOUND (Off:3 Def:8)",null,null],["0041400125",476,2,1,4,"10:19 PM","5:39",null,null,"MISS Mayo 19' Jump Shot",null,null],["0041400125",477,4,0,4,"10:19 PM","5:38","Butler REBOUND (Off:5 Def:4)",null,null,null,null],["0041400125",478,1,1,4,"10:20 PM","5:30","Rose 20' Jump Shot (13 PTS)",null,null,"86 - 81","-5"],["0041400125",479,6,1,4,"10:20 PM","5:15","Noah P.FOUL (P1.T2) (J.Crawford)",null,null,null,null],["0041400125",480,8,0,4,"10:20 PM","5:15","SUB: Gasol FOR Noah",null,null,null,null],["0041400125",481,6,1,4,"10:20 PM","5:06","Snell P.FOUL (P3.T3) (S.Wright)",null,null,null,null],["0041400125",482,8,0,4,"10:21 PM","5:06",null,null,"SUB: Middleton FOR Dudley",null,null],["0041400125",483,5,1,4,"10:21 PM","5:02","Butler STEAL (4 STL)",null,"Henson Bad Pass Turnover (P2.T14)",null,null],["0041400125",484,1,1,4,"10:21 PM","4:45","Gasol 15' Jump Shot (20 PTS) (Butler 6 AST)",null,null,"86 - 83","-3"],["0041400125",485,1,66,4,"10:21 PM","4:25",null,null,"Carter-Williams 5' Jump Bank Shot (22 PTS) (Mayo 4 AST)","88 - 83","-5"],["0041400125",486,2,1,4,"10:22 PM","4:18","MISS Butler 5' Jump Shot",null,"Carter-Williams BLOCK (3 BLK)",null,null],["0041400125",487,4,0,4,"10:22 PM","4:18","BULLS Rebound",null,null,null,null],["0041400125",488,2,1,4,"10:22 PM","4:11","MISS Rose 25' 3PT Jump Shot",null,null,null,null],["0041400125",489,4,0,4,"10:22 PM","4:11",null,null,"Henson REBOUND (Off:3 Def:9)",null,null],["0041400125",491,2,1,4,"10:23 PM","3:50","Mirotic BLOCK (2 BLK)",null,"MISS Middleton 15' Jump Shot",null,null],["0041400125",492,4,0,4,"10:23 PM","3:48","Butler REBOUND (Off:5 Def:5)",null,null,null,null],["0041400125",493,7,5,4,"10:23 PM","3:37",null,null,"Antetokounmpo Violation:Kicked Ball (.)",null,null],["0041400125",494,2,5,4,"10:23 PM","3:27","MISS Gasol 2' Layup",null,null,null,null],["0041400125",495,4,0,4,"10:23 PM","3:26",null,null,"Antetokounmpo REBOUND (Off:2 Def:1)",null,null],["0041400125",496,2,1,4,"10:23 PM","3:17",null,null,"MISS Mayo 23' Jump Shot",null,null],["0041400125",498,4,0,4,"10:23 PM","3:15",null,null,"Henson REBOUND (Off:4 Def:9)",null,null],["0041400125",497,1,87,4,"10:23 PM","3:15",null,null,"Henson  Putback Dunk (6 PTS)","90 - 83","-7"],["0041400125",499,9,1,4,"10:24 PM","3:15","BULLS Timeout: Regular (Full 5 Short 2)",null,null,null,null],["0041400125",501,2,1,4,"10:27 PM","3:02","MISS Snell  3PT Jump Shot",null,null,null,null],["0041400125",502,4,0,4,"10:27 PM","3:02","BULLS Rebound",null,null,null,null],["0041400125",503,6,2,4,"10:27 PM","2:55",null,null,"Middleton S.FOUL (P2.T2) (S.Wright)",null,null],["0041400125",504,3,11,4,"10:27 PM","2:55","Gasol Free Throw 1 of 2 (21 PTS)",null,null,"90 - 84","-6"],["0041400125",506,3,12,4,"10:28 PM","2:55","MISS Gasol Free Throw 2 of 2",null,null,null,null],["0041400125",508,4,0,4,"10:28 PM","2:52",null,null,"Henson REBOUND (Off:4 Def:10)",null,null],["0041400125",509,1,5,4,"10:28 PM","2:39",null,null,"Henson 1' Layup (8 PTS) (Carter-Williams 9 AST)","92 - 84","-8"],["0041400125",510,1,44,4,"10:29 PM","2:19","Gasol 1' Reverse Layup (23 PTS) (Mirotic 3 AST)",null,null,"92 - 86","-6"],["0041400125",511,5,39,4,"10:29 PM","1:56",null,null,"Henson Step Out of Bounds Turnover (P3.T15)",null,null],["0041400125",513,2,5,4,"10:30 PM","1:39","MISS Butler 2' Layup",null,"Antetokounmpo BLOCK (3 BLK)",null,null],["0041400125",514,4,0,4,"10:30 PM","1:37",null,null,"Carter-Williams REBOUND (Off:0 Def:6)",null,null],["0041400125",515,2,1,4,"10:30 PM","1:13",null,null,"MISS Carter-Williams 28' 3PT Jump Shot",null,null],["0041400125",516,4,0,4,"10:30 PM","1:12","Snell REBOUND (Off:0 Def:3)",null,null,null,null],["0041400125",517,6,2,4,"10:30 PM","1:04",null,null,"Mayo S.FOUL (P3.T3) (S.Corbin)",null,null],["0041400125",518,3,11,4,"10:31 PM","1:04","Gasol Free Throw 1 of 2 (24 PTS)",null,null,"92 - 87","-5"],["0041400125",520,8,0,4,"10:31 PM","1:04","SUB: Noah FOR Mirotic",null,null,null,null],["0041400125",521,3,12,4,"10:31 PM","1:04","Gasol Free Throw 2 of 2 (25 PTS)",null,null,"92 - 88","-4"],["0041400125",523,2,1,4,"10:31 PM","0:50",null,null,"MISS Middleton 13' Jump Shot",null,null],["0041400125",524,4,0,4,"10:31 PM","0:49","Noah REBOUND (Off:9 Def:4)",null,null,null,null],["0041400125",525,2,1,4,"10:32 PM","0:38","MISS Rose 5' Jump Shot",null,"Antetokounmpo BLOCK (4 BLK)",null,null],["0041400125",526,4,0,4,"10:32 PM","0:37",null,null,"Carter-Williams REBOUND (Off:0 Def:7)",null,null],["0041400125",527,9,1,4,"10:32 PM","0:29",null,null,"Bucks Timeout: Regular (Reg.5 Short 0)",null,null],["0041400125",529,8,0,4,"10:34 PM","0:29","SUB: Brooks FOR Rose",null,null,null,null],["0041400125",531,6,28,4,"10:34 PM","0:28","Brooks Personal Take Foul (P3.T4) (S.Wright)",null,null,null,null],["0041400125",532,6,1,4,"10:34 PM","0:27","Gasol P.FOUL (P2.PN) (J.Crawford)",null,null,null,null],["0041400125",533,3,11,4,"10:35 PM","0:27",null,null,"Middleton Free Throw 1 of 2 (20 PTS)","93 - 88","-5"],["0041400125",534,3,12,4,"10:35 PM","0:27",null,null,"Middleton Free Throw 2 of 2 (21 PTS)","94 - 88","-6"],["0041400125",536,9,1,4,"10:35 PM","0:27","BULLS Timeout: Regular (Full 6 Short 2)",null,null,null,null],["0041400125",538,8,0,4,"10:37 PM","0:27",null,null,"SUB: Dudley FOR Henson",null,null],["0041400125",539,8,0,4,"10:37 PM","0:27","SUB: Rose FOR Noah",null,null,null,null],["0041400125",540,8,0,4,"10:37 PM","0:27","SUB: Mirotic FOR Brooks",null,null,null,null],["0041400125",541,2,1,4,"10:37 PM","0:22","MISS Mirotic 8' Jump Shot",null,null,null,null],["0041400125",542,4,0,4,"10:37 PM","0:21",null,null,"Carter-Williams REBOUND (Off:0 Def:8)",null,null],["0041400125",543,5,1,4,"10:37 PM","0:15",null,null,"Carter-Williams Bad Pass Turnover (P3.T16)",null,null],["0041400125",544,2,1,4,"10:38 PM","0:08","MISS Butler 8' Jump Shot",null,null,null,null],["0041400125",545,4,0,4,"10:38 PM","0:08",null,null,"Bucks Rebound",null,null],["0041400125",546,9,2,4,"10:38 PM","0:08",null,null,"Bucks Timeout: Short (Reg.5 Short 1)",null,null],["0041400125",547,5,1,4,"10:39 PM","0:03",null,null,"Carter-Williams Bad Pass Turnover (P4.T17)",null,null],["0041400125",548,2,1,4,"10:39 PM","0:00","MISS Snell 25' 3PT Jump Shot",null,null,null,null],["0041400125",550,4,0,4,"10:39 PM","0:00","BULLS Rebound",null,null,null,null],["0041400125",549,13,0,4,"10:39 PM","0:00",null,null,null,"94 - 88","-6"]]},{"name":"AvailableVideo","headers":["VIDEO_AVAILABLE_FLAG"],"rowSet":[[1]]}]}