{"resource":"playbyplay","parameters":{"GameID":"0041400221","StartPeriod":0,"EndPeriod":14},"resultSets":[{"name":"PlayByPlay","headers":["GAME_ID","EVENTNUM","EVENTMSGTYPE","EVENTMSGACTIONTYPE","PERIOD","WCTIMESTRING","PCTIMESTRING","HOMEDESCRIPTION","NEUTRALDESCRIPTION","VISITORDESCRIPTION","SCORE","SCOREMARGIN"],"rowSet":[["0041400221",0,12,0,1,"3:34 PM","12:00",null,null,null,null,null],["0041400221",1,10,0,1,"3:34 PM","12:00","Jump Ball Bogut vs. Gasol: Tip to Randolph",null,null,null,null],["0041400221",2,1,79,1,"3:35 PM","11:39",null,null,"Lee 25' 3PT Pullup Jump Shot (3 PTS) (Gasol 1 AST)","3 - 0","-3"],["0041400221",3,2,79,1,"3:35 PM","11:13","MISS Thompson 13' Pullup Jump Shot",null,null,null,null],["0041400221",4,4,0,1,"3:35 PM","11:12",null,null,"Lee REBOUND (Off:0 Def:1)",null,null],["0041400221",5,2,79,1,"3:35 PM","10:56",null,null,"MISS Lee 13' Pullup Jump Shot",null,null],["0041400221",6,4,0,1,"3:35 PM","10:55","Green REBOUND (Off:0 Def:1)",null,null,null,null],["0041400221",10,1,79,1,"3:36 PM","10:29","Green 26' 3PT Pullup Jump Shot (3 PTS) (Curry 1 AST)",null,null,"3 - 3","TIE"],["0041400221",11,5,2,1,"3:36 PM","10:06","Bogut STEAL (1 STL)",null,"Lee Lost Ball Turnover (P1.T1)",null,null],["0041400221",12,1,73,1,"3:37 PM","10:00","Curry 1' Driving Reverse Layup (2 PTS) (Green 1 AST)",null,null,"3 - 5","2"],["0041400221",13,5,1,1,"3:37 PM","9:51","Curry STEAL (1 STL)",null,"Calathes Bad Pass Turnover (P1.T2)",null,null],["0041400221",14,2,80,1,"3:37 PM","9:42","MISS Curry 26' 3PT Step Back Jump Shot",null,null,null,null],["0041400221",15,4,0,1,"3:37 PM","9:42",null,null,"Randolph REBOUND (Off:0 Def:1)",null,null],["0041400221",16,2,47,1,"3:37 PM","9:32",null,null,"MISS Allen 4' Turnaround Jump Shot",null,null],["0041400221",17,4,0,1,"3:37 PM","9:31","Thompson REBOUND (Off:0 Def:1)",null,null,null,null],["0041400221",18,1,79,1,"3:37 PM","9:21","Green 27' 3PT Pullup Jump Shot (6 PTS) (Bogut 1 AST)",null,null,"3 - 8","5"],["0041400221",19,6,1,1,"3:37 PM","9:11","Curry P.FOUL (P1.T1) (S.Wright)",null,null,null,null],["0041400221",20,1,79,1,"3:38 PM","9:02",null,null,"Randolph 18' Pullup Jump Shot (2 PTS) (Calathes 1 AST)","5 - 8","3"],["0041400221",21,1,79,1,"3:38 PM","8:47","Thompson 14' Pullup Jump Shot (2 PTS) (Barnes 1 AST)",null,null,"5 - 10","5"],["0041400221",22,1,58,1,"3:38 PM","8:33",null,null,"Gasol 8' Turnaround Hook Shot (2 PTS) (Randolph 1 AST)","7 - 10","3"],["0041400221",23,5,1,1,"3:39 PM","8:21","Thompson Bad Pass Turnover (P1.T1)",null,"Gasol STEAL (1 STL)",null,null],["0041400221",24,1,77,1,"3:39 PM","8:13",null,null,"Allen 2' Driving Jump Shot (2 PTS) (Lee 1 AST)","9 - 10","1"],["0041400221",25,2,1,1,"3:39 PM","8:02","MISS Green 26' 3PT Jump Shot",null,null,null,null],["0041400221",26,4,0,1,"3:39 PM","8:00",null,null,"Gasol REBOUND (Off:0 Def:1)",null,null],["0041400221",27,2,1,1,"3:39 PM","7:44",null,null,"MISS Gasol 16' Jump Shot",null,null],["0041400221",28,4,0,1,"3:39 PM","7:43","Barnes REBOUND (Off:0 Def:1)",null,null,null,null],["0041400221",29,6,2,1,"3:39 PM","7:40",null,null,"Gasol S.FOUL (P1.T1) (J.Crawford)",null,null],["0041400221",30,3,11,1,"3:40 PM","7:40","Barnes Free Throw 1 of 2 (1 PTS)",null,null,"9 - 11","2"],["0041400221",32,3,12,1,"3:40 PM","7:40","Barnes Free Throw 2 of 2 (2 PTS)",null,null,"9 - 12","3"],["0041400221",34,1,42,1,"3:40 PM","7:24",null,null,"Allen 3' Driving Layup (4 PTS)","11 - 12","1"],["0041400221",35,1,52,1,"3:41 PM","7:13","Bogut  Alley Oop Dunk (2 PTS) (Curry 2 AST)",null,null,"11 - 14","3"],["0041400221",36,2,79,1,"3:41 PM","6:58",null,null,"MISS Calathes 4' Pullup Jump Shot",null,null],["0041400221",38,4,0,1,"3:41 PM","6:57",null,null,"Allen REBOUND (Off:1 Def:0)",null,null],["0041400221",37,2,4,1,"3:41 PM","6:57",null,null,"MISS Allen 1' Tip Shot",null,null],["0041400221",39,4,0,1,"3:41 PM","6:55","Green REBOUND (Off:0 Def:2)",null,null,null,null],["0041400221",40,5,1,1,"3:41 PM","6:51","Curry Bad Pass Turnover (P1.T2)",null,"Gasol STEAL (2 STL)",null,null],["0041400221",41,2,1,1,"3:41 PM","6:38",null,null,"MISS Randolph 4' Jump Shot",null,null],["0041400221",42,4,0,1,"3:41 PM","6:38","WARRIORS Rebound",null,null,null,null],["0041400221",43,6,3,1,"3:41 PM","6:38",null,null,"Randolph L.B.FOUL (P1.T2) (J.Crawford)",null,null],["0041400221",44,1,79,1,"3:42 PM","6:24","Green 27' 3PT Pullup Jump Shot (9 PTS) (Curry 3 AST)",null,null,"11 - 17","6"],["0041400221",45,6,2,1,"3:42 PM","6:06","Green S.FOUL (P1.T2) (S.Wright)",null,null,null,null],["0041400221",46,3,11,1,"3:42 PM","6:06",null,null,"Gasol Free Throw 1 of 2 (3 PTS)","12 - 17","5"],["0041400221",48,8,0,1,"3:43 PM","6:06","SUB: Iguodala FOR Barnes",null,null,null,null],["0041400221",49,9,1,1,"3:43 PM","6:06","WARRIORS Timeout: Regular (Full 1 Short 0)",null,null,null,null],["0041400221",51,3,12,1,"3:46 PM","6:06",null,null,"MISS Gasol Free Throw 2 of 2",null,null],["0041400221",53,4,0,1,"3:46 PM","6:05","Bogut REBOUND (Off:0 Def:1)",null,null,null,null],["0041400221",55,5,40,1,"3:46 PM","5:55","Thompson Out of Bounds Lost Ball Turnover (P2.T3)",null,null,null,null],["0041400221",56,1,80,1,"3:47 PM","5:41",null,null,"Randolph 17' Step Back Jump Shot (4 PTS) (Calathes 2 AST)","14 - 17","3"],["0041400221",57,1,8,1,"3:47 PM","5:29","Bogut  Slam Dunk (4 PTS) (Green 2 AST)",null,null,"14 - 19","5"],["0041400221",58,1,78,1,"3:47 PM","5:14",null,null,"Lee 12' Floating Jump Shot (5 PTS)","16 - 19","3"],["0041400221",59,1,75,1,"3:48 PM","5:00","Green 4' Driving Finger Roll Layup (11 PTS) (Curry 4 AST)",null,null,"16 - 21","5"],["0041400221",60,1,5,1,"3:48 PM","4:43",null,null,"Randolph 2' Layup (6 PTS) (Allen 1 AST)","18 - 21","3"],["0041400221",61,1,75,1,"3:48 PM","4:31","Curry 4' Driving Finger Roll Layup (4 PTS)",null,null,"18 - 23","5"],["0041400221",62,2,5,1,"3:48 PM","4:17",null,null,"MISS Calathes 2' Layup",null,null],["0041400221",63,4,0,1,"3:48 PM","4:16","Green REBOUND (Off:0 Def:3)",null,null,null,null],["0041400221",82,5,41,1,"3:48 PM","4:15","Green Poss Lost Ball Turnover (P1.T4)",null,"Calathes STEAL (1 STL)",null,null],["0041400221",64,2,5,1,"3:48 PM","4:13",null,null,"MISS Allen 3' Layup",null,null],["0041400221",65,4,0,1,"3:48 PM","4:12","Thompson REBOUND (Off:0 Def:2)",null,null,null,null],["0041400221",66,2,80,1,"3:48 PM","4:03","MISS Iguodala  3PT Step Back Jump Shot",null,null,null,null],["0041400221",67,4,0,1,"3:49 PM","4:02",null,null,"Randolph REBOUND (Off:0 Def:2)",null,null],["0041400221",68,6,1,1,"3:49 PM","3:56","Bogut P.FOUL (P1.T3) (T.Washington)",null,null,null,null],["0041400221",69,8,0,1,"3:49 PM","3:56","SUB: Ezeli FOR Bogut",null,null,null,null],["0041400221",74,8,0,1,"3:49 PM","3:56",null,null,"SUB: Green FOR Allen",null,null],["0041400221",70,8,0,1,"3:49 PM","3:56","SUB: Barbosa FOR Thompson",null,null,null,null],["0041400221",75,8,0,1,"3:49 PM","3:56",null,null,"SUB: Udrih FOR Calathes",null,null],["0041400221",71,5,1,1,"3:49 PM","3:41","Iguodala STEAL (1 STL)",null,"Green Bad Pass Turnover (P1.T3)",null,null],["0041400221",72,1,42,1,"3:49 PM","3:36","Barbosa 1' Driving Layup (2 PTS) (Iguodala 1 AST)",null,null,"18 - 25","7"],["0041400221",73,9,1,1,"3:50 PM","3:33",null,null,"Grizzlies Timeout: Regular (Reg.1 Short 0)",null,null],["0041400221",77,5,2,1,"3:53 PM","3:26","Green STEAL (1 STL)",null,"Gasol Lost Ball Turnover (P1.T4)",null,null],["0041400221",78,1,75,1,"3:53 PM","3:19","Iguodala 2' Driving Finger Roll Layup (2 PTS) (Green 3 AST)",null,null,"18 - 27","9"],["0041400221",79,1,47,1,"3:54 PM","3:00",null,null,"Gasol 11' Turnaround Jump Shot (5 PTS) (Udrih 1 AST)","20 - 27","7"],["0041400221",80,1,79,1,"3:54 PM","2:45","Barbosa  3PT Pullup Jump Shot (5 PTS) (Curry 5 AST)",null,null,"20 - 30","10"],["0041400221",81,5,1,1,"3:54 PM","2:25","Curry STEAL (2 STL)",null,"Green Bad Pass Turnover (P2.T5)",null,null],["0041400221",83,2,79,1,"3:54 PM","2:08","MISS Iguodala 26' 3PT Pullup Jump Shot",null,null,null,null],["0041400221",84,4,0,1,"3:54 PM","2:07",null,null,"Udrih REBOUND (Off:0 Def:1)",null,null],["0041400221",85,6,1,1,"3:55 PM","2:01","Green P.FOUL (P2.T4) (S.Wright)",null,null,null,null],["0041400221",86,8,0,1,"3:55 PM","2:01",null,null,"SUB: Carter FOR Lee",null,null],["0041400221",87,8,0,1,"3:55 PM","2:01","SUB: Barnes FOR Green",null,null,null,null],["0041400221",88,2,1,1,"3:55 PM","1:54",null,null,"MISS Green 20' Jump Shot",null,null],["0041400221",89,4,0,1,"3:55 PM","1:53",null,null,"Randolph REBOUND (Off:1 Def:2)",null,null],["0041400221",90,5,1,1,"3:55 PM","1:51","Iguodala STEAL (2 STL)",null,"Randolph Bad Pass Turnover (P1.T6)",null,null],["0041400221",91,2,1,1,"3:56 PM","1:30","MISS Iguodala 16' Jump Shot",null,null,null,null],["0041400221",92,4,0,1,"3:56 PM","1:29",null,null,"Green REBOUND (Off:0 Def:1)",null,null],["0041400221",93,1,42,1,"3:56 PM","1:23",null,null,"Green 2' Driving Layup (2 PTS)","22 - 30","8"],["0041400221",94,5,1,1,"3:56 PM","1:03","Barbosa Bad Pass Turnover (P1.T5)",null,"Carter STEAL (1 STL)",null,null],["0041400221",95,1,79,1,"3:56 PM","0:44",null,null,"Udrih 25' 3PT Pullup Jump Shot (3 PTS) (Randolph 2 AST)","25 - 30","5"],["0041400221",96,2,1,1,"3:57 PM","0:26","MISS Curry 26' 3PT Jump Shot",null,null,null,null],["0041400221",97,4,0,1,"3:57 PM","0:25","Ezeli REBOUND (Off:1 Def:0)",null,null,null,null],["0041400221",98,1,66,1,"3:57 PM","0:24","Ezeli 3' Jump Bank Shot (2 PTS)",null,null,"25 - 32","7"],["0041400221",99,2,79,1,"3:57 PM","0:05",null,null,"MISS Green 27' 3PT Pullup Jump Shot",null,null],["0041400221",100,4,0,1,"3:57 PM","0:04","Ezeli REBOUND (Off:1 Def:1)",null,null,null,null],["0041400221",102,13,0,1,"3:58 PM","0:00",null,null,null,"25 - 32","7"],["0041400221",104,12,0,2,"4:01 PM","12:00",null,null,null,"25 - 32","7"],["0041400221",105,2,66,2,"4:02 PM","11:42","MISS Speights 14' Jump Bank Shot",null,null,null,null],["0041400221",106,4,0,2,"4:02 PM","11:41",null,null,"Koufos REBOUND (Off:0 Def:1)",null,null],["0041400221",107,1,42,2,"4:02 PM","11:21",null,null,"Randolph 1' Driving Layup (8 PTS)","27 - 32","5"],["0041400221",108,1,79,2,"4:02 PM","11:04","Barnes 14' Pullup Jump Shot (4 PTS) (Livingston 1 AST)",null,null,"27 - 34","7"],["0041400221",109,1,63,2,"4:02 PM","10:45",null,null,"Randolph 18' Fadeaway Jumper (10 PTS) (Carter 1 AST)","29 - 34","5"],["0041400221",110,1,46,2,"4:03 PM","10:21","Barnes 8' Running Jump Shot (6 PTS)",null,null,"29 - 36","7"],["0041400221",111,2,1,2,"4:03 PM","10:03","Barnes BLOCK (1 BLK)",null,"MISS Carter 4' Jump Shot",null,null],["0041400221",112,4,0,2,"4:03 PM","10:01","Livingston REBOUND (Off:0 Def:1)",null,null,null,null],["0041400221",113,1,79,2,"4:03 PM","9:54","Iguodala 25' 3PT Pullup Jump Shot (5 PTS) (Barbosa 1 AST)",null,null,"29 - 39","10"],["0041400221",114,6,1,2,"4:04 PM","9:37","Speights P.FOUL (P1.T1) (T.Washington)",null,null,null,null],["0041400221",115,8,0,2,"4:04 PM","9:37","SUB: Thompson FOR Barbosa",null,null,null,null],["0041400221",116,2,1,2,"4:04 PM","9:28",null,null,"MISS Randolph 13' Jump Shot",null,null],["0041400221",117,4,0,2,"4:04 PM","9:27","Speights REBOUND (Off:0 Def:1)",null,null,null,null],["0041400221",118,5,2,2,"4:04 PM","9:21","Livingston Lost Ball Turnover (P1.T6)",null,"Carter STEAL (2 STL)",null,null],["0041400221",119,1,79,2,"4:04 PM","9:14",null,null,"Udrih 18' Pullup Jump Shot (5 PTS)","31 - 39","8"],["0041400221",120,6,2,2,"4:05 PM","9:05",null,null,"Koufos S.FOUL (P1.T1) (T.Washington)",null,null],["0041400221",121,3,11,2,"4:05 PM","9:05","Speights Free Throw 1 of 2 (1 PTS)",null,null,"31 - 40","9"],["0041400221",123,8,0,2,"4:05 PM","9:05",null,null,"SUB: Allen FOR Randolph",null,null],["0041400221",124,3,12,2,"4:05 PM","9:05","MISS Speights Free Throw 2 of 2",null,null,null,null],["0041400221",126,4,0,2,"4:05 PM","9:04",null,null,"Koufos REBOUND (Off:0 Def:2)",null,null],["0041400221",127,2,79,2,"4:06 PM","8:50",null,null,"MISS Green 8' Pullup Jump Shot",null,null],["0041400221",128,4,0,2,"4:06 PM","8:49","WARRIORS Rebound",null,null,null,null],["0041400221",129,9,4,2,"4:06 PM","8:48",null,null,null,null,null],["0041400221",131,1,85,2,"4:09 PM","8:28","Thompson 4' Turnaround Bank Shot (4 PTS)",null,null,"31 - 42","11"],["0041400221",132,2,1,2,"4:09 PM","8:12",null,null,"MISS Carter 25' 3PT Jump Shot",null,null],["0041400221",133,4,0,2,"4:10 PM","8:11","Thompson REBOUND (Off:0 Def:3)",null,null,null,null],["0041400221",134,2,77,2,"4:10 PM","8:04","MISS Thompson 7' Driving Jump Shot",null,null,null,null],["0041400221",135,4,0,2,"4:10 PM","8:03",null,null,"Koufos REBOUND (Off:0 Def:3)",null,null],["0041400221",136,2,1,2,"4:10 PM","7:52",null,null,"MISS Udrih 14' Jump Shot",null,null],["0041400221",137,4,0,2,"4:10 PM","7:51","Speights REBOUND (Off:0 Def:2)",null,null,null,null],["0041400221",138,1,79,2,"4:10 PM","7:40","Barnes 24' 3PT Pullup Jump Shot (9 PTS) (Thompson 1 AST)",null,null,"31 - 45","14"],["0041400221",139,6,1,2,"4:11 PM","7:21","Barnes P.FOUL (P1.T2) (J.Crawford)",null,null,null,null],["0041400221",140,1,46,2,"4:11 PM","7:16",null,null,"Carter 9' Running Jump Shot (2 PTS) (Koufos 1 AST)","33 - 45","12"],["0041400221",141,1,79,2,"4:11 PM","7:03","Speights 15' Pullup Jump Shot (3 PTS) (Thompson 2 AST)",null,null,"33 - 47","14"],["0041400221",142,6,2,2,"4:11 PM","7:03",null,null,"Allen S.FOUL (P1.T2) (T.Washington)",null,null],["0041400221",143,3,10,2,"4:12 PM","7:03","MISS Speights Free Throw 1 of 1",null,null,null,null],["0041400221",145,4,0,2,"4:12 PM","7:02",null,null,"Koufos REBOUND (Off:0 Def:4)",null,null],["0041400221",146,2,86,2,"4:12 PM","6:48",null,null,"MISS Green 14' Turnaround Fadeaway Shot",null,null],["0041400221",147,4,0,2,"4:12 PM","6:48","Livingston REBOUND (Off:0 Def:2)",null,null,null,null],["0041400221",148,1,58,2,"4:12 PM","6:37","Speights 8' Turnaround Hook Shot (5 PTS) (Iguodala 2 AST)",null,null,"33 - 49","16"],["0041400221",149,9,1,2,"4:12 PM","6:30",null,null,"Grizzlies Timeout: Regular (Reg.2 Short 0)",null,null],["0041400221",152,8,0,2,"4:15 PM","6:30",null,null,"SUB: Gasol FOR Koufos",null,null],["0041400221",153,6,2,2,"4:16 PM","6:14","Livingston S.FOUL (P1.T3) (T.Washington)",null,null,null,null],["0041400221",154,3,11,2,"4:16 PM","6:14",null,null,"Allen Free Throw 1 of 2 (5 PTS)","34 - 49","15"],["0041400221",156,3,12,2,"4:17 PM","6:14",null,null,"Allen Free Throw 2 of 2 (6 PTS)","35 - 49","14"],["0041400221",158,2,63,2,"4:17 PM","5:56","MISS Speights 14' Fadeaway Jumper",null,null,null,null],["0041400221",159,4,0,2,"4:17 PM","5:55",null,null,"Allen REBOUND (Off:1 Def:1)",null,null],["0041400221",160,6,2,2,"4:17 PM","5:44","Speights S.FOUL (P2.T4) (S.Wright)",null,null,null,null],["0041400221",161,3,11,2,"4:18 PM","5:44",null,null,"Gasol Free Throw 1 of 2 (6 PTS)","36 - 49","13"],["0041400221",163,8,0,2,"4:18 PM","5:44","SUB: Bogut FOR Speights",null,null,null,null],["0041400221",164,8,0,2,"4:18 PM","5:44",null,null,"SUB: Calathes FOR Udrih",null,null],["0041400221",165,8,0,2,"4:18 PM","5:44",null,null,"SUB: Lee FOR Carter",null,null],["0041400221",166,8,0,2,"4:18 PM","5:44","SUB: Curry FOR Iguodala",null,null,null,null],["0041400221",167,3,12,2,"4:18 PM","5:44",null,null,"Gasol Free Throw 2 of 2 (7 PTS)","37 - 49","12"],["0041400221",169,5,2,2,"4:19 PM","5:24","Curry Lost Ball Turnover (P2.T7)",null,"Allen STEAL (1 STL)",null,null],["0041400221",170,1,8,2,"4:19 PM","5:20",null,null,"Allen  Slam Dunk (8 PTS)","39 - 49","10"],["0041400221",171,1,86,2,"4:19 PM","5:01","Thompson 10' Turnaround Fadeaway (6 PTS)",null,null,"39 - 51","12"],["0041400221",172,2,65,2,"4:19 PM","4:42",null,null,"MISS Green 10' Jump Hook Shot",null,null],["0041400221",173,4,0,2,"4:19 PM","4:41","Bogut REBOUND (Off:0 Def:2)",null,null,null,null],["0041400221",174,1,8,2,"4:20 PM","4:31","Livingston  Slam Dunk (2 PTS) (Thompson 3 AST)",null,null,"39 - 53","14"],["0041400221",175,2,79,2,"4:20 PM","4:01",null,null,"MISS Calathes 27' 3PT Pullup Jump Shot",null,null],["0041400221",176,4,0,2,"4:20 PM","4:00","Bogut REBOUND (Off:0 Def:3)",null,null,null,null],["0041400221",177,2,1,2,"4:20 PM","3:46","MISS Thompson 24' 3PT Jump Shot",null,null,null,null],["0041400221",178,4,0,2,"4:20 PM","3:44",null,null,"Gasol REBOUND (Off:0 Def:2)",null,null],["0041400221",179,6,2,2,"4:21 PM","3:32","Bogut S.FOUL (P2.PN) (S.Wright)",null,null,null,null],["0041400221",180,3,11,2,"4:21 PM","3:32",null,null,"Gasol Free Throw 1 of 2 (8 PTS)","40 - 53","13"],["0041400221",182,8,0,2,"4:21 PM","3:32","SUB: Green FOR Barnes",null,null,null,null],["0041400221",183,8,0,2,"4:21 PM","3:32",null,null,"SUB: Randolph FOR Green",null,null],["0041400221",184,9,1,2,"4:21 PM","3:32","WARRIORS Timeout: Regular (Full 2 Short 0)",null,null,null,null],["0041400221",186,3,12,2,"4:24 PM","3:32",null,null,"Gasol Free Throw 2 of 2 (9 PTS)","41 - 53","12"],["0041400221",188,6,2,2,"4:25 PM","3:15",null,null,"Calathes S.FOUL (P1.T3) (T.Washington)",null,null],["0041400221",189,3,11,2,"4:25 PM","3:15","Curry Free Throw 1 of 2 (5 PTS)",null,null,"41 - 54","13"],["0041400221",191,3,12,2,"4:25 PM","3:15","Curry Free Throw 2 of 2 (6 PTS)",null,null,"41 - 55","14"],["0041400221",193,1,65,2,"4:26 PM","2:59",null,null,"Randolph 11' Jump Hook Shot (12 PTS) (Gasol 2 AST)","43 - 55","12"],["0041400221",194,2,79,2,"4:26 PM","2:32","MISS Green 26' 3PT Pullup Jump Shot",null,null,null,null],["0041400221",195,4,0,2,"4:26 PM","2:31","Curry REBOUND (Off:1 Def:0)",null,null,null,null],["0041400221",196,2,1,2,"4:26 PM","2:27","MISS Curry 7' Jump Shot",null,null,null,null],["0041400221",197,4,0,2,"4:26 PM","2:27","WARRIORS Rebound",null,null,null,null],["0041400221",198,5,1,2,"4:27 PM","2:25","Curry Bad Pass Turnover (P3.T8)",null,"Calathes STEAL (2 STL)",null,null],["0041400221",199,1,79,2,"4:27 PM","2:17",null,null,"Lee 14' Pullup Jump Shot (7 PTS) (Allen 2 AST)","45 - 55","10"],["0041400221",200,2,44,2,"4:27 PM","2:02","MISS Curry 2' Reverse Layup",null,null,null,null],["0041400221",201,4,0,2,"4:27 PM","2:01",null,null,"Gasol REBOUND (Off:0 Def:3)",null,null],["0041400221",202,6,2,2,"4:27 PM","1:47","Bogut S.FOUL (P3.PN) (T.Washington)",null,null,null,null],["0041400221",203,3,11,2,"4:28 PM","1:47",null,null,"Randolph Free Throw 1 of 2 (13 PTS)","46 - 55","9"],["0041400221",205,8,0,2,"4:28 PM","1:47","SUB: Ezeli FOR Bogut",null,null,null,null],["0041400221",206,8,0,2,"4:28 PM","1:47",null,null,"SUB: Green FOR Calathes",null,null],["0041400221",207,8,0,2,"4:28 PM","1:47","SUB: Iguodala FOR Livingston",null,null,null,null],["0041400221",208,3,12,2,"4:29 PM","1:47",null,null,"Randolph Free Throw 2 of 2 (14 PTS)","47 - 55","8"],["0041400221",210,5,40,2,"4:29 PM","1:40","Green Out of Bounds Lost Ball Turnover (P2.T9)",null,null,null,null],["0041400221",211,1,56,2,"4:29 PM","1:22",null,null,"Randolph 5' Running Hook Shot (16 PTS) (Green 1 AST)","49 - 55","6"],["0041400221",212,1,79,2,"4:29 PM","1:13","Curry 27' 3PT Pullup Jump Shot (9 PTS)",null,null,"49 - 58","9"],["0041400221",213,1,79,2,"4:30 PM","0:58",null,null,"Gasol 19' Pullup Jump Shot (11 PTS) (Randolph 3 AST)","51 - 58","7"],["0041400221",214,1,79,2,"4:30 PM","0:50","Curry 25' 3PT Pullup Jump Shot (12 PTS)",null,null,"51 - 61","10"],["0041400221",215,2,1,2,"4:30 PM","0:36",null,null,"MISS Lee 25' 3PT Jump Shot",null,null],["0041400221",216,4,0,2,"4:30 PM","0:35","Iguodala REBOUND (Off:0 Def:1)",null,null,null,null],["0041400221",217,2,79,2,"4:30 PM","0:30","MISS Thompson 27' 3PT Pullup Jump Shot",null,null,null,null],["0041400221",218,4,0,2,"4:30 PM","0:29",null,null,"Lee REBOUND (Off:0 Def:2)",null,null],["0041400221",219,6,1,2,"4:31 PM","0:16","Green P.FOUL (P3.PN) (S.Wright)",null,null,null,null],["0041400221",220,3,11,2,"4:31 PM","0:16",null,null,"MISS Allen Free Throw 1 of 2",null,null],["0041400221",221,4,1,2,"4:31 PM","0:16",null,null,"Grizzlies Rebound",null,null],["0041400221",222,8,0,2,"4:31 PM","0:16","SUB: Speights FOR Ezeli",null,null,null,null],["0041400221",223,8,0,2,"4:31 PM","0:16","SUB: Barnes FOR Green",null,null,null,null],["0041400221",224,8,0,2,"4:31 PM","0:16",null,null,"SUB: Calathes FOR Randolph",null,null],["0041400221",225,3,12,2,"4:31 PM","0:16",null,null,"Allen Free Throw 2 of 2 (9 PTS)","52 - 61","9"],["0041400221",228,9,2,2,"4:32 PM","0:09","WARRIORS Timeout: Short (Full 2 Short 1)",null,null,null,null],["0041400221",229,6,1,2,"4:33 PM","0:05",null,null,"Lee P.FOUL (P1.T4) (J.Crawford)",null,null],["0041400221",231,13,0,2,"4:34 PM","0:00",null,null,null,"52 - 61","9"],["0041400221",233,12,0,3,"4:51 PM","12:00",null,null,null,"52 - 61","9"],["0041400221",234,1,79,3,"4:51 PM","11:41","Barnes 11' Pullup Jump Shot (11 PTS)",null,null,"52 - 63","11"],["0041400221",235,1,58,3,"4:51 PM","11:18",null,null,"Gasol 12' Turnaround Hook Shot (13 PTS) (Randolph 4 AST)","54 - 63","9"],["0041400221",236,1,58,3,"4:51 PM","11:10","Curry 2' Turnaround Hook Shot (14 PTS)",null,null,"54 - 65","11"],["0041400221",237,2,58,3,"4:52 PM","10:45",null,null,"MISS Randolph 8' Turnaround Hook Shot",null,null],["0041400221",238,4,0,3,"4:52 PM","10:45","Bogut REBOUND (Off:0 Def:4)",null,null,null,null],["0041400221",239,1,79,3,"4:52 PM","10:31","Green  3PT Pullup Jump Shot (14 PTS) (Thompson 4 AST)",null,null,"54 - 68","14"],["0041400221",240,5,1,3,"4:52 PM","10:20","Thompson STEAL (1 STL)",null,"Lee Bad Pass Turnover (P2.T7)",null,null],["0041400221",241,6,1,3,"4:52 PM","10:17",null,null,"Calathes P.FOUL (P2.T1) (S.Wright)",null,null],["0041400221",242,5,1,3,"4:53 PM","10:07","Green Bad Pass Turnover (P3.T10)",null,"Allen STEAL (2 STL)",null,null],["0041400221",243,6,26,3,"4:53 PM","9:51",null,null,"Gasol Offensive Charge Foul (P2.T2) (S.Wright)",null,null],["0041400221",244,5,5,3,"4:53 PM","9:51",null,null,"Gasol Foul Turnover (P2.T8)",null,null],["0041400221",245,2,79,3,"4:54 PM","9:32","MISS Green 26' 3PT Pullup Jump Shot",null,null,null,null],["0041400221",246,4,0,3,"4:54 PM","9:32",null,null,"Grizzlies Rebound",null,null],["0041400221",247,1,77,3,"4:54 PM","9:16",null,null,"Allen 6' Driving Jump Shot (11 PTS) (Randolph 5 AST)","56 - 68","12"],["0041400221",248,1,80,3,"4:54 PM","8:58","Curry 19' Step Back Jump Shot (16 PTS)",null,null,"56 - 70","14"],["0041400221",249,5,1,3,"4:55 PM","8:45","Curry STEAL (3 STL)",null,"Calathes Bad Pass Turnover (P2.T9)",null,null],["0041400221",250,2,1,3,"4:55 PM","8:37","MISS Thompson 21' Jump Shot",null,null,null,null],["0041400221",253,4,0,3,"4:55 PM","8:36","Barnes REBOUND (Off:1 Def:1)",null,null,null,null],["0041400221",332,2,45,3,"4:55 PM","8:30","MISS Curry 25' 3PT Jump Shot",null,null,null,null],["0041400221",333,4,0,3,"4:55 PM","8:28",null,null,"Grizzlies Rebound",null,null],["0041400221",254,6,3,3,"4:55 PM","8:28","Barnes L.B.FOUL (P2.T1) (S.Wright)",null,null,null,null],["0041400221",255,2,1,3,"4:56 PM","8:06",null,null,"MISS Calathes 10' Jump Shot",null,null],["0041400221",256,4,0,3,"4:56 PM","8:05","Bogut REBOUND (Off:0 Def:5)",null,null,null,null],["0041400221",257,2,1,3,"4:56 PM","8:00","MISS Curry 21' Jump Shot",null,null,null,null],["0041400221",258,4,0,3,"4:56 PM","7:59","Barnes REBOUND (Off:2 Def:1)",null,null,null,null],["0041400221",259,1,42,3,"4:56 PM","7:56","Thompson 3' Driving Layup (8 PTS) (Barnes 2 AST)",null,null,"56 - 72","16"],["0041400221",260,9,1,3,"4:56 PM","7:55",null,null,"Grizzlies Timeout: Regular (Reg.3 Short 0)",null,null],["0041400221",263,2,79,3,"5:00 PM","7:42",null,null,"MISS Lee 8' Pullup Jump Shot",null,null],["0041400221",264,4,0,3,"5:00 PM","7:41","Green REBOUND (Off:0 Def:4)",null,null,null,null],["0041400221",266,2,80,3,"5:00 PM","7:20","MISS Green 17' Step Back Jump Shot",null,null,null,null],["0041400221",267,4,0,3,"5:00 PM","7:19",null,null,"Gasol REBOUND (Off:0 Def:4)",null,null],["0041400221",268,2,56,3,"5:01 PM","6:58",null,null,"MISS Gasol 11' Running Hook Shot",null,null],["0041400221",269,4,0,3,"5:01 PM","6:57",null,null,"Randolph REBOUND (Off:2 Def:2)",null,null],["0041400221",270,1,1,3,"5:01 PM","6:49",null,null,"Randolph 16' Jump Shot (18 PTS) (Lee 2 AST)","58 - 72","14"],["0041400221",271,6,1,3,"5:01 PM","6:36",null,null,"Allen P.FOUL (P2.T3) (J.Crawford)",null,null],["0041400221",272,5,2,3,"5:01 PM","6:31","Thompson Lost Ball Turnover (P3.T11)",null,"Calathes STEAL (3 STL)",null,null],["0041400221",273,5,1,3,"5:02 PM","6:18","Curry STEAL (4 STL)",null,"Calathes Bad Pass Turnover (P3.T10)",null,null],["0041400221",274,6,1,3,"5:02 PM","6:18",null,null,"Lee P.FOUL (P2.T4) (S.Wright)",null,null],["0041400221",275,18,0,3,"5:02 PM","6:18",null,null,null,null,null],["0041400221",276,8,0,3,"5:03 PM","6:18",null,null,"SUB: Udrih FOR Calathes",null,null],["0041400221",277,1,75,3,"5:03 PM","5:58","Thompson 2' Driving Finger Roll Layup (10 PTS)",null,null,"58 - 74","16"],["0041400221",278,6,1,3,"5:04 PM","5:37","Green P.FOUL (P4.T2) (S.Wright)",null,null,null,null],["0041400221",279,8,0,3,"5:04 PM","5:37","SUB: Lee FOR Green",null,null,null,null],["0041400221",280,2,1,3,"5:05 PM","5:23",null,null,"MISS Udrih 27' 3PT Jump Shot",null,null],["0041400221",281,4,0,3,"5:05 PM","5:22",null,null,"Randolph REBOUND (Off:3 Def:2)",null,null],["0041400221",282,6,2,3,"5:05 PM","5:14","Bogut S.FOUL (P4.T3) (J.Crawford)",null,null,null,null],["0041400221",283,3,11,3,"5:05 PM","5:14",null,null,"Gasol Free Throw 1 of 2 (14 PTS)","59 - 74","15"],["0041400221",285,9,1,3,"5:05 PM","5:14","WARRIORS Timeout: Regular (Full 3 Short 1)",null,null,null,null],["0041400221",286,8,0,3,"5:09 PM","5:14","SUB: Ezeli FOR Bogut",null,null,null,null],["0041400221",287,3,12,3,"5:09 PM","5:14",null,null,"Gasol Free Throw 2 of 2 (15 PTS)","60 - 74","14"],["0041400221",289,2,56,3,"5:09 PM","4:57","MISS Lee 8' Running Hook Shot",null,null,null,null],["0041400221",290,4,0,3,"5:09 PM","4:55","Lee REBOUND (Off:1 Def:0)",null,null,null,null],["0041400221",291,1,80,3,"5:09 PM","4:46","Thompson  3PT Step Back Jump Shot (13 PTS) (Barnes 3 AST)",null,null,"60 - 77","17"],["0041400221",292,2,79,3,"5:10 PM","4:18",null,null,"MISS Udrih 25' 3PT Pullup Jump Shot",null,null],["0041400221",293,4,0,3,"5:10 PM","4:17","Ezeli REBOUND (Off:1 Def:2)",null,null,null,null],["0041400221",294,1,80,3,"5:10 PM","4:02","Curry 26' 3PT Step Back Jump Shot (19 PTS)",null,null,"60 - 80","20"],["0041400221",297,5,11,3,"5:10 PM","3:33",null,null,"Grizzlies Turnover: Shot Clock (T#11)",null,null],["0041400221",298,8,0,3,"5:11 PM","3:33","SUB: Iguodala FOR Barnes",null,null,null,null],["0041400221",299,8,0,3,"5:11 PM","3:33","SUB: Barbosa FOR Thompson",null,null,null,null],["0041400221",300,8,0,3,"5:11 PM","3:33",null,null,"SUB: Carter FOR Udrih",null,null],["0041400221",301,8,0,3,"5:11 PM","3:33",null,null,"SUB: Green FOR Gasol",null,null],["0041400221",302,6,1,3,"5:11 PM","3:18",null,null,"Randolph P.FOUL (P2.PN) (J.Crawford)",null,null],["0041400221",303,2,5,3,"5:12 PM","3:10","MISS Lee 2' Layup",null,null,null,null],["0041400221",305,4,0,3,"5:12 PM","3:09","Lee REBOUND (Off:2 Def:0)",null,null,null,null],["0041400221",304,2,5,3,"5:12 PM","3:07","MISS Lee 2' Layup",null,null,null,null],["0041400221",306,4,0,3,"5:12 PM","3:06",null,null,"Green REBOUND (Off:0 Def:2)",null,null],["0041400221",307,1,58,3,"5:12 PM","2:46",null,null,"Randolph 8' Turnaround Hook Shot (20 PTS) (Green 2 AST)","62 - 80","18"],["0041400221",308,2,79,3,"5:12 PM","2:23","MISS Iguodala 26' 3PT Pullup Jump Shot",null,null,null,null],["0041400221",309,4,0,3,"5:12 PM","2:22",null,null,"Randolph REBOUND (Off:3 Def:3)",null,null],["0041400221",310,2,63,3,"5:13 PM","2:03",null,null,"MISS Carter 11' Fadeaway Jumper",null,null],["0041400221",311,4,0,3,"5:13 PM","2:02",null,null,"Grizzlies Rebound",null,null],["0041400221",312,8,0,3,"5:13 PM","2:02","SUB: Livingston FOR Lee",null,null,null,null],["0041400221",313,1,42,3,"5:13 PM","1:54",null,null,"Allen 1' Driving Layup (13 PTS) (Green 3 AST)","64 - 80","16"],["0041400221",314,2,79,3,"5:14 PM","1:33","MISS Iguodala 13' Pullup Jump Shot",null,null,null,null],["0041400221",315,4,0,3,"5:14 PM","1:32","Livingston REBOUND (Off:1 Def:2)",null,null,null,null],["0041400221",316,1,75,3,"5:14 PM","1:18","Ezeli 3' Driving Finger Roll Layup (4 PTS) (Curry 6 AST)",null,null,"64 - 82","18"],["0041400221",317,1,82,3,"5:14 PM","1:00",null,null,"Lee 10' Driving Bank Shot (9 PTS)","66 - 82","16"],["0041400221",318,2,1,3,"5:14 PM","0:50","MISS Curry 6' Jump Shot",null,null,null,null],["0041400221",319,4,0,3,"5:14 PM","0:48",null,null,"Randolph REBOUND (Off:3 Def:4)",null,null],["0041400221",320,2,85,3,"5:15 PM","0:36",null,null,"MISS Randolph 7' Turnaround Bank Shot",null,null],["0041400221",321,4,0,3,"5:15 PM","0:36","Iguodala REBOUND (Off:0 Def:2)",null,null,null,null],["0041400221",322,6,1,3,"5:15 PM","0:36",null,null,"Randolph P.FOUL (P3.PN) (J.Crawford)",null,null],["0041400221",323,3,11,3,"5:15 PM","0:36","MISS Iguodala Free Throw 1 of 2",null,null,null,null],["0041400221",324,4,1,3,"5:15 PM","0:36","WARRIORS Rebound",null,null,null,null],["0041400221",325,3,12,3,"5:15 PM","0:36","Iguodala Free Throw 2 of 2 (6 PTS)",null,null,"66 - 83","17"],["0041400221",327,2,58,3,"5:16 PM","0:20","Ezeli BLOCK (1 BLK)",null,"MISS Randolph 4' Turnaround Hook Shot",null,null],["0041400221",328,4,0,3,"5:16 PM","0:19","Livingston REBOUND (Off:1 Def:3)",null,null,null,null],["0041400221",329,2,1,3,"5:16 PM","0:02","MISS Barbosa 21' Jump Shot",null,null,null,null],["0041400221",330,4,0,3,"5:16 PM","0:00",null,null,"Randolph REBOUND (Off:3 Def:5)",null,null],["0041400221",331,13,0,3,"5:16 PM","0:00",null,null,null,"66 - 83","17"],["0041400221",334,12,0,4,"5:20 PM","12:00",null,null,null,"66 - 83","17"],["0041400221",335,7,5,4,"5:20 PM","11:46","Barbosa Violation:Kicked Ball (J.Crawford)",null,null,null,null],["0041400221",336,1,79,4,"5:21 PM","11:40",null,null,"Udrih 14' Pullup Jump Shot (7 PTS)","68 - 83","15"],["0041400221",337,6,2,4,"5:21 PM","11:22",null,null,"Udrih S.FOUL (P1.T1) (S.Wright)",null,null],["0041400221",338,3,11,4,"5:21 PM","11:22","MISS Barbosa Free Throw 1 of 2",null,null,null,null],["0041400221",339,4,1,4,"5:21 PM","11:22","WARRIORS Rebound",null,null,null,null],["0041400221",340,3,12,4,"5:21 PM","11:22","Barbosa Free Throw 2 of 2 (6 PTS)",null,null,"68 - 84","16"],["0041400221",342,2,86,4,"5:22 PM","11:12",null,null,"MISS Carter 16' Turnaround Fadeaway Shot",null,null],["0041400221",343,4,0,4,"5:22 PM","11:10","Speights REBOUND (Off:0 Def:3)",null,null,null,null],["0041400221",344,5,1,4,"5:22 PM","10:54","Thompson Bad Pass Turnover (P4.T12)",null,"Gasol STEAL (3 STL)",null,null],["0041400221",345,6,2,4,"5:22 PM","10:48","Speights S.FOUL (P3.T1) (J.Crawford)",null,null,null,null],["0041400221",346,3,11,4,"5:23 PM","10:48",null,null,"MISS Green Free Throw 1 of 2",null,null],["0041400221",347,4,1,4,"5:23 PM","10:48",null,null,"Grizzlies Rebound",null,null],["0041400221",348,3,12,4,"5:23 PM","10:48",null,null,"Green Free Throw 2 of 2 (3 PTS)","69 - 84","15"],["0041400221",350,1,79,4,"5:23 PM","10:36","Thompson 12' Pullup Jump Shot (15 PTS) (Barbosa 2 AST)",null,null,"69 - 86","17"],["0041400221",351,2,58,4,"5:24 PM","10:22",null,null,"MISS Gasol 9' Turnaround Hook Shot",null,null],["0041400221",376,4,0,4,"5:24 PM","10:21",null,null,"Carter REBOUND (Off:1 Def:0)",null,null],["0041400221",380,2,53,4,"5:24 PM","10:21",null,null,"MISS Carter 1' Tip Shot",null,null],["0041400221",352,4,0,4,"5:24 PM","10:20","Speights REBOUND (Off:0 Def:4)",null,null,null,null],["0041400221",353,1,80,4,"5:24 PM","10:12","Speights 18' Step Back Jump Shot (7 PTS) (Livingston 2 AST)",null,null,"69 - 88","19"],["0041400221",354,1,47,4,"5:24 PM","9:50",null,null,"Gasol 11' Turnaround Jump Shot (17 PTS) (Green 4 AST)","71 - 88","17"],["0041400221",355,2,1,4,"5:24 PM","9:34","MISS Thompson 21' Jump Shot",null,null,null,null],["0041400221",356,4,0,4,"5:24 PM","9:33",null,null,"Carter REBOUND (Off:1 Def:1)",null,null],["0041400221",357,6,1,4,"5:25 PM","9:26","Barbosa P.FOUL (P1.T2) (J.Crawford)",null,null,null,null],["0041400221",358,2,79,4,"5:25 PM","9:14",null,null,"MISS Carter 26' 3PT Pullup Jump Shot",null,null],["0041400221",359,4,0,4,"5:25 PM","9:13","Iguodala REBOUND (Off:0 Def:3)",null,null,null,null],["0041400221",361,9,1,4,"5:26 PM","9:05","WARRIORS Timeout: Regular (Full 4 Short 1)",null,null,null,null],["0041400221",363,8,0,4,"5:28 PM","9:05",null,null,"SUB: Allen FOR Lee",null,null],["0041400221",364,5,1,4,"5:29 PM","8:51","Speights Bad Pass Turnover (P1.T13)",null,"Green STEAL (1 STL)",null,null],["0041400221",365,1,46,4,"5:29 PM","8:46",null,null,"Green 9' Running Jump Shot (5 PTS)","73 - 88","15"],["0041400221",366,6,2,4,"5:29 PM","8:27",null,null,"Gasol S.FOUL (P3.T2) (S.Wright)",null,null],["0041400221",367,3,11,4,"5:29 PM","8:27","Speights Free Throw 1 of 2 (8 PTS)",null,null,"73 - 89","16"],["0041400221",369,8,0,4,"5:30 PM","8:27","SUB: Green FOR Barbosa",null,null,null,null],["0041400221",370,8,0,4,"5:30 PM","8:27","SUB: Curry FOR Livingston",null,null,null,null],["0041400221",371,3,12,4,"5:30 PM","8:27","MISS Speights Free Throw 2 of 2",null,null,null,null],["0041400221",373,4,0,4,"5:30 PM","8:26",null,null,"Gasol REBOUND (Off:0 Def:5)",null,null],["0041400221",374,5,1,4,"5:30 PM","8:12","Speights STEAL (1 STL)",null,"Udrih Bad Pass Turnover (P1.T12)",null,null],["0041400221",375,1,88,4,"5:30 PM","8:09","Speights  Driving Slam Dunk (10 PTS)",null,null,"73 - 91","18"],["0041400221",377,6,2,4,"5:31 PM","7:52","Thompson S.FOUL (P1.T3) (S.Wright)",null,null,null,null],["0041400221",378,3,11,4,"5:31 PM","7:52",null,null,"Gasol Free Throw 1 of 2 (18 PTS)","74 - 91","17"],["0041400221",381,3,12,4,"5:31 PM","7:52",null,null,"Gasol Free Throw 2 of 2 (19 PTS)","75 - 91","16"],["0041400221",383,5,1,4,"5:32 PM","7:39","Curry Bad Pass Turnover (P4.T14)",null,"Udrih STEAL (1 STL)",null,null],["0041400221",384,2,1,4,"5:32 PM","7:34",null,null,"MISS Udrih 15' Jump Shot",null,null],["0041400221",385,4,0,4,"5:32 PM","7:32","Curry REBOUND (Off:1 Def:1)",null,null,null,null],["0041400221",386,2,5,4,"5:32 PM","7:25","MISS Green 2' Layup",null,null,null,null],["0041400221",387,4,0,4,"5:32 PM","7:23",null,null,"Carter REBOUND (Off:1 Def:2)",null,null],["0041400221",388,1,42,4,"5:32 PM","7:17",null,null,"Green 2' Driving Layup (7 PTS) (Carter 2 AST)","77 - 91","14"],["0041400221",389,2,1,4,"5:32 PM","6:57","MISS Thompson 21' Jump Shot",null,null,null,null],["0041400221",390,4,0,4,"5:32 PM","6:55",null,null,"Carter REBOUND (Off:1 Def:3)",null,null],["0041400221",393,2,79,4,"5:33 PM","6:51",null,null,"MISS Allen 9' Pullup Jump Shot",null,null],["0041400221",391,4,0,4,"5:33 PM","6:50","Speights REBOUND (Off:0 Def:5)",null,null,null,null],["0041400221",392,1,79,4,"5:33 PM","6:41","Thompson 28' 3PT Pullup Jump Shot (18 PTS) (Curry 7 AST)",null,null,"77 - 94","17"],["0041400221",394,1,1,4,"5:33 PM","6:19",null,null,"Allen 8' Jump Shot (15 PTS) (Gasol 3 AST)","79 - 94","15"],["0041400221",395,2,1,4,"5:33 PM","6:04","MISS Curry 24' 3PT Jump Shot",null,null,null,null],["0041400221",396,4,0,4,"5:33 PM","6:03",null,null,"Gasol REBOUND (Off:0 Def:6)",null,null],["0041400221",397,6,1,4,"5:33 PM","6:01","Speights P.FOUL (P4.T4) (T.Washington)",null,null,null,null],["0041400221",398,8,0,4,"5:34 PM","6:01","SUB: Bogut FOR Speights",null,null,null,null],["0041400221",399,8,0,4,"5:34 PM","6:01",null,null,"SUB: Randolph FOR Udrih",null,null],["0041400221",400,5,1,4,"5:34 PM","5:56","Iguodala STEAL (3 STL)",null,"Carter Bad Pass Turnover (P1.T13)",null,null],["0041400221",401,2,42,4,"5:34 PM","5:51","MISS Iguodala 2' Driving Layup",null,null,null,null],["0041400221",402,4,0,4,"5:34 PM","5:49",null,null,"Allen REBOUND (Off:1 Def:2)",null,null],["0041400221",403,1,42,4,"5:34 PM","5:44",null,null,"Green 3' Driving Layup (9 PTS) (Allen 3 AST)","81 - 94","13"],["0041400221",404,6,2,4,"5:35 PM","5:23",null,null,"Randolph S.FOUL (P4.T3) (S.Wright)",null,null],["0041400221",405,9,4,4,"5:35 PM","5:23",null,null,null,null,null],["0041400221",406,8,0,4,"5:38 PM","5:23",null,null,"SUB: Lee FOR Carter",null,null],["0041400221",407,3,11,4,"5:38 PM","5:23","Green Free Throw 1 of 2 (15 PTS)",null,null,"81 - 95","14"],["0041400221",409,3,12,4,"5:38 PM","5:23","Green Free Throw 2 of 2 (16 PTS)",null,null,"81 - 96","15"],["0041400221",411,2,1,4,"5:39 PM","5:00",null,null,"MISS Randolph 3' Jump Shot",null,null],["0041400221",412,4,0,4,"5:39 PM","4:59","Iguodala REBOUND (Off:0 Def:4)",null,null,null,null],["0041400221",413,6,1,4,"5:39 PM","4:59",null,null,"Allen P.FOUL (P3.T4) (J.Crawford)",null,null],["0041400221",414,1,79,4,"5:39 PM","4:37","Curry 26' 3PT Pullup Jump Shot (22 PTS) (Thompson 5 AST)",null,null,"81 - 99","18"],["0041400221",415,2,1,4,"5:40 PM","4:12",null,null,"MISS Lee 25' 3PT Jump Shot",null,null],["0041400221",416,4,0,4,"5:40 PM","4:11",null,null,"Gasol REBOUND (Off:1 Def:6)",null,null],["0041400221",417,6,2,4,"5:40 PM","4:08","Bogut S.FOUL (P5.PN) (J.Crawford)",null,null,null,null],["0041400221",418,3,11,4,"5:40 PM","4:08",null,null,"Gasol Free Throw 1 of 2 (20 PTS)","82 - 99","17"],["0041400221",420,3,12,4,"5:40 PM","4:08",null,null,"Gasol Free Throw 2 of 2 (21 PTS)","83 - 99","16"],["0041400221",422,2,78,4,"5:41 PM","3:50","MISS Curry 11' Floating Jump Shot",null,null,null,null],["0041400221",423,4,0,4,"5:41 PM","3:49",null,null,"Gasol REBOUND (Off:1 Def:7)",null,null],["0041400221",424,5,40,4,"5:41 PM","3:45",null,null,"Lee Out of Bounds Lost Ball Turnover (P3.T14)",null,null],["0041400221",425,2,1,4,"5:42 PM","3:30","MISS Curry 21' Jump Shot",null,null,null,null],["0041400221",426,4,0,4,"5:42 PM","3:30",null,null,"Gasol REBOUND (Off:1 Def:8)",null,null],["0041400221",427,2,1,4,"5:42 PM","3:17",null,null,"MISS Lee 17' Jump Shot",null,null],["0041400221",428,4,0,4,"5:42 PM","3:16","Iguodala REBOUND (Off:0 Def:5)",null,null,null,null],["0041400221",429,5,1,4,"5:42 PM","3:00","Iguodala Bad Pass Turnover (P1.T15)",null,"Allen STEAL (3 STL)",null,null],["0041400221",430,5,1,4,"5:42 PM","2:49","Bogut STEAL (2 STL)",null,"Green Bad Pass Turnover (P3.T15)",null,null],["0041400221",431,1,42,4,"5:42 PM","2:43","Iguodala 1' Driving Layup (8 PTS) (Thompson 6 AST)",null,null,"83 - 101","18"],["0041400221",432,9,1,4,"5:43 PM","2:40",null,null,"Grizzlies Timeout: Regular (Reg.4 Short 0)",null,null],["0041400221",433,8,0,4,"5:45 PM","2:40",null,null,"SUB: Calathes FOR Green",null,null],["0041400221",434,2,1,4,"5:46 PM","2:15",null,null,"MISS Gasol 8' Jump Shot",null,null],["0041400221",435,4,0,4,"5:46 PM","2:14","Bogut REBOUND (Off:0 Def:6)",null,null,null,null],["0041400221",436,2,1,4,"5:46 PM","1:53","MISS Green 28' 3PT Jump Shot",null,null,null,null],["0041400221",437,4,0,4,"5:46 PM","1:52","WARRIORS Rebound",null,null,null,null],["0041400221",438,5,11,4,"5:46 PM","1:52","WARRIORS Turnover: Shot Clock (T#16)",null,null,null,null],["0041400221",440,5,1,4,"5:47 PM","1:32","Green STEAL (2 STL)",null,"Gasol Bad Pass Turnover (P3.T16)",null,null],["0041400221",441,2,1,4,"5:47 PM","1:23","MISS Thompson  3PT Jump Shot",null,null,null,null],["0041400221",442,4,0,4,"5:47 PM","1:22",null,null,"Calathes REBOUND (Off:0 Def:1)",null,null],["0041400221",443,2,1,4,"5:47 PM","1:11",null,null,"MISS Allen 3' Jump Shot",null,null],["0041400221",444,4,0,4,"5:47 PM","1:09",null,null,"Allen REBOUND (Off:2 Def:2)",null,null],["0041400221",445,2,1,4,"5:48 PM","1:03",null,null,"MISS Gasol 25' 3PT Jump Shot",null,null],["0041400221",446,4,0,4,"5:48 PM","1:02","Green REBOUND (Off:0 Def:5)",null,null,null,null],["0041400221",447,2,1,4,"5:48 PM","0:41","MISS Bogut 24' 3PT Jump Shot",null,null,null,null],["0041400221",448,4,0,4,"5:48 PM","0:40",null,null,"Randolph REBOUND (Off:3 Def:6)",null,null],["0041400221",449,6,1,4,"5:48 PM","0:35","Bogut P.FOUL (P6.PN) (T.Washington)",null,null,null,null],["0041400221",450,8,0,4,"5:49 PM","0:35","SUB: Ezeli FOR Bogut",null,null,null,null],["0041400221",451,8,0,4,"5:49 PM","0:35","SUB: Holiday FOR Thompson",null,null,null,null],["0041400221",454,8,0,4,"5:49 PM","0:35",null,null,"SUB: Smith FOR Gasol",null,null],["0041400221",452,8,0,4,"5:49 PM","0:35",null,null,"SUB: Adams FOR Allen",null,null],["0041400221",453,8,0,4,"5:49 PM","0:35",null,null,"SUB: Green FOR Randolph",null,null],["0041400221",455,3,11,4,"5:49 PM","0:35",null,null,"MISS Calathes Free Throw 1 of 2",null,null],["0041400221",456,4,1,4,"5:49 PM","0:35",null,null,"Grizzlies Rebound",null,null],["0041400221",457,8,0,4,"5:49 PM","0:35","SUB: Barbosa FOR Curry",null,null,null,null],["0041400221",458,8,0,4,"5:49 PM","0:35","SUB: McAdoo FOR Green",null,null,null,null],["0041400221",459,3,12,4,"5:49 PM","0:35",null,null,"MISS Calathes Free Throw 2 of 2",null,null],["0041400221",461,4,0,4,"5:49 PM","0:34","McAdoo REBOUND (Off:0 Def:1)",null,null,null,null],["0041400221",462,2,85,4,"5:50 PM","0:15","MISS McAdoo 4' Turnaround Bank Shot",null,null,null,null],["0041400221",463,4,0,4,"5:50 PM","0:15",null,null,"Green REBOUND (Off:0 Def:1)",null,null],["0041400221",464,1,79,4,"5:50 PM","0:09",null,null,"Adams 24' 3PT Pullup Jump Shot (3 PTS) (Smith 1 AST)","86 - 101","15"],["0041400221",465,13,0,4,"5:50 PM","0:00",null,null,null,"86 - 101","15"]]},{"name":"AvailableVideo","headers":["VIDEO_AVAILABLE_FLAG"],"rowSet":[[1]]}]}