{"resource":"playbyplay","parameters":{"GameID":"0041400122","StartPeriod":0,"EndPeriod":14},"resultSets":[{"name":"PlayByPlay","headers":["GAME_ID","EVENTNUM","EVENTMSGTYPE","EVENTMSGACTIONTYPE","PERIOD","WCTIMESTRING","PCTIMESTRING","HOMEDESCRIPTION","NEUTRALDESCRIPTION","VISITORDESCRIPTION","SCORE","SCOREMARGIN"],"rowSet":[["0041400122",0,12,0,1,"8:11 PM","12:00",null,null,null,null,null],["0041400122",1,10,0,1,"8:11 PM","12:00","Jump Ball Gasol vs. Pachulia: Tip to Noah",null,null,null,null],["0041400122",2,2,1,1,"8:11 PM","11:37","MISS Rose 16' Jump Shot",null,null,null,null],["0041400122",4,4,0,1,"8:11 PM","11:35","Noah REBOUND (Off:1 Def:0)",null,null,null,null],["0041400122",3,2,4,1,"8:11 PM","11:35","MISS Noah 1' Tip Shot",null,null,null,null],["0041400122",5,4,0,1,"8:11 PM","11:34",null,null,"Antetokounmpo REBOUND (Off:0 Def:1)",null,null],["0041400122",6,2,42,1,"8:11 PM","11:21",null,null,"MISS Antetokounmpo 1' Driving Layup",null,null],["0041400122",7,4,0,1,"8:11 PM","11:20","Noah REBOUND (Off:1 Def:1)",null,null,null,null],["0041400122",8,1,1,1,"8:12 PM","11:06","Butler 20' Jump Shot (2 PTS) (Rose 1 AST)",null,null,"0 - 2","2"],["0041400122",9,6,2,1,"8:12 PM","11:06",null,null,"Carter-Williams S.FOUL (P1.T1) (B.Spooner)",null,null],["0041400122",10,3,10,1,"8:12 PM","11:06","MISS Butler Free Throw 1 of 1",null,null,null,null],["0041400122",12,4,0,1,"8:12 PM","11:03",null,null,"Carter-Williams REBOUND (Off:0 Def:1)",null,null],["0041400122",13,2,40,1,"8:12 PM","10:41","Rose BLOCK (1 BLK)",null,"MISS Pachulia 2' Layup",null,null],["0041400122",56,4,0,1,"8:12 PM","10:41","Rose REBOUND (Off:0 Def:1)",null,null,null,null],["0041400122",14,2,5,1,"8:12 PM","10:37","MISS Rose 1' Layup",null,null,null,null],["0041400122",15,4,0,1,"8:12 PM","10:36",null,null,"Pachulia REBOUND (Off:0 Def:1)",null,null],["0041400122",16,2,1,1,"8:12 PM","10:30",null,null,"MISS Middleton 26' 3PT Jump Shot",null,null],["0041400122",17,4,0,1,"8:12 PM","10:29","Noah REBOUND (Off:1 Def:2)",null,null,null,null],["0041400122",18,5,41,1,"8:13 PM","10:18","Gasol Poss Lost Ball Turnover (P1.T1)",null,"Middleton STEAL (1 STL)",null,null],["0041400122",19,5,1,1,"8:13 PM","10:14","Rose STEAL (1 STL)",null,"Middleton Bad Pass Turnover (P1.T1)",null,null],["0041400122",20,1,8,1,"8:13 PM","10:07","Gasol  Slam Dunk (2 PTS) (Noah 1 AST)",null,null,"0 - 4","4"],["0041400122",21,2,1,1,"8:13 PM","9:54",null,null,"MISS Ilyasova 26' 3PT Jump Shot",null,null],["0041400122",22,4,0,1,"8:13 PM","9:53","Dunleavy REBOUND (Off:0 Def:1)",null,null,null,null],["0041400122",23,2,1,1,"8:13 PM","9:35","MISS Butler 25' 3PT Jump Shot",null,null,null,null],["0041400122",24,4,0,1,"8:13 PM","9:34",null,null,"Antetokounmpo REBOUND (Off:0 Def:2)",null,null],["0041400122",25,2,5,1,"8:14 PM","9:20",null,null,"MISS Antetokounmpo 3' Layup",null,null],["0041400122",26,4,0,1,"8:14 PM","9:18","Butler REBOUND (Off:0 Def:1)",null,null,null,null],["0041400122",27,5,1,1,"8:14 PM","9:02","Noah Bad Pass Turnover (P1.T2)",null,"Pachulia STEAL (1 STL)",null,null],["0041400122",28,1,5,1,"8:14 PM","8:56",null,null,"Middleton 1' Layup (2 PTS)","2 - 4","2"],["0041400122",29,2,1,1,"8:14 PM","8:31","MISS Gasol 17' Jump Shot",null,null,null,null],["0041400122",30,4,0,1,"8:14 PM","8:30",null,null,"Pachulia REBOUND (Off:0 Def:2)",null,null],["0041400122",31,2,1,1,"8:15 PM","8:22",null,null,"MISS Middleton 10' Jump Shot",null,null],["0041400122",32,4,0,1,"8:15 PM","8:21","Gasol REBOUND (Off:0 Def:1)",null,null,null,null],["0041400122",33,2,1,1,"8:15 PM","8:05","MISS Rose 27' 3PT Jump Shot",null,null,null,null],["0041400122",34,4,0,1,"8:15 PM","8:01",null,null,"Middleton REBOUND (Off:0 Def:1)",null,null],["0041400122",35,1,1,1,"8:15 PM","7:46",null,null,"Middleton 27' 3PT Jump Shot (5 PTS) (Pachulia 1 AST)","5 - 4","-1"],["0041400122",36,5,11,1,"8:16 PM","7:20","BULLS Turnover: Shot Clock (T#3)",null,null,null,null],["0041400122",38,2,1,1,"8:16 PM","7:08",null,null,"MISS Ilyasova 14' Jump Shot",null,null],["0041400122",39,4,0,1,"8:16 PM","7:07","Butler REBOUND (Off:0 Def:2)",null,null,null,null],["0041400122",40,2,5,1,"8:17 PM","6:56","MISS Gasol 3' Layup",null,"Antetokounmpo BLOCK (1 BLK)",null,null],["0041400122",41,4,0,1,"8:17 PM","6:55",null,null,"Antetokounmpo REBOUND (Off:0 Def:3)",null,null],["0041400122",42,6,1,1,"8:17 PM","6:55","Butler P.FOUL (P1.T1) (M.McCutchen)",null,null,null,null],["0041400122",43,1,41,1,"8:17 PM","6:42",null,null,"Antetokounmpo 2' Running Layup (2 PTS) (Pachulia 2 AST)","7 - 4","-3"],["0041400122",44,2,1,1,"8:17 PM","6:16","MISS Dunleavy 21' Jump Shot",null,null,null,null],["0041400122",45,4,0,1,"8:17 PM","6:14",null,null,"Pachulia REBOUND (Off:0 Def:3)",null,null],["0041400122",46,2,1,1,"8:18 PM","5:57",null,null,"MISS Middleton 26' 3PT Jump Shot",null,null],["0041400122",47,4,0,1,"8:18 PM","5:55","Butler REBOUND (Off:0 Def:3)",null,null,null,null],["0041400122",48,5,2,1,"8:18 PM","5:50","Gasol Lost Ball Turnover (P2.T4)",null,"Antetokounmpo STEAL (1 STL)",null,null],["0041400122",49,2,41,1,"8:18 PM","5:45",null,null,"MISS Antetokounmpo 1' Running Layup",null,null],["0041400122",50,4,0,1,"8:18 PM","5:43","Rose REBOUND (Off:0 Def:2)",null,null,null,null],["0041400122",51,2,1,1,"8:18 PM","5:31","MISS Rose 25' 3PT Jump Shot",null,null,null,null],["0041400122",52,4,0,1,"8:18 PM","5:29",null,null,"Ilyasova REBOUND (Off:0 Def:1)",null,null],["0041400122",53,9,1,1,"8:18 PM","5:28",null,null,"Bucks Timeout: Regular (Reg.1 Short 0)",null,null],["0041400122",54,8,0,1,"8:21 PM","5:28",null,null,"SUB: Henson FOR Pachulia",null,null],["0041400122",58,2,5,1,"8:21 PM","5:18",null,null,"MISS Middleton 2' Layup",null,null],["0041400122",59,4,0,1,"8:21 PM","5:17","Gasol REBOUND (Off:0 Def:2)",null,null,null,null],["0041400122",61,5,2,1,"8:21 PM","5:12","Rose Lost Ball Turnover (P1.T5)",null,"Carter-Williams STEAL (1 STL)",null,null],["0041400122",63,2,5,1,"8:22 PM","4:56",null,null,"MISS Ilyasova 2' Layup",null,null],["0041400122",65,4,0,1,"8:22 PM","4:55","Rose REBOUND (Off:0 Def:3)",null,null,null,null],["0041400122",67,1,66,1,"8:22 PM","4:36","Noah 6' Jump Bank Shot (2 PTS) (Dunleavy 1 AST)",null,null,"7 - 6","-1"],["0041400122",68,1,5,1,"8:22 PM","4:20",null,null,"Henson 3' Layup (2 PTS) (Carter-Williams 1 AST)","9 - 6","-3"],["0041400122",69,6,2,1,"8:22 PM","4:20","Gasol S.FOUL (P1.T2) (B.Spooner)",null,null,null,null],["0041400122",70,8,0,1,"8:23 PM","4:20",null,null,"SUB: Dudley FOR Ilyasova",null,null],["0041400122",75,8,0,1,"8:23 PM","4:20","SUB: Gibson FOR Noah",null,null,null,null],["0041400122",71,3,10,1,"8:23 PM","4:20",null,null,"MISS Henson Free Throw 1 of 1",null,null],["0041400122",73,4,0,1,"8:23 PM","4:16",null,null,"Dudley REBOUND (Off:1 Def:0)",null,null],["0041400122",74,6,2,1,"8:23 PM","4:13","Gibson S.FOUL (P1.T3) (J.Williams)",null,null,null,null],["0041400122",76,3,11,1,"8:23 PM","4:13",null,null,"Antetokounmpo Free Throw 1 of 2 (3 PTS)","10 - 6","-4"],["0041400122",78,3,12,1,"8:24 PM","4:13",null,null,"Antetokounmpo Free Throw 2 of 2 (4 PTS)","11 - 6","-5"],["0041400122",80,5,2,1,"8:24 PM","3:58","Gibson Lost Ball Turnover (P1.T6)",null,"Dudley STEAL (1 STL)",null,null],["0041400122",81,1,3,1,"8:24 PM","3:48",null,null,"Henson 1' Hook Shot (4 PTS) (Antetokounmpo 1 AST)","13 - 6","-7"],["0041400122",82,2,1,1,"8:25 PM","3:29","MISS Butler 27' 3PT Jump Shot",null,null,null,null],["0041400122",83,4,0,1,"8:25 PM","3:28","Rose REBOUND (Off:1 Def:3)",null,null,null,null],["0041400122",84,1,1,1,"8:25 PM","3:24","Dunleavy 26' 3PT Jump Shot (3 PTS) (Rose 2 AST)",null,null,"13 - 9","-4"],["0041400122",85,2,58,1,"8:25 PM","3:06",null,null,"MISS Henson 11' Turnaround Hook Shot",null,null],["0041400122",86,4,0,1,"8:25 PM","3:05","Gasol REBOUND (Off:0 Def:3)",null,null,null,null],["0041400122",87,2,1,1,"8:25 PM","2:46","MISS Dunleavy 25' 3PT Jump Shot",null,null,null,null],["0041400122",88,4,0,1,"8:25 PM","2:44","Gibson REBOUND (Off:1 Def:0)",null,null,null,null],["0041400122",89,2,1,1,"8:25 PM","2:41","MISS Dunleavy 26' 3PT Jump Shot",null,null,null,null],["0041400122",90,4,0,1,"8:25 PM","2:40",null,null,"Middleton REBOUND (Off:0 Def:2)",null,null],["0041400122",91,2,5,1,"8:26 PM","2:31","Gibson BLOCK (1 BLK)",null,"MISS Antetokounmpo 3' Layup",null,null],["0041400122",92,4,0,1,"8:26 PM","2:29","Gasol REBOUND (Off:0 Def:4)",null,null,null,null],["0041400122",93,2,41,1,"8:26 PM","2:25","MISS Dunleavy 2' Running Layup",null,null,null,null],["0041400122",94,4,0,1,"8:26 PM","2:24",null,null,"Dudley REBOUND (Off:1 Def:1)",null,null],["0041400122",95,2,1,1,"8:26 PM","2:07",null,null,"MISS Carter-Williams  3PT Jump Shot",null,null],["0041400122",96,4,0,1,"8:26 PM","2:05",null,null,"Henson REBOUND (Off:1 Def:0)",null,null],["0041400122",97,2,1,1,"8:26 PM","1:43",null,null,"MISS Carter-Williams 17' Jump Shot",null,null],["0041400122",98,4,0,1,"8:26 PM","1:41","Gasol REBOUND (Off:0 Def:5)",null,null,null,null],["0041400122",99,2,1,1,"8:27 PM","1:28","MISS Butler  3PT Jump Shot",null,null,null,null],["0041400122",100,4,0,1,"8:27 PM","1:26","Rose REBOUND (Off:2 Def:3)",null,null,null,null],["0041400122",101,2,1,1,"8:27 PM","1:24","MISS Rose 13' Jump Shot",null,null,null,null],["0041400122",102,4,0,1,"8:27 PM","1:23","Gasol REBOUND (Off:1 Def:5)",null,null,null,null],["0041400122",103,2,5,1,"8:27 PM","1:20","MISS Gasol 1' Layup",null,null,null,null],["0041400122",105,4,0,1,"8:27 PM","1:20","Gasol REBOUND (Off:2 Def:5)",null,null,null,null],["0041400122",107,6,2,1,"8:27 PM","1:20",null,null,"Antetokounmpo S.FOUL (P1.T2) (M.McCutchen)",null,null],["0041400122",108,9,1,1,"8:27 PM","1:20","BULLS Timeout: Regular (Full 1 Short 0)",null,null,null,null],["0041400122",110,8,0,1,"8:30 PM","1:20","SUB: Snell FOR Dunleavy",null,null,null,null],["0041400122",111,8,0,1,"8:30 PM","1:20","SUB: Mirotic FOR Butler",null,null,null,null],["0041400122",112,8,0,1,"8:30 PM","1:20",null,null,"SUB: Bayless FOR Middleton",null,null],["0041400122",113,8,0,1,"8:30 PM","1:20",null,null,"SUB: Mayo FOR Carter-Williams",null,null],["0041400122",114,3,11,1,"8:30 PM","1:20","MISS Gasol Free Throw 1 of 2",null,null,null,null],["0041400122",115,4,1,1,"8:30 PM","1:20","BULLS Rebound",null,null,null,null],["0041400122",116,3,12,1,"8:30 PM","1:20","MISS Gasol Free Throw 2 of 2",null,null,null,null],["0041400122",118,4,0,1,"8:30 PM","1:19",null,null,"Henson REBOUND (Off:1 Def:1)",null,null],["0041400122",120,6,1,1,"8:30 PM","1:10","Gibson P.FOUL (P2.T4) (B.Spooner)",null,null,null,null],["0041400122",121,2,1,1,"8:31 PM","1:00",null,null,"MISS Antetokounmpo 19' Jump Shot",null,null],["0041400122",122,4,0,1,"8:31 PM","0:59",null,null,"Henson REBOUND (Off:2 Def:1)",null,null],["0041400122",123,2,1,1,"8:31 PM","0:52","Gibson BLOCK (2 BLK)",null,"MISS Dudley 12' Jump Shot",null,null],["0041400122",124,4,0,1,"8:31 PM","0:50","Mirotic REBOUND (Off:0 Def:1)",null,null,null,null],["0041400122",125,1,5,1,"8:31 PM","0:28","Gasol 1' Layup (4 PTS) (Rose 3 AST)",null,null,"13 - 11","-2"],["0041400122",126,1,1,1,"8:32 PM","0:05",null,null,"Dudley  3PT Jump Shot (3 PTS) (Antetokounmpo 2 AST)","16 - 11","-5"],["0041400122",127,5,2,1,"8:32 PM","0:03","Rose Lost Ball Turnover (P2.T7)",null,"Henson STEAL (1 STL)",null,null],["0041400122",128,2,1,1,"8:32 PM","0:00",null,null,"MISS Henson 41' 3PT Jump Shot",null,null],["0041400122",130,4,0,1,"8:32 PM","0:00",null,null,"Bucks Rebound",null,null],["0041400122",129,13,0,1,"8:32 PM","0:00",null,null,null,"16 - 11","-5"],["0041400122",132,12,0,2,"8:36 PM","12:00",null,null,null,"16 - 11","-5"],["0041400122",133,7,5,2,"8:36 PM","11:45","Mirotic Violation:Kicked Ball (.)",null,null,null,null],["0041400122",134,1,79,2,"8:36 PM","11:34",null,null,"Bayless 15' Pullup Jump Shot (2 PTS)","18 - 11","-7"],["0041400122",135,6,4,2,"8:37 PM","11:20","Gibson OFF.Foul (P3) (B.Spooner)",null,null,null,null],["0041400122",136,5,5,2,"8:37 PM","11:20","Gibson Foul Turnover (P2.T8)",null,null,null,null],["0041400122",137,8,0,2,"8:37 PM","11:20","SUB: Butler FOR Gibson",null,null,null,null],["0041400122",138,1,46,2,"8:37 PM","11:12",null,null,"Bayless 8' Running Jump Shot (4 PTS)","20 - 11","-9"],["0041400122",139,2,1,2,"8:38 PM","10:48","MISS Butler 16' Jump Shot",null,null,null,null],["0041400122",140,4,0,2,"8:38 PM","10:46",null,null,"Henson REBOUND (Off:2 Def:2)",null,null],["0041400122",141,2,46,2,"8:38 PM","10:41",null,null,"MISS Mayo 20' Running Jump Shot",null,null],["0041400122",142,4,0,2,"8:38 PM","10:40","Noah REBOUND (Off:1 Def:3)",null,null,null,null],["0041400122",143,1,78,2,"8:38 PM","10:30","Brooks 14' Floating Jump Shot (2 PTS)",null,null,"20 - 13","-7"],["0041400122",144,2,41,2,"8:38 PM","10:13",null,null,"MISS Bayless 2' Running Layup",null,null],["0041400122",145,4,0,2,"8:38 PM","10:12","Noah REBOUND (Off:1 Def:4)",null,null,null,null],["0041400122",146,1,5,2,"8:38 PM","10:04","Butler 3' Layup (4 PTS) (Noah 2 AST)",null,null,"20 - 15","-5"],["0041400122",147,6,2,2,"8:38 PM","10:04",null,null,"Dudley S.FOUL (P1.T1) (B.Spooner)",null,null],["0041400122",148,8,0,2,"8:39 PM","10:04",null,null,"SUB: Middleton FOR Antetokounmpo",null,null],["0041400122",149,3,10,2,"8:39 PM","10:04","Butler Free Throw 1 of 1 (5 PTS)",null,null,"20 - 16","-4"],["0041400122",151,2,1,2,"8:39 PM","9:41",null,null,"MISS Mayo 26' 3PT Jump Shot",null,null],["0041400122",152,4,0,2,"8:39 PM","9:39","Noah REBOUND (Off:1 Def:5)",null,null,null,null],["0041400122",153,5,1,2,"8:39 PM","9:33","Noah Bad Pass Turnover (P2.T9)",null,"Dudley STEAL (2 STL)",null,null],["0041400122",154,6,1,2,"8:40 PM","9:31","Noah P.FOUL (P1.T1) (J.Williams)",null,null,null,null],["0041400122",155,8,0,2,"8:40 PM","9:31",null,null,"SUB: Ilyasova FOR Dudley",null,null],["0041400122",156,2,1,2,"8:40 PM","9:18",null,null,"MISS Ilyasova 16' Jump Shot",null,null],["0041400122",157,4,0,2,"8:40 PM","9:17","Snell REBOUND (Off:0 Def:1)",null,null,null,null],["0041400122",158,6,1,2,"8:40 PM","9:02",null,null,"Henson P.FOUL (P1.T2) (B.Spooner)",null,null],["0041400122",160,1,41,2,"8:41 PM","8:55","Noah 2' Running Layup (4 PTS) (Brooks 1 AST)",null,null,"20 - 18","-2"],["0041400122",161,9,1,2,"8:42 PM","8:53",null,null,null,null,null],["0041400122",164,6,1,2,"8:42 PM","8:53","Brooks P.FOUL (P1.T2) (J.Williams)",null,null,null,null],["0041400122",165,6,16,2,"8:43 PM","8:53",null,null,null,null,null],["0041400122",166,6,16,2,"8:44 PM","8:53",null,null,null,null,null],["0041400122",168,18,2,2,"8:44 PM","8:53",null,null,null,null,null],["0041400122",169,8,0,2,"8:46 PM","8:53",null,null,"SUB: Pachulia FOR Henson",null,null],["0041400122",171,2,1,2,"8:46 PM","8:43","Butler BLOCK (1 BLK)",null,"MISS Middleton 15' Jump Shot",null,null],["0041400122",172,4,0,2,"8:46 PM","8:41","Butler REBOUND (Off:0 Def:4)",null,null,null,null],["0041400122",173,1,41,2,"8:46 PM","8:23","Butler 3' Running Layup (7 PTS) (Brooks 2 AST)",null,null,"20 - 20","TIE"],["0041400122",174,6,2,2,"8:47 PM","8:08","Mirotic S.FOUL (P1.T3) (J.Williams)",null,null,null,null],["0041400122",175,3,11,2,"8:47 PM","8:08",null,null,"Pachulia Free Throw 1 of 2 (1 PTS)","21 - 20","-1"],["0041400122",178,8,0,2,"8:47 PM","8:08",null,null,"SUB: Carter-Williams FOR Bayless",null,null],["0041400122",179,3,12,2,"8:47 PM","8:08",null,null,"MISS Pachulia Free Throw 2 of 2",null,null],["0041400122",181,4,0,2,"8:48 PM","8:06","Snell REBOUND (Off:0 Def:2)",null,null,null,null],["0041400122",182,6,1,2,"8:48 PM","7:55",null,null,"Carter-Williams P.FOUL (P2.T3) (J.Williams)",null,null],["0041400122",183,8,0,2,"8:48 PM","7:55","SUB: Rose FOR Brooks",null,null,null,null],["0041400122",184,2,41,2,"8:49 PM","7:42","MISS Rose 2' Running Layup",null,"Pachulia BLOCK (1 BLK)",null,null],["0041400122",185,4,0,2,"8:49 PM","7:41",null,null,"Bucks Rebound",null,null],["0041400122",186,1,1,2,"8:49 PM","7:22",null,null,"Pachulia 13' Jump Shot (3 PTS)","23 - 20","-3"],["0041400122",188,6,2,2,"8:49 PM","7:02",null,null,"Middleton S.FOUL (P1.T4) (J.Williams)",null,null],["0041400122",189,3,11,2,"8:50 PM","7:02","Butler Free Throw 1 of 2 (8 PTS)",null,null,"23 - 21","-2"],["0041400122",191,3,12,2,"8:50 PM","7:02","Butler Free Throw 2 of 2 (9 PTS)",null,null,"23 - 22","-1"],["0041400122",193,1,78,2,"8:50 PM","6:52",null,null,"Carter-Williams 10' Floating Jump Shot (2 PTS)","25 - 22","-3"],["0041400122",195,1,67,2,"8:51 PM","6:33","Noah 4' Hook Bank Shot (6 PTS) (Snell 1 AST)",null,null,"25 - 24","-1"],["0041400122",196,2,1,2,"8:51 PM","6:14",null,null,"MISS Pachulia 18' Jump Shot",null,null],["0041400122",197,4,0,2,"8:51 PM","6:13","Mirotic REBOUND (Off:0 Def:2)",null,null,null,null],["0041400122",198,2,46,2,"8:51 PM","6:04","MISS Mirotic 6' Running Jump Shot",null,"Pachulia BLOCK (2 BLK)",null,null],["0041400122",199,4,0,2,"8:51 PM","6:02",null,null,"Ilyasova REBOUND (Off:0 Def:2)",null,null],["0041400122",200,1,5,2,"8:51 PM","5:55",null,null,"Ilyasova 3' Layup (2 PTS) (Mayo 1 AST)","27 - 24","-3"],["0041400122",201,9,1,2,"8:51 PM","5:50","BULLS Timeout: Regular (Full 2 Short 0)",null,null,null,null],["0041400122",203,2,1,2,"8:55 PM","5:37","MISS Rose 26' 3PT Jump Shot",null,null,null,null],["0041400122",204,4,0,2,"8:55 PM","5:34","Mirotic REBOUND (Off:1 Def:2)",null,null,null,null],["0041400122",205,6,26,2,"8:55 PM","5:32","Snell Offensive Charge Foul (P1.T4) (M.McCutchen)",null,null,null,null],["0041400122",206,5,5,2,"8:55 PM","5:32","Snell Foul Turnover (P1.T10)",null,null,null,null],["0041400122",207,8,0,2,"8:56 PM","5:32","SUB: Dunleavy FOR Snell",null,null,null,null],["0041400122",208,1,44,2,"8:56 PM","5:17",null,null,"Ilyasova 2' Reverse Layup (4 PTS) (Mayo 2 AST)","29 - 24","-5"],["0041400122",209,6,2,2,"8:57 PM","4:58",null,null,"Pachulia S.FOUL (P1.PN) (M.McCutchen)",null,null],["0041400122",210,3,11,2,"8:57 PM","4:58","MISS Mirotic Free Throw 1 of 2",null,null,null,null],["0041400122",211,4,1,2,"8:57 PM","4:58","BULLS Rebound",null,null,null,null],["0041400122",212,8,0,2,"8:57 PM","4:58","SUB: Gasol FOR Noah",null,null,null,null],["0041400122",213,3,12,2,"8:57 PM","4:58","Mirotic Free Throw 2 of 2 (1 PTS)",null,null,"29 - 25","-4"],["0041400122",215,2,1,2,"8:57 PM","4:47",null,null,"MISS Middleton 17' Jump Shot",null,null],["0041400122",216,4,0,2,"8:58 PM","4:46","Gasol REBOUND (Off:2 Def:6)",null,null,null,null],["0041400122",217,2,1,2,"8:58 PM","4:26","MISS Mirotic 20' Jump Shot",null,null,null,null],["0041400122",218,4,0,2,"8:58 PM","4:24",null,null,"Carter-Williams REBOUND (Off:0 Def:2)",null,null],["0041400122",219,2,1,2,"8:58 PM","4:12","Gasol BLOCK (1 BLK)",null,"MISS Pachulia 16' Jump Shot",null,null],["0041400122",220,4,0,2,"8:58 PM","4:10","Mirotic REBOUND (Off:1 Def:3)",null,null,null,null],["0041400122",221,1,1,2,"8:58 PM","4:02","Dunleavy 26' 3PT Jump Shot (6 PTS) (Mirotic 1 AST)",null,null,"29 - 28","-1"],["0041400122",222,6,2,2,"8:59 PM","3:48","Rose S.FOUL (P1.PN) (B.Spooner)",null,null,null,null],["0041400122",223,3,11,2,"8:59 PM","3:48",null,null,"Carter-Williams Free Throw 1 of 2 (3 PTS)","30 - 28","-2"],["0041400122",225,8,0,2,"8:59 PM","3:48",null,null,"SUB: Henson FOR Pachulia",null,null],["0041400122",226,3,12,2,"8:59 PM","3:48",null,null,"Carter-Williams Free Throw 2 of 2 (4 PTS)","31 - 28","-3"],["0041400122",229,8,0,2,"9:00 PM","3:32",null,null,"SUB: Bayless FOR Carter-Williams",null,null],["0041400122",230,1,1,2,"9:00 PM","3:29","Dunleavy 24' 3PT Jump Shot (9 PTS) (Rose 4 AST)",null,null,"31 - 31","TIE"],["0041400122",231,2,1,2,"9:00 PM","3:12",null,null,"MISS Ilyasova 26' 3PT Jump Shot",null,null],["0041400122",232,4,0,2,"9:00 PM","3:10","Dunleavy REBOUND (Off:0 Def:2)",null,null,null,null],["0041400122",233,6,2,2,"9:01 PM","2:52",null,null,"Bayless S.FOUL (P1.PN) (M.McCutchen)",null,null],["0041400122",234,9,1,2,"9:01 PM","2:52",null,null,"Bucks Timeout: Regular (Reg.2 Short 0)",null,null],["0041400122",236,8,0,2,"9:03 PM","2:52",null,null,"SUB: Dudley FOR Ilyasova",null,null],["0041400122",237,8,0,2,"9:03 PM","2:52",null,null,"SUB: Antetokounmpo FOR Mayo",null,null],["0041400122",238,3,11,2,"9:04 PM","2:52","Butler Free Throw 1 of 2 (10 PTS)",null,null,"31 - 32","1"],["0041400122",240,3,12,2,"9:04 PM","2:52","MISS Butler Free Throw 2 of 2",null,null,null,null],["0041400122",242,4,0,2,"9:04 PM","2:44",null,null,"Middleton REBOUND (Off:0 Def:3)",null,null],["0041400122",245,6,1,2,"9:05 PM","2:34","Dunleavy P.FOUL (P1.PN) (M.McCutchen)",null,null,null,null],["0041400122",246,3,11,2,"9:05 PM","2:34",null,null,"Middleton Free Throw 1 of 2 (6 PTS)","32 - 32","TIE"],["0041400122",248,3,12,2,"9:05 PM","2:34",null,null,"Middleton Free Throw 2 of 2 (7 PTS)","33 - 32","-1"],["0041400122",251,2,1,2,"9:06 PM","2:14","MISS Butler 24' 3PT Jump Shot",null,null,null,null],["0041400122",252,4,0,2,"9:06 PM","2:13",null,null,"Antetokounmpo REBOUND (Off:0 Def:4)",null,null],["0041400122",254,2,1,2,"9:06 PM","2:06",null,null,"MISS Dudley 21' Jump Shot",null,null],["0041400122",255,4,0,2,"9:06 PM","2:04","Dunleavy REBOUND (Off:0 Def:3)",null,null,null,null],["0041400122",257,5,1,2,"9:06 PM","1:56","Rose Bad Pass Turnover (P3.T11)",null,"Dudley STEAL (3 STL)",null,null],["0041400122",259,1,1,2,"9:06 PM","1:46",null,null,"Middleton 26' 3PT Jump Shot (10 PTS) (Bayless 1 AST)","36 - 32","-4"],["0041400122",260,1,1,2,"9:06 PM","1:31","Mirotic 25' 3PT Jump Shot (4 PTS) (Rose 5 AST)",null,null,"36 - 35","-1"],["0041400122",262,5,1,2,"9:07 PM","1:15","Mirotic STEAL (1 STL)",null,"Antetokounmpo Bad Pass Turnover (P1.T2)",null,null],["0041400122",263,1,41,2,"9:07 PM","1:11","Mirotic 2' Running Layup (6 PTS)",null,null,"36 - 37","1"],["0041400122",264,1,46,2,"9:07 PM","0:48",null,null,"Middleton 4' Running Jump Shot (12 PTS)","38 - 37","-1"],["0041400122",265,2,1,2,"9:08 PM","0:24","MISS Mirotic 25' 3PT Jump Shot",null,null,null,null],["0041400122",266,4,0,2,"9:08 PM","0:23","BULLS Rebound",null,null,null,null],["0041400122",267,1,5,2,"9:08 PM","0:01","Mirotic 3' Layup (8 PTS) (Rose 6 AST)",null,null,"38 - 39","1"],["0041400122",268,13,0,2,"9:09 PM","0:00",null,null,null,"38 - 39","1"],["0041400122",270,12,0,3,"9:27 PM","12:00",null,null,null,"38 - 39","1"],["0041400122",271,2,41,3,"9:27 PM","11:38",null,null,"MISS Antetokounmpo 2' Running Layup",null,null],["0041400122",272,4,0,3,"9:27 PM","11:34","Noah REBOUND (Off:1 Def:6)",null,null,null,null],["0041400122",273,1,3,3,"9:27 PM","11:30","Gasol 6' Hook Shot (6 PTS) (Noah 3 AST)",null,null,"38 - 41","3"],["0041400122",274,1,1,3,"9:27 PM","11:05",null,null,"Middleton 15' Jump Shot (14 PTS)","40 - 41","1"],["0041400122",275,1,1,3,"9:28 PM","10:46","Butler 17' Jump Shot (12 PTS)",null,null,"40 - 43","3"],["0041400122",276,1,44,3,"9:28 PM","10:34",null,null,"Carter-Williams 2' Reverse Layup (6 PTS)","42 - 43","1"],["0041400122",277,6,2,3,"9:28 PM","10:34","Rose S.FOUL (P2.T1) (J.Williams)",null,null,null,null],["0041400122",278,3,10,3,"9:28 PM","10:34",null,null,"MISS Carter-Williams Free Throw 1 of 1",null,null],["0041400122",280,4,0,3,"9:28 PM","10:33","Noah REBOUND (Off:1 Def:7)",null,null,null,null],["0041400122",281,2,1,3,"9:29 PM","10:18","MISS Dunleavy 26' 3PT Jump Shot",null,"Ilyasova BLOCK (1 BLK)",null,null],["0041400122",282,4,0,3,"9:29 PM","10:16","Dunleavy REBOUND (Off:1 Def:3)",null,null,null,null],["0041400122",283,1,1,3,"9:29 PM","10:13","Rose 26' 3PT Jump Shot (3 PTS) (Dunleavy 2 AST)",null,null,"42 - 46","4"],["0041400122",291,2,45,3,"9:29 PM","10:00",null,null,"MISS Ilyasova 24' 3PT Jump Shot",null,null],["0041400122",284,4,0,3,"9:29 PM","10:00","Gasol REBOUND (Off:2 Def:7)",null,null,null,null],["0041400122",285,6,29,3,"9:30 PM","9:54",null,null,"Middleton Shooting Block Foul (P2.T1) (B.Spooner)",null,null],["0041400122",286,3,11,3,"9:30 PM","9:54","Rose Free Throw 1 of 2 (4 PTS)",null,null,"42 - 47","5"],["0041400122",288,3,12,3,"9:30 PM","9:54","Rose Free Throw 2 of 2 (5 PTS)",null,null,"42 - 48","6"],["0041400122",292,1,1,3,"9:30 PM","9:37",null,null,"Antetokounmpo 21' Jump Shot (6 PTS)","44 - 48","4"],["0041400122",293,2,1,3,"9:31 PM","9:22","MISS Gasol 13' Jump Shot",null,null,null,null],["0041400122",294,4,0,3,"9:31 PM","9:20","Rose REBOUND (Off:3 Def:3)",null,null,null,null],["0041400122",296,2,4,3,"9:31 PM","9:18","MISS Rose 1' Tip Shot",null,null,null,null],["0041400122",297,4,0,3,"9:31 PM","9:17",null,null,"Ilyasova REBOUND (Off:0 Def:3)",null,null],["0041400122",298,1,78,3,"9:31 PM","9:09",null,null,"Carter-Williams 5' Floating Jump Shot (8 PTS)","46 - 48","2"],["0041400122",299,2,1,3,"9:31 PM","9:00","MISS Butler 26' 3PT Jump Shot",null,null,null,null],["0041400122",300,4,0,3,"9:31 PM","8:57",null,null,"Carter-Williams REBOUND (Off:0 Def:3)",null,null],["0041400122",301,6,26,3,"9:31 PM","8:46",null,null,"Antetokounmpo Offensive Charge Foul (P2.T2) (M.McCutchen)",null,null],["0041400122",302,5,5,3,"9:31 PM","8:46",null,null,"Antetokounmpo Foul Turnover (P2.T3)",null,null],["0041400122",303,2,1,3,"9:32 PM","8:32","MISS Dunleavy 27' 3PT Jump Shot",null,null,null,null],["0041400122",304,4,0,3,"9:32 PM","8:30",null,null,"Middleton REBOUND (Off:0 Def:4)",null,null],["0041400122",305,6,2,3,"9:32 PM","8:24","Noah S.FOUL (P2.T2) (J.Williams)",null,null,null,null],["0041400122",306,3,11,3,"9:32 PM","8:24",null,null,"Ilyasova Free Throw 1 of 2 (5 PTS)","47 - 48","1"],["0041400122",308,3,12,3,"9:32 PM","8:24",null,null,"Ilyasova Free Throw 2 of 2 (6 PTS)","48 - 48","TIE"],["0041400122",311,2,1,3,"9:33 PM","8:10","MISS Rose 27' 3PT Jump Shot",null,null,null,null],["0041400122",312,4,0,3,"9:33 PM","8:09",null,null,"Antetokounmpo REBOUND (Off:0 Def:5)",null,null],["0041400122",313,2,1,3,"9:33 PM","7:46",null,null,"MISS Antetokounmpo 19' Jump Shot",null,null],["0041400122",314,4,0,3,"9:33 PM","7:45","Butler REBOUND (Off:0 Def:5)",null,null,null,null],["0041400122",315,1,63,3,"9:34 PM","7:30","Gasol 16' Fadeaway Jumper (8 PTS) (Dunleavy 3 AST)",null,null,"48 - 50","2"],["0041400122",316,6,1,3,"9:34 PM","7:16","Rose P.FOUL (P3.T3) (M.McCutchen)",null,null,null,null],["0041400122",317,1,63,3,"9:34 PM","7:10",null,null,"Pachulia 15' Fadeaway Jumper (5 PTS)","50 - 50","TIE"],["0041400122",318,2,46,3,"9:35 PM","6:52","MISS Gasol 6' Running Jump Shot",null,"Carter-Williams BLOCK (1 BLK)",null,null],["0041400122",319,4,0,3,"9:35 PM","6:48",null,null,"Antetokounmpo REBOUND (Off:0 Def:6)",null,null],["0041400122",320,2,5,3,"9:35 PM","6:46",null,null,"MISS Carter-Williams 2' Layup",null,null],["0041400122",321,4,0,3,"9:35 PM","6:45",null,null,"Ilyasova REBOUND (Off:1 Def:3)",null,null],["0041400122",322,2,5,3,"9:35 PM","6:42",null,null,"MISS Ilyasova 2' Layup",null,null],["0041400122",323,4,0,3,"9:35 PM","6:41","BULLS Rebound",null,null,null,null],["0041400122",324,1,41,3,"9:35 PM","6:25","Rose 2' Running Layup (7 PTS) (Butler 1 AST)",null,null,"50 - 52","2"],["0041400122",325,1,1,3,"9:35 PM","6:12",null,null,"Middleton 17' Jump Shot (16 PTS) (Pachulia 3 AST)","52 - 52","TIE"],["0041400122",326,6,2,3,"9:35 PM","6:12","Butler S.FOUL (P2.T4) (J.Williams)",null,null,null,null],["0041400122",327,3,10,3,"9:36 PM","6:12",null,null,"Middleton Free Throw 1 of 1 (17 PTS)","53 - 52","-1"],["0041400122",329,2,1,3,"9:36 PM","5:57","MISS Butler 24' 3PT Jump Shot",null,null,null,null],["0041400122",330,4,0,3,"9:36 PM","5:56",null,null,"Ilyasova REBOUND (Off:1 Def:4)",null,null],["0041400122",331,2,77,3,"9:36 PM","5:45",null,null,"MISS Middleton 7' Driving Jump Shot",null,null],["0041400122",332,4,0,3,"9:36 PM","5:44","Gasol REBOUND (Off:2 Def:8)",null,null,null,null],["0041400122",333,1,74,3,"9:36 PM","5:31","Butler 1' Running Reverse Layup (14 PTS) (Noah 4 AST)",null,null,"53 - 54","1"],["0041400122",334,6,2,3,"9:36 PM","5:31",null,null,"Antetokounmpo S.FOUL (P3.T3) (J.Williams)",null,null],["0041400122",335,9,1,3,"9:37 PM","5:31","BULLS Timeout: Regular (Full 3 Short 0)",null,null,null,null],["0041400122",338,8,0,3,"9:39 PM","5:31",null,null,"SUB: Mayo FOR Antetokounmpo",null,null],["0041400122",339,8,0,3,"9:39 PM","5:31",null,null,"SUB: Henson FOR Pachulia",null,null],["0041400122",340,3,10,3,"9:39 PM","5:31","Butler Free Throw 1 of 1 (15 PTS)",null,null,"53 - 55","2"],["0041400122",342,1,77,3,"9:40 PM","5:19",null,null,"Carter-Williams 6' Driving Jump Shot (10 PTS)","55 - 55","TIE"],["0041400122",343,2,1,3,"9:40 PM","5:04","MISS Dunleavy 27' 3PT Jump Shot",null,null,null,null],["0041400122",344,4,0,3,"9:40 PM","5:03",null,null,"Ilyasova REBOUND (Off:1 Def:5)",null,null],["0041400122",345,2,74,3,"9:41 PM","4:55","Gasol BLOCK (2 BLK)",null,"MISS Carter-Williams 2' Running Reverse Layup",null,null],["0041400122",346,4,0,3,"9:41 PM","4:51",null,null,"Middleton REBOUND (Off:1 Def:4)",null,null],["0041400122",347,1,1,3,"9:41 PM","4:47",null,null,"Middleton 24' 3PT Jump Shot (20 PTS)","58 - 55","-3"],["0041400122",348,6,1,3,"9:41 PM","4:38",null,null,"Ilyasova P.FOUL (P1.T4) (J.Williams)",null,null],["0041400122",349,6,2,3,"9:41 PM","4:34",null,null,"Carter-Williams S.FOUL (P3.PN) (M.McCutchen)",null,null],["0041400122",350,3,11,3,"9:42 PM","4:34","Rose Free Throw 1 of 2 (8 PTS)",null,null,"58 - 56","-2"],["0041400122",352,8,0,3,"9:42 PM","4:34","SUB: Gibson FOR Noah",null,null,null,null],["0041400122",353,3,12,3,"9:42 PM","4:34","Rose Free Throw 2 of 2 (9 PTS)",null,null,"58 - 57","-1"],["0041400122",356,5,1,3,"9:42 PM","4:24",null,null,"Carter-Williams Bad Pass Turnover (P1.T4)",null,null],["0041400122",357,6,2,3,"9:43 PM","4:20",null,null,"Mayo S.FOUL (P1.PN) (J.Williams)",null,null],["0041400122",358,3,11,3,"9:43 PM","4:20","MISS Butler Free Throw 1 of 2",null,null,null,null],["0041400122",359,4,1,3,"9:43 PM","4:20","BULLS Rebound",null,null,null,null],["0041400122",360,3,12,3,"9:43 PM","4:20","MISS Butler Free Throw 2 of 2",null,null,null,null],["0041400122",362,4,0,3,"9:43 PM","4:18","Butler REBOUND (Off:1 Def:5)",null,null,null,null],["0041400122",363,1,1,3,"9:43 PM","4:05","Rose 27' 3PT Jump Shot (12 PTS) (Butler 2 AST)",null,null,"58 - 60","2"],["0041400122",364,1,3,3,"9:44 PM","3:47",null,null,"Henson 6' Hook Shot (6 PTS) (Carter-Williams 2 AST)","60 - 60","TIE"],["0041400122",365,1,1,3,"9:44 PM","3:30","Dunleavy 24' 3PT Jump Shot (12 PTS) (Gasol 1 AST)",null,null,"60 - 63","3"],["0041400122",367,1,5,3,"9:44 PM","3:12",null,null,"Ilyasova 2' Layup (8 PTS) (Mayo 3 AST)","62 - 63","1"],["0041400122",368,1,44,3,"9:44 PM","2:53","Butler 2' Reverse Layup (17 PTS) (Rose 7 AST)",null,null,"62 - 65","3"],["0041400122",369,2,5,3,"9:45 PM","2:37","Gibson BLOCK (3 BLK)",null,"MISS Carter-Williams 2' Layup",null,null],["0041400122",370,4,0,3,"9:45 PM","2:35","Gasol REBOUND (Off:2 Def:9)",null,null,null,null],["0041400122",371,6,1,3,"9:45 PM","2:35",null,null,"Henson P.FOUL (P2.PN) (B.Spooner)",null,null],["0041400122",372,9,1,3,"9:45 PM","2:35",null,null,"Bucks Timeout: Regular (Reg.3 Short 0)",null,null],["0041400122",374,8,0,3,"9:48 PM","2:35",null,null,"SUB: Dudley FOR Ilyasova",null,null],["0041400122",375,8,0,3,"9:48 PM","2:35",null,null,"SUB: Antetokounmpo FOR Middleton",null,null],["0041400122",376,8,0,3,"9:48 PM","2:35",null,null,"SUB: Bayless FOR Carter-Williams",null,null],["0041400122",377,3,11,3,"9:48 PM","2:35","Gasol Free Throw 1 of 2 (9 PTS)",null,null,"62 - 66","4"],["0041400122",379,3,12,3,"9:48 PM","2:35","Gasol Free Throw 2 of 2 (10 PTS)",null,null,"62 - 67","5"],["0041400122",381,2,5,3,"9:49 PM","2:20","Gasol BLOCK (3 BLK)",null,"MISS Henson 2' Layup",null,null],["0041400122",382,4,0,3,"9:49 PM","2:17",null,null,"Henson REBOUND (Off:3 Def:2)",null,null],["0041400122",383,1,72,3,"9:49 PM","2:15",null,null,"Henson 2' Putback Layup (8 PTS)","64 - 67","3"],["0041400122",384,6,1,3,"9:49 PM","2:00",null,null,"Henson P.FOUL (P3.PN) (J.Williams)",null,null],["0041400122",385,3,11,3,"9:49 PM","2:00","Gasol Free Throw 1 of 2 (11 PTS)",null,null,"64 - 68","4"],["0041400122",386,8,0,3,"9:49 PM","2:00","SUB: Brooks FOR Rose",null,null,null,null],["0041400122",387,3,12,3,"9:50 PM","2:00","MISS Gasol Free Throw 2 of 2",null,null,null,null],["0041400122",389,4,0,3,"9:50 PM","1:59",null,null,"Mayo REBOUND (Off:0 Def:1)",null,null],["0041400122",391,2,3,3,"9:50 PM","1:43",null,null,"MISS Henson 3' Hook Shot",null,null],["0041400122",392,4,0,3,"9:50 PM","1:42","Dunleavy REBOUND (Off:1 Def:4)",null,null,null,null],["0041400122",393,5,1,3,"9:50 PM","1:31","Gasol Bad Pass Turnover (P3.T12)",null,"Antetokounmpo STEAL (2 STL)",null,null],["0041400122",394,2,1,3,"9:50 PM","1:24",null,null,"MISS Mayo 25' 3PT Jump Shot",null,null],["0041400122",395,4,0,3,"9:50 PM","1:20","Gasol REBOUND (Off:2 Def:10)",null,null,null,null],["0041400122",396,2,1,3,"9:50 PM","1:16","MISS Butler 20' Jump Shot",null,null,null,null],["0041400122",397,4,0,3,"9:51 PM","1:13",null,null,"Dudley REBOUND (Off:1 Def:2)",null,null],["0041400122",398,1,1,3,"9:51 PM","1:00",null,null,"Mayo 21' Jump Shot (2 PTS)","66 - 68","2"],["0041400122",399,1,1,3,"9:51 PM","0:41","Brooks 26' 3PT Jump Shot (5 PTS) (Gasol 2 AST)",null,null,"66 - 71","5"],["0041400122",400,1,78,3,"9:51 PM","0:32",null,null,"Bayless 5' Floating Jump Shot (6 PTS)","68 - 71","3"],["0041400122",401,2,56,3,"9:52 PM","0:15","MISS Gasol 5' Running Hook Shot",null,null,null,null],["0041400122",402,4,0,3,"9:52 PM","0:13",null,null,"Bayless REBOUND (Off:0 Def:1)",null,null],["0041400122",403,2,1,3,"9:52 PM","0:00",null,null,"MISS Bayless 21' Jump Shot",null,null],["0041400122",404,4,0,3,"9:52 PM","0:00","Gasol REBOUND (Off:2 Def:11)",null,null,null,null],["0041400122",405,13,0,3,"9:52 PM","0:00",null,null,null,"68 - 71","3"],["0041400122",407,12,0,4,"9:56 PM","12:00",null,null,null,"68 - 71","3"],["0041400122",408,6,1,4,"9:56 PM","11:49",null,null,"Antetokounmpo P.FOUL (P4.T1) (J.Williams)",null,null],["0041400122",409,8,0,4,"9:56 PM","11:49","SUB: Mirotic FOR Snell",null,null,null,null],["0041400122",410,6,1,4,"9:57 PM","11:38",null,null,"Bayless P.FOUL (P2.T2) (B.Spooner)",null,null],["0041400122",411,2,1,4,"9:57 PM","11:22","MISS Mirotic 6' Jump Shot",null,null,null,null],["0041400122",413,4,0,4,"9:57 PM","11:19","Noah REBOUND (Off:2 Def:7)",null,null,null,null],["0041400122",412,2,4,4,"9:57 PM","11:19","MISS Noah 2' Tip Shot",null,null,null,null],["0041400122",415,4,0,4,"9:57 PM","11:18","Noah REBOUND (Off:3 Def:7)",null,null,null,null],["0041400122",414,2,5,4,"9:57 PM","11:18","MISS Noah 2' Layup",null,null,null,null],["0041400122",416,4,0,4,"9:57 PM","11:16",null,null,"Mayo REBOUND (Off:0 Def:2)",null,null],["0041400122",418,6,2,4,"9:58 PM","10:57","Gibson S.FOUL (P4.T1) (M.McCutchen)",null,null,null,null],["0041400122",419,3,11,4,"9:58 PM","10:57",null,null,"Bayless Free Throw 1 of 2 (7 PTS)","69 - 71","2"],["0041400122",421,3,12,4,"9:58 PM","10:57",null,null,"Bayless Free Throw 2 of 2 (8 PTS)","70 - 71","1"],["0041400122",423,5,1,4,"9:58 PM","10:42","Gibson Bad Pass Turnover (P3.T13)",null,"Dudley STEAL (4 STL)",null,null],["0041400122",424,1,5,4,"9:59 PM","10:34",null,null,"Mayo 2' Layup (4 PTS)","72 - 71","-1"],["0041400122",425,9,1,4,"9:59 PM","10:34","BULLS Timeout: Regular (Full 4 Short 0)",null,null,null,null],["0041400122",427,8,0,4,"10:01 PM","10:34","SUB: Dunleavy FOR Gibson",null,null,null,null],["0041400122",429,2,1,4,"10:02 PM","10:15","MISS Mirotic 15' Jump Shot",null,"Henson BLOCK (1 BLK)",null,null],["0041400122",430,4,0,4,"10:02 PM","10:13","Butler REBOUND (Off:2 Def:5)",null,null,null,null],["0041400122",431,2,1,4,"10:02 PM","10:09","MISS Brooks 27' 3PT Jump Shot",null,null,null,null],["0041400122",432,4,0,4,"10:02 PM","10:09","BULLS Rebound",null,null,null,null],["0041400122",433,5,11,4,"10:02 PM","10:09","BULLS Turnover: Shot Clock (T#14)",null,null,null,null],["0041400122",434,1,1,4,"10:02 PM","9:53",null,null,"Mayo 15' Jump Shot (6 PTS)","74 - 71","-3"],["0041400122",435,2,1,4,"10:03 PM","9:36","MISS Dunleavy 20' Jump Shot",null,null,null,null],["0041400122",436,4,0,4,"10:03 PM","9:35",null,null,"Bayless REBOUND (Off:0 Def:2)",null,null],["0041400122",437,2,47,4,"10:03 PM","9:15",null,null,"MISS Antetokounmpo 14' Turnaround Jump Shot",null,null],["0041400122",438,4,0,4,"10:03 PM","9:14","Noah REBOUND (Off:3 Def:8)",null,null,null,null],["0041400122",439,1,1,4,"10:03 PM","9:02","Butler 26' 3PT Jump Shot (20 PTS)",null,null,"74 - 74","TIE"],["0041400122",440,2,1,4,"10:04 PM","8:44",null,null,"MISS Dudley 27' 3PT Jump Shot",null,null],["0041400122",441,4,0,4,"10:04 PM","8:43","Dunleavy REBOUND (Off:1 Def:5)",null,null,null,null],["0041400122",442,2,41,4,"10:04 PM","8:30","MISS Noah 1' Running Layup",null,"Henson BLOCK (2 BLK)",null,null],["0041400122",443,4,0,4,"10:04 PM","8:28",null,null,"Henson REBOUND (Off:3 Def:3)",null,null],["0041400122",444,2,1,4,"10:04 PM","8:20",null,null,"MISS Bayless 21' Jump Shot",null,null],["0041400122",445,4,0,4,"10:04 PM","8:19","Noah REBOUND (Off:3 Def:9)",null,null,null,null],["0041400122",446,6,2,4,"10:04 PM","8:10",null,null,"Henson S.FOUL (P4.T3) (J.Williams)",null,null],["0041400122",448,3,11,4,"10:05 PM","8:10","MISS Butler Free Throw 1 of 2",null,null,null,null],["0041400122",449,4,1,4,"10:05 PM","8:10","BULLS Rebound",null,null,null,null],["0041400122",447,8,0,4,"10:05 PM","8:10","SUB: Rose FOR Dunleavy",null,null,null,null],["0041400122",450,8,0,4,"10:05 PM","8:10",null,null,"SUB: Carter-Williams FOR Bayless",null,null],["0041400122",451,8,0,4,"10:05 PM","8:10",null,null,"SUB: Middleton FOR Mayo",null,null],["0041400122",452,8,0,4,"10:05 PM","8:10","SUB: Snell FOR Brooks",null,null,null,null],["0041400122",453,3,12,4,"10:05 PM","8:10","Butler Free Throw 2 of 2 (21 PTS)",null,null,"74 - 75","1"],["0041400122",455,2,41,4,"10:06 PM","7:56",null,null,"MISS Carter-Williams 3' Running Layup",null,null],["0041400122",456,4,0,4,"10:06 PM","7:55","Butler REBOUND (Off:2 Def:6)",null,null,null,null],["0041400122",457,1,1,4,"10:06 PM","7:44","Snell 26' 3PT Jump Shot (3 PTS) (Noah 5 AST)",null,null,"74 - 78","4"],["0041400122",458,2,1,4,"10:06 PM","7:19",null,null,"MISS Middleton 27' 3PT Jump Shot",null,null],["0041400122",459,4,0,4,"10:06 PM","7:18","Noah REBOUND (Off:3 Def:10)",null,null,null,null],["0041400122",460,6,1,4,"10:06 PM","7:14",null,null,"Carter-Williams P.FOUL (P4.T4) (M.McCutchen)",null,null],["0041400122",461,9,1,4,"10:07 PM","7:14",null,null,"Bucks Timeout: Regular (Reg.4 Short 0)",null,null],["0041400122",463,8,0,4,"10:09 PM","7:14",null,null,"SUB: Pachulia FOR Henson",null,null],["0041400122",464,8,0,4,"10:09 PM","7:14",null,null,"SUB: Mayo FOR Dudley",null,null],["0041400122",466,1,88,4,"10:10 PM","7:07","Butler  Driving Slam Dunk (23 PTS) (Rose 8 AST)",null,null,"74 - 80","6"],["0041400122",467,6,2,4,"10:10 PM","7:07",null,null,"Pachulia S.FOUL (P2.PN) (B.Spooner)",null,null],["0041400122",468,3,10,4,"10:10 PM","7:07","Butler Free Throw 1 of 1 (24 PTS)",null,null,"74 - 81","7"],["0041400122",470,2,1,4,"10:10 PM","6:58",null,null,"MISS Middleton 18' Jump Shot",null,null],["0041400122",471,4,0,4,"10:11 PM","6:57","Noah REBOUND (Off:3 Def:11)",null,null,null,null],["0041400122",472,2,1,4,"10:11 PM","6:39","MISS Rose 17' Jump Shot",null,null,null,null],["0041400122",474,4,0,4,"10:11 PM","6:36","Noah REBOUND (Off:4 Def:11)",null,null,null,null],["0041400122",473,2,4,4,"10:11 PM","6:36","MISS Noah 1' Tip Shot",null,null,null,null],["0041400122",475,4,0,4,"10:11 PM","6:35",null,null,"Mayo REBOUND (Off:0 Def:3)",null,null],["0041400122",476,2,5,4,"10:11 PM","6:31",null,null,"MISS Mayo 2' Layup",null,null],["0041400122",478,4,0,4,"10:11 PM","6:28",null,null,"Antetokounmpo REBOUND (Off:1 Def:6)",null,null],["0041400122",477,2,5,4,"10:11 PM","6:28",null,null,"MISS Antetokounmpo 3' Layup",null,null],["0041400122",479,4,0,4,"10:11 PM","6:25",null,null,"Antetokounmpo REBOUND (Off:2 Def:6)",null,null],["0041400122",480,2,1,4,"10:11 PM","6:21",null,null,"MISS Carter-Williams 15' Jump Shot",null,null],["0041400122",481,4,0,4,"10:11 PM","6:20","Noah REBOUND (Off:4 Def:12)",null,null,null,null],["0041400122",482,1,1,4,"10:11 PM","6:01","Butler 25' 3PT Jump Shot (27 PTS) (Rose 9 AST)",null,null,"74 - 84","10"],["0041400122",483,6,1,4,"10:12 PM","5:56","Noah P.FOUL (P3.T2) (M.McCutchen)",null,null,null,null],["0041400122",484,1,1,4,"10:12 PM","5:44",null,null,"Pachulia 12' Jump Shot (7 PTS) (Antetokounmpo 3 AST)","76 - 84","8"],["0041400122",485,2,1,4,"10:12 PM","5:25","MISS Snell 27' 3PT Jump Shot",null,null,null,null],["0041400122",486,4,0,4,"10:12 PM","5:24",null,null,"Pachulia REBOUND (Off:0 Def:4)",null,null],["0041400122",487,2,1,4,"10:13 PM","5:13",null,null,"MISS Mayo 26' 3PT Jump Shot",null,null],["0041400122",488,4,0,4,"10:13 PM","5:12","Noah REBOUND (Off:4 Def:13)",null,null,null,null],["0041400122",489,6,1,4,"10:13 PM","5:10",null,null,"Mayo P.FOUL (P2.PN) (J.Williams)",null,null],["0041400122",490,3,11,4,"10:13 PM","5:10","Butler Free Throw 1 of 2 (28 PTS)",null,null,"76 - 85","9"],["0041400122",492,3,12,4,"10:14 PM","5:10","MISS Butler Free Throw 2 of 2",null,null,null,null],["0041400122",494,4,0,4,"10:14 PM","5:08",null,null,"Antetokounmpo REBOUND (Off:2 Def:7)",null,null],["0041400122",496,2,1,4,"10:14 PM","4:56",null,null,"MISS Middleton 18' Jump Shot",null,null],["0041400122",497,4,0,4,"10:14 PM","4:55","Rose REBOUND (Off:3 Def:4)",null,null,null,null],["0041400122",498,2,41,4,"10:14 PM","4:44","MISS Noah 3' Running Layup",null,"Antetokounmpo BLOCK (2 BLK)",null,null],["0041400122",499,4,0,4,"10:14 PM","4:43",null,null,"Pachulia REBOUND (Off:0 Def:5)",null,null],["0041400122",500,6,2,4,"10:14 PM","4:37","Snell S.FOUL (P2.T3) (M.McCutchen)",null,null,null,null],["0041400122",501,3,11,4,"10:15 PM","4:37",null,null,"Mayo Free Throw 1 of 2 (7 PTS)","77 - 85","8"],["0041400122",503,8,0,4,"10:15 PM","4:37","SUB: Gasol FOR Noah",null,null,null,null],["0041400122",504,3,12,4,"10:15 PM","4:37",null,null,"Mayo Free Throw 2 of 2 (8 PTS)","78 - 85","7"],["0041400122",507,2,1,4,"10:16 PM","4:17","MISS Mirotic 26' 3PT Jump Shot",null,null,null,null],["0041400122",508,4,0,4,"10:16 PM","4:16",null,null,"Antetokounmpo REBOUND (Off:2 Def:8)",null,null],["0041400122",509,1,1,4,"10:16 PM","4:00",null,null,"Carter-Williams 19' Jump Shot (12 PTS) (Antetokounmpo 4 AST)","80 - 85","5"],["0041400122",510,6,11,4,"10:16 PM","4:00",null,null,"Pachulia T.FOUL (P2.PN) (J.Williams)",null,null],["0041400122",511,3,16,4,"10:16 PM","4:00","Rose Free Throw Technical (13 PTS)",null,null,"80 - 86","6"],["0041400122",513,1,1,4,"10:17 PM","3:43","Butler 25' 3PT Jump Shot (31 PTS)",null,null,"80 - 89","9"],["0041400122",514,2,1,4,"10:17 PM","3:26",null,null,"MISS Pachulia 17' Jump Shot",null,null],["0041400122",515,4,0,4,"10:17 PM","3:25","Gasol REBOUND (Off:2 Def:12)",null,null,null,null],["0041400122",516,2,1,4,"10:17 PM","3:06","MISS Snell  3PT Jump Shot",null,null,null,null],["0041400122",517,4,0,4,"10:17 PM","3:05",null,null,"Carter-Williams REBOUND (Off:0 Def:4)",null,null],["0041400122",518,2,1,4,"10:18 PM","2:53",null,null,"MISS Pachulia 16' Jump Shot",null,null],["0041400122",519,4,0,4,"10:18 PM","2:48",null,null,"Pachulia REBOUND (Off:1 Def:5)",null,null],["0041400122",520,9,1,4,"10:18 PM","2:48",null,null,null,null,null],["0041400122",521,6,1,4,"10:19 PM","2:48","Mirotic P.FOUL (P2.T4) (M.McCutchen)",null,null,null,null],["0041400122",522,6,16,4,"10:19 PM","2:48",null,null,null,null,null],["0041400122",524,18,0,4,"10:21 PM","2:48",null,null,null,null,null],["0041400122",525,18,2,4,"10:22 PM","2:48",null,null,null,null,null],["0041400122",526,11,1,4,"10:23 PM","2:48",null,null,"Pachulia Ejection:Second Technical",null,null],["0041400122",528,8,0,4,"10:23 PM","2:48",null,null,"SUB: Henson FOR Pachulia",null,null],["0041400122",529,8,0,4,"10:23 PM","2:48","SUB: Dunleavy FOR Mirotic",null,null,null,null],["0041400122",530,8,0,4,"10:23 PM","2:48","SUB: Noah FOR Snell",null,null,null,null],["0041400122",531,2,1,4,"10:23 PM","2:40",null,null,"MISS Mayo 4' Jump Shot",null,null],["0041400122",532,4,0,4,"10:23 PM","2:39","Butler REBOUND (Off:2 Def:7)",null,null,null,null],["0041400122",534,2,1,4,"10:24 PM","2:19","MISS Butler 6' Jump Shot",null,"Middleton BLOCK (1 BLK)",null,null],["0041400122",535,4,0,4,"10:24 PM","2:17",null,null,"Antetokounmpo REBOUND (Off:2 Def:9)",null,null],["0041400122",536,1,78,4,"10:24 PM","2:09",null,null,"Middleton 5' Floating Jump Shot (22 PTS)","82 - 89","7"],["0041400122",537,2,1,4,"10:24 PM","1:53","MISS Gasol 19' Jump Shot",null,null,null,null],["0041400122",538,4,0,4,"10:24 PM","1:50",null,null,"Carter-Williams REBOUND (Off:0 Def:5)",null,null],["0041400122",539,2,44,4,"10:24 PM","1:43","Gasol BLOCK (4 BLK)",null,"MISS Henson 2' Reverse Layup",null,null],["0041400122",540,4,0,4,"10:24 PM","1:41","Noah REBOUND (Off:4 Def:14)",null,null,null,null],["0041400122",542,5,1,4,"10:25 PM","1:23","Noah Bad Pass Turnover (P3.T15)",null,null,null,null],["0041400122",543,2,74,4,"10:25 PM","1:15","Noah BLOCK (1 BLK)",null,"MISS Middleton 2' Running Reverse Layup",null,null],["0041400122",544,4,0,4,"10:25 PM","1:14","Gasol REBOUND (Off:2 Def:13)",null,null,null,null],["0041400122",545,1,1,4,"10:25 PM","0:54","Rose 19' Jump Shot (15 PTS) (Gasol 3 AST)",null,null,"82 - 91","9"],["0041400122",546,9,1,4,"10:25 PM","0:54",null,null,"Bucks Timeout: Regular (Reg.5 Short 0)",null,null],["0041400122",550,2,1,4,"10:27 PM","0:48",null,null,"MISS Middleton 27' 3PT Jump Shot",null,null],["0041400122",551,4,0,4,"10:28 PM","0:46","Noah REBOUND (Off:4 Def:15)",null,null,null,null],["0041400122",552,2,1,4,"10:28 PM","0:27","MISS Gasol 24' 3PT Jump Shot",null,null,null,null],["0041400122",553,4,0,4,"10:28 PM","0:26",null,null,"Middleton REBOUND (Off:1 Def:5)",null,null],["0041400122",554,2,44,4,"10:28 PM","0:21",null,null,"MISS Mayo 2' Reverse Layup",null,null],["0041400122",555,4,0,4,"10:28 PM","0:20","Gasol REBOUND (Off:2 Def:14)",null,null,null,null],["0041400122",557,13,0,4,"10:28 PM","0:00",null,null,null,"82 - 91","9"]]},{"name":"AvailableVideo","headers":["VIDEO_AVAILABLE_FLAG"],"rowSet":[[1]]}]}