{"resource":"playbyplay","parameters":{"GameID":"0041400153","StartPeriod":0,"EndPeriod":14},"resultSets":[{"name":"PlayByPlay","headers":["GAME_ID","EVENTNUM","EVENTMSGTYPE","EVENTMSGACTIONTYPE","PERIOD","WCTIMESTRING","PCTIMESTRING","HOMEDESCRIPTION","NEUTRALDESCRIPTION","VISITORDESCRIPTION","SCORE","SCOREMARGIN"],"rowSet":[["0041400153",0,12,0,1,"7:11 PM","12:00",null,null,null,null,null],["0041400153",1,10,0,1,"7:11 PM","12:00","Jump Ball Chandler vs. Howard: Tip to Terry",null,null,null,null],["0041400153",2,2,65,1,"7:11 PM","11:40",null,null,"MISS Jones 4' Jump Hook Shot",null,null],["0041400153",3,4,0,1,"7:11 PM","11:38","Felton REBOUND (Off:0 Def:1)",null,null,null,null],["0041400153",4,6,1,1,"7:11 PM","11:28",null,null,"Harden P.FOUL (P1.T1) (M.Callahan)",null,null],["0041400153",5,1,1,1,"7:12 PM","11:16","Ellis 24' 3PT Jump Shot (3 PTS) (Jefferson 1 AST)",null,null,"0 - 3","3"],["0041400153",6,2,82,1,"7:12 PM","10:59",null,null,"MISS Ariza 5' Driving Bank Shot",null,null],["0041400153",7,4,0,1,"7:12 PM","10:58",null,null,"Jones REBOUND (Off:1 Def:0)",null,null],["0041400153",8,6,1,1,"7:12 PM","10:58","Jefferson P.FOUL (P1.T1) (M.Callahan)",null,null,null,null],["0041400153",9,2,56,1,"7:13 PM","10:44",null,null,"MISS Terry 6' Running Hook Shot",null,null],["0041400153",10,4,0,1,"7:13 PM","10:43",null,null,"Jones REBOUND (Off:2 Def:0)",null,null],["0041400153",11,6,2,1,"7:13 PM","10:43","Chandler S.FOUL (P1.T2) (T.Washington)",null,null,null,null],["0041400153",12,3,11,1,"7:13 PM","10:43",null,null,"Jones Free Throw 1 of 2 (1 PTS)","1 - 3","2"],["0041400153",14,3,12,1,"7:13 PM","10:43",null,null,"Jones Free Throw 2 of 2 (2 PTS)","2 - 3","1"],["0041400153",17,1,80,1,"7:14 PM","10:20","Nowitzki 10' Step Back Jump Shot (2 PTS)",null,null,"2 - 5","3"],["0041400153",18,1,1,1,"7:14 PM","9:55",null,null,"Howard 4' Jump Shot (2 PTS)","4 - 5","1"],["0041400153",19,2,1,1,"7:15 PM","9:35","MISS Felton 25' 3PT Jump Shot",null,null,null,null],["0041400153",20,4,0,1,"7:15 PM","9:34","Chandler REBOUND (Off:1 Def:0)",null,null,null,null],["0041400153",21,2,1,1,"7:15 PM","9:30","MISS Nowitzki 25' 3PT Jump Shot",null,null,null,null],["0041400153",22,4,0,1,"7:15 PM","9:29","Chandler REBOUND (Off:2 Def:0)",null,null,null,null],["0041400153",24,5,39,1,"7:15 PM","9:29","Chandler Step Out of Bounds Turnover (P1.T1)",null,null,null,null],["0041400153",25,1,1,1,"7:15 PM","9:17",null,null,"Ariza 25' 3PT Jump Shot (3 PTS) (Harden 1 AST)","7 - 5","-2"],["0041400153",26,5,1,1,"7:16 PM","9:01","Nowitzki Bad Pass Turnover (P1.T2)",null,null,null,null],["0041400153",27,6,1,1,"7:16 PM","8:56","Felton P.FOUL (P1.T3) (M.Smith)",null,null,null,null],["0041400153",28,8,0,1,"7:16 PM","8:56","SUB: Harris FOR Felton",null,null,null,null],["0041400153",29,1,77,1,"7:16 PM","8:43",null,null,"Jones 7' Driving Jump Shot (4 PTS)","9 - 5","-4"],["0041400153",30,1,79,1,"7:17 PM","8:35","Harris 15' Pullup Jump Shot (2 PTS)",null,null,"9 - 7","-2"],["0041400153",31,5,1,1,"7:17 PM","8:21","Jefferson STEAL (1 STL)",null,"Harden Bad Pass Turnover (P1.T1)",null,null],["0041400153",32,2,1,1,"7:17 PM","8:12","MISS Harris 24' 3PT Jump Shot",null,null,null,null],["0041400153",33,4,0,1,"7:17 PM","8:11",null,null,"Jones REBOUND (Off:2 Def:1)",null,null],["0041400153",34,1,1,1,"7:17 PM","8:02",null,null,"Harden 24' 3PT Jump Shot (3 PTS) (Ariza 1 AST)","12 - 7","-5"],["0041400153",35,1,8,1,"7:17 PM","7:53","Chandler  Slam Dunk (2 PTS) (Ellis 1 AST)",null,null,"12 - 9","-3"],["0041400153",36,5,1,1,"7:18 PM","7:29","Jefferson STEAL (2 STL)",null,"Ariza Bad Pass Turnover (P1.T2)",null,null],["0041400153",37,6,26,1,"7:18 PM","7:25","Jefferson Offensive Charge Foul (P2.T4) (M.Smith)",null,null,null,null],["0041400153",38,5,5,1,"7:18 PM","7:25","Jefferson Foul Turnover (P1.T3)",null,null,null,null],["0041400153",39,8,0,1,"7:18 PM","7:25","SUB: Aminu FOR Nowitzki",null,null,null,null],["0041400153",40,1,7,1,"7:19 PM","7:18",null,null,"Jones  Dunk (6 PTS) (Harden 2 AST)","14 - 9","-5"],["0041400153",41,9,1,1,"7:19 PM","7:17","MAVERICKS Timeout: Regular (Full 1 Short 0)",null,null,null,null],["0041400153",43,8,0,1,"7:22 PM","7:17","SUB: Villanueva FOR Jefferson",null,null,null,null],["0041400153",45,1,42,1,"7:22 PM","6:58","Harris 2' Driving Layup (4 PTS) (Ellis 2 AST)",null,null,"14 - 11","-3"],["0041400153",46,1,41,1,"7:22 PM","6:47",null,null,"Terry 1' Running Layup (2 PTS)","16 - 11","-5"],["0041400153",47,2,79,1,"7:23 PM","6:32","MISS Ellis 16' Pullup Jump Shot",null,null,null,null],["0041400153",48,4,0,1,"7:23 PM","6:31",null,null,"Howard REBOUND (Off:0 Def:1)",null,null],["0041400153",49,6,1,1,"7:23 PM","6:26","Aminu P.FOUL (P1.PN) (M.Smith)",null,null,null,null],["0041400153",50,2,65,1,"7:23 PM","6:16",null,null,"MISS Howard 11' Jump Hook Shot",null,null],["0041400153",51,4,0,1,"7:23 PM","6:15",null,null,"Howard REBOUND (Off:1 Def:1)",null,null],["0041400153",52,1,1,1,"7:23 PM","6:11",null,null,"Harden 24' 3PT Jump Shot (6 PTS) (Howard 1 AST)","19 - 11","-8"],["0041400153",54,6,27,1,"7:24 PM","6:00",null,null,"Ariza Personal Block Foul (P1.T2) (T.Washington)",null,null],["0041400153",55,6,2,1,"7:24 PM","5:55",null,null,"Jones S.FOUL (P1.T3) (M.Smith)",null,null],["0041400153",56,3,11,1,"7:24 PM","5:55","Chandler Free Throw 1 of 2 (3 PTS)",null,null,"19 - 12","-7"],["0041400153",58,3,12,1,"7:25 PM","5:55","Chandler Free Throw 2 of 2 (4 PTS)",null,null,"19 - 13","-6"],["0041400153",60,1,1,1,"7:25 PM","5:41",null,null,"Harden 16' Jump Shot (8 PTS)","21 - 13","-8"],["0041400153",61,1,7,1,"7:25 PM","5:33","Chandler  Dunk (6 PTS) (Ellis 3 AST)",null,null,"21 - 15","-6"],["0041400153",62,1,46,1,"7:26 PM","5:22",null,null,"Harden 11' Running Jump Shot (10 PTS)","23 - 15","-8"],["0041400153",63,2,1,1,"7:26 PM","5:04","MISS Harris 25' 3PT Jump Shot",null,null,null,null],["0041400153",65,4,0,1,"7:26 PM","5:02","Villanueva REBOUND (Off:1 Def:0)",null,null,null,null],["0041400153",64,2,4,1,"7:26 PM","5:02","MISS Villanueva 2' Tip Shot",null,null,null,null],["0041400153",66,4,0,1,"7:26 PM","5:00",null,null,"Howard REBOUND (Off:1 Def:2)",null,null],["0041400153",67,6,1,1,"7:26 PM","4:53","Aminu P.FOUL (P2.PN) (T.Washington)",null,null,null,null],["0041400153",68,3,11,1,"7:26 PM","4:53",null,null,"Jones Free Throw 1 of 2 (7 PTS)","24 - 15","-9"],["0041400153",69,8,0,1,"7:27 PM","4:53",null,null,"SUB: Prigioni FOR Terry",null,null],["0041400153",71,8,0,1,"7:27 PM","4:53",null,null,"SUB: Smith FOR Howard",null,null],["0041400153",72,8,0,1,"7:27 PM","4:53","SUB: Stoudemire FOR Chandler",null,null,null,null],["0041400153",73,8,0,1,"7:27 PM","4:53","SUB: Nowitzki FOR Villanueva",null,null,null,null],["0041400153",74,8,0,1,"7:27 PM","4:53","SUB: Jefferson FOR Aminu",null,null,null,null],["0041400153",75,3,12,1,"7:27 PM","4:53",null,null,"Jones Free Throw 2 of 2 (8 PTS)","25 - 15","-10"],["0041400153",77,2,86,1,"7:28 PM","4:37","MISS Nowitzki 10' Turnaround Fadeaway Shot",null,null,null,null],["0041400153",78,4,0,1,"7:28 PM","4:36",null,null,"Jones REBOUND (Off:2 Def:2)",null,null],["0041400153",79,1,44,1,"7:28 PM","4:26",null,null,"Jones 3' Reverse Layup (10 PTS) (Prigioni 1 AST)","27 - 15","-12"],["0041400153",80,6,2,1,"7:28 PM","4:26","Stoudemire S.FOUL (P1.PN) (M.Smith)",null,null,null,null],["0041400153",81,8,0,1,"7:28 PM","4:26",null,null,"SUB: Brewer FOR Ariza",null,null],["0041400153",82,3,10,1,"7:29 PM","4:26",null,null,"MISS Jones Free Throw 1 of 1",null,null],["0041400153",84,4,0,1,"7:29 PM","4:25","Stoudemire REBOUND (Off:0 Def:1)",null,null,null,null],["0041400153",85,1,42,1,"7:29 PM","4:18","Ellis 2' Driving Layup (5 PTS)",null,null,"27 - 17","-10"],["0041400153",86,2,96,1,"7:29 PM","3:58",null,null,"MISS Smith 8' Turnaround Bank Hook Shot",null,null],["0041400153",87,4,0,1,"7:29 PM","3:57",null,null,"Smith REBOUND (Off:1 Def:0)",null,null],["0041400153",88,1,72,1,"7:29 PM","3:57",null,null,"Smith  Putback Layup (2 PTS)","29 - 17","-12"],["0041400153",89,6,2,1,"7:29 PM","3:57","Harris S.FOUL (P1.PN) (M.Callahan)",null,null,null,null],["0041400153",90,3,10,1,"7:29 PM","3:57",null,null,"MISS Smith Free Throw 1 of 1",null,null],["0041400153",92,4,0,1,"7:30 PM","3:57","Stoudemire REBOUND (Off:0 Def:2)",null,null,null,null],["0041400153",93,1,77,1,"7:30 PM","3:43","Harris 10' Driving Jump Shot (6 PTS) (Nowitzki 1 AST)",null,null,"29 - 19","-10"],["0041400153",94,6,2,1,"7:30 PM","3:43",null,null,"Jones S.FOUL (P2.T4) (M.Callahan)",null,null],["0041400153",95,8,0,1,"7:30 PM","3:43",null,null,"SUB: Capela FOR Jones",null,null],["0041400153",96,3,10,1,"7:30 PM","3:43","MISS Harris Free Throw 1 of 1",null,null,null,null],["0041400153",98,4,0,1,"7:31 PM","3:42","Stoudemire REBOUND (Off:1 Def:2)",null,null,null,null],["0041400153",99,1,7,1,"7:31 PM","3:32","Stoudemire  Dunk (2 PTS) (Harris 1 AST)",null,null,"29 - 21","-8"],["0041400153",100,1,52,1,"7:31 PM","3:22",null,null,"Capela  Alley Oop Dunk (2 PTS) (Harden 3 AST)","31 - 21","-10"],["0041400153",101,1,1,1,"7:31 PM","3:05","Jefferson 24' 3PT Jump Shot (3 PTS) (Nowitzki 2 AST)",null,null,"31 - 24","-7"],["0041400153",102,6,28,1,"7:31 PM","2:59","Ellis Personal Take Foul (P1.PN) (T.Washington)",null,null,null,null],["0041400153",103,9,1,1,"7:31 PM","2:59",null,null,"Rockets Timeout: Regular (Reg.1 Short 0)",null,null],["0041400153",107,3,11,1,"7:35 PM","2:59",null,null,"Capela Free Throw 1 of 2 (3 PTS)","32 - 24","-8"],["0041400153",109,3,12,1,"7:35 PM","2:59",null,null,"Capela Free Throw 2 of 2 (4 PTS)","33 - 24","-9"],["0041400153",111,2,1,1,"7:35 PM","2:43","MISS Nowitzki 25' 3PT Jump Shot",null,null,null,null],["0041400153",112,4,0,1,"7:35 PM","2:42",null,null,"Capela REBOUND (Off:0 Def:1)",null,null],["0041400153",113,6,26,1,"7:36 PM","2:37",null,null,"Harden Offensive Charge Foul (P2.PN) (M.Smith)",null,null],["0041400153",114,5,5,1,"7:36 PM","2:37",null,null,"Harden Foul Turnover (P2.T3)",null,null],["0041400153",115,1,77,1,"7:36 PM","2:25","Ellis 7' Driving Jump Shot (7 PTS)",null,null,"33 - 26","-7"],["0041400153",116,1,78,1,"7:36 PM","2:13",null,null,"Brewer 11' Floating Jump Shot (2 PTS)","35 - 26","-9"],["0041400153",117,6,27,1,"7:37 PM","2:07",null,null,"Prigioni Personal Block Foul (P1.PN) (M.Callahan)",null,null],["0041400153",118,3,11,1,"7:37 PM","2:07","Harris Free Throw 1 of 2 (7 PTS)",null,null,"35 - 27","-8"],["0041400153",120,8,0,1,"7:37 PM","2:07","SUB: Barea FOR Jefferson",null,null,null,null],["0041400153",121,3,12,1,"7:37 PM","2:07","Harris Free Throw 2 of 2 (8 PTS)",null,null,"35 - 28","-7"],["0041400153",123,1,1,1,"7:38 PM","1:55",null,null,"Harden 14' Jump Shot (12 PTS)","37 - 28","-9"],["0041400153",124,1,65,1,"7:38 PM","1:45","Stoudemire 2' Jump Hook Shot (4 PTS)",null,null,"37 - 30","-7"],["0041400153",125,6,2,1,"7:38 PM","1:45",null,null,"Capela S.FOUL (P1.PN) (M.Smith)",null,null],["0041400153",126,8,0,1,"7:38 PM","1:45",null,null,"SUB: Howard FOR Capela",null,null],["0041400153",127,3,10,1,"7:38 PM","1:45","Stoudemire Free Throw 1 of 1 (5 PTS)",null,null,"37 - 31","-6"],["0041400153",129,2,7,1,"7:39 PM","1:35","Stoudemire BLOCK (1 BLK)",null,"MISS Smith  Dunk",null,null],["0041400153",130,4,0,1,"7:39 PM","1:33","Harris REBOUND (Off:0 Def:1)",null,null,null,null],["0041400153",131,5,2,1,"7:39 PM","1:30","Harris Lost Ball Turnover (P1.T4)",null,"Harden STEAL (1 STL)",null,null],["0041400153",132,2,42,1,"7:39 PM","1:26",null,null,"MISS Harden 2' Driving Layup",null,null],["0041400153",133,4,0,1,"7:39 PM","1:24",null,null,"Brewer REBOUND (Off:1 Def:0)",null,null],["0041400153",134,2,72,1,"7:39 PM","1:22",null,null,"MISS Brewer  Putback Layup",null,null],["0041400153",135,4,0,1,"7:39 PM","1:21","Barea REBOUND (Off:0 Def:1)",null,null,null,null],["0041400153",136,1,1,1,"7:39 PM","1:14","Ellis  3PT Jump Shot (10 PTS) (Barea 1 AST)",null,null,"37 - 34","-3"],["0041400153",138,2,1,1,"7:39 PM","0:56",null,null,"MISS Harden 18' Jump Shot",null,null],["0041400153",139,4,0,1,"7:39 PM","0:55","Barea REBOUND (Off:0 Def:2)",null,null,null,null],["0041400153",140,1,75,1,"7:39 PM","0:50","Ellis 1' Driving Finger Roll Layup (12 PTS) (Barea 2 AST)",null,null,"37 - 36","-1"],["0041400153",141,9,2,1,"7:39 PM","0:50",null,null,"Rockets Timeout: Short (Reg.1 Short 1)",null,null],["0041400153",144,8,0,1,"7:40 PM","0:50",null,null,"SUB: Ariza FOR Harden",null,null],["0041400153",145,1,46,1,"7:41 PM","0:37",null,null,"Smith 7' Running Jump Shot (4 PTS)","39 - 36","-3"],["0041400153",146,2,1,1,"7:41 PM","0:19","MISS Nowitzki  3PT Jump Shot",null,null,null,null],["0041400153",147,4,0,1,"7:41 PM","0:18",null,null,"Howard REBOUND (Off:1 Def:3)",null,null],["0041400153",149,1,1,1,"7:42 PM","0:02",null,null,"Smith 25' 3PT Jump Shot (7 PTS) (Prigioni 2 AST)","42 - 36","-6"],["0041400153",150,13,0,1,"7:42 PM","0:00",null,null,null,"42 - 36","-6"],["0041400153",151,12,0,2,"7:45 PM","12:00",null,null,null,"42 - 36","-6"],["0041400153",152,6,2,2,"7:46 PM","11:44",null,null,"Smith S.FOUL (P1.T1) (T.Washington)",null,null],["0041400153",153,3,11,2,"7:46 PM","11:44","MISS Stoudemire Free Throw 1 of 2",null,null,null,null],["0041400153",154,4,1,2,"7:46 PM","11:44","MAVERICKS Rebound",null,null,null,null],["0041400153",155,8,0,2,"7:46 PM","11:44","SUB: Felton FOR Harris",null,null,null,null],["0041400153",156,3,12,2,"7:46 PM","11:44","Stoudemire Free Throw 2 of 2 (6 PTS)",null,null,"42 - 37","-5"],["0041400153",158,2,1,2,"7:47 PM","11:32",null,null,"MISS Ariza 25' 3PT Jump Shot",null,null],["0041400153",159,4,0,2,"7:47 PM","11:31","MAVERICKS Rebound",null,null,null,null],["0041400153",160,2,82,2,"7:47 PM","11:18","MISS Barea 5' Driving Bank Shot",null,null,null,null],["0041400153",161,4,0,2,"7:47 PM","11:17",null,null,"Howard REBOUND (Off:1 Def:4)",null,null],["0041400153",162,1,52,2,"7:47 PM","11:08",null,null,"Howard  Alley Oop Dunk (4 PTS) (Smith 1 AST)","44 - 37","-7"],["0041400153",163,6,1,2,"7:48 PM","10:54",null,null,"Howard P.FOUL (P1.T2) (M.Callahan)",null,null],["0041400153",166,1,1,2,"7:49 PM","10:40","Nowitzki 25' 3PT Jump Shot (5 PTS) (Barea 3 AST)",null,null,"44 - 40","-4"],["0041400153",167,2,73,2,"7:49 PM","10:32","Stoudemire BLOCK (2 BLK)",null,"MISS Smith 2' Driving Reverse Layup",null,null],["0041400153",168,4,0,2,"7:49 PM","10:30","Felton REBOUND (Off:0 Def:2)",null,null,null,null],["0041400153",169,2,79,2,"7:49 PM","10:25","MISS Barea 25' 3PT Pullup Jump Shot",null,null,null,null],["0041400153",170,4,0,2,"7:49 PM","10:24","Aminu REBOUND (Off:1 Def:0)",null,null,null,null],["0041400153",171,1,1,2,"7:49 PM","10:18","Nowitzki 19' Jump Shot (7 PTS)",null,null,"44 - 42","-2"],["0041400153",172,2,1,2,"7:49 PM","10:08",null,null,"MISS Ariza 24' 3PT Jump Shot",null,null],["0041400153",173,4,0,2,"7:49 PM","10:07","Felton REBOUND (Off:0 Def:3)",null,null,null,null],["0041400153",174,1,77,2,"7:49 PM","10:00","Barea 4' Driving Jump Shot (2 PTS)",null,null,"44 - 44","TIE"],["0041400153",175,9,1,2,"7:50 PM","9:52",null,null,"Rockets Timeout: Regular (Reg.2 Short 1)",null,null],["0041400153",178,8,0,2,"7:53 PM","9:52",null,null,"SUB: Jones FOR Smith",null,null],["0041400153",180,2,45,2,"7:53 PM","9:46","Aminu BLOCK (1 BLK)",null,"MISS Howard 6' Jump Shot",null,null],["0041400153",179,4,0,2,"7:53 PM","9:45","Aminu REBOUND (Off:1 Def:1)",null,null,null,null],["0041400153",182,5,1,2,"7:53 PM","9:37","Barea Bad Pass Turnover (P1.T5)",null,null,null,null],["0041400153",183,1,1,2,"7:54 PM","9:27",null,null,"Prigioni 24' 3PT Jump Shot (3 PTS)","47 - 44","-3"],["0041400153",184,1,66,2,"7:54 PM","9:11","Barea 9' Jump Bank Shot (4 PTS)",null,null,"47 - 46","-1"],["0041400153",185,6,1,2,"7:54 PM","8:56","Stoudemire P.FOUL (P2.T1) (M.Callahan)",null,null,null,null],["0041400153",186,8,0,2,"7:54 PM","8:56","SUB: Chandler FOR Stoudemire",null,null,null,null],["0041400153",187,8,0,2,"7:54 PM","8:56","SUB: Villanueva FOR Nowitzki",null,null,null,null],["0041400153",188,2,1,2,"7:55 PM","8:51",null,null,"MISS Ariza  3PT Jump Shot",null,null],["0041400153",209,4,0,2,"7:55 PM","8:51",null,null,"Howard REBOUND (Off:2 Def:4)",null,null],["0041400153",189,2,4,2,"7:55 PM","8:48",null,null,"MISS Howard 1' Tip Shot",null,null],["0041400153",190,4,0,2,"7:55 PM","8:47",null,null,"Howard REBOUND (Off:3 Def:4)",null,null],["0041400153",191,1,50,2,"7:55 PM","8:44",null,null,"Ariza  Running Dunk (5 PTS) (Howard 2 AST)","49 - 46","-3"],["0041400153",192,2,1,2,"7:55 PM","8:30","MISS Villanueva 25' 3PT Jump Shot",null,null,null,null],["0041400153",193,4,0,2,"7:55 PM","8:29",null,null,"Ariza REBOUND (Off:0 Def:1)",null,null],["0041400153",194,5,4,2,"7:55 PM","8:27",null,null,"Brewer Traveling Turnover (P1.T4)",null,null],["0041400153",195,2,1,2,"7:56 PM","8:13","MISS Felton 21' Jump Shot",null,null,null,null],["0041400153",196,4,0,2,"7:56 PM","8:12",null,null,"Howard REBOUND (Off:3 Def:5)",null,null],["0041400153",197,2,73,2,"7:56 PM","8:04",null,null,"MISS Prigioni 2' Driving Reverse Layup",null,null],["0041400153",198,4,0,2,"7:56 PM","8:02","Villanueva REBOUND (Off:1 Def:1)",null,null,null,null],["0041400153",199,2,1,2,"7:56 PM","7:50","MISS Villanueva 24' 3PT Jump Shot",null,null,null,null],["0041400153",200,4,0,2,"7:56 PM","7:49",null,null,"Howard REBOUND (Off:3 Def:6)",null,null],["0041400153",201,5,1,2,"7:56 PM","7:46","Villanueva STEAL (1 STL)",null,"Howard Bad Pass Turnover (P1.T5)",null,null],["0041400153",204,1,42,2,"7:56 PM","7:40","Villanueva 2' Driving Layup (2 PTS) (Barea 4 AST)",null,null,"49 - 48","-1"],["0041400153",207,2,80,2,"7:56 PM","7:18",null,null,"MISS Brewer 14' Step Back Jump Shot",null,null],["0041400153",208,4,0,2,"7:57 PM","7:16","Barea REBOUND (Off:0 Def:3)",null,null,null,null],["0041400153",210,2,5,2,"7:57 PM","7:09","MISS Chandler 2' Layup",null,null,null,null],["0041400153",211,4,0,2,"7:57 PM","7:08",null,null,"Howard REBOUND (Off:3 Def:7)",null,null],["0041400153",212,2,42,2,"7:57 PM","7:03",null,null,"MISS Brewer 1' Driving Layup",null,null],["0041400153",213,4,0,2,"7:57 PM","7:02","Villanueva REBOUND (Off:1 Def:2)",null,null,null,null],["0041400153",215,2,1,2,"7:57 PM","6:56","MISS Barea 24' 3PT Jump Shot",null,null,null,null],["0041400153",216,4,0,2,"7:57 PM","6:54","Aminu REBOUND (Off:2 Def:1)",null,null,null,null],["0041400153",217,1,8,2,"7:57 PM","6:38","Chandler  Slam Dunk (8 PTS) (Barea 5 AST)",null,null,"49 - 50","1"],["0041400153",218,2,1,2,"7:57 PM","6:21",null,null,"MISS Prigioni 25' 3PT Jump Shot",null,null],["0041400153",219,4,0,2,"7:57 PM","6:20","Felton REBOUND (Off:0 Def:4)",null,null,null,null],["0041400153",220,1,42,2,"7:57 PM","6:17","Barea 1' Driving Layup (6 PTS) (Felton 1 AST)",null,null,"49 - 52","3"],["0041400153",222,9,1,2,"7:58 PM","6:16",null,null,"Rockets Timeout: Regular (Reg.3 Short 1)",null,null],["0041400153",223,8,0,2,"8:01 PM","6:16","SUB: Ellis FOR Felton",null,null,null,null],["0041400153",224,8,0,2,"8:01 PM","6:16",null,null,"SUB: Harden FOR Howard",null,null],["0041400153",225,8,0,2,"8:01 PM","6:16",null,null,"SUB: Terry FOR Prigioni",null,null],["0041400153",226,8,0,2,"8:01 PM","6:16",null,null,"SUB: Smith FOR Brewer",null,null],["0041400153",228,2,1,2,"8:02 PM","5:54",null,null,"MISS Smith 13' Jump Shot",null,null],["0041400153",229,4,0,2,"8:02 PM","5:53","Villanueva REBOUND (Off:1 Def:3)",null,null,null,null],["0041400153",230,1,1,2,"8:02 PM","5:39","Villanueva 25' 3PT Jump Shot (5 PTS) (Barea 6 AST)",null,null,"49 - 55","6"],["0041400153",231,5,40,2,"8:02 PM","5:23",null,null,"Jones Out of Bounds Lost Ball Turnover (P1.T6)",null,null],["0041400153",232,6,29,2,"8:03 PM","5:12",null,null,"Smith Shooting Block Foul (P2.T3) (M.Smith)",null,null],["0041400153",233,3,11,2,"8:03 PM","5:12","MISS Ellis Free Throw 1 of 2",null,null,null,null],["0041400153",234,4,1,2,"8:03 PM","5:12","MAVERICKS Rebound",null,null,null,null],["0041400153",235,3,12,2,"8:03 PM","5:12","Ellis Free Throw 2 of 2 (13 PTS)",null,null,"49 - 56","7"],["0041400153",237,5,2,2,"8:04 PM","4:47","Ellis STEAL (1 STL)",null,"Harden Lost Ball Turnover (P3.T7)",null,null],["0041400153",238,1,1,2,"8:04 PM","4:40","Ellis 24' 3PT Jump Shot (16 PTS) (Barea 7 AST)",null,null,"49 - 59","10"],["0041400153",239,6,2,2,"8:04 PM","4:27","Villanueva S.FOUL (P1.T2) (M.Callahan)",null,null,null,null],["0041400153",240,3,11,2,"8:05 PM","4:27",null,null,"Harden Free Throw 1 of 2 (13 PTS)","50 - 59","9"],["0041400153",242,3,12,2,"8:05 PM","4:27",null,null,"Harden Free Throw 2 of 2 (14 PTS)","51 - 59","8"],["0041400153",244,1,42,2,"8:05 PM","4:10","Ellis 1' Driving Layup (18 PTS)",null,null,"51 - 61","10"],["0041400153",245,2,1,2,"8:06 PM","4:02",null,null,"MISS Jones 14' Jump Shot",null,null],["0041400153",246,4,0,2,"8:06 PM","4:01","Barea REBOUND (Off:0 Def:4)",null,null,null,null],["0041400153",247,2,1,2,"8:06 PM","3:53","MISS Ellis  3PT Jump Shot",null,null,null,null],["0041400153",248,4,0,2,"8:06 PM","3:52","Chandler REBOUND (Off:3 Def:0)",null,null,null,null],["0041400153",249,6,2,2,"8:06 PM","3:51",null,null,"Terry S.FOUL (P1.T4) (M.Smith)",null,null],["0041400153",250,3,11,2,"8:06 PM","3:51","Aminu Free Throw 1 of 2 (1 PTS)",null,null,"51 - 62","11"],["0041400153",252,8,0,2,"8:06 PM","3:51",null,null,"SUB: Howard FOR Jones",null,null],["0041400153",253,3,12,2,"8:06 PM","3:51","MISS Aminu Free Throw 2 of 2",null,null,null,null],["0041400153",255,4,0,2,"8:07 PM","3:51",null,null,"Smith REBOUND (Off:1 Def:1)",null,null],["0041400153",256,2,1,2,"8:07 PM","3:40",null,null,"MISS Harden 24' 3PT Jump Shot",null,null],["0041400153",257,4,0,2,"8:07 PM","3:39",null,null,"Howard REBOUND (Off:4 Def:7)",null,null],["0041400153",258,1,1,2,"8:07 PM","3:34",null,null,"Terry 24' 3PT Jump Shot (5 PTS) (Ariza 2 AST)","54 - 62","8"],["0041400153",259,9,1,2,"8:07 PM","3:27","MAVERICKS Timeout: Regular (Full 2 Short 0)",null,null,null,null],["0041400153",261,8,0,2,"8:09 PM","3:27","SUB: Harris FOR Villanueva",null,null,null,null],["0041400153",262,8,0,2,"8:09 PM","3:27","SUB: Nowitzki FOR Barea",null,null,null,null],["0041400153",264,1,1,2,"8:10 PM","3:18","Nowitzki 24' 3PT Jump Shot (10 PTS) (Ellis 4 AST)",null,null,"54 - 65","11"],["0041400153",266,1,75,2,"8:10 PM","2:56",null,null,"Ariza 1' Driving Finger Roll Layup (7 PTS)","56 - 65","9"],["0041400153",267,5,1,2,"8:11 PM","2:40","Aminu Bad Pass Turnover (P1.T6)",null,null,null,null],["0041400153",268,7,5,2,"8:11 PM","2:29","Aminu Violation:Kicked Ball (M.Callahan)",null,null,null,null],["0041400153",269,6,2,2,"8:12 PM","2:18","Nowitzki S.FOUL (P1.T3) (M.Smith)",null,null,null,null],["0041400153",270,3,11,2,"8:12 PM","2:18",null,null,"MISS Ariza Free Throw 1 of 2",null,null],["0041400153",271,4,1,2,"8:12 PM","2:18",null,null,"Rockets Rebound",null,null],["0041400153",272,3,12,2,"8:12 PM","2:18",null,null,"Ariza Free Throw 2 of 2 (8 PTS)","57 - 65","8"],["0041400153",274,1,1,2,"8:13 PM","1:55","Aminu 26' 3PT Jump Shot (4 PTS) (Harris 2 AST)",null,null,"57 - 68","11"],["0041400153",275,5,1,2,"8:13 PM","1:47","Aminu STEAL (1 STL)",null,"Smith Bad Pass Turnover (P1.T8)",null,null],["0041400153",276,1,50,2,"8:13 PM","1:42","Ellis  Running Dunk (20 PTS) (Nowitzki 3 AST)",null,null,"57 - 70","13"],["0041400153",277,2,80,2,"8:14 PM","1:13",null,null,"MISS Harden 14' Step Back Jump Shot",null,null],["0041400153",279,4,0,2,"8:14 PM","1:13",null,null,"Howard REBOUND (Off:5 Def:7)",null,null],["0041400153",278,1,72,2,"8:14 PM","1:13",null,null,"Howard  Putback Layup (6 PTS)","59 - 70","11"],["0041400153",280,6,2,2,"8:14 PM","1:13","Nowitzki S.FOUL (P2.T4) (M.Callahan)",null,null,null,null],["0041400153",281,3,10,2,"8:14 PM","1:13",null,null,"MISS Howard Free Throw 1 of 1",null,null],["0041400153",283,4,0,2,"8:14 PM","1:12","Nowitzki REBOUND (Off:0 Def:1)",null,null,null,null],["0041400153",284,6,2,2,"8:14 PM","1:08",null,null,"Terry S.FOUL (P2.PN) (M.Callahan)",null,null],["0041400153",285,3,11,2,"8:15 PM","1:08","Aminu Free Throw 1 of 2 (5 PTS)",null,null,"59 - 71","12"],["0041400153",287,3,12,2,"8:15 PM","1:08","Aminu Free Throw 2 of 2 (6 PTS)",null,null,"59 - 72","13"],["0041400153",289,1,46,2,"8:15 PM","0:59",null,null,"Harden 3' Running Jump Shot (16 PTS)","61 - 72","11"],["0041400153",290,2,77,2,"8:16 PM","0:42","MISS Ellis 6' Driving Jump Shot",null,null,null,null],["0041400153",291,4,0,2,"8:16 PM","0:42","MAVERICKS Rebound",null,null,null,null],["0041400153",292,6,3,2,"8:16 PM","0:42",null,null,"Howard L.B.FOUL (P2.PN) (T.Washington)",null,null],["0041400153",293,3,11,2,"8:16 PM","0:42","MISS Chandler Free Throw 1 of 2",null,null,null,null],["0041400153",294,4,1,2,"8:16 PM","0:42","MAVERICKS Rebound",null,null,null,null],["0041400153",295,8,0,2,"8:16 PM","0:42","SUB: Jefferson FOR Nowitzki",null,null,null,null],["0041400153",296,3,12,2,"8:16 PM","0:42","MISS Chandler Free Throw 2 of 2",null,null,null,null],["0041400153",298,4,0,2,"8:17 PM","0:41",null,null,"Howard REBOUND (Off:5 Def:8)",null,null],["0041400153",300,1,90,2,"8:17 PM","0:33",null,null,"Smith  Running Slam Dunk (9 PTS) (Harden 4 AST)","63 - 72","9"],["0041400153",301,2,79,2,"8:17 PM","0:13","MISS Ellis 19' Pullup Jump Shot",null,null,null,null],["0041400153",302,4,0,2,"8:17 PM","0:13",null,null,"Howard REBOUND (Off:5 Def:9)",null,null],["0041400153",303,1,1,2,"8:17 PM","0:05",null,null,"Harden 10' Jump Shot (18 PTS)","65 - 72","7"],["0041400153",304,2,79,2,"8:17 PM","0:00","MISS Harris 26' 3PT Pullup Jump Shot",null,null,null,null],["0041400153",305,4,0,2,"8:18 PM","0:00","MAVERICKS Rebound",null,null,null,null],["0041400153",306,13,0,2,"8:18 PM","0:00",null,null,null,"65 - 72","7"],["0041400153",308,12,0,3,"8:35 PM","12:00",null,null,null,"65 - 72","7"],["0041400153",309,2,1,3,"8:35 PM","11:40","MISS Jefferson  3PT Jump Shot",null,null,null,null],["0041400153",310,4,0,3,"8:35 PM","11:39","Chandler REBOUND (Off:4 Def:0)",null,null,null,null],["0041400153",311,2,1,3,"8:35 PM","11:28","MISS Nowitzki 11' Jump Shot",null,null,null,null],["0041400153",312,4,0,3,"8:35 PM","11:27",null,null,"Harden REBOUND (Off:0 Def:1)",null,null],["0041400153",313,2,79,3,"8:35 PM","11:21",null,null,"MISS Terry 19' Pullup Jump Shot",null,null],["0041400153",314,4,0,3,"8:35 PM","11:20","Nowitzki REBOUND (Off:0 Def:2)",null,null,null,null],["0041400153",315,2,1,3,"8:36 PM","11:02","MISS Felton 19' Jump Shot",null,null,null,null],["0041400153",316,4,0,3,"8:36 PM","11:01",null,null,"Howard REBOUND (Off:5 Def:10)",null,null],["0041400153",317,2,1,3,"8:36 PM","10:53",null,null,"MISS Ariza 21' Jump Shot",null,null],["0041400153",318,4,0,3,"8:36 PM","10:52","Chandler REBOUND (Off:4 Def:1)",null,null,null,null],["0041400153",319,1,1,3,"8:36 PM","10:46","Nowitzki 18' Jump Shot (12 PTS) (Ellis 5 AST)",null,null,"65 - 74","9"],["0041400153",320,2,77,3,"8:36 PM","10:26","Nowitzki BLOCK (1 BLK)",null,"MISS Jones 5' Driving Jump Shot",null,null],["0041400153",321,4,0,3,"8:36 PM","10:26",null,null,"Rockets Rebound",null,null],["0041400153",322,7,5,3,"8:37 PM","10:19","Jefferson Violation:Kicked Ball (M.Callahan)",null,null,null,null],["0041400153",323,2,58,3,"8:37 PM","10:07",null,null,"MISS Jones 6' Turnaround Hook Shot",null,null],["0041400153",324,4,0,3,"8:37 PM","10:05",null,null,"Howard REBOUND (Off:6 Def:10)",null,null],["0041400153",327,2,1,3,"8:38 PM","9:53",null,null,"MISS Terry  3PT Jump Shot",null,null],["0041400153",328,4,0,3,"8:38 PM","9:52","Jefferson REBOUND (Off:0 Def:1)",null,null,null,null],["0041400153",329,2,79,3,"8:38 PM","9:47","MISS Ellis 18' Pullup Jump Shot",null,null,null,null],["0041400153",330,4,0,3,"8:38 PM","9:46",null,null,"Harden REBOUND (Off:0 Def:2)",null,null],["0041400153",331,2,96,3,"8:38 PM","9:29",null,null,"MISS Jones 5' Turnaround Bank Hook Shot",null,null],["0041400153",332,4,0,3,"8:38 PM","9:28",null,null,"Jones REBOUND (Off:3 Def:2)",null,null],["0041400153",333,1,1,3,"8:38 PM","9:22",null,null,"Harden 26' 3PT Jump Shot (21 PTS) (Terry 1 AST)","68 - 74","6"],["0041400153",334,6,1,3,"8:39 PM","9:12",null,null,"Terry P.FOUL (P3.T1) (T.Washington)",null,null],["0041400153",335,2,77,3,"8:39 PM","9:01","MISS Jefferson 5' Driving Jump Shot",null,"Howard BLOCK (1 BLK)",null,null],["0041400153",336,4,0,3,"8:39 PM","8:59",null,null,"Jones REBOUND (Off:3 Def:3)",null,null],["0041400153",337,6,2,3,"8:39 PM","8:58","Ellis S.FOUL (P2.T1) (T.Washington)",null,null,null,null],["0041400153",338,3,11,3,"8:40 PM","8:58",null,null,"Harden Free Throw 1 of 2 (22 PTS)","69 - 74","5"],["0041400153",340,3,12,3,"8:40 PM","8:58",null,null,"Harden Free Throw 2 of 2 (23 PTS)","70 - 74","4"],["0041400153",342,1,63,3,"8:41 PM","8:38","Nowitzki 9' Fadeaway Jumper (14 PTS)",null,null,"70 - 76","6"],["0041400153",344,1,80,3,"8:41 PM","8:25",null,null,"Harden 12' Step Back Jump Shot (25 PTS)","72 - 76","4"],["0041400153",345,2,1,3,"8:41 PM","8:00","MISS Jefferson 21' Jump Shot",null,null,null,null],["0041400153",346,4,0,3,"8:41 PM","7:59",null,null,"Howard REBOUND (Off:6 Def:11)",null,null],["0041400153",347,6,28,3,"8:42 PM","7:58","Jefferson Personal Take Foul (P3.T2) (M.Smith)",null,null,null,null],["0041400153",348,8,0,3,"8:42 PM","7:58","SUB: Harris FOR Jefferson",null,null,null,null],["0041400153",349,8,0,3,"8:42 PM","7:58","SUB: Aminu FOR Felton",null,null,null,null],["0041400153",351,1,49,3,"8:43 PM","7:43",null,null,"Ariza  Driving Dunk (10 PTS)","74 - 76","2"],["0041400153",352,2,1,3,"8:43 PM","7:24","MISS Ellis 18' Jump Shot",null,null,null,null],["0041400153",353,4,0,3,"8:43 PM","7:23",null,null,"Harden REBOUND (Off:0 Def:3)",null,null],["0041400153",354,2,77,3,"8:43 PM","7:18","Chandler BLOCK (1 BLK)",null,"MISS Ariza 5' Driving Jump Shot",null,null],["0041400153",355,4,0,3,"8:43 PM","7:18",null,null,"Rockets Rebound",null,null],["0041400153",356,1,1,3,"8:43 PM","7:13",null,null,"Harden 25' 3PT Jump Shot (28 PTS)","77 - 76","-1"],["0041400153",357,9,1,3,"8:43 PM","7:10","MAVERICKS Timeout: Regular (Full 3 Short 0)",null,null,null,null],["0041400153",361,6,2,3,"8:47 PM","6:57",null,null,"Jones S.FOUL (P3.T2) (M.Callahan)",null,null],["0041400153",362,3,11,3,"8:47 PM","6:57","Nowitzki Free Throw 1 of 2 (15 PTS)",null,null,"77 - 77","TIE"],["0041400153",364,3,12,3,"8:47 PM","6:57","Nowitzki Free Throw 2 of 2 (16 PTS)",null,null,"77 - 78","1"],["0041400153",366,1,80,3,"8:48 PM","6:41",null,null,"Terry 16' Step Back Jump Shot (7 PTS)","79 - 78","-1"],["0041400153",367,6,1,3,"8:48 PM","6:31",null,null,"Howard P.FOUL (P3.T3) (M.Smith)",null,null],["0041400153",368,6,1,3,"8:49 PM","6:26",null,null,"Ariza P.FOUL (P2.T4) (T.Washington)",null,null],["0041400153",369,2,1,3,"8:49 PM","6:16","MISS Nowitzki 19' Jump Shot",null,null,null,null],["0041400153",370,4,0,3,"8:49 PM","6:15",null,null,"Howard REBOUND (Off:6 Def:12)",null,null],["0041400153",371,1,80,3,"8:49 PM","6:05",null,null,"Harden 20' Step Back Jump Shot (30 PTS)","81 - 78","-3"],["0041400153",372,1,42,3,"8:50 PM","5:53","Ellis 2' Driving Layup (22 PTS)",null,null,"81 - 80","-1"],["0041400153",373,2,77,3,"8:50 PM","5:39",null,null,"MISS Harden 11' Driving Jump Shot",null,null],["0041400153",374,4,0,3,"8:50 PM","5:38","Nowitzki REBOUND (Off:0 Def:3)",null,null,null,null],["0041400153",375,1,71,3,"8:50 PM","5:30","Aminu  Finger Roll Layup (8 PTS) (Ellis 6 AST)",null,null,"81 - 82","1"],["0041400153",376,6,2,3,"8:50 PM","5:09","Ellis S.FOUL (P3.T3) (M.Callahan)",null,null,null,null],["0041400153",377,3,11,3,"8:51 PM","5:09",null,null,"Harden Free Throw 1 of 2 (31 PTS)","82 - 82","TIE"],["0041400153",379,8,0,3,"8:51 PM","5:09",null,null,"SUB: Smith FOR Ariza",null,null],["0041400153",380,8,0,3,"8:51 PM","5:09",null,null,"SUB: Brewer FOR Jones",null,null],["0041400153",381,3,12,3,"8:51 PM","5:09",null,null,"Harden Free Throw 2 of 2 (32 PTS)","83 - 82","-1"],["0041400153",383,2,77,3,"8:52 PM","4:58","MISS Harris 7' Driving Jump Shot",null,null,null,null],["0041400153",384,4,0,3,"8:52 PM","4:57",null,null,"Harden REBOUND (Off:0 Def:4)",null,null],["0041400153",385,1,1,3,"8:52 PM","4:51",null,null,"Brewer  3PT Jump Shot (5 PTS) (Terry 2 AST)","86 - 82","-4"],["0041400153",386,9,2,3,"8:52 PM","4:50","MAVERICKS Timeout: Short (Full 3 Short 1)",null,null,null,null],["0041400153",388,8,0,3,"8:53 PM","4:50","SUB: Villanueva FOR Nowitzki",null,null,null,null],["0041400153",390,2,1,3,"8:53 PM","4:34","MISS Villanueva 25' 3PT Jump Shot",null,null,null,null],["0041400153",391,4,0,3,"8:54 PM","4:32",null,null,"Brewer REBOUND (Off:1 Def:1)",null,null],["0041400153",392,1,65,3,"8:54 PM","4:25",null,null,"Smith 1' Jump Hook Shot (11 PTS) (Harden 5 AST)","88 - 82","-6"],["0041400153",393,6,1,3,"8:54 PM","4:10",null,null,"Brewer P.FOUL (P1.PN) (M.Callahan)",null,null],["0041400153",394,3,11,3,"8:54 PM","4:10","Harris Free Throw 1 of 2 (9 PTS)",null,null,"88 - 83","-5"],["0041400153",396,8,0,3,"8:55 PM","4:10",null,null,"SUB: Capela FOR Howard",null,null],["0041400153",397,3,12,3,"8:55 PM","4:10","Harris Free Throw 2 of 2 (10 PTS)",null,null,"88 - 84","-4"],["0041400153",399,1,1,3,"8:55 PM","3:56",null,null,"Brewer  3PT Jump Shot (8 PTS) (Harden 6 AST)","91 - 84","-7"],["0041400153",400,1,79,3,"8:56 PM","3:35","Ellis 20' Pullup Jump Shot (24 PTS)",null,null,"91 - 86","-5"],["0041400153",401,5,1,3,"8:56 PM","3:13","Ellis STEAL (2 STL)",null,"Harden Bad Pass Turnover (P4.T9)",null,null],["0041400153",402,1,7,3,"8:56 PM","3:06","Aminu  Dunk (10 PTS) (Ellis 7 AST)",null,null,"91 - 88","-3"],["0041400153",403,1,5,3,"8:56 PM","2:51",null,null,"Capela 2' Layup (6 PTS) (Harden 7 AST)","93 - 88","-5"],["0041400153",404,6,2,3,"8:56 PM","2:51","Chandler S.FOUL (P2.T4) (M.Smith)",null,null,null,null],["0041400153",405,9,1,3,"8:57 PM","2:51",null,null,"Rockets Timeout: Regular (Reg.4 Short 1)",null,null],["0041400153",407,8,0,3,"8:59 PM","2:51","SUB: Stoudemire FOR Chandler",null,null,null,null],["0041400153",408,8,0,3,"8:59 PM","2:51","SUB: Barea FOR Harris",null,null,null,null],["0041400153",409,8,0,3,"8:59 PM","2:51",null,null,"SUB: Prigioni FOR Terry",null,null],["0041400153",410,3,10,3,"9:00 PM","2:51",null,null,"Capela Free Throw 1 of 1 (7 PTS)","94 - 88","-6"],["0041400153",412,5,2,3,"9:00 PM","2:37","Ellis Lost Ball Turnover (P1.T7)",null,"Prigioni STEAL (1 STL)",null,null],["0041400153",413,2,1,3,"9:00 PM","2:22",null,null,"MISS Smith 17' Jump Shot",null,null],["0041400153",414,4,0,3,"9:00 PM","2:21",null,null,"Rockets Rebound",null,null],["0041400153",415,2,1,3,"9:01 PM","2:11",null,null,"MISS Harden 14' Jump Shot",null,null],["0041400153",416,4,0,3,"9:01 PM","2:10",null,null,"Prigioni REBOUND (Off:1 Def:0)",null,null],["0041400153",417,1,1,3,"9:01 PM","2:07",null,null,"Smith 24' 3PT Jump Shot (14 PTS) (Prigioni 3 AST)","97 - 88","-9"],["0041400153",418,1,1,3,"9:01 PM","1:52","Barea 25' 3PT Jump Shot (9 PTS) (Villanueva 1 AST)",null,null,"97 - 91","-6"],["0041400153",419,1,82,3,"9:01 PM","1:33",null,null,"Harden 4' Driving Bank Shot (34 PTS)","99 - 91","-8"],["0041400153",420,6,1,3,"9:02 PM","1:27",null,null,"Prigioni P.FOUL (P2.PN) (M.Smith)",null,null],["0041400153",421,3,11,3,"9:02 PM","1:27","Barea Free Throw 1 of 2 (10 PTS)",null,null,"99 - 92","-7"],["0041400153",423,8,0,3,"9:02 PM","1:27","SUB: Nowitzki FOR Villanueva",null,null,null,null],["0041400153",424,3,12,3,"9:02 PM","1:27","Barea Free Throw 2 of 2 (11 PTS)",null,null,"99 - 93","-6"],["0041400153",426,2,42,3,"9:03 PM","1:09","Aminu BLOCK (2 BLK)",null,"MISS Harden 2' Driving Layup",null,null],["0041400153",427,4,0,3,"9:03 PM","1:07","Aminu REBOUND (Off:2 Def:2)",null,null,null,null],["0041400153",428,1,63,3,"9:03 PM","1:00","Nowitzki 16' Fadeaway Jumper (18 PTS) (Ellis 8 AST)",null,null,"99 - 95","-4"],["0041400153",429,1,74,3,"9:03 PM","0:50",null,null,"Brewer 1' Running Reverse Layup (10 PTS) (Smith 2 AST)","101 - 95","-6"],["0041400153",430,2,1,3,"9:03 PM","0:32","MISS Aminu  3PT Jump Shot",null,null,null,null],["0041400153",431,4,0,3,"9:03 PM","0:31","Stoudemire REBOUND (Off:2 Def:2)",null,null,null,null],["0041400153",432,1,65,3,"9:03 PM","0:19","Stoudemire 7' Jump Hook Shot (8 PTS)",null,null,"101 - 97","-4"],["0041400153",434,2,1,3,"9:04 PM","0:02",null,null,"MISS Harden 25' 3PT Jump Shot",null,null],["0041400153",435,4,0,3,"9:04 PM","0:01","Aminu REBOUND (Off:2 Def:3)",null,null,null,null],["0041400153",436,6,3,3,"9:04 PM","0:01",null,null,"Capela L.B.FOUL (P2.PN) (M.Callahan)",null,null],["0041400153",437,3,11,3,"9:04 PM","0:01","Aminu Free Throw 1 of 2 (11 PTS)",null,null,"101 - 98","-3"],["0041400153",439,8,0,3,"9:05 PM","0:01","SUB: Jefferson FOR Nowitzki",null,null,null,null],["0041400153",440,3,12,3,"9:05 PM","0:01","Aminu Free Throw 2 of 2 (12 PTS)",null,null,"101 - 99","-2"],["0041400153",442,2,1,3,"9:05 PM","0:00",null,null,"MISS Brewer 51' 3PT Jump Shot",null,null],["0041400153",443,4,0,3,"9:05 PM","0:00",null,null,"Rockets Rebound",null,null],["0041400153",444,13,0,3,"9:05 PM","0:00",null,null,null,"101 - 99","-2"],["0041400153",446,12,0,4,"9:08 PM","12:00",null,null,null,"101 - 99","-2"],["0041400153",447,6,1,4,"9:09 PM","11:47","Harris P.FOUL (P2.T1) (M.Smith)",null,null,null,null],["0041400153",448,2,1,4,"9:10 PM","11:38",null,null,"MISS Smith 24' 3PT Jump Shot",null,null],["0041400153",449,4,0,4,"9:10 PM","11:38",null,null,"Howard REBOUND (Off:7 Def:12)",null,null],["0041400153",450,1,1,4,"9:10 PM","11:32",null,null,"Ariza 24' 3PT Jump Shot (13 PTS) (Howard 3 AST)","104 - 99","-5"],["0041400153",451,5,2,4,"9:10 PM","11:10","Stoudemire Lost Ball Turnover (P1.T8)",null,"Howard STEAL (1 STL)",null,null],["0041400153",452,6,1,4,"9:10 PM","11:08","Barea P.FOUL (P1.T2) (T.Washington)",null,null,null,null],["0041400153",453,5,2,4,"9:11 PM","10:51","Barea STEAL (1 STL)",null,"Howard Lost Ball Turnover (P2.T10)",null,null],["0041400153",454,6,1,4,"9:11 PM","10:51",null,null,"Prigioni P.FOUL (P3.T1) (T.Washington)",null,null],["0041400153",455,2,82,4,"9:11 PM","10:36","MISS Nowitzki 5' Driving Bank Shot",null,null,null,null],["0041400153",456,4,0,4,"9:11 PM","10:35",null,null,"Smith REBOUND (Off:1 Def:2)",null,null],["0041400153",457,1,42,4,"9:11 PM","10:30",null,null,"Brewer 2' Driving Layup (12 PTS)","106 - 99","-7"],["0041400153",458,6,29,4,"9:12 PM","10:16",null,null,"Brewer Shooting Block Foul (P2.T2) (M.Smith)",null,null],["0041400153",459,3,11,4,"9:12 PM","10:16","Nowitzki Free Throw 1 of 2 (19 PTS)",null,null,"106 - 100","-6"],["0041400153",461,3,12,4,"9:12 PM","10:16","Nowitzki Free Throw 2 of 2 (20 PTS)",null,null,"106 - 101","-5"],["0041400153",463,6,27,4,"9:13 PM","10:01","Stoudemire Personal Block Foul (P3.T3) (M.Smith)",null,null,null,null],["0041400153",464,2,1,4,"9:13 PM","9:52",null,null,"MISS Howard 2' Jump Shot",null,null],["0041400153",465,4,0,4,"9:13 PM","9:51",null,null,"Howard REBOUND (Off:8 Def:12)",null,null],["0041400153",467,6,1,4,"9:14 PM","9:38","Barea P.FOUL (P2.T4) (T.Washington)",null,null,null,null],["0041400153",468,2,1,4,"9:14 PM","9:28",null,null,"MISS Smith 25' 3PT Jump Shot",null,null],["0041400153",469,4,0,4,"9:14 PM","9:27","Barea REBOUND (Off:0 Def:5)",null,null,null,null],["0041400153",470,2,1,4,"9:14 PM","9:15","MISS Harris 24' 3PT Jump Shot",null,null,null,null],["0041400153",471,4,0,4,"9:14 PM","9:15","Nowitzki REBOUND (Off:1 Def:3)",null,null,null,null],["0041400153",472,6,3,4,"9:14 PM","9:15",null,null,"Ariza L.B.FOUL (P3.T3) (T.Washington)",null,null],["0041400153",473,2,1,4,"9:15 PM","9:05","MISS Stoudemire 11' Jump Shot",null,null,null,null],["0041400153",474,4,0,4,"9:15 PM","9:04",null,null,"Brewer REBOUND (Off:1 Def:2)",null,null],["0041400153",475,1,8,4,"9:15 PM","8:57",null,null,"Howard  Slam Dunk (8 PTS) (Smith 3 AST)","108 - 101","-7"],["0041400153",476,9,1,4,"9:15 PM","8:56","MAVERICKS Timeout: Regular (Full 4 Short 1)",null,null,null,null],["0041400153",478,8,0,4,"9:18 PM","8:56","SUB: Ellis FOR Harris",null,null,null,null],["0041400153",480,2,63,4,"9:19 PM","8:38","MISS Nowitzki 11' Fadeaway Jumper",null,null,null,null],["0041400153",481,4,0,4,"9:19 PM","8:37",null,null,"Howard REBOUND (Off:8 Def:13)",null,null],["0041400153",482,6,1,4,"9:19 PM","8:34","Barea P.FOUL (P3.PN) (M.Callahan)",null,null,null,null],["0041400153",483,3,11,4,"9:20 PM","8:34",null,null,"Smith Free Throw 1 of 2 (15 PTS)","109 - 101","-8"],["0041400153",485,8,0,4,"9:20 PM","8:34","SUB: Chandler FOR Stoudemire",null,null,null,null],["0041400153",486,3,12,4,"9:20 PM","8:34",null,null,"Smith Free Throw 2 of 2 (16 PTS)","110 - 101","-9"],["0041400153",488,5,1,4,"9:20 PM","8:20","Barea Bad Pass Turnover (P2.T9)",null,"Howard STEAL (2 STL)",null,null],["0041400153",489,1,41,4,"9:20 PM","8:16",null,null,"Brewer 2' Running Layup (14 PTS) (Smith 4 AST)","112 - 101","-11"],["0041400153",490,6,2,4,"9:20 PM","8:06",null,null,"Smith S.FOUL (P3.T4) (M.Callahan)",null,null],["0041400153",491,3,11,4,"9:21 PM","8:06","MISS Chandler Free Throw 1 of 2",null,null,null,null],["0041400153",492,4,1,4,"9:21 PM","8:06","MAVERICKS Rebound",null,null,null,null],["0041400153",493,3,12,4,"9:21 PM","8:06","MISS Chandler Free Throw 2 of 2",null,null,null,null],["0041400153",495,4,0,4,"9:21 PM","8:06",null,null,"Howard REBOUND (Off:8 Def:14)",null,null],["0041400153",496,5,1,4,"9:21 PM","7:49","Aminu STEAL (2 STL)",null,"Smith Bad Pass Turnover (P2.T11)",null,null],["0041400153",497,1,1,4,"9:22 PM","7:40","Nowitzki 16' Jump Shot (22 PTS) (Barea 8 AST)",null,null,"112 - 103","-9"],["0041400153",498,2,46,4,"9:22 PM","7:24",null,null,"MISS Brewer 4' Running Jump Shot",null,null],["0041400153",499,4,0,4,"9:22 PM","7:23","Nowitzki REBOUND (Off:1 Def:4)",null,null,null,null],["0041400153",500,6,26,4,"9:22 PM","7:19","Aminu Offensive Charge Foul (P3.PN) (M.Smith)",null,null,null,null],["0041400153",501,5,5,4,"9:22 PM","7:19","Aminu Foul Turnover (P2.T10)",null,null,null,null],["0041400153",502,2,1,4,"9:23 PM","7:01",null,null,"MISS Smith 25' 3PT Jump Shot",null,null],["0041400153",503,4,0,4,"9:23 PM","7:00","Ellis REBOUND (Off:0 Def:1)",null,null,null,null],["0041400153",504,2,75,4,"9:23 PM","6:54","MISS Ellis 2' Driving Finger Roll Layup",null,null,null,null],["0041400153",506,4,0,4,"9:23 PM","6:51","Chandler REBOUND (Off:5 Def:1)",null,null,null,null],["0041400153",505,2,4,4,"9:23 PM","6:51","MISS Chandler 2' Tip Shot",null,null,null,null],["0041400153",507,4,0,4,"9:23 PM","6:50",null,null,"Howard REBOUND (Off:8 Def:15)",null,null],["0041400153",508,9,1,4,"9:23 PM","6:42",null,null,"Rockets Timeout: Regular (Reg.5 Short 1)",null,null],["0041400153",511,8,0,4,"9:26 PM","6:42",null,null,"SUB: Harden FOR Smith",null,null],["0041400153",512,8,0,4,"9:26 PM","6:42",null,null,"SUB: Jones FOR Brewer",null,null],["0041400153",514,1,7,4,"9:27 PM","6:29",null,null,"Jones  Dunk (12 PTS) (Harden 8 AST)","114 - 103","-11"],["0041400153",515,1,79,4,"9:27 PM","6:03","Ellis 17' Pullup Jump Shot (26 PTS)",null,null,"114 - 105","-9"],["0041400153",516,6,28,4,"9:27 PM","5:55","Barea Personal Take Foul (P4.PN) (T.Washington)",null,null,null,null],["0041400153",517,3,11,4,"9:28 PM","5:55",null,null,"Howard Free Throw 1 of 2 (9 PTS)","115 - 105","-10"],["0041400153",519,3,12,4,"9:28 PM","5:55",null,null,"MISS Howard Free Throw 2 of 2",null,null],["0041400153",521,4,0,4,"9:28 PM","5:55","Nowitzki REBOUND (Off:1 Def:5)",null,null,null,null],["0041400153",523,1,1,4,"9:28 PM","5:40","Aminu  3PT Jump Shot (15 PTS) (Barea 9 AST)",null,null,"115 - 108","-7"],["0041400153",524,6,28,4,"9:29 PM","5:26","Chandler Personal Take Foul (P3.PN) (T.Washington)",null,null,null,null],["0041400153",525,3,11,4,"9:29 PM","5:26",null,null,"Howard Free Throw 1 of 2 (10 PTS)","116 - 108","-8"],["0041400153",527,8,0,4,"9:29 PM","5:26",null,null,"SUB: Terry FOR Prigioni",null,null],["0041400153",528,3,12,4,"9:29 PM","5:26",null,null,"Howard Free Throw 2 of 2 (11 PTS)","117 - 108","-9"],["0041400153",530,1,77,4,"9:30 PM","5:08","Nowitzki 8' Driving Jump Shot (24 PTS)",null,null,"117 - 110","-7"],["0041400153",531,1,1,4,"9:30 PM","4:49",null,null,"Harden 24' 3PT Jump Shot (37 PTS)","120 - 110","-10"],["0041400153",532,6,2,4,"9:30 PM","4:31",null,null,"Harden S.FOUL (P3.PN) (M.Smith)",null,null],["0041400153",533,3,11,4,"9:31 PM","4:31","Nowitzki Free Throw 1 of 2 (25 PTS)",null,null,"120 - 111","-9"],["0041400153",536,3,12,4,"9:31 PM","4:31","Nowitzki Free Throw 2 of 2 (26 PTS)",null,null,"120 - 112","-8"],["0041400153",538,2,77,4,"9:31 PM","4:15",null,null,"MISS Terry 3' Driving Jump Shot",null,null],["0041400153",540,4,0,4,"9:31 PM","4:14",null,null,"Howard REBOUND (Off:9 Def:15)",null,null],["0041400153",539,1,87,4,"9:31 PM","4:14",null,null,"Howard  Putback Dunk (13 PTS)","122 - 112","-10"],["0041400153",541,1,77,4,"9:32 PM","3:54","Ellis 8' Driving Jump Shot (28 PTS)",null,null,"122 - 114","-8"],["0041400153",542,5,2,4,"9:32 PM","3:34","Ellis STEAL (3 STL)",null,"Harden Lost Ball Turnover (P5.T12)",null,null],["0041400153",543,1,50,4,"9:32 PM","3:30","Ellis  Running Dunk (30 PTS) (Nowitzki 4 AST)",null,null,"122 - 116","-6"],["0041400153",544,6,26,4,"9:33 PM","3:09",null,null,"Ariza Offensive Charge Foul (P4.PN) (M.Smith)",null,null],["0041400153",545,5,5,4,"9:33 PM","3:09",null,null,"Ariza Foul Turnover (P2.T13)",null,null],["0041400153",546,8,0,4,"9:33 PM","3:09",null,null,"SUB: Smith FOR Jones",null,null],["0041400153",547,2,1,4,"9:33 PM","2:55","MISS Nowitzki 25' 3PT Jump Shot",null,null,null,null],["0041400153",548,4,0,4,"9:33 PM","2:54",null,null,"Harden REBOUND (Off:0 Def:5)",null,null],["0041400153",549,1,77,4,"9:34 PM","2:40",null,null,"Smith 6' Driving Jump Shot (18 PTS) (Harden 9 AST)","124 - 116","-8"],["0041400153",550,6,2,4,"9:34 PM","2:40","Nowitzki S.FOUL (P3.PN) (M.Callahan)",null,null,null,null],["0041400153",552,9,4,4,"9:34 PM","2:40",null,null,null,null,null],["0041400153",557,3,10,4,"9:36 PM","2:40",null,null,"MISS Smith Free Throw 1 of 1",null,null],["0041400153",559,4,0,4,"9:37 PM","2:39","Nowitzki REBOUND (Off:1 Def:6)",null,null,null,null],["0041400153",560,2,77,4,"9:37 PM","2:25","MISS Ellis 4' Driving Jump Shot",null,"Howard BLOCK (2 BLK)",null,null],["0041400153",561,4,0,4,"9:37 PM","2:24","Ellis REBOUND (Off:1 Def:1)",null,null,null,null],["0041400153",562,1,1,4,"9:37 PM","2:21","Nowitzki 24' 3PT Jump Shot (29 PTS) (Ellis 9 AST)",null,null,"124 - 119","-5"],["0041400153",563,2,1,4,"9:37 PM","1:53",null,null,"MISS Ariza 20' Jump Shot",null,null],["0041400153",564,4,0,4,"9:37 PM","1:52",null,null,"Howard REBOUND (Off:10 Def:15)",null,null],["0041400153",565,5,1,4,"9:37 PM","1:51",null,null,"Howard Bad Pass Turnover (P3.T14)",null,null],["0041400153",567,1,1,4,"9:38 PM","1:40","Ellis 18' Jump Shot (32 PTS)",null,null,"124 - 121","-3"],["0041400153",568,2,82,4,"9:38 PM","1:25",null,null,"MISS Harden 9' Driving Bank Shot",null,null],["0041400153",569,4,0,4,"9:38 PM","1:23",null,null,"Howard REBOUND (Off:11 Def:15)",null,null],["0041400153",570,2,72,4,"9:38 PM","1:23",null,null,"MISS Howard 3' Putback Layup",null,null],["0041400153",571,4,0,4,"9:38 PM","1:21","Nowitzki REBOUND (Off:1 Def:7)",null,null,null,null],["0041400153",572,6,27,4,"9:38 PM","1:13",null,null,"Smith Personal Block Foul (P4.PN) (M.Smith)",null,null],["0041400153",573,3,11,4,"9:39 PM","1:13","Nowitzki Free Throw 1 of 2 (30 PTS)",null,null,"124 - 122","-2"],["0041400153",575,8,0,4,"9:39 PM","1:13","SUB: Harris FOR Barea",null,null,null,null],["0041400153",576,3,12,4,"9:39 PM","1:13","Nowitzki Free Throw 2 of 2 (31 PTS)",null,null,"124 - 123","-1"],["0041400153",578,1,42,4,"9:40 PM","0:56",null,null,"Harden 1' Driving Layup (39 PTS)","126 - 123","-3"],["0041400153",579,6,2,4,"9:40 PM","0:56","Chandler S.FOUL (P4.PN) (M.Smith)",null,null,null,null],["0041400153",580,8,0,4,"9:40 PM","0:56","SUB: Barea FOR Harris",null,null,null,null],["0041400153",581,8,0,4,"9:40 PM","0:56",null,null,"SUB: Brewer FOR Terry",null,null],["0041400153",582,3,10,4,"9:40 PM","0:56",null,null,"Harden Free Throw 1 of 1 (40 PTS)","127 - 123","-4"],["0041400153",584,2,1,4,"9:41 PM","0:39","MISS Ellis  3PT Jump Shot",null,null,null,null],["0041400153",585,4,0,4,"9:41 PM","0:38","Chandler REBOUND (Off:6 Def:1)",null,null,null,null],["0041400153",586,6,2,4,"9:41 PM","0:33",null,null,"Harden S.FOUL (P4.PN) (M.Callahan)",null,null],["0041400153",587,18,0,4,"9:41 PM","0:33",null,null,null,null,null],["0041400153",588,3,13,4,"9:43 PM","0:33","Nowitzki Free Throw 1 of 3 (32 PTS)",null,null,"127 - 124","-3"],["0041400153",590,3,14,4,"9:43 PM","0:33","Nowitzki Free Throw 2 of 3 (33 PTS)",null,null,"127 - 125","-2"],["0041400153",592,3,15,4,"9:43 PM","0:33","Nowitzki Free Throw 3 of 3 (34 PTS)",null,null,"127 - 126","-1"],["0041400153",594,9,1,4,"9:43 PM","0:33",null,null,"Rockets Timeout: Regular (Reg.6 Short 1)",null,null],["0041400153",597,8,0,4,"9:45 PM","0:33",null,null,"SUB: Terry FOR Brewer",null,null],["0041400153",598,1,80,4,"9:46 PM","0:12",null,null,"Harden 18' Step Back Jump Shot (42 PTS)","129 - 126","-3"],["0041400153",599,9,1,4,"9:46 PM","0:12","MAVERICKS Timeout: Regular (Full 5 Short 1)",null,null,null,null],["0041400153",601,8,0,4,"9:47 PM","0:12","SUB: Harris FOR Aminu",null,null,null,null],["0041400153",602,8,0,4,"9:47 PM","0:12",null,null,"SUB: Brewer FOR Terry",null,null],["0041400153",603,1,82,4,"9:48 PM","0:08","Ellis 7' Driving Bank Shot (34 PTS)",null,null,"129 - 128","-1"],["0041400153",604,6,28,4,"9:48 PM","0:07","Ellis Personal Take Foul (P4.PN) (T.Washington)",null,null,null,null],["0041400153",605,3,11,4,"9:48 PM","0:07",null,null,"Brewer Free Throw 1 of 2 (15 PTS)","130 - 128","-2"],["0041400153",607,8,0,4,"9:49 PM","0:07","SUB: Aminu FOR Harris",null,null,null,null],["0041400153",608,3,12,4,"9:49 PM","0:07",null,null,"MISS Brewer Free Throw 2 of 2",null,null],["0041400153",610,4,0,4,"9:49 PM","0:06","Chandler REBOUND (Off:6 Def:2)",null,null,null,null],["0041400153",611,9,2,4,"9:49 PM","0:06","MAVERICKS Timeout: Short (Full 5 Short 2)",null,null,null,null],["0041400153",615,8,0,4,"9:50 PM","0:06","SUB: Harris FOR Aminu",null,null,null,null],["0041400153",617,2,1,4,"9:50 PM","0:00","MISS Ellis 20' Jump Shot",null,null,null,null],["0041400153",618,4,0,4,"9:51 PM","0:00","Barea REBOUND (Off:1 Def:5)",null,null,null,null],["0041400153",619,13,0,4,"9:51 PM","0:00",null,null,null,"130 - 128","-2"]]},{"name":"AvailableVideo","headers":["VIDEO_AVAILABLE_FLAG"],"rowSet":[[1]]}]}