{"resource":"playbyplay","parameters":{"GameID":"0041400101","StartPeriod":0,"EndPeriod":14},"resultSets":[{"name":"PlayByPlay","headers":["GAME_ID","EVENTNUM","EVENTMSGTYPE","EVENTMSGACTIONTYPE","PERIOD","WCTIMESTRING","PCTIMESTRING","HOMEDESCRIPTION","NEUTRALDESCRIPTION","VISITORDESCRIPTION","SCORE","SCOREMARGIN"],"rowSet":[["0041400101",0,12,0,1,"5:41 PM","12:00",null,null,null,null,null],["0041400101",1,10,0,1,"5:41 PM","12:00","Jump Ball Horford vs. Lopez: Tip to",null,null,null,null],["0041400101",2,1,82,1,"5:42 PM","11:38",null,null,"Johnson 7' Driving Bank Shot (2 PTS)","2 - 0","-2"],["0041400101",3,1,79,1,"5:42 PM","11:21","Korver 24' 3PT Pullup Jump Shot (3 PTS) (Millsap 1 AST)",null,null,"2 - 3","1"],["0041400101",4,2,79,1,"5:43 PM","10:54",null,null,"MISS D. Williams 23' Pullup Jump Shot",null,null],["0041400101",5,4,0,1,"5:43 PM","10:53","Millsap REBOUND (Off:0 Def:1)",null,null,null,null],["0041400101",6,2,1,1,"5:43 PM","10:37","MISS Millsap 9' Jump Shot",null,null,null,null],["0041400101",7,4,0,1,"5:43 PM","10:36","HAWKS Rebound",null,null,null,null],["0041400101",8,1,5,1,"5:43 PM","10:34","Horford 2' Layup (2 PTS) (Korver 1 AST)",null,null,"2 - 5","3"],["0041400101",9,5,2,1,"5:44 PM","10:18","Millsap STEAL (1 STL)",null,"Young Lost Ball Turnover (P1.T1)",null,null],["0041400101",10,6,2,1,"5:44 PM","10:14",null,null,"D. Williams S.FOUL (P1.T1) (M.Davis)",null,null],["0041400101",11,3,11,1,"5:44 PM","10:14","Carroll Free Throw 1 of 2 (1 PTS)",null,null,"2 - 6","4"],["0041400101",13,3,12,1,"5:44 PM","10:14","Carroll Free Throw 2 of 2 (2 PTS)",null,null,"2 - 7","5"],["0041400101",15,1,77,1,"5:45 PM","9:56",null,null,"Brown 4' Driving Jump Shot (2 PTS)","4 - 7","3"],["0041400101",16,5,40,1,"5:45 PM","9:52","Teague Out of Bounds Lost Ball Turnover (P1.T1)",null,null,null,null],["0041400101",18,2,1,1,"5:45 PM","9:40",null,null,"MISS Johnson 25' 3PT Jump Shot",null,null],["0041400101",19,4,0,1,"5:45 PM","9:38","Horford REBOUND (Off:0 Def:1)",null,null,null,null],["0041400101",20,1,77,1,"5:46 PM","9:26","Teague 5' Driving Jump Shot (2 PTS)",null,null,"4 - 9","5"],["0041400101",21,2,1,1,"5:46 PM","9:10","Millsap BLOCK (1 BLK)",null,"MISS Young 6' Jump Shot",null,null],["0041400101",22,4,0,1,"5:46 PM","9:09",null,null,"Young REBOUND (Off:1 Def:0)",null,null],["0041400101",23,6,2,1,"5:46 PM","9:09","Millsap S.FOUL (P1.T1) (D.Crawford)",null,null,null,null],["0041400101",24,3,11,1,"5:46 PM","9:09",null,null,"Young Free Throw 1 of 2 (1 PTS)","5 - 9","4"],["0041400101",26,3,12,1,"5:46 PM","9:09",null,null,"MISS Young Free Throw 2 of 2",null,null],["0041400101",28,4,0,1,"5:47 PM","9:07",null,null,"Lopez REBOUND (Off:1 Def:0)",null,null],["0041400101",29,2,4,1,"5:47 PM","9:07",null,null,"MISS Lopez 1' Tip Shot",null,null],["0041400101",30,4,0,1,"5:47 PM","9:06",null,null,"Lopez REBOUND (Off:2 Def:0)",null,null],["0041400101",31,1,72,1,"5:47 PM","9:04",null,null,"Lopez 1' Putback Layup (2 PTS)","7 - 9","2"],["0041400101",32,2,63,1,"5:47 PM","8:46","MISS Millsap 17' Fadeaway Jumper",null,null,null,null],["0041400101",33,4,0,1,"5:47 PM","8:44",null,null,"D. Williams REBOUND (Off:0 Def:1)",null,null],["0041400101",34,5,4,1,"5:47 PM","8:38",null,null,"Brown Traveling Turnover (P1.T2)",null,null],["0041400101",36,1,5,1,"5:48 PM","8:17","Millsap 1' Layup (2 PTS) (Teague 1 AST)",null,null,"7 - 11","4"],["0041400101",37,2,1,1,"5:48 PM","7:57",null,null,"MISS Brown 24' 3PT Jump Shot",null,null],["0041400101",38,4,0,1,"5:48 PM","7:55",null,null,"Young REBOUND (Off:2 Def:0)",null,null],["0041400101",39,2,1,1,"5:48 PM","7:49",null,null,"MISS Johnson 16' Jump Shot",null,null],["0041400101",41,4,0,1,"5:48 PM","7:47",null,null,"Brown REBOUND (Off:1 Def:0)",null,null],["0041400101",40,1,87,1,"5:48 PM","7:47",null,null,"Brown  Putback Dunk (4 PTS)","9 - 11","2"],["0041400101",42,2,42,1,"5:48 PM","7:34","MISS Teague 1' Driving Layup",null,null,null,null],["0041400101",44,4,0,1,"5:48 PM","7:32","Horford REBOUND (Off:1 Def:1)",null,null,null,null],["0041400101",43,1,4,1,"5:48 PM","7:32","Horford  Tip Shot (4 PTS)",null,null,"9 - 13","4"],["0041400101",45,5,1,1,"5:49 PM","7:20","Millsap STEAL (2 STL)",null,"D. Williams Bad Pass Turnover (P1.T3)",null,null],["0041400101",46,2,41,1,"5:49 PM","7:13","MISS Carroll 2' Running Layup",null,null,null,null],["0041400101",48,4,0,1,"5:49 PM","7:10","Carroll REBOUND (Off:1 Def:0)",null,null,null,null],["0041400101",47,1,72,1,"5:49 PM","7:10","Carroll 2' Putback Layup (4 PTS)",null,null,"9 - 15","6"],["0041400101",49,9,1,1,"5:49 PM","7:10",null,null,"Nets Timeout: Regular (Reg.1 Short 0)",null,null],["0041400101",51,2,1,1,"5:52 PM","6:51",null,null,"MISS Johnson 24' 3PT Jump Shot",null,null],["0041400101",52,4,0,1,"5:52 PM","6:48","Korver REBOUND (Off:0 Def:1)",null,null,null,null],["0041400101",53,2,78,1,"5:52 PM","6:36","MISS Teague 5' Floating Jump Shot",null,null,null,null],["0041400101",54,4,0,1,"5:52 PM","6:34",null,null,"Lopez REBOUND (Off:2 Def:1)",null,null],["0041400101",55,5,39,1,"5:52 PM","6:25",null,null,"Brown Step Out of Bounds Turnover (P2.T4)",null,null],["0041400101",56,8,0,1,"5:52 PM","6:25","SUB: Antic FOR Horford",null,null,null,null],["0041400101",57,8,0,1,"5:53 PM","6:25",null,null,"SUB: Bogdanovic FOR Brown",null,null],["0041400101",58,1,1,1,"5:53 PM","6:08","Carroll  3PT Jump Shot (7 PTS) (Millsap 2 AST)",null,null,"9 - 18","9"],["0041400101",59,2,1,1,"5:53 PM","5:45",null,null,"MISS Bogdanovic 24' 3PT Jump Shot",null,null],["0041400101",61,4,0,1,"5:53 PM","5:43",null,null,"Lopez REBOUND (Off:3 Def:1)",null,null],["0041400101",60,1,4,1,"5:53 PM","5:43",null,null,"Lopez  Tip Shot (4 PTS)","11 - 18","7"],["0041400101",62,6,2,1,"5:54 PM","5:23",null,null,"Lopez S.FOUL (P1.T2) (D.Crawford)",null,null],["0041400101",63,3,13,1,"5:54 PM","5:23","Antic Free Throw 1 of 3 (1 PTS)",null,null,"11 - 19","8"],["0041400101",65,3,14,1,"5:54 PM","5:23","Antic Free Throw 2 of 3 (2 PTS)",null,null,"11 - 20","9"],["0041400101",67,8,0,1,"5:54 PM","5:23","SUB: Bazemore FOR Korver",null,null,null,null],["0041400101",68,3,15,1,"5:55 PM","5:23","Antic Free Throw 3 of 3 (3 PTS)",null,null,"11 - 21","10"],["0041400101",71,2,1,1,"5:55 PM","5:06",null,null,"MISS Young 24' 3PT Jump Shot",null,null],["0041400101",72,4,0,1,"5:55 PM","5:04","Millsap REBOUND (Off:0 Def:2)",null,null,null,null],["0041400101",73,2,1,1,"5:55 PM","4:52","MISS Millsap 6' Jump Shot",null,null,null,null],["0041400101",74,4,0,1,"5:55 PM","4:50",null,null,"Lopez REBOUND (Off:3 Def:2)",null,null],["0041400101",75,6,1,1,"5:55 PM","4:45","Teague P.FOUL (P1.T2) (M.Davis)",null,null,null,null],["0041400101",76,6,2,1,"5:56 PM","4:37","Bazemore S.FOUL (P1.T3) (B.Salvatore)",null,null,null,null],["0041400101",77,3,11,1,"5:56 PM","4:37",null,null,"Johnson Free Throw 1 of 2 (3 PTS)","12 - 21","9"],["0041400101",79,3,12,1,"5:56 PM","4:37",null,null,"Johnson Free Throw 2 of 2 (4 PTS)","13 - 21","8"],["0041400101",81,1,1,1,"5:57 PM","4:21","Antic 24' 3PT Jump Shot (6 PTS) (Carroll 1 AST)",null,null,"13 - 24","11"],["0041400101",82,5,8,1,"5:57 PM","4:01",null,null,"Young 3 Second Violation Turnover (P2.T5)",null,null],["0041400101",83,8,0,1,"5:57 PM","4:01","SUB: Schroder FOR Teague",null,null,null,null],["0041400101",85,7,5,1,"5:58 PM","3:54",null,null,"D. Williams Violation:Kicked Ball (.)",null,null],["0041400101",86,8,0,1,"5:58 PM","3:54",null,null,"SUB: Jack FOR D. Williams",null,null],["0041400101",87,9,1,1,"5:58 PM","3:54","HAWKS Timeout: Regular (Full 1 Short 0)",null,null,null,null],["0041400101",91,6,1,1,"6:01 PM","3:51",null,null,"Bogdanovic P.FOUL (P1.T3) (D.Crawford)",null,null],["0041400101",92,2,63,1,"6:01 PM","3:37","MISS Antic 27' 3PT Fadeaway Jumper",null,null,null,null],["0041400101",93,4,0,1,"6:01 PM","3:35",null,null,"Young REBOUND (Off:2 Def:1)",null,null],["0041400101",94,1,77,1,"6:01 PM","3:22",null,null,"Jack 12' Driving Jump Shot (2 PTS)","15 - 24","9"],["0041400101",95,2,1,1,"6:02 PM","3:07","MISS Millsap 25' 3PT Jump Shot",null,null,null,null],["0041400101",96,4,0,1,"6:02 PM","3:06",null,null,"Young REBOUND (Off:2 Def:2)",null,null],["0041400101",97,1,63,1,"6:02 PM","2:59",null,null,"Jack 15' Fadeaway Jumper (4 PTS)","17 - 24","7"],["0041400101",98,2,1,1,"6:02 PM","2:46","MISS Carroll 25' 3PT Jump Shot",null,null,null,null],["0041400101",99,4,0,1,"6:02 PM","2:46","HAWKS Rebound",null,null,null,null],["0041400101",100,6,3,1,"6:02 PM","2:46",null,null,"Lopez L.B.FOUL (P2.T4) (B.Salvatore)",null,null],["0041400101",101,8,0,1,"6:02 PM","2:46","SUB: Horford FOR Millsap",null,null,null,null],["0041400101",102,8,0,1,"6:02 PM","2:46",null,null,"SUB: Clark FOR Young",null,null],["0041400101",103,6,2,1,"6:03 PM","2:27",null,null,"Jack S.FOUL (P1.PN) (D.Crawford)",null,null],["0041400101",104,3,11,1,"6:03 PM","2:27","Schroder Free Throw 1 of 2 (1 PTS)",null,null,"17 - 25","8"],["0041400101",106,3,12,1,"6:03 PM","2:27","Schroder Free Throw 2 of 2 (2 PTS)",null,null,"17 - 26","9"],["0041400101",108,2,1,1,"6:04 PM","2:08","Horford BLOCK (1 BLK)",null,"MISS Clark 21' Jump Shot",null,null],["0041400101",109,4,0,1,"6:04 PM","2:08",null,null,"Nets Rebound",null,null],["0041400101",110,8,0,1,"6:04 PM","2:08","SUB: Korver FOR Carroll",null,null,null,null],["0041400101",112,2,1,1,"6:04 PM","2:03",null,null,"MISS Clark 21' Jump Shot",null,null],["0041400101",113,4,0,1,"6:04 PM","2:01","Horford REBOUND (Off:1 Def:2)",null,null,null,null],["0041400101",114,2,42,1,"6:04 PM","1:47","MISS Bazemore 3' Driving Layup",null,null,null,null],["0041400101",115,4,0,1,"6:04 PM","1:45",null,null,"Lopez REBOUND (Off:3 Def:3)",null,null],["0041400101",116,1,73,1,"6:05 PM","1:39",null,null,"Jack 1' Driving Reverse Layup (6 PTS)","19 - 26","7"],["0041400101",117,1,1,1,"6:05 PM","1:25","Horford 13' Jump Shot (6 PTS) (Schroder 1 AST)",null,null,"19 - 28","9"],["0041400101",118,6,1,1,"6:05 PM","1:09","Bazemore P.FOUL (P2.T4) (B.Salvatore)",null,null,null,null],["0041400101",119,2,1,1,"6:06 PM","0:56",null,null,"MISS Bogdanovic 25' 3PT Jump Shot",null,null],["0041400101",120,4,0,1,"6:06 PM","0:55",null,null,"Lopez REBOUND (Off:4 Def:3)",null,null],["0041400101",121,6,2,1,"6:06 PM","0:53","Antic S.FOUL (P1.PN) (D.Crawford)",null,null,null,null],["0041400101",122,3,11,1,"6:06 PM","0:53",null,null,"Lopez Free Throw 1 of 2 (5 PTS)","20 - 28","8"],["0041400101",124,8,0,1,"6:06 PM","0:53",null,null,"SUB: Anderson FOR Johnson",null,null],["0041400101",125,8,0,1,"6:06 PM","0:53","SUB: Mack FOR Bazemore",null,null,null,null],["0041400101",126,3,12,1,"6:07 PM","0:53",null,null,"MISS Lopez Free Throw 2 of 2",null,null],["0041400101",128,4,0,1,"6:07 PM","0:52","Horford REBOUND (Off:1 Def:3)",null,null,null,null],["0041400101",130,1,42,1,"6:07 PM","0:40","Schroder 1' Driving Layup (4 PTS) (Mack 1 AST)",null,null,"20 - 30","10"],["0041400101",131,5,2,1,"6:07 PM","0:29","Schroder STEAL (1 STL)",null,"Jack Lost Ball Turnover (P1.T6)",null,null],["0041400101",132,1,50,1,"6:07 PM","0:27","Schroder  Running Dunk (6 PTS) (Mack 2 AST)",null,null,"20 - 32","12"],["0041400101",133,2,1,1,"6:08 PM","0:03",null,null,"MISS Jack 12' Jump Shot",null,null],["0041400101",134,4,0,1,"6:08 PM","0:01","Horford REBOUND (Off:1 Def:4)",null,null,null,null],["0041400101",135,2,1,1,"6:08 PM","0:00","MISS Horford 48' 3PT Jump Shot",null,null,null,null],["0041400101",136,4,0,1,"6:08 PM","0:00","HAWKS Rebound",null,null,null,null],["0041400101",137,13,0,1,"6:08 PM","0:00",null,null,null,"20 - 32","12"],["0041400101",139,12,0,2,"6:12 PM","12:00",null,null,null,"20 - 32","12"],["0041400101",140,2,79,2,"6:12 PM","11:46","MISS Schroder 19' Pullup Jump Shot",null,null,null,null],["0041400101",141,4,0,2,"6:12 PM","11:45","Horford REBOUND (Off:2 Def:4)",null,null,null,null],["0041400101",142,1,1,2,"6:12 PM","11:40","Korver 24' 3PT Jump Shot (6 PTS) (Horford 1 AST)",null,null,"20 - 35","15"],["0041400101",143,2,86,2,"6:12 PM","11:19",null,null,"MISS Bogdanovic 15' Turnaround Fadeaway Shot",null,null],["0041400101",144,4,0,2,"6:12 PM","11:15","Horford REBOUND (Off:2 Def:5)",null,null,null,null],["0041400101",145,5,2,2,"6:12 PM","11:13","Horford Lost Ball Turnover (P1.T2)",null,"Clark STEAL (1 STL)",null,null],["0041400101",146,1,1,2,"6:13 PM","11:09",null,null,"Clark 25' 3PT Jump Shot (3 PTS) (Jack 1 AST)","23 - 35","12"],["0041400101",147,2,1,2,"6:13 PM","10:46","MISS Antic 25' 3PT Jump Shot",null,null,null,null],["0041400101",148,4,0,2,"6:13 PM","10:44",null,null,"Jack REBOUND (Off:0 Def:1)",null,null],["0041400101",149,5,1,2,"6:13 PM","10:38","Mack STEAL (1 STL)",null,"Jack Bad Pass Turnover (P2.T7)",null,null],["0041400101",151,7,2,2,"6:13 PM","10:35",null,null,"Clark Violation:Defensive Goaltending (D.Crawford)",null,null],["0041400101",150,1,41,2,"6:13 PM","10:35","Mack 2' Running Layup (2 PTS)",null,null,"23 - 37","14"],["0041400101",152,2,1,2,"6:14 PM","10:23",null,null,"MISS Clark 21' Jump Shot",null,null],["0041400101",153,4,0,2,"6:14 PM","10:21","Korver REBOUND (Off:0 Def:2)",null,null,null,null],["0041400101",154,2,1,2,"6:14 PM","10:12","MISS Mack 24' 3PT Jump Shot",null,null,null,null],["0041400101",155,4,0,2,"6:14 PM","10:08",null,null,"Bogdanovic REBOUND (Off:0 Def:1)",null,null],["0041400101",156,5,2,2,"6:14 PM","9:50","Mack STEAL (2 STL)",null,"Anderson Lost Ball Turnover (P1.T8)",null,null],["0041400101",157,1,66,2,"6:14 PM","9:40","Horford 3' Jump Bank Shot (8 PTS) (Korver 2 AST)",null,null,"23 - 39","16"],["0041400101",158,9,1,2,"6:14 PM","9:37",null,null,"Nets Timeout: Regular (Reg.2 Short 0)",null,null],["0041400101",160,8,0,2,"6:16 PM","9:37",null,null,"SUB: D. Williams FOR Bogdanovic",null,null],["0041400101",161,8,0,2,"6:16 PM","9:37",null,null,"SUB: Young FOR Clark",null,null],["0041400101",162,8,0,2,"6:17 PM","9:37","SUB: Scott FOR Antic",null,null,null,null],["0041400101",163,1,5,2,"6:18 PM","9:18",null,null,"Young 1' Layup (3 PTS) (Plumlee 1 AST)","25 - 39","14"],["0041400101",164,6,2,2,"6:18 PM","9:02",null,null,"Jack S.FOUL (P2.T1) (D.Crawford)",null,null],["0041400101",165,3,13,2,"6:18 PM","9:02","Korver Free Throw 1 of 3 (7 PTS)",null,null,"25 - 40","15"],["0041400101",167,3,14,2,"6:19 PM","9:02","Korver Free Throw 2 of 3 (8 PTS)",null,null,"25 - 41","16"],["0041400101",169,8,0,2,"6:19 PM","9:02",null,null,"SUB: Johnson FOR Jack",null,null],["0041400101",170,8,0,2,"6:19 PM","9:02","SUB: Carroll FOR Mack",null,null,null,null],["0041400101",171,3,15,2,"6:19 PM","9:02","MISS Korver Free Throw 3 of 3",null,null,null,null],["0041400101",173,4,0,2,"6:19 PM","9:01",null,null,"Anderson REBOUND (Off:0 Def:1)",null,null],["0041400101",175,1,79,2,"6:20 PM","8:37",null,null,"Johnson 20' Pullup Jump Shot (6 PTS) (D. Williams 1 AST)","27 - 41","14"],["0041400101",176,2,1,2,"6:20 PM","8:20","MISS Schroder 22' Jump Shot",null,null,null,null],["0041400101",177,4,0,2,"6:20 PM","8:18",null,null,"Johnson REBOUND (Off:0 Def:1)",null,null],["0041400101",178,5,1,2,"6:20 PM","8:05","Korver STEAL (1 STL)",null,"Plumlee Bad Pass Turnover (P1.T9)",null,null],["0041400101",179,2,1,2,"6:21 PM","7:43","MISS Horford 24' 3PT Jump Shot",null,null,null,null],["0041400101",180,4,0,2,"6:21 PM","7:42",null,null,"Johnson REBOUND (Off:0 Def:2)",null,null],["0041400101",181,6,26,2,"6:21 PM","7:37",null,null,"Young Offensive Charge Foul (P1.T2) (M.Davis)",null,null],["0041400101",182,5,5,2,"6:21 PM","7:37",null,null,"Young Foul Turnover (P3.T10)",null,null],["0041400101",183,8,0,2,"6:21 PM","7:37","SUB: Teague FOR Schroder",null,null,null,null],["0041400101",184,8,0,2,"6:21 PM","7:37",null,null,"SUB: Lopez FOR Plumlee",null,null],["0041400101",186,2,1,2,"6:21 PM","7:20","MISS Carroll 17' Jump Shot",null,null,null,null],["0041400101",187,4,0,2,"6:21 PM","7:18","Scott REBOUND (Off:1 Def:0)",null,null,null,null],["0041400101",188,1,72,2,"6:21 PM","7:17","Scott  Putback Layup (2 PTS)",null,null,"27 - 43","16"],["0041400101",189,1,79,2,"6:22 PM","6:58",null,null,"Anderson 16' Pullup Jump Shot (2 PTS) (Young 1 AST)","29 - 43","14"],["0041400101",190,6,4,2,"6:22 PM","6:50","Scott OFF.Foul (P1) (D.Crawford)",null,null,null,null],["0041400101",191,5,5,2,"6:22 PM","6:50","Scott Foul Turnover (P1.T3)",null,null,null,null],["0041400101",192,8,0,2,"6:22 PM","6:50","SUB: Schroder FOR Horford",null,null,null,null],["0041400101",193,8,0,2,"6:22 PM","6:50","SUB: Millsap FOR Korver",null,null,null,null],["0041400101",195,5,1,2,"6:23 PM","6:38","Scott STEAL (1 STL)",null,"Young Bad Pass Turnover (P4.T11)",null,null],["0041400101",196,2,1,2,"6:23 PM","6:32","MISS Carroll 25' 3PT Jump Shot",null,null,null,null],["0041400101",197,4,0,2,"6:23 PM","6:31","HAWKS Rebound",null,null,null,null],["0041400101",199,2,1,2,"6:23 PM","6:17","MISS Scott 20' Jump Shot",null,null,null,null],["0041400101",200,4,0,2,"6:23 PM","6:17",null,null,"Nets Rebound",null,null],["0041400101",201,6,3,2,"6:23 PM","6:17","Carroll L.B.FOUL (P1.T1) (M.Davis)",null,null,null,null],["0041400101",204,8,0,2,"6:24 PM","6:07","SUB: Antic FOR Scott",null,null,null,null],["0041400101",205,6,1,2,"6:24 PM","6:03","Antic P.FOUL (P2.T2) (B.Salvatore)",null,null,null,null],["0041400101",206,2,1,2,"6:25 PM","5:58",null,null,"MISS Young 4' Jump Shot",null,null],["0041400101",207,4,0,2,"6:25 PM","5:57",null,null,"Young REBOUND (Off:3 Def:2)",null,null],["0041400101",208,1,72,2,"6:25 PM","5:53",null,null,"Young 1' Putback Layup (5 PTS)","31 - 43","12"],["0041400101",209,2,1,2,"6:25 PM","5:36","MISS Schroder 24' 3PT Jump Shot",null,null,null,null],["0041400101",210,4,0,2,"6:25 PM","5:35",null,null,"Lopez REBOUND (Off:4 Def:4)",null,null],["0041400101",211,1,1,2,"6:25 PM","5:21",null,null,"D. Williams 25' 3PT Jump Shot (3 PTS) (Johnson 1 AST)","34 - 43","9"],["0041400101",212,9,1,2,"6:25 PM","5:11","HAWKS Timeout: Regular (Full 2 Short 0)",null,null,null,null],["0041400101",216,1,1,2,"6:29 PM","4:58","Teague 24' 3PT Jump Shot (5 PTS) (Carroll 2 AST)",null,null,"34 - 46","12"],["0041400101",217,2,86,2,"6:29 PM","4:30",null,null,"MISS Johnson 15' Turnaround Fadeaway Shot",null,null],["0041400101",218,4,0,2,"6:29 PM","4:28",null,null,"Lopez REBOUND (Off:5 Def:4)",null,null],["0041400101",219,1,72,2,"6:29 PM","4:27",null,null,"Lopez 1' Putback Layup (7 PTS)","36 - 46","10"],["0041400101",220,2,79,2,"6:30 PM","4:05","MISS Teague 17' Pullup Jump Shot",null,null,null,null],["0041400101",221,4,0,2,"6:30 PM","4:04",null,null,"Young REBOUND (Off:3 Def:3)",null,null],["0041400101",222,6,1,2,"6:30 PM","3:58","Millsap P.FOUL (P2.T3) (B.Salvatore)",null,null,null,null],["0041400101",223,8,0,2,"6:30 PM","3:58",null,null,"SUB: Bogdanovic FOR Anderson",null,null],["0041400101",224,8,0,2,"6:30 PM","3:58","SUB: Korver FOR Antic",null,null,null,null],["0041400101",225,8,0,2,"6:30 PM","3:58","SUB: Horford FOR Schroder",null,null,null,null],["0041400101",226,1,77,2,"6:30 PM","3:45",null,null,"Johnson 8' Driving Jump Shot (8 PTS)","38 - 46","8"],["0041400101",227,1,41,2,"6:31 PM","3:33","Korver 1' Running Layup (10 PTS) (Carroll 3 AST)",null,null,"38 - 48","10"],["0041400101",228,1,42,2,"6:31 PM","3:09",null,null,"Young 2' Driving Layup (7 PTS) (Bogdanovic 1 AST)","40 - 48","8"],["0041400101",229,1,79,2,"6:31 PM","3:00","Teague 12' Pullup Jump Shot (7 PTS)",null,null,"40 - 50","10"],["0041400101",230,1,44,2,"6:32 PM","2:41",null,null,"D. Williams 1' Reverse Layup (5 PTS) (Young 2 AST)","42 - 50","8"],["0041400101",231,2,1,2,"6:32 PM","2:29","MISS Korver  3PT Jump Shot",null,null,null,null],["0041400101",232,4,0,2,"6:32 PM","2:28",null,null,"D. Williams REBOUND (Off:0 Def:2)",null,null],["0041400101",233,2,1,2,"6:32 PM","2:18",null,null,"MISS Johnson 24' 3PT Jump Shot",null,null],["0041400101",234,4,0,2,"6:32 PM","2:16","Horford REBOUND (Off:2 Def:6)",null,null,null,null],["0041400101",235,1,5,2,"6:32 PM","2:10","Carroll 2' Layup (9 PTS) (Korver 3 AST)",null,null,"42 - 52","10"],["0041400101",236,1,73,2,"6:32 PM","1:50",null,null,"Lopez 2' Driving Reverse Layup (9 PTS)","44 - 52","8"],["0041400101",237,6,4,2,"6:33 PM","1:44","Horford OFF.Foul (P1) (M.Davis)",null,null,null,null],["0041400101",238,5,5,2,"6:33 PM","1:44","Horford Foul Turnover (P2.T4)",null,null,null,null],["0041400101",239,9,4,2,"6:33 PM","1:44",null,null,null,null,null],["0041400101",241,8,0,2,"6:35 PM","1:44","SUB: Antic FOR Millsap",null,null,null,null],["0041400101",243,6,2,2,"6:36 PM","1:30","Carroll S.FOUL (P2.T4) (M.Davis)",null,null,null,null],["0041400101",244,3,11,2,"6:36 PM","1:30",null,null,"MISS Johnson Free Throw 1 of 2",null,null],["0041400101",245,4,1,2,"6:36 PM","1:30",null,null,"Nets Rebound",null,null],["0041400101",246,8,0,2,"6:37 PM","1:30",null,null,"SUB: Plumlee FOR Lopez",null,null],["0041400101",247,3,12,2,"6:37 PM","1:30",null,null,"Johnson Free Throw 2 of 2 (9 PTS)","45 - 52","7"],["0041400101",249,1,42,2,"6:37 PM","1:08","Carroll 2' Driving Layup (11 PTS)",null,null,"45 - 54","9"],["0041400101",250,6,2,2,"6:37 PM","1:08",null,null,"Bogdanovic S.FOUL (P2.T3) (B.Salvatore)",null,null],["0041400101",251,8,0,2,"6:37 PM","1:08","SUB: Bazemore FOR Korver",null,null,null,null],["0041400101",252,3,10,2,"6:38 PM","1:08","Carroll Free Throw 1 of 1 (12 PTS)",null,null,"45 - 55","10"],["0041400101",254,6,2,2,"6:38 PM","0:57","Antic S.FOUL (P3.PN) (B.Salvatore)",null,null,null,null],["0041400101",255,3,11,2,"6:38 PM","0:57",null,null,"MISS Plumlee Free Throw 1 of 2",null,null],["0041400101",256,4,1,2,"6:38 PM","0:57",null,null,"Nets Rebound",null,null],["0041400101",257,8,0,2,"6:38 PM","0:57",null,null,"SUB: Anderson FOR Bogdanovic",null,null],["0041400101",258,8,0,2,"6:39 PM","0:57","SUB: Scott FOR Carroll",null,null,null,null],["0041400101",259,8,0,2,"6:39 PM","0:57","SUB: Korver FOR Antic",null,null,null,null],["0041400101",260,3,12,2,"6:39 PM","0:57",null,null,"MISS Plumlee Free Throw 2 of 2",null,null],["0041400101",262,4,0,2,"6:39 PM","0:55","Bazemore REBOUND (Off:0 Def:1)",null,null,null,null],["0041400101",263,5,1,2,"6:39 PM","0:35","Teague Bad Pass Turnover (P2.T5)",null,"Johnson STEAL (1 STL)",null,null],["0041400101",264,2,79,2,"6:39 PM","0:14",null,null,"MISS Anderson 20' Pullup Jump Shot",null,null],["0041400101",265,4,0,2,"6:39 PM","0:13","Bazemore REBOUND (Off:0 Def:2)",null,null,null,null],["0041400101",267,9,2,2,"6:40 PM","0:07","HAWKS Timeout: Short (Full 2 Short 1)",null,null,null,null],["0041400101",269,8,0,2,"6:40 PM","0:07","SUB: Carroll FOR Bazemore",null,null,null,null],["0041400101",271,2,77,2,"6:41 PM","0:00","MISS Teague 5' Driving Jump Shot",null,null,null,null],["0041400101",272,4,0,2,"6:41 PM","0:00",null,null,"Plumlee REBOUND (Off:0 Def:1)",null,null],["0041400101",273,13,0,2,"6:41 PM","0:00",null,null,null,"45 - 55","10"],["0041400101",275,12,0,3,"6:59 PM","12:00",null,null,null,"45 - 55","10"],["0041400101",276,1,79,3,"7:00 PM","11:38","Teague 22' Pullup Jump Shot (9 PTS)",null,null,"45 - 57","12"],["0041400101",277,2,79,3,"7:00 PM","11:12",null,null,"MISS Johnson 20' Pullup Jump Shot",null,null],["0041400101",278,4,0,3,"7:00 PM","11:10",null,null,"Lopez REBOUND (Off:6 Def:4)",null,null],["0041400101",279,6,2,3,"7:00 PM","11:03","Teague S.FOUL (P2.T1) (M.Davis)",null,null,null,null],["0041400101",280,3,11,3,"7:00 PM","11:03",null,null,"Lopez Free Throw 1 of 2 (10 PTS)","46 - 57","11"],["0041400101",282,3,12,3,"7:01 PM","11:03",null,null,"Lopez Free Throw 2 of 2 (11 PTS)","47 - 57","10"],["0041400101",284,2,1,3,"7:01 PM","10:50","MISS Horford 19' Jump Shot",null,null,null,null],["0041400101",285,4,0,3,"7:01 PM","10:49","Carroll REBOUND (Off:2 Def:0)",null,null,null,null],["0041400101",286,2,1,3,"7:01 PM","10:34","MISS Carroll 22' Jump Shot",null,null,null,null],["0041400101",287,4,0,3,"7:01 PM","10:33",null,null,"Lopez REBOUND (Off:6 Def:5)",null,null],["0041400101",288,2,1,3,"7:02 PM","10:10",null,null,"MISS Bogdanovic 15' Jump Shot",null,null],["0041400101",291,4,0,3,"7:02 PM","10:03",null,null,"Young REBOUND (Off:4 Def:3)",null,null],["0041400101",292,6,2,3,"7:02 PM","10:03","Millsap S.FOUL (P3.T2) (M.Davis)",null,null,null,null],["0041400101",293,3,11,3,"7:02 PM","10:03",null,null,"MISS Johnson Free Throw 1 of 2",null,null],["0041400101",311,4,0,3,"7:03 PM","10:03",null,null,"Nets Rebound",null,null],["0041400101",295,3,12,3,"7:03 PM","10:03",null,null,"MISS Johnson Free Throw 2 of 2",null,null],["0041400101",297,4,0,3,"7:03 PM","10:01","Millsap REBOUND (Off:0 Def:3)",null,null,null,null],["0041400101",298,2,1,3,"7:03 PM","9:37","MISS Teague 26' 3PT Jump Shot",null,null,null,null],["0041400101",299,4,0,3,"7:03 PM","9:36",null,null,"Lopez REBOUND (Off:6 Def:6)",null,null],["0041400101",300,2,1,3,"7:03 PM","9:19",null,null,"MISS Young 20' Jump Shot",null,null],["0041400101",301,4,0,3,"7:04 PM","9:19","Korver REBOUND (Off:0 Def:3)",null,null,null,null],["0041400101",302,2,1,3,"7:04 PM","9:13","MISS Korver 25' 3PT Jump Shot",null,null,null,null],["0041400101",304,4,0,3,"7:04 PM","9:12",null,null,"Johnson REBOUND (Off:0 Def:3)",null,null],["0041400101",305,1,42,3,"7:04 PM","8:58",null,null,"D. Williams 1' Driving Layup (7 PTS)","49 - 57","8"],["0041400101",307,6,2,3,"7:04 PM","8:58","Teague S.FOUL (P3.T3) (B.Salvatore)",null,null,null,null],["0041400101",308,3,10,3,"7:04 PM","8:58",null,null,"D. Williams Free Throw 1 of 1 (8 PTS)","50 - 57","7"],["0041400101",312,2,1,3,"7:05 PM","8:45","MISS Millsap 8' Jump Shot",null,null,null,null],["0041400101",313,4,0,3,"7:05 PM","8:44",null,null,"Bogdanovic REBOUND (Off:0 Def:2)",null,null],["0041400101",314,1,41,3,"7:05 PM","8:38",null,null,"D. Williams 2' Running Layup (10 PTS)","52 - 57","5"],["0041400101",316,5,2,3,"7:05 PM","8:27","Teague Lost Ball Turnover (P3.T6)",null,"Johnson STEAL (2 STL)",null,null],["0041400101",317,1,5,3,"7:05 PM","8:22",null,null,"Bogdanovic 2' Layup (2 PTS) (Johnson 2 AST)","54 - 57","3"],["0041400101",318,9,1,3,"7:05 PM","8:22","HAWKS Timeout: Regular (Full 3 Short 1)",null,null,null,null],["0041400101",322,6,1,3,"7:09 PM","8:09",null,null,"Young P.FOUL (P2.T1) (B.Salvatore)",null,null],["0041400101",323,2,1,3,"7:09 PM","8:01","MISS Carroll 24' 3PT Jump Shot",null,null,null,null],["0041400101",324,4,0,3,"7:09 PM","8:00",null,null,"Bogdanovic REBOUND (Off:0 Def:3)",null,null],["0041400101",326,2,79,3,"7:09 PM","7:49",null,null,"MISS D. Williams 22' Pullup Jump Shot",null,null],["0041400101",327,4,0,3,"7:09 PM","7:48","Millsap REBOUND (Off:0 Def:4)",null,null,null,null],["0041400101",328,1,42,3,"7:10 PM","7:29","Millsap 3' Driving Layup (4 PTS)",null,null,"54 - 59","5"],["0041400101",329,5,39,3,"7:10 PM","7:08",null,null,"Bogdanovic Step Out of Bounds Turnover (P1.T12)",null,null],["0041400101",330,2,1,3,"7:10 PM","6:53","MISS Teague 20' Jump Shot",null,null,null,null],["0041400101",331,4,0,3,"7:10 PM","6:51",null,null,"Lopez REBOUND (Off:6 Def:7)",null,null],["0041400101",332,5,2,3,"7:11 PM","6:41","Teague STEAL (1 STL)",null,"D. Williams Lost Ball Turnover (P2.T13)",null,null],["0041400101",333,1,1,3,"7:11 PM","6:35","Carroll 24' 3PT Jump Shot (15 PTS) (Teague 2 AST)",null,null,"54 - 62","8"],["0041400101",334,2,78,3,"7:11 PM","6:19",null,null,"MISS Young 10' Floating Jump Shot",null,null],["0041400101",335,4,0,3,"7:11 PM","6:17","Carroll REBOUND (Off:2 Def:1)",null,null,null,null],["0041400101",336,5,1,3,"7:11 PM","6:07","Teague Bad Pass Turnover (P4.T7)",null,"Lopez STEAL (1 STL)",null,null],["0041400101",337,6,1,3,"7:11 PM","6:06","Teague P.FOUL (P4.T4) (B.Salvatore)",null,null,null,null],["0041400101",338,8,0,3,"7:12 PM","6:06","SUB: Schroder FOR Teague",null,null,null,null],["0041400101",339,2,1,3,"7:12 PM","5:44",null,null,"MISS Young 4' Jump Shot",null,null],["0041400101",340,4,0,3,"7:12 PM","5:43","Carroll REBOUND (Off:2 Def:2)",null,null,null,null],["0041400101",341,2,1,3,"7:12 PM","5:37","MISS Korver 26' 3PT Jump Shot",null,null,null,null],["0041400101",342,4,0,3,"7:12 PM","5:36",null,null,"Young REBOUND (Off:4 Def:4)",null,null],["0041400101",343,2,5,3,"7:12 PM","5:30",null,null,"MISS Young 2' Layup",null,null],["0041400101",344,4,0,3,"7:12 PM","5:29","Korver REBOUND (Off:0 Def:4)",null,null,null,null],["0041400101",345,5,2,3,"7:12 PM","5:27","Korver Lost Ball Turnover (P1.T8)",null,"Young STEAL (1 STL)",null,null],["0041400101",346,2,1,3,"7:12 PM","5:23",null,null,"MISS D. Williams 25' 3PT Jump Shot",null,null],["0041400101",347,4,0,3,"7:12 PM","5:22","Horford REBOUND (Off:2 Def:7)",null,null,null,null],["0041400101",349,1,1,3,"7:13 PM","5:11","Korver  3PT Jump Shot (13 PTS) (Horford 2 AST)",null,null,"54 - 65","11"],["0041400101",350,9,1,3,"7:13 PM","5:10",null,null,"Nets Timeout: Regular (Reg.3 Short 0)",null,null],["0041400101",352,8,0,3,"7:15 PM","5:10","SUB: Antic FOR Horford",null,null,null,null],["0041400101",353,8,0,3,"7:15 PM","5:10","SUB: Bazemore FOR Korver",null,null,null,null],["0041400101",355,2,1,3,"7:16 PM","4:52",null,null,"MISS Bogdanovic 25' 3PT Jump Shot",null,null],["0041400101",356,4,0,3,"7:16 PM","4:51","Carroll REBOUND (Off:2 Def:3)",null,null,null,null],["0041400101",357,1,42,3,"7:17 PM","4:37","Schroder 1' Driving Layup (8 PTS)",null,null,"54 - 67","13"],["0041400101",358,1,1,3,"7:17 PM","4:14",null,null,"Johnson 4' Jump Shot (11 PTS)","56 - 67","11"],["0041400101",359,1,1,3,"7:17 PM","4:02","Schroder 25' 3PT Jump Shot (11 PTS)",null,null,"56 - 70","14"],["0041400101",360,2,79,3,"7:18 PM","3:37",null,null,"MISS D. Williams 20' Pullup Jump Shot",null,null],["0041400101",361,4,0,3,"7:18 PM","3:35","Millsap REBOUND (Off:0 Def:5)",null,null,null,null],["0041400101",362,6,1,3,"7:18 PM","3:28",null,null,"Johnson P.FOUL (P1.T2) (M.Davis)",null,null],["0041400101",363,8,0,3,"7:18 PM","3:28",null,null,"SUB: Jack FOR D. Williams",null,null],["0041400101",364,2,1,3,"7:18 PM","3:22","MISS Millsap 19' Jump Shot",null,null,null,null],["0041400101",365,4,0,3,"7:18 PM","3:21",null,null,"Bogdanovic REBOUND (Off:0 Def:4)",null,null],["0041400101",366,6,4,3,"7:19 PM","3:04",null,null,"Jack OFF.Foul (P3) (D.Crawford)",null,null],["0041400101",367,5,5,3,"7:19 PM","3:04",null,null,"Jack Foul Turnover (P3.T14)",null,null],["0041400101",368,2,57,3,"7:19 PM","2:50","MISS Millsap 5' Driving Hook Shot",null,null,null,null],["0041400101",370,4,0,3,"7:19 PM","2:49","Antic REBOUND (Off:1 Def:0)",null,null,null,null],["0041400101",369,1,4,3,"7:19 PM","2:49","Antic 1' Tip Shot (8 PTS)",null,null,"56 - 72","16"],["0041400101",371,6,1,3,"7:20 PM","2:27","Schroder P.FOUL (P1.PN) (B.Salvatore)",null,null,null,null],["0041400101",372,3,11,3,"7:20 PM","2:27",null,null,"Jack Free Throw 1 of 2 (7 PTS)","57 - 72","15"],["0041400101",374,8,0,3,"7:20 PM","2:27","SUB: Horford FOR Millsap",null,null,null,null],["0041400101",375,8,0,3,"7:20 PM","2:27","SUB: Korver FOR Carroll",null,null,null,null],["0041400101",376,3,12,3,"7:20 PM","2:27",null,null,"Jack Free Throw 2 of 2 (8 PTS)","58 - 72","14"],["0041400101",378,2,1,3,"7:21 PM","2:15","MISS Schroder  3PT Jump Shot",null,null,null,null],["0041400101",379,4,0,3,"7:21 PM","2:14",null,null,"Johnson REBOUND (Off:0 Def:4)",null,null],["0041400101",380,2,63,3,"7:21 PM","2:07",null,null,"MISS Johnson 17' Fadeaway Jumper",null,null],["0041400101",381,4,0,3,"7:21 PM","2:05","Korver REBOUND (Off:0 Def:5)",null,null,null,null],["0041400101",382,1,50,3,"7:21 PM","1:48","Horford  Running Dunk (10 PTS) (Antic 1 AST)",null,null,"58 - 74","16"],["0041400101",383,1,1,3,"7:22 PM","1:20",null,null,"Lopez 20' Jump Shot (13 PTS) (Young 3 AST)","60 - 74","14"],["0041400101",384,2,1,3,"7:22 PM","1:07","MISS Horford 21' Jump Shot",null,null,null,null],["0041400101",385,4,0,3,"7:22 PM","1:06",null,null,"Johnson REBOUND (Off:0 Def:5)",null,null],["0041400101",386,1,74,3,"7:22 PM","0:59",null,null,"Jack 1' Running Reverse Layup (10 PTS) (Johnson 3 AST)","62 - 74","12"],["0041400101",387,2,1,3,"7:22 PM","0:43","MISS Horford 18' Jump Shot",null,null,null,null],["0041400101",388,4,0,3,"7:22 PM","0:42",null,null,"Jack REBOUND (Off:0 Def:2)",null,null],["0041400101",389,2,79,3,"7:23 PM","0:31",null,null,"MISS Jack 20' Pullup Jump Shot",null,null],["0041400101",390,4,0,3,"7:23 PM","0:30","Antic REBOUND (Off:1 Def:1)",null,null,null,null],["0041400101",391,5,1,3,"7:23 PM","0:07","Schroder Bad Pass Turnover (P1.T9)",null,"Jack STEAL (1 STL)",null,null],["0041400101",392,2,1,3,"7:23 PM","0:00",null,null,"MISS Bogdanovic 25' 3PT Jump Shot",null,null],["0041400101",393,4,0,3,"7:23 PM","0:00","Antic REBOUND (Off:1 Def:2)",null,null,null,null],["0041400101",395,13,0,3,"7:23 PM","0:00",null,null,null,"62 - 74","12"],["0041400101",397,12,0,4,"7:27 PM","12:00",null,null,null,"62 - 74","12"],["0041400101",398,1,77,4,"7:27 PM","11:39",null,null,"Johnson 7' Driving Jump Shot (13 PTS)","64 - 74","10"],["0041400101",399,1,1,4,"7:28 PM","11:18","Korver  3PT Jump Shot (16 PTS) (Schroder 2 AST)",null,null,"64 - 77","13"],["0041400101",400,2,1,4,"7:28 PM","10:58",null,null,"MISS Clark 22' Jump Shot",null,null],["0041400101",401,4,0,4,"7:28 PM","10:56","Horford REBOUND (Off:2 Def:8)",null,null,null,null],["0041400101",402,9,1,4,"7:28 PM","10:50","HAWKS Timeout: Regular (Full 4 Short 1)",null,null,null,null],["0041400101",405,8,0,4,"7:31 PM","10:50","SUB: Antic FOR Horford",null,null,null,null],["0041400101",406,6,2,4,"7:32 PM","10:41",null,null,"Anderson S.FOUL (P1.T1) (B.Salvatore)",null,null],["0041400101",407,3,11,4,"7:32 PM","10:41","Korver Free Throw 1 of 2 (17 PTS)",null,null,"64 - 78","14"],["0041400101",409,3,12,4,"7:32 PM","10:41","Korver Free Throw 2 of 2 (18 PTS)",null,null,"64 - 79","15"],["0041400101",411,1,77,4,"7:33 PM","10:22",null,null,"Jack 4' Driving Jump Shot (12 PTS)","66 - 79","13"],["0041400101",412,6,2,4,"7:33 PM","10:22","Antic S.FOUL (P4.T1) (B.Salvatore)",null,null,null,null],["0041400101",413,3,10,4,"7:33 PM","10:22",null,null,"Jack Free Throw 1 of 1 (13 PTS)","67 - 79","12"],["0041400101",415,2,47,4,"7:33 PM","10:12","MISS Korver 25' 3PT Turnaround Jump Shot",null,null,null,null],["0041400101",416,4,0,4,"7:33 PM","10:11",null,null,"Plumlee REBOUND (Off:0 Def:2)",null,null],["0041400101",417,5,1,4,"7:34 PM","9:55","Bazemore STEAL (1 STL)",null,"Jack Bad Pass Turnover (P4.T15)",null,null],["0041400101",418,1,41,4,"7:34 PM","9:50","Schroder 2' Running Layup (13 PTS) (Bazemore 1 AST)",null,null,"67 - 81","14"],["0041400101",419,1,1,4,"7:34 PM","9:28",null,null,"Anderson 25' 3PT Jump Shot (5 PTS) (Plumlee 2 AST)","70 - 81","11"],["0041400101",420,2,1,4,"7:34 PM","9:11","MISS Bazemore 24' 3PT Jump Shot",null,null,null,null],["0041400101",421,4,0,4,"7:34 PM","9:10",null,null,"Clark REBOUND (Off:0 Def:1)",null,null],["0041400101",422,2,1,4,"7:35 PM","9:01",null,null,"MISS Clark 25' 3PT Jump Shot",null,null],["0041400101",423,4,0,4,"7:35 PM","9:00","Korver REBOUND (Off:0 Def:6)",null,null,null,null],["0041400101",424,1,42,4,"7:35 PM","8:52","Scott 1' Driving Layup (4 PTS)",null,null,"70 - 83","13"],["0041400101",425,6,2,4,"7:35 PM","8:52",null,null,"Clark S.FOUL (P1.T2) (B.Salvatore)",null,null],["0041400101",426,8,0,4,"7:35 PM","8:52","SUB: Millsap FOR Antic",null,null,null,null],["0041400101",427,9,1,4,"7:35 PM","8:52",null,null,"Nets Timeout: Regular (Reg.4 Short 0)",null,null],["0041400101",430,8,0,4,"7:37 PM","8:52",null,null,"SUB: Bogdanovic FOR Johnson",null,null],["0041400101",431,8,0,4,"7:37 PM","8:52",null,null,"SUB: Young FOR Clark",null,null],["0041400101",432,3,10,4,"7:38 PM","8:52","Scott Free Throw 1 of 1 (5 PTS)",null,null,"70 - 84","14"],["0041400101",435,5,1,4,"7:39 PM","8:41","Korver STEAL (2 STL)",null,"Bogdanovic Bad Pass Turnover (P2.T16)",null,null],["0041400101",436,6,4,4,"7:39 PM","8:36","Schroder OFF.Foul (P2) (D.Crawford)",null,null,null,null],["0041400101",437,5,5,4,"7:39 PM","8:36","Schroder Foul Turnover (P2.T10)",null,null,null,null],["0041400101",438,8,0,4,"7:39 PM","8:36","SUB: Teague FOR Bazemore",null,null,null,null],["0041400101",439,5,1,4,"7:39 PM","8:22","Scott STEAL (2 STL)",null,"Jack Bad Pass Turnover (P5.T17)",null,null],["0041400101",440,5,1,4,"7:40 PM","8:14","Korver Bad Pass Turnover (P2.T11)",null,null,null,null],["0041400101",441,1,1,4,"7:40 PM","8:01",null,null,"Bogdanovic  3PT Jump Shot (5 PTS) (Anderson 1 AST)","73 - 84","11"],["0041400101",442,2,5,4,"7:40 PM","7:37","MISS Millsap 2' Layup",null,null,null,null],["0041400101",443,4,0,4,"7:40 PM","7:35",null,null,"Plumlee REBOUND (Off:0 Def:3)",null,null],["0041400101",444,1,5,4,"7:40 PM","7:27",null,null,"Young 1' Layup (9 PTS) (Jack 2 AST)","75 - 84","9"],["0041400101",445,5,1,4,"7:41 PM","7:12","Scott Bad Pass Turnover (P2.T12)",null,"Anderson STEAL (1 STL)",null,null],["0041400101",446,2,2,4,"7:41 PM","7:06","Korver BLOCK (1 BLK)",null,"MISS Young 2' Running Jump Shot",null,null],["0041400101",477,4,0,4,"7:41 PM","7:04","Korver REBOUND (Off:0 Def:7)",null,null,null,null],["0041400101",447,2,1,4,"7:41 PM","6:59","MISS Korver 25' 3PT Jump Shot",null,null,null,null],["0041400101",448,4,0,4,"7:41 PM","6:57",null,null,"Plumlee REBOUND (Off:0 Def:4)",null,null],["0041400101",449,2,1,4,"7:41 PM","6:38",null,null,"MISS Jack 4' Jump Shot",null,null],["0041400101",450,4,0,4,"7:41 PM","6:37","Millsap REBOUND (Off:0 Def:6)",null,null,null,null],["0041400101",451,5,1,4,"7:41 PM","6:33","Schroder Bad Pass Turnover (P3.T13)",null,null,null,null],["0041400101",453,8,0,4,"7:42 PM","6:33",null,null,"SUB: D. Williams FOR Bogdanovic",null,null],["0041400101",454,8,0,4,"7:42 PM","6:33",null,null,"SUB: Johnson FOR Anderson",null,null],["0041400101",458,1,1,4,"7:43 PM","6:11",null,null,"Young 4' Jump Shot (11 PTS) (Johnson 4 AST)","77 - 84","7"],["0041400101",459,6,1,4,"7:43 PM","5:52",null,null,"Johnson P.FOUL (P2.T3) (M.Davis)",null,null],["0041400101",460,8,0,4,"7:43 PM","5:52",null,null,"SUB: Lopez FOR Plumlee",null,null],["0041400101",461,8,0,4,"7:43 PM","5:52","SUB: Horford FOR Scott",null,null,null,null],["0041400101",462,8,0,4,"7:43 PM","5:52","SUB: Carroll FOR Schroder",null,null,null,null],["0041400101",463,8,0,4,"7:43 PM","5:52",null,null,"SUB: Bogdanovic FOR Jack",null,null],["0041400101",465,6,1,4,"7:44 PM","5:42",null,null,"Lopez P.FOUL (P3.T4) (B.Salvatore)",null,null],["0041400101",466,2,46,4,"7:44 PM","5:34","MISS Horford 7' Running Jump Shot",null,null,null,null],["0041400101",467,4,0,4,"7:44 PM","5:32",null,null,"D. Williams REBOUND (Off:0 Def:3)",null,null],["0041400101",468,2,41,4,"7:44 PM","5:28",null,null,"MISS Young 1' Running Layup",null,null],["0041400101",469,4,0,4,"7:44 PM","5:26","Carroll REBOUND (Off:2 Def:4)",null,null,null,null],["0041400101",470,6,1,4,"7:45 PM","5:16",null,null,"D. Williams P.FOUL (P2.PN) (M.Davis)",null,null],["0041400101",471,3,11,4,"7:45 PM","5:16","Millsap Free Throw 1 of 2 (5 PTS)",null,null,"77 - 85","8"],["0041400101",473,8,0,4,"7:45 PM","5:16","SUB: Bazemore FOR Korver",null,null,null,null],["0041400101",474,3,12,4,"7:46 PM","5:16","Millsap Free Throw 2 of 2 (6 PTS)",null,null,"77 - 86","9"],["0041400101",478,2,1,4,"7:46 PM","5:04",null,null,"MISS Johnson 24' 3PT Jump Shot",null,null],["0041400101",479,4,0,4,"7:46 PM","5:03","Bazemore REBOUND (Off:0 Def:3)",null,null,null,null],["0041400101",480,2,1,4,"7:46 PM","4:52","MISS Millsap 17' Jump Shot",null,null,null,null],["0041400101",481,4,0,4,"7:46 PM","4:51",null,null,"Johnson REBOUND (Off:0 Def:6)",null,null],["0041400101",482,1,42,4,"7:46 PM","4:40",null,null,"Johnson 2' Driving Layup (15 PTS) (D. Williams 2 AST)","79 - 86","7"],["0041400101",484,2,1,4,"7:47 PM","4:27","MISS Carroll 24' 3PT Jump Shot",null,null,null,null],["0041400101",485,4,0,4,"7:47 PM","4:26",null,null,"Lopez REBOUND (Off:6 Def:8)",null,null],["0041400101",487,1,5,4,"7:47 PM","4:13",null,null,"Lopez 2' Layup (15 PTS) (Johnson 5 AST)","81 - 86","5"],["0041400101",489,1,79,4,"7:47 PM","3:49","Teague 16' Pullup Jump Shot (11 PTS)",null,null,"81 - 88","7"],["0041400101",490,6,29,4,"7:48 PM","3:29","Carroll Shooting Block Foul (P3.T2) (M.Davis)",null,null,null,null],["0041400101",491,3,11,4,"7:48 PM","3:29",null,null,"Johnson Free Throw 1 of 2 (16 PTS)","82 - 88","6"],["0041400101",493,8,0,4,"7:48 PM","3:29","SUB: Korver FOR Bazemore",null,null,null,null],["0041400101",494,3,12,4,"7:48 PM","3:29",null,null,"Johnson Free Throw 2 of 2 (17 PTS)","83 - 88","5"],["0041400101",496,1,79,4,"7:49 PM","3:17","Korver 25' 3PT Pullup Jump Shot (21 PTS) (Teague 3 AST)",null,null,"83 - 91","8"],["0041400101",497,2,77,4,"7:49 PM","2:58",null,null,"MISS Johnson 9' Driving Jump Shot",null,null],["0041400101",498,4,0,4,"7:49 PM","2:57","Carroll REBOUND (Off:2 Def:5)",null,null,null,null],["0041400101",499,6,1,4,"7:49 PM","2:54",null,null,"Johnson P.FOUL (P3.PN) (B.Salvatore)",null,null],["0041400101",500,9,4,4,"7:49 PM","2:54",null,null,null,null,null],["0041400101",503,8,0,4,"7:52 PM","2:54","SUB: Schroder FOR Teague",null,null,null,null],["0041400101",504,3,11,4,"7:52 PM","2:54","Carroll Free Throw 1 of 2 (16 PTS)",null,null,"83 - 92","9"],["0041400101",506,3,12,4,"7:53 PM","2:54","Carroll Free Throw 2 of 2 (17 PTS)",null,null,"83 - 93","10"],["0041400101",508,2,1,4,"7:53 PM","2:37",null,null,"MISS Johnson  3PT Jump Shot",null,null],["0041400101",510,4,0,4,"7:53 PM","2:35",null,null,"Young REBOUND (Off:5 Def:4)",null,null],["0041400101",509,1,87,4,"7:53 PM","2:35",null,null,"Young  Putback Dunk (13 PTS)","85 - 93","8"],["0041400101",511,5,1,4,"7:53 PM","2:19","Schroder Bad Pass Turnover (P4.T14)",null,"Lopez STEAL (2 STL)",null,null],["0041400101",512,6,2,4,"7:54 PM","2:03","Millsap S.FOUL (P4.T3) (B.Salvatore)",null,null,null,null],["0041400101",513,3,11,4,"7:54 PM","2:03",null,null,"Lopez Free Throw 1 of 2 (16 PTS)","86 - 93","7"],["0041400101",515,8,0,4,"7:54 PM","2:03","SUB: Teague FOR Schroder",null,null,null,null],["0041400101",516,3,12,4,"7:54 PM","2:03",null,null,"Lopez Free Throw 2 of 2 (17 PTS)","87 - 93","6"],["0041400101",519,2,1,4,"7:55 PM","1:53","MISS Korver 25' 3PT Jump Shot",null,null,null,null],["0041400101",520,4,0,4,"7:55 PM","1:52",null,null,"D. Williams REBOUND (Off:0 Def:4)",null,null],["0041400101",521,1,78,4,"7:55 PM","1:33",null,null,"Young 5' Floating Jump Shot (15 PTS) (Johnson 6 AST)","89 - 93","4"],["0041400101",522,1,82,4,"7:55 PM","1:19","Teague 5' Driving Bank Shot (13 PTS)",null,null,"89 - 95","6"],["0041400101",523,2,1,4,"7:55 PM","1:08",null,null,"MISS Johnson  3PT Jump Shot",null,null],["0041400101",524,4,0,4,"7:55 PM","1:06","Millsap REBOUND (Off:0 Def:7)",null,null,null,null],["0041400101",525,6,1,4,"7:56 PM","0:57",null,null,"D. Williams P.FOUL (P3.PN) (D.Crawford)",null,null],["0041400101",526,3,11,4,"7:56 PM","0:57","Teague Free Throw 1 of 2 (14 PTS)",null,null,"89 - 96","7"],["0041400101",528,3,12,4,"7:56 PM","0:57","Teague Free Throw 2 of 2 (15 PTS)",null,null,"89 - 97","8"],["0041400101",530,9,2,4,"7:56 PM","0:57",null,null,"Nets Timeout: Short (Reg.4 Short 1)",null,null],["0041400101",532,1,47,4,"7:58 PM","0:55",null,null,"D. Williams  3PT Turnaround Jump Shot (13 PTS) (Bogdanovic 2 AST)","92 - 97","5"],["0041400101",533,2,1,4,"7:58 PM","0:37","MISS Horford 19' Jump Shot",null,null,null,null],["0041400101",534,4,0,4,"7:58 PM","0:35",null,null,"Young REBOUND (Off:5 Def:5)",null,null],["0041400101",536,9,1,4,"7:58 PM","0:26",null,null,"Nets Timeout: Regular (Reg.5 Short 1)",null,null],["0041400101",538,8,0,4,"8:00 PM","0:26","SUB: Bazemore FOR Teague",null,null,null,null],["0041400101",539,2,1,4,"8:01 PM","0:15",null,null,"MISS D. Williams 23' Jump Shot",null,null],["0041400101",540,4,0,4,"8:01 PM","0:13","Carroll REBOUND (Off:2 Def:6)",null,null,null,null],["0041400101",541,9,2,4,"8:01 PM","0:13","HAWKS Timeout: Short (Full 4 Short 2)",null,null,null,null],["0041400101",542,8,0,4,"8:01 PM","0:13","SUB: Teague FOR Bazemore",null,null,null,null],["0041400101",543,8,0,4,"8:02 PM","0:13",null,null,"SUB: Anderson FOR Lopez",null,null],["0041400101",544,6,28,4,"8:02 PM","0:11",null,null,"D. Williams Personal Take Foul (P4.PN) (D.Crawford)",null,null],["0041400101",545,3,11,4,"8:02 PM","0:11","Teague Free Throw 1 of 2 (16 PTS)",null,null,"92 - 98","6"],["0041400101",547,8,0,4,"8:02 PM","0:11",null,null,"SUB: Lopez FOR Young",null,null],["0041400101",548,3,12,4,"8:03 PM","0:11","Teague Free Throw 2 of 2 (17 PTS)",null,null,"92 - 99","7"],["0041400101",550,2,79,4,"8:03 PM","0:06",null,null,"MISS D. Williams 26' 3PT Pullup Jump Shot",null,null],["0041400101",551,4,0,4,"8:03 PM","0:06","HAWKS Rebound",null,null,null,null],["0041400101",552,13,0,4,"8:03 PM","0:00",null,null,null,"92 - 99","7"]]},{"name":"AvailableVideo","headers":["VIDEO_AVAILABLE_FLAG"],"rowSet":[[1]]}]}