{"resource":"playbyplay","parameters":{"GameID":"0041400201","StartPeriod":0,"EndPeriod":14},"resultSets":[{"name":"PlayByPlay","headers":["GAME_ID","EVENTNUM","EVENTMSGTYPE","EVENTMSGACTIONTYPE","PERIOD","WCTIMESTRING","PCTIMESTRING","HOMEDESCRIPTION","NEUTRALDESCRIPTION","VISITORDESCRIPTION","SCORE","SCOREMARGIN"],"rowSet":[["0041400201",0,12,0,1,"1:03 PM","12:00",null,null,null,null,null],["0041400201",1,10,0,1,"1:03 PM","12:00","Jump Ball Horford vs. Gortat: Tip to Wall",null,null,null,null],["0041400201",2,6,1,1,"1:03 PM","11:43","Millsap P.FOUL (P1.T1) (P.Fraher)",null,null,null,null],["0041400201",3,5,40,1,"1:04 PM","11:38",null,null,"Beal Out of Bounds Lost Ball Turnover (P1.T1)",null,null],["0041400201",4,1,52,1,"1:04 PM","11:21","Horford  Alley Oop Dunk (2 PTS) (Millsap 1 AST)",null,null,"0 - 2","2"],["0041400201",5,1,79,1,"1:04 PM","11:06",null,null,"Pierce 15' Pullup Jump Shot (2 PTS)","2 - 2","TIE"],["0041400201",6,2,1,1,"1:05 PM","10:49","MISS Horford 17' Jump Shot",null,null,null,null],["0041400201",7,4,0,1,"1:05 PM","10:48",null,null,"Beal REBOUND (Off:0 Def:1)",null,null],["0041400201",8,1,1,1,"1:05 PM","10:42",null,null,"Pierce 26' 3PT Jump Shot (5 PTS) (Wall 1 AST)","5 - 2","-3"],["0041400201",9,1,1,1,"1:05 PM","10:25","Carroll 25' 3PT Jump Shot (3 PTS) (Millsap 2 AST)",null,null,"5 - 5","TIE"],["0041400201",10,2,1,1,"1:05 PM","10:12",null,null,"MISS Beal 23' Jump Shot",null,null],["0041400201",11,4,0,1,"1:05 PM","10:10","Horford REBOUND (Off:0 Def:1)",null,null,null,null],["0041400201",13,5,39,1,"1:06 PM","9:55","Millsap Step Out of Bounds Turnover (P1.T1)",null,null,null,null],["0041400201",15,1,77,1,"1:06 PM","9:39",null,null,"Pierce 3' Driving Jump Shot (7 PTS) (Wall 2 AST)","7 - 5","-2"],["0041400201",16,1,79,1,"1:06 PM","9:26","Korver 17' Pullup Jump Shot (2 PTS) (Teague 1 AST)",null,null,"7 - 7","TIE"],["0041400201",17,1,50,1,"1:06 PM","9:18",null,null,"Wall  Running Dunk (2 PTS)","9 - 7","-2"],["0041400201",18,6,1,1,"1:07 PM","9:08",null,null,"Nene P.FOUL (P1.T1) (S.Foster)",null,null],["0041400201",20,1,5,1,"1:07 PM","8:59","Horford 3' Layup (4 PTS) (Millsap 3 AST)",null,null,"9 - 9","TIE"],["0041400201",21,2,1,1,"1:07 PM","8:47",null,null,"MISS Pierce 24' 3PT Jump Shot",null,null],["0041400201",22,4,0,1,"1:07 PM","8:46","Millsap REBOUND (Off:0 Def:1)",null,null,null,null],["0041400201",23,5,4,1,"1:08 PM","8:35","Millsap Traveling Turnover (P2.T2)",null,null,null,null],["0041400201",24,2,1,1,"1:08 PM","8:24",null,null,"MISS Nene 20' Jump Shot",null,null],["0041400201",25,4,0,1,"1:08 PM","8:22","Teague REBOUND (Off:0 Def:1)",null,null,null,null],["0041400201",26,1,41,1,"1:08 PM","8:18","Carroll 2' Running Layup (5 PTS) (Teague 2 AST)",null,null,"9 - 11","2"],["0041400201",27,6,2,1,"1:08 PM","8:18",null,null,"Pierce S.FOUL (P1.T2) (R.Garretson)",null,null],["0041400201",28,3,10,1,"1:08 PM","8:18","MISS Carroll Free Throw 1 of 1",null,null,null,null],["0041400201",30,4,0,1,"1:08 PM","8:17",null,null,"Gortat REBOUND (Off:0 Def:1)",null,null],["0041400201",31,5,2,1,"1:09 PM","8:03","Horford STEAL (1 STL)",null,"Nene Lost Ball Turnover (P1.T2)",null,null],["0041400201",32,2,79,1,"1:09 PM","7:51","MISS Teague 16' Pullup Jump Shot",null,null,null,null],["0041400201",33,4,0,1,"1:09 PM","7:49",null,null,"Gortat REBOUND (Off:0 Def:2)",null,null],["0041400201",34,2,79,1,"1:09 PM","7:38",null,null,"MISS Wall 18' Pullup Jump Shot",null,null],["0041400201",35,4,0,1,"1:09 PM","7:36","Millsap REBOUND (Off:0 Def:2)",null,null,null,null],["0041400201",37,1,1,1,"1:09 PM","7:25","Carroll  3PT Jump Shot (8 PTS) (Horford 1 AST)",null,null,"9 - 14","5"],["0041400201",38,2,1,1,"1:10 PM","7:09",null,null,"MISS Pierce 25' 3PT Jump Shot",null,null],["0041400201",39,4,0,1,"1:10 PM","7:08","Horford REBOUND (Off:0 Def:2)",null,null,null,null],["0041400201",40,1,42,1,"1:10 PM","6:57","Millsap 2' Driving Layup (2 PTS) (Horford 2 AST)",null,null,"9 - 16","7"],["0041400201",41,9,1,1,"1:10 PM","6:52",null,null,"Wizards Timeout: Regular (Reg.1 Short 0)",null,null],["0041400201",43,8,0,1,"1:13 PM","6:52","SUB: Antic FOR Millsap",null,null,null,null],["0041400201",44,6,1,1,"1:14 PM","6:39","Horford P.FOUL (P1.T2) (S.Foster)",null,null,null,null],["0041400201",45,2,5,1,"1:14 PM","6:36",null,null,"MISS Beal 2' Layup",null,null],["0041400201",46,4,0,1,"1:14 PM","6:34","Antic REBOUND (Off:0 Def:1)",null,null,null,null],["0041400201",47,2,1,1,"1:14 PM","6:18","MISS Horford 18' Jump Shot",null,null,null,null],["0041400201",48,4,0,1,"1:14 PM","6:16",null,null,"Pierce REBOUND (Off:0 Def:1)",null,null],["0041400201",49,1,1,1,"1:14 PM","6:10",null,null,"Beal  3PT Jump Shot (3 PTS) (Wall 3 AST)","12 - 16","4"],["0041400201",50,1,79,1,"1:15 PM","6:00","Teague 19' Pullup Jump Shot (2 PTS)",null,null,"12 - 18","6"],["0041400201",51,2,79,1,"1:15 PM","5:46",null,null,"MISS Pierce 12' Pullup Jump Shot",null,null],["0041400201",52,4,0,1,"1:15 PM","5:45","Korver REBOUND (Off:0 Def:1)",null,null,null,null],["0041400201",53,6,2,1,"1:15 PM","5:41",null,null,"Pierce S.FOUL (P2.T3) (P.Fraher)",null,null],["0041400201",54,3,11,1,"1:15 PM","5:41","Carroll Free Throw 1 of 2 (9 PTS)",null,null,"12 - 19","7"],["0041400201",56,8,0,1,"1:15 PM","5:41",null,null,"SUB: Gooden FOR Nene",null,null],["0041400201",57,8,0,1,"1:15 PM","5:41",null,null,"SUB: Porter FOR Pierce",null,null],["0041400201",58,8,0,1,"1:15 PM","5:41","SUB: Millsap FOR Horford",null,null,null,null],["0041400201",59,8,0,1,"1:16 PM","5:41","SUB: Bazemore FOR Korver",null,null,null,null],["0041400201",60,3,12,1,"1:16 PM","5:41","Carroll Free Throw 2 of 2 (10 PTS)",null,null,"12 - 20","8"],["0041400201",63,1,79,1,"1:16 PM","5:20",null,null,"Porter 14' Pullup Jump Shot (2 PTS)","14 - 20","6"],["0041400201",64,2,1,1,"1:16 PM","5:13","MISS Teague 25' 3PT Jump Shot",null,null,null,null],["0041400201",65,4,0,1,"1:16 PM","5:12",null,null,"Gooden REBOUND (Off:0 Def:1)",null,null],["0041400201",66,1,1,1,"1:16 PM","5:05",null,null,"Gooden 25' 3PT Jump Shot (3 PTS) (Beal 1 AST)","17 - 20","3"],["0041400201",67,2,1,1,"1:17 PM","4:35","MISS Carroll 25' 3PT Jump Shot",null,null,null,null],["0041400201",68,4,0,1,"1:17 PM","4:34",null,null,"Wall REBOUND (Off:0 Def:1)",null,null],["0041400201",69,2,1,1,"1:17 PM","4:28",null,null,"MISS Gooden 21' Jump Shot",null,null],["0041400201",70,4,0,1,"1:17 PM","4:27","Teague REBOUND (Off:0 Def:2)",null,null,null,null],["0041400201",71,2,41,1,"1:17 PM","4:20","MISS Teague 3' Running Layup",null,null,null,null],["0041400201",72,4,0,1,"1:17 PM","4:19",null,null,"Beal REBOUND (Off:0 Def:2)",null,null],["0041400201",73,1,1,1,"1:17 PM","4:11",null,null,"Porter  3PT Jump Shot (5 PTS) (Wall 4 AST)","20 - 20","TIE"],["0041400201",74,9,1,1,"1:17 PM","4:10","HAWKS Timeout: Regular (Full 1 Short 0)",null,null,null,null],["0041400201",76,8,0,1,"1:19 PM","4:10","SUB: Schroder FOR Teague",null,null,null,null],["0041400201",77,6,1,1,"1:21 PM","4:01",null,null,"Gooden P.FOUL (P1.T4) (S.Foster)",null,null],["0041400201",86,2,49,1,"1:21 PM","3:47","MISS Millsap 2' Driving Dunk",null,"Gooden BLOCK (1 BLK)",null,null],["0041400201",83,4,0,1,"1:21 PM","3:47","Schroder REBOUND (Off:1 Def:0)",null,null,null,null],["0041400201",78,1,1,1,"1:21 PM","3:47","Millsap 25' 3PT Jump Shot (5 PTS) (Schroder 1 AST)",null,null,"20 - 23","3"],["0041400201",79,2,42,1,"1:22 PM","3:26",null,null,"MISS Beal 2' Driving Layup",null,null],["0041400201",80,4,0,1,"1:22 PM","3:26","Antic REBOUND (Off:0 Def:2)",null,null,null,null],["0041400201",81,6,1,1,"1:22 PM","3:26",null,null,"Porter P.FOUL (P1.PN) (S.Foster)",null,null],["0041400201",82,3,11,1,"1:22 PM","3:26","Antic Free Throw 1 of 2 (1 PTS)",null,null,"20 - 24","4"],["0041400201",85,3,12,1,"1:23 PM","3:26","Antic Free Throw 2 of 2 (2 PTS)",null,null,"20 - 25","5"],["0041400201",88,2,1,1,"1:23 PM","3:14",null,null,"MISS Gortat 13' Jump Shot",null,null],["0041400201",89,4,0,1,"1:23 PM","3:10","Millsap REBOUND (Off:0 Def:3)",null,null,null,null],["0041400201",90,1,77,1,"1:23 PM","2:56","Schroder 3' Driving Jump Shot (2 PTS)",null,null,"20 - 27","7"],["0041400201",91,1,79,1,"1:24 PM","2:35",null,null,"Gooden 18' Pullup Jump Shot (5 PTS) (Gortat 1 AST)","22 - 27","5"],["0041400201",92,1,1,1,"1:24 PM","2:20","Antic 25' 3PT Jump Shot (5 PTS) (Millsap 4 AST)",null,null,"22 - 30","8"],["0041400201",94,5,1,1,"1:24 PM","1:59","Millsap STEAL (1 STL)",null,"Gooden Bad Pass Turnover (P1.T3)",null,null],["0041400201",95,1,1,1,"1:24 PM","1:46","Carroll 25' 3PT Jump Shot (13 PTS) (Millsap 5 AST)",null,null,"22 - 33","11"],["0041400201",96,2,1,1,"1:25 PM","1:21",null,null,"MISS Porter 24' 3PT Jump Shot",null,null],["0041400201",97,4,0,1,"1:25 PM","1:20","Millsap REBOUND (Off:0 Def:4)",null,null,null,null],["0041400201",98,2,1,1,"1:25 PM","1:13","MISS Bazemore 25' 3PT Jump Shot",null,null,null,null],["0041400201",99,4,0,1,"1:25 PM","1:11",null,null,"Porter REBOUND (Off:0 Def:1)",null,null],["0041400201",100,6,2,1,"1:25 PM","1:07","Antic S.FOUL (P1.T3) (S.Foster)",null,null,null,null],["0041400201",101,3,11,1,"1:25 PM","1:07",null,null,"Gooden Free Throw 1 of 2 (6 PTS)","23 - 33","10"],["0041400201",103,8,0,1,"1:26 PM","1:07","SUB: Horford FOR Carroll",null,null,null,null],["0041400201",104,8,0,1,"1:26 PM","1:07","SUB: Korver FOR Millsap",null,null,null,null],["0041400201",105,8,0,1,"1:26 PM","1:07",null,null,"SUB: Sessions FOR Beal",null,null],["0041400201",106,3,12,1,"1:26 PM","1:07",null,null,"Gooden Free Throw 2 of 2 (7 PTS)","24 - 33","9"],["0041400201",109,1,75,1,"1:26 PM","0:54","Schroder 2' Driving Finger Roll Layup (4 PTS)",null,null,"24 - 35","11"],["0041400201",110,2,1,1,"1:27 PM","0:37",null,null,"MISS Sessions 24' 3PT Jump Shot",null,null],["0041400201",111,4,0,1,"1:27 PM","0:35",null,null,"Gooden REBOUND (Off:1 Def:1)",null,null],["0041400201",112,2,1,1,"1:27 PM","0:32",null,null,"MISS Wall 25' 3PT Jump Shot",null,null],["0041400201",113,4,0,1,"1:27 PM","0:31",null,null,"Gortat REBOUND (Off:1 Def:2)",null,null],["0041400201",114,1,78,1,"1:27 PM","0:19",null,null,"Wall 13' Floating Jump Shot (4 PTS)","26 - 35","9"],["0041400201",115,1,7,1,"1:27 PM","0:01","Bazemore  Dunk (2 PTS) (Horford 3 AST)",null,null,"26 - 37","11"],["0041400201",116,2,1,1,"1:28 PM","0:00",null,null,"MISS Gooden 51' 3PT Jump Shot",null,null],["0041400201",117,4,0,1,"1:28 PM","0:00",null,null,"Wizards Rebound",null,null],["0041400201",118,13,0,1,"1:28 PM","0:00",null,null,null,"26 - 37","11"],["0041400201",120,12,0,2,"1:32 PM","12:00",null,null,null,"26 - 37","11"],["0041400201",121,2,1,2,"1:32 PM","11:39","MISS Horford 19' Jump Shot",null,null,null,null],["0041400201",122,4,0,2,"1:32 PM","11:38",null,null,"Porter REBOUND (Off:0 Def:2)",null,null],["0041400201",123,2,3,2,"1:32 PM","11:20",null,null,"MISS Gooden 11' Hook Shot",null,null],["0041400201",124,4,0,2,"1:32 PM","11:18",null,null,"Nene REBOUND (Off:1 Def:0)",null,null],["0041400201",125,1,79,2,"1:32 PM","11:03",null,null,"Sessions 18' Pullup Jump Shot (2 PTS)","28 - 37","9"],["0041400201",126,5,1,2,"1:33 PM","10:58","Schroder Bad Pass Turnover (P1.T3)",null,null,null,null],["0041400201",127,2,79,2,"1:33 PM","10:47",null,null,"MISS Beal 20' Pullup Jump Shot",null,null],["0041400201",128,4,0,2,"1:33 PM","10:46","Horford REBOUND (Off:0 Def:3)",null,null,null,null],["0041400201",129,1,42,2,"1:33 PM","10:37","Schroder 1' Driving Layup (6 PTS)",null,null,"28 - 39","11"],["0041400201",130,6,2,2,"1:33 PM","10:21","Bazemore S.FOUL (P1.T1) (S.Foster)",null,null,null,null],["0041400201",131,3,11,2,"1:34 PM","10:21",null,null,"Beal Free Throw 1 of 2 (4 PTS)","29 - 39","10"],["0041400201",133,8,0,2,"1:34 PM","10:21","SUB: Scott FOR Bazemore",null,null,null,null],["0041400201",134,8,0,2,"1:34 PM","10:21","SUB: Mack FOR Antic",null,null,null,null],["0041400201",137,3,12,2,"1:34 PM","10:21",null,null,"Beal Free Throw 2 of 2 (5 PTS)","30 - 39","9"],["0041400201",140,6,1,2,"1:35 PM","10:08",null,null,"Porter P.FOUL (P2.T1) (R.Garretson)",null,null],["0041400201",141,2,1,2,"1:35 PM","9:56","MISS Scott 8' Jump Shot",null,null,null,null],["0041400201",142,4,0,2,"1:35 PM","9:54",null,null,"Gooden REBOUND (Off:1 Def:2)",null,null],["0041400201",143,2,42,2,"1:35 PM","9:49","Horford BLOCK (1 BLK)",null,"MISS Sessions 2' Driving Layup",null,null],["0041400201",144,4,0,2,"1:35 PM","9:46","Schroder REBOUND (Off:1 Def:1)",null,null,null,null],["0041400201",145,1,90,2,"1:35 PM","9:43","Scott  Running Slam Dunk (2 PTS) (Schroder 2 AST)",null,null,"30 - 41","11"],["0041400201",146,1,79,2,"1:36 PM","9:23",null,null,"Beal 14' Pullup Jump Shot (7 PTS)","32 - 41","9"],["0041400201",147,5,2,2,"1:36 PM","9:11","Mack Lost Ball Turnover (P1.T4)",null,"Nene STEAL (1 STL)",null,null],["0041400201",148,2,41,2,"1:36 PM","9:05",null,null,"MISS Sessions 2' Running Layup",null,null],["0041400201",149,4,0,2,"1:36 PM","9:05",null,null,"Gooden REBOUND (Off:2 Def:2)",null,null],["0041400201",150,6,2,2,"1:36 PM","9:05","Korver S.FOUL (P1.T2) (S.Foster)",null,null,null,null],["0041400201",151,3,11,2,"1:36 PM","9:05",null,null,"Gooden Free Throw 1 of 2 (8 PTS)","33 - 41","8"],["0041400201",153,3,12,2,"1:37 PM","9:05",null,null,"Gooden Free Throw 2 of 2 (9 PTS)","34 - 41","7"],["0041400201",155,5,2,2,"1:37 PM","8:46","Horford Lost Ball Turnover (P1.T5)",null,"Sessions STEAL (1 STL)",null,null],["0041400201",156,2,1,2,"1:37 PM","8:32",null,null,"MISS Beal 25' 3PT Jump Shot",null,null],["0041400201",157,4,0,2,"1:37 PM","8:31","Scott REBOUND (Off:0 Def:1)",null,null,null,null],["0041400201",158,2,1,2,"1:38 PM","8:21","MISS Horford 20' Jump Shot",null,null,null,null],["0041400201",159,4,0,2,"1:38 PM","8:20","HAWKS Rebound",null,null,null,null],["0041400201",160,6,3,2,"1:38 PM","8:20",null,null,"Gooden L.B.FOUL (P2.T2) (S.Foster)",null,null],["0041400201",161,9,4,2,"1:38 PM","8:20",null,null,null,null,null],["0041400201",163,8,0,2,"1:41 PM","8:20","SUB: Teague FOR Horford",null,null,null,null],["0041400201",164,8,0,2,"1:41 PM","8:20","SUB: Millsap FOR Schroder",null,null,null,null],["0041400201",165,8,0,2,"1:41 PM","8:20","SUB: Carroll FOR Mack",null,null,null,null],["0041400201",166,8,0,2,"1:41 PM","8:20",null,null,"SUB: Pierce FOR Gooden",null,null],["0041400201",167,2,1,2,"1:41 PM","8:05","MISS Scott 24' 3PT Jump Shot",null,null,null,null],["0041400201",168,4,0,2,"1:41 PM","8:04",null,null,"Porter REBOUND (Off:0 Def:3)",null,null],["0041400201",169,6,4,2,"1:42 PM","7:50",null,null,"Nene OFF.Foul (P2) (R.Garretson)",null,null],["0041400201",170,5,5,2,"1:42 PM","7:50",null,null,"Nene Foul Turnover (P2.T4)",null,null],["0041400201",171,2,1,2,"1:42 PM","7:34","MISS Millsap 19' Jump Shot",null,null,null,null],["0041400201",172,4,0,2,"1:42 PM","7:33",null,null,"Beal REBOUND (Off:0 Def:3)",null,null],["0041400201",173,2,5,2,"1:42 PM","7:24",null,null,"MISS Nene 2' Layup",null,null],["0041400201",175,4,0,2,"1:42 PM","7:23",null,null,"Nene REBOUND (Off:2 Def:0)",null,null],["0041400201",174,2,4,2,"1:42 PM","7:23",null,null,"MISS Nene 1' Tip Shot",null,null],["0041400201",176,4,0,2,"1:42 PM","7:22","Scott REBOUND (Off:0 Def:2)",null,null,null,null],["0041400201",178,2,1,2,"1:43 PM","7:03","MISS Millsap 25' 3PT Jump Shot",null,null,null,null],["0041400201",179,4,0,2,"1:43 PM","7:02",null,null,"Porter REBOUND (Off:0 Def:4)",null,null],["0041400201",180,6,2,2,"1:43 PM","6:42","Korver S.FOUL (P2.T3) (S.Foster)",null,null,null,null],["0041400201",181,3,11,2,"1:43 PM","6:42",null,null,"Beal Free Throw 1 of 2 (8 PTS)","35 - 41","6"],["0041400201",183,8,0,2,"1:43 PM","6:42",null,null,"SUB: Wall FOR Sessions",null,null],["0041400201",184,3,12,2,"1:44 PM","6:42",null,null,"Beal Free Throw 2 of 2 (9 PTS)","36 - 41","5"],["0041400201",186,2,77,2,"1:44 PM","6:18","MISS Scott 10' Driving Jump Shot",null,null,null,null],["0041400201",187,4,0,2,"1:44 PM","6:18","HAWKS Rebound",null,null,null,null],["0041400201",188,6,3,2,"1:44 PM","6:18",null,null,"Nene L.B.FOUL (P3.T3) (S.Foster)",null,null],["0041400201",189,8,0,2,"1:44 PM","6:18",null,null,"SUB: Gortat FOR Nene",null,null],["0041400201",190,9,1,2,"1:45 PM","6:18","HAWKS Timeout: Regular (Full 2 Short 0)",null,null,null,null],["0041400201",194,1,79,2,"1:48 PM","6:12","Korver 24' 3PT Pullup Jump Shot (5 PTS) (Millsap 6 AST)",null,null,"36 - 44","8"],["0041400201",195,2,43,2,"1:49 PM","5:52",null,null,"MISS Gortat 2' Alley Oop Layup",null,null],["0041400201",196,4,0,2,"1:49 PM","5:51","Scott REBOUND (Off:0 Def:3)",null,null,null,null],["0041400201",197,2,79,2,"1:49 PM","5:30","MISS Teague 17' Pullup Jump Shot",null,null,null,null],["0041400201",198,4,0,2,"1:49 PM","5:29","HAWKS Rebound",null,null,null,null],["0041400201",199,2,1,2,"1:49 PM","5:21","MISS Millsap 24' 3PT Jump Shot",null,null,null,null],["0041400201",200,4,0,2,"1:49 PM","5:20","Scott REBOUND (Off:1 Def:3)",null,null,null,null],["0041400201",201,2,1,2,"1:50 PM","5:16","MISS Korver 25' 3PT Jump Shot",null,null,null,null],["0041400201",212,4,0,2,"1:50 PM","5:14","Millsap REBOUND (Off:1 Def:4)",null,null,null,null],["0041400201",202,4,0,2,"1:50 PM","5:14",null,null,"Porter REBOUND (Off:0 Def:5)",null,null],["0041400201",218,2,53,2,"1:50 PM","5:14","MISS Millsap 1' Tip Shot",null,null,null,null],["0041400201",203,2,1,2,"1:50 PM","4:57",null,null,"MISS Pierce  3PT Jump Shot",null,null],["0041400201",205,4,0,2,"1:50 PM","4:55",null,null,"Gortat REBOUND (Off:2 Def:2)",null,null],["0041400201",204,2,4,2,"1:50 PM","4:55",null,null,"MISS Gortat 1' Tip Shot",null,null],["0041400201",206,4,0,2,"1:50 PM","4:54","Korver REBOUND (Off:0 Def:2)",null,null,null,null],["0041400201",207,2,43,2,"1:50 PM","4:50","MISS Scott 2' Alley Oop Layup",null,null,null,null],["0041400201",208,4,0,2,"1:50 PM","4:47",null,null,"Porter REBOUND (Off:0 Def:6)",null,null],["0041400201",210,7,2,2,"1:50 PM","4:46","Millsap Violation:Defensive Goaltending (S.Foster)",null,null,null,null],["0041400201",209,1,5,2,"1:50 PM","4:46",null,null,"Beal 1' Layup (11 PTS)","38 - 44","6"],["0041400201",211,1,42,2,"1:51 PM","4:33","Millsap 2' Driving Layup (7 PTS) (Teague 3 AST)",null,null,"38 - 46","8"],["0041400201",213,1,43,2,"1:51 PM","4:20",null,null,"Gortat 1' Alley Oop Layup (2 PTS) (Wall 5 AST)","40 - 46","6"],["0041400201",214,1,1,2,"1:51 PM","4:08","Carroll 25' 3PT Jump Shot (16 PTS) (Millsap 7 AST)",null,null,"40 - 49","9"],["0041400201",216,2,42,2,"1:51 PM","3:44",null,null,"MISS Pierce 1' Driving Layup",null,null],["0041400201",230,4,0,2,"1:51 PM","3:44",null,null,"Gortat REBOUND (Off:3 Def:2)",null,null],["0041400201",217,1,4,2,"1:51 PM","3:43",null,null,"Gortat 1' Tip Shot (4 PTS)","42 - 49","7"],["0041400201",219,1,1,2,"1:51 PM","3:36","Teague 24' 3PT Jump Shot (5 PTS)",null,null,"42 - 52","10"],["0041400201",220,2,42,2,"1:52 PM","3:26",null,null,"MISS Wall 1' Driving Layup",null,null],["0041400201",221,4,0,2,"1:52 PM","3:25",null,null,"Wall REBOUND (Off:1 Def:1)",null,null],["0041400201",222,1,72,2,"1:52 PM","3:24",null,null,"Wall  Putback Layup (6 PTS)","44 - 52","8"],["0041400201",223,5,1,2,"1:52 PM","3:10","Millsap Bad Pass Turnover (P3.T6)",null,"Wall STEAL (1 STL)",null,null],["0041400201",224,2,41,2,"1:52 PM","3:05",null,null,"MISS Wall  Running Layup",null,null],["0041400201",226,4,0,2,"1:52 PM","3:03",null,null,"Beal REBOUND (Off:1 Def:3)",null,null],["0041400201",225,1,72,2,"1:52 PM","3:03",null,null,"Beal 1' Putback Layup (13 PTS)","46 - 52","6"],["0041400201",227,1,1,2,"1:52 PM","2:52","Carroll 4' Jump Shot (18 PTS) (Teague 4 AST)",null,null,"46 - 54","8"],["0041400201",228,9,1,2,"1:52 PM","2:52",null,null,"Wizards Timeout: Regular (Reg.2 Short 0)",null,null],["0041400201",231,8,0,2,"1:55 PM","2:52","SUB: Horford FOR Korver",null,null,null,null],["0041400201",232,8,0,2,"1:55 PM","2:52","SUB: Bazemore FOR Scott",null,null,null,null],["0041400201",235,1,79,2,"1:56 PM","2:38",null,null,"Beal 18' Pullup Jump Shot (15 PTS)","48 - 54","6"],["0041400201",236,2,1,2,"1:56 PM","2:19","MISS Teague 21' Jump Shot",null,null,null,null],["0041400201",237,4,0,2,"1:56 PM","2:18","Horford REBOUND (Off:1 Def:3)",null,null,null,null],["0041400201",238,1,1,2,"1:56 PM","2:15","Carroll 25' 3PT Jump Shot (21 PTS) (Horford 4 AST)",null,null,"48 - 57","9"],["0041400201",239,2,79,2,"1:57 PM","1:55",null,null,"MISS Beal 20' Pullup Jump Shot",null,null],["0041400201",240,4,0,2,"1:57 PM","1:54","Horford REBOUND (Off:1 Def:4)",null,null,null,null],["0041400201",241,1,5,2,"1:57 PM","1:44","Millsap 1' Layup (9 PTS) (Horford 5 AST)",null,null,"48 - 59","11"],["0041400201",242,2,1,2,"1:57 PM","1:26",null,null,"MISS Pierce 25' 3PT Jump Shot",null,null],["0041400201",243,4,0,2,"1:57 PM","1:24","Horford REBOUND (Off:1 Def:5)",null,null,null,null],["0041400201",244,5,1,2,"1:57 PM","1:21","Horford Bad Pass Turnover (P2.T7)",null,"Beal STEAL (1 STL)",null,null],["0041400201",245,1,1,2,"1:57 PM","1:13",null,null,"Pierce 25' 3PT Jump Shot (10 PTS) (Porter 1 AST)","51 - 59","8"],["0041400201",246,6,2,2,"1:58 PM","0:52",null,null,"Beal S.FOUL (P1.T4) (P.Fraher)",null,null],["0041400201",247,3,11,2,"1:58 PM","0:52","Teague Free Throw 1 of 2 (6 PTS)",null,null,"51 - 60","9"],["0041400201",249,3,12,2,"1:58 PM","0:52","Teague Free Throw 2 of 2 (7 PTS)",null,null,"51 - 61","10"],["0041400201",252,1,5,2,"1:58 PM","0:46",null,null,"Gortat 2' Layup (6 PTS) (Wall 6 AST)","53 - 61","8"],["0041400201",253,1,78,2,"1:59 PM","0:28","Horford 3' Floating Jump Shot (6 PTS) (Teague 5 AST)",null,null,"53 - 63","10"],["0041400201",254,5,11,2,"1:59 PM","0:04",null,null,"Wizards Turnover: Shot Clock (T#5)",null,null],["0041400201",255,9,2,2,"1:59 PM","0:04","HAWKS Timeout: Short (Full 2 Short 1)",null,null,null,null],["0041400201",256,8,0,2,"1:59 PM","0:04","SUB: Korver FOR Bazemore",null,null,null,null],["0041400201",258,8,0,2,"2:00 PM","0:04",null,null,"SUB: Gooden FOR Pierce",null,null],["0041400201",259,8,0,2,"2:00 PM","0:04",null,null,"SUB: Sessions FOR Porter",null,null],["0041400201",261,2,79,2,"2:01 PM","0:01","MISS Carroll 27' 3PT Pullup Jump Shot",null,"Wall BLOCK (1 BLK)",null,null],["0041400201",262,4,0,2,"2:01 PM","0:00",null,null,"Beal REBOUND (Off:1 Def:4)",null,null],["0041400201",263,13,0,2,"2:02 PM","0:00",null,null,null,"53 - 63","10"],["0041400201",265,12,0,3,"2:18 PM","12:00",null,null,null,"53 - 63","10"],["0041400201",266,1,79,3,"2:18 PM","11:47","Korver 21' Pullup Jump Shot (7 PTS)",null,null,"53 - 65","12"],["0041400201",267,6,2,3,"2:18 PM","11:31","Horford S.FOUL (P2.T1) (S.Foster)",null,null,null,null],["0041400201",268,3,11,3,"2:19 PM","11:31",null,null,"MISS Beal Free Throw 1 of 2",null,null],["0041400201",269,4,1,3,"2:19 PM","11:31",null,null,"Wizards Rebound",null,null],["0041400201",270,3,12,3,"2:19 PM","11:31",null,null,"MISS Beal Free Throw 2 of 2",null,null],["0041400201",272,4,0,3,"2:19 PM","11:29","Carroll REBOUND (Off:0 Def:1)",null,null,null,null],["0041400201",273,2,41,3,"2:19 PM","11:09","MISS Korver 1' Running Layup",null,null,null,null],["0041400201",274,4,0,3,"2:19 PM","11:08",null,null,"Gortat REBOUND (Off:3 Def:3)",null,null],["0041400201",275,2,1,3,"2:19 PM","11:02",null,null,"MISS Pierce 24' 3PT Jump Shot",null,null],["0041400201",276,4,0,3,"2:19 PM","11:02",null,null,"Wizards Rebound",null,null],["0041400201",277,1,79,3,"2:20 PM","10:51",null,null,"Wall 18' Pullup Jump Shot (8 PTS)","55 - 65","10"],["0041400201",278,2,42,3,"2:20 PM","10:42","MISS Teague 1' Driving Layup",null,null,null,null],["0041400201",280,4,0,3,"2:20 PM","10:40","Horford REBOUND (Off:2 Def:5)",null,null,null,null],["0041400201",279,2,4,3,"2:20 PM","10:40","MISS Horford 1' Tip Shot",null,null,null,null],["0041400201",281,4,0,3,"2:20 PM","10:39",null,null,"Pierce REBOUND (Off:0 Def:2)",null,null],["0041400201",282,1,79,3,"2:20 PM","10:35",null,null,"Wall 21' Pullup Jump Shot (10 PTS)","57 - 65","8"],["0041400201",283,2,1,3,"2:20 PM","10:19","MISS Horford 17' Jump Shot",null,null,null,null],["0041400201",284,4,0,3,"2:20 PM","10:18",null,null,"Wall REBOUND (Off:1 Def:2)",null,null],["0041400201",286,2,1,3,"2:21 PM","9:54",null,null,"MISS Wall  3PT Jump Shot",null,null],["0041400201",287,4,0,3,"2:21 PM","9:52","Horford REBOUND (Off:2 Def:6)",null,null,null,null],["0041400201",288,2,1,3,"2:21 PM","9:39","MISS Korver 25' 3PT Jump Shot",null,null,null,null],["0041400201",289,4,0,3,"2:21 PM","9:38",null,null,"Gortat REBOUND (Off:3 Def:4)",null,null],["0041400201",290,2,1,3,"2:21 PM","9:20",null,null,"MISS Beal 25' 3PT Jump Shot",null,null],["0041400201",291,4,0,3,"2:21 PM","9:19","Teague REBOUND (Off:0 Def:3)",null,null,null,null],["0041400201",292,2,1,3,"2:21 PM","9:12","MISS Millsap 25' 3PT Jump Shot",null,null,null,null],["0041400201",293,4,0,3,"2:21 PM","9:10",null,null,"Gortat REBOUND (Off:3 Def:5)",null,null],["0041400201",294,1,79,3,"2:22 PM","8:55",null,null,"Beal 17' Pullup Jump Shot (17 PTS)","59 - 65","6"],["0041400201",295,2,1,3,"2:22 PM","8:39","MISS Carroll 24' 3PT Jump Shot",null,null,null,null],["0041400201",296,4,0,3,"2:22 PM","8:38",null,null,"Nene REBOUND (Off:2 Def:1)",null,null],["0041400201",301,2,45,3,"2:22 PM","8:15","Millsap BLOCK (1 BLK)",null,"MISS Nene 10' Jump Shot",null,null],["0041400201",300,4,0,3,"2:22 PM","8:15",null,null,"Wall REBOUND (Off:2 Def:2)",null,null],["0041400201",297,1,1,3,"2:22 PM","8:15",null,null,"Wall 8' Jump Shot (12 PTS)","61 - 65","4"],["0041400201",298,9,1,3,"2:22 PM","8:15","HAWKS Timeout: Regular (Full 3 Short 1)",null,null,null,null],["0041400201",304,2,1,3,"2:26 PM","7:57","MISS Horford 4' Jump Shot",null,"Wall BLOCK (2 BLK)",null,null],["0041400201",305,4,0,3,"2:26 PM","7:55","Horford REBOUND (Off:3 Def:6)",null,null,null,null],["0041400201",306,2,1,3,"2:26 PM","7:53","MISS Carroll 25' 3PT Jump Shot",null,null,null,null],["0041400201",307,4,0,3,"2:26 PM","7:52","Horford REBOUND (Off:4 Def:6)",null,null,null,null],["0041400201",308,1,7,3,"2:26 PM","7:48","Carroll  Dunk (23 PTS) (Millsap 8 AST)",null,null,"61 - 67","6"],["0041400201",309,2,79,3,"2:27 PM","7:28",null,null,"MISS Beal 19' Pullup Jump Shot",null,null],["0041400201",310,4,0,3,"2:27 PM","7:26","Korver REBOUND (Off:0 Def:3)",null,null,null,null],["0041400201",311,1,78,3,"2:27 PM","7:17","Teague 9' Floating Jump Shot (9 PTS)",null,null,"61 - 69","8"],["0041400201",312,2,5,3,"2:27 PM","6:51","Millsap BLOCK (2 BLK)",null,"MISS Gortat 1' Layup",null,null],["0041400201",313,4,0,3,"2:27 PM","6:49","Millsap REBOUND (Off:1 Def:5)",null,null,null,null],["0041400201",314,1,1,3,"2:28 PM","6:38","Horford  3PT Jump Shot (9 PTS) (Teague 6 AST)",null,null,"61 - 72","11"],["0041400201",315,9,1,3,"2:28 PM","6:36",null,null,"Wizards Timeout: Regular (Reg.3 Short 0)",null,null],["0041400201",318,8,0,3,"2:31 PM","6:36",null,null,"SUB: Gooden FOR Nene",null,null],["0041400201",319,1,1,3,"2:32 PM","6:25",null,null,"Pierce 25' 3PT Jump Shot (13 PTS) (Wall 7 AST)","64 - 72","8"],["0041400201",320,1,88,3,"2:32 PM","6:07","Horford  Driving Slam Dunk (11 PTS) (Teague 7 AST)",null,null,"64 - 74","10"],["0041400201",321,5,11,3,"2:32 PM","5:38",null,null,"Wizards Turnover: Shot Clock (T#6)",null,null],["0041400201",322,5,1,3,"2:33 PM","5:29","Millsap Bad Pass Turnover (P4.T8)",null,null,null,null],["0041400201",323,1,42,3,"2:33 PM","5:15",null,null,"Pierce 1' Driving Layup (15 PTS)","66 - 74","8"],["0041400201",324,6,2,3,"2:33 PM","5:08",null,null,"Pierce S.FOUL (P3.T1) (R.Garretson)",null,null],["0041400201",325,3,11,3,"2:34 PM","5:08","Carroll Free Throw 1 of 2 (24 PTS)",null,null,"66 - 75","9"],["0041400201",327,8,0,3,"2:34 PM","5:08","SUB: Bazemore FOR Korver",null,null,null,null],["0041400201",328,8,0,3,"2:34 PM","5:08","SUB: Antic FOR Horford",null,null,null,null],["0041400201",329,3,12,3,"2:34 PM","5:08","MISS Carroll Free Throw 2 of 2",null,null,null,null],["0041400201",331,4,0,3,"2:34 PM","5:07",null,null,"Gooden REBOUND (Off:2 Def:3)",null,null],["0041400201",333,2,42,3,"2:35 PM","4:52","Antic BLOCK (1 BLK)",null,"MISS Beal 2' Driving Layup",null,null],["0041400201",334,4,0,3,"2:35 PM","4:50",null,null,"Beal REBOUND (Off:2 Def:4)",null,null],["0041400201",335,1,72,3,"2:35 PM","4:49",null,null,"Beal  Putback Layup (19 PTS)","68 - 75","7"],["0041400201",336,6,1,3,"2:35 PM","4:38",null,null,"Pierce P.FOUL (P4.T2) (S.Foster)",null,null],["0041400201",337,8,0,3,"2:35 PM","4:38",null,null,"SUB: Porter FOR Pierce",null,null],["0041400201",339,5,1,3,"2:36 PM","4:29","Teague Bad Pass Turnover (P1.T9)",null,null,null,null],["0041400201",340,2,79,3,"2:36 PM","4:04",null,null,"MISS Beal 10' Pullup Jump Shot",null,null],["0041400201",341,4,0,3,"2:36 PM","4:01",null,null,"Wall REBOUND (Off:3 Def:2)",null,null],["0041400201",342,1,1,3,"2:36 PM","3:55",null,null,"Beal 24' 3PT Jump Shot (22 PTS) (Wall 8 AST)","71 - 75","4"],["0041400201",343,2,63,3,"2:37 PM","3:39","MISS Antic 12' Fadeaway Jumper",null,null,null,null],["0041400201",344,4,0,3,"2:37 PM","3:39",null,null,"Wizards Rebound",null,null],["0041400201",345,6,3,3,"2:37 PM","3:39","Millsap L.B.FOUL (P2.T2) (S.Foster)",null,null,null,null],["0041400201",346,8,0,3,"2:37 PM","3:39","SUB: Schroder FOR Teague",null,null,null,null],["0041400201",348,1,1,3,"2:37 PM","3:24",null,null,"Gooden 25' 3PT Jump Shot (12 PTS) (Wall 9 AST)","74 - 75","1"],["0041400201",349,6,1,3,"2:38 PM","3:10",null,null,"Gooden P.FOUL (P3.T3) (R.Garretson)",null,null],["0041400201",350,1,1,3,"2:38 PM","3:06","Schroder 24' 3PT Jump Shot (9 PTS) (Bazemore 1 AST)",null,null,"74 - 78","4"],["0041400201",352,2,77,3,"2:38 PM","2:53","Bazemore BLOCK (1 BLK)",null,"MISS Wall 7' Driving Jump Shot",null,null],["0041400201",353,4,0,3,"2:38 PM","2:51",null,null,"Wall REBOUND (Off:4 Def:2)",null,null],["0041400201",354,6,2,3,"2:38 PM","2:47","Bazemore S.FOUL (P2.T3) (S.Foster)",null,null,null,null],["0041400201",355,3,11,3,"2:39 PM","2:47",null,null,"Beal Free Throw 1 of 2 (23 PTS)","75 - 78","3"],["0041400201",357,3,12,3,"2:39 PM","2:47",null,null,"Beal Free Throw 2 of 2 (24 PTS)","76 - 78","2"],["0041400201",359,2,42,3,"2:39 PM","2:34","MISS Millsap 2' Driving Layup",null,null,null,null],["0041400201",360,4,0,3,"2:39 PM","2:34",null,null,"Porter REBOUND (Off:0 Def:7)",null,null],["0041400201",361,6,1,3,"2:39 PM","2:34","Antic P.FOUL (P2.T4) (R.Garretson)",null,null,null,null],["0041400201",362,8,0,3,"2:40 PM","2:34",null,null,"SUB: Sessions FOR Beal",null,null],["0041400201",365,2,78,3,"2:40 PM","2:17",null,null,"MISS Wall 11' Floating Jump Shot",null,null],["0041400201",366,4,0,3,"2:40 PM","2:16","Millsap REBOUND (Off:1 Def:6)",null,null,null,null],["0041400201",367,2,1,3,"2:40 PM","2:04","MISS Antic 25' 3PT Jump Shot",null,null,null,null],["0041400201",368,4,0,3,"2:40 PM","2:04","HAWKS Rebound",null,null,null,null],["0041400201",369,6,3,3,"2:40 PM","2:04",null,null,"Gooden L.B.FOUL (P4.T4) (P.Fraher)",null,null],["0041400201",370,8,0,3,"2:41 PM","2:04","SUB: Horford FOR Millsap",null,null,null,null],["0041400201",371,8,0,3,"2:41 PM","2:04","SUB: Korver FOR Carroll",null,null,null,null],["0041400201",373,8,0,3,"2:41 PM","1:54",null,null,"SUB: Seraphin FOR Gooden",null,null],["0041400201",374,2,1,3,"2:41 PM","1:52","MISS Schroder 18' Jump Shot",null,null,null,null],["0041400201",375,4,0,3,"2:41 PM","1:52",null,null,"Wizards Rebound",null,null],["0041400201",376,6,3,3,"2:42 PM","1:52","Horford L.B.FOUL (P3.PN) (S.Foster)",null,null,null,null],["0041400201",378,3,11,3,"2:42 PM","1:52",null,null,"Gortat Free Throw 1 of 2 (7 PTS)","77 - 78","1"],["0041400201",380,3,12,3,"2:42 PM","1:52",null,null,"Gortat Free Throw 2 of 2 (8 PTS)","78 - 78","TIE"],["0041400201",383,2,1,3,"2:42 PM","1:36","MISS Schroder 25' 3PT Jump Shot",null,null,null,null],["0041400201",384,4,0,3,"2:42 PM","1:35",null,null,"Gortat REBOUND (Off:3 Def:6)",null,null],["0041400201",386,5,4,3,"2:43 PM","1:35",null,null,"Wall Traveling Turnover (P1.T7)",null,null],["0041400201",387,1,1,3,"2:43 PM","1:29","Korver 26' 3PT Jump Shot (10 PTS) (Schroder 3 AST)",null,null,"78 - 81","3"],["0041400201",388,2,1,3,"2:43 PM","1:09",null,null,"MISS Seraphin 20' Jump Shot",null,null],["0041400201",389,4,0,3,"2:43 PM","1:07","Horford REBOUND (Off:4 Def:7)",null,null,null,null],["0041400201",390,2,1,3,"2:43 PM","0:59","MISS Horford  3PT Jump Shot",null,null,null,null],["0041400201",391,4,0,3,"2:43 PM","0:57",null,null,"Sessions REBOUND (Off:0 Def:1)",null,null],["0041400201",392,6,1,3,"2:44 PM","0:50","Schroder P.FOUL (P1.PN) (S.Foster)",null,null,null,null],["0041400201",393,3,11,3,"2:44 PM","0:50",null,null,"MISS Sessions Free Throw 1 of 2",null,null],["0041400201",394,4,1,3,"2:44 PM","0:50",null,null,"Wizards Rebound",null,null],["0041400201",395,3,12,3,"2:44 PM","0:50",null,null,"Sessions Free Throw 2 of 2 (3 PTS)","79 - 81","2"],["0041400201",398,2,1,3,"2:44 PM","0:42","MISS Korver 25' 3PT Jump Shot",null,null,null,null],["0041400201",399,4,0,3,"2:44 PM","0:40",null,null,"Gortat REBOUND (Off:3 Def:7)",null,null],["0041400201",400,1,77,3,"2:45 PM","0:33",null,null,"Sessions 3' Driving Jump Shot (5 PTS)","81 - 81","TIE"],["0041400201",401,1,73,3,"2:45 PM","0:10","Horford  Driving Reverse Layup (13 PTS) (Schroder 4 AST)",null,null,"81 - 83","2"],["0041400201",402,2,78,3,"2:45 PM","0:01",null,null,"MISS Wall 13' Floating Jump Shot",null,null],["0041400201",403,4,0,3,"2:45 PM","0:00","Antic REBOUND (Off:0 Def:3)",null,null,null,null],["0041400201",404,13,0,3,"2:45 PM","0:00",null,null,null,"81 - 83","2"],["0041400201",406,12,0,4,"2:49 PM","12:00",null,null,null,"81 - 83","2"],["0041400201",407,2,1,4,"2:49 PM","11:40",null,null,"MISS Beal 19' Jump Shot",null,null],["0041400201",408,4,0,4,"2:49 PM","11:38","Schroder REBOUND (Off:1 Def:2)",null,null,null,null],["0041400201",409,6,1,4,"2:50 PM","11:22",null,null,"Porter P.FOUL (P3.T1) (R.Garretson)",null,null],["0041400201",410,2,79,4,"2:50 PM","11:14","MISS Korver 25' 3PT Pullup Jump Shot",null,null,null,null],["0041400201",411,4,0,4,"2:50 PM","11:11",null,null,"Sessions REBOUND (Off:0 Def:2)",null,null],["0041400201",412,1,1,4,"2:50 PM","11:02",null,null,"Gortat 16' Jump Shot (10 PTS) (Sessions 1 AST)","83 - 83","TIE"],["0041400201",413,6,4,4,"2:50 PM","10:52","Horford OFF.Foul (P4) (S.Foster)",null,null,null,null],["0041400201",414,5,5,4,"2:50 PM","10:52","Horford Foul Turnover (P3.T10)",null,null,null,null],["0041400201",415,8,0,4,"2:51 PM","10:52","SUB: Millsap FOR Horford",null,null,null,null],["0041400201",416,2,1,4,"2:51 PM","10:26",null,null,"MISS Porter 26' 3PT Jump Shot",null,null],["0041400201",417,4,0,4,"2:51 PM","10:25",null,null,"Gortat REBOUND (Off:4 Def:7)",null,null],["0041400201",418,6,1,4,"2:51 PM","10:25","Bazemore P.FOUL (P3.T1) (S.Foster)",null,null,null,null],["0041400201",420,1,79,4,"2:52 PM","10:10",null,null,"Beal 23' Pullup Jump Shot (26 PTS) (Gortat 2 AST)","85 - 83","-2"],["0041400201",421,2,79,4,"2:52 PM","9:51","MISS Schroder 18' Pullup Jump Shot",null,null,null,null],["0041400201",422,4,0,4,"2:52 PM","9:48",null,null,"Seraphin REBOUND (Off:0 Def:1)",null,null],["0041400201",423,2,58,4,"2:53 PM","9:29",null,null,"MISS Seraphin 12' Turnaround Hook Shot",null,null],["0041400201",424,4,0,4,"2:53 PM","9:26","Antic REBOUND (Off:0 Def:4)",null,null,null,null],["0041400201",425,2,1,4,"2:53 PM","9:21","MISS Bazemore 24' 3PT Jump Shot",null,null,null,null],["0041400201",426,4,0,4,"2:53 PM","9:20",null,null,"Wizards Rebound",null,null],["0041400201",427,8,0,4,"2:53 PM","9:20","SUB: Teague FOR Schroder",null,null,null,null],["0041400201",428,8,0,4,"2:53 PM","9:20",null,null,"SUB: Pierce FOR Gortat",null,null],["0041400201",429,6,2,4,"2:54 PM","9:07","Antic S.FOUL (P3.T2) (S.Foster)",null,null,null,null],["0041400201",430,3,11,4,"2:54 PM","9:07",null,null,"Beal Free Throw 1 of 2 (27 PTS)","86 - 83","-3"],["0041400201",432,8,0,4,"2:54 PM","9:07","SUB: Carroll FOR Bazemore",null,null,null,null],["0041400201",433,3,12,4,"2:54 PM","9:07",null,null,"Beal Free Throw 2 of 2 (28 PTS)","87 - 83","-4"],["0041400201",436,2,1,4,"2:54 PM","8:56","MISS Antic 26' 3PT Jump Shot",null,null,null,null],["0041400201",437,4,0,4,"2:54 PM","8:55",null,null,"Sessions REBOUND (Off:0 Def:3)",null,null],["0041400201",438,2,1,4,"2:55 PM","8:47",null,null,"MISS Beal 26' 3PT Jump Shot",null,null],["0041400201",439,4,0,4,"2:55 PM","8:46","Korver REBOUND (Off:0 Def:4)",null,null,null,null],["0041400201",441,2,47,4,"2:55 PM","8:33","MISS Millsap 14' Turnaround Jump Shot",null,null,null,null],["0041400201",442,4,0,4,"2:55 PM","8:30",null,null,"Porter REBOUND (Off:0 Def:8)",null,null],["0041400201",443,2,1,4,"2:55 PM","8:24",null,null,"MISS Pierce 26' 3PT Jump Shot",null,null],["0041400201",444,4,0,4,"2:55 PM","8:23",null,null,"Wizards Rebound",null,null],["0041400201",445,9,4,4,"2:55 PM","8:23",null,null,null,null,null],["0041400201",446,18,0,4,"2:56 PM","8:23",null,null,null,null,null],["0041400201",448,8,0,4,"2:58 PM","8:23","SUB: Horford FOR Antic",null,null,null,null],["0041400201",450,2,79,4,"2:58 PM","8:14",null,null,"MISS Beal 18' Pullup Jump Shot",null,null],["0041400201",451,4,0,4,"2:58 PM","8:13","Millsap REBOUND (Off:1 Def:7)",null,null,null,null],["0041400201",452,6,28,4,"2:59 PM","8:08",null,null,"Sessions Personal Take Foul (P1.T2) (R.Garretson)",null,null],["0041400201",453,8,0,4,"2:59 PM","8:08",null,null,"SUB: Wall FOR Beal",null,null],["0041400201",454,9,1,4,"2:59 PM","8:08",null,null,"Wizards Timeout: Regular (Reg.4 Short 0)",null,null],["0041400201",455,2,1,4,"3:02 PM","8:03","MISS Korver 24' 3PT Jump Shot",null,null,null,null],["0041400201",456,4,0,4,"3:02 PM","8:02","Carroll REBOUND (Off:1 Def:1)",null,null,null,null],["0041400201",457,5,4,4,"3:03 PM","8:02","Carroll Traveling Turnover (P1.T11)",null,null,null,null],["0041400201",458,6,2,4,"3:03 PM","7:42","Horford S.FOUL (P5.T3) (R.Garretson)",null,null,null,null],["0041400201",459,3,11,4,"3:04 PM","7:42",null,null,"Pierce Free Throw 1 of 2 (16 PTS)","88 - 83","-5"],["0041400201",461,3,12,4,"3:04 PM","7:42",null,null,"Pierce Free Throw 2 of 2 (17 PTS)","89 - 83","-6"],["0041400201",464,6,2,4,"3:04 PM","7:31",null,null,"Seraphin S.FOUL (P1.T3) (R.Garretson)",null,null],["0041400201",465,18,0,4,"3:05 PM","7:31",null,null,null,null,null],["0041400201",466,3,11,4,"3:06 PM","7:31","Horford Free Throw 1 of 2 (14 PTS)",null,null,"89 - 84","-5"],["0041400201",468,3,12,4,"3:06 PM","7:31","Horford Free Throw 2 of 2 (15 PTS)",null,null,"89 - 85","-4"],["0041400201",470,1,79,4,"3:07 PM","7:21",null,null,"Wall 17' Pullup Jump Shot (14 PTS)","91 - 85","-6"],["0041400201",472,2,82,4,"3:07 PM","7:07","MISS Carroll 11' Driving Bank Shot",null,null,null,null],["0041400201",473,4,0,4,"3:07 PM","7:05",null,null,"Seraphin REBOUND (Off:0 Def:2)",null,null],["0041400201",474,2,79,4,"3:07 PM","7:00",null,null,"MISS Wall 19' Pullup Jump Shot",null,null],["0041400201",475,4,0,4,"3:07 PM","6:59","Millsap REBOUND (Off:1 Def:8)",null,null,null,null],["0041400201",477,2,42,4,"3:07 PM","6:41","MISS Millsap 2' Driving Layup",null,null,null,null],["0041400201",478,4,0,4,"3:07 PM","6:39","Korver REBOUND (Off:1 Def:4)",null,null,null,null],["0041400201",479,1,1,4,"3:08 PM","6:31","Korver 25' 3PT Jump Shot (13 PTS)",null,null,"91 - 88","-3"],["0041400201",480,2,79,4,"3:08 PM","6:11","Korver BLOCK (1 BLK)",null,"MISS Wall 17' Pullup Jump Shot",null,null],["0041400201",481,4,0,4,"3:08 PM","6:09","Horford REBOUND (Off:4 Def:8)",null,null,null,null],["0041400201",482,1,5,4,"3:08 PM","6:05","Teague 1' Layup (11 PTS) (Horford 6 AST)",null,null,"91 - 90","-1"],["0041400201",484,1,79,4,"3:08 PM","5:34",null,null,"Pierce 16' Pullup Jump Shot (19 PTS) (Wall 10 AST)","93 - 90","-3"],["0041400201",485,2,1,4,"3:09 PM","5:09","MISS Korver 26' 3PT Jump Shot",null,null,null,null],["0041400201",486,8,0,4,"3:09 PM","5:06","SUB: Antic FOR Horford",null,null,null,null],["0041400201",488,10,0,4,"3:10 PM","5:06","Jump Ball Millsap vs. Wall: Tip to Antic",null,null,null,null],["0041400201",489,4,0,4,"3:10 PM","5:06","HAWKS Rebound",null,null,null,null],["0041400201",490,2,79,4,"3:10 PM","4:55","MISS Korver 22' Pullup Jump Shot",null,null,null,null],["0041400201",491,4,0,4,"3:10 PM","4:52",null,null,"Seraphin REBOUND (Off:0 Def:3)",null,null],["0041400201",493,2,5,4,"3:10 PM","4:45",null,null,"MISS Seraphin 2' Layup",null,null],["0041400201",495,4,0,4,"3:10 PM","4:43",null,null,"Porter REBOUND (Off:1 Def:8)",null,null],["0041400201",494,2,4,4,"3:10 PM","4:43",null,null,"MISS Porter  Tip Shot",null,null],["0041400201",496,4,0,4,"3:10 PM","4:42","Antic REBOUND (Off:0 Def:5)",null,null,null,null],["0041400201",497,6,29,4,"3:10 PM","4:34",null,null,"Seraphin Shooting Block Foul (P2.T4) (R.Garretson)",null,null],["0041400201",498,3,11,4,"3:11 PM","4:34","Millsap Free Throw 1 of 2 (10 PTS)",null,null,"93 - 91","-2"],["0041400201",500,8,0,4,"3:11 PM","4:34",null,null,"SUB: Gortat FOR Seraphin",null,null],["0041400201",501,3,12,4,"3:11 PM","4:34","MISS Millsap Free Throw 2 of 2",null,null,null,null],["0041400201",503,4,0,4,"3:11 PM","4:33",null,null,"Porter REBOUND (Off:1 Def:9)",null,null],["0041400201",505,1,63,4,"3:12 PM","4:14",null,null,"Wall 16' Fadeaway Jumper (16 PTS)","95 - 91","-4"],["0041400201",506,2,5,4,"3:12 PM","3:50","MISS Millsap 1' Layup",null,"Wall BLOCK (3 BLK)",null,null],["0041400201",507,4,0,4,"3:12 PM","3:50","HAWKS Rebound",null,null,null,null],["0041400201",508,9,1,4,"3:12 PM","3:50","HAWKS Timeout: Regular (Full 4 Short 1)",null,null,null,null],["0041400201",510,8,0,4,"3:15 PM","3:50",null,null,"SUB: Beal FOR Sessions",null,null],["0041400201",512,2,1,4,"3:15 PM","3:47","MISS Antic 22' Jump Shot",null,null,null,null],["0041400201",513,4,0,4,"3:15 PM","3:45","Millsap REBOUND (Off:2 Def:8)",null,null,null,null],["0041400201",514,2,79,4,"3:15 PM","3:36","MISS Teague 19' Pullup Jump Shot",null,null,null,null],["0041400201",515,4,0,4,"3:15 PM","3:34",null,null,"Porter REBOUND (Off:1 Def:10)",null,null],["0041400201",516,1,1,4,"3:16 PM","3:17",null,null,"Porter  3PT Jump Shot (8 PTS) (Wall 11 AST)","98 - 91","-7"],["0041400201",517,2,77,4,"3:16 PM","3:03","MISS Teague 7' Driving Jump Shot",null,null,null,null],["0041400201",518,4,0,4,"3:16 PM","3:02","Millsap REBOUND (Off:3 Def:8)",null,null,null,null],["0041400201",519,2,72,4,"3:16 PM","2:59","MISS Millsap 1' Putback Layup",null,null,null,null],["0041400201",520,4,0,4,"3:16 PM","2:59",null,null,"Gortat REBOUND (Off:4 Def:8)",null,null],["0041400201",521,6,1,4,"3:16 PM","2:59","Millsap P.FOUL (P3.T4) (R.Garretson)",null,null,null,null],["0041400201",522,8,0,4,"3:16 PM","2:59","SUB: Horford FOR Antic",null,null,null,null],["0041400201",524,5,1,4,"3:17 PM","2:39","Millsap STEAL (2 STL)",null,"Wall Bad Pass Turnover (P2.T8)",null,null],["0041400201",525,1,74,4,"3:17 PM","2:36","Millsap  Running Reverse Layup (12 PTS)",null,null,"98 - 93","-5"],["0041400201",526,6,2,4,"3:17 PM","2:36",null,null,"Wall S.FOUL (P1.PN) (P.Fraher)",null,null],["0041400201",527,3,10,4,"3:17 PM","2:36","Millsap Free Throw 1 of 1 (13 PTS)",null,null,"98 - 94","-4"],["0041400201",530,2,1,4,"3:18 PM","2:22",null,null,"MISS Porter 25' 3PT Jump Shot",null,null],["0041400201",531,4,0,4,"3:18 PM","2:20","Carroll REBOUND (Off:1 Def:2)",null,null,null,null],["0041400201",532,2,1,4,"3:18 PM","2:02","MISS Horford 17' Jump Shot",null,null,null,null],["0041400201",533,4,0,4,"3:18 PM","2:01","Millsap REBOUND (Off:4 Def:8)",null,null,null,null],["0041400201",534,2,1,4,"3:18 PM","1:57","MISS Teague 25' 3PT Jump Shot",null,null,null,null],["0041400201",536,4,0,4,"3:18 PM","1:55","Horford REBOUND (Off:5 Def:8)",null,null,null,null],["0041400201",535,2,4,4,"3:18 PM","1:55","MISS Horford  Tip Shot",null,null,null,null],["0041400201",537,4,0,4,"3:18 PM","1:53","Horford REBOUND (Off:6 Def:8)",null,null,null,null],["0041400201",538,2,1,4,"3:18 PM","1:51","MISS Korver 26' 3PT Jump Shot",null,null,null,null],["0041400201",539,4,0,4,"3:18 PM","1:49","Horford REBOUND (Off:7 Def:8)",null,null,null,null],["0041400201",540,2,5,4,"3:18 PM","1:40","MISS Teague 3' Layup",null,null,null,null],["0041400201",542,4,0,4,"3:18 PM","1:38","Horford REBOUND (Off:8 Def:8)",null,null,null,null],["0041400201",541,2,4,4,"3:18 PM","1:38","MISS Horford 1' Tip Shot",null,null,null,null],["0041400201",543,4,0,4,"3:18 PM","1:37",null,null,"Pierce REBOUND (Off:0 Def:3)",null,null],["0041400201",545,2,42,4,"3:18 PM","1:26",null,null,"MISS Wall 2' Driving Layup",null,null],["0041400201",546,4,0,4,"3:18 PM","1:24","Horford REBOUND (Off:8 Def:9)",null,null,null,null],["0041400201",547,1,50,4,"3:19 PM","1:21","Millsap  Running Dunk (15 PTS) (Horford 7 AST)",null,null,"98 - 96","-2"],["0041400201",548,9,1,4,"3:19 PM","1:21",null,null,"Wizards Timeout: Regular (Reg.5 Short 0)",null,null],["0041400201",550,1,5,4,"3:21 PM","1:03",null,null,"Porter 1' Layup (10 PTS) (Wall 12 AST)","100 - 96","-4"],["0041400201",551,2,1,4,"3:21 PM","0:40","MISS Korver 30' 3PT Jump Shot",null,null,null,null],["0041400201",552,4,0,4,"3:22 PM","0:34",null,null,"Beal REBOUND (Off:2 Def:5)",null,null],["0041400201",553,1,43,4,"3:22 PM","0:14",null,null,"Gortat 2' Alley Oop Layup (12 PTS) (Wall 13 AST)","102 - 96","-6"],["0041400201",554,9,1,4,"3:23 PM","0:14","HAWKS Timeout: Regular (Full 5 Short 1)",null,null,null,null],["0041400201",556,8,0,4,"3:23 PM","0:14",null,null,"SUB: Sessions FOR Beal",null,null],["0041400201",557,1,3,4,"3:24 PM","0:08","Horford 7' Hook Shot (17 PTS)",null,null,"102 - 98","-4"],["0041400201",558,6,28,4,"3:24 PM","0:06","Carroll Personal Take Foul (P1.PN) (S.Foster)",null,null,null,null],["0041400201",559,3,11,4,"3:24 PM","0:06",null,null,"Wall Free Throw 1 of 2 (17 PTS)","103 - 98","-5"],["0041400201",561,3,12,4,"3:25 PM","0:06",null,null,"Wall Free Throw 2 of 2 (18 PTS)","104 - 98","-6"],["0041400201",563,9,2,4,"3:25 PM","0:06","HAWKS Timeout: Short (Full 5 Short 2)",null,null,null,null],["0041400201",565,2,1,4,"3:26 PM","0:04","MISS Horford 24' 3PT Jump Shot",null,null,null,null],["0041400201",566,4,0,4,"3:26 PM","0:02",null,null,"Wall REBOUND (Off:4 Def:3)",null,null],["0041400201",567,13,0,4,"3:26 PM","0:00",null,null,null,"104 - 98","-6"]]},{"name":"AvailableVideo","headers":["VIDEO_AVAILABLE_FLAG"],"rowSet":[[1]]}]}