{"resource":"playbyplay","parameters":{"GameID":"0041400131","StartPeriod":0,"EndPeriod":14},"resultSets":[{"name":"PlayByPlay","headers":["GAME_ID","EVENTNUM","EVENTMSGTYPE","EVENTMSGACTIONTYPE","PERIOD","WCTIMESTRING","PCTIMESTRING","HOMEDESCRIPTION","NEUTRALDESCRIPTION","VISITORDESCRIPTION","SCORE","SCOREMARGIN"],"rowSet":[["0041400131",0,12,0,1,"12:41 PM","12:00",null,null,null,null,null],["0041400131",1,10,0,1,"12:41 PM","12:00","Jump Ball Valanciunas vs. Gortat: Tip to Nene",null,null,null,null],["0041400131",2,2,1,1,"12:41 PM","11:41",null,null,"MISS Nene 15' Jump Shot",null,null],["0041400131",3,4,0,1,"12:41 PM","11:40","Valanciunas REBOUND (Off:0 Def:1)",null,null,null,null],["0041400131",4,1,1,1,"12:42 PM","11:24","Ross 17' Jump Shot (2 PTS) (DeRozan 1 AST)",null,null,"0 - 2","2"],["0041400131",5,2,41,1,"12:42 PM","11:12","Hansbrough BLOCK (1 BLK)",null,"MISS Nene 3' Running Layup",null,null],["0041400131",6,4,0,1,"12:42 PM","11:09","Valanciunas REBOUND (Off:0 Def:2)",null,null,null,null],["0041400131",7,6,29,1,"12:42 PM","11:07",null,null,"Beal Shooting Block Foul (P1.T1) (M.McCutchen)",null,null],["0041400131",8,3,11,1,"12:42 PM","11:07","Hansbrough Free Throw 1 of 2 (1 PTS)",null,null,"0 - 3","3"],["0041400131",10,3,12,1,"12:43 PM","11:07","Hansbrough Free Throw 2 of 2 (2 PTS)",null,null,"0 - 4","4"],["0041400131",12,2,1,1,"12:43 PM","10:54",null,null,"MISS Pierce 25' 3PT Jump Shot",null,null],["0041400131",13,4,0,1,"12:43 PM","10:53",null,null,"Wizards Rebound",null,null],["0041400131",14,6,3,1,"12:43 PM","10:53","Lowry L.B.FOUL (P1.T1) (D.Stafford)",null,null,null,null],["0041400131",16,5,4,1,"12:44 PM","10:35",null,null,"Beal Traveling Turnover (P1.T1)",null,null],["0041400131",18,2,1,1,"12:45 PM","10:10","MISS Lowry 25' 3PT Jump Shot",null,null,null,null],["0041400131",19,4,0,1,"12:45 PM","10:09",null,null,"Beal REBOUND (Off:0 Def:1)",null,null],["0041400131",20,6,2,1,"12:45 PM","10:06","Ross S.FOUL (P1.T2) (J.Tiven)",null,null,null,null],["0041400131",21,3,11,1,"12:45 PM","10:06",null,null,"MISS Beal Free Throw 1 of 2",null,null],["0041400131",22,4,1,1,"12:45 PM","10:06",null,null,"Wizards Rebound",null,null],["0041400131",23,3,12,1,"12:45 PM","10:06",null,null,"Beal Free Throw 2 of 2 (1 PTS)","1 - 4","3"],["0041400131",25,6,2,1,"12:46 PM","9:55",null,null,"Pierce S.FOUL (P1.T2) (J.Tiven)",null,null],["0041400131",26,3,11,1,"12:46 PM","9:55","DeRozan Free Throw 1 of 2 (1 PTS)",null,null,"1 - 5","4"],["0041400131",28,3,12,1,"12:46 PM","9:55","MISS DeRozan Free Throw 2 of 2",null,null,null,null],["0041400131",30,4,0,1,"12:47 PM","9:54",null,null,"Nene REBOUND (Off:0 Def:1)",null,null],["0041400131",31,1,1,1,"12:47 PM","9:40",null,null,"Gortat 14' Jump Shot (2 PTS) (Wall 1 AST)","3 - 5","2"],["0041400131",32,2,1,1,"12:47 PM","9:13","MISS Ross 25' 3PT Jump Shot",null,null,null,null],["0041400131",33,4,0,1,"12:47 PM","9:12",null,null,"Pierce REBOUND (Off:0 Def:1)",null,null],["0041400131",34,6,4,1,"12:47 PM","9:10",null,null,"Gortat OFF.Foul (P1) (D.Stafford)",null,null],["0041400131",35,5,5,1,"12:47 PM","9:10",null,null,"Gortat Foul Turnover (P1.T2)",null,null],["0041400131",36,2,86,1,"12:48 PM","8:51","MISS Valanciunas 10' Turnaround Fadeaway Shot",null,null,null,null],["0041400131",37,4,0,1,"12:48 PM","8:49",null,null,"Beal REBOUND (Off:0 Def:2)",null,null],["0041400131",38,2,82,1,"12:48 PM","8:34",null,null,"MISS Beal 7' Driving Bank Shot",null,null],["0041400131",39,4,0,1,"12:48 PM","8:33","DeRozan REBOUND (Off:0 Def:1)",null,null,null,null],["0041400131",40,1,42,1,"12:48 PM","8:22","Hansbrough 3' Driving Layup (4 PTS) (DeRozan 2 AST)",null,null,"3 - 7","4"],["0041400131",41,2,1,1,"12:49 PM","8:13",null,null,"MISS Beal  3PT Jump Shot",null,null],["0041400131",42,4,0,1,"12:49 PM","8:12","Valanciunas REBOUND (Off:0 Def:3)",null,null,null,null],["0041400131",43,5,1,1,"12:49 PM","8:03","Lowry Bad Pass Turnover (P1.T1)",null,"Nene STEAL (1 STL)",null,null],["0041400131",44,7,5,1,"12:49 PM","7:56","Hansbrough Violation:Kicked Ball (D.Stafford)",null,null,null,null],["0041400131",45,2,1,1,"12:49 PM","7:47",null,null,"MISS Wall 19' Jump Shot",null,null],["0041400131",46,4,0,1,"12:49 PM","7:46",null,null,"Nene REBOUND (Off:1 Def:1)",null,null],["0041400131",47,2,1,1,"12:49 PM","7:42",null,null,"MISS Pierce 25' 3PT Jump Shot",null,null],["0041400131",48,4,0,1,"12:49 PM","7:40","Lowry REBOUND (Off:0 Def:1)",null,null,null,null],["0041400131",49,5,1,1,"12:49 PM","7:37","Lowry Bad Pass Turnover (P2.T2)",null,null,null,null],["0041400131",50,7,5,1,"12:50 PM","7:27","Ross Violation:Kicked Ball (M.McCutchen)",null,null,null,null],["0041400131",51,2,1,1,"12:50 PM","7:19","Ross BLOCK (1 BLK)",null,"MISS Beal 18' Jump Shot",null,null],["0041400131",52,4,0,1,"12:50 PM","7:16",null,null,"Nene REBOUND (Off:2 Def:1)",null,null],["0041400131",53,2,1,1,"12:50 PM","7:15",null,null,"MISS Nene 18' Jump Shot",null,null],["0041400131",54,4,0,1,"12:50 PM","7:13","DeRozan REBOUND (Off:0 Def:2)",null,null,null,null],["0041400131",56,2,78,1,"12:50 PM","7:06","MISS DeRozan 16' Floating Jump Shot",null,null,null,null],["0041400131",57,4,0,1,"12:51 PM","7:04","DeRozan REBOUND (Off:1 Def:2)",null,null,null,null],["0041400131",58,2,1,1,"12:51 PM","7:00","MISS Lowry 25' 3PT Jump Shot",null,null,null,null],["0041400131",59,4,0,1,"12:51 PM","6:59",null,null,"Gortat REBOUND (Off:0 Def:1)",null,null],["0041400131",60,5,1,1,"12:51 PM","6:54","DeRozan STEAL (1 STL)",null,"Wall Bad Pass Turnover (P1.T3)",null,null],["0041400131",61,6,27,1,"12:51 PM","6:48",null,null,"Gortat Personal Block Foul (P2.T3) (M.McCutchen)",null,null],["0041400131",62,8,0,1,"12:51 PM","6:48",null,null,"SUB: Gooden FOR Gortat",null,null],["0041400131",63,2,58,1,"12:51 PM","6:37","MISS Valanciunas 8' Turnaround Hook Shot",null,null,null,null],["0041400131",64,4,0,1,"12:51 PM","6:36",null,null,"Nene REBOUND (Off:2 Def:2)",null,null],["0041400131",65,1,75,1,"12:52 PM","6:31",null,null,"Wall 2' Driving Finger Roll Layup (2 PTS) (Nene 1 AST)","5 - 7","2"],["0041400131",66,2,1,1,"12:52 PM","6:11","MISS Ross  3PT Jump Shot",null,null,null,null],["0041400131",67,4,0,1,"12:52 PM","6:10",null,null,"Gooden REBOUND (Off:0 Def:1)",null,null],["0041400131",68,2,81,1,"12:52 PM","5:53",null,null,"MISS Wall 12' Pullup Bank Shot",null,null],["0041400131",69,4,0,1,"12:52 PM","5:52","Valanciunas REBOUND (Off:0 Def:4)",null,null,null,null],["0041400131",70,6,2,1,"12:53 PM","5:43",null,null,"Nene S.FOUL (P1.T4) (J.Tiven)",null,null],["0041400131",71,9,1,1,"12:53 PM","5:43","RAPTORS Timeout: Regular (Full 1 Short 0)",null,null,null,null],["0041400131",72,8,0,1,"12:55 PM","5:43","SUB: Patterson FOR Hansbrough",null,null,null,null],["0041400131",74,3,11,1,"12:56 PM","5:43","DeRozan Free Throw 1 of 2 (2 PTS)",null,null,"5 - 8","3"],["0041400131",76,3,12,1,"12:56 PM","5:43","MISS DeRozan Free Throw 2 of 2",null,null,null,null],["0041400131",78,4,0,1,"12:56 PM","5:42",null,null,"Nene REBOUND (Off:2 Def:3)",null,null],["0041400131",79,2,5,1,"12:56 PM","5:26",null,null,"MISS Nene 2' Layup",null,null],["0041400131",80,4,0,1,"12:56 PM","5:25",null,null,"Nene REBOUND (Off:3 Def:3)",null,null],["0041400131",81,1,5,1,"12:56 PM","5:23",null,null,"Nene 2' Layup (2 PTS)","7 - 8","1"],["0041400131",82,2,79,1,"12:57 PM","5:06","MISS DeRozan 17' Pullup Jump Shot",null,null,null,null],["0041400131",83,4,0,1,"12:57 PM","5:04",null,null,"Beal REBOUND (Off:0 Def:3)",null,null],["0041400131",84,2,1,1,"12:57 PM","4:54",null,null,"MISS Wall 21' Jump Shot",null,null],["0041400131",85,4,0,1,"12:57 PM","4:53","Ross REBOUND (Off:0 Def:1)",null,null,null,null],["0041400131",86,1,5,1,"12:57 PM","4:40","Valanciunas 2' Layup (2 PTS) (DeRozan 3 AST)",null,null,"7 - 10","3"],["0041400131",87,1,8,1,"12:57 PM","4:22",null,null,"Nene  Slam Dunk (4 PTS) (Beal 1 AST)","9 - 10","1"],["0041400131",88,1,79,1,"12:58 PM","4:06","Lowry 17' Pullup Jump Shot (2 PTS) (Valanciunas 1 AST)",null,null,"9 - 12","3"],["0041400131",90,2,42,1,"12:58 PM","3:54",null,null,"MISS Nene 2' Driving Layup",null,null],["0041400131",91,4,0,1,"12:58 PM","3:53",null,null,"Gooden REBOUND (Off:1 Def:1)",null,null],["0041400131",92,2,54,1,"12:58 PM","3:51",null,null,"MISS Gooden 1' Running Tip Shot",null,null],["0041400131",93,4,0,1,"12:58 PM","3:50",null,null,"Nene REBOUND (Off:4 Def:3)",null,null],["0041400131",94,1,4,1,"12:58 PM","3:48",null,null,"Nene 2' Tip Shot (6 PTS)","11 - 12","1"],["0041400131",95,1,79,1,"12:58 PM","3:37","Ross 15' Pullup Jump Shot (4 PTS) (Patterson 1 AST)",null,null,"11 - 14","3"],["0041400131",96,2,1,1,"12:59 PM","3:17",null,null,"MISS Nene 20' Jump Shot",null,null],["0041400131",97,4,0,1,"12:59 PM","3:16","Lowry REBOUND (Off:0 Def:2)",null,null,null,null],["0041400131",98,2,1,1,"12:59 PM","3:01","MISS Ross  3PT Jump Shot",null,null,null,null],["0041400131",99,4,0,1,"12:59 PM","3:00",null,null,"Wall REBOUND (Off:0 Def:1)",null,null],["0041400131",100,1,42,1,"12:59 PM","2:52",null,null,"Beal 1' Driving Layup (3 PTS) (Wall 2 AST)","13 - 14","1"],["0041400131",102,9,2,1,"12:59 PM","2:45","RAPTORS Timeout: Short (Full 1 Short 1)",null,null,null,null],["0041400131",103,9,1,1,"1:00 PM","2:45",null,null,"Wizards Timeout: Regular (Reg.1 Short 0)",null,null],["0041400131",104,8,0,1,"1:02 PM","2:45",null,null,"SUB: Seraphin FOR Nene",null,null],["0041400131",105,8,0,1,"1:02 PM","2:45",null,null,"SUB: Sessions FOR Beal",null,null],["0041400131",106,8,0,1,"1:02 PM","2:45","SUB: Vasquez FOR Ross",null,null,null,null],["0041400131",107,8,0,1,"1:02 PM","2:45","SUB: Johnson FOR Valanciunas",null,null,null,null],["0041400131",108,8,0,1,"1:02 PM","2:45","SUB: Williams FOR Lowry",null,null,null,null],["0041400131",109,1,42,1,"1:03 PM","2:37","DeRozan 3' Driving Layup (4 PTS)",null,null,"13 - 16","3"],["0041400131",110,1,42,1,"1:03 PM","2:22",null,null,"Seraphin 2' Driving Layup (2 PTS)","15 - 16","1"],["0041400131",112,8,0,1,"1:03 PM","2:18",null,null,"SUB: Porter FOR Pierce",null,null],["0041400131",113,1,1,1,"1:04 PM","2:06","Patterson 24' 3PT Jump Shot (3 PTS) (Vasquez 1 AST)",null,null,"15 - 19","4"],["0041400131",114,2,47,1,"1:04 PM","1:42",null,null,"MISS Gooden 15' Turnaround Jump Shot",null,null],["0041400131",115,4,0,1,"1:04 PM","1:41","Johnson REBOUND (Off:0 Def:1)",null,null,null,null],["0041400131",116,2,1,1,"1:04 PM","1:30","MISS Patterson 25' 3PT Jump Shot",null,null,null,null],["0041400131",117,4,0,1,"1:04 PM","1:29","RAPTORS Rebound",null,null,null,null],["0041400131",118,6,3,1,"1:04 PM","1:29",null,null,"Seraphin L.B.FOUL (P1.PN) (M.McCutchen)",null,null],["0041400131",119,3,11,1,"1:05 PM","1:29","Johnson Free Throw 1 of 2 (1 PTS)",null,null,"15 - 20","5"],["0041400131",121,8,0,1,"1:05 PM","1:29","SUB: Lowry FOR DeRozan",null,null,null,null],["0041400131",122,3,12,1,"1:05 PM","1:29","Johnson Free Throw 2 of 2 (2 PTS)",null,null,"15 - 21","6"],["0041400131",124,2,1,1,"1:05 PM","1:16",null,null,"MISS Seraphin 13' Jump Shot",null,null],["0041400131",125,4,0,1,"1:05 PM","1:15","Patterson REBOUND (Off:0 Def:1)",null,null,null,null],["0041400131",126,5,1,1,"1:06 PM","1:01","Vasquez Bad Pass Turnover (P1.T3)",null,"Seraphin STEAL (1 STL)",null,null],["0041400131",127,1,76,1,"1:06 PM","0:57",null,null,"Porter 1' Running Finger Roll Layup (2 PTS) (Sessions 1 AST)","17 - 21","4"],["0041400131",128,2,63,1,"1:06 PM","0:43","MISS Williams 16' Fadeaway Jumper",null,null,null,null],["0041400131",129,4,0,1,"1:06 PM","0:42",null,null,"Seraphin REBOUND (Off:0 Def:1)",null,null],["0041400131",130,1,67,1,"1:06 PM","0:36",null,null,"Seraphin 5' Hook Bank Shot (4 PTS) (Gooden 1 AST)","19 - 21","2"],["0041400131",132,1,1,1,"1:06 PM","0:28","Johnson 5' Jump Shot (4 PTS) (Lowry 1 AST)",null,null,"19 - 23","4"],["0041400131",133,2,1,1,"1:07 PM","0:06",null,null,"MISS Gooden  3PT Jump Shot",null,null],["0041400131",134,4,0,1,"1:07 PM","0:05","Patterson REBOUND (Off:0 Def:2)",null,null,null,null],["0041400131",135,2,77,1,"1:07 PM","0:01","MISS Lowry 5' Driving Jump Shot",null,"Wall BLOCK (1 BLK)",null,null],["0041400131",136,4,0,1,"1:07 PM","0:00",null,null,"Sessions REBOUND (Off:0 Def:1)",null,null],["0041400131",137,13,0,1,"1:07 PM","0:00",null,null,null,"19 - 23","4"],["0041400131",139,12,0,2,"1:11 PM","12:00",null,null,null,"19 - 23","4"],["0041400131",140,2,1,2,"1:11 PM","11:39","MISS Williams  3PT Jump Shot",null,null,null,null],["0041400131",141,4,0,2,"1:11 PM","11:38",null,null,"Beal REBOUND (Off:0 Def:4)",null,null],["0041400131",142,1,1,2,"1:11 PM","11:14",null,null,"Gooden 21' Jump Shot (2 PTS) (Beal 2 AST)","21 - 23","2"],["0041400131",143,6,2,2,"1:12 PM","11:00",null,null,"Sessions S.FOUL (P1.T1) (D.Stafford)",null,null],["0041400131",144,3,11,2,"1:12 PM","11:00","Lowry Free Throw 1 of 2 (3 PTS)",null,null,"21 - 24","3"],["0041400131",146,3,12,2,"1:12 PM","11:00","Lowry Free Throw 2 of 2 (4 PTS)",null,null,"21 - 25","4"],["0041400131",148,6,2,2,"1:13 PM","10:53","Johnson S.FOUL (P1.T1) (D.Stafford)",null,null,null,null],["0041400131",149,3,11,2,"1:13 PM","10:53",null,null,"Sessions Free Throw 1 of 2 (1 PTS)","22 - 25","3"],["0041400131",151,3,12,2,"1:13 PM","10:53",null,null,"MISS Sessions Free Throw 2 of 2",null,null],["0041400131",153,4,0,2,"1:13 PM","10:52","Patterson REBOUND (Off:0 Def:3)",null,null,null,null],["0041400131",154,2,5,2,"1:13 PM","10:40","MISS Lowry 2' Layup",null,null,null,null],["0041400131",155,4,0,2,"1:13 PM","10:37",null,null,"Seraphin REBOUND (Off:0 Def:2)",null,null],["0041400131",156,1,7,2,"1:14 PM","10:27",null,null,"Gooden  Dunk (4 PTS) (Seraphin 1 AST)","24 - 25","1"],["0041400131",157,1,1,2,"1:14 PM","10:04","Patterson 24' 3PT Jump Shot (6 PTS) (Williams 1 AST)",null,null,"24 - 28","4"],["0041400131",158,2,1,2,"1:14 PM","9:38",null,null,"MISS Beal 11' Jump Shot",null,null],["0041400131",159,4,0,2,"1:14 PM","9:37",null,null,"Gooden REBOUND (Off:2 Def:1)",null,null],["0041400131",160,2,1,2,"1:15 PM","9:29",null,null,"MISS Beal 25' 3PT Jump Shot",null,null],["0041400131",161,4,0,2,"1:15 PM","9:28",null,null,"Porter REBOUND (Off:1 Def:0)",null,null],["0041400131",162,2,1,2,"1:15 PM","9:25",null,null,"MISS Porter 8' Jump Shot",null,null],["0041400131",163,4,0,2,"1:15 PM","9:24",null,null,"Gooden REBOUND (Off:3 Def:1)",null,null],["0041400131",164,5,1,2,"1:15 PM","9:21","Williams STEAL (1 STL)",null,"Gooden Bad Pass Turnover (P1.T4)",null,null],["0041400131",165,1,7,2,"1:15 PM","9:16","Patterson  Dunk (8 PTS) (Williams 2 AST)",null,null,"24 - 30","6"],["0041400131",166,1,1,2,"1:15 PM","8:58",null,null,"Sessions 25' 3PT Jump Shot (4 PTS) (Gooden 2 AST)","27 - 30","3"],["0041400131",168,1,41,2,"1:16 PM","8:41","Johnson 3' Running Layup (6 PTS) (Vasquez 2 AST)",null,null,"27 - 32","5"],["0041400131",169,6,2,2,"1:16 PM","8:41",null,null,"Seraphin S.FOUL (P2.T2) (J.Tiven)",null,null],["0041400131",170,9,4,2,"1:16 PM","8:41",null,null,null,null,null],["0041400131",173,3,10,2,"1:19 PM","8:41","MISS Johnson Free Throw 1 of 1",null,null,null,null],["0041400131",175,4,0,2,"1:19 PM","8:41",null,null,"Seraphin REBOUND (Off:0 Def:3)",null,null],["0041400131",176,2,1,2,"1:19 PM","8:25",null,null,"MISS Gooden 21' Jump Shot",null,null],["0041400131",177,4,0,2,"1:19 PM","8:24","Johnson REBOUND (Off:0 Def:2)",null,null,null,null],["0041400131",178,1,1,2,"1:19 PM","8:09","Patterson 13' Jump Shot (10 PTS)",null,null,"27 - 34","7"],["0041400131",179,2,1,2,"1:20 PM","7:43",null,null,"MISS Seraphin 14' Jump Shot",null,null],["0041400131",180,4,0,2,"1:20 PM","7:42","Williams REBOUND (Off:0 Def:1)",null,null,null,null],["0041400131",181,2,78,2,"1:20 PM","7:33","MISS Williams 8' Floating Jump Shot",null,null,null,null],["0041400131",182,4,0,2,"1:20 PM","7:32",null,null,"Gooden REBOUND (Off:3 Def:2)",null,null],["0041400131",183,2,58,2,"1:20 PM","7:22",null,null,"MISS Seraphin 9' Turnaround Hook Shot",null,null],["0041400131",184,4,0,2,"1:20 PM","7:21","Lowry REBOUND (Off:0 Def:3)",null,null,null,null],["0041400131",185,6,4,2,"1:20 PM","7:14","Vasquez OFF.Foul (P1) (D.Stafford)",null,null,null,null],["0041400131",186,5,5,2,"1:21 PM","7:14","Vasquez Foul Turnover (P2.T4)",null,null,null,null],["0041400131",187,8,0,2,"1:21 PM","7:14",null,null,"SUB: Wall FOR Gooden",null,null],["0041400131",188,8,0,2,"1:21 PM","7:14",null,null,"SUB: Gortat FOR Seraphin",null,null],["0041400131",189,8,0,2,"1:21 PM","7:14",null,null,"SUB: Pierce FOR Sessions",null,null],["0041400131",190,8,0,2,"1:21 PM","7:14","SUB: DeRozan FOR Lowry",null,null,null,null],["0041400131",191,1,41,2,"1:21 PM","7:01",null,null,"Gortat 2' Running Layup (4 PTS) (Beal 3 AST)","29 - 34","5"],["0041400131",192,1,65,2,"1:21 PM","6:37","Johnson 7' Jump Hook Shot (8 PTS) (Williams 3 AST)",null,null,"29 - 36","7"],["0041400131",193,1,80,2,"1:22 PM","6:16",null,null,"Pierce  3PT Step Back Jump Shot (3 PTS) (Beal 4 AST)","32 - 36","4"],["0041400131",194,2,1,2,"1:22 PM","5:46","MISS Patterson 24' 3PT Jump Shot",null,null,null,null],["0041400131",195,4,0,2,"1:22 PM","5:45",null,null,"Wizards Rebound",null,null],["0041400131",196,9,1,2,"1:22 PM","5:44","RAPTORS Timeout: Regular (Full 2 Short 1)",null,null,null,null],["0041400131",198,8,0,2,"1:25 PM","5:44","SUB: Hansbrough FOR Patterson",null,null,null,null],["0041400131",199,6,1,2,"1:26 PM","5:32","Vasquez P.FOUL (P2.T2) (M.McCutchen)",null,null,null,null],["0041400131",200,2,42,2,"1:26 PM","5:24",null,null,"MISS Beal 2' Driving Layup",null,null],["0041400131",201,4,0,2,"1:26 PM","5:23",null,null,"Gortat REBOUND (Off:1 Def:1)",null,null],["0041400131",202,6,2,2,"1:26 PM","5:23","DeRozan S.FOUL (P1.T3) (J.Tiven)",null,null,null,null],["0041400131",203,3,11,2,"1:27 PM","5:23",null,null,"Gortat Free Throw 1 of 2 (5 PTS)","33 - 36","3"],["0041400131",205,3,12,2,"1:27 PM","5:23",null,null,"Gortat Free Throw 2 of 2 (6 PTS)","34 - 36","2"],["0041400131",208,1,86,2,"1:28 PM","4:59","Williams 20' Turnaround Fadeaway (2 PTS)",null,null,"34 - 38","4"],["0041400131",209,1,79,2,"1:28 PM","4:42",null,null,"Pierce 15' Pullup Jump Shot (5 PTS)","36 - 38","2"],["0041400131",210,6,1,2,"1:28 PM","4:26",null,null,"Pierce P.FOUL (P2.T3) (M.McCutchen)",null,null],["0041400131",211,8,0,2,"1:29 PM","4:26","SUB: Ross FOR Vasquez",null,null,null,null],["0041400131",212,2,41,2,"1:29 PM","4:20","MISS Hansbrough 2' Running Layup",null,null,null,null],["0041400131",213,4,0,2,"1:29 PM","4:19",null,null,"Wizards Rebound",null,null],["0041400131",214,1,77,2,"1:29 PM","4:06",null,null,"Wall 2' Driving Jump Shot (4 PTS)","38 - 38","TIE"],["0041400131",215,5,1,2,"1:30 PM","3:52","Johnson Bad Pass Turnover (P1.T5)",null,"Pierce STEAL (1 STL)",null,null],["0041400131",216,2,1,2,"1:30 PM","3:46",null,null,"MISS Beal 24' 3PT Jump Shot",null,null],["0041400131",217,4,0,2,"1:30 PM","3:45","Ross REBOUND (Off:0 Def:2)",null,null,null,null],["0041400131",219,6,4,2,"1:30 PM","3:25","Hansbrough OFF.Foul (P1) (D.Stafford)",null,null,null,null],["0041400131",220,5,5,2,"1:30 PM","3:25","Hansbrough Foul Turnover (P1.T6)",null,null,null,null],["0041400131",221,8,0,2,"1:30 PM","3:25","SUB: Lowry FOR Williams",null,null,null,null],["0041400131",222,1,79,2,"1:31 PM","3:04",null,null,"Pierce 11' Pullup Jump Shot (7 PTS)","40 - 38","-2"],["0041400131",223,2,86,2,"1:31 PM","2:46","MISS DeRozan 11' Turnaround Fadeaway Shot",null,null,null,null],["0041400131",224,4,0,2,"1:31 PM","2:44",null,null,"Gortat REBOUND (Off:1 Def:2)",null,null],["0041400131",225,2,42,2,"1:31 PM","2:40",null,null,"MISS Wall 3' Driving Layup",null,null],["0041400131",226,4,0,2,"1:31 PM","2:39",null,null,"Porter REBOUND (Off:2 Def:0)",null,null],["0041400131",227,1,1,2,"1:31 PM","2:33",null,null,"Pierce 25' 3PT Jump Shot (10 PTS) (Beal 5 AST)","43 - 38","-5"],["0041400131",228,9,1,2,"1:32 PM","2:24","RAPTORS Timeout: Regular (Full 3 Short 1)",null,null,null,null],["0041400131",230,8,0,2,"1:34 PM","2:24","SUB: Vasquez FOR Hansbrough",null,null,null,null],["0041400131",231,8,0,2,"1:34 PM","2:24","SUB: Valanciunas FOR Johnson",null,null,null,null],["0041400131",233,2,1,2,"1:35 PM","2:12","MISS Ross 24' 3PT Jump Shot",null,null,null,null],["0041400131",234,4,0,2,"1:35 PM","2:11",null,null,"Porter REBOUND (Off:2 Def:1)",null,null],["0041400131",235,2,1,2,"1:35 PM","2:03",null,null,"MISS Porter 25' 3PT Jump Shot",null,null],["0041400131",236,4,0,2,"1:35 PM","2:02",null,null,"Beal REBOUND (Off:1 Def:4)",null,null],["0041400131",237,2,1,2,"1:35 PM","1:57",null,null,"MISS Beal  3PT Jump Shot",null,null],["0041400131",238,4,0,2,"1:35 PM","1:56","Lowry REBOUND (Off:0 Def:4)",null,null,null,null],["0041400131",239,1,5,2,"1:35 PM","1:50","DeRozan 2' Layup (6 PTS) (Lowry 2 AST)",null,null,"43 - 40","-3"],["0041400131",240,7,5,2,"1:36 PM","1:27","Ross Violation:Kicked Ball (M.McCutchen)",null,null,null,null],["0041400131",241,8,0,2,"1:36 PM","1:27",null,null,"SUB: Sessions FOR Pierce",null,null],["0041400131",242,8,0,2,"1:36 PM","1:19",null,null,"SUB: Nene FOR Gortat",null,null],["0041400131",243,1,5,2,"1:36 PM","1:16",null,null,"Nene 2' Layup (8 PTS) (Wall 3 AST)","45 - 40","-5"],["0041400131",250,2,42,2,"1:36 PM","1:05","MISS DeRozan 4' Driving Layup",null,null,null,null],["0041400131",254,4,0,2,"1:36 PM","1:04","Lowry REBOUND (Off:1 Def:4)",null,null,null,null],["0041400131",244,1,5,2,"1:36 PM","1:03","Lowry 3' Layup (6 PTS)",null,null,"45 - 42","-3"],["0041400131",245,2,1,2,"1:37 PM","0:39",null,null,"MISS Sessions 25' 3PT Jump Shot",null,null],["0041400131",246,4,0,2,"1:37 PM","0:37","DeRozan REBOUND (Off:1 Def:3)",null,null,null,null],["0041400131",247,5,2,2,"1:37 PM","0:29","DeRozan Lost Ball Turnover (P1.T7)",null,"Porter STEAL (1 STL)",null,null],["0041400131",248,6,2,2,"1:37 PM","0:25","Lowry S.FOUL (P2.T4) (J.Tiven)",null,null,null,null],["0041400131",249,3,11,2,"1:37 PM","0:25",null,null,"MISS Porter Free Throw 1 of 2",null,null],["0041400131",251,4,1,2,"1:37 PM","0:25",null,null,"Wizards Rebound",null,null],["0041400131",252,3,12,2,"1:38 PM","0:25",null,null,"Porter Free Throw 2 of 2 (3 PTS)","46 - 42","-4"],["0041400131",256,6,1,2,"1:38 PM","0:07",null,null,"Beal P.FOUL (P2.T4) (D.Stafford)",null,null],["0041400131",257,8,0,2,"1:39 PM","0:07",null,null,"SUB: Butler FOR Beal",null,null],["0041400131",258,2,79,2,"1:39 PM","0:01","MISS DeRozan 13' Pullup Jump Shot",null,null,null,null],["0041400131",259,4,0,2,"1:39 PM","0:00","RAPTORS Rebound",null,null,null,null],["0041400131",260,13,0,2,"1:39 PM","0:00",null,null,null,"46 - 42","-4"],["0041400131",262,12,0,3,"1:57 PM","12:00",null,null,null,"46 - 42","-4"],["0041400131",263,2,63,3,"1:57 PM","11:46","MISS Lowry 17' Fadeaway Jumper",null,null,null,null],["0041400131",264,4,0,3,"1:57 PM","11:44",null,null,"Gortat REBOUND (Off:1 Def:3)",null,null],["0041400131",265,2,1,3,"1:57 PM","11:27",null,null,"MISS Gortat 16' Jump Shot",null,null],["0041400131",266,4,0,3,"1:57 PM","11:26","DeRozan REBOUND (Off:1 Def:4)",null,null,null,null],["0041400131",267,2,1,3,"1:57 PM","11:14","MISS DeRozan 15' Jump Shot",null,null,null,null],["0041400131",268,4,0,3,"1:57 PM","11:13",null,null,"Nene REBOUND (Off:4 Def:4)",null,null],["0041400131",269,9,1,3,"1:57 PM","11:07",null,null,"Wizards Timeout: Regular (Reg.2 Short 0)",null,null],["0041400131",272,1,79,3,"2:01 PM","10:54",null,null,"Pierce 16' Pullup Jump Shot (12 PTS)","48 - 42","-6"],["0041400131",273,5,1,3,"2:01 PM","10:38","DeRozan Bad Pass Turnover (P2.T8)",null,null,null,null],["0041400131",274,1,41,3,"2:01 PM","10:28",null,null,"Nene 2' Running Layup (10 PTS) (Wall 4 AST)","50 - 42","-8"],["0041400131",275,2,1,3,"2:02 PM","10:05","MISS Ross 15' Jump Shot",null,null,null,null],["0041400131",276,4,0,3,"2:02 PM","10:03","Valanciunas REBOUND (Off:1 Def:4)",null,null,null,null],["0041400131",277,1,3,3,"2:02 PM","10:00","Valanciunas 3' Hook Shot (4 PTS)",null,null,"50 - 44","-6"],["0041400131",278,2,78,3,"2:02 PM","9:41",null,null,"MISS Gortat 8' Floating Jump Shot",null,null],["0041400131",279,4,0,3,"2:02 PM","9:40","Valanciunas REBOUND (Off:1 Def:5)",null,null,null,null],["0041400131",280,1,42,3,"2:02 PM","9:28","DeRozan 2' Driving Layup (8 PTS)",null,null,"50 - 46","-4"],["0041400131",281,6,1,3,"2:03 PM","9:04","Lowry P.FOUL (P3.T1) (M.McCutchen)",null,null,null,null],["0041400131",282,8,0,3,"2:03 PM","9:04","SUB: Johnson FOR Hansbrough",null,null,null,null],["0041400131",283,6,1,3,"2:03 PM","9:03","Ross P.FOUL (P2.T2) (D.Stafford)",null,null,null,null],["0041400131",284,2,42,3,"2:04 PM","8:50",null,null,"MISS Beal 2' Driving Layup",null,null],["0041400131",285,4,0,3,"2:04 PM","8:48",null,null,"Gortat REBOUND (Off:2 Def:3)",null,null],["0041400131",286,1,4,3,"2:04 PM","8:46",null,null,"Gortat  Tip Shot (8 PTS)","52 - 46","-6"],["0041400131",287,2,1,3,"2:04 PM","8:34","MISS Ross  3PT Jump Shot",null,null,null,null],["0041400131",288,4,0,3,"2:04 PM","8:33",null,null,"Gortat REBOUND (Off:2 Def:4)",null,null],["0041400131",289,1,1,3,"2:04 PM","8:26",null,null,"Pierce  3PT Jump Shot (15 PTS) (Wall 5 AST)","55 - 46","-9"],["0041400131",290,1,67,3,"2:05 PM","8:00","Johnson 4' Hook Bank Shot (10 PTS)",null,null,"55 - 48","-7"],["0041400131",291,2,1,3,"2:05 PM","7:50",null,null,"MISS Pierce 25' 3PT Jump Shot",null,null],["0041400131",292,4,0,3,"2:05 PM","7:49","Johnson REBOUND (Off:0 Def:3)",null,null,null,null],["0041400131",293,2,80,3,"2:05 PM","7:41","MISS Lowry 25' 3PT Step Back Jump Shot",null,null,null,null],["0041400131",294,4,0,3,"2:05 PM","7:40",null,null,"Wizards Rebound",null,null],["0041400131",295,2,1,3,"2:06 PM","7:19","Ross BLOCK (2 BLK)",null,"MISS Beal 19' Jump Shot",null,null],["0041400131",296,4,0,3,"2:06 PM","7:17",null,null,"Beal REBOUND (Off:2 Def:4)",null,null],["0041400131",297,1,1,3,"2:06 PM","7:14",null,null,"Beal 12' Jump Shot (5 PTS)","57 - 48","-9"],["0041400131",298,2,42,3,"2:06 PM","6:54","MISS Johnson 2' Driving Layup",null,null,null,null],["0041400131",299,4,0,3,"2:06 PM","6:53","Valanciunas REBOUND (Off:2 Def:5)",null,null,null,null],["0041400131",300,1,58,3,"2:06 PM","6:51","Valanciunas 2' Turnaround Hook Shot (6 PTS)",null,null,"57 - 50","-7"],["0041400131",301,2,1,3,"2:06 PM","6:39",null,null,"MISS Wall 9' Jump Shot",null,null],["0041400131",302,4,0,3,"2:06 PM","6:38","RAPTORS Rebound",null,null,null,null],["0041400131",304,2,1,3,"2:07 PM","6:24","MISS DeRozan 18' Jump Shot",null,null,null,null],["0041400131",305,4,0,3,"2:07 PM","6:23",null,null,"Wall REBOUND (Off:0 Def:2)",null,null],["0041400131",306,2,1,3,"2:07 PM","6:14",null,null,"MISS Wall  3PT Jump Shot",null,null],["0041400131",307,4,0,3,"2:07 PM","6:13","Valanciunas REBOUND (Off:2 Def:6)",null,null,null,null],["0041400131",308,2,52,3,"2:07 PM","6:04","MISS Valanciunas 2' Alley Oop Dunk",null,null,null,null],["0041400131",309,4,0,3,"2:07 PM","6:02",null,null,"Gortat REBOUND (Off:2 Def:5)",null,null],["0041400131",310,1,42,3,"2:07 PM","5:56",null,null,"Beal 2' Driving Layup (7 PTS) (Gortat 1 AST)","59 - 50","-9"],["0041400131",311,9,1,3,"2:07 PM","5:47","RAPTORS Timeout: Regular (Full 4 Short 1)",null,null,null,null],["0041400131",312,8,0,3,"2:10 PM","5:47","SUB: Patterson FOR Valanciunas",null,null,null,null],["0041400131",314,8,0,3,"2:10 PM","5:47",null,null,"SUB: Gooden FOR Nene",null,null],["0041400131",315,2,77,3,"2:11 PM","5:28","MISS DeRozan 13' Driving Jump Shot",null,null,null,null],["0041400131",316,4,0,3,"2:11 PM","5:27",null,null,"Pierce REBOUND (Off:0 Def:2)",null,null],["0041400131",317,2,1,3,"2:11 PM","5:07",null,null,"MISS Gooden 17' Jump Shot",null,null],["0041400131",318,4,0,3,"2:11 PM","5:06","Ross REBOUND (Off:0 Def:3)",null,null,null,null],["0041400131",319,2,1,3,"2:11 PM","4:57","MISS Ross 25' 3PT Jump Shot",null,null,null,null],["0041400131",320,4,0,3,"2:12 PM","4:55",null,null,"Pierce REBOUND (Off:0 Def:3)",null,null],["0041400131",321,1,1,3,"2:12 PM","4:40",null,null,"Wall 11' Jump Shot (6 PTS)","61 - 50","-11"],["0041400131",322,1,78,3,"2:12 PM","4:16","Ross 10' Floating Jump Shot (6 PTS) (DeRozan 4 AST)",null,null,"61 - 52","-9"],["0041400131",323,6,4,3,"2:12 PM","4:07",null,null,"Pierce OFF.Foul (P3) (J.Tiven)",null,null],["0041400131",324,5,5,3,"2:12 PM","4:07",null,null,"Pierce Foul Turnover (P1.T5)",null,null],["0041400131",325,8,0,3,"2:12 PM","4:07",null,null,"SUB: Porter FOR Pierce",null,null],["0041400131",326,8,0,3,"2:13 PM","4:07","SUB: Williams FOR Ross",null,null,null,null],["0041400131",327,2,1,3,"2:13 PM","3:56","MISS DeRozan 17' Jump Shot",null,null,null,null],["0041400131",328,4,0,3,"2:13 PM","3:54","Johnson REBOUND (Off:1 Def:3)",null,null,null,null],["0041400131",329,1,41,3,"2:13 PM","3:43","Johnson 2' Running Layup (12 PTS) (Lowry 3 AST)",null,null,"61 - 54","-7"],["0041400131",330,2,80,3,"2:14 PM","3:18",null,null,"MISS Beal 18' Step Back Jump Shot",null,null],["0041400131",331,4,0,3,"2:14 PM","3:17","Lowry REBOUND (Off:1 Def:5)",null,null,null,null],["0041400131",333,2,1,3,"2:14 PM","2:59","MISS Lowry 24' 3PT Jump Shot",null,null,null,null],["0041400131",334,4,0,3,"2:14 PM","2:58","DeRozan REBOUND (Off:2 Def:4)",null,null,null,null],["0041400131",335,2,78,3,"2:14 PM","2:45","MISS Williams 9' Floating Jump Shot",null,null,null,null],["0041400131",336,4,0,3,"2:14 PM","2:44",null,null,"Wall REBOUND (Off:0 Def:3)",null,null],["0041400131",337,6,4,3,"2:14 PM","2:34",null,null,"Gortat OFF.Foul (P3) (M.McCutchen)",null,null],["0041400131",338,5,5,3,"2:14 PM","2:34",null,null,"Gortat Foul Turnover (P2.T6)",null,null],["0041400131",339,8,0,3,"2:15 PM","2:34",null,null,"SUB: Sessions FOR Beal",null,null],["0041400131",340,8,0,3,"2:15 PM","2:34","SUB: Vasquez FOR Lowry",null,null,null,null],["0041400131",341,8,0,3,"2:15 PM","2:34",null,null,"SUB: Seraphin FOR Gortat",null,null],["0041400131",342,1,58,3,"2:15 PM","2:12","Johnson 6' Turnaround Hook Shot (14 PTS) (Patterson 2 AST)",null,null,"61 - 56","-5"],["0041400131",343,9,1,3,"2:15 PM","2:12",null,null,"Wizards Timeout: Regular (Reg.3 Short 0)",null,null],["0041400131",346,1,58,3,"2:18 PM","1:56",null,null,"Seraphin 7' Turnaround Hook Shot (6 PTS)","63 - 56","-7"],["0041400131",347,2,78,3,"2:18 PM","1:38","MISS Patterson 7' Floating Jump Shot",null,null,null,null],["0041400131",348,4,0,3,"2:18 PM","1:37",null,null,"Seraphin REBOUND (Off:0 Def:4)",null,null],["0041400131",349,2,86,3,"2:18 PM","1:26",null,null,"MISS Wall 15' Turnaround Fadeaway Shot",null,null],["0041400131",350,4,0,3,"2:18 PM","1:23","Vasquez REBOUND (Off:0 Def:1)",null,null,null,null],["0041400131",351,2,1,3,"2:19 PM","1:12","MISS Johnson 25' 3PT Jump Shot",null,null,null,null],["0041400131",352,4,0,3,"2:19 PM","1:11",null,null,"Wall REBOUND (Off:0 Def:4)",null,null],["0041400131",353,2,1,3,"2:19 PM","0:46",null,null,"MISS Wall 14' Jump Shot",null,null],["0041400131",354,4,0,3,"2:19 PM","0:45","RAPTORS Rebound",null,null,null,null],["0041400131",355,2,1,3,"2:19 PM","0:35","MISS Williams 25' 3PT Jump Shot",null,null,null,null],["0041400131",356,4,0,3,"2:19 PM","0:35",null,null,"Gooden REBOUND (Off:3 Def:3)",null,null],["0041400131",357,2,42,3,"2:19 PM","0:29",null,null,"MISS Sessions 2' Driving Layup",null,null],["0041400131",358,4,0,3,"2:20 PM","0:28","Johnson REBOUND (Off:1 Def:4)",null,null,null,null],["0041400131",359,2,1,3,"2:20 PM","0:08","MISS DeRozan 8' Jump Shot",null,null,null,null],["0041400131",360,4,0,3,"2:20 PM","0:06",null,null,"Sessions REBOUND (Off:0 Def:2)",null,null],["0041400131",361,1,42,3,"2:20 PM","0:03",null,null,"Sessions 2' Driving Layup (6 PTS)","65 - 56","-9"],["0041400131",362,2,84,3,"2:20 PM","0:00","MISS DeRozan 37' 3PT Running Bank Shot",null,null,null,null],["0041400131",363,4,0,3,"2:20 PM","0:00","RAPTORS Rebound",null,null,null,null],["0041400131",364,13,0,3,"2:20 PM","0:00",null,null,null,"65 - 56","-9"],["0041400131",367,12,0,4,"2:24 PM","12:00",null,null,null,"65 - 56","-9"],["0041400131",368,1,78,4,"2:24 PM","11:44",null,null,"Beal 10' Floating Jump Shot (9 PTS)","67 - 56","-11"],["0041400131",369,2,79,4,"2:24 PM","11:28","MISS Williams 8' Pullup Jump Shot",null,null,null,null],["0041400131",370,4,0,4,"2:24 PM","11:27","Lowry REBOUND (Off:2 Def:5)",null,null,null,null],["0041400131",371,2,1,4,"2:24 PM","11:22","MISS Vasquez 24' 3PT Jump Shot",null,null,null,null],["0041400131",372,4,0,4,"2:25 PM","11:21",null,null,"Porter REBOUND (Off:2 Def:2)",null,null],["0041400131",373,1,57,4,"2:25 PM","11:09",null,null,"Seraphin 7' Driving Hook Shot (8 PTS)","69 - 56","-13"],["0041400131",374,2,50,4,"2:25 PM","10:57","MISS Valanciunas  Running Dunk",null,"Gooden BLOCK (1 BLK)",null,null],["0041400131",375,4,0,4,"2:25 PM","10:55",null,null,"Gooden REBOUND (Off:3 Def:4)",null,null],["0041400131",376,5,39,4,"2:25 PM","10:47",null,null,"Beal Step Out of Bounds Turnover (P2.T7)",null,null],["0041400131",377,6,1,4,"2:26 PM","10:34",null,null,"Sessions P.FOUL (P2.T1) (M.McCutchen)",null,null],["0041400131",378,1,1,4,"2:26 PM","10:24","Williams 20' Jump Shot (4 PTS)",null,null,"69 - 58","-11"],["0041400131",379,1,1,4,"2:26 PM","10:08",null,null,"Beal 24' 3PT Jump Shot (12 PTS) (Seraphin 2 AST)","72 - 58","-14"],["0041400131",380,6,2,4,"2:27 PM","9:59",null,null,"Sessions S.FOUL (P3.T2) (D.Stafford)",null,null],["0041400131",381,3,11,4,"2:27 PM","9:59","Lowry Free Throw 1 of 2 (7 PTS)",null,null,"72 - 59","-13"],["0041400131",383,3,12,4,"2:27 PM","9:59","MISS Lowry Free Throw 2 of 2",null,null,null,null],["0041400131",385,4,0,4,"2:27 PM","9:58",null,null,"Porter REBOUND (Off:2 Def:3)",null,null],["0041400131",386,6,27,4,"2:27 PM","9:44","Valanciunas Personal Block Foul (P1.T1) (M.McCutchen)",null,null,null,null],["0041400131",387,6,27,4,"2:28 PM","9:40","Patterson Personal Block Foul (P1.T2) (M.McCutchen)",null,null,null,null],["0041400131",388,2,1,4,"2:28 PM","9:28",null,null,"MISS Seraphin 19' Jump Shot",null,null],["0041400131",389,4,0,4,"2:28 PM","9:27","Lowry REBOUND (Off:2 Def:6)",null,null,null,null],["0041400131",390,6,4,4,"2:29 PM","9:19","Lowry OFF.Foul (P4) (M.McCutchen)",null,null,null,null],["0041400131",391,5,5,4,"2:29 PM","9:19","Lowry Foul Turnover (P3.T9)",null,null,null,null],["0041400131",392,5,1,4,"2:29 PM","9:07","Williams STEAL (2 STL)",null,"Gooden Bad Pass Turnover (P2.T8)",null,null],["0041400131",393,2,1,4,"2:29 PM","8:57","MISS Williams 7' Jump Shot",null,null,null,null],["0041400131",394,4,0,4,"2:29 PM","8:56",null,null,"Gooden REBOUND (Off:3 Def:5)",null,null],["0041400131",395,2,65,4,"2:29 PM","8:49",null,null,"MISS Seraphin 6' Jump Hook Shot",null,null],["0041400131",396,4,0,4,"2:29 PM","8:48",null,null,"Gooden REBOUND (Off:4 Def:5)",null,null],["0041400131",397,1,4,4,"2:29 PM","8:45",null,null,"Gooden 2' Tip Shot (6 PTS)","74 - 59","-15"],["0041400131",398,6,1,4,"2:30 PM","8:43",null,null,"Sessions P.FOUL (P4.T3) (J.Tiven)",null,null],["0041400131",399,9,4,4,"2:30 PM","8:43",null,null,null,null,null],["0041400131",403,2,73,4,"2:33 PM","8:25","MISS Lowry 3' Driving Reverse Layup",null,null,null,null],["0041400131",404,4,0,4,"2:33 PM","8:24",null,null,"Gooden REBOUND (Off:4 Def:6)",null,null],["0041400131",405,2,5,4,"2:33 PM","8:10",null,null,"MISS Gooden 2' Layup",null,null],["0041400131",406,4,0,4,"2:33 PM","8:10","RAPTORS Rebound",null,null,null,null],["0041400131",407,6,3,4,"2:33 PM","8:10",null,null,"Gooden L.B.FOUL (P1.T4) (M.McCutchen)",null,null],["0041400131",408,8,0,4,"2:34 PM","8:10","SUB: Johnson FOR Patterson",null,null,null,null],["0041400131",409,8,0,4,"2:34 PM","8:10","SUB: DeRozan FOR Vasquez",null,null,null,null],["0041400131",410,8,0,4,"2:34 PM","8:10",null,null,"SUB: Pierce FOR Gooden",null,null],["0041400131",411,1,1,4,"2:34 PM","7:50","DeRozan 18' Jump Shot (10 PTS)",null,null,"74 - 61","-13"],["0041400131",412,5,2,4,"2:34 PM","7:34","Lowry STEAL (1 STL)",null,"Beal Lost Ball Turnover (P3.T9)",null,null],["0041400131",413,2,1,4,"2:35 PM","7:27","MISS Johnson 4' Jump Shot",null,null,null,null],["0041400131",414,4,0,4,"2:35 PM","7:26",null,null,"Wizards Rebound",null,null],["0041400131",415,6,1,4,"2:35 PM","7:26","Lowry P.FOUL (P5.T3) (M.McCutchen)",null,null,null,null],["0041400131",416,8,0,4,"2:35 PM","7:26","SUB: Vasquez FOR Lowry",null,null,null,null],["0041400131",417,8,0,4,"2:35 PM","7:26",null,null,"SUB: Wall FOR Sessions",null,null],["0041400131",418,2,1,4,"2:35 PM","7:11",null,null,"MISS Beal 25' 3PT Jump Shot",null,null],["0041400131",419,4,0,4,"2:35 PM","7:10","Williams REBOUND (Off:0 Def:2)",null,null,null,null],["0041400131",420,1,76,4,"2:36 PM","7:02","Johnson 1' Running Finger Roll Layup (16 PTS) (Williams 4 AST)",null,null,"74 - 63","-11"],["0041400131",421,6,1,4,"2:36 PM","6:42","Johnson P.FOUL (P2.T4) (M.McCutchen)",null,null,null,null],["0041400131",422,5,11,4,"2:37 PM","6:27",null,null,"Wizards Turnover: Shot Clock (T#10)",null,null],["0041400131",423,1,1,4,"2:37 PM","6:15","Vasquez 25' 3PT Jump Shot (3 PTS) (DeRozan 5 AST)",null,null,"74 - 66","-8"],["0041400131",424,1,1,4,"2:37 PM","5:55",null,null,"Seraphin 15' Jump Shot (10 PTS) (Wall 6 AST)","76 - 66","-10"],["0041400131",425,1,42,4,"2:38 PM","5:33","DeRozan 3' Driving Layup (12 PTS)",null,null,"76 - 68","-8"],["0041400131",426,6,2,4,"2:38 PM","5:33",null,null,"Porter S.FOUL (P1.PN) (D.Stafford)",null,null],["0041400131",427,9,1,4,"2:38 PM","5:33","RAPTORS Timeout: Regular (Full 5 Short 1)",null,null,null,null],["0041400131",428,8,0,4,"2:40 PM","5:33","SUB: Patterson FOR Valanciunas",null,null,null,null],["0041400131",429,8,0,4,"2:40 PM","5:33",null,null,"SUB: Gortat FOR Seraphin",null,null],["0041400131",430,3,10,4,"2:41 PM","5:33","DeRozan Free Throw 1 of 1 (13 PTS)",null,null,"76 - 69","-7"],["0041400131",432,2,1,4,"2:41 PM","5:20",null,null,"MISS Porter 25' 3PT Jump Shot",null,null],["0041400131",433,4,0,4,"2:41 PM","5:19",null,null,"Gortat REBOUND (Off:3 Def:5)",null,null],["0041400131",434,2,58,4,"2:41 PM","5:03","Johnson BLOCK (1 BLK)",null,"MISS Gortat 6' Turnaround Hook Shot",null,null],["0041400131",435,4,0,4,"2:41 PM","5:02","Johnson REBOUND (Off:1 Def:5)",null,null,null,null],["0041400131",436,5,1,4,"2:42 PM","4:52","DeRozan Bad Pass Turnover (P3.T10)",null,"Porter STEAL (2 STL)",null,null],["0041400131",437,2,79,4,"2:42 PM","4:28",null,null,"MISS Wall 18' Pullup Jump Shot",null,null],["0041400131",438,4,0,4,"2:42 PM","4:27","Vasquez REBOUND (Off:0 Def:2)",null,null,null,null],["0041400131",439,1,1,4,"2:42 PM","4:18","Williams 25' 3PT Jump Shot (7 PTS) (Vasquez 3 AST)",null,null,"76 - 72","-4"],["0041400131",441,2,1,4,"2:43 PM","3:54",null,null,"MISS Beal 19' Jump Shot",null,null],["0041400131",442,4,0,4,"2:43 PM","3:52","DeRozan REBOUND (Off:2 Def:5)",null,null,null,null],["0041400131",443,2,79,4,"2:43 PM","3:43","MISS DeRozan 8' Pullup Jump Shot",null,null,null,null],["0041400131",444,4,0,4,"2:43 PM","3:42","Williams REBOUND (Off:1 Def:2)",null,null,null,null],["0041400131",446,6,4,4,"2:43 PM","3:41","Johnson OFF.Foul (P3) (D.Stafford)",null,null,null,null],["0041400131",447,5,5,4,"2:43 PM","3:41","Johnson Foul Turnover (P2.T11)",null,null,null,null],["0041400131",448,2,1,4,"2:44 PM","3:26",null,null,"MISS Beal 18' Jump Shot",null,null],["0041400131",449,4,0,4,"2:44 PM","3:23","DeRozan REBOUND (Off:2 Def:6)",null,null,null,null],["0041400131",450,2,1,4,"2:44 PM","3:12","MISS Patterson  3PT Jump Shot",null,null,null,null],["0041400131",451,4,0,4,"2:44 PM","3:11",null,null,"Beal REBOUND (Off:2 Def:5)",null,null],["0041400131",452,6,1,4,"2:44 PM","3:05","Vasquez P.FOUL (P3.PN) (D.Stafford)",null,null,null,null],["0041400131",453,3,11,4,"2:44 PM","3:05",null,null,"MISS Beal Free Throw 1 of 2",null,null],["0041400131",454,4,1,4,"2:44 PM","3:05",null,null,"Wizards Rebound",null,null],["0041400131",455,8,0,4,"2:45 PM","3:05","SUB: Lowry FOR Vasquez",null,null,null,null],["0041400131",456,3,12,4,"2:45 PM","3:05",null,null,"Beal Free Throw 2 of 2 (13 PTS)","77 - 72","-5"],["0041400131",458,1,1,4,"2:45 PM","2:55","Williams 25' 3PT Jump Shot (10 PTS) (Lowry 4 AST)",null,null,"77 - 75","-2"],["0041400131",459,9,1,4,"2:45 PM","2:54",null,null,"Wizards Timeout: Regular (Reg.4 Short 0)",null,null],["0041400131",462,8,0,4,"2:48 PM","2:54",null,null,"SUB: Gooden FOR Porter",null,null],["0041400131",463,1,1,4,"2:49 PM","2:36",null,null,"Beal 17' Jump Shot (15 PTS)","79 - 75","-4"],["0041400131",464,6,2,4,"2:49 PM","2:36","Lowry S.FOUL (P6.PN) (D.Stafford)",null,null,null,null],["0041400131",465,8,0,4,"2:49 PM","2:36","SUB: Vasquez FOR Lowry",null,null,null,null],["0041400131",466,3,10,4,"2:49 PM","2:36",null,null,"Beal Free Throw 1 of 1 (16 PTS)","80 - 75","-5"],["0041400131",468,2,1,4,"2:50 PM","2:25","MISS Williams 25' 3PT Jump Shot",null,null,null,null],["0041400131",469,4,0,4,"2:50 PM","2:24",null,null,"Pierce REBOUND (Off:0 Def:4)",null,null],["0041400131",470,2,42,4,"2:50 PM","2:04",null,null,"MISS Beal 1' Driving Layup",null,null],["0041400131",471,4,0,4,"2:50 PM","2:03","DeRozan REBOUND (Off:2 Def:7)",null,null,null,null],["0041400131",472,1,78,4,"2:50 PM","1:51","Vasquez 4' Floating Jump Shot (5 PTS) (DeRozan 6 AST)",null,null,"80 - 77","-3"],["0041400131",474,1,42,4,"2:51 PM","1:33",null,null,"Wall 2' Driving Layup (8 PTS)","82 - 77","-5"],["0041400131",475,9,1,4,"2:51 PM","1:33","RAPTORS Timeout: Regular (Full 6 Short 1)",null,null,null,null],["0041400131",478,2,77,4,"2:54 PM","1:24","MISS DeRozan 2' Driving Jump Shot",null,null,null,null],["0041400131",479,4,0,4,"2:54 PM","1:24","Johnson REBOUND (Off:2 Def:5)",null,null,null,null],["0041400131",480,1,40,4,"2:54 PM","1:24","Johnson 2' Layup (18 PTS)",null,null,"82 - 79","-3"],["0041400131",481,2,1,4,"2:54 PM","1:01",null,null,"MISS Gooden 18' Jump Shot",null,null],["0041400131",482,4,0,4,"2:54 PM","1:00",null,null,"Wizards Rebound",null,null],["0041400131",483,18,1,4,"2:54 PM","0:59",null,null,null,null,null],["0041400131",484,8,0,4,"2:59 PM","0:59",null,null,"SUB: Porter FOR Gooden",null,null],["0041400131",487,2,66,4,"2:59 PM","0:35",null,null,"MISS Beal 11' Jump Bank Shot",null,null],["0041400131",488,4,0,4,"2:59 PM","0:35","Johnson REBOUND (Off:2 Def:6)",null,null,null,null],["0041400131",489,1,1,4,"2:59 PM","0:25","Vasquez 24' 3PT Jump Shot (8 PTS)",null,null,"82 - 82","TIE"],["0041400131",490,9,1,4,"3:00 PM","0:25",null,null,"Wizards Timeout: Regular (Reg.5 Short 0)",null,null],["0041400131",494,2,1,4,"3:03 PM","0:00",null,null,"MISS Wall 19' Jump Shot",null,null],["0041400131",495,4,0,4,"3:03 PM","0:00","Patterson REBOUND (Off:0 Def:4)",null,null,null,null],["0041400131",496,9,2,4,"3:03 PM","0:00","RAPTORS Timeout: Short (Full 6 Short 2)",null,null,null,null],["0041400131",497,18,0,4,"3:03 PM","0:00",null,null,null,null,null],["0041400131",500,8,0,4,"3:05 PM","0:00","SUB: Ross FOR Johnson",null,null,null,null],["0041400131",502,2,4,4,"3:05 PM","0:00","MISS Ross 2' Tip Shot",null,null,null,null],["0041400131",503,4,0,4,"3:06 PM","0:00","RAPTORS Rebound",null,null,null,null],["0041400131",504,13,0,4,"3:06 PM","0:00",null,null,null,"82 - 82","TIE"],["0041400131",506,12,0,5,"3:08 PM","5:00",null,null,null,"82 - 82","TIE"],["0041400131",507,10,0,5,"3:08 PM","5:00","Jump Ball Johnson vs. Nene: Tip to Beal",null,null,null,null],["0041400131",508,2,1,5,"3:09 PM","4:35",null,null,"MISS Wall 25' 3PT Jump Shot",null,null],["0041400131",509,4,0,5,"3:09 PM","4:34",null,null,"Beal REBOUND (Off:3 Def:5)",null,null],["0041400131",510,1,1,5,"3:09 PM","4:23",null,null,"Pierce 25' 3PT Jump Shot (18 PTS) (Beal 6 AST)","85 - 82","-3"],["0041400131",511,2,1,5,"3:09 PM","4:06","MISS DeRozan 18' Jump Shot",null,null,null,null],["0041400131",512,4,0,5,"3:09 PM","4:04",null,null,"Wall REBOUND (Off:0 Def:5)",null,null],["0041400131",513,2,80,5,"3:10 PM","3:42",null,null,"MISS Nene 19' Step Back Jump Shot",null,null],["0041400131",514,4,0,5,"3:10 PM","3:40","DeRozan REBOUND (Off:2 Def:8)",null,null,null,null],["0041400131",515,2,77,5,"3:10 PM","3:22","MISS Williams 6' Driving Jump Shot",null,null,null,null],["0041400131",516,4,0,5,"3:10 PM","3:21",null,null,"Nene REBOUND (Off:4 Def:5)",null,null],["0041400131",517,2,42,5,"3:10 PM","3:15",null,null,"MISS Wall 2' Driving Layup",null,null],["0041400131",518,4,0,5,"3:10 PM","3:14",null,null,"Nene REBOUND (Off:5 Def:5)",null,null],["0041400131",519,6,2,5,"3:10 PM","3:14","DeRozan S.FOUL (P2.T1) (D.Stafford)",null,null,null,null],["0041400131",520,3,11,5,"3:10 PM","3:14",null,null,"MISS Nene Free Throw 1 of 2",null,null],["0041400131",521,4,1,5,"3:10 PM","3:14",null,null,"Wizards Rebound",null,null],["0041400131",522,3,12,5,"3:11 PM","3:14",null,null,"MISS Nene Free Throw 2 of 2",null,null],["0041400131",524,4,0,5,"3:11 PM","3:13","DeRozan REBOUND (Off:2 Def:9)",null,null,null,null],["0041400131",525,2,1,5,"3:11 PM","2:50","MISS Vasquez 25' 3PT Jump Shot",null,null,null,null],["0041400131",526,4,0,5,"3:11 PM","2:49",null,null,"Wall REBOUND (Off:0 Def:6)",null,null],["0041400131",527,2,1,5,"3:11 PM","2:43",null,null,"MISS Beal  3PT Jump Shot",null,null],["0041400131",528,4,0,5,"3:11 PM","2:41",null,null,"Nene REBOUND (Off:6 Def:5)",null,null],["0041400131",529,1,7,5,"3:12 PM","2:20",null,null,"Nene  Dunk (12 PTS) (Wall 7 AST)","87 - 82","-5"],["0041400131",530,9,1,5,"3:12 PM","2:20","RAPTORS Timeout: Regular (Full 7 Short 2)",null,null,null,null],["0041400131",533,2,1,5,"3:14 PM","2:03","MISS Williams  3PT Jump Shot",null,null,null,null],["0041400131",534,4,0,5,"3:14 PM","2:02",null,null,"Nene REBOUND (Off:6 Def:6)",null,null],["0041400131",535,2,75,5,"3:15 PM","1:37",null,null,"MISS Wall 3' Driving Finger Roll Layup",null,null],["0041400131",536,4,0,5,"3:15 PM","1:36",null,null,"Nene REBOUND (Off:7 Def:6)",null,null],["0041400131",537,5,1,5,"3:15 PM","1:11","Vasquez STEAL (1 STL)",null,"Beal Bad Pass Turnover (P4.T11)",null,null],["0041400131",538,6,1,5,"3:15 PM","1:09",null,null,"Pierce P.FOUL (P4.T1) (D.Stafford)",null,null],["0041400131",539,18,0,5,"3:16 PM","1:09",null,null,null,null,null],["0041400131",542,9,2,5,"3:17 PM","1:09","RAPTORS Timeout: Short (Full 7 Short 3)",null,null,null,null],["0041400131",545,2,77,5,"3:19 PM","1:02","MISS Johnson 5' Driving Jump Shot",null,"Pierce BLOCK (1 BLK)",null,null],["0041400131",546,4,0,5,"3:19 PM","1:02","RAPTORS Rebound",null,null,null,null],["0041400131",547,2,1,5,"3:19 PM","0:54","MISS Williams 25' 3PT Jump Shot",null,null,null,null],["0041400131",548,4,0,5,"3:19 PM","0:52",null,null,"Beal REBOUND (Off:3 Def:6)",null,null],["0041400131",549,1,1,5,"3:20 PM","0:36",null,null,"Porter 5' Jump Shot (5 PTS) (Wall 8 AST)","89 - 82","-7"],["0041400131",550,9,1,5,"3:20 PM","0:36","RAPTORS Timeout: Regular (Full 8 Short 3)",null,null,null,null],["0041400131",553,2,1,5,"3:22 PM","0:33","MISS Williams 24' 3PT Jump Shot",null,null,null,null],["0041400131",554,4,0,5,"3:22 PM","0:32","Patterson REBOUND (Off:1 Def:4)",null,null,null,null],["0041400131",555,1,49,5,"3:22 PM","0:29","DeRozan  Driving Dunk (15 PTS) (Johnson 1 AST)",null,null,"89 - 84","-5"],["0041400131",556,9,1,5,"3:22 PM","0:29",null,null,"Wizards Timeout: Regular (Reg.6 Short 0)",null,null],["0041400131",557,8,0,5,"3:24 PM","0:29","SUB: Ross FOR Johnson",null,null,null,null],["0041400131",558,8,0,5,"3:24 PM","0:29",null,null,"SUB: Sessions FOR Nene",null,null],["0041400131",559,9,2,5,"3:25 PM","0:27",null,null,"Wizards Timeout: Short (Reg.6 Short 1)",null,null],["0041400131",562,1,5,5,"3:26 PM","0:25",null,null,"Wall 3' Layup (10 PTS) (Porter 1 AST)","91 - 84","-7"],["0041400131",563,5,1,5,"3:26 PM","0:16","Patterson Bad Pass Turnover (P1.T12)",null,"Beal STEAL (1 STL)",null,null],["0041400131",564,6,1,5,"3:26 PM","0:16","Vasquez P.FOUL (P4.T2) (J.Tiven)",null,null,null,null],["0041400131",566,6,1,5,"3:27 PM","0:14","DeRozan P.FOUL (P3.PN) (J.Tiven)",null,null,null,null],["0041400131",567,3,11,5,"3:27 PM","0:14",null,null,"Pierce Free Throw 1 of 2 (19 PTS)","92 - 84","-8"],["0041400131",569,3,12,5,"3:27 PM","0:14",null,null,"Pierce Free Throw 2 of 2 (20 PTS)","93 - 84","-9"],["0041400131",571,1,42,5,"3:28 PM","0:07","Vasquez 2' Driving Layup (10 PTS)",null,null,"93 - 86","-7"],["0041400131",573,13,0,5,"3:28 PM","0:00",null,null,null,"93 - 86","-7"]]},{"name":"AvailableVideo","headers":["VIDEO_AVAILABLE_FLAG"],"rowSet":[[1]]}]}