{"resource":"playbyplay","parameters":{"GameID":"0041400222","StartPeriod":0,"EndPeriod":14},"resultSets":[{"name":"PlayByPlay","headers":["GAME_ID","EVENTNUM","EVENTMSGTYPE","EVENTMSGACTIONTYPE","PERIOD","WCTIMESTRING","PCTIMESTRING","HOMEDESCRIPTION","NEUTRALDESCRIPTION","VISITORDESCRIPTION","SCORE","SCOREMARGIN"],"rowSet":[["0041400222",0,12,0,1,"10:47 PM","12:00",null,null,null,null,null],["0041400222",1,10,0,1,"10:47 PM","12:00","Jump Ball Bogut vs. Gasol: Tip to Conley",null,null,null,null],["0041400222",2,1,65,1,"10:47 PM","11:37",null,null,"Randolph 8' Jump Hook Shot (2 PTS) (Gasol 1 AST)","2 - 0","-2"],["0041400222",3,6,4,1,"10:47 PM","11:17","Green OFF.Foul (P1) (S.Foster)",null,null,null,null],["0041400222",4,5,5,1,"10:47 PM","11:17","Green Foul Turnover (P1.T1)",null,null,null,null],["0041400222",5,2,1,1,"10:48 PM","10:55",null,null,"MISS Gasol 18' Jump Shot",null,null],["0041400222",6,4,0,1,"10:48 PM","10:54","Bogut REBOUND (Off:0 Def:1)",null,null,null,null],["0041400222",7,1,79,1,"10:48 PM","10:39","Thompson 17' Pullup Jump Shot (2 PTS) (Curry 1 AST)",null,null,"2 - 2","TIE"],["0041400222",8,2,46,1,"10:49 PM","10:16",null,null,"MISS Randolph 8' Running Jump Shot",null,null],["0041400222",9,4,0,1,"10:49 PM","10:15","Bogut REBOUND (Off:0 Def:2)",null,null,null,null],["0041400222",10,1,80,1,"10:49 PM","10:06","Curry 23' Step Back Jump Shot (2 PTS)",null,null,"2 - 4","2"],["0041400222",11,1,79,1,"10:49 PM","9:56",null,null,"Conley 26' 3PT Pullup Jump Shot (3 PTS)","5 - 4","-1"],["0041400222",12,6,1,1,"10:49 PM","9:39",null,null,"Randolph P.FOUL (P1.T1) (J.Phillips)",null,null],["0041400222",13,2,1,1,"10:50 PM","9:27","MISS Green 27' 3PT Jump Shot",null,null,null,null],["0041400222",14,4,0,1,"10:50 PM","9:26",null,null,"Allen REBOUND (Off:0 Def:1)",null,null],["0041400222",15,1,46,1,"10:50 PM","9:11",null,null,"Conley 12' Running Jump Shot (5 PTS)","7 - 4","-3"],["0041400222",16,5,1,1,"10:50 PM","8:55","Green Bad Pass Turnover (P2.T2)",null,"Allen STEAL (1 STL)",null,null],["0041400222",17,6,2,1,"10:51 PM","8:51","Green S.FOUL (P2.T1) (S.Foster)",null,null,null,null],["0041400222",18,6,11,1,"10:51 PM","8:51","Green T.FOUL (P2.T1) (S.Foster)",null,null,null,null],["0041400222",19,3,16,1,"10:51 PM","8:51",null,null,"Lee Free Throw Technical (1 PTS)","8 - 4","-4"],["0041400222",21,8,0,1,"10:51 PM","8:51","SUB: Lee FOR Green",null,null,null,null],["0041400222",22,3,11,1,"10:52 PM","8:51",null,null,"Randolph Free Throw 1 of 2 (3 PTS)","9 - 4","-5"],["0041400222",24,3,12,1,"10:52 PM","8:51",null,null,"Randolph Free Throw 2 of 2 (4 PTS)","10 - 4","-6"],["0041400222",26,1,46,1,"10:52 PM","8:36","Bogut 10' Running Jump Shot (2 PTS) (Curry 2 AST)",null,null,"10 - 6","-4"],["0041400222",27,2,46,1,"10:52 PM","8:17","Bogut BLOCK (1 BLK)",null,"MISS Lee 10' Running Jump Shot",null,null],["0041400222",28,4,0,1,"10:53 PM","8:17",null,null,"Grizzlies Rebound",null,null],["0041400222",29,2,63,1,"10:53 PM","8:11",null,null,"MISS Randolph 13' Fadeaway Jumper",null,null],["0041400222",30,4,0,1,"10:53 PM","8:10","Curry REBOUND (Off:0 Def:1)",null,null,null,null],["0041400222",31,5,1,1,"10:53 PM","7:59","Curry Bad Pass Turnover (P1.T3)",null,"Lee STEAL (1 STL)",null,null],["0041400222",32,1,79,1,"10:53 PM","7:51",null,null,"Conley 16' Pullup Jump Shot (7 PTS)","12 - 6","-6"],["0041400222",33,6,2,1,"10:53 PM","7:42",null,null,"Gasol S.FOUL (P1.T2) (S.Foster)",null,null],["0041400222",34,3,11,1,"10:54 PM","7:42","Barnes Free Throw 1 of 2 (1 PTS)",null,null,"12 - 7","-5"],["0041400222",36,3,12,1,"10:54 PM","7:42","Barnes Free Throw 2 of 2 (2 PTS)",null,null,"12 - 8","-4"],["0041400222",38,1,46,1,"10:54 PM","7:23",null,null,"Conley 15' Running Jump Shot (9 PTS)","14 - 8","-6"],["0041400222",39,2,80,1,"10:55 PM","7:06","MISS Barnes 14' Step Back Jump Shot",null,null,null,null],["0041400222",40,4,0,1,"10:55 PM","7:05",null,null,"Gasol REBOUND (Off:0 Def:1)",null,null],["0041400222",41,2,1,1,"10:55 PM","6:48",null,null,"MISS Randolph 20' Jump Shot",null,null],["0041400222",42,4,0,1,"10:55 PM","6:47","Lee REBOUND (Off:0 Def:1)",null,null,null,null],["0041400222",43,2,77,1,"10:55 PM","6:41","MISS Lee 3' Driving Jump Shot",null,null,null,null],["0041400222",44,4,0,1,"10:55 PM","6:39",null,null,"Randolph REBOUND (Off:0 Def:1)",null,null],["0041400222",45,2,56,1,"10:55 PM","6:35",null,null,"MISS Lee 6' Running Hook Shot",null,null],["0041400222",46,4,0,1,"10:55 PM","6:33","Barnes REBOUND (Off:0 Def:1)",null,null,null,null],["0041400222",47,1,80,1,"10:55 PM","6:22","Curry 28' 3PT Step Back Jump Shot (5 PTS) (Bogut 1 AST)",null,null,"14 - 11","-3"],["0041400222",48,6,26,1,"10:56 PM","5:53",null,null,"Gasol Offensive Charge Foul (P2.T3) (S.Foster)",null,null],["0041400222",49,5,5,1,"10:56 PM","5:53",null,null,"Gasol Foul Turnover (P1.T1)",null,null],["0041400222",50,9,1,1,"10:56 PM","5:53","WARRIORS Timeout: Regular (Full 1 Short 0)",null,null,null,null],["0041400222",51,18,1,1,"10:57 PM","5:53",null,null,null,null,null],["0041400222",53,8,0,1,"10:59 PM","5:53",null,null,"SUB: Udrih FOR Conley",null,null],["0041400222",54,8,0,1,"10:59 PM","5:53",null,null,"SUB: Koufos FOR Gasol",null,null],["0041400222",55,8,0,1,"10:59 PM","5:53","SUB: Iguodala FOR Barnes",null,null,null,null],["0041400222",56,2,58,1,"11:00 PM","5:34","MISS Lee 9' Turnaround Hook Shot",null,null,null,null],["0041400222",57,4,0,1,"11:00 PM","5:33",null,null,"Randolph REBOUND (Off:0 Def:2)",null,null],["0041400222",58,1,66,1,"11:00 PM","5:12",null,null,"Randolph 5' Jump Bank Shot (6 PTS)","16 - 11","-5"],["0041400222",59,6,1,1,"11:00 PM","5:04",null,null,"Allen P.FOUL (P1.T4) (J.Phillips)",null,null],["0041400222",60,8,0,1,"11:01 PM","5:04","SUB: Ezeli FOR Bogut",null,null,null,null],["0041400222",61,6,2,1,"11:01 PM","4:58",null,null,"Randolph S.FOUL (P2.PN) (B.Kennedy)",null,null],["0041400222",62,3,11,1,"11:01 PM","4:58","MISS Lee Free Throw 1 of 2",null,null,null,null],["0041400222",63,4,1,1,"11:01 PM","4:58","WARRIORS Rebound",null,null,null,null],["0041400222",64,3,12,1,"11:01 PM","4:58","Lee Free Throw 2 of 2 (1 PTS)",null,null,"16 - 12","-4"],["0041400222",66,2,1,1,"11:02 PM","4:45",null,null,"MISS Randolph 13' Jump Shot",null,null],["0041400222",67,4,0,1,"11:02 PM","4:43","Lee REBOUND (Off:0 Def:2)",null,null,null,null],["0041400222",68,5,2,1,"11:02 PM","4:36","Thompson Lost Ball Turnover (P1.T4)",null,"Udrih STEAL (1 STL)",null,null],["0041400222",69,2,42,1,"11:02 PM","4:31",null,null,"MISS Allen 2' Driving Layup",null,null],["0041400222",70,4,0,1,"11:02 PM","4:28",null,null,"Allen REBOUND (Off:1 Def:1)",null,null],["0041400222",71,1,85,1,"11:02 PM","4:13",null,null,"Randolph 8' Turnaround Bank Shot (8 PTS) (Allen 1 AST)","18 - 12","-6"],["0041400222",72,2,1,1,"11:02 PM","4:01","MISS Curry 18' Jump Shot",null,null,null,null],["0041400222",73,4,0,1,"11:02 PM","3:59",null,null,"Koufos REBOUND (Off:0 Def:1)",null,null],["0041400222",74,1,65,1,"11:03 PM","3:48",null,null,"Koufos 7' Jump Hook Shot (2 PTS) (Udrih 1 AST)","20 - 12","-8"],["0041400222",75,6,2,1,"11:03 PM","3:41",null,null,"Koufos S.FOUL (P1.PN) (J.Phillips)",null,null],["0041400222",76,3,11,1,"11:03 PM","3:41","Ezeli Free Throw 1 of 2 (1 PTS)",null,null,"20 - 13","-7"],["0041400222",78,8,0,1,"11:03 PM","3:41",null,null,"SUB: Green FOR Allen",null,null],["0041400222",79,8,0,1,"11:03 PM","3:41","SUB: Barbosa FOR Thompson",null,null,null,null],["0041400222",80,8,0,1,"11:04 PM","3:41","SUB: Barnes FOR Lee",null,null,null,null],["0041400222",81,3,12,1,"11:04 PM","3:41","MISS Ezeli Free Throw 2 of 2",null,null,null,null],["0041400222",83,4,0,1,"11:04 PM","3:40",null,null,"Randolph REBOUND (Off:0 Def:3)",null,null],["0041400222",84,2,1,1,"11:04 PM","3:26",null,null,"MISS Koufos 6' Jump Shot",null,null],["0041400222",85,4,0,1,"11:04 PM","3:26","Curry REBOUND (Off:0 Def:2)",null,null,null,null],["0041400222",86,2,1,1,"11:04 PM","3:18","MISS Curry 7' Jump Shot",null,null,null,null],["0041400222",87,4,0,1,"11:04 PM","3:17",null,null,"Udrih REBOUND (Off:0 Def:1)",null,null],["0041400222",88,2,1,1,"11:04 PM","3:09",null,null,"MISS Koufos 7' Jump Shot",null,null],["0041400222",89,4,0,1,"11:04 PM","3:08","Barnes REBOUND (Off:0 Def:2)",null,null,null,null],["0041400222",90,2,5,1,"11:04 PM","3:02","MISS Barbosa 2' Layup",null,null,null,null],["0041400222",91,4,0,1,"11:04 PM","3:00",null,null,"Koufos REBOUND (Off:0 Def:2)",null,null],["0041400222",92,6,2,1,"11:05 PM","2:56","Barbosa S.FOUL (P1.T2) (J.Phillips)",null,null,null,null],["0041400222",93,9,1,1,"11:05 PM","2:56",null,null,"Grizzlies Timeout: Regular (Reg.1 Short 0)",null,null],["0041400222",95,3,11,1,"11:08 PM","2:56",null,null,"Randolph Free Throw 1 of 2 (9 PTS)","21 - 13","-8"],["0041400222",97,3,12,1,"11:08 PM","2:56",null,null,"Randolph Free Throw 2 of 2 (10 PTS)","22 - 13","-9"],["0041400222",99,2,1,1,"11:09 PM","2:39","MISS Iguodala 12' Jump Shot",null,null,null,null],["0041400222",100,4,0,1,"11:09 PM","2:38",null,null,"Grizzlies Rebound",null,null],["0041400222",101,8,0,1,"11:09 PM","2:37",null,null,"SUB: Carter FOR Randolph",null,null],["0041400222",102,1,85,1,"11:09 PM","2:22",null,null,"Green 6' Turnaround Bank Shot (2 PTS) (Carter 1 AST)","24 - 13","-11"],["0041400222",103,1,88,1,"11:09 PM","2:11","Barnes  Driving Slam Dunk (4 PTS) (Curry 3 AST)",null,null,"24 - 15","-9"],["0041400222",104,2,1,1,"11:10 PM","1:57",null,null,"MISS Udrih 26' 3PT Jump Shot",null,null],["0041400222",105,4,0,1,"11:10 PM","1:56","Barnes REBOUND (Off:0 Def:3)",null,null,null,null],["0041400222",106,1,42,1,"11:10 PM","1:48","Curry 2' Driving Layup (7 PTS)",null,null,"24 - 17","-7"],["0041400222",107,1,42,1,"11:10 PM","1:34",null,null,"Lee 1' Driving Layup (3 PTS) (Udrih 2 AST)","26 - 17","-9"],["0041400222",108,1,80,1,"11:10 PM","1:21","Iguodala 27' 3PT Step Back Jump Shot (3 PTS) (Curry 4 AST)",null,null,"26 - 20","-6"],["0041400222",109,2,79,1,"11:11 PM","1:04",null,null,"MISS Udrih 20' Pullup Jump Shot",null,null],["0041400222",110,4,0,1,"11:11 PM","1:03","Barnes REBOUND (Off:0 Def:4)",null,null,null,null],["0041400222",111,1,46,1,"11:11 PM","0:49","Barbosa 14' Running Jump Shot (2 PTS)",null,null,"26 - 22","-4"],["0041400222",112,2,42,1,"11:11 PM","0:29",null,null,"MISS Lee 2' Driving Layup",null,null],["0041400222",113,4,0,1,"11:11 PM","0:28",null,null,"Grizzlies Rebound",null,null],["0041400222",114,1,73,1,"11:12 PM","0:12",null,null,"Udrih 3' Driving Reverse Layup (2 PTS)","28 - 22","-6"],["0041400222",115,2,1,1,"11:12 PM","0:02","MISS Barnes  3PT Jump Shot",null,null,null,null],["0041400222",116,4,0,1,"11:12 PM","0:00","WARRIORS Rebound",null,null,null,null],["0041400222",117,13,0,1,"11:12 PM","0:00",null,null,null,"28 - 22","-6"],["0041400222",118,12,0,2,"11:16 PM","12:00",null,null,null,"28 - 22","-6"],["0041400222",119,5,2,2,"11:16 PM","11:38","Barbosa Lost Ball Turnover (P1.T5)",null,"Udrih STEAL (2 STL)",null,null],["0041400222",120,5,2,2,"11:17 PM","11:21","Livingston STEAL (1 STL)",null,"Green Lost Ball Turnover (P1.T2)",null,null],["0041400222",121,1,73,2,"11:17 PM","11:17","Barbosa 2' Driving Reverse Layup (4 PTS) (Livingston 1 AST)",null,null,"28 - 24","-4"],["0041400222",122,6,2,2,"11:17 PM","11:17",null,null,"Carter S.FOUL (P1.T1) (J.Phillips)",null,null],["0041400222",123,3,10,2,"11:17 PM","11:17","Barbosa Free Throw 1 of 1 (5 PTS)",null,null,"28 - 25","-3"],["0041400222",125,6,1,2,"11:18 PM","11:04","Livingston P.FOUL (P1.T1) (S.Foster)",null,null,null,null],["0041400222",126,2,79,2,"11:18 PM","10:51",null,null,"MISS Udrih 18' Pullup Jump Shot",null,null],["0041400222",127,4,0,2,"11:18 PM","10:50","Barbosa REBOUND (Off:0 Def:1)",null,null,null,null],["0041400222",128,2,79,2,"11:18 PM","10:42","MISS Green 28' 3PT Pullup Jump Shot",null,null,null,null],["0041400222",129,4,0,2,"11:18 PM","10:41",null,null,"Carter REBOUND (Off:0 Def:1)",null,null],["0041400222",130,1,42,2,"11:18 PM","10:28",null,null,"Gasol 2' Driving Layup (2 PTS)","30 - 25","-5"],["0041400222",131,1,79,2,"11:19 PM","10:09","Barbosa 25' 3PT Pullup Jump Shot (8 PTS) (Iguodala 1 AST)",null,null,"30 - 28","-2"],["0041400222",132,6,1,2,"11:19 PM","9:57","Speights P.FOUL (P1.T2) (B.Kennedy)",null,null,null,null],["0041400222",133,8,0,2,"11:19 PM","9:57",null,null,"SUB: Conley FOR Udrih",null,null],["0041400222",135,2,79,2,"11:20 PM","9:43",null,null,"MISS Conley 27' 3PT Pullup Jump Shot",null,null],["0041400222",136,4,0,2,"11:20 PM","9:42","Green REBOUND (Off:0 Def:1)",null,null,null,null],["0041400222",137,2,65,2,"11:20 PM","9:33","MISS Speights 12' Jump Hook Shot",null,null,null,null],["0041400222",138,4,0,2,"11:20 PM","9:32",null,null,"Carter REBOUND (Off:0 Def:2)",null,null],["0041400222",139,1,58,2,"11:20 PM","9:19",null,null,"Gasol 11' Turnaround Hook Shot (4 PTS) (Carter 2 AST)","32 - 28","-4"],["0041400222",140,6,2,2,"11:21 PM","9:12",null,null,"Conley S.FOUL (P1.T2) (B.Kennedy)",null,null],["0041400222",141,3,11,2,"11:21 PM","9:12","Speights Free Throw 1 of 2 (1 PTS)",null,null,"32 - 29","-3"],["0041400222",143,3,12,2,"11:21 PM","9:12","Speights Free Throw 2 of 2 (2 PTS)",null,null,"32 - 30","-2"],["0041400222",145,6,1,2,"11:22 PM","8:54","Barbosa P.FOUL (P2.T3) (S.Foster)",null,null,null,null],["0041400222",146,9,4,2,"11:22 PM","8:54",null,null,null,null,null],["0041400222",148,8,0,2,"11:24 PM","8:54","SUB: Thompson FOR Barbosa",null,null,null,null],["0041400222",149,2,79,2,"11:25 PM","8:41",null,null,"MISS Green 27' 3PT Pullup Jump Shot",null,null],["0041400222",150,4,0,2,"11:25 PM","8:40","Speights REBOUND (Off:0 Def:1)",null,null,null,null],["0041400222",151,5,4,2,"11:25 PM","8:24","Livingston Traveling Turnover (P1.T6)",null,null,null,null],["0041400222",152,8,0,2,"11:26 PM","8:24",null,null,"SUB: Allen FOR Carter",null,null],["0041400222",153,1,46,2,"11:26 PM","8:05",null,null,"Green 10' Running Jump Shot (4 PTS)","34 - 30","-4"],["0041400222",154,5,1,2,"11:26 PM","7:54","Thompson Bad Pass Turnover (P2.T7)",null,"Koufos STEAL (1 STL)",null,null],["0041400222",155,1,46,2,"11:27 PM","7:37",null,null,"Conley 15' Running Jump Shot (11 PTS)","36 - 30","-6"],["0041400222",156,2,1,2,"11:27 PM","7:17","MISS Green 5' Jump Shot",null,"Koufos BLOCK (1 BLK)",null,null],["0041400222",157,4,0,2,"11:27 PM","7:16","Green REBOUND (Off:1 Def:1)",null,null,null,null],["0041400222",158,5,8,2,"11:27 PM","7:14","Speights 3 Second Violation Turnover (P1.T8)",null,null,null,null],["0041400222",159,8,0,2,"11:27 PM","7:14",null,null,"SUB: Carter FOR Koufos",null,null],["0041400222",160,8,0,2,"11:27 PM","7:14","SUB: Bogut FOR Speights",null,null,null,null],["0041400222",161,8,0,2,"11:27 PM","7:14","SUB: Curry FOR Iguodala",null,null,null,null],["0041400222",162,6,26,2,"11:28 PM","7:05",null,null,"Gasol Offensive Charge Foul (P3.T3) (S.Foster)",null,null],["0041400222",163,5,5,2,"11:28 PM","7:05",null,null,"Gasol Foul Turnover (P2.T3)",null,null],["0041400222",164,8,0,2,"11:28 PM","7:05",null,null,"SUB: Randolph FOR Gasol",null,null],["0041400222",165,2,86,2,"11:29 PM","6:45","MISS Livingston 13' Turnaround Fadeaway Shot",null,null,null,null],["0041400222",166,4,0,2,"11:29 PM","6:44",null,null,"Randolph REBOUND (Off:0 Def:4)",null,null],["0041400222",167,2,5,2,"11:29 PM","6:36",null,null,"MISS Carter 2' Layup",null,null],["0041400222",178,4,0,2,"11:29 PM","6:35",null,null,"Carter REBOUND (Off:1 Def:2)",null,null],["0041400222",179,2,53,2,"11:29 PM","6:35",null,null,"MISS Carter 1' Tip Shot",null,null],["0041400222",168,4,0,2,"11:29 PM","6:34","Green REBOUND (Off:1 Def:2)",null,null,null,null],["0041400222",169,2,79,2,"11:29 PM","6:29","MISS Thompson 25' 3PT Pullup Jump Shot",null,null,null,null],["0041400222",170,4,0,2,"11:29 PM","6:29",null,null,"Grizzlies Rebound",null,null],["0041400222",171,2,78,2,"11:29 PM","6:16",null,null,"MISS Conley 12' Floating Jump Shot",null,null],["0041400222",172,4,0,2,"11:29 PM","6:15","Green REBOUND (Off:1 Def:3)",null,null,null,null],["0041400222",173,2,79,2,"11:30 PM","6:03","MISS Curry 27' 3PT Pullup Jump Shot",null,null,null,null],["0041400222",174,4,0,2,"11:30 PM","6:02",null,null,"Carter REBOUND (Off:1 Def:3)",null,null],["0041400222",175,2,79,2,"11:30 PM","5:41",null,null,"MISS Green 25' 3PT Pullup Jump Shot",null,null],["0041400222",176,4,0,2,"11:30 PM","5:40","Bogut REBOUND (Off:0 Def:3)",null,null,null,null],["0041400222",177,9,1,2,"11:30 PM","5:35","WARRIORS Timeout: Regular (Full 2 Short 0)",null,null,null,null],["0041400222",181,1,8,2,"11:34 PM","5:24","Bogut  Slam Dunk (4 PTS) (Thompson 1 AST)",null,null,"36 - 32","-4"],["0041400222",182,9,1,2,"11:34 PM","4:58",null,null,"Grizzlies Timeout: Regular (Reg.2 Short 0)",null,null],["0041400222",183,18,0,2,"11:35 PM","4:58",null,null,null,null,null],["0041400222",186,8,0,2,"11:38 PM","4:58",null,null,"SUB: Lee FOR Carter",null,null],["0041400222",188,1,46,2,"11:38 PM","4:53",null,null,"Green 8' Running Jump Shot (6 PTS) (Randolph 1 AST)","38 - 32","-6"],["0041400222",189,1,79,2,"11:39 PM","4:39","Thompson 26' 3PT Pullup Jump Shot (5 PTS)",null,null,"38 - 35","-3"],["0041400222",190,5,1,2,"11:39 PM","4:25","Thompson STEAL (1 STL)",null,"Conley Bad Pass Turnover (P1.T4)",null,null],["0041400222",191,5,4,2,"11:39 PM","4:20","Livingston Traveling Turnover (P2.T9)",null,null,null,null],["0041400222",192,8,0,2,"11:39 PM","4:20","SUB: Barnes FOR Livingston",null,null,null,null],["0041400222",193,2,79,2,"11:40 PM","4:04",null,null,"MISS Lee 24' 3PT Pullup Jump Shot",null,null],["0041400222",194,4,0,2,"11:40 PM","4:03","Thompson REBOUND (Off:0 Def:1)",null,null,null,null],["0041400222",195,2,1,2,"11:40 PM","3:53","MISS Thompson 26' 3PT Jump Shot",null,null,null,null],["0041400222",196,4,0,2,"11:40 PM","3:52","Bogut REBOUND (Off:1 Def:3)",null,null,null,null],["0041400222",197,2,51,2,"11:40 PM","3:47","MISS Thompson  Reverse Dunk",null,null,null,null],["0041400222",198,4,0,2,"11:40 PM","3:46",null,null,"Green REBOUND (Off:0 Def:1)",null,null],["0041400222",199,1,79,2,"11:40 PM","3:34",null,null,"Lee  3PT Pullup Jump Shot (6 PTS)","41 - 35","-6"],["0041400222",200,2,75,2,"11:40 PM","3:17","MISS Thompson 3' Driving Finger Roll Layup",null,null,null,null],["0041400222",201,4,0,2,"11:40 PM","3:16",null,null,"Green REBOUND (Off:0 Def:2)",null,null],["0041400222",202,2,1,2,"11:41 PM","3:06",null,null,"MISS Conley 26' 3PT Jump Shot",null,null],["0041400222",203,4,0,2,"11:41 PM","3:05","Bogut REBOUND (Off:1 Def:4)",null,null,null,null],["0041400222",204,9,2,2,"11:41 PM","3:00","WARRIORS Timeout: Short (Full 2 Short 1)",null,null,null,null],["0041400222",206,8,0,2,"11:42 PM","3:00",null,null,"SUB: Gasol FOR Conley",null,null],["0041400222",207,8,0,2,"11:42 PM","3:00",null,null,"SUB: Udrih FOR Green",null,null],["0041400222",208,2,79,2,"11:42 PM","2:49","MISS Thompson 24' 3PT Pullup Jump Shot",null,null,null,null],["0041400222",209,4,0,2,"11:42 PM","2:47",null,null,"Udrih REBOUND (Off:0 Def:2)",null,null],["0041400222",210,5,2,2,"11:42 PM","2:32","Bogut STEAL (1 STL)",null,"Udrih Lost Ball Turnover (P1.T5)",null,null],["0041400222",211,2,80,2,"11:43 PM","2:24","MISS Curry 26' 3PT Step Back Jump Shot",null,null,null,null],["0041400222",212,4,0,2,"11:43 PM","2:23",null,null,"Lee REBOUND (Off:0 Def:1)",null,null],["0041400222",213,5,1,2,"11:43 PM","2:05","Green STEAL (1 STL)",null,"Randolph Bad Pass Turnover (P1.T6)",null,null],["0041400222",214,1,73,2,"11:43 PM","1:59","Curry 2' Driving Reverse Layup (9 PTS) (Green 1 AST)",null,null,"41 - 37","-4"],["0041400222",215,2,46,2,"11:43 PM","1:46",null,null,"MISS Randolph 8' Running Jump Shot",null,null],["0041400222",216,4,0,2,"11:43 PM","1:45","Bogut REBOUND (Off:1 Def:5)",null,null,null,null],["0041400222",217,1,82,2,"11:43 PM","1:31","Green 7' Driving Bank Shot (2 PTS)",null,null,"41 - 39","-2"],["0041400222",218,9,2,2,"11:44 PM","1:25",null,null,"Grizzlies Timeout: Short (Reg.2 Short 1)",null,null],["0041400222",220,8,0,2,"11:45 PM","1:25","SUB: Iguodala FOR Green",null,null,null,null],["0041400222",221,1,80,2,"11:45 PM","1:15",null,null,"Gasol 14' Step Back Jump Shot (6 PTS) (Lee 1 AST)","43 - 39","-4"],["0041400222",222,2,79,2,"11:46 PM","0:55","MISS Thompson  3PT Pullup Jump Shot",null,null,null,null],["0041400222",223,4,0,2,"11:46 PM","0:54",null,null,"Udrih REBOUND (Off:0 Def:3)",null,null],["0041400222",224,1,65,2,"11:46 PM","0:45",null,null,"Allen 4' Jump Hook Shot (2 PTS)","45 - 39","-6"],["0041400222",225,5,1,2,"11:46 PM","0:38","Curry Bad Pass Turnover (P2.T10)",null,"Lee STEAL (2 STL)",null,null],["0041400222",226,1,42,2,"11:46 PM","0:34",null,null,"Allen 1' Driving Layup (4 PTS) (Randolph 2 AST)","47 - 39","-8"],["0041400222",227,6,2,2,"11:46 PM","0:34","Iguodala S.FOUL (P1.T4) (B.Kennedy)",null,null,null,null],["0041400222",228,8,0,2,"11:46 PM","0:34",null,null,"SUB: Green FOR Gasol",null,null],["0041400222",229,3,10,2,"11:47 PM","0:34",null,null,"Allen Free Throw 1 of 1 (5 PTS)","48 - 39","-9"],["0041400222",231,2,1,2,"11:47 PM","0:23","MISS Thompson 8' Jump Shot",null,null,null,null],["0041400222",232,4,0,2,"11:47 PM","0:21","Bogut REBOUND (Off:2 Def:5)",null,null,null,null],["0041400222",233,2,78,2,"11:47 PM","0:15","MISS Curry 6' Floating Jump Shot",null,null,null,null],["0041400222",234,4,0,2,"11:47 PM","0:14",null,null,"Green REBOUND (Off:0 Def:3)",null,null],["0041400222",235,1,79,2,"11:47 PM","0:02",null,null,"Udrih 14' Pullup Jump Shot (4 PTS)","50 - 39","-11"],["0041400222",236,2,79,2,"11:48 PM","0:00","MISS Curry 55' 3PT Pullup Jump Shot",null,null,null,null],["0041400222",237,4,0,2,"11:48 PM","0:00","WARRIORS Rebound",null,null,null,null],["0041400222",238,13,0,2,"11:48 PM","0:00",null,null,null,"50 - 39","-11"],["0041400222",240,12,0,3,"12:06 AM","12:00",null,null,null,"50 - 39","-11"],["0041400222",241,6,4,3,"12:06 AM","11:42","Bogut OFF.Foul (P1) (B.Kennedy)",null,null,null,null],["0041400222",242,5,5,3,"12:06 AM","11:42","Bogut Foul Turnover (P1.T11)",null,null,null,null],["0041400222",243,2,1,3,"12:07 AM","11:26","Thompson BLOCK (1 BLK)",null,"MISS Lee 16' Jump Shot",null,null],["0041400222",244,4,0,3,"12:07 AM","11:24","Thompson REBOUND (Off:0 Def:2)",null,null,null,null],["0041400222",245,2,5,3,"12:07 AM","11:13","MISS Bogut 1' Layup",null,null,null,null],["0041400222",247,4,0,3,"12:07 AM","11:12","Bogut REBOUND (Off:3 Def:5)",null,null,null,null],["0041400222",246,1,4,3,"12:07 AM","11:12","Bogut 1' Tip Shot (6 PTS)",null,null,"50 - 41","-9"],["0041400222",248,5,4,3,"12:07 AM","10:53",null,null,"Allen Traveling Turnover (P1.T7)",null,null],["0041400222",249,2,65,3,"12:08 AM","10:38","MISS Barnes 12' Jump Hook Shot",null,null,null,null],["0041400222",251,4,0,3,"12:08 AM","10:37","Bogut REBOUND (Off:4 Def:5)",null,null,null,null],["0041400222",250,1,4,3,"12:08 AM","10:37","Bogut 2' Tip Shot (8 PTS)",null,null,"50 - 43","-7"],["0041400222",252,1,79,3,"12:08 AM","10:09",null,null,"Conley 25' 3PT Pullup Jump Shot (14 PTS) (Gasol 2 AST)","53 - 43","-10"],["0041400222",253,2,79,3,"12:09 AM","9:51","MISS Curry 26' 3PT Pullup Jump Shot",null,null,null,null],["0041400222",254,4,0,3,"12:09 AM","9:50",null,null,"Gasol REBOUND (Off:0 Def:2)",null,null],["0041400222",255,2,1,3,"12:09 AM","9:32",null,null,"MISS Allen 24' 3PT Jump Shot",null,null],["0041400222",256,4,0,3,"12:09 AM","9:31","Green REBOUND (Off:1 Def:4)",null,null,null,null],["0041400222",257,6,2,3,"12:09 AM","9:27",null,null,"Lee S.FOUL (P1.T1) (S.Foster)",null,null],["0041400222",258,3,11,3,"12:09 AM","9:27","Green Free Throw 1 of 2 (3 PTS)",null,null,"53 - 44","-9"],["0041400222",260,3,12,3,"12:10 AM","9:27","Green Free Throw 2 of 2 (4 PTS)",null,null,"53 - 45","-8"],["0041400222",262,1,79,3,"12:10 AM","9:11",null,null,"Gasol 16' Pullup Jump Shot (8 PTS) (Conley 1 AST)","55 - 45","-10"],["0041400222",263,2,79,3,"12:10 AM","9:05","MISS Green 5' Pullup Jump Shot",null,null,null,null],["0041400222",264,4,0,3,"12:10 AM","9:03",null,null,"Randolph REBOUND (Off:0 Def:5)",null,null],["0041400222",265,1,63,3,"12:11 AM","8:38",null,null,"Randolph 17' Fadeaway Jumper (12 PTS) (Allen 2 AST)","57 - 45","-12"],["0041400222",266,5,4,3,"12:11 AM","8:20","Thompson Traveling Turnover (P3.T12)",null,null,null,null],["0041400222",267,1,79,3,"12:11 AM","8:03",null,null,"Gasol 12' Pullup Jump Shot (10 PTS) (Conley 2 AST)","59 - 45","-14"],["0041400222",268,9,1,3,"12:11 AM","8:03","WARRIORS Timeout: Regular (Full 3 Short 1)",null,null,null,null],["0041400222",270,5,1,3,"12:15 AM","7:48","Thompson Bad Pass Turnover (P4.T13)",null,"Gasol STEAL (1 STL)",null,null],["0041400222",271,9,1,3,"12:16 AM","7:27",null,null,"Grizzlies Timeout: Regular (Reg.3 Short 1)",null,null],["0041400222",272,2,46,3,"12:19 AM","7:24",null,null,"MISS Lee 16' Running Jump Shot",null,null],["0041400222",273,4,0,3,"12:19 AM","7:23","Bogut REBOUND (Off:4 Def:6)",null,null,null,null],["0041400222",274,5,2,3,"12:19 AM","7:21","Bogut Lost Ball Turnover (P2.T14)",null,"Allen STEAL (2 STL)",null,null],["0041400222",275,2,79,3,"12:19 AM","7:14",null,null,"MISS Conley 26' 3PT Pullup Jump Shot",null,null],["0041400222",276,4,0,3,"12:19 AM","7:13","Thompson REBOUND (Off:0 Def:3)",null,null,null,null],["0041400222",277,5,1,3,"12:19 AM","6:57","Barnes Bad Pass Turnover (P1.T15)",null,"Gasol STEAL (2 STL)",null,null],["0041400222",279,6,1,3,"12:20 AM","6:50","Barnes P.FOUL (P1.T1) (J.Phillips)",null,null,null,null],["0041400222",280,3,11,3,"12:20 AM","6:50",null,null,"Conley Free Throw 1 of 2 (15 PTS)","60 - 45","-15"],["0041400222",282,8,0,3,"12:21 AM","6:50","SUB: Iguodala FOR Bogut",null,null,null,null],["0041400222",283,3,12,3,"12:21 AM","6:50",null,null,"Conley Free Throw 2 of 2 (16 PTS)","61 - 45","-16"],["0041400222",285,1,85,3,"12:21 AM","6:35","Barnes 7' Turnaround Bank Shot (6 PTS) (Thompson 2 AST)",null,null,"61 - 47","-14"],["0041400222",286,5,15,3,"12:22 AM","6:09",null,null,"Allen Offensive Goaltending Turnover (P2.T8)",null,null],["0041400222",287,1,79,3,"12:22 AM","5:59","Iguodala 26' 3PT Pullup Jump Shot (6 PTS) (Curry 5 AST)",null,null,"61 - 50","-11"],["0041400222",288,2,1,3,"12:23 AM","5:30",null,null,"MISS Randolph 13' Jump Shot",null,null],["0041400222",289,4,0,3,"12:23 AM","5:29","Thompson REBOUND (Off:0 Def:4)",null,null,null,null],["0041400222",290,5,2,3,"12:23 AM","5:25","Thompson Lost Ball Turnover (P5.T16)",null,"Allen STEAL (3 STL)",null,null],["0041400222",291,6,2,3,"12:23 AM","5:21","Iguodala S.FOUL (P2.T2) (S.Foster)",null,null,null,null],["0041400222",292,3,11,3,"12:23 AM","5:21",null,null,"MISS Gasol Free Throw 1 of 2",null,null],["0041400222",293,4,1,3,"12:23 AM","5:21",null,null,"Grizzlies Rebound",null,null],["0041400222",294,8,0,3,"12:24 AM","5:21",null,null,"SUB: Udrih FOR Conley",null,null],["0041400222",295,3,12,3,"12:24 AM","5:21",null,null,"Gasol Free Throw 2 of 2 (11 PTS)","62 - 50","-12"],["0041400222",297,2,1,3,"12:24 AM","5:08","MISS Thompson 24' 3PT Jump Shot",null,"Allen BLOCK (1 BLK)",null,null],["0041400222",298,4,0,3,"12:24 AM","5:06",null,null,"Udrih REBOUND (Off:0 Def:4)",null,null],["0041400222",299,5,2,3,"12:24 AM","4:53","Green STEAL (2 STL)",null,"Randolph Lost Ball Turnover (P2.T9)",null,null],["0041400222",300,1,42,3,"12:24 AM","4:41","Barnes 2' Driving Layup (8 PTS) (Iguodala 2 AST)",null,null,"62 - 52","-10"],["0041400222",301,2,46,3,"12:25 AM","4:16",null,null,"MISS Lee 7' Running Jump Shot",null,null],["0041400222",302,4,0,3,"12:25 AM","4:15",null,null,"Randolph REBOUND (Off:1 Def:5)",null,null],["0041400222",303,1,80,3,"12:25 AM","4:11",null,null,"Lee 24' 3PT Step Back Jump Shot (9 PTS) (Randolph 3 AST)","65 - 52","-13"],["0041400222",304,6,2,3,"12:25 AM","4:03",null,null,"Udrih S.FOUL (P1.T2) (J.Phillips)",null,null],["0041400222",305,3,11,3,"12:26 AM","4:03","Curry Free Throw 1 of 2 (10 PTS)",null,null,"65 - 53","-12"],["0041400222",307,8,0,3,"12:26 AM","4:03",null,null,"SUB: Green FOR Randolph",null,null],["0041400222",308,8,0,3,"12:26 AM","4:03","SUB: Barbosa FOR Thompson",null,null,null,null],["0041400222",309,3,12,3,"12:26 AM","4:03","Curry Free Throw 2 of 2 (11 PTS)",null,null,"65 - 54","-11"],["0041400222",310,6,2,3,"12:26 AM","3:40","Green S.FOUL (P3.T3) (J.Phillips)",null,null,null,null],["0041400222",311,3,11,3,"12:27 AM","3:40",null,null,"Gasol Free Throw 1 of 2 (12 PTS)","66 - 54","-12"],["0041400222",313,8,0,3,"12:27 AM","3:40",null,null,"SUB: Carter FOR Allen",null,null],["0041400222",314,3,12,3,"12:27 AM","3:40",null,null,"Gasol Free Throw 2 of 2 (13 PTS)","67 - 54","-13"],["0041400222",316,1,79,3,"12:28 AM","3:33","Curry 25' 3PT Pullup Jump Shot (14 PTS) (Barbosa 1 AST)",null,null,"67 - 57","-10"],["0041400222",317,2,1,3,"12:28 AM","3:15",null,null,"MISS Gasol 8' Jump Shot",null,null],["0041400222",318,4,0,3,"12:28 AM","3:14","Curry REBOUND (Off:0 Def:3)",null,null,null,null],["0041400222",319,6,1,3,"12:28 AM","3:10",null,null,"Lee P.FOUL (P2.T3) (J.Phillips)",null,null],["0041400222",320,5,2,3,"12:29 AM","3:04","Barnes Lost Ball Turnover (P2.T17)",null,"Carter STEAL (1 STL)",null,null],["0041400222",321,2,42,3,"12:29 AM","2:58",null,null,"MISS Udrih 2' Driving Layup",null,null],["0041400222",323,4,0,3,"12:29 AM","2:57",null,null,"Green REBOUND (Off:1 Def:3)",null,null],["0041400222",322,1,72,3,"12:29 AM","2:57",null,null,"Green 2' Putback Layup (8 PTS)","69 - 57","-12"],["0041400222",324,2,79,3,"12:29 AM","2:36","MISS Barbosa 10' Pullup Jump Shot",null,null,null,null],["0041400222",325,4,0,3,"12:29 AM","2:35",null,null,"Carter REBOUND (Off:1 Def:4)",null,null],["0041400222",326,2,79,3,"12:29 AM","2:20",null,null,"MISS Lee  3PT Pullup Jump Shot",null,null],["0041400222",327,4,0,3,"12:29 AM","2:19","Iguodala REBOUND (Off:0 Def:1)",null,null,null,null],["0041400222",328,1,73,3,"12:29 AM","2:14","Curry 3' Driving Reverse Layup (16 PTS) (Iguodala 3 AST)",null,null,"69 - 59","-10"],["0041400222",329,1,80,3,"12:30 AM","1:55",null,null,"Carter 18' Step Back Jump Shot (2 PTS) (Gasol 3 AST)","71 - 59","-12"],["0041400222",330,6,2,3,"12:30 AM","1:43",null,null,"Udrih S.FOUL (P2.T4) (S.Foster)",null,null],["0041400222",331,3,11,3,"12:30 AM","1:43","Barbosa Free Throw 1 of 2 (9 PTS)",null,null,"71 - 60","-11"],["0041400222",333,3,12,3,"12:30 AM","1:43","Barbosa Free Throw 2 of 2 (10 PTS)",null,null,"71 - 61","-10"],["0041400222",335,2,1,3,"12:31 AM","1:23","Barnes BLOCK (1 BLK)",null,"MISS Udrih 8' Jump Shot",null,null],["0041400222",336,4,0,3,"12:31 AM","1:22",null,null,"Green REBOUND (Off:2 Def:3)",null,null],["0041400222",337,2,53,3,"12:31 AM","1:22",null,null,"MISS Green 2' Tip Shot",null,null],["0041400222",507,4,0,3,"12:31 AM","1:21",null,null,"Green REBOUND (Off:3 Def:3)",null,null],["0041400222",508,2,45,3,"12:31 AM","1:20",null,null,"MISS Green 3' Jump Shot",null,null],["0041400222",338,4,0,3,"12:31 AM","1:18","Green REBOUND (Off:1 Def:5)",null,null,null,null],["0041400222",339,1,42,3,"12:31 AM","1:14","Green 1' Driving Layup (6 PTS)",null,null,"71 - 63","-8"],["0041400222",340,5,2,3,"12:32 AM","0:52","Barnes STEAL (1 STL)",null,"Green Lost Ball Turnover (P2.T10)",null,null],["0041400222",341,2,79,3,"12:32 AM","0:47","MISS Curry 27' 3PT Pullup Jump Shot",null,null,null,null],["0041400222",342,4,0,3,"12:32 AM","0:46",null,null,"Udrih REBOUND (Off:0 Def:5)",null,null],["0041400222",343,5,40,3,"12:32 AM","0:38",null,null,"Gasol Out of Bounds Lost Ball Turnover (P3.T11)",null,null],["0041400222",344,8,0,3,"12:32 AM","0:38",null,null,"SUB: Allen FOR Gasol",null,null],["0041400222",345,2,79,3,"12:33 AM","0:31","MISS Green 25' 3PT Pullup Jump Shot",null,null,null,null],["0041400222",346,4,0,3,"12:33 AM","0:29",null,null,"Allen REBOUND (Off:1 Def:2)",null,null],["0041400222",347,2,1,3,"12:33 AM","0:06",null,null,"MISS Carter 28' 3PT Jump Shot",null,null],["0041400222",348,4,0,3,"12:33 AM","0:03",null,null,"Lee REBOUND (Off:1 Def:1)",null,null],["0041400222",349,1,86,3,"12:33 AM","0:02",null,null,"Lee 18' Turnaround Fadeaway (11 PTS)","73 - 63","-10"],["0041400222",350,13,0,3,"12:33 AM","0:00",null,null,null,"73 - 63","-10"],["0041400222",352,12,0,4,"12:37 AM","12:00",null,null,null,"73 - 63","-10"],["0041400222",353,1,63,4,"12:37 AM","11:39",null,null,"Randolph 15' Fadeaway Jumper (14 PTS) (Carter 3 AST)","75 - 63","-12"],["0041400222",354,2,79,4,"12:38 AM","11:27","MISS Barbosa 16' Pullup Jump Shot",null,null,null,null],["0041400222",355,4,0,4,"12:38 AM","11:26","Barbosa REBOUND (Off:1 Def:1)",null,null,null,null],["0041400222",356,1,42,4,"12:38 AM","11:25","Barbosa 2' Driving Layup (12 PTS)",null,null,"75 - 65","-10"],["0041400222",357,5,1,4,"12:38 AM","11:01",null,null,"Carter Bad Pass Turnover (P1.T12)",null,null],["0041400222",358,1,75,4,"12:38 AM","10:48","Barbosa 2' Driving Finger Roll Layup (14 PTS)",null,null,"75 - 67","-8"],["0041400222",359,2,1,4,"12:39 AM","10:31",null,null,"MISS Green 10' Jump Shot",null,null],["0041400222",360,4,0,4,"12:39 AM","10:30","Iguodala REBOUND (Off:0 Def:2)",null,null,null,null],["0041400222",361,6,2,4,"12:39 AM","10:25",null,null,"Randolph S.FOUL (P3.T1) (B.Kennedy)",null,null],["0041400222",362,3,11,4,"12:39 AM","10:25","MISS Green Free Throw 1 of 2",null,null,null,null],["0041400222",363,4,1,4,"12:39 AM","10:25","WARRIORS Rebound",null,null,null,null],["0041400222",364,3,12,4,"12:39 AM","10:25","Green Free Throw 2 of 2 (7 PTS)",null,null,"75 - 68","-7"],["0041400222",366,2,1,4,"12:40 AM","10:02",null,null,"MISS Udrih 15' Jump Shot",null,null],["0041400222",367,4,0,4,"12:40 AM","10:01",null,null,"Randolph REBOUND (Off:2 Def:5)",null,null],["0041400222",368,1,44,4,"12:40 AM","9:55",null,null,"Allen 2' Reverse Layup (7 PTS) (Randolph 4 AST)","77 - 68","-9"],["0041400222",369,2,79,4,"12:40 AM","9:49","MISS Barbosa 26' 3PT Pullup Jump Shot",null,null,null,null],["0041400222",370,4,0,4,"12:40 AM","9:48",null,null,"Allen REBOUND (Off:1 Def:3)",null,null],["0041400222",371,2,1,4,"12:40 AM","9:30",null,null,"MISS Randolph 8' Jump Shot",null,null],["0041400222",372,4,0,4,"12:40 AM","9:29","WARRIORS Rebound",null,null,null,null],["0041400222",373,6,3,4,"12:41 AM","9:29",null,null,"Allen L.B.FOUL (P2.T2) (S.Foster)",null,null],["0041400222",374,8,0,4,"12:41 AM","9:29","SUB: Curry FOR Barnes",null,null,null,null],["0041400222",376,5,1,4,"12:41 AM","9:15","Iguodala Bad Pass Turnover (P1.T18)",null,"Randolph STEAL (1 STL)",null,null],["0041400222",377,5,1,4,"12:41 AM","9:08",null,null,"Allen Bad Pass Turnover (P3.T13)",null,null],["0041400222",378,6,2,4,"12:42 AM","8:59",null,null,"Randolph S.FOUL (P4.T3) (J.Phillips)",null,null],["0041400222",379,9,4,4,"12:42 AM","8:59",null,null,null,null,null],["0041400222",380,8,0,4,"12:44 AM","8:59","SUB: Thompson FOR Barbosa",null,null,null,null],["0041400222",381,3,11,4,"12:45 AM","8:59","Green Free Throw 1 of 2 (8 PTS)",null,null,"77 - 69","-8"],["0041400222",383,3,12,4,"12:45 AM","8:59","Green Free Throw 2 of 2 (9 PTS)",null,null,"77 - 70","-7"],["0041400222",385,1,63,4,"12:45 AM","8:38",null,null,"Randolph 9' Fadeaway Jumper (16 PTS) (Green 1 AST)","79 - 70","-9"],["0041400222",386,2,79,4,"12:46 AM","8:19","MISS Curry 26' 3PT Pullup Jump Shot",null,null,null,null],["0041400222",387,4,0,4,"12:46 AM","8:18",null,null,"Carter REBOUND (Off:1 Def:5)",null,null],["0041400222",388,2,5,4,"12:46 AM","7:59",null,null,"MISS Allen 2' Layup",null,null],["0041400222",389,4,0,4,"12:46 AM","7:57","Green REBOUND (Off:1 Def:6)",null,null,null,null],["0041400222",390,6,2,4,"12:46 AM","7:42",null,null,"Udrih S.FOUL (P3.T4) (S.Foster)",null,null],["0041400222",391,3,11,4,"12:47 AM","7:42","MISS Iguodala Free Throw 1 of 2",null,null,null,null],["0041400222",392,4,1,4,"12:47 AM","7:42","WARRIORS Rebound",null,null,null,null],["0041400222",393,8,0,4,"12:47 AM","7:42",null,null,"SUB: Conley FOR Udrih",null,null],["0041400222",394,3,12,4,"12:47 AM","7:42","Iguodala Free Throw 2 of 2 (7 PTS)",null,null,"79 - 71","-8"],["0041400222",396,1,58,4,"12:47 AM","7:20",null,null,"Randolph 10' Turnaround Hook Shot (18 PTS)","81 - 71","-10"],["0041400222",397,6,2,4,"12:48 AM","7:08",null,null,"Allen S.FOUL (P3.PN) (S.Foster)",null,null],["0041400222",398,3,11,4,"12:48 AM","7:08","Curry Free Throw 1 of 2 (17 PTS)",null,null,"81 - 72","-9"],["0041400222",400,8,0,4,"12:48 AM","7:08","SUB: Bogut FOR Livingston",null,null,null,null],["0041400222",401,3,12,4,"12:48 AM","7:08","MISS Curry Free Throw 2 of 2",null,null,null,null],["0041400222",403,4,0,4,"12:49 AM","7:07",null,null,"Carter REBOUND (Off:1 Def:6)",null,null],["0041400222",404,2,65,4,"12:49 AM","6:52",null,null,"MISS Green 8' Jump Hook Shot",null,null],["0041400222",405,4,0,4,"12:49 AM","6:51","Curry REBOUND (Off:0 Def:4)",null,null,null,null],["0041400222",406,1,42,4,"12:49 AM","6:48","Thompson 2' Driving Layup (7 PTS) (Curry 6 AST)",null,null,"81 - 74","-7"],["0041400222",407,6,2,4,"12:50 AM","6:19","Bogut S.FOUL (P2.T1) (J.Phillips)",null,null,null,null],["0041400222",408,3,11,4,"12:50 AM","6:19",null,null,"Randolph Free Throw 1 of 2 (19 PTS)","82 - 74","-8"],["0041400222",410,8,0,4,"12:50 AM","6:19",null,null,"SUB: Gasol FOR Carter",null,null],["0041400222",412,8,0,4,"12:50 AM","6:19","SUB: Barnes FOR Iguodala",null,null,null,null],["0041400222",413,3,12,4,"12:51 AM","6:19",null,null,"Randolph Free Throw 2 of 2 (20 PTS)","83 - 74","-9"],["0041400222",415,1,79,4,"12:51 AM","6:08","Thompson 16' Pullup Jump Shot (9 PTS) (Bogut 2 AST)",null,null,"83 - 76","-7"],["0041400222",416,1,84,4,"12:51 AM","5:48",null,null,"Conley 16' Running Bank Shot (18 PTS)","85 - 76","-9"],["0041400222",417,5,1,4,"12:52 AM","5:37","Curry Bad Pass Turnover (P3.T19)",null,"Allen STEAL (4 STL)",null,null],["0041400222",418,1,88,4,"12:52 AM","5:34",null,null,"Allen  Driving Slam Dunk (9 PTS)","87 - 76","-11"],["0041400222",420,9,1,4,"12:52 AM","5:34","WARRIORS Timeout: Regular (Full 4 Short 1)",null,null,null,null],["0041400222",421,5,1,4,"12:56 AM","5:17","Green Bad Pass Turnover (P3.T20)",null,null,null,null],["0041400222",422,6,3,4,"12:56 AM","5:16","Thompson L.B.FOUL (P1.T2) (B.Kennedy)",null,null,null,null],["0041400222",423,2,1,4,"12:56 AM","5:00",null,null,"MISS Gasol 7' Jump Shot",null,null],["0041400222",424,4,0,4,"12:56 AM","4:58","Curry REBOUND (Off:0 Def:5)",null,null,null,null],["0041400222",425,1,82,4,"12:57 AM","4:41","Thompson 8' Driving Bank Shot (11 PTS)",null,null,"87 - 78","-9"],["0041400222",426,2,63,4,"12:57 AM","4:15",null,null,"MISS Randolph 19' Fadeaway Jumper",null,null],["0041400222",427,4,0,4,"12:57 AM","4:13","Green REBOUND (Off:1 Def:7)",null,null,null,null],["0041400222",428,2,79,4,"12:57 AM","4:04","MISS Curry 25' 3PT Pullup Jump Shot",null,null,null,null],["0041400222",429,4,0,4,"12:57 AM","4:02",null,null,"Gasol REBOUND (Off:0 Def:3)",null,null],["0041400222",430,6,1,4,"12:58 AM","3:47","Green P.FOUL (P4.T3) (S.Foster)",null,null,null,null],["0041400222",431,8,0,4,"12:58 AM","3:47",null,null,"SUB: Lee FOR Green",null,null],["0041400222",432,2,80,4,"12:58 AM","3:32",null,null,"MISS Randolph 20' Step Back Jump Shot",null,null],["0041400222",433,4,0,4,"12:58 AM","3:31","Bogut REBOUND (Off:4 Def:7)",null,null,null,null],["0041400222",434,1,78,4,"12:59 AM","3:15","Curry 4' Floating Jump Shot (19 PTS)",null,null,"87 - 80","-7"],["0041400222",435,9,1,4,"12:59 AM","3:15",null,null,"Grizzlies Timeout: Regular (Reg.4 Short 1)",null,null],["0041400222",437,2,80,4,"1:02 AM","2:53",null,null,"MISS Gasol 19' Step Back Jump Shot",null,null],["0041400222",438,4,0,4,"1:02 AM","2:52","Bogut REBOUND (Off:4 Def:8)",null,null,null,null],["0041400222",439,2,1,4,"1:03 AM","2:28","MISS Thompson 21' Jump Shot",null,null,null,null],["0041400222",441,4,0,4,"1:03 AM","2:27","Green REBOUND (Off:2 Def:7)",null,null,null,null],["0041400222",440,2,4,4,"1:03 AM","2:27","MISS Green 2' Tip Shot",null,null,null,null],["0041400222",442,4,0,4,"1:03 AM","2:26","Green REBOUND (Off:3 Def:7)",null,null,null,null],["0041400222",443,2,4,4,"1:03 AM","2:26","MISS Green 2' Tip Shot",null,null,null,null],["0041400222",505,4,0,4,"1:03 AM","2:25","Green REBOUND (Off:4 Def:7)",null,null,null,null],["0041400222",506,2,53,4,"1:03 AM","2:25","MISS Green 1' Tip Shot",null,null,null,null],["0041400222",444,4,0,4,"1:03 AM","2:23",null,null,"Gasol REBOUND (Off:0 Def:4)",null,null],["0041400222",445,1,79,4,"1:03 AM","2:13",null,null,"Conley 25' 3PT Pullup Jump Shot (21 PTS)","90 - 80","-10"],["0041400222",446,9,1,4,"1:03 AM","2:11","WARRIORS Timeout: Regular (Full 5 Short 1)",null,null,null,null],["0041400222",448,8,0,4,"1:05 AM","2:11","SUB: Iguodala FOR Bogut",null,null,null,null],["0041400222",449,6,2,4,"1:05 AM","1:56",null,null,"Gasol S.FOUL (P4.PN) (S.Foster)",null,null],["0041400222",450,3,11,4,"1:06 AM","1:56","Green Free Throw 1 of 2 (10 PTS)",null,null,"90 - 81","-9"],["0041400222",452,3,12,4,"1:06 AM","1:56","Green Free Throw 2 of 2 (11 PTS)",null,null,"90 - 82","-8"],["0041400222",454,2,1,4,"1:06 AM","1:38",null,null,"MISS Gasol 14' Jump Shot",null,null],["0041400222",455,4,0,4,"1:06 AM","1:37","Iguodala REBOUND (Off:0 Def:3)",null,null,null,null],["0041400222",456,2,79,4,"1:07 AM","1:22","MISS Barnes  3PT Pullup Jump Shot",null,null,null,null],["0041400222",457,4,0,4,"1:07 AM","1:22",null,null,"Gasol REBOUND (Off:0 Def:5)",null,null],["0041400222",458,6,1,4,"1:07 AM","1:19","Thompson P.FOUL (P2.T4) (B.Kennedy)",null,null,null,null],["0041400222",459,6,2,4,"1:07 AM","1:03","Green S.FOUL (P5.PN) (S.Foster)",null,null,null,null],["0041400222",460,3,11,4,"1:08 AM","1:03",null,null,"Gasol Free Throw 1 of 2 (14 PTS)","91 - 82","-9"],["0041400222",462,8,0,4,"1:08 AM","1:03",null,null,"SUB: Calathes FOR Conley",null,null],["0041400222",463,3,12,4,"1:08 AM","1:03",null,null,"Gasol Free Throw 2 of 2 (15 PTS)","92 - 82","-10"],["0041400222",465,9,1,4,"1:09 AM","1:03","WARRIORS Timeout: Regular (Full 6 Short 1)",null,null,null,null],["0041400222",467,8,0,4,"1:10 AM","1:03",null,null,"SUB: Green FOR Calathes",null,null],["0041400222",468,1,75,4,"1:10 AM","1:02","Thompson 3' Driving Finger Roll Layup (13 PTS)",null,null,"92 - 84","-8"],["0041400222",469,5,10,4,"1:11 AM","0:54",null,null,"Grizzlies Turnover: 8 Second Violation (T#14)",null,null],["0041400222",470,8,0,4,"1:11 AM","0:54",null,null,"SUB: Conley FOR Green",null,null],["0041400222",471,6,2,4,"1:12 AM","0:51",null,null,"Gasol S.FOUL (P5.PN) (B.Kennedy)",null,null],["0041400222",472,3,11,4,"1:12 AM","0:51","Green Free Throw 1 of 2 (12 PTS)",null,null,"92 - 85","-7"],["0041400222",474,3,12,4,"1:12 AM","0:51","MISS Green Free Throw 2 of 2",null,null,null,null],["0041400222",476,4,0,4,"1:12 AM","0:50",null,null,"Gasol REBOUND (Off:0 Def:6)",null,null],["0041400222",477,9,1,4,"1:12 AM","0:50",null,null,"Grizzlies Timeout: Regular (Reg.5 Short 1)",null,null],["0041400222",478,8,0,4,"1:14 AM","0:50",null,null,"SUB: Carter FOR Allen",null,null],["0041400222",479,1,42,4,"1:14 AM","0:40",null,null,"Lee 2' Driving Layup (13 PTS) (Conley 3 AST)","94 - 85","-9"],["0041400222",480,2,79,4,"1:14 AM","0:35","MISS Curry 28' 3PT Pullup Jump Shot",null,null,null,null],["0041400222",481,4,0,4,"1:14 AM","0:34",null,null,"Grizzlies Rebound",null,null],["0041400222",482,9,2,4,"1:15 AM","0:34",null,null,"Grizzlies Timeout: Short (Reg.5 Short 2)",null,null],["0041400222",483,6,28,4,"1:16 AM","0:33","Thompson Personal Take Foul (P3.PN) (J.Phillips)",null,null,null,null],["0041400222",484,3,11,4,"1:16 AM","0:33",null,null,"Conley Free Throw 1 of 2 (22 PTS)","95 - 85","-10"],["0041400222",486,8,0,4,"1:16 AM","0:33",null,null,"SUB: Allen FOR Carter",null,null],["0041400222",487,8,0,4,"1:16 AM","0:33",null,null,"SUB: Green FOR Randolph",null,null],["0041400222",488,3,12,4,"1:16 AM","0:33",null,null,"MISS Conley Free Throw 2 of 2",null,null],["0041400222",490,4,0,4,"1:17 AM","0:31","Green REBOUND (Off:4 Def:8)",null,null,null,null],["0041400222",491,1,42,4,"1:17 AM","0:27","Green 2' Driving Layup (14 PTS)",null,null,"95 - 87","-8"],["0041400222",492,6,28,4,"1:17 AM","0:26","Barnes Personal Take Foul (P2.PN) (J.Phillips)",null,null,null,null],["0041400222",493,3,11,4,"1:17 AM","0:26",null,null,"Lee Free Throw 1 of 2 (14 PTS)","96 - 87","-9"],["0041400222",495,3,12,4,"1:18 AM","0:26",null,null,"Lee Free Throw 2 of 2 (15 PTS)","97 - 87","-10"],["0041400222",497,2,79,4,"1:18 AM","0:19","MISS Curry 25' 3PT Pullup Jump Shot",null,null,null,null],["0041400222",498,4,0,4,"1:18 AM","0:18","WARRIORS Rebound",null,null,null,null],["0041400222",499,1,84,4,"1:18 AM","0:15","Barnes 6' Running Bank Shot (10 PTS)",null,null,"97 - 89","-8"],["0041400222",500,6,2,4,"1:18 AM","0:15",null,null,"Lee S.FOUL (P3.PN) (B.Kennedy)",null,null],["0041400222",501,3,10,4,"1:19 AM","0:15","Barnes Free Throw 1 of 1 (11 PTS)",null,null,"97 - 90","-7"],["0041400222",503,13,0,4,"1:19 AM","0:00",null,null,null,"97 - 90","-7"]]},{"name":"AvailableVideo","headers":["VIDEO_AVAILABLE_FLAG"],"rowSet":[[1]]}]}