{"resource":"playbyplay","parameters":{"GameID":"0041400112","StartPeriod":0,"EndPeriod":14},"resultSets":[{"name":"PlayByPlay","headers":["GAME_ID","EVENTNUM","EVENTMSGTYPE","EVENTMSGACTIONTYPE","PERIOD","WCTIMESTRING","PCTIMESTRING","HOMEDESCRIPTION","NEUTRALDESCRIPTION","VISITORDESCRIPTION","SCORE","SCOREMARGIN"],"rowSet":[["0041400112",0,12,0,1,"7:12 PM","12:00",null,null,null,null,null],["0041400112",1,10,0,1,"7:12 PM","12:00","Jump Ball Mozgov vs. Bass: Tip to Smart",null,null,null,null],["0041400112",55,5,1,1,"7:12 PM","11:48","Smith STEAL (1 STL)",null,"Zeller Bad Pass Turnover (P1.T1)",null,null],["0041400112",56,1,45,1,"7:12 PM","11:40","Love 26' 3PT Jump Shot (3 PTS) (James 1 AST)",null,null,"0 - 3","3"],["0041400112",58,6,2,1,"7:12 PM","11:26","Love S.FOUL (P1.T1) (B.Salvatore)",null,null,null,null],["0041400112",61,3,11,1,"7:12 PM","11:26",null,null,"Zeller Free Throw 1 of 2 (1 PTS)","1 - 3","2"],["0041400112",62,3,12,1,"7:12 PM","11:26",null,null,"MISS Zeller Free Throw 2 of 2",null,null],["0041400112",66,4,0,1,"7:12 PM","11:24","Love REBOUND (Off:0 Def:1)",null,null,null,null],["0041400112",2,1,5,1,"7:14 PM","11:05","Mozgov 1' Layup (2 PTS) (Irving 1 AST)",null,null,"1 - 5","4"],["0041400112",3,1,1,1,"7:14 PM","10:48",null,null,"Turner 15' Jump Shot (2 PTS) (Bass 1 AST)","3 - 5","2"],["0041400112",4,2,1,1,"7:15 PM","10:27","MISS Smith 26' 3PT Jump Shot",null,null,null,null],["0041400112",5,4,0,1,"7:15 PM","10:26",null,null,"Bass REBOUND (Off:0 Def:1)",null,null],["0041400112",6,7,5,1,"7:15 PM","10:19","Smith Violation:Kicked Ball (M.Davis)",null,null,null,null],["0041400112",7,1,7,1,"7:15 PM","10:06",null,null,"Zeller  Dunk (3 PTS) (Smart 1 AST)","5 - 5","TIE"],["0041400112",9,6,4,1,"7:16 PM","9:50","Mozgov OFF.Foul (P1) (B.Salvatore)",null,null,null,null],["0041400112",94,5,37,1,"7:16 PM","9:50","Mozgov Offensive Foul Turnover (P1.T1)",null,null,null,null],["0041400112",10,2,1,1,"7:16 PM","9:40",null,null,"MISS Turner 26' 3PT Jump Shot",null,null],["0041400112",12,4,0,1,"7:16 PM","9:37",null,null,"Bradley REBOUND (Off:1 Def:0)",null,null],["0041400112",11,2,5,1,"7:16 PM","9:37",null,null,"MISS Bradley 2' Layup",null,null],["0041400112",13,4,0,1,"7:16 PM","9:34","Smith REBOUND (Off:0 Def:1)",null,null,null,null],["0041400112",14,5,1,1,"7:17 PM","9:22","James Bad Pass Turnover (P1.T2)",null,"Bradley STEAL (1 STL)",null,null],["0041400112",15,2,5,1,"7:17 PM","9:16","Mozgov BLOCK (1 BLK)",null,"MISS Turner 3' Layup",null,null],["0041400112",17,4,0,1,"7:17 PM","9:12",null,null,"Zeller REBOUND (Off:1 Def:0)",null,null],["0041400112",16,1,56,1,"7:17 PM","9:12",null,null,"Zeller 4' Running Hook Shot (5 PTS)","7 - 5","-2"],["0041400112",18,1,1,1,"7:17 PM","8:55","James 26' 3PT Jump Shot (3 PTS) (Irving 2 AST)",null,null,"7 - 8","1"],["0041400112",19,2,1,1,"7:17 PM","8:37","Mozgov BLOCK (2 BLK)",null,"MISS Bradley 3' Jump Shot",null,null],["0041400112",20,4,0,1,"7:17 PM","8:35","Smith REBOUND (Off:0 Def:2)",null,null,null,null],["0041400112",22,2,40,1,"7:17 PM","8:35","MISS Mozgov 3' Layup",null,null,null,null],["0041400112",21,4,0,1,"7:17 PM","8:25","CAVALIERS Rebound",null,null,null,null],["0041400112",23,2,1,1,"7:18 PM","8:12","MISS Smith 15' Jump Shot",null,null,null,null],["0041400112",24,4,0,1,"7:18 PM","8:10",null,null,"Turner REBOUND (Off:0 Def:1)",null,null],["0041400112",25,2,5,1,"7:18 PM","8:09","Mozgov BLOCK (3 BLK)",null,"MISS Bass 1' Layup",null,null],["0041400112",26,4,0,1,"7:18 PM","8:09",null,null,"Bass REBOUND (Off:1 Def:1)",null,null],["0041400112",27,6,1,1,"7:18 PM","8:09","Irving P.FOUL (P1.T2) (M.Davis)",null,null,null,null],["0041400112",29,1,1,1,"7:18 PM","8:00",null,null,"Zeller 11' Jump Shot (7 PTS) (Bass 2 AST)","9 - 8","-1"],["0041400112",30,2,1,1,"7:19 PM","7:50","MISS Love 24' 3PT Jump Shot",null,"Bass BLOCK (1 BLK)",null,null],["0041400112",31,4,0,1,"7:19 PM","7:47",null,null,"Turner REBOUND (Off:0 Def:2)",null,null],["0041400112",32,6,2,1,"7:19 PM","7:41","Love S.FOUL (P2.T3) (M.Davis)",null,null,null,null],["0041400112",34,3,11,1,"7:19 PM","7:41",null,null,"Bass Free Throw 1 of 2 (1 PTS)","10 - 8","-2"],["0041400112",36,8,0,1,"7:19 PM","7:41","SUB: Thompson FOR Love",null,null,null,null],["0041400112",37,3,12,1,"7:19 PM","7:41",null,null,"Bass Free Throw 2 of 2 (2 PTS)","11 - 8","-3"],["0041400112",39,6,1,1,"7:20 PM","7:32",null,null,"Bradley P.FOUL (P1.T1) (B.Salvatore)",null,null],["0041400112",40,5,13,1,"7:20 PM","7:23","James Backcourt Turnover (P2.T3)",null,null,null,null],["0041400112",41,2,1,1,"7:21 PM","7:08",null,null,"MISS Bass 12' Jump Shot",null,null],["0041400112",42,4,0,1,"7:21 PM","7:07","James REBOUND (Off:0 Def:1)",null,null,null,null],["0041400112",43,2,1,1,"7:21 PM","6:52","MISS Smith 26' 3PT Jump Shot",null,null,null,null],["0041400112",44,4,0,1,"7:21 PM","6:52",null,null,"Turner REBOUND (Off:0 Def:3)",null,null],["0041400112",45,1,1,1,"7:21 PM","6:43",null,null,"Smart 19' Jump Shot (2 PTS)","13 - 8","-5"],["0041400112",46,6,1,1,"7:22 PM","6:22",null,null,"Bradley P.FOUL (P2.T2) (B.Salvatore)",null,null],["0041400112",47,8,0,1,"7:22 PM","6:22",null,null,"SUB: Thomas FOR Bradley",null,null],["0041400112",48,2,1,1,"7:22 PM","6:13","MISS James 19' Jump Shot",null,null,null,null],["0041400112",49,4,0,1,"7:22 PM","6:13",null,null,"Zeller REBOUND (Off:1 Def:1)",null,null],["0041400112",51,2,45,1,"7:22 PM","6:13",null,null,"MISS Turner 16' Jump Shot",null,null],["0041400112",50,4,0,1,"7:22 PM","6:01","Thompson REBOUND (Off:0 Def:1)",null,null,null,null],["0041400112",52,5,2,1,"7:23 PM","5:44","James Lost Ball Turnover (P3.T4)",null,"Bass STEAL (1 STL)",null,null],["0041400112",53,1,1,1,"7:23 PM","5:40",null,null,"Smart 25' 3PT Jump Shot (5 PTS) (Bass 3 AST)","16 - 8","-8"],["0041400112",54,9,1,1,"7:24 PM","5:40","CAVALIERS Timeout: Regular (Full 1 Short 0)",null,null,null,null],["0041400112",60,1,42,1,"7:27 PM","5:27","Irving 1' Driving Layup (2 PTS)",null,null,"16 - 10","-6"],["0041400112",63,2,1,1,"7:27 PM","5:09",null,null,"MISS Smart 19' Jump Shot",null,null],["0041400112",64,4,0,1,"7:27 PM","5:07","Thompson REBOUND (Off:0 Def:2)",null,null,null,null],["0041400112",65,1,5,1,"7:27 PM","5:02","Irving  Layup (4 PTS) (James 2 AST)",null,null,"16 - 12","-4"],["0041400112",67,5,1,1,"7:27 PM","4:57","Smith STEAL (2 STL)",null,"Thomas Bad Pass Turnover (P1.T2)",null,null],["0041400112",69,1,5,1,"7:28 PM","4:49","Mozgov 1' Layup (4 PTS) (James 3 AST)",null,null,"16 - 14","-2"],["0041400112",70,2,41,1,"7:28 PM","4:35",null,null,"MISS Zeller  Running Layup",null,null],["0041400112",71,4,0,1,"7:28 PM","4:29","Thompson REBOUND (Off:0 Def:3)",null,null,null,null],["0041400112",72,2,1,1,"7:28 PM","4:25","MISS Irving 26' 3PT Jump Shot",null,null,null,null],["0041400112",73,4,0,1,"7:28 PM","4:25","CAVALIERS Rebound",null,null,null,null],["0041400112",74,8,0,1,"7:28 PM","4:25",null,null,"SUB: Sullinger FOR Bass",null,null],["0041400112",75,2,1,1,"7:28 PM","4:19","MISS Mozgov 19' Jump Shot",null,null,null,null],["0041400112",76,4,0,1,"7:28 PM","4:17","Thompson REBOUND (Off:1 Def:3)",null,null,null,null],["0041400112",77,1,7,1,"7:29 PM","4:11","Mozgov  Dunk (6 PTS) (Thompson 1 AST)",null,null,"16 - 16","TIE"],["0041400112",78,2,1,1,"7:29 PM","3:52",null,null,"MISS Smart 26' 3PT Jump Shot",null,null],["0041400112",79,4,0,1,"7:29 PM","3:51",null,null,"Sullinger REBOUND (Off:1 Def:0)",null,null],["0041400112",80,2,47,1,"7:29 PM","3:46",null,null,"MISS Sullinger 5' Turnaround Jump Shot",null,null],["0041400112",81,4,0,1,"7:29 PM","3:43",null,null,"Zeller REBOUND (Off:2 Def:1)",null,null],["0041400112",82,1,56,1,"7:29 PM","3:41",null,null,"Zeller 4' Running Hook Shot (9 PTS)","18 - 16","-2"],["0041400112",83,1,1,1,"7:29 PM","3:28","Mozgov 17' Jump Shot (8 PTS) (James 4 AST)",null,null,"18 - 18","TIE"],["0041400112",84,2,1,1,"7:29 PM","3:14",null,null,"MISS Thomas 18' Jump Shot",null,null],["0041400112",85,4,0,1,"7:30 PM","3:12","Smith REBOUND (Off:0 Def:3)",null,null,null,null],["0041400112",86,2,1,1,"7:30 PM","3:05","MISS James 26' 3PT Jump Shot",null,null,null,null],["0041400112",87,4,0,1,"7:30 PM","3:03",null,null,"Turner REBOUND (Off:0 Def:4)",null,null],["0041400112",88,1,1,1,"7:30 PM","2:58",null,null,"Thomas 14' Jump Shot (2 PTS)","20 - 18","-2"],["0041400112",89,2,47,1,"7:30 PM","2:37","MISS Irving 15' Turnaround Jump Shot",null,null,null,null],["0041400112",90,4,0,1,"7:30 PM","2:35",null,null,"Zeller REBOUND (Off:2 Def:2)",null,null],["0041400112",93,9,1,1,"7:30 PM","2:34",null,null,"Celtics Timeout: Regular (Reg.1 Short 0)",null,null],["0041400112",96,8,0,1,"7:33 PM","2:34","SUB: Perkins FOR James",null,null,null,null],["0041400112",97,8,0,1,"7:33 PM","2:34","SUB: Shumpert FOR Mozgov",null,null,null,null],["0041400112",98,8,0,1,"7:33 PM","2:34",null,null,"SUB: Olynyk FOR Turner",null,null],["0041400112",99,8,0,1,"7:33 PM","2:34",null,null,"SUB: Crowder FOR Zeller",null,null],["0041400112",100,2,1,1,"7:34 PM","2:13",null,null,"MISS Crowder 26' 3PT Jump Shot",null,null],["0041400112",101,4,0,1,"7:34 PM","2:12","Irving REBOUND (Off:0 Def:1)",null,null,null,null],["0041400112",102,1,1,1,"7:34 PM","2:00","Irving 20' Jump Shot (6 PTS)",null,null,"20 - 20","TIE"],["0041400112",103,2,5,1,"7:34 PM","1:52","Irving BLOCK (1 BLK)",null,"MISS Crowder 1' Layup",null,null],["0041400112",104,4,0,1,"7:34 PM","1:50",null,null,"Crowder REBOUND (Off:1 Def:0)",null,null],["0041400112",105,1,1,1,"7:34 PM","1:47",null,null,"Sullinger 26' 3PT Jump Shot (3 PTS) (Crowder 1 AST)","23 - 20","-3"],["0041400112",109,10,0,1,"7:35 PM","1:25","Jump Ball Perkins vs. Sullinger: Tip to Thompson",null,null,null,null],["0041400112",107,2,1,1,"7:36 PM","1:19","MISS Smith 28' 3PT Jump Shot",null,null,null,null],["0041400112",108,4,0,1,"7:36 PM","1:17",null,null,"Sullinger REBOUND (Off:1 Def:1)",null,null],["0041400112",110,2,1,1,"7:36 PM","0:57",null,null,"MISS Smart 26' 3PT Jump Shot",null,null],["0041400112",111,4,0,1,"7:36 PM","0:56","Shumpert REBOUND (Off:0 Def:1)",null,null,null,null],["0041400112",112,1,1,1,"7:37 PM","0:49","Irving 28' 3PT Jump Shot (9 PTS)",null,null,"23 - 23","TIE"],["0041400112",113,2,1,1,"7:37 PM","0:40",null,null,"MISS Sullinger 26' 3PT Jump Shot",null,null],["0041400112",114,4,0,1,"7:37 PM","0:38","Shumpert REBOUND (Off:0 Def:2)",null,null,null,null],["0041400112",115,6,4,1,"7:37 PM","0:35","Irving OFF.Foul (P2) (M.Davis)",null,null,null,null],["0041400112",116,5,5,1,"7:37 PM","0:35","Irving Foul Turnover (P1.T5)",null,null,null,null],["0041400112",117,8,0,1,"7:37 PM","0:35","SUB: Dellavedova FOR Irving",null,null,null,null],["0041400112",118,2,1,1,"7:37 PM","0:29",null,null,"MISS Olynyk 27' 3PT Jump Shot",null,null],["0041400112",119,4,0,1,"7:37 PM","0:28",null,null,"Crowder REBOUND (Off:2 Def:0)",null,null],["0041400112",120,6,2,1,"7:38 PM","0:26","Smith S.FOUL (P1.T4) (M.Davis)",null,null,null,null],["0041400112",121,3,13,1,"7:38 PM","0:26",null,null,"Thomas Free Throw 1 of 3 (3 PTS)","24 - 23","-1"],["0041400112",123,3,14,1,"7:38 PM","0:26",null,null,"Thomas Free Throw 2 of 3 (4 PTS)","25 - 23","-2"],["0041400112",126,8,0,1,"7:38 PM","0:26",null,null,"SUB: Bass FOR Olynyk",null,null],["0041400112",127,8,0,1,"7:38 PM","0:26","SUB: James FOR Perkins",null,null,null,null],["0041400112",129,3,15,1,"7:39 PM","0:26",null,null,"Thomas Free Throw 3 of 3 (5 PTS)","26 - 23","-3"],["0041400112",132,6,2,1,"7:39 PM","0:06",null,null,"Thomas S.FOUL (P1.T3) (D.Crawford)",null,null],["0041400112",133,3,11,1,"7:39 PM","0:06","Dellavedova Free Throw 1 of 2 (1 PTS)",null,null,"26 - 24","-2"],["0041400112",135,8,0,1,"7:40 PM","0:06",null,null,"SUB: Olynyk FOR Bass",null,null],["0041400112",136,3,12,1,"7:40 PM","0:06","Dellavedova Free Throw 2 of 2 (2 PTS)",null,null,"26 - 25","-1"],["0041400112",139,5,2,1,"7:40 PM","0:01","Shumpert STEAL (1 STL)",null,"Thomas Lost Ball Turnover (P2.T3)",null,null],["0041400112",140,13,0,1,"7:40 PM","0:00",null,null,null,"26 - 25","-1"],["0041400112",142,12,0,2,"7:44 PM","12:00",null,null,null,"26 - 25","-1"],["0041400112",143,5,1,2,"7:44 PM","11:48","Love Bad Pass Turnover (P1.T6)",null,"Crowder STEAL (1 STL)",null,null],["0041400112",144,1,1,2,"7:44 PM","11:41",null,null,"Thomas 19' Jump Shot (7 PTS) (Sullinger 1 AST)","28 - 25","-3"],["0041400112",145,1,1,2,"7:44 PM","11:19","James 21' Jump Shot (5 PTS)",null,null,"28 - 27","-1"],["0041400112",146,2,79,2,"7:45 PM","10:56",null,null,"MISS Sullinger 11' Pullup Jump Shot",null,null],["0041400112",148,4,0,2,"7:45 PM","10:55",null,null,"Crowder REBOUND (Off:3 Def:0)",null,null],["0041400112",147,2,5,2,"7:45 PM","10:55","James BLOCK (1 BLK)",null,"MISS Crowder  Layup",null,null],["0041400112",149,4,0,2,"7:45 PM","10:54",null,null,"Thomas REBOUND (Off:1 Def:0)",null,null],["0041400112",150,1,1,2,"7:45 PM","10:51",null,null,"Bradley 26' 3PT Jump Shot (3 PTS) (Thomas 1 AST)","31 - 27","-4"],["0041400112",151,2,1,2,"7:45 PM","10:35","MISS James 26' 3PT Jump Shot",null,null,null,null],["0041400112",152,4,0,2,"7:45 PM","10:34",null,null,"Bradley REBOUND (Off:1 Def:1)",null,null],["0041400112",153,2,1,2,"7:45 PM","10:24",null,null,"MISS Crowder  3PT Jump Shot",null,null],["0041400112",154,4,0,2,"7:45 PM","10:24","CAVALIERS Rebound",null,null,null,null],["0041400112",156,1,1,2,"7:46 PM","10:01","Dellavedova 26' 3PT Jump Shot (5 PTS)",null,null,"31 - 30","-1"],["0041400112",157,1,42,2,"7:46 PM","9:36",null,null,"Crowder 3' Driving Layup (2 PTS) (Thomas 2 AST)","33 - 30","-3"],["0041400112",158,6,2,2,"7:47 PM","9:29",null,null,"Crowder S.FOUL (P1.T1) (M.Davis)",null,null],["0041400112",160,3,11,2,"7:47 PM","9:29","James Free Throw 1 of 2 (6 PTS)",null,null,"33 - 31","-2"],["0041400112",162,8,0,2,"7:47 PM","9:29",null,null,"SUB: Zeller FOR Sullinger",null,null],["0041400112",163,3,12,2,"7:47 PM","9:29","James Free Throw 2 of 2 (7 PTS)",null,null,"33 - 32","-1"],["0041400112",165,2,1,2,"7:48 PM","9:15",null,null,"MISS Thomas 26' 3PT Jump Shot",null,null],["0041400112",166,4,0,2,"7:48 PM","9:14","Thompson REBOUND (Off:1 Def:4)",null,null,null,null],["0041400112",167,6,27,2,"7:48 PM","9:00",null,null,"Zeller Personal Block Foul (P1.T2) (D.Crawford)",null,null],["0041400112",168,8,0,2,"7:48 PM","9:00",null,null,"SUB: Turner FOR Thomas",null,null],["0041400112",169,1,80,2,"7:48 PM","8:47","Shumpert 17' Step Back Jump Shot (2 PTS) (Love 1 AST)",null,null,"33 - 34","1"],["0041400112",170,1,63,2,"7:49 PM","8:23",null,null,"Olynyk 13' Fadeaway Jumper (2 PTS) (Turner 1 AST)","35 - 34","-1"],["0041400112",171,2,1,2,"7:49 PM","8:05","MISS Shumpert 24' 3PT Jump Shot",null,null,null,null],["0041400112",172,4,0,2,"7:49 PM","8:04","Love REBOUND (Off:1 Def:1)",null,null,null,null],["0041400112",173,2,44,2,"7:49 PM","8:01","MISS Shumpert 1' Reverse Layup",null,null,null,null],["0041400112",174,4,0,2,"7:49 PM","7:58",null,null,"Zeller REBOUND (Off:2 Def:3)",null,null],["0041400112",175,6,1,2,"7:49 PM","7:58","Dellavedova P.FOUL (P1.T1) (B.Salvatore)",null,null,null,null],["0041400112",176,9,4,2,"7:49 PM","7:58",null,null,null,null,null],["0041400112",179,8,0,2,"7:52 PM","7:58","SUB: Mozgov FOR Thompson",null,null,null,null],["0041400112",180,1,1,2,"7:53 PM","7:44",null,null,"Bradley 24' 3PT Jump Shot (6 PTS) (Crowder 2 AST)","38 - 34","-4"],["0041400112",182,2,52,2,"7:53 PM","7:24","MISS Mozgov  Alley Oop Dunk",null,null,null,null],["0041400112",183,4,0,2,"7:54 PM","7:23",null,null,"Olynyk REBOUND (Off:0 Def:1)",null,null],["0041400112",184,2,1,2,"7:54 PM","7:10",null,null,"MISS Crowder 18' Jump Shot",null,null],["0041400112",185,4,0,2,"7:54 PM","7:10","CAVALIERS Rebound",null,null,null,null],["0041400112",186,6,1,2,"7:54 PM","6:54",null,null,"Olynyk P.FOUL (P1.T3) (B.Salvatore)",null,null],["0041400112",187,8,0,2,"7:54 PM","6:54","SUB: Irving FOR Dellavedova",null,null,null,null],["0041400112",188,7,5,2,"7:55 PM","6:46",null,null,"Crowder Violation:Kicked Ball (D.Crawford)",null,null],["0041400112",190,2,1,2,"7:56 PM","6:35","MISS Love 27' 3PT Jump Shot",null,null,null,null],["0041400112",191,4,0,2,"7:56 PM","6:35",null,null,"Olynyk REBOUND (Off:0 Def:2)",null,null],["0041400112",192,1,1,2,"7:56 PM","6:17",null,null,"Olynyk 24' 3PT Jump Shot (5 PTS) (Turner 2 AST)","41 - 34","-7"],["0041400112",193,6,2,2,"7:56 PM","5:56",null,null,"Olynyk S.FOUL (P2.T4) (D.Crawford)",null,null],["0041400112",194,9,1,2,"7:56 PM","5:56","CAVALIERS Timeout: Regular (Full 2 Short 0)",null,null,null,null],["0041400112",197,8,0,2,"7:59 PM","5:56","SUB: Smith FOR Shumpert",null,null,null,null],["0041400112",198,3,13,2,"8:00 PM","5:56","MISS Love Free Throw 1 of 3",null,null,null,null],["0041400112",199,4,1,2,"8:00 PM","5:56","CAVALIERS Rebound",null,null,null,null],["0041400112",200,3,14,2,"8:00 PM","5:56","Love Free Throw 2 of 3 (4 PTS)",null,null,"41 - 35","-6"],["0041400112",202,3,15,2,"8:00 PM","5:56","Love Free Throw 3 of 3 (5 PTS)",null,null,"41 - 36","-5"],["0041400112",204,2,78,2,"8:01 PM","5:42",null,null,"MISS Bradley 7' Floating Jump Shot",null,null],["0041400112",205,4,0,2,"8:01 PM","5:42","James REBOUND (Off:0 Def:2)",null,null,null,null],["0041400112",206,2,1,2,"8:01 PM","5:21","MISS Irving 19' Jump Shot",null,null,null,null],["0041400112",207,4,0,2,"8:01 PM","5:18",null,null,"Bradley REBOUND (Off:1 Def:2)",null,null],["0041400112",208,1,1,2,"8:01 PM","5:10",null,null,"Turner 14' Jump Shot (4 PTS)","43 - 36","-7"],["0041400112",209,2,1,2,"8:02 PM","4:44","MISS James 25' 3PT Jump Shot",null,null,null,null],["0041400112",210,4,0,2,"8:02 PM","4:42",null,null,"Turner REBOUND (Off:0 Def:5)",null,null],["0041400112",211,1,5,2,"8:02 PM","4:38",null,null,"Bradley  Layup (8 PTS) (Turner 3 AST)","45 - 36","-9"],["0041400112",212,1,65,2,"8:02 PM","4:21","Mozgov 6' Jump Hook Shot (10 PTS) (Love 2 AST)",null,null,"45 - 38","-7"],["0041400112",213,5,1,2,"8:02 PM","4:06","Smith STEAL (3 STL)",null,"Turner Bad Pass Turnover (P1.T4)",null,null],["0041400112",214,1,7,2,"8:02 PM","4:02","Smith  Dunk (2 PTS)",null,null,"45 - 40","-5"],["0041400112",215,2,1,2,"8:03 PM","3:39",null,null,"MISS Zeller 4' Jump Shot",null,null],["0041400112",216,4,0,2,"8:03 PM","3:37","Love REBOUND (Off:1 Def:2)",null,null,null,null],["0041400112",217,5,1,2,"8:03 PM","3:35","Love Bad Pass Turnover (P2.T7)",null,"Olynyk STEAL (1 STL)",null,null],["0041400112",224,5,41,2,"8:03 PM","3:34","Smith STEAL (4 STL)",null,"Olynyk Poss Lost Ball Turnover (P1.T5)",null,null],["0041400112",218,8,0,2,"8:03 PM","3:34",null,null,"SUB: Thomas FOR Zeller",null,null],["0041400112",219,8,0,2,"8:03 PM","3:34",null,null,"SUB: Sullinger FOR Crowder",null,null],["0041400112",220,8,0,2,"8:03 PM","3:34",null,null,"SUB: Bass FOR Olynyk",null,null],["0041400112",221,10,0,2,"8:03 PM","3:34","Jump Ball Irving vs. Bradley: Tip to Mozgov",null,null,null,null],["0041400112",222,1,3,2,"8:04 PM","3:19","Love 2' Hook Shot (7 PTS) (Smith 1 AST)",null,null,"45 - 42","-3"],["0041400112",223,9,1,2,"8:04 PM","3:16",null,null,"Celtics Timeout: Regular (Reg.2 Short 0)",null,null],["0041400112",228,2,1,2,"8:07 PM","3:02",null,null,"MISS Thomas 24' 3PT Jump Shot",null,null],["0041400112",229,4,0,2,"8:07 PM","3:02","CAVALIERS Rebound",null,null,null,null],["0041400112",230,8,0,2,"8:08 PM","3:02",null,null,"SUB: Smart FOR Bradley",null,null],["0041400112",231,1,79,2,"8:08 PM","2:44","Smith 19' Pullup Jump Shot (4 PTS)",null,null,"45 - 44","-1"],["0041400112",232,2,1,2,"8:08 PM","2:26",null,null,"MISS Turner 25' 3PT Jump Shot",null,null],["0041400112",233,4,0,2,"8:08 PM","2:24","Mozgov REBOUND (Off:0 Def:1)",null,null,null,null],["0041400112",234,2,5,2,"8:08 PM","2:15","MISS Love  Layup",null,"Bass BLOCK (2 BLK)",null,null],["0041400112",235,4,0,2,"8:09 PM","2:15",null,null,"Celtics Rebound",null,null],["0041400112",236,1,1,2,"8:09 PM","2:03",null,null,"Sullinger 26' 3PT Jump Shot (6 PTS) (Thomas 3 AST)","48 - 44","-4"],["0041400112",237,5,41,2,"8:09 PM","1:45","Mozgov Poss Lost Ball Turnover (P2.T8)",null,null,null,null],["0041400112",238,8,0,2,"8:09 PM","1:45","SUB: Thompson FOR Love",null,null,null,null],["0041400112",239,2,1,2,"8:10 PM","1:30",null,null,"MISS Thomas 22' Jump Shot",null,null],["0041400112",240,4,0,2,"8:10 PM","1:30","James REBOUND (Off:0 Def:3)",null,null,null,null],["0041400112",241,1,42,2,"8:10 PM","1:21","James 1' Driving Layup (9 PTS)",null,null,"48 - 46","-2"],["0041400112",242,2,5,2,"8:10 PM","1:09","Mozgov BLOCK (4 BLK)",null,"MISS Bass 1' Layup",null,null],["0041400112",243,4,0,2,"8:10 PM","1:06","James REBOUND (Off:0 Def:4)",null,null,null,null],["0041400112",244,1,1,2,"8:10 PM","1:00","Irving 26' 3PT Jump Shot (12 PTS) (James 5 AST)",null,null,"48 - 49","1"],["0041400112",245,6,2,2,"8:11 PM","0:49","Smith S.FOUL (P2.T2) (D.Crawford)",null,null,null,null],["0041400112",246,3,11,2,"8:11 PM","0:49",null,null,"Thomas Free Throw 1 of 2 (8 PTS)","49 - 49","TIE"],["0041400112",248,8,0,2,"8:11 PM","0:49",null,null,"SUB: Zeller FOR Sullinger",null,null],["0041400112",249,8,0,2,"8:11 PM","0:49",null,null,"SUB: Crowder FOR Turner",null,null],["0041400112",250,8,0,2,"8:11 PM","0:49","SUB: Dellavedova FOR Irving",null,null,null,null],["0041400112",251,8,0,2,"8:11 PM","0:49","SUB: Shumpert FOR Smith",null,null,null,null],["0041400112",252,3,12,2,"8:11 PM","0:49",null,null,"Thomas Free Throw 2 of 2 (9 PTS)","50 - 49","-1"],["0041400112",254,2,1,2,"8:12 PM","0:40","MISS James 16' Jump Shot",null,null,null,null],["0041400112",255,4,0,2,"8:12 PM","0:39","Mozgov REBOUND (Off:1 Def:1)",null,null,null,null],["0041400112",256,6,1,2,"8:12 PM","0:21",null,null,"Thomas P.FOUL (P2.PN) (B.Salvatore)",null,null],["0041400112",257,3,11,2,"8:12 PM","0:21","James Free Throw 1 of 2 (10 PTS)",null,null,"50 - 50","TIE"],["0041400112",259,8,0,2,"8:13 PM","0:21",null,null,"SUB: Bradley FOR Bass",null,null],["0041400112",260,8,0,2,"8:13 PM","0:21",null,null,"SUB: Sullinger FOR Zeller",null,null],["0041400112",261,8,0,2,"8:13 PM","0:21",null,null,"SUB: Olynyk FOR Crowder",null,null],["0041400112",262,3,12,2,"8:13 PM","0:21","James Free Throw 2 of 2 (11 PTS)",null,null,"50 - 51","1"],["0041400112",264,2,80,2,"8:13 PM","0:00",null,null,"MISS Sullinger 19' Step Back Jump Shot",null,null],["0041400112",265,4,0,2,"8:13 PM","0:00",null,null,"Celtics Rebound",null,null],["0041400112",266,13,0,2,"8:13 PM","0:00",null,null,null,"50 - 51","1"],["0041400112",268,12,0,3,"8:31 PM","12:00",null,null,null,"50 - 51","1"],["0041400112",269,1,3,3,"8:31 PM","11:45","Mozgov 3' Hook Shot (12 PTS) (Irving 3 AST)",null,null,"50 - 53","3"],["0041400112",270,1,1,3,"8:31 PM","11:29",null,null,"Smart 16' Jump Shot (7 PTS)","52 - 53","1"],["0041400112",271,2,1,3,"8:32 PM","11:08","MISS Mozgov 20' Jump Shot",null,null,null,null],["0041400112",272,4,0,3,"8:32 PM","11:07",null,null,"Turner REBOUND (Off:0 Def:6)",null,null],["0041400112",273,2,1,3,"8:32 PM","10:46",null,null,"MISS Bass 10' Jump Shot",null,null],["0041400112",274,4,0,3,"8:32 PM","10:45","James REBOUND (Off:0 Def:5)",null,null,null,null],["0041400112",275,2,1,3,"8:32 PM","10:38","MISS James 6' Jump Shot",null,null,null,null],["0041400112",276,4,0,3,"8:32 PM","10:36","James REBOUND (Off:1 Def:5)",null,null,null,null],["0041400112",277,2,63,3,"8:32 PM","10:34","MISS James 7' Fadeaway Jumper",null,null,null,null],["0041400112",278,4,0,3,"8:32 PM","10:33",null,null,"Turner REBOUND (Off:0 Def:7)",null,null],["0041400112",279,2,1,3,"8:32 PM","10:26",null,null,"MISS Smart 26' 3PT Jump Shot",null,null],["0041400112",280,4,0,3,"8:32 PM","10:25","Mozgov REBOUND (Off:1 Def:2)",null,null,null,null],["0041400112",281,6,2,3,"8:33 PM","10:10",null,null,"Smart S.FOUL (P1.T1) (M.Davis)",null,null],["0041400112",282,3,13,3,"8:33 PM","10:10","Irving Free Throw 1 of 3 (13 PTS)",null,null,"52 - 54","2"],["0041400112",284,3,14,3,"8:33 PM","10:10","Irving Free Throw 2 of 3 (14 PTS)",null,null,"52 - 55","3"],["0041400112",286,3,15,3,"8:33 PM","10:10","Irving Free Throw 3 of 3 (15 PTS)",null,null,"52 - 56","4"],["0041400112",288,5,1,3,"8:34 PM","9:55","Smith STEAL (5 STL)",null,"Zeller Bad Pass Turnover (P2.T6)",null,null],["0041400112",289,6,27,3,"8:34 PM","9:52",null,null,"Smart Personal Block Foul (P2.T2) (D.Crawford)",null,null],["0041400112",290,2,1,3,"8:34 PM","9:45","MISS Irving 25' 3PT Jump Shot",null,null,null,null],["0041400112",291,4,0,3,"8:34 PM","9:44","Mozgov REBOUND (Off:2 Def:2)",null,null,null,null],["0041400112",292,6,1,3,"8:34 PM","9:44",null,null,"Turner P.FOUL (P1.T3) (B.Salvatore)",null,null],["0041400112",293,6,2,3,"8:35 PM","9:29",null,null,"Zeller S.FOUL (P2.T4) (M.Davis)",null,null],["0041400112",294,3,11,3,"8:35 PM","9:29","Love Free Throw 1 of 2 (8 PTS)",null,null,"52 - 57","5"],["0041400112",296,3,12,3,"8:35 PM","9:29","Love Free Throw 2 of 2 (9 PTS)",null,null,"52 - 58","6"],["0041400112",298,2,1,3,"8:36 PM","9:15",null,null,"MISS Bass 18' Jump Shot",null,null],["0041400112",299,4,0,3,"8:36 PM","9:14","Smith REBOUND (Off:0 Def:4)",null,null,null,null],["0041400112",300,6,4,3,"8:36 PM","9:08","Mozgov OFF.Foul (P2) (D.Crawford)",null,null,null,null],["0041400112",301,5,5,3,"8:36 PM","9:08","Mozgov Foul Turnover (P3.T9)",null,null,null,null],["0041400112",302,8,0,3,"8:36 PM","9:08",null,null,"SUB: Crowder FOR Turner",null,null],["0041400112",303,6,1,3,"8:37 PM","8:52","Smith P.FOUL (P3.T1) (D.Crawford)",null,null,null,null],["0041400112",304,1,42,3,"8:37 PM","8:43",null,null,"Smart 1' Driving Layup (9 PTS)","54 - 58","4"],["0041400112",305,2,5,3,"8:38 PM","8:28","MISS James 1' Layup",null,null,null,null],["0041400112",307,4,0,3,"8:38 PM","8:25","Mozgov REBOUND (Off:3 Def:2)",null,null,null,null],["0041400112",306,1,5,3,"8:38 PM","8:25","Mozgov  Layup (14 PTS)",null,null,"54 - 60","6"],["0041400112",308,2,5,3,"8:38 PM","8:13","Mozgov BLOCK (5 BLK)",null,"MISS Bass 2' Layup",null,null],["0041400112",309,4,0,3,"8:38 PM","8:10","Mozgov REBOUND (Off:3 Def:3)",null,null,null,null],["0041400112",310,1,52,3,"8:38 PM","8:07","Love  Alley Oop Dunk (11 PTS) (James 6 AST)",null,null,"54 - 62","8"],["0041400112",311,9,1,3,"8:38 PM","8:06",null,null,"Celtics Timeout: Regular (Reg.3 Short 0)",null,null],["0041400112",314,8,0,3,"8:41 PM","8:06",null,null,"SUB: Olynyk FOR Bass",null,null],["0041400112",315,8,0,3,"8:41 PM","8:06",null,null,"SUB: Sullinger FOR Zeller",null,null],["0041400112",316,2,1,3,"8:42 PM","7:50",null,null,"MISS Bradley 18' Jump Shot",null,null],["0041400112",317,4,0,3,"8:42 PM","7:49","Love REBOUND (Off:1 Def:3)",null,null,null,null],["0041400112",318,6,1,3,"8:42 PM","7:49",null,null,"Crowder P.FOUL (P2.PN) (B.Salvatore)",null,null],["0041400112",319,3,11,3,"8:42 PM","7:49","Love Free Throw 1 of 2 (12 PTS)",null,null,"54 - 63","9"],["0041400112",321,3,12,3,"8:42 PM","7:49","Love Free Throw 2 of 2 (13 PTS)",null,null,"54 - 64","10"],["0041400112",323,2,1,3,"8:43 PM","7:35",null,null,"MISS Sullinger 27' 3PT Jump Shot",null,null],["0041400112",324,4,0,3,"8:43 PM","7:35","Irving REBOUND (Off:0 Def:2)",null,null,null,null],["0041400112",325,6,2,3,"8:43 PM","7:19",null,null,"Sullinger S.FOUL (P1.PN) (D.Crawford)",null,null],["0041400112",326,3,11,3,"8:43 PM","7:19","Mozgov Free Throw 1 of 2 (15 PTS)",null,null,"54 - 65","11"],["0041400112",328,3,12,3,"8:44 PM","7:19","Mozgov Free Throw 2 of 2 (16 PTS)",null,null,"54 - 66","12"],["0041400112",331,2,1,3,"8:45 PM","6:55",null,null,"MISS Smart 26' 3PT Jump Shot",null,null],["0041400112",332,4,0,3,"8:45 PM","6:55","Love REBOUND (Off:1 Def:4)",null,null,null,null],["0041400112",333,1,52,3,"8:45 PM","6:52","James  Alley Oop Dunk (13 PTS) (Irving 4 AST)",null,null,"54 - 68","14"],["0041400112",334,2,1,3,"8:45 PM","6:39",null,null,"MISS Olynyk 26' 3PT Jump Shot",null,null],["0041400112",335,4,0,3,"8:45 PM","6:38","Irving REBOUND (Off:0 Def:3)",null,null,null,null],["0041400112",336,6,4,3,"8:45 PM","6:33","Mozgov OFF.Foul (P3) (D.Crawford)",null,null,null,null],["0041400112",337,5,5,3,"8:45 PM","6:33","Mozgov Foul Turnover (P4.T10)",null,null,null,null],["0041400112",338,8,0,3,"8:45 PM","6:33",null,null,"SUB: Thomas FOR Bradley",null,null],["0041400112",339,8,0,3,"8:45 PM","6:33","SUB: Thompson FOR Mozgov",null,null,null,null],["0041400112",340,2,1,3,"8:46 PM","6:21",null,null,"MISS Olynyk 5' Jump Shot",null,null],["0041400112",341,4,0,3,"8:46 PM","6:20",null,null,"Sullinger REBOUND (Off:2 Def:1)",null,null],["0041400112",342,1,5,3,"8:46 PM","6:19",null,null,"Sullinger 1' Layup (8 PTS)","56 - 68","12"],["0041400112",343,2,1,3,"8:46 PM","5:59","MISS Smith 25' 3PT Jump Shot",null,null,null,null],["0041400112",344,4,0,3,"8:46 PM","5:59",null,null,"Crowder REBOUND (Off:3 Def:1)",null,null],["0041400112",345,1,42,3,"8:46 PM","5:49",null,null,"Crowder 2' Driving Layup (4 PTS) (Thomas 4 AST)","58 - 68","10"],["0041400112",346,2,1,3,"8:47 PM","5:35","MISS Love 26' 3PT Jump Shot",null,null,null,null],["0041400112",347,4,0,3,"8:47 PM","5:34","Thompson REBOUND (Off:2 Def:4)",null,null,null,null],["0041400112",348,1,1,3,"8:47 PM","5:29","Smith 26' 3PT Jump Shot (7 PTS) (Thompson 2 AST)",null,null,"58 - 71","13"],["0041400112",349,1,5,3,"8:47 PM","5:16",null,null,"Sullinger 1' Layup (10 PTS) (Thomas 5 AST)","60 - 71","11"],["0041400112",350,1,44,3,"8:47 PM","4:55","James  Reverse Layup (15 PTS) (Irving 5 AST)",null,null,"60 - 73","13"],["0041400112",351,6,1,3,"8:47 PM","4:49","Irving P.FOUL (P3.T2) (B.Salvatore)",null,null,null,null],["0041400112",352,8,0,3,"8:48 PM","4:49",null,null,"SUB: Turner FOR Smart",null,null],["0041400112",353,1,75,3,"8:48 PM","4:41",null,null,"Sullinger  Driving Finger Roll Layup (12 PTS) (Crowder 3 AST)","62 - 73","11"],["0041400112",354,2,84,3,"8:48 PM","4:16","MISS Irving 4' Running Bank Shot",null,null,null,null],["0041400112",355,4,0,3,"8:48 PM","4:14",null,null,"Sullinger REBOUND (Off:2 Def:2)",null,null],["0041400112",356,2,5,3,"8:48 PM","4:06","Love BLOCK (1 BLK)",null,"MISS Turner 1' Layup",null,null],["0041400112",357,4,0,3,"8:49 PM","4:05",null,null,"Turner REBOUND (Off:1 Def:7)",null,null],["0041400112",358,2,1,3,"8:49 PM","4:04","Love BLOCK (2 BLK)",null,"MISS Turner 4' Jump Shot",null,null],["0041400112",359,4,0,3,"8:49 PM","4:04",null,null,"Turner REBOUND (Off:2 Def:7)",null,null],["0041400112",360,6,2,3,"8:49 PM","4:04","Love S.FOUL (P3.T3) (M.Davis)",null,null,null,null],["0041400112",361,3,11,3,"8:49 PM","4:04",null,null,"Turner Free Throw 1 of 2 (5 PTS)","63 - 73","10"],["0041400112",363,8,0,3,"8:49 PM","4:04","SUB: Jones FOR Love",null,null,null,null],["0041400112",364,8,0,3,"8:49 PM","4:04","SUB: Shumpert FOR James",null,null,null,null],["0041400112",365,8,0,3,"8:49 PM","4:04",null,null,"SUB: Jerebko FOR Olynyk",null,null],["0041400112",366,3,12,3,"8:49 PM","4:04",null,null,"Turner Free Throw 2 of 2 (6 PTS)","64 - 73","9"],["0041400112",368,2,1,3,"8:50 PM","3:42","MISS Smith 22' Jump Shot",null,null,null,null],["0041400112",369,4,0,3,"8:50 PM","3:42",null,null,"Turner REBOUND (Off:2 Def:8)",null,null],["0041400112",370,6,4,3,"8:50 PM","3:31",null,null,"Jerebko OFF.Foul (P1) (D.Crawford)",null,null],["0041400112",371,5,5,3,"8:50 PM","3:31",null,null,"Jerebko Foul Turnover (P1.T7)",null,null],["0041400112",372,2,1,3,"8:51 PM","3:17","MISS Jones 26' 3PT Jump Shot",null,null,null,null],["0041400112",373,4,0,3,"8:51 PM","3:17",null,null,"Crowder REBOUND (Off:3 Def:2)",null,null],["0041400112",374,1,42,3,"8:51 PM","3:07",null,null,"Thomas 1' Driving Layup (11 PTS)","66 - 73","7"],["0041400112",375,2,1,3,"8:51 PM","2:56","MISS Smith 26' 3PT Jump Shot",null,null,null,null],["0041400112",376,4,0,3,"8:51 PM","2:55","Thompson REBOUND (Off:3 Def:4)",null,null,null,null],["0041400112",377,1,1,3,"8:51 PM","2:33","Irving 12' Jump Shot (17 PTS)",null,null,"66 - 75","9"],["0041400112",378,6,26,3,"8:52 PM","2:13",null,null,"Crowder Offensive Charge Foul (P3.PN) (M.Davis)",null,null],["0041400112",379,5,5,3,"8:52 PM","2:13",null,null,"Crowder Foul Turnover (P1.T8)",null,null],["0041400112",380,9,1,3,"8:52 PM","2:13","CAVALIERS Timeout: Regular (Full 3 Short 0)",null,null,null,null],["0041400112",382,8,0,3,"8:54 PM","2:13",null,null,"SUB: Zeller FOR Sullinger",null,null],["0041400112",384,2,1,3,"8:55 PM","2:01","MISS Smith 24' 3PT Jump Shot",null,null,null,null],["0041400112",385,4,0,3,"8:55 PM","2:00",null,null,"Turner REBOUND (Off:2 Def:9)",null,null],["0041400112",386,1,5,3,"8:55 PM","1:55",null,null,"Crowder 1' Layup (6 PTS)","68 - 75","7"],["0041400112",387,2,1,3,"8:56 PM","1:39","MISS Irving 20' Jump Shot",null,null,null,null],["0041400112",388,4,0,3,"8:56 PM","1:38",null,null,"Zeller REBOUND (Off:2 Def:4)",null,null],["0041400112",389,5,1,3,"8:56 PM","1:28","Thompson STEAL (1 STL)",null,"Thomas Bad Pass Turnover (P3.T9)",null,null],["0041400112",390,5,1,3,"8:56 PM","1:06","Smith Bad Pass Turnover (P1.T11)",null,"Zeller STEAL (1 STL)",null,null],["0041400112",391,2,1,3,"8:56 PM","0:57",null,null,"MISS Jerebko  3PT Jump Shot",null,null],["0041400112",392,4,0,3,"8:56 PM","0:57","Thompson REBOUND (Off:3 Def:5)",null,null,null,null],["0041400112",393,2,1,3,"8:57 PM","0:35","MISS Irving 24' 3PT Jump Shot",null,null,null,null],["0041400112",394,4,0,3,"8:57 PM","0:33",null,null,"Jerebko REBOUND (Off:0 Def:1)",null,null],["0041400112",395,2,1,3,"8:57 PM","0:16",null,null,"MISS Thomas 14' Jump Shot",null,null],["0041400112",396,4,0,3,"8:57 PM","0:16","Thompson REBOUND (Off:3 Def:6)",null,null,null,null],["0041400112",398,2,1,3,"8:57 PM","0:00","MISS Irving 25' 3PT Jump Shot",null,null,null,null],["0041400112",399,4,0,3,"8:57 PM","0:00","CAVALIERS Rebound",null,null,null,null],["0041400112",401,13,0,3,"8:58 PM","0:00",null,null,null,"68 - 75","7"],["0041400112",403,12,0,4,"9:01 PM","12:00",null,null,null,"68 - 75","7"],["0041400112",404,2,1,4,"9:01 PM","11:45",null,null,"MISS Thomas 19' Jump Shot",null,null],["0041400112",405,4,0,4,"9:01 PM","11:45","CAVALIERS Rebound",null,null,null,null],["0041400112",406,6,3,4,"9:02 PM","11:45",null,null,"Olynyk L.B.FOUL (P3.T1) (D.Crawford)",null,null],["0041400112",409,6,4,4,"9:02 PM","11:36","James OFF.Foul (P1) (D.Crawford)",null,null,null,null],["0041400112",410,5,5,4,"9:02 PM","11:36","James Foul Turnover (P4.T12)",null,null,null,null],["0041400112",411,2,1,4,"9:02 PM","11:23",null,null,"MISS Crowder 18' Jump Shot",null,null],["0041400112",412,4,0,4,"9:02 PM","11:22","James REBOUND (Off:1 Def:6)",null,null,null,null],["0041400112",413,6,2,4,"9:02 PM","11:18",null,null,"Olynyk S.FOUL (P4.T2) (D.Crawford)",null,null],["0041400112",414,3,11,4,"9:03 PM","11:18","James Free Throw 1 of 2 (16 PTS)",null,null,"68 - 76","8"],["0041400112",416,3,12,4,"9:03 PM","11:18","James Free Throw 2 of 2 (17 PTS)",null,null,"68 - 77","9"],["0041400112",418,1,46,4,"9:04 PM","10:54",null,null,"Thomas 15' Running Jump Shot (13 PTS)","70 - 77","7"],["0041400112",419,1,42,4,"9:04 PM","10:43","James  Driving Layup (19 PTS)",null,null,"70 - 79","9"],["0041400112",420,1,58,4,"9:04 PM","10:20",null,null,"Zeller 7' Turnaround Hook Shot (11 PTS)","72 - 79","7"],["0041400112",421,5,1,4,"9:04 PM","10:03","Love Bad Pass Turnover (P3.T13)",null,null,null,null],["0041400112",422,1,1,4,"9:05 PM","9:43",null,null,"Turner 15' Jump Shot (8 PTS) (Thomas 6 AST)","74 - 79","5"],["0041400112",423,2,1,4,"9:05 PM","9:29","MISS James 7' Jump Shot",null,null,null,null],["0041400112",424,4,0,4,"9:05 PM","9:28",null,null,"Turner REBOUND (Off:2 Def:10)",null,null],["0041400112",425,6,1,4,"9:05 PM","9:28","James P.FOUL (P2.T1) (D.Crawford)",null,null,null,null],["0041400112",426,1,42,4,"9:06 PM","9:17",null,null,"Thomas 1' Driving Layup (15 PTS)","76 - 79","3"],["0041400112",428,6,2,4,"9:06 PM","9:17","Love S.FOUL (P4.T2) (M.Davis)",null,null,null,null],["0041400112",427,8,0,4,"9:06 PM","9:17","SUB: Irving FOR Dellavedova",null,null,null,null],["0041400112",429,3,10,4,"9:06 PM","9:17",null,null,"Thomas Free Throw 1 of 1 (16 PTS)","77 - 79","2"],["0041400112",432,1,1,4,"9:07 PM","8:59","James 13' Jump Shot (21 PTS)",null,null,"77 - 81","4"],["0041400112",433,9,1,4,"9:07 PM","8:46",null,null,"Celtics Timeout: Regular (Reg.4 Short 0)",null,null],["0041400112",437,2,47,4,"9:10 PM","8:33",null,null,"MISS Turner 14' Turnaround Jump Shot",null,null],["0041400112",438,4,0,4,"9:10 PM","8:33","CAVALIERS Rebound",null,null,null,null],["0041400112",439,5,1,4,"9:11 PM","8:14","James Bad Pass Turnover (P5.T14)",null,"Thomas STEAL (1 STL)",null,null],["0041400112",442,6,2,4,"9:11 PM","8:10","James S.FOUL (P3.T3) (D.Crawford)",null,null,null,null],["0041400112",443,3,11,4,"9:11 PM","8:10",null,null,"Crowder Free Throw 1 of 2 (7 PTS)","78 - 81","3"],["0041400112",445,8,0,4,"9:11 PM","8:10",null,null,"SUB: Sullinger FOR Olynyk",null,null],["0041400112",446,8,0,4,"9:11 PM","8:10",null,null,"SUB: Bradley FOR Thomas",null,null],["0041400112",447,8,0,4,"9:12 PM","8:10","SUB: Mozgov FOR Thompson",null,null,null,null],["0041400112",448,3,12,4,"9:12 PM","8:10",null,null,"Crowder Free Throw 2 of 2 (8 PTS)","79 - 81","2"],["0041400112",450,2,1,4,"9:12 PM","7:49","MISS Love 26' 3PT Jump Shot",null,null,null,null],["0041400112",451,4,0,4,"9:12 PM","7:47","Shumpert REBOUND (Off:1 Def:2)",null,null,null,null],["0041400112",452,1,1,4,"9:12 PM","7:44","Irving 24' 3PT Jump Shot (20 PTS) (James 7 AST)",null,null,"79 - 84","5"],["0041400112",453,1,1,4,"9:13 PM","7:26",null,null,"Crowder 21' Jump Shot (10 PTS) (Zeller 1 AST)","81 - 84","3"],["0041400112",454,2,42,4,"9:13 PM","7:12","MISS Irving  Driving Layup",null,"Zeller BLOCK (1 BLK)",null,null],["0041400112",455,4,0,4,"9:13 PM","7:08",null,null,"Bradley REBOUND (Off:1 Def:3)",null,null],["0041400112",456,6,2,4,"9:13 PM","6:58","Mozgov S.FOUL (P4.T4) (M.Davis)",null,null,null,null],["0041400112",457,3,11,4,"9:13 PM","6:58",null,null,"Turner Free Throw 1 of 2 (9 PTS)","82 - 84","2"],["0041400112",459,3,12,4,"9:13 PM","6:58",null,null,"MISS Turner Free Throw 2 of 2",null,null],["0041400112",461,4,0,4,"9:14 PM","6:57","Shumpert REBOUND (Off:1 Def:3)",null,null,null,null],["0041400112",462,6,2,4,"9:14 PM","6:43",null,null,"Turner S.FOUL (P2.T3) (M.Davis)",null,null],["0041400112",463,3,11,4,"9:14 PM","6:43","MISS James Free Throw 1 of 2",null,null,null,null],["0041400112",464,4,1,4,"9:14 PM","6:43","CAVALIERS Rebound",null,null,null,null],["0041400112",465,8,0,4,"9:14 PM","6:43",null,null,"SUB: Thomas FOR Turner",null,null],["0041400112",466,3,12,4,"9:14 PM","6:43","James Free Throw 2 of 2 (22 PTS)",null,null,"82 - 85","3"],["0041400112",468,2,1,4,"9:15 PM","6:27",null,null,"MISS Bradley 19' Jump Shot",null,null],["0041400112",469,4,0,4,"9:15 PM","6:25","Irving REBOUND (Off:0 Def:4)",null,null,null,null],["0041400112",470,1,5,4,"9:15 PM","6:21","James  Layup (24 PTS) (Irving 6 AST)",null,null,"82 - 87","5"],["0041400112",471,6,1,4,"9:15 PM","6:12","Shumpert P.FOUL (P1.PN) (D.Crawford)",null,null,null,null],["0041400112",472,3,11,4,"9:15 PM","6:12",null,null,"Thomas Free Throw 1 of 2 (17 PTS)","83 - 87","4"],["0041400112",474,3,12,4,"9:16 PM","6:12",null,null,"Thomas Free Throw 2 of 2 (18 PTS)","84 - 87","3"],["0041400112",476,1,1,4,"9:16 PM","5:54","Irving 11' Jump Shot (22 PTS)",null,null,"84 - 89","5"],["0041400112",477,2,1,4,"9:16 PM","5:44",null,null,"MISS Thomas 24' 3PT Jump Shot",null,null],["0041400112",478,4,0,4,"9:16 PM","5:43","Love REBOUND (Off:1 Def:5)",null,null,null,null],["0041400112",479,1,1,4,"9:17 PM","5:26","James 21' Jump Shot (26 PTS)",null,null,"84 - 91","7"],["0041400112",480,9,2,4,"9:17 PM","5:25",null,null,"Celtics Timeout: Short (Reg.4 Short 1)",null,null],["0041400112",481,9,4,4,"9:17 PM","5:25",null,null,null,null,null],["0041400112",483,8,0,4,"9:19 PM","5:25",null,null,"SUB: Turner FOR Zeller",null,null],["0041400112",484,8,0,4,"9:19 PM","5:25",null,null,"SUB: Olynyk FOR Crowder",null,null],["0041400112",486,2,1,4,"9:21 PM","5:10",null,null,"MISS Sullinger 17' Jump Shot",null,null],["0041400112",487,4,0,4,"9:21 PM","5:10","James REBOUND (Off:1 Def:7)",null,null,null,null],["0041400112",488,6,4,4,"9:21 PM","4:56","Love OFF.Foul (P5) (D.Crawford)",null,null,null,null],["0041400112",489,5,5,4,"9:21 PM","4:56","Love Foul Turnover (P4.T15)",null,null,null,null],["0041400112",490,8,0,4,"9:21 PM","4:56","SUB: Smith FOR Love",null,null,null,null],["0041400112",491,2,1,4,"9:21 PM","4:45",null,null,"MISS Thomas 15' Jump Shot",null,null],["0041400112",492,4,0,4,"9:21 PM","4:45",null,null,"Sullinger REBOUND (Off:3 Def:2)",null,null],["0041400112",493,2,5,4,"9:21 PM","4:37",null,null,"MISS Bradley  Layup",null,null],["0041400112",494,4,0,4,"9:22 PM","4:35","James REBOUND (Off:1 Def:8)",null,null,null,null],["0041400112",495,5,1,4,"9:22 PM","4:34","James Bad Pass Turnover (P6.T16)",null,null,null,null],["0041400112",497,1,44,4,"9:22 PM","4:21",null,null,"Thomas 1' Reverse Layup (20 PTS)","86 - 91","5"],["0041400112",498,6,1,4,"9:22 PM","3:58",null,null,"Bradley P.FOUL (P3.T4) (B.Salvatore)",null,null],["0041400112",499,8,0,4,"9:23 PM","3:58",null,null,"SUB: Smart FOR Olynyk",null,null],["0041400112",500,2,86,4,"9:23 PM","3:46","MISS James 7' Turnaround Fadeaway Shot",null,null,null,null],["0041400112",502,4,0,4,"9:23 PM","3:42","Mozgov REBOUND (Off:4 Def:3)",null,null,null,null],["0041400112",501,2,1,4,"9:23 PM","3:42","MISS Irving 27' 3PT Jump Shot",null,null,null,null],["0041400112",503,4,0,4,"9:23 PM","3:41",null,null,"Smart REBOUND (Off:0 Def:1)",null,null],["0041400112",504,6,2,4,"9:23 PM","3:32","Mozgov S.FOUL (P5.PN) (B.Salvatore)",null,null,null,null],["0041400112",505,3,11,4,"9:24 PM","3:32",null,null,"MISS Smart Free Throw 1 of 2",null,null],["0041400112",506,4,1,4,"9:24 PM","3:32",null,null,"Celtics Rebound",null,null],["0041400112",507,3,12,4,"9:24 PM","3:32",null,null,"Smart Free Throw 2 of 2 (10 PTS)","87 - 91","4"],["0041400112",509,6,2,4,"9:24 PM","3:08",null,null,"Bradley S.FOUL (P4.PN) (B.Salvatore)",null,null],["0041400112",510,3,11,4,"9:25 PM","3:08","Irving Free Throw 1 of 2 (23 PTS)",null,null,"87 - 92","5"],["0041400112",512,3,12,4,"9:25 PM","3:08","Irving Free Throw 2 of 2 (24 PTS)",null,null,"87 - 93","6"],["0041400112",514,2,1,4,"9:25 PM","2:54",null,null,"MISS Turner 14' Jump Shot",null,null],["0041400112",515,4,0,4,"9:25 PM","2:53","Irving REBOUND (Off:0 Def:5)",null,null,null,null],["0041400112",516,1,1,4,"9:26 PM","2:38","James 5' Jump Shot (28 PTS)",null,null,"87 - 95","8"],["0041400112",519,6,2,4,"9:26 PM","2:30","Mozgov S.FOUL (P6.PN) (B.Salvatore)",null,null,null,null],["0041400112",520,9,1,4,"9:26 PM","2:30","CAVALIERS Timeout: Regular (Full 4 Short 0)",null,null,null,null],["0041400112",522,8,0,4,"9:29 PM","2:30",null,null,"SUB: Crowder FOR Turner",null,null],["0041400112",523,8,0,4,"9:29 PM","2:30",null,null,"SUB: Zeller FOR Sullinger",null,null],["0041400112",524,8,0,4,"9:29 PM","2:30","SUB: Thompson FOR Mozgov",null,null,null,null],["0041400112",525,3,11,4,"9:29 PM","2:30",null,null,"Thomas Free Throw 1 of 2 (21 PTS)","88 - 95","7"],["0041400112",527,3,12,4,"9:29 PM","2:30",null,null,"Thomas Free Throw 2 of 2 (22 PTS)","89 - 95","6"],["0041400112",529,5,8,4,"9:30 PM","2:09","Thompson 3 Second Violation Turnover (P1.T17)",null,null,null,null],["0041400112",530,2,1,4,"9:30 PM","1:52","James BLOCK (2 BLK)",null,"MISS Zeller 3' Jump Shot",null,null],["0041400112",531,4,0,4,"9:30 PM","1:51","Shumpert REBOUND (Off:1 Def:4)",null,null,null,null],["0041400112",532,2,1,4,"9:31 PM","1:32","MISS James 26' 3PT Jump Shot",null,null,null,null],["0041400112",533,4,0,4,"9:31 PM","1:32","Thompson REBOUND (Off:4 Def:6)",null,null,null,null],["0041400112",534,1,42,4,"9:31 PM","1:13","James  Driving Layup (30 PTS)",null,null,"89 - 97","8"],["0041400112",535,5,40,4,"9:31 PM","1:08",null,null,"Thomas Out of Bounds Lost Ball Turnover (P4.T10)",null,null],["0041400112",537,2,1,4,"9:32 PM","0:43","MISS Smith  3PT Jump Shot",null,null,null,null],["0041400112",538,4,0,4,"9:32 PM","0:43","Thompson REBOUND (Off:5 Def:6)",null,null,null,null],["0041400112",539,6,1,4,"9:32 PM","0:39",null,null,"Smart P.FOUL (P3.PN) (D.Crawford)",null,null],["0041400112",540,3,11,4,"9:32 PM","0:39","Irving Free Throw 1 of 2 (25 PTS)",null,null,"89 - 98","9"],["0041400112",542,3,12,4,"9:32 PM","0:39","Irving Free Throw 2 of 2 (26 PTS)",null,null,"89 - 99","10"],["0041400112",544,9,1,4,"9:33 PM","0:39",null,null,"Celtics Timeout: Regular (Reg.5 Short 1)",null,null],["0041400112",546,8,0,4,"9:34 PM","0:39",null,null,"SUB: Sullinger FOR Zeller",null,null],["0041400112",547,8,0,4,"9:34 PM","0:39",null,null,"SUB: Olynyk FOR Smart",null,null],["0041400112",549,5,1,4,"9:35 PM","0:38",null,null,"Olynyk Bad Pass Turnover (P2.T11)",null,null],["0041400112",550,5,4,4,"9:35 PM","0:16","Irving Traveling Turnover (P2.T18)",null,null,null,null],["0041400112",552,1,5,4,"9:36 PM","0:08",null,null,"Sullinger  Layup (14 PTS) (Thomas 7 AST)","91 - 99","8"],["0041400112",553,13,0,4,"9:36 PM","0:00",null,null,null,"91 - 99","8"]]},{"name":"AvailableVideo","headers":["VIDEO_AVAILABLE_FLAG"],"rowSet":[[1]]}]}