{"resource":"playbyplay","parameters":{"GameID":"0041400152","StartPeriod":0,"EndPeriod":14},"resultSets":[{"name":"PlayByPlay","headers":["GAME_ID","EVENTNUM","EVENTMSGTYPE","EVENTMSGACTIONTYPE","PERIOD","WCTIMESTRING","PCTIMESTRING","HOMEDESCRIPTION","NEUTRALDESCRIPTION","VISITORDESCRIPTION","SCORE","SCOREMARGIN"],"rowSet":[["0041400152",0,12,0,1,"9:43 PM","12:00",null,null,null,null,null],["0041400152",1,10,0,1,"9:43 PM","12:00","Jump Ball Howard vs. Chandler: Tip to Rondo",null,null,null,null],["0041400152",2,5,11,1,"9:44 PM","11:32",null,null,"Mavericks Turnover: Shot Clock (T#1)",null,null],["0041400152",3,2,1,1,"9:44 PM","11:13","MISS Howard 3' Jump Shot",null,"Ellis BLOCK (1 BLK)",null,null],["0041400152",4,4,0,1,"9:44 PM","11:12",null,null,"Ellis REBOUND (Off:0 Def:1)",null,null],["0041400152",5,2,1,1,"9:44 PM","11:06",null,null,"MISS Rondo 8' Jump Shot",null,null],["0041400152",6,4,0,1,"9:44 PM","11:05","Howard REBOUND (Off:0 Def:1)",null,null,null,null],["0041400152",7,1,1,1,"9:45 PM","10:57","Harden 19' Jump Shot (2 PTS)",null,null,"0 - 2","2"],["0041400152",8,6,1,1,"9:45 PM","10:38","Jones P.FOUL (P1.T1) (E.Malloy)",null,null,null,null],["0041400152",9,2,79,1,"9:45 PM","10:24",null,null,"MISS Ellis 26' 3PT Pullup Jump Shot",null,null],["0041400152",10,4,0,1,"9:45 PM","10:23","Terry REBOUND (Off:0 Def:1)",null,null,null,null],["0041400152",12,1,1,1,"9:46 PM","10:14","Harden 26' 3PT Jump Shot (5 PTS) (Ariza 1 AST)",null,null,"0 - 5","5"],["0041400152",13,6,1,1,"9:46 PM","10:02","Ariza P.FOUL (P1.T2) (D.Jones)",null,null,null,null],["0041400152",14,5,1,1,"9:46 PM","9:57",null,null,"Ellis Bad Pass Turnover (P1.T2)",null,null],["0041400152",16,2,46,1,"9:47 PM","9:48","MISS Jones 3' Running Jump Shot",null,null,null,null],["0041400152",17,4,0,1,"9:47 PM","9:47",null,null,"Chandler REBOUND (Off:0 Def:1)",null,null],["0041400152",18,2,77,1,"9:47 PM","9:41",null,null,"MISS Rondo 4' Driving Jump Shot",null,null],["0041400152",19,4,0,1,"9:47 PM","9:40","Jones REBOUND (Off:0 Def:1)",null,null,null,null],["0041400152",20,2,1,1,"9:47 PM","9:34","MISS Ariza  3PT Jump Shot",null,null,null,null],["0041400152",21,4,0,1,"9:47 PM","9:31",null,null,"Nowitzki REBOUND (Off:0 Def:1)",null,null],["0041400152",22,5,1,1,"9:47 PM","9:25","Jones STEAL (1 STL)",null,"Rondo Bad Pass Turnover (P1.T3)",null,null],["0041400152",23,1,5,1,"9:47 PM","9:13","Howard 1' Layup (2 PTS) (Harden 1 AST)",null,null,"0 - 7","7"],["0041400152",24,1,56,1,"9:47 PM","9:02",null,null,"Ellis 6' Running Hook Shot (2 PTS)","2 - 7","5"],["0041400152",25,2,56,1,"9:48 PM","8:36","MISS Howard 6' Running Hook Shot",null,null,null,null],["0041400152",26,4,0,1,"9:48 PM","8:35",null,null,"Nowitzki REBOUND (Off:0 Def:2)",null,null],["0041400152",27,1,78,1,"9:48 PM","8:26",null,null,"Rondo 8' Floating Jump Shot (2 PTS)","4 - 7","3"],["0041400152",28,2,46,1,"9:48 PM","8:09","MISS Harden 5' Running Jump Shot",null,null,null,null],["0041400152",29,4,0,1,"9:48 PM","8:08",null,null,"Nowitzki REBOUND (Off:0 Def:3)",null,null],["0041400152",30,1,42,1,"9:49 PM","8:01",null,null,"Rondo 1' Driving Layup (4 PTS)","6 - 7","1"],["0041400152",31,6,2,1,"9:49 PM","7:43",null,null,"Jefferson S.FOUL (P1.T1) (D.Jones)",null,null],["0041400152",32,3,11,1,"9:49 PM","7:43","Jones Free Throw 1 of 2 (1 PTS)",null,null,"6 - 8","2"],["0041400152",34,3,12,1,"9:49 PM","7:43","MISS Jones Free Throw 2 of 2",null,null,null,null],["0041400152",36,4,0,1,"9:50 PM","7:43",null,null,"Chandler REBOUND (Off:0 Def:2)",null,null],["0041400152",37,5,10,1,"9:50 PM","7:34",null,null,"Mavericks Turnover: 8 Second Violation (T#4)",null,null],["0041400152",38,1,1,1,"9:50 PM","7:30","Terry 26' 3PT Jump Shot (3 PTS) (Howard 1 AST)",null,null,"6 - 11","5"],["0041400152",39,2,1,1,"9:50 PM","7:02",null,null,"MISS Jefferson 26' 3PT Jump Shot",null,null],["0041400152",40,4,0,1,"9:50 PM","7:01","Howard REBOUND (Off:0 Def:2)",null,null,null,null],["0041400152",41,2,42,1,"9:51 PM","6:54","MISS Ariza 2' Driving Layup",null,null,null,null],["0041400152",42,4,0,1,"9:51 PM","6:54","ROCKETS Rebound",null,null,null,null],["0041400152",43,6,3,1,"9:51 PM","6:54",null,null,"Nowitzki L.B.FOUL (P1.T2) (K.Mauer)",null,null],["0041400152",44,8,0,1,"9:51 PM","6:54",null,null,"SUB: Barea FOR Rondo",null,null],["0041400152",45,2,5,1,"9:51 PM","6:46","MISS Howard 3' Layup",null,null,null,null],["0041400152",46,4,0,1,"9:51 PM","6:45",null,null,"Nowitzki REBOUND (Off:0 Def:4)",null,null],["0041400152",47,1,89,1,"9:51 PM","6:41",null,null,"Jefferson  Reverse Slam Dunk (2 PTS) (Ellis 1 AST)","8 - 11","3"],["0041400152",48,1,46,1,"9:52 PM","6:30","Harden 5' Running Jump Shot (7 PTS)",null,null,"8 - 13","5"],["0041400152",49,6,2,1,"9:52 PM","6:30",null,null,"Jefferson S.FOUL (P2.T3) (E.Malloy)",null,null],["0041400152",50,8,0,1,"9:52 PM","6:30",null,null,"SUB: Aminu FOR Jefferson",null,null],["0041400152",53,3,10,1,"9:55 PM","6:30","Harden Free Throw 1 of 1 (8 PTS)",null,null,"8 - 14","6"],["0041400152",56,1,8,1,"9:55 PM","6:17",null,null,"Chandler  Slam Dunk (2 PTS) (Ellis 2 AST)","10 - 14","4"],["0041400152",57,2,5,1,"9:55 PM","5:56","MISS Jones 1' Layup",null,null,null,null],["0041400152",58,4,0,1,"9:55 PM","5:55",null,null,"Chandler REBOUND (Off:0 Def:3)",null,null],["0041400152",59,5,1,1,"9:55 PM","5:49","Terry STEAL (1 STL)",null,"Barea Bad Pass Turnover (P1.T5)",null,null],["0041400152",60,1,8,1,"9:56 PM","5:45","Harden  Slam Dunk (10 PTS) (Terry 1 AST)",null,null,"10 - 16","6"],["0041400152",61,9,1,1,"9:56 PM","5:43",null,null,"Mavericks Timeout: Regular (Reg.1 Short 0)",null,null],["0041400152",63,8,0,1,"9:58 PM","5:43","SUB: Capela FOR Howard",null,null,null,null],["0041400152",64,8,0,1,"9:58 PM","5:43","SUB: Smith FOR Jones",null,null,null,null],["0041400152",65,8,0,1,"9:58 PM","5:43",null,null,"SUB: Stoudemire FOR Chandler",null,null],["0041400152",66,1,84,1,"9:59 PM","5:29",null,null,"Ellis 6' Running Bank Shot (4 PTS) (Nowitzki 1 AST)","12 - 16","4"],["0041400152",67,2,78,1,"9:59 PM","5:14","MISS Smith 4' Floating Jump Shot",null,null,null,null],["0041400152",68,4,0,1,"9:59 PM","5:13",null,null,"Nowitzki REBOUND (Off:0 Def:5)",null,null],["0041400152",69,6,1,1,"10:00 PM","5:06","Harden P.FOUL (P1.T3) (K.Mauer)",null,null,null,null],["0041400152",70,2,5,1,"10:00 PM","4:54","Capela BLOCK (1 BLK)",null,"MISS Aminu 2' Layup",null,null],["0041400152",71,4,0,1,"10:00 PM","4:52",null,null,"Aminu REBOUND (Off:1 Def:0)",null,null],["0041400152",72,2,5,1,"10:00 PM","4:51","Smith BLOCK (1 BLK)",null,"MISS Aminu 3' Layup",null,null],["0041400152",73,4,0,1,"10:00 PM","4:49","Harden REBOUND (Off:0 Def:1)",null,null,null,null],["0041400152",74,5,1,1,"10:00 PM","4:48","Harden Bad Pass Turnover (P1.T1)",null,"Aminu STEAL (1 STL)",null,null],["0041400152",75,1,1,1,"10:00 PM","4:36",null,null,"Nowitzki 17' Jump Shot (2 PTS) (Barea 1 AST)","14 - 16","2"],["0041400152",76,1,88,1,"10:01 PM","4:16","Smith  Driving Slam Dunk (2 PTS)",null,null,"14 - 18","4"],["0041400152",77,2,86,1,"10:01 PM","3:51",null,null,"MISS Nowitzki 9' Turnaround Fadeaway Shot",null,null],["0041400152",78,4,0,1,"10:01 PM","3:50","Harden REBOUND (Off:0 Def:2)",null,null,null,null],["0041400152",79,2,1,1,"10:01 PM","3:43","MISS Ariza 25' 3PT Jump Shot",null,null,null,null],["0041400152",80,4,0,1,"10:01 PM","3:42",null,null,"Nowitzki REBOUND (Off:0 Def:6)",null,null],["0041400152",81,2,79,1,"10:01 PM","3:33",null,null,"MISS Ellis 20' Pullup Jump Shot",null,null],["0041400152",82,4,0,1,"10:01 PM","3:32","Ariza REBOUND (Off:0 Def:1)",null,null,null,null],["0041400152",83,2,42,1,"10:02 PM","3:24","MISS Ariza 2' Driving Layup",null,null,null,null],["0041400152",84,4,0,1,"10:02 PM","3:21","Ariza REBOUND (Off:1 Def:1)",null,null,null,null],["0041400152",85,2,44,1,"10:02 PM","3:20","MISS Ariza 2' Reverse Layup",null,null,null,null],["0041400152",86,4,0,1,"10:02 PM","3:18","Smith REBOUND (Off:1 Def:0)",null,null,null,null],["0041400152",87,2,1,1,"10:02 PM","3:09","MISS Ariza 20' Jump Shot",null,null,null,null],["0041400152",88,4,0,1,"10:02 PM","3:08",null,null,"Nowitzki REBOUND (Off:0 Def:7)",null,null],["0041400152",89,5,4,1,"10:02 PM","2:56",null,null,"Stoudemire Traveling Turnover (P1.T6)",null,null],["0041400152",90,9,1,1,"10:02 PM","2:56","ROCKETS Timeout: Regular (Full 1 Short 0)",null,null,null,null],["0041400152",92,8,0,1,"10:04 PM","2:56","SUB: Prigioni FOR Ariza",null,null,null,null],["0041400152",93,8,0,1,"10:04 PM","2:56","SUB: Brewer FOR Terry",null,null,null,null],["0041400152",94,8,0,1,"10:04 PM","2:56",null,null,"SUB: Villanueva FOR Nowitzki",null,null],["0041400152",95,1,5,1,"10:06 PM","2:39","Capela 2' Layup (2 PTS) (Harden 2 AST)",null,null,"14 - 20","6"],["0041400152",96,2,79,1,"10:06 PM","2:21",null,null,"MISS Barea 7' Pullup Jump Shot",null,null],["0041400152",97,4,0,1,"10:06 PM","2:20","Capela REBOUND (Off:0 Def:1)",null,null,null,null],["0041400152",98,2,1,1,"10:06 PM","2:07","MISS Harden 26' 3PT Jump Shot",null,null,null,null],["0041400152",99,4,0,1,"10:06 PM","2:07",null,null,"Mavericks Rebound",null,null],["0041400152",100,1,1,1,"10:07 PM","1:43",null,null,"Ellis 25' 3PT Jump Shot (7 PTS) (Aminu 1 AST)","17 - 20","3"],["0041400152",101,2,5,1,"10:07 PM","1:29","MISS Smith 1' Layup",null,null,null,null],["0041400152",102,4,0,1,"10:07 PM","1:28",null,null,"Stoudemire REBOUND (Off:0 Def:1)",null,null],["0041400152",103,6,2,1,"10:07 PM","1:25","Harden S.FOUL (P2.T4) (D.Jones)",null,null,null,null],["0041400152",104,3,11,1,"10:07 PM","1:25",null,null,"Aminu Free Throw 1 of 2 (1 PTS)","18 - 20","2"],["0041400152",106,8,0,1,"10:08 PM","1:25","SUB: Howard FOR Capela",null,null,null,null],["0041400152",107,3,12,1,"10:08 PM","1:25",null,null,"Aminu Free Throw 2 of 2 (2 PTS)","19 - 20","1"],["0041400152",109,2,46,1,"10:08 PM","1:11","MISS Smith 8' Running Jump Shot",null,null,null,null],["0041400152",110,4,0,1,"10:08 PM","1:10","Howard REBOUND (Off:1 Def:2)",null,null,null,null],["0041400152",111,6,2,1,"10:08 PM","1:10",null,null,"Aminu S.FOUL (P1.T4) (D.Jones)",null,null],["0041400152",112,3,11,1,"10:09 PM","1:10","MISS Howard Free Throw 1 of 2",null,null,null,null],["0041400152",113,4,1,1,"10:09 PM","1:10","ROCKETS Rebound",null,null,null,null],["0041400152",114,3,12,1,"10:09 PM","1:10","MISS Howard Free Throw 2 of 2",null,null,null,null],["0041400152",116,4,0,1,"10:09 PM","1:09",null,null,"Barea REBOUND (Off:0 Def:1)",null,null],["0041400152",117,2,1,1,"10:09 PM","1:01",null,null,"MISS Ellis 22' Jump Shot",null,null],["0041400152",118,4,0,1,"10:09 PM","1:00","Brewer REBOUND (Off:0 Def:1)",null,null,null,null],["0041400152",119,2,1,1,"10:09 PM","0:53","MISS Smith 24' 3PT Jump Shot",null,null,null,null],["0041400152",120,4,0,1,"10:09 PM","0:52",null,null,"Barea REBOUND (Off:0 Def:2)",null,null],["0041400152",121,2,42,1,"10:09 PM","0:46","Howard BLOCK (1 BLK)",null,"MISS Barea 4' Driving Layup",null,null],["0041400152",122,4,0,1,"10:10 PM","0:46",null,null,"Mavericks Rebound",null,null],["0041400152",124,2,41,1,"10:10 PM","0:37",null,null,"MISS Villanueva 4' Running Layup",null,null],["0041400152",125,4,0,1,"10:10 PM","0:35",null,null,"Aminu REBOUND (Off:2 Def:0)",null,null],["0041400152",126,1,5,1,"10:10 PM","0:34",null,null,"Stoudemire 2' Layup (2 PTS) (Aminu 2 AST)","21 - 20","-1"],["0041400152",127,6,2,1,"10:10 PM","0:34","Smith S.FOUL (P1.PN) (K.Mauer)",null,null,null,null],["0041400152",128,3,10,1,"10:11 PM","0:34",null,null,"Stoudemire Free Throw 1 of 1 (3 PTS)","22 - 20","-2"],["0041400152",131,6,28,1,"10:11 PM","0:32",null,null,"Villanueva Personal Take Foul (P1.PN) (D.Jones)",null,null],["0041400152",132,3,11,1,"10:11 PM","0:32","Howard Free Throw 1 of 2 (3 PTS)",null,null,"22 - 21","-1"],["0041400152",134,8,0,1,"10:11 PM","0:32","SUB: Ariza FOR Harden",null,null,null,null],["0041400152",135,3,12,1,"10:11 PM","0:32","Howard Free Throw 2 of 2 (4 PTS)",null,null,"22 - 22","TIE"],["0041400152",139,6,2,1,"10:12 PM","0:20","Smith S.FOUL (P2.PN) (E.Malloy)",null,null,null,null],["0041400152",140,3,11,1,"10:12 PM","0:20",null,null,"Barea Free Throw 1 of 2 (1 PTS)","23 - 22","-1"],["0041400152",142,8,0,1,"10:12 PM","0:20","SUB: Harden FOR Smith",null,null,null,null],["0041400152",143,3,12,1,"10:13 PM","0:20",null,null,"Barea Free Throw 2 of 2 (2 PTS)","24 - 22","-2"],["0041400152",145,6,2,1,"10:13 PM","0:01",null,null,"Stoudemire S.FOUL (P1.PN) (E.Malloy)",null,null],["0041400152",146,3,11,1,"10:13 PM","0:01","MISS Ariza Free Throw 1 of 2",null,null,null,null],["0041400152",147,4,1,1,"10:13 PM","0:01","ROCKETS Rebound",null,null,null,null],["0041400152",148,3,12,1,"10:13 PM","0:01","Ariza Free Throw 2 of 2 (1 PTS)",null,null,"24 - 23","-1"],["0041400152",150,2,46,1,"10:14 PM","0:00",null,null,"MISS Ellis 49' 3PT Running Jump Shot",null,null],["0041400152",151,4,0,1,"10:14 PM","0:00",null,null,"Mavericks Rebound",null,null],["0041400152",152,13,0,1,"10:14 PM","0:00",null,null,null,"24 - 23","-1"],["0041400152",154,12,0,2,"10:18 PM","12:00",null,null,null,"24 - 23","-1"],["0041400152",155,2,3,2,"10:18 PM","11:41","MISS Howard 5' Hook Shot",null,null,null,null],["0041400152",156,4,0,2,"10:18 PM","11:40",null,null,"Nowitzki REBOUND (Off:0 Def:8)",null,null],["0041400152",157,1,79,2,"10:18 PM","11:32",null,null,"Felton 22' Pullup Jump Shot (2 PTS)","26 - 23","-3"],["0041400152",158,1,78,2,"10:18 PM","11:19","Brewer 8' Floating Jump Shot (2 PTS)",null,null,"26 - 25","-1"],["0041400152",159,1,42,2,"10:19 PM","11:01",null,null,"Aminu 3' Driving Layup (4 PTS)","28 - 25","-3"],["0041400152",160,6,4,2,"10:19 PM","10:50","Howard OFF.Foul (P1) (E.Malloy)",null,null,null,null],["0041400152",161,5,5,2,"10:19 PM","10:50","Howard Foul Turnover (P1.T2)",null,null,null,null],["0041400152",162,2,1,2,"10:19 PM","10:37",null,null,"MISS Barea  3PT Jump Shot",null,null],["0041400152",163,4,0,2,"10:19 PM","10:36","ROCKETS Rebound",null,null,null,null],["0041400152",164,1,84,2,"10:20 PM","10:22","Brewer 13' Running Bank Shot (4 PTS) (Prigioni 1 AST)",null,null,"28 - 27","-1"],["0041400152",165,2,86,2,"10:20 PM","9:58",null,null,"MISS Nowitzki 11' Turnaround Fadeaway Shot",null,null],["0041400152",166,4,0,2,"10:20 PM","9:57",null,null,"Stoudemire REBOUND (Off:1 Def:1)",null,null],["0041400152",167,6,2,2,"10:20 PM","9:42","Brewer S.FOUL (P1.T1) (E.Malloy)",null,null,null,null],["0041400152",168,3,11,2,"10:21 PM","9:42",null,null,"Felton Free Throw 1 of 2 (3 PTS)","29 - 27","-2"],["0041400152",170,8,0,2,"10:21 PM","9:42",null,null,"SUB: Chandler FOR Stoudemire",null,null],["0041400152",171,3,12,2,"10:21 PM","9:42",null,null,"Felton Free Throw 2 of 2 (4 PTS)","30 - 27","-3"],["0041400152",174,6,2,2,"10:21 PM","9:23",null,null,"Chandler S.FOUL (P1.T1) (K.Mauer)",null,null],["0041400152",175,18,0,2,"10:23 PM","9:23",null,null,null,null,null],["0041400152",183,18,2,2,"10:23 PM","9:23",null,null,null,null,null],["0041400152",176,6,11,2,"10:24 PM","9:23",null,null,"Chandler T.FOUL (P1.T1) (K.Mauer)",null,null],["0041400152",177,3,16,2,"10:24 PM","9:23","Ariza Free Throw Technical (2 PTS)",null,null,"30 - 28","-2"],["0041400152",179,3,11,2,"10:24 PM","9:23","Howard Free Throw 1 of 2 (5 PTS)",null,null,"30 - 29","-1"],["0041400152",181,3,12,2,"10:25 PM","9:23","Howard Free Throw 2 of 2 (6 PTS)",null,null,"30 - 30","TIE"],["0041400152",184,2,46,2,"10:25 PM","9:15",null,null,"MISS Felton 8' Running Jump Shot",null,null],["0041400152",185,4,0,2,"10:25 PM","9:14","Jones REBOUND (Off:0 Def:2)",null,null,null,null],["0041400152",186,2,86,2,"10:25 PM","9:02","MISS Brewer 13' Turnaround Fadeaway Shot",null,null,null,null],["0041400152",187,4,0,2,"10:25 PM","9:01",null,null,"Nowitzki REBOUND (Off:0 Def:9)",null,null],["0041400152",188,1,5,2,"10:25 PM","8:50",null,null,"Aminu 2' Layup (6 PTS)","32 - 30","-2"],["0041400152",189,1,46,2,"10:26 PM","8:34","Prigioni 15' Running Jump Shot (2 PTS)",null,null,"32 - 32","TIE"],["0041400152",190,2,1,2,"10:26 PM","8:21",null,null,"MISS Nowitzki 25' 3PT Jump Shot",null,null],["0041400152",191,4,0,2,"10:26 PM","8:20","Prigioni REBOUND (Off:0 Def:1)",null,null,null,null],["0041400152",193,1,41,2,"10:26 PM","8:01","Brewer 4' Running Layup (6 PTS) (Prigioni 2 AST)",null,null,"32 - 34","2"],["0041400152",194,9,1,2,"10:26 PM","7:56",null,null,"Mavericks Timeout: Regular (Reg.2 Short 0)",null,null],["0041400152",198,2,5,2,"10:30 PM","7:39","Howard BLOCK (2 BLK)",null,"MISS Chandler 3' Layup",null,null],["0041400152",199,4,0,2,"10:30 PM","7:38","Jones REBOUND (Off:0 Def:3)",null,null,null,null],["0041400152",200,2,5,2,"10:30 PM","7:33","MISS Brewer 2' Layup",null,"Aminu BLOCK (1 BLK)",null,null],["0041400152",201,4,0,2,"10:30 PM","7:32",null,null,"Barea REBOUND (Off:0 Def:3)",null,null],["0041400152",202,6,1,2,"10:30 PM","7:31","Prigioni P.FOUL (P1.T2) (K.Mauer)",null,null,null,null],["0041400152",203,1,42,2,"10:31 PM","7:17",null,null,"Felton 3' Driving Layup (6 PTS)","34 - 34","TIE"],["0041400152",204,2,1,2,"10:31 PM","7:05","MISS Prigioni 26' 3PT Jump Shot",null,null,null,null],["0041400152",205,4,0,2,"10:31 PM","7:04",null,null,"Nowitzki REBOUND (Off:0 Def:10)",null,null],["0041400152",206,1,42,2,"10:31 PM","6:58",null,null,"Barea 2' Driving Layup (4 PTS)","36 - 34","-2"],["0041400152",207,2,1,2,"10:31 PM","6:44","MISS Jones 14' Jump Shot",null,null,null,null],["0041400152",209,4,0,2,"10:31 PM","6:43","Howard REBOUND (Off:2 Def:2)",null,null,null,null],["0041400152",208,1,4,2,"10:31 PM","6:43","Howard 1' Tip Shot (8 PTS)",null,null,"36 - 36","TIE"],["0041400152",210,1,63,2,"10:32 PM","6:22",null,null,"Nowitzki 14' Fadeaway Jumper (4 PTS)","38 - 36","-2"],["0041400152",211,6,4,2,"10:32 PM","6:16","Howard OFF.Foul (P2) (D.Jones)",null,null,null,null],["0041400152",212,5,5,2,"10:32 PM","6:16","Howard Foul Turnover (P2.T3)",null,null,null,null],["0041400152",213,8,0,2,"10:32 PM","6:16","SUB: Terry FOR Prigioni",null,null,null,null],["0041400152",214,8,0,2,"10:32 PM","6:16","SUB: Smith FOR Howard",null,null,null,null],["0041400152",215,8,0,2,"10:32 PM","6:16","SUB: Harden FOR Brewer",null,null,null,null],["0041400152",216,8,0,2,"10:32 PM","6:16",null,null,"SUB: Villanueva FOR Nowitzki",null,null],["0041400152",217,5,1,2,"10:33 PM","6:03","Harden STEAL (1 STL)",null,"Barea Bad Pass Turnover (P2.T7)",null,null],["0041400152",218,1,7,2,"10:33 PM","5:59","Ariza  Dunk (4 PTS) (Harden 3 AST)",null,null,"38 - 38","TIE"],["0041400152",219,2,1,2,"10:33 PM","5:41",null,null,"MISS Felton 27' 3PT Jump Shot",null,null],["0041400152",220,4,0,2,"10:33 PM","5:40",null,null,"Chandler REBOUND (Off:1 Def:3)",null,null],["0041400152",221,2,1,2,"10:33 PM","5:35",null,null,"MISS Villanueva  3PT Jump Shot",null,null],["0041400152",222,4,0,2,"10:33 PM","5:34","Smith REBOUND (Off:1 Def:1)",null,null,null,null],["0041400152",223,6,26,2,"10:33 PM","5:30","Smith Offensive Charge Foul (P3.T3) (K.Mauer)",null,null,null,null],["0041400152",224,5,5,2,"10:33 PM","5:30","Smith Foul Turnover (P1.T4)",null,null,null,null],["0041400152",225,9,4,2,"10:33 PM","5:30",null,null,null,null,null],["0041400152",227,8,0,2,"10:35 PM","5:30","SUB: Capela FOR Smith",null,null,null,null],["0041400152",228,8,0,2,"10:35 PM","5:30",null,null,"SUB: Jefferson FOR Barea",null,null],["0041400152",229,8,0,2,"10:35 PM","5:30",null,null,"SUB: Ellis FOR Aminu",null,null],["0041400152",230,8,0,2,"10:35 PM","5:30",null,null,"SUB: Rondo FOR Felton",null,null],["0041400152",231,1,42,2,"10:37 PM","5:12",null,null,"Villanueva 5' Driving Layup (2 PTS) (Rondo 1 AST)","40 - 38","-2"],["0041400152",232,2,44,2,"10:37 PM","4:55","MISS Capela 3' Reverse Layup",null,null,null,null],["0041400152",233,4,0,2,"10:37 PM","4:51","ROCKETS Rebound",null,null,null,null],["0041400152",234,2,5,2,"10:38 PM","4:44","MISS Harden 3' Layup",null,"Chandler BLOCK (1 BLK)",null,null],["0041400152",235,4,0,2,"10:38 PM","4:43",null,null,"Ellis REBOUND (Off:0 Def:2)",null,null],["0041400152",236,2,1,2,"10:38 PM","4:38","Capela BLOCK (2 BLK)",null,"MISS Ellis 4' Jump Shot",null,null],["0041400152",237,4,0,2,"10:38 PM","4:37",null,null,"Ellis REBOUND (Off:1 Def:2)",null,null],["0041400152",238,1,72,2,"10:38 PM","4:36",null,null,"Ellis 1' Putback Layup (9 PTS)","42 - 38","-4"],["0041400152",239,1,5,2,"10:38 PM","4:24","Jones 1' Layup (3 PTS) (Capela 1 AST)",null,null,"42 - 40","-2"],["0041400152",240,2,1,2,"10:39 PM","4:01",null,null,"MISS Jefferson 25' 3PT Jump Shot",null,null],["0041400152",241,4,0,2,"10:39 PM","4:00","Harden REBOUND (Off:0 Def:3)",null,null,null,null],["0041400152",242,2,1,2,"10:39 PM","3:53","MISS Jones 25' 3PT Jump Shot",null,null,null,null],["0041400152",243,4,0,2,"10:39 PM","3:51",null,null,"Rondo REBOUND (Off:0 Def:1)",null,null],["0041400152",244,2,43,2,"10:39 PM","3:28",null,null,"MISS Chandler 2' Alley Oop Layup",null,null],["0041400152",246,4,0,2,"10:39 PM","3:27",null,null,"Chandler REBOUND (Off:2 Def:3)",null,null],["0041400152",245,2,4,2,"10:39 PM","3:26",null,null,"MISS Chandler 2' Tip Shot",null,null],["0041400152",247,4,0,2,"10:39 PM","3:25","Capela REBOUND (Off:0 Def:2)",null,null,null,null],["0041400152",248,6,29,2,"10:39 PM","3:22",null,null,"Villanueva Shooting Block Foul (P2.T2) (D.Jones)",null,null],["0041400152",249,3,11,2,"10:40 PM","3:22","Harden Free Throw 1 of 2 (11 PTS)",null,null,"42 - 41","-1"],["0041400152",251,8,0,2,"10:40 PM","3:22","SUB: Brewer FOR Jones",null,null,null,null],["0041400152",252,8,0,2,"10:40 PM","3:22",null,null,"SUB: Nowitzki FOR Villanueva",null,null],["0041400152",253,3,12,2,"10:40 PM","3:22","Harden Free Throw 2 of 2 (12 PTS)",null,null,"42 - 42","TIE"],["0041400152",256,2,1,2,"10:41 PM","3:03",null,null,"MISS Ellis 25' 3PT Jump Shot",null,null],["0041400152",257,4,0,2,"10:41 PM","3:02","ROCKETS Rebound",null,null,null,null],["0041400152",258,9,1,2,"10:41 PM","2:56","ROCKETS Timeout: Regular (Full 2 Short 0)",null,null,null,null],["0041400152",261,1,1,2,"10:44 PM","2:46","Terry 26' 3PT Jump Shot (6 PTS) (Harden 4 AST)",null,null,"42 - 45","3"],["0041400152",262,1,1,2,"10:45 PM","2:24",null,null,"Jefferson 24' 3PT Jump Shot (5 PTS) (Ellis 3 AST)","45 - 45","TIE"],["0041400152",263,2,7,2,"10:45 PM","2:10","MISS Capela  Dunk",null,null,null,null],["0041400152",264,4,0,2,"10:45 PM","2:08",null,null,"Chandler REBOUND (Off:2 Def:4)",null,null],["0041400152",265,2,42,2,"10:45 PM","2:04",null,null,"MISS Jefferson 1' Driving Layup",null,null],["0041400152",266,4,0,2,"10:45 PM","2:02",null,null,"Rondo REBOUND (Off:1 Def:1)",null,null],["0041400152",267,2,1,2,"10:45 PM","1:57",null,null,"MISS Ellis  3PT Jump Shot",null,null],["0041400152",268,4,0,2,"10:45 PM","1:56","Capela REBOUND (Off:0 Def:3)",null,null,null,null],["0041400152",271,1,7,2,"10:45 PM","1:44","Capela  Dunk (4 PTS) (Terry 2 AST)",null,null,"45 - 47","2"],["0041400152",272,2,86,2,"10:46 PM","1:27",null,null,"MISS Nowitzki 11' Turnaround Fadeaway Shot",null,null],["0041400152",273,4,0,2,"10:46 PM","1:26","Capela REBOUND (Off:0 Def:4)",null,null,null,null],["0041400152",274,6,27,2,"10:46 PM","1:22",null,null,"Rondo Personal Block Foul (P1.T3) (K.Mauer)",null,null],["0041400152",275,8,0,2,"10:47 PM","1:22","SUB: Jones FOR Capela",null,null,null,null],["0041400152",277,6,1,2,"10:47 PM","1:15",null,null,"Rondo P.FOUL (P2.PN) (K.Mauer)",null,null],["0041400152",278,3,11,2,"10:47 PM","1:15","Harden Free Throw 1 of 2 (13 PTS)",null,null,"45 - 48","3"],["0041400152",280,8,0,2,"10:47 PM","1:15",null,null,"SUB: Barea FOR Rondo",null,null],["0041400152",281,3,12,2,"10:47 PM","1:15","Harden Free Throw 2 of 2 (14 PTS)",null,null,"45 - 49","4"],["0041400152",283,1,42,2,"10:48 PM","0:58",null,null,"Barea 1' Driving Layup (6 PTS)","47 - 49","2"],["0041400152",284,1,42,2,"10:48 PM","0:54","Harden 2' Driving Layup (16 PTS)",null,null,"47 - 51","4"],["0041400152",285,6,2,2,"10:48 PM","0:46","Terry S.FOUL (P1.T4) (K.Mauer)",null,null,null,null],["0041400152",286,3,11,2,"10:49 PM","0:46",null,null,"Ellis Free Throw 1 of 2 (10 PTS)","48 - 51","3"],["0041400152",289,8,0,2,"10:49 PM","0:46",null,null,"SUB: Aminu FOR Nowitzki",null,null],["0041400152",290,3,12,2,"10:49 PM","0:46",null,null,"Ellis Free Throw 2 of 2 (11 PTS)","49 - 51","2"],["0041400152",292,2,80,2,"10:50 PM","0:28","MISS Harden 24' 3PT Step Back Jump Shot",null,null,null,null],["0041400152",293,4,0,2,"10:50 PM","0:27","Jones REBOUND (Off:1 Def:3)",null,null,null,null],["0041400152",294,6,2,2,"10:50 PM","0:26",null,null,"Chandler S.FOUL (P2.PN) (K.Mauer)",null,null],["0041400152",295,3,11,2,"10:50 PM","0:26","Jones Free Throw 1 of 2 (4 PTS)",null,null,"49 - 52","3"],["0041400152",297,8,0,2,"10:50 PM","0:26",null,null,"SUB: Nowitzki FOR Aminu",null,null],["0041400152",298,8,0,2,"10:50 PM","0:26",null,null,"SUB: Stoudemire FOR Chandler",null,null],["0041400152",299,9,2,2,"10:51 PM","0:26",null,null,"Mavericks Timeout: Short (Reg.2 Short 1)",null,null],["0041400152",301,3,12,2,"10:51 PM","0:26","Jones Free Throw 2 of 2 (5 PTS)",null,null,"49 - 53","4"],["0041400152",303,6,1,2,"10:52 PM","0:07","Terry P.FOUL (P2.PN) (K.Mauer)",null,null,null,null],["0041400152",304,3,11,2,"10:53 PM","0:07",null,null,"Nowitzki Free Throw 1 of 2 (5 PTS)","50 - 53","3"],["0041400152",306,9,2,2,"10:53 PM","0:07","ROCKETS Timeout: Short (Full 2 Short 1)",null,null,null,null],["0041400152",307,8,0,2,"10:53 PM","0:07",null,null,"SUB: Aminu FOR Stoudemire",null,null],["0041400152",308,3,12,2,"10:54 PM","0:07",null,null,"Nowitzki Free Throw 2 of 2 (6 PTS)","51 - 53","2"],["0041400152",310,2,5,2,"10:54 PM","0:02","MISS Jones 2' Layup",null,null,null,null],["0041400152",311,4,0,2,"10:54 PM","0:01",null,null,"Barea REBOUND (Off:0 Def:4)",null,null],["0041400152",312,2,1,2,"10:54 PM","0:00",null,null,"MISS Barea 48' 3PT Jump Shot",null,null],["0041400152",313,4,0,2,"10:54 PM","0:00",null,null,"Mavericks Rebound",null,null],["0041400152",314,13,0,2,"10:54 PM","0:00",null,null,null,"51 - 53","2"],["0041400152",316,12,0,3,"11:12 PM","12:00",null,null,null,"51 - 53","2"],["0041400152",317,6,1,3,"11:12 PM","11:50",null,null,"Rondo P.FOUL (P3.T1) (D.Jones)",null,null],["0041400152",318,6,11,3,"11:12 PM","11:50",null,null,"Rondo T.FOUL (P3.T1) (D.Jones)",null,null],["0041400152",319,3,16,3,"11:13 PM","11:50","Harden Free Throw Technical (17 PTS)",null,null,"51 - 54","3"],["0041400152",321,5,1,3,"11:13 PM","11:45","Harden Bad Pass Turnover (P2.T5)",null,"Nowitzki STEAL (1 STL)",null,null],["0041400152",322,6,2,3,"11:13 PM","11:40","Ariza S.FOUL (P2.T1) (E.Malloy)",null,null,null,null],["0041400152",323,3,11,3,"11:14 PM","11:40",null,null,"Jefferson Free Throw 1 of 2 (6 PTS)","52 - 54","2"],["0041400152",325,3,12,3,"11:14 PM","11:40",null,null,"Jefferson Free Throw 2 of 2 (7 PTS)","53 - 54","1"],["0041400152",327,6,2,3,"11:14 PM","11:26",null,null,"Rondo S.FOUL (P4.T2) (K.Mauer)",null,null],["0041400152",328,18,1,3,"11:15 PM","11:26",null,null,null,null,null],["0041400152",329,3,13,3,"11:16 PM","11:26","Harden Free Throw 1 of 3 (18 PTS)",null,null,"53 - 55","2"],["0041400152",331,3,14,3,"11:16 PM","11:26","Harden Free Throw 2 of 3 (19 PTS)",null,null,"53 - 56","3"],["0041400152",333,8,0,3,"11:16 PM","11:26",null,null,"SUB: Barea FOR Rondo",null,null],["0041400152",334,3,15,3,"11:16 PM","11:26","Harden Free Throw 3 of 3 (20 PTS)",null,null,"53 - 57","4"],["0041400152",336,1,46,3,"11:17 PM","11:11",null,null,"Ellis 6' Running Jump Shot (13 PTS) (Barea 2 AST)","55 - 57","2"],["0041400152",337,2,42,3,"11:17 PM","11:01","MISS Ariza 2' Driving Layup",null,null,null,null],["0041400152",338,4,0,3,"11:17 PM","11:00",null,null,"Barea REBOUND (Off:0 Def:5)",null,null],["0041400152",339,2,1,3,"11:17 PM","10:43",null,null,"MISS Nowitzki 18' Jump Shot",null,null],["0041400152",340,4,0,3,"11:17 PM","10:42","Ariza REBOUND (Off:1 Def:2)",null,null,null,null],["0041400152",341,2,86,3,"11:17 PM","10:30","MISS Harden 13' Turnaround Fadeaway Shot",null,null,null,null],["0041400152",343,4,0,3,"11:17 PM","10:29","Howard REBOUND (Off:3 Def:2)",null,null,null,null],["0041400152",342,1,72,3,"11:17 PM","10:29","Howard 2' Putback Layup (10 PTS)",null,null,"55 - 59","4"],["0041400152",344,6,2,3,"11:17 PM","10:29",null,null,"Chandler S.FOUL (P3.T3) (E.Malloy)",null,null],["0041400152",345,3,10,3,"11:18 PM","10:29","Howard Free Throw 1 of 1 (11 PTS)",null,null,"55 - 60","5"],["0041400152",347,1,1,3,"11:18 PM","10:10",null,null,"Nowitzki 6' Jump Shot (8 PTS)","57 - 60","3"],["0041400152",348,2,1,3,"11:18 PM","9:55","MISS Ariza  3PT Jump Shot",null,null,null,null],["0041400152",349,4,0,3,"11:18 PM","9:54","Jones REBOUND (Off:2 Def:3)",null,null,null,null],["0041400152",350,5,1,3,"11:19 PM","9:36","Harden Bad Pass Turnover (P3.T6)",null,null,null,null],["0041400152",351,2,46,3,"11:19 PM","9:21",null,null,"MISS Barea 11' Running Jump Shot",null,null],["0041400152",352,4,0,3,"11:19 PM","9:20","Jones REBOUND (Off:2 Def:4)",null,null,null,null],["0041400152",353,2,63,3,"11:19 PM","8:55","MISS Harden 14' Fadeaway Jumper",null,null,null,null],["0041400152",354,4,0,3,"11:19 PM","8:52","Howard REBOUND (Off:4 Def:2)",null,null,null,null],["0041400152",355,1,88,3,"11:20 PM","8:50","Howard  Driving Slam Dunk (13 PTS)",null,null,"57 - 62","5"],["0041400152",356,6,2,3,"11:20 PM","8:39","Ariza S.FOUL (P3.T2) (E.Malloy)",null,null,null,null],["0041400152",357,3,11,3,"11:20 PM","8:39",null,null,"Ellis Free Throw 1 of 2 (14 PTS)","58 - 62","4"],["0041400152",359,3,12,3,"11:20 PM","8:39",null,null,"Ellis Free Throw 2 of 2 (15 PTS)","59 - 62","3"],["0041400152",361,2,80,3,"11:21 PM","8:14","MISS Harden 20' Step Back Jump Shot",null,null,null,null],["0041400152",362,4,0,3,"11:21 PM","8:13",null,null,"Nowitzki REBOUND (Off:0 Def:11)",null,null],["0041400152",363,6,2,3,"11:21 PM","8:07","Harden S.FOUL (P3.T3) (D.Jones)",null,null,null,null],["0041400152",364,3,11,3,"11:21 PM","8:07",null,null,"Chandler Free Throw 1 of 2 (3 PTS)","60 - 62","2"],["0041400152",366,8,0,3,"11:22 PM","8:07","SUB: Smith FOR Jones",null,null,null,null],["0041400152",369,3,12,3,"11:22 PM","8:07",null,null,"Chandler Free Throw 2 of 2 (4 PTS)","61 - 62","1"],["0041400152",371,1,1,3,"11:23 PM","7:52","Smith 25' 3PT Jump Shot (5 PTS) (Harden 5 AST)",null,null,"61 - 65","4"],["0041400152",372,2,5,3,"11:23 PM","7:26",null,null,"MISS Jefferson 2' Layup",null,null],["0041400152",373,4,0,3,"11:23 PM","7:25",null,null,"Chandler REBOUND (Off:3 Def:4)",null,null],["0041400152",374,2,87,3,"11:23 PM","7:24",null,null,"MISS Chandler  Putback Dunk",null,null],["0041400152",375,4,0,3,"11:23 PM","7:23","Smith REBOUND (Off:1 Def:2)",null,null,null,null],["0041400152",376,5,1,3,"11:24 PM","7:19","Ariza Bad Pass Turnover (P1.T7)",null,null,null,null],["0041400152",377,1,1,3,"11:24 PM","7:04",null,null,"Barea 25' 3PT Jump Shot (9 PTS)","64 - 65","1"],["0041400152",379,2,5,3,"11:24 PM","6:46","MISS Smith 2' Layup",null,"Chandler BLOCK (2 BLK)",null,null],["0041400152",380,4,0,3,"11:24 PM","6:45","Smith REBOUND (Off:2 Def:2)",null,null,null,null],["0041400152",381,1,58,3,"11:24 PM","6:41","Smith 5' Turnaround Hook Shot (7 PTS)",null,null,"64 - 67","3"],["0041400152",382,2,1,3,"11:25 PM","6:21",null,null,"MISS Nowitzki 18' Jump Shot",null,null],["0041400152",383,4,0,3,"11:25 PM","6:20","Howard REBOUND (Off:4 Def:3)",null,null,null,null],["0041400152",384,2,79,3,"11:25 PM","6:11","MISS Harden 23' Pullup Jump Shot",null,null,null,null],["0041400152",385,4,0,3,"11:25 PM","6:10","Ariza REBOUND (Off:2 Def:2)",null,null,null,null],["0041400152",386,5,40,3,"11:25 PM","5:59","Harden Out of Bounds Lost Ball Turnover (P4.T8)",null,null,null,null],["0041400152",387,9,1,3,"11:25 PM","5:59","ROCKETS Timeout: Regular (Full 3 Short 1)",null,null,null,null],["0041400152",389,8,0,3,"11:28 PM","5:59",null,null,"SUB: Villanueva FOR Nowitzki",null,null],["0041400152",390,5,1,3,"11:28 PM","5:51","Smith STEAL (1 STL)",null,"Barea Bad Pass Turnover (P3.T8)",null,null],["0041400152",391,1,7,3,"11:28 PM","5:49","Smith  Dunk (9 PTS)",null,null,"64 - 69","5"],["0041400152",392,6,2,3,"11:29 PM","5:39","Howard S.FOUL (P3.T4) (E.Malloy)",null,null,null,null],["0041400152",393,3,11,3,"11:29 PM","5:39",null,null,"Chandler Free Throw 1 of 2 (5 PTS)","65 - 69","4"],["0041400152",395,3,12,3,"11:29 PM","5:39",null,null,"Chandler Free Throw 2 of 2 (6 PTS)","66 - 69","3"],["0041400152",397,6,2,3,"11:30 PM","5:23",null,null,"Villanueva S.FOUL (P3.T4) (E.Malloy)",null,null],["0041400152",398,3,11,3,"11:30 PM","5:23","Howard Free Throw 1 of 2 (14 PTS)",null,null,"66 - 70","4"],["0041400152",400,8,0,3,"11:30 PM","5:23","SUB: Brewer FOR Ariza",null,null,null,null],["0041400152",401,8,0,3,"11:30 PM","5:23",null,null,"SUB: Nowitzki FOR Villanueva",null,null],["0041400152",402,3,12,3,"11:30 PM","5:23","Howard Free Throw 2 of 2 (15 PTS)",null,null,"66 - 71","5"],["0041400152",404,2,79,3,"11:31 PM","5:09",null,null,"MISS Ellis 22' Pullup Jump Shot",null,null],["0041400152",405,4,0,3,"11:31 PM","5:09","Terry REBOUND (Off:0 Def:2)",null,null,null,null],["0041400152",406,1,5,3,"11:31 PM","5:05","Smith 2' Layup (11 PTS) (Brewer 1 AST)",null,null,"66 - 73","7"],["0041400152",407,6,2,3,"11:31 PM","5:05",null,null,"Ellis S.FOUL (P1.PN) (K.Mauer)",null,null],["0041400152",408,3,10,3,"11:31 PM","5:05","MISS Smith Free Throw 1 of 1",null,null,null,null],["0041400152",410,4,0,3,"11:32 PM","5:04","Howard REBOUND (Off:5 Def:3)",null,null,null,null],["0041400152",411,2,80,3,"11:32 PM","4:52","MISS Harden 18' Step Back Jump Shot",null,null,null,null],["0041400152",413,4,0,3,"11:32 PM","4:51","Brewer REBOUND (Off:1 Def:1)",null,null,null,null],["0041400152",412,2,4,3,"11:32 PM","4:51","MISS Brewer 1' Tip Shot",null,null,null,null],["0041400152",414,4,0,3,"11:32 PM","4:49",null,null,"Mavericks Rebound",null,null],["0041400152",415,1,5,3,"11:32 PM","4:30",null,null,"Ellis 1' Layup (17 PTS) (Nowitzki 2 AST)","68 - 73","5"],["0041400152",416,1,52,3,"11:33 PM","4:17","Howard  Alley Oop Dunk (17 PTS) (Smith 1 AST)",null,null,"68 - 75","7"],["0041400152",417,1,84,3,"11:33 PM","4:00",null,null,"Barea 3' Running Bank Shot (11 PTS)","70 - 75","5"],["0041400152",418,1,1,3,"11:33 PM","3:47","Terry 10' Jump Shot (8 PTS)",null,null,"70 - 77","7"],["0041400152",419,6,2,3,"11:33 PM","3:47",null,null,"Barea S.FOUL (P1.PN) (K.Mauer)",null,null],["0041400152",420,8,0,3,"11:33 PM","3:47","SUB: Capela FOR Howard",null,null,null,null],["0041400152",421,8,0,3,"11:34 PM","3:47",null,null,"SUB: Stoudemire FOR Chandler",null,null],["0041400152",422,9,1,3,"11:34 PM","3:47",null,null,"Mavericks Timeout: Regular (Reg.3 Short 1)",null,null],["0041400152",424,3,10,3,"11:37 PM","3:47","MISS Terry Free Throw 1 of 1",null,null,null,null],["0041400152",426,4,0,3,"11:37 PM","3:47",null,null,"Nowitzki REBOUND (Off:0 Def:12)",null,null],["0041400152",427,6,2,3,"11:37 PM","3:31","Brewer S.FOUL (P2.PN) (K.Mauer)",null,null,null,null],["0041400152",428,3,11,3,"11:37 PM","3:31",null,null,"Ellis Free Throw 1 of 2 (18 PTS)","71 - 77","6"],["0041400152",430,8,0,3,"11:38 PM","3:31","SUB: Prigioni FOR Terry",null,null,null,null],["0041400152",431,8,0,3,"11:38 PM","3:31",null,null,"SUB: Aminu FOR Jefferson",null,null],["0041400152",432,3,12,3,"11:38 PM","3:31",null,null,"Ellis Free Throw 2 of 2 (19 PTS)","72 - 77","5"],["0041400152",434,6,28,3,"11:38 PM","3:29",null,null,"Stoudemire Personal Take Foul (P2.PN) (D.Jones)",null,null],["0041400152",435,3,11,3,"11:38 PM","3:29","MISS Capela Free Throw 1 of 2",null,null,null,null],["0041400152",436,4,1,3,"11:38 PM","3:29","ROCKETS Rebound",null,null,null,null],["0041400152",437,3,12,3,"11:39 PM","3:29","Capela Free Throw 2 of 2 (5 PTS)",null,null,"72 - 78","6"],["0041400152",439,5,2,3,"11:39 PM","3:12","Brewer STEAL (1 STL)",null,"Barea Lost Ball Turnover (P4.T9)",null,null],["0041400152",440,5,2,3,"11:39 PM","3:09","Brewer Lost Ball Turnover (P1.T9)",null,"Aminu STEAL (2 STL)",null,null],["0041400152",441,2,79,3,"11:39 PM","3:02",null,null,"MISS Ellis 26' 3PT Pullup Jump Shot",null,null],["0041400152",442,4,0,3,"11:39 PM","3:00",null,null,"Stoudemire REBOUND (Off:2 Def:1)",null,null],["0041400152",443,2,1,3,"11:40 PM","2:50",null,null,"MISS Barea 25' 3PT Jump Shot",null,null],["0041400152",444,4,0,3,"11:40 PM","2:47",null,null,"Barea REBOUND (Off:1 Def:5)",null,null],["0041400152",445,1,80,3,"11:40 PM","2:39",null,null,"Aminu 25' 3PT Step Back Jump Shot (9 PTS) (Stoudemire 1 AST)","75 - 78","3"],["0041400152",446,2,1,3,"11:40 PM","2:18","MISS Smith  3PT Jump Shot",null,null,null,null],["0041400152",447,4,0,3,"11:40 PM","2:18","ROCKETS Rebound",null,null,null,null],["0041400152",448,8,0,3,"11:40 PM","2:18",null,null,"SUB: Felton FOR Barea",null,null],["0041400152",449,8,0,3,"11:40 PM","2:18","SUB: Jones FOR Capela",null,null,null,null],["0041400152",450,2,1,3,"11:41 PM","2:14","MISS Smith 25' 3PT Jump Shot",null,null,null,null],["0041400152",451,4,0,3,"11:41 PM","2:13",null,null,"Aminu REBOUND (Off:2 Def:1)",null,null],["0041400152",452,2,79,3,"11:41 PM","2:05",null,null,"MISS Ellis 20' Pullup Jump Shot",null,null],["0041400152",453,4,0,3,"11:41 PM","2:03","Brewer REBOUND (Off:1 Def:2)",null,null,null,null],["0041400152",454,2,5,3,"11:41 PM","1:59","MISS Brewer 2' Layup",null,null,null,null],["0041400152",455,4,0,3,"11:41 PM","1:58",null,null,"Felton REBOUND (Off:0 Def:1)",null,null],["0041400152",456,2,1,3,"11:41 PM","1:52",null,null,"MISS Nowitzki 17' Jump Shot",null,null],["0041400152",457,4,0,3,"11:41 PM","1:51","Brewer REBOUND (Off:1 Def:3)",null,null,null,null],["0041400152",459,2,1,3,"11:41 PM","1:42","MISS Brewer  3PT Jump Shot",null,null,null,null],["0041400152",460,4,0,3,"11:41 PM","1:40",null,null,"Ellis REBOUND (Off:1 Def:3)",null,null],["0041400152",461,2,1,3,"11:41 PM","1:19",null,null,"MISS Felton 25' 3PT Jump Shot",null,null],["0041400152",462,4,0,3,"11:42 PM","1:17",null,null,"Aminu REBOUND (Off:3 Def:1)",null,null],["0041400152",463,1,5,3,"11:42 PM","1:10",null,null,"Stoudemire 1' Layup (5 PTS) (Felton 1 AST)","77 - 78","1"],["0041400152",465,1,1,3,"11:42 PM","0:48","Brewer  3PT Jump Shot (9 PTS) (Smith 2 AST)",null,null,"77 - 81","4"],["0041400152",466,2,1,3,"11:42 PM","0:35",null,null,"MISS Ellis 5' Jump Shot",null,null],["0041400152",467,4,0,3,"11:42 PM","0:34",null,null,"Nowitzki REBOUND (Off:1 Def:12)",null,null],["0041400152",468,2,44,3,"11:42 PM","0:30",null,null,"MISS Nowitzki 3' Reverse Layup",null,null],["0041400152",469,4,0,3,"11:42 PM","0:29","Harden REBOUND (Off:0 Def:4)",null,null,null,null],["0041400152",470,2,5,3,"11:42 PM","0:24","MISS Harden 2' Layup",null,"Aminu BLOCK (2 BLK)",null,null],["0041400152",471,4,0,3,"11:43 PM","0:23","ROCKETS Rebound",null,null,null,null],["0041400152",472,8,0,3,"11:43 PM","0:23",null,null,"SUB: Jefferson FOR Nowitzki",null,null],["0041400152",474,8,0,3,"11:43 PM","0:23",null,null,"SUB: Chandler FOR Stoudemire",null,null],["0041400152",475,5,11,3,"11:44 PM","0:05","ROCKETS Turnover: Shot Clock (T#10)",null,null,null,null],["0041400152",476,8,0,3,"11:44 PM","0:05",null,null,"SUB: Villanueva FOR Chandler",null,null],["0041400152",477,1,79,3,"11:44 PM","0:00",null,null,"Ellis 30' 3PT Pullup Jump Shot (22 PTS) (Felton 2 AST)","80 - 81","1"],["0041400152",478,13,0,3,"11:44 PM","0:00",null,null,null,"80 - 81","1"],["0041400152",480,12,0,4,"11:48 PM","12:00",null,null,null,"80 - 81","1"],["0041400152",481,1,79,4,"11:48 PM","11:39",null,null,"Ellis 13' Pullup Jump Shot (24 PTS)","82 - 81","-1"],["0041400152",482,2,44,4,"11:49 PM","11:21","MISS Prigioni 1' Reverse Layup",null,null,null,null],["0041400152",483,4,0,4,"11:49 PM","11:20",null,null,"Villanueva REBOUND (Off:0 Def:1)",null,null],["0041400152",484,1,1,4,"11:49 PM","11:09",null,null,"Stoudemire 6' Jump Shot (7 PTS)","84 - 81","-3"],["0041400152",485,6,2,4,"11:49 PM","10:54",null,null,"Stoudemire S.FOUL (P3.T1) (K.Mauer)",null,null],["0041400152",486,18,0,4,"11:50 PM","10:54",null,null,null,null,null],["0041400152",487,3,11,4,"11:51 PM","10:54","Howard Free Throw 1 of 2 (18 PTS)",null,null,"84 - 82","-2"],["0041400152",489,3,12,4,"11:51 PM","10:54","MISS Howard Free Throw 2 of 2",null,null,null,null],["0041400152",491,4,0,4,"11:51 PM","10:54","Smith REBOUND (Off:3 Def:2)",null,null,null,null],["0041400152",492,1,52,4,"11:51 PM","10:50","Howard  Alley Oop Dunk (20 PTS) (Smith 3 AST)",null,null,"84 - 84","TIE"],["0041400152",493,2,79,4,"11:52 PM","10:23",null,null,"MISS Ellis 20' Pullup Jump Shot",null,null],["0041400152",494,4,0,4,"11:52 PM","10:22","Howard REBOUND (Off:5 Def:4)",null,null,null,null],["0041400152",495,1,5,4,"11:52 PM","10:18","Brewer 1' Layup (11 PTS) (Howard 2 AST)",null,null,"84 - 86","2"],["0041400152",496,9,1,4,"11:52 PM","10:17",null,null,"Mavericks Timeout: Regular (Reg.4 Short 1)",null,null],["0041400152",498,8,0,4,"11:54 PM","10:17",null,null,"SUB: Nowitzki FOR Ellis",null,null],["0041400152",499,8,0,4,"11:54 PM","10:17",null,null,"SUB: Barea FOR Villanueva",null,null],["0041400152",500,2,79,4,"11:55 PM","10:02",null,null,"MISS Felton 22' Pullup Jump Shot",null,null],["0041400152",501,4,0,4,"11:55 PM","10:00","Smith REBOUND (Off:3 Def:3)",null,null,null,null],["0041400152",502,1,52,4,"11:55 PM","9:50","Howard  Alley Oop Dunk (22 PTS) (Smith 4 AST)",null,null,"84 - 88","4"],["0041400152",503,2,86,4,"11:55 PM","9:28",null,null,"MISS Nowitzki 11' Turnaround Fadeaway Shot",null,null],["0041400152",504,4,0,4,"11:56 PM","9:26","Prigioni REBOUND (Off:0 Def:2)",null,null,null,null],["0041400152",505,2,44,4,"11:56 PM","9:06","MISS Howard 1' Reverse Layup",null,"Aminu BLOCK (3 BLK)",null,null],["0041400152",506,10,0,4,"11:57 PM","9:06","Jump Ball Howard vs. Stoudemire: Tip to Prigioni",null,null,null,null],["0041400152",507,4,0,4,"11:57 PM","9:06","ROCKETS Rebound",null,null,null,null],["0041400152",508,1,52,4,"11:57 PM","8:49","Howard  Alley Oop Dunk (24 PTS) (Smith 5 AST)",null,null,"84 - 90","6"],["0041400152",509,2,47,4,"11:57 PM","8:29",null,null,"MISS Nowitzki 13' Turnaround Jump Shot",null,null],["0041400152",510,4,0,4,"11:57 PM","8:28","Howard REBOUND (Off:5 Def:5)",null,null,null,null],["0041400152",511,1,42,4,"11:58 PM","8:11","Smith 1' Driving Layup (13 PTS) (Prigioni 3 AST)",null,null,"84 - 92","8"],["0041400152",512,9,2,4,"11:58 PM","8:11",null,null,"Mavericks Timeout: Short (Reg.4 Short 2)",null,null],["0041400152",514,8,0,4,"11:59 PM","8:11",null,null,"SUB: Chandler FOR Aminu",null,null],["0041400152",515,8,0,4,"11:59 PM","8:11",null,null,"SUB: Ellis FOR Stoudemire",null,null],["0041400152",516,8,0,4,"11:59 PM","8:11",null,null,"SUB: Jefferson FOR Felton",null,null],["0041400152",518,1,63,4,"11:59 PM","7:51",null,null,"Barea 11' Fadeaway Jumper (13 PTS)","86 - 92","6"],["0041400152",519,1,52,4,"11:59 PM","7:38","Howard  Alley Oop Dunk (26 PTS) (Smith 6 AST)",null,null,"86 - 94","8"],["0041400152",522,6,29,4,"12:00 AM","7:13","Ariza Shooting Block Foul (P4.T1) (E.Malloy)",null,null,null,null],["0041400152",523,3,11,4,"12:01 AM","7:13",null,null,"Chandler Free Throw 1 of 2 (7 PTS)","87 - 94","7"],["0041400152",525,3,12,4,"12:01 AM","7:13",null,null,"Chandler Free Throw 2 of 2 (8 PTS)","88 - 94","6"],["0041400152",527,1,88,4,"12:01 AM","6:56","Brewer  Driving Slam Dunk (13 PTS) (Smith 7 AST)",null,null,"88 - 96","8"],["0041400152",528,2,1,4,"12:02 AM","6:46",null,null,"MISS Nowitzki 26' 3PT Jump Shot",null,null],["0041400152",529,4,0,4,"12:02 AM","6:45","Howard REBOUND (Off:5 Def:6)",null,null,null,null],["0041400152",530,1,43,4,"12:02 AM","6:37","Brewer 2' Alley Oop Layup (15 PTS) (Smith 8 AST)",null,null,"88 - 98","10"],["0041400152",531,9,1,4,"12:02 AM","6:36",null,null,"Mavericks Timeout: Regular (Reg.5 Short 2)",null,null],["0041400152",535,2,44,4,"12:06 AM","6:21",null,null,"MISS Ellis 2' Reverse Layup",null,null],["0041400152",536,4,0,4,"12:06 AM","6:20","Ariza REBOUND (Off:2 Def:3)",null,null,null,null],["0041400152",537,6,26,4,"12:06 AM","6:09","Smith Offensive Charge Foul (P4.T2) (E.Malloy)",null,null,null,null],["0041400152",538,5,5,4,"12:06 AM","6:09","Smith Foul Turnover (P2.T11)",null,null,null,null],["0041400152",539,2,79,4,"12:06 AM","5:53",null,null,"MISS Barea 19' Pullup Jump Shot",null,null],["0041400152",540,4,0,4,"12:06 AM","5:52","Smith REBOUND (Off:3 Def:4)",null,null,null,null],["0041400152",541,1,84,4,"12:07 AM","5:39","Prigioni 18' Running Bank Shot (4 PTS)",null,null,"88 - 100","12"],["0041400152",542,6,14,4,"12:07 AM","5:17","Howard FLAGRANT.FOUL.TYPE1 (P4.T3) (K.Mauer)",null,null,null,null],["0041400152",543,18,0,4,"12:08 AM","5:17",null,null,null,null,null],["0041400152",544,3,18,4,"12:09 AM","5:17",null,null,"Nowitzki Free Throw Flagrant 1 of 2 (9 PTS)","89 - 100","11"],["0041400152",563,8,0,4,"12:09 AM","5:17",null,null,"SUB: Felton FOR Jefferson",null,null],["0041400152",546,3,19,4,"12:09 AM","5:17",null,null,"Nowitzki Free Throw Flagrant 2 of 2 (10 PTS)","90 - 100","10"],["0041400152",549,6,4,4,"12:10 AM","5:13",null,null,"Chandler OFF.Foul (P4) (K.Mauer)",null,null],["0041400152",550,5,5,4,"12:10 AM","5:13",null,null,"Chandler Foul Turnover (P1.T10)",null,null],["0041400152",551,2,1,4,"12:10 AM","5:00","MISS Smith 25' 3PT Jump Shot",null,null,null,null],["0041400152",552,4,0,4,"12:10 AM","4:59","ROCKETS Rebound",null,null,null,null],["0041400152",554,5,1,4,"12:10 AM","4:48","Prigioni Bad Pass Turnover (P1.T12)",null,"Chandler STEAL (1 STL)",null,null],["0041400152",555,2,5,4,"12:10 AM","4:43",null,null,"MISS Barea 2' Layup",null,null],["0041400152",556,4,0,4,"12:10 AM","4:41",null,null,"Ellis REBOUND (Off:2 Def:3)",null,null],["0041400152",557,2,1,4,"12:10 AM","4:34",null,null,"MISS Ellis 26' 3PT Jump Shot",null,null],["0041400152",558,4,0,4,"12:10 AM","4:34","ROCKETS Rebound",null,null,null,null],["0041400152",559,6,3,4,"12:11 AM","4:34",null,null,"Barea L.B.FOUL (P2.T2) (D.Jones)",null,null],["0041400152",560,8,0,4,"12:11 AM","4:34","SUB: Harden FOR Ariza",null,null,null,null],["0041400152",561,2,1,4,"12:11 AM","4:11","MISS Brewer  3PT Jump Shot",null,null,null,null],["0041400152",562,4,0,4,"12:11 AM","4:10",null,null,"Felton REBOUND (Off:0 Def:2)",null,null],["0041400152",564,2,46,4,"12:12 AM","3:55",null,null,"MISS Barea 11' Running Jump Shot",null,null],["0041400152",565,4,0,4,"12:12 AM","3:53",null,null,"Chandler REBOUND (Off:4 Def:4)",null,null],["0041400152",566,1,87,4,"12:12 AM","3:52",null,null,"Chandler  Putback Dunk (10 PTS)","92 - 100","8"],["0041400152",567,1,1,4,"12:12 AM","3:37","Prigioni 27' 3PT Jump Shot (7 PTS)",null,null,"92 - 103","11"],["0041400152",568,2,5,4,"12:12 AM","3:22",null,null,"MISS Felton 2' Layup",null,null],["0041400152",569,4,0,4,"12:12 AM","3:20","Howard REBOUND (Off:5 Def:7)",null,null,null,null],["0041400152",572,9,1,4,"12:13 AM","3:11","ROCKETS Timeout: Regular (Full 4 Short 1)",null,null,null,null],["0041400152",575,8,0,4,"12:16 AM","3:11",null,null,"SUB: Aminu FOR Nowitzki",null,null],["0041400152",576,6,2,4,"12:16 AM","3:09",null,null,"Ellis S.FOUL (P2.T3) (K.Mauer)",null,null],["0041400152",577,3,11,4,"12:16 AM","3:09","Harden Free Throw 1 of 2 (21 PTS)",null,null,"92 - 104","12"],["0041400152",579,8,0,4,"12:17 AM","3:09",null,null,"SUB: Nowitzki FOR Aminu",null,null],["0041400152",580,3,12,4,"12:17 AM","3:09","Harden Free Throw 2 of 2 (22 PTS)",null,null,"92 - 105","13"],["0041400152",582,6,2,4,"12:17 AM","2:58","Smith S.FOUL (P5.T4) (K.Mauer)",null,null,null,null],["0041400152",583,3,11,4,"12:17 AM","2:58",null,null,"MISS Chandler Free Throw 1 of 2",null,null],["0041400152",584,4,1,4,"12:17 AM","2:58",null,null,"Mavericks Rebound",null,null],["0041400152",585,3,12,4,"12:18 AM","2:58",null,null,"Chandler Free Throw 2 of 2 (11 PTS)","93 - 105","12"],["0041400152",587,1,52,4,"12:18 AM","2:40","Howard  Alley Oop Dunk (28 PTS) (Smith 9 AST)",null,null,"93 - 107","14"],["0041400152",589,1,46,4,"12:19 AM","2:30",null,null,"Felton 12' Running Jump Shot (8 PTS)","95 - 107","12"],["0041400152",590,6,2,4,"12:19 AM","2:30","Harden S.FOUL (P4.PN) (E.Malloy)",null,null,null,null],["0041400152",591,3,10,4,"12:19 AM","2:30",null,null,"Felton Free Throw 1 of 1 (9 PTS)","96 - 107","11"],["0041400152",594,1,8,4,"12:19 AM","2:15","Smith  Slam Dunk (15 PTS) (Harden 6 AST)",null,null,"96 - 109","13"],["0041400152",595,9,1,4,"12:19 AM","2:13",null,null,"Mavericks Timeout: Regular (Reg.6 Short 2)",null,null],["0041400152",599,2,44,4,"12:22 AM","2:00",null,null,"MISS Ellis 3' Reverse Layup",null,null],["0041400152",600,4,0,4,"12:22 AM","1:59","Prigioni REBOUND (Off:0 Def:3)",null,null,null,null],["0041400152",601,6,2,4,"12:22 AM","1:51",null,null,"Ellis S.FOUL (P3.T4) (E.Malloy)",null,null],["0041400152",602,3,11,4,"12:22 AM","1:51","Harden Free Throw 1 of 2 (23 PTS)",null,null,"96 - 110","14"],["0041400152",604,8,0,4,"12:22 AM","1:51",null,null,"SUB: Aminu FOR Nowitzki",null,null],["0041400152",605,8,0,4,"12:22 AM","1:51",null,null,"SUB: James FOR Chandler",null,null],["0041400152",606,8,0,4,"12:23 AM","1:51",null,null,"SUB: Powell FOR Ellis",null,null],["0041400152",607,3,12,4,"12:23 AM","1:51","Harden Free Throw 2 of 2 (24 PTS)",null,null,"96 - 111","15"],["0041400152",609,2,80,4,"12:23 AM","1:38",null,null,"MISS Powell 20' Step Back Jump Shot",null,null],["0041400152",610,4,0,4,"12:23 AM","1:37","Smith REBOUND (Off:3 Def:5)",null,null,null,null],["0041400152",611,2,80,4,"12:24 AM","1:14","MISS Harden 25' 3PT Step Back Jump Shot",null,null,null,null],["0041400152",612,4,0,4,"12:24 AM","1:13",null,null,"Powell REBOUND (Off:0 Def:1)",null,null],["0041400152",613,2,42,4,"12:24 AM","0:58",null,null,"MISS Felton 1' Driving Layup",null,null],["0041400152",614,4,0,4,"12:24 AM","0:57","Harden REBOUND (Off:0 Def:5)",null,null,null,null],["0041400152",616,2,80,4,"12:24 AM","0:34","MISS Harden 21' Step Back Jump Shot",null,null,null,null],["0041400152",617,4,0,4,"12:24 AM","0:33",null,null,"Mavericks Rebound",null,null],["0041400152",618,8,0,4,"12:25 AM","0:33","SUB: Johnson FOR Howard",null,null,null,null],["0041400152",619,8,0,4,"12:25 AM","0:33","SUB: Papanikolaou FOR Harden",null,null,null,null],["0041400152",620,8,0,4,"12:25 AM","0:33","SUB: Capela FOR Smith",null,null,null,null],["0041400152",621,8,0,4,"12:25 AM","0:33","SUB: Dorsey FOR Brewer",null,null,null,null],["0041400152",622,8,0,4,"12:25 AM","0:33",null,null,"SUB: Villanueva FOR Barea",null,null],["0041400152",623,1,1,4,"12:25 AM","0:24",null,null,"Villanueva 26' 3PT Jump Shot (5 PTS) (Felton 3 AST)","99 - 111","12"],["0041400152",624,2,1,4,"12:25 AM","0:04","MISS Prigioni 19' Jump Shot",null,null,null,null],["0041400152",625,4,0,4,"12:25 AM","0:03",null,null,"Villanueva REBOUND (Off:0 Def:2)",null,null],["0041400152",626,13,0,4,"12:26 AM","0:00",null,null,null,"99 - 111","12"]]},{"name":"AvailableVideo","headers":["VIDEO_AVAILABLE_FLAG"],"rowSet":[[1]]}]}