{"resource":"playbyplay","parameters":{"GameID":"0041400113","StartPeriod":0,"EndPeriod":14},"resultSets":[{"name":"PlayByPlay","headers":["GAME_ID","EVENTNUM","EVENTMSGTYPE","EVENTMSGACTIONTYPE","PERIOD","WCTIMESTRING","PCTIMESTRING","HOMEDESCRIPTION","NEUTRALDESCRIPTION","VISITORDESCRIPTION","SCORE","SCOREMARGIN"],"rowSet":[["0041400113",0,12,0,1,"7:11 PM","12:00",null,null,null,null,null],["0041400113",1,10,0,1,"7:11 PM","12:00","Jump Ball Bass vs. Mozgov: Tip to Irving",null,null,null,null],["0041400113",2,2,63,1,"7:12 PM","11:43",null,null,"MISS Smith 19' Fadeaway Jumper",null,null],["0041400113",3,4,0,1,"7:12 PM","11:42","Bradley REBOUND (Off:0 Def:1)",null,null,null,null],["0041400113",4,2,1,1,"7:12 PM","11:19","MISS Bradley 25' 3PT Jump Shot",null,null,null,null],["0041400113",5,4,0,1,"7:12 PM","11:18",null,null,"James REBOUND (Off:0 Def:1)",null,null],["0041400113",6,1,42,1,"7:12 PM","11:11",null,null,"James 2' Driving Layup (2 PTS)","2 - 0","-2"],["0041400113",7,2,1,1,"7:12 PM","10:51","MISS Bradley 18' Jump Shot",null,null,null,null],["0041400113",8,4,0,1,"7:13 PM","10:50",null,null,"James REBOUND (Off:0 Def:2)",null,null],["0041400113",9,1,42,1,"7:13 PM","10:42",null,null,"James 1' Driving Layup (4 PTS)","4 - 0","-4"],["0041400113",10,2,1,1,"7:13 PM","10:21","MISS Turner 20' Jump Shot",null,null,null,null],["0041400113",11,4,0,1,"7:13 PM","10:20",null,null,"Mozgov REBOUND (Off:0 Def:1)",null,null],["0041400113",12,2,1,1,"7:13 PM","10:05",null,null,"MISS Smith 26' 3PT Jump Shot",null,null],["0041400113",13,4,0,1,"7:13 PM","10:04","Turner REBOUND (Off:0 Def:1)",null,null,null,null],["0041400113",14,1,49,1,"7:13 PM","9:58","Bass  Driving Dunk (2 PTS) (Turner 1 AST)",null,null,"4 - 2","-2"],["0041400113",15,1,1,1,"7:14 PM","9:37",null,null,"Love 25' 3PT Jump Shot (3 PTS) (James 1 AST)","7 - 2","-5"],["0041400113",16,2,1,1,"7:14 PM","9:25","MISS Turner 17' Jump Shot",null,null,null,null],["0041400113",17,4,0,1,"7:14 PM","9:24",null,null,"Love REBOUND (Off:0 Def:1)",null,null],["0041400113",18,2,1,1,"7:14 PM","9:18",null,null,"MISS James 27' 3PT Jump Shot",null,null],["0041400113",19,4,0,1,"7:14 PM","9:17","Zeller REBOUND (Off:0 Def:1)",null,null,null,null],["0041400113",20,1,1,1,"7:14 PM","9:10","Smart 26' 3PT Jump Shot (3 PTS) (Turner 2 AST)",null,null,"7 - 5","-2"],["0041400113",21,1,7,1,"7:15 PM","8:49",null,null,"Mozgov  Dunk (2 PTS) (Irving 1 AST)","9 - 5","-4"],["0041400113",22,1,46,1,"7:15 PM","8:26","Bass 5' Running Jump Shot (4 PTS)",null,null,"9 - 7","-2"],["0041400113",23,1,41,1,"7:15 PM","8:14",null,null,"Mozgov 1' Running Layup (4 PTS) (Irving 2 AST)","11 - 7","-4"],["0041400113",24,6,2,1,"7:15 PM","8:14","Zeller S.FOUL (P1.T1) (D.Guthrie)",null,null,null,null],["0041400113",25,3,10,1,"7:15 PM","8:14",null,null,"Mozgov Free Throw 1 of 1 (5 PTS)","12 - 7","-5"],["0041400113",27,1,42,1,"7:16 PM","7:56","Smart 2' Driving Layup (5 PTS)",null,null,"12 - 9","-3"],["0041400113",28,6,2,1,"7:16 PM","7:56",null,null,"Irving S.FOUL (P1.T1) (J.Capers)",null,null],["0041400113",29,3,10,1,"7:16 PM","7:56","Smart Free Throw 1 of 1 (6 PTS)",null,null,"12 - 10","-2"],["0041400113",31,6,2,1,"7:17 PM","7:42","Turner S.FOUL (P1.T2) (J.Capers)",null,null,null,null],["0041400113",32,3,11,1,"7:17 PM","7:42",null,null,"MISS Love Free Throw 1 of 2",null,null],["0041400113",33,4,1,1,"7:17 PM","7:42",null,null,"Cavaliers Rebound",null,null],["0041400113",34,3,12,1,"7:17 PM","7:42",null,null,"Love Free Throw 2 of 2 (4 PTS)","13 - 10","-3"],["0041400113",36,2,46,1,"7:18 PM","7:27","MISS Bradley 9' Running Jump Shot",null,null,null,null],["0041400113",37,4,0,1,"7:18 PM","7:26",null,null,"Mozgov REBOUND (Off:0 Def:2)",null,null],["0041400113",38,2,1,1,"7:18 PM","7:16",null,null,"MISS Love  3PT Jump Shot",null,null],["0041400113",39,4,0,1,"7:18 PM","7:14","Bass REBOUND (Off:0 Def:1)",null,null,null,null],["0041400113",40,5,15,1,"7:18 PM","7:08","Turner Offensive Goaltending Turnover (P1.T1)",null,null,null,null],["0041400113",41,7,1,1,"7:18 PM","7:08",null,null,"Cavaliers Violation: Delay of game Violation",null,null],["0041400113",42,1,46,1,"7:19 PM","7:04",null,null,"James 7' Running Jump Shot (6 PTS) (Love 1 AST)","15 - 10","-5"],["0041400113",43,9,1,1,"7:19 PM","7:04","CELTICS Timeout: Regular (Full 1 Short 0)",null,null,null,null],["0041400113",45,1,1,1,"7:22 PM","6:45","Bradley 24' 3PT Jump Shot (3 PTS) (Turner 3 AST)",null,null,"15 - 13","-2"],["0041400113",46,2,3,1,"7:22 PM","6:27",null,null,"MISS Love 5' Hook Shot",null,null],["0041400113",47,4,0,1,"7:22 PM","6:26","Turner REBOUND (Off:0 Def:2)",null,null,null,null],["0041400113",49,8,0,1,"7:23 PM","6:17","SUB: Sullinger FOR Zeller",null,null,null,null],["0041400113",50,8,0,1,"7:23 PM","6:17","SUB: Thomas FOR Smart",null,null,null,null],["0041400113",51,1,5,1,"7:23 PM","6:08","Sullinger 2' Layup (2 PTS) (Turner 4 AST)",null,null,"15 - 15","TIE"],["0041400113",52,1,86,1,"7:24 PM","5:44",null,null,"Love 7' Turnaround Fadeaway (6 PTS)","17 - 15","-2"],["0041400113",53,2,1,1,"7:24 PM","5:25","MISS Thomas 19' Jump Shot",null,null,null,null],["0041400113",54,4,0,1,"7:24 PM","5:24",null,null,"Cavaliers Rebound",null,null],["0041400113",55,6,2,1,"7:24 PM","5:19","Thomas S.FOUL (P1.T3) (J.Phillips)",null,null,null,null],["0041400113",56,3,11,1,"7:25 PM","5:19",null,null,"Irving Free Throw 1 of 2 (1 PTS)","18 - 15","-3"],["0041400113",58,3,12,1,"7:25 PM","5:19",null,null,"Irving Free Throw 2 of 2 (2 PTS)","19 - 15","-4"],["0041400113",60,1,1,1,"7:25 PM","5:05","Bradley 20' Jump Shot (5 PTS) (Bass 1 AST)",null,null,"19 - 17","-2"],["0041400113",61,2,42,1,"7:26 PM","4:50",null,null,"MISS James 1' Driving Layup",null,null],["0041400113",62,4,0,1,"7:26 PM","4:49",null,null,"Smith REBOUND (Off:1 Def:0)",null,null],["0041400113",63,2,5,1,"7:26 PM","4:44","Sullinger BLOCK (1 BLK)",null,"MISS James 2' Layup",null,null],["0041400113",64,4,0,1,"7:26 PM","4:43","Sullinger REBOUND (Off:0 Def:1)",null,null,null,null],["0041400113",65,2,5,1,"7:26 PM","4:41","MISS Bradley  Layup",null,null,null,null],["0041400113",66,4,0,1,"7:26 PM","4:40",null,null,"Mozgov REBOUND (Off:0 Def:3)",null,null],["0041400113",67,6,1,1,"7:26 PM","4:40","Bradley P.FOUL (P1.T4) (J.Phillips)",null,null,null,null],["0041400113",68,8,0,1,"7:26 PM","4:40","SUB: Crowder FOR Turner",null,null,null,null],["0041400113",69,2,5,1,"7:26 PM","4:17",null,null,"MISS James 1' Layup",null,null],["0041400113",70,4,0,1,"7:27 PM","4:16","Sullinger REBOUND (Off:0 Def:2)",null,null,null,null],["0041400113",71,2,1,1,"7:27 PM","4:09","MISS Bradley 20' Jump Shot",null,null,null,null],["0041400113",72,4,0,1,"7:27 PM","4:07",null,null,"Irving REBOUND (Off:0 Def:1)",null,null],["0041400113",74,8,0,1,"7:27 PM","4:04",null,null,"SUB: Thompson FOR Mozgov",null,null],["0041400113",75,2,1,1,"7:27 PM","3:53",null,null,"MISS Irving 26' 3PT Jump Shot",null,null],["0041400113",76,4,0,1,"7:27 PM","3:52","Sullinger REBOUND (Off:0 Def:3)",null,null,null,null],["0041400113",77,2,1,1,"7:27 PM","3:43","MISS Sullinger 25' 3PT Jump Shot",null,null,null,null],["0041400113",78,4,0,1,"7:27 PM","3:41",null,null,"James REBOUND (Off:0 Def:3)",null,null],["0041400113",79,2,1,1,"7:28 PM","3:28",null,null,"MISS Love  3PT Jump Shot",null,null],["0041400113",80,4,0,1,"7:28 PM","3:27",null,null,"Thompson REBOUND (Off:1 Def:0)",null,null],["0041400113",81,6,2,1,"7:28 PM","3:27","Sullinger S.FOUL (P1.PN) (D.Guthrie)",null,null,null,null],["0041400113",82,3,11,1,"7:28 PM","3:27",null,null,"MISS Love Free Throw 1 of 2",null,null],["0041400113",83,4,1,1,"7:28 PM","3:27",null,null,"Cavaliers Rebound",null,null],["0041400113",84,8,0,1,"7:28 PM","3:27","SUB: Datome FOR Bradley",null,null,null,null],["0041400113",85,8,0,1,"7:28 PM","3:27",null,null,"SUB: Shumpert FOR James",null,null],["0041400113",86,3,12,1,"7:29 PM","3:27",null,null,"MISS Love Free Throw 2 of 2",null,null],["0041400113",88,4,0,1,"7:29 PM","3:27","Crowder REBOUND (Off:0 Def:1)",null,null,null,null],["0041400113",89,6,2,1,"7:29 PM","3:11",null,null,"Thompson S.FOUL (P1.T2) (J.Phillips)",null,null],["0041400113",90,3,11,1,"7:29 PM","3:11","Sullinger Free Throw 1 of 2 (3 PTS)",null,null,"19 - 18","-1"],["0041400113",92,3,12,1,"7:29 PM","3:11","Sullinger Free Throw 2 of 2 (4 PTS)",null,null,"19 - 19","TIE"],["0041400113",94,1,1,1,"7:30 PM","2:58",null,null,"Love 26' 3PT Jump Shot (9 PTS) (Irving 3 AST)","22 - 19","-3"],["0041400113",95,2,1,1,"7:30 PM","2:44","MISS Datome 25' 3PT Jump Shot",null,null,null,null],["0041400113",96,4,0,1,"7:30 PM","2:43",null,null,"Love REBOUND (Off:0 Def:2)",null,null],["0041400113",97,1,46,1,"7:30 PM","2:31",null,null,"Shumpert 10' Running Jump Shot (2 PTS)","24 - 19","-5"],["0041400113",98,2,42,1,"7:31 PM","2:16","MISS Thomas  Driving Layup",null,null,null,null],["0041400113",100,4,0,1,"7:31 PM","2:15","Sullinger REBOUND (Off:1 Def:3)",null,null,null,null],["0041400113",99,1,4,1,"7:31 PM","2:15","Sullinger 2' Tip Shot (6 PTS)",null,null,"24 - 21","-3"],["0041400113",101,1,3,1,"7:31 PM","2:03",null,null,"Thompson 6' Hook Shot (2 PTS) (Love 2 AST)","26 - 21","-5"],["0041400113",102,2,1,1,"7:31 PM","1:50","MISS Crowder 24' 3PT Jump Shot",null,null,null,null],["0041400113",103,4,0,1,"7:31 PM","1:49",null,null,"Love REBOUND (Off:0 Def:3)",null,null],["0041400113",104,6,2,1,"7:32 PM","1:42","Sullinger S.FOUL (P2.PN) (D.Guthrie)",null,null,null,null],["0041400113",105,9,1,1,"7:32 PM","1:42",null,null,"Cavaliers Timeout: Regular (Reg.1 Short 0)",null,null],["0041400113",107,18,0,1,"7:32 PM","1:42",null,null,null,null,null],["0041400113",109,8,0,1,"7:34 PM","1:42","SUB: Jerebko FOR Bass",null,null,null,null],["0041400113",110,3,11,1,"7:35 PM","1:42",null,null,"MISS Thompson Free Throw 1 of 2",null,null],["0041400113",111,4,1,1,"7:35 PM","1:42",null,null,"Cavaliers Rebound",null,null],["0041400113",112,3,12,1,"7:35 PM","1:42",null,null,"MISS Thompson Free Throw 2 of 2",null,null],["0041400113",114,4,0,1,"7:35 PM","1:42","Jerebko REBOUND (Off:0 Def:1)",null,null,null,null],["0041400113",115,2,46,1,"7:35 PM","1:20","MISS Datome 6' Running Jump Shot",null,null,null,null],["0041400113",116,4,0,1,"7:35 PM","1:19",null,null,"Cavaliers Rebound",null,null],["0041400113",117,6,1,1,"7:36 PM","1:15","Jerebko P.FOUL (P1.PN) (D.Guthrie)",null,null,null,null],["0041400113",118,3,11,1,"7:36 PM","1:15",null,null,"MISS Thompson Free Throw 1 of 2",null,null],["0041400113",119,4,1,1,"7:36 PM","1:15",null,null,"Cavaliers Rebound",null,null],["0041400113",120,3,12,1,"7:36 PM","1:15",null,null,"Thompson Free Throw 2 of 2 (3 PTS)","27 - 21","-6"],["0041400113",122,1,1,1,"7:37 PM","1:01","Thomas 18' Jump Shot (2 PTS)",null,null,"27 - 23","-4"],["0041400113",123,1,1,1,"7:37 PM","0:43",null,null,"Smith 19' Jump Shot (2 PTS)","29 - 23","-6"],["0041400113",124,1,84,1,"7:37 PM","0:29","Datome 8' Running Bank Shot (2 PTS) (Crowder 1 AST)",null,null,"29 - 25","-4"],["0041400113",125,6,1,1,"7:37 PM","0:21","Datome P.FOUL (P1.PN) (J.Capers)",null,null,null,null],["0041400113",126,3,11,1,"7:38 PM","0:21",null,null,"Thompson Free Throw 1 of 2 (4 PTS)","30 - 25","-5"],["0041400113",128,8,0,1,"7:38 PM","0:21","SUB: Olynyk FOR Sullinger",null,null,null,null],["0041400113",129,8,0,1,"7:38 PM","0:21",null,null,"SUB: Dellavedova FOR Irving",null,null],["0041400113",130,8,0,1,"7:38 PM","0:21",null,null,"SUB: Jones FOR Love",null,null],["0041400113",131,3,12,1,"7:38 PM","0:21",null,null,"Thompson Free Throw 2 of 2 (5 PTS)","31 - 25","-6"],["0041400113",133,6,1,1,"7:39 PM","0:06",null,null,"Dellavedova P.FOUL (P1.T3) (D.Guthrie)",null,null],["0041400113",134,5,1,1,"7:39 PM","0:05","Crowder Bad Pass Turnover (P1.T2)",null,"Smith STEAL (1 STL)",null,null],["0041400113",135,5,40,1,"7:39 PM","0:01",null,null,"Dellavedova Out of Bounds Lost Ball Turnover (P1.T1)",null,null],["0041400113",136,9,2,1,"7:39 PM","0:01","CELTICS Timeout: Short (Full 1 Short 1)",null,null,null,null],["0041400113",137,5,1,1,"7:40 PM","0:01","Jerebko Bad Pass Turnover (P1.T3)",null,"Smith STEAL (2 STL)",null,null],["0041400113",139,13,0,1,"7:41 PM","0:00",null,null,null,"31 - 25","-6"],["0041400113",140,12,0,2,"7:44 PM","12:00",null,null,null,"31 - 25","-6"],["0041400113",141,1,5,2,"7:44 PM","11:49","Crowder 2' Layup (2 PTS) (Olynyk 1 AST)",null,null,"31 - 27","-4"],["0041400113",142,2,1,2,"7:45 PM","11:32",null,null,"MISS Dellavedova 27' 3PT Jump Shot",null,null],["0041400113",143,4,0,2,"7:45 PM","11:31","Jerebko REBOUND (Off:0 Def:2)",null,null,null,null],["0041400113",144,2,1,2,"7:45 PM","11:21","MISS Thomas 24' 3PT Jump Shot",null,null,null,null],["0041400113",145,4,0,2,"7:45 PM","11:20",null,null,"James REBOUND (Off:0 Def:4)",null,null],["0041400113",146,1,75,2,"7:45 PM","11:14",null,null,"James 1' Driving Finger Roll Layup (8 PTS)","33 - 27","-6"],["0041400113",147,5,1,2,"7:45 PM","10:55","Olynyk Bad Pass Turnover (P1.T4)",null,"Shumpert STEAL (1 STL)",null,null],["0041400113",148,2,5,2,"7:45 PM","10:51",null,null,"MISS James  Layup",null,null],["0041400113",149,4,0,2,"7:45 PM","10:50",null,null,"Thompson REBOUND (Off:2 Def:0)",null,null],["0041400113",150,6,1,2,"7:46 PM","10:50","Olynyk P.FOUL (P1.T1) (D.Guthrie)",null,null,null,null],["0041400113",151,2,1,2,"7:46 PM","10:45",null,null,"MISS Thompson 5' Jump Shot",null,null],["0041400113",152,4,0,2,"7:46 PM","10:44","Jerebko REBOUND (Off:0 Def:3)",null,null,null,null],["0041400113",153,2,1,2,"7:46 PM","10:25","MISS Smart 26' 3PT Jump Shot",null,null,null,null],["0041400113",154,4,0,2,"7:46 PM","10:23",null,null,"Dellavedova REBOUND (Off:0 Def:1)",null,null],["0041400113",155,6,4,2,"7:47 PM","10:11",null,null,"Thompson OFF.Foul (P2) (J.Capers)",null,null],["0041400113",156,5,5,2,"7:47 PM","10:11",null,null,"Thompson Foul Turnover (P1.T2)",null,null],["0041400113",157,2,1,2,"7:47 PM","10:01","MISS Thomas 6' Jump Shot",null,null,null,null],["0041400113",159,4,0,2,"7:47 PM","10:00","Jerebko REBOUND (Off:1 Def:3)",null,null,null,null],["0041400113",158,2,4,2,"7:47 PM","10:00","MISS Jerebko 1' Tip Shot",null,null,null,null],["0041400113",160,4,0,2,"7:47 PM","9:59",null,null,"Jones REBOUND (Off:0 Def:1)",null,null],["0041400113",161,2,5,2,"7:47 PM","9:50",null,null,"MISS James 1' Layup",null,null],["0041400113",162,4,0,2,"7:47 PM","9:49","Crowder REBOUND (Off:0 Def:2)",null,null,null,null],["0041400113",163,6,26,2,"7:47 PM","9:41","Smart Offensive Charge Foul (P1.T2) (J.Phillips)",null,null,null,null],["0041400113",164,5,5,2,"7:47 PM","9:41","Smart Foul Turnover (P1.T5)",null,null,null,null],["0041400113",165,8,0,2,"7:47 PM","9:41","SUB: Zeller FOR Olynyk",null,null,null,null],["0041400113",166,8,0,2,"7:47 PM","9:41",null,null,"SUB: Mozgov FOR Thompson",null,null],["0041400113",167,1,1,2,"7:48 PM","9:30",null,null,"James 25' 3PT Jump Shot (11 PTS) (Dellavedova 1 AST)","36 - 27","-9"],["0041400113",168,6,2,2,"7:48 PM","9:17",null,null,"Jones S.FOUL (P1.T1) (J.Phillips)",null,null],["0041400113",169,3,11,2,"7:48 PM","9:17","Crowder Free Throw 1 of 2 (3 PTS)",null,null,"36 - 28","-8"],["0041400113",171,8,0,2,"7:48 PM","9:17","SUB: Turner FOR Thomas",null,null,null,null],["0041400113",172,3,12,2,"7:48 PM","9:17","Crowder Free Throw 2 of 2 (4 PTS)",null,null,"36 - 29","-7"],["0041400113",174,6,27,2,"7:49 PM","9:04","Crowder Personal Block Foul (P1.T3) (J.Capers)",null,null,null,null],["0041400113",175,2,1,2,"7:49 PM","8:55",null,null,"MISS Jones 23' Jump Shot",null,null],["0041400113",176,4,0,2,"7:49 PM","8:54","Zeller REBOUND (Off:0 Def:2)",null,null,null,null],["0041400113",177,6,2,2,"7:50 PM","8:36",null,null,"Mozgov S.FOUL (P1.T2) (D.Guthrie)",null,null],["0041400113",178,9,4,2,"7:50 PM","8:36",null,null,null,null,null],["0041400113",179,18,0,2,"7:50 PM","8:36",null,null,null,null,null],["0041400113",182,8,0,2,"7:53 PM","8:36",null,null,"SUB: Love FOR Jones",null,null],["0041400113",183,8,0,2,"7:53 PM","8:36",null,null,"SUB: Irving FOR Dellavedova",null,null],["0041400113",184,3,13,2,"7:53 PM","8:36","MISS Smart Free Throw 1 of 3",null,null,null,null],["0041400113",185,4,1,2,"7:53 PM","8:36","CELTICS Rebound",null,null,null,null],["0041400113",186,3,14,2,"7:53 PM","8:36","Smart Free Throw 2 of 3 (7 PTS)",null,null,"36 - 30","-6"],["0041400113",188,3,15,2,"7:54 PM","8:36","Smart Free Throw 3 of 3 (8 PTS)",null,null,"36 - 31","-5"],["0041400113",190,1,80,2,"7:54 PM","8:12",null,null,"Shumpert 19' Step Back Jump Shot (4 PTS)","38 - 31","-7"],["0041400113",191,2,1,2,"7:55 PM","7:48","MISS Smart 18' Jump Shot",null,null,null,null],["0041400113",192,4,0,2,"7:55 PM","7:47",null,null,"Mozgov REBOUND (Off:0 Def:4)",null,null],["0041400113",193,8,0,2,"7:55 PM","7:46",null,null,"SUB: Smith FOR Shumpert",null,null],["0041400113",194,10,0,2,"7:55 PM","7:45","Jump Ball Crowder vs. Mozgov: Tip to Jerebko",null,null,null,null],["0041400113",195,5,2,2,"7:55 PM","7:45","Crowder STEAL (1 STL)",null,"Mozgov Lost Ball Turnover (P1.T3)",null,null],["0041400113",196,2,1,2,"7:55 PM","7:35","MISS Zeller 15' Jump Shot",null,null,null,null],["0041400113",197,4,0,2,"7:55 PM","7:33","Jerebko REBOUND (Off:2 Def:3)",null,null,null,null],["0041400113",198,2,1,2,"7:55 PM","7:28","MISS Zeller 4' Jump Shot",null,null,null,null],["0041400113",199,4,0,2,"7:56 PM","7:27",null,null,"Love REBOUND (Off:0 Def:4)",null,null],["0041400113",204,5,41,2,"7:56 PM","7:27","Crowder STEAL (2 STL)",null,"Love Poss Lost Ball Turnover (P1.T4)",null,null],["0041400113",200,6,1,2,"7:56 PM","7:26",null,null,"Love P.FOUL (P1.T3) (J.Phillips)",null,null],["0041400113",201,8,0,2,"7:56 PM","7:26","SUB: Bradley FOR Smart",null,null,null,null],["0041400113",202,1,42,2,"7:56 PM","7:22","Zeller 2' Driving Layup (2 PTS) (Turner 5 AST)",null,null,"38 - 33","-5"],["0041400113",203,6,2,2,"7:56 PM","7:22",null,null,"Smith S.FOUL (P1.T4) (J.Capers)",null,null],["0041400113",205,3,10,2,"7:56 PM","7:22","Zeller Free Throw 1 of 1 (3 PTS)",null,null,"38 - 34","-4"],["0041400113",207,2,58,2,"7:57 PM","7:08",null,null,"MISS Mozgov 7' Turnaround Hook Shot",null,null],["0041400113",208,4,0,2,"7:57 PM","7:07","Turner REBOUND (Off:0 Def:3)",null,null,null,null],["0041400113",209,1,1,2,"7:57 PM","6:55","Bradley 20' Jump Shot (7 PTS)",null,null,"38 - 36","-2"],["0041400113",210,2,5,2,"7:57 PM","6:33","Crowder BLOCK (1 BLK)",null,"MISS Love 3' Layup",null,null],["0041400113",211,4,0,2,"7:58 PM","6:32",null,null,"Love REBOUND (Off:1 Def:4)",null,null],["0041400113",212,2,72,2,"7:58 PM","6:30",null,null,"MISS Love 2' Putback Layup",null,null],["0041400113",213,4,0,2,"7:58 PM","6:29","Zeller REBOUND (Off:0 Def:3)",null,null,null,null],["0041400113",215,1,1,2,"7:58 PM","6:20","Zeller 19' Jump Shot (5 PTS) (Crowder 2 AST)",null,null,"38 - 38","TIE"],["0041400113",216,9,1,2,"7:58 PM","6:20",null,null,"Cavaliers Timeout: Regular (Reg.2 Short 0)",null,null],["0041400113",219,5,1,2,"8:02 PM","6:00","Turner STEAL (1 STL)",null,"Mozgov Bad Pass Turnover (P2.T5)",null,null],["0041400113",221,7,2,2,"8:02 PM","5:57",null,null,"Mozgov Violation:Defensive Goaltending (J.Phillips)",null,null],["0041400113",220,1,5,2,"8:02 PM","5:57","Turner 1' Layup (2 PTS)",null,null,"38 - 40","2"],["0041400113",222,1,1,2,"8:02 PM","5:37",null,null,"Smith 19' Jump Shot (4 PTS)","40 - 40","TIE"],["0041400113",223,2,5,2,"8:02 PM","5:23","MISS Zeller 1' Layup",null,"Mozgov BLOCK (1 BLK)",null,null],["0041400113",224,4,0,2,"8:02 PM","5:22",null,null,"Love REBOUND (Off:1 Def:5)",null,null],["0041400113",225,6,2,2,"8:03 PM","5:20","Jerebko S.FOUL (P2.T4) (J.Capers)",null,null,null,null],["0041400113",226,18,0,2,"8:04 PM","5:20",null,null,null,null,null],["0041400113",227,6,11,2,"8:05 PM","5:20",null,null,"Smith T.FOUL (P1.T4) (J.Capers)",null,null],["0041400113",229,3,16,2,"8:05 PM","5:20","Bradley Free Throw Technical (8 PTS)",null,null,"40 - 41","1"],["0041400113",231,8,0,2,"8:06 PM","5:20","SUB: Bass FOR Jerebko",null,null,null,null],["0041400113",232,3,11,2,"8:06 PM","5:20",null,null,"Irving Free Throw 1 of 2 (3 PTS)","41 - 41","TIE"],["0041400113",234,3,12,2,"8:06 PM","5:20",null,null,"MISS Irving Free Throw 2 of 2",null,null],["0041400113",236,4,0,2,"8:06 PM","5:20","Zeller REBOUND (Off:0 Def:4)",null,null,null,null],["0041400113",237,1,79,2,"8:06 PM","5:05","Turner 10' Pullup Jump Shot (4 PTS)",null,null,"41 - 43","2"],["0041400113",238,2,80,2,"8:06 PM","4:48",null,null,"MISS James 24' 3PT Step Back Jump Shot",null,null],["0041400113",239,4,0,2,"8:06 PM","4:46",null,null,"Love REBOUND (Off:2 Def:5)",null,null],["0041400113",240,1,1,2,"8:07 PM","4:44",null,null,"Love 25' 3PT Jump Shot (12 PTS)","44 - 43","-1"],["0041400113",241,2,46,2,"8:07 PM","4:27","MISS Zeller 6' Running Jump Shot",null,null,null,null],["0041400113",242,4,0,2,"8:07 PM","4:26",null,null,"Mozgov REBOUND (Off:0 Def:5)",null,null],["0041400113",243,8,0,2,"8:07 PM","4:26","SUB: Thomas FOR Crowder",null,null,null,null],["0041400113",244,8,0,2,"8:07 PM","4:26","SUB: Sullinger FOR Zeller",null,null,null,null],["0041400113",245,10,0,2,"8:07 PM","4:26","Jump Ball Bradley vs. Mozgov: Tip to Love",null,null,null,null],["0041400113",247,2,52,2,"8:08 PM","4:12",null,null,"MISS Mozgov  Alley Oop Dunk",null,null],["0041400113",248,4,0,2,"8:08 PM","4:11","Sullinger REBOUND (Off:1 Def:4)",null,null,null,null],["0041400113",249,2,1,2,"8:08 PM","4:05","MISS Bradley 26' 3PT Jump Shot",null,null,null,null],["0041400113",250,4,0,2,"8:08 PM","4:03",null,null,"James REBOUND (Off:0 Def:5)",null,null],["0041400113",251,2,1,2,"8:08 PM","3:55","Bass BLOCK (1 BLK)",null,"MISS Irving 5' Jump Shot",null,null],["0041400113",252,4,0,2,"8:08 PM","3:54","Thomas REBOUND (Off:0 Def:1)",null,null,null,null],["0041400113",253,1,79,2,"8:08 PM","3:49","Bradley 14' Pullup Jump Shot (10 PTS) (Thomas 1 AST)",null,null,"44 - 45","1"],["0041400113",254,2,1,2,"8:08 PM","3:33",null,null,"MISS Love 25' 3PT Jump Shot",null,null],["0041400113",255,4,0,2,"8:08 PM","3:33","Sullinger REBOUND (Off:1 Def:5)",null,null,null,null],["0041400113",256,2,78,2,"8:09 PM","3:16","MISS Bradley 13' Floating Jump Shot",null,null,null,null],["0041400113",257,4,0,2,"8:09 PM","3:15",null,null,"Love REBOUND (Off:2 Def:6)",null,null],["0041400113",258,5,2,2,"8:09 PM","3:06","Turner STEAL (2 STL)",null,"Irving Lost Ball Turnover (P1.T6)",null,null],["0041400113",259,2,5,2,"8:09 PM","3:01","MISS Turner 1' Layup",null,"Irving BLOCK (1 BLK)",null,null],["0041400113",260,4,0,2,"8:09 PM","3:00","Bradley REBOUND (Off:1 Def:1)",null,null,null,null],["0041400113",261,6,1,2,"8:09 PM","2:53",null,null,"Irving P.FOUL (P2.PN) (J.Phillips)",null,null],["0041400113",262,9,1,2,"8:09 PM","2:53","CELTICS Timeout: Regular (Full 2 Short 1)",null,null,null,null],["0041400113",264,8,0,2,"8:12 PM","2:53",null,null,"SUB: Thompson FOR Mozgov",null,null],["0041400113",265,3,11,2,"8:12 PM","2:53","MISS Thomas Free Throw 1 of 2",null,null,null,null],["0041400113",266,4,1,2,"8:12 PM","2:53","CELTICS Rebound",null,null,null,null],["0041400113",267,3,12,2,"8:13 PM","2:53","Thomas Free Throw 2 of 2 (3 PTS)",null,null,"44 - 46","2"],["0041400113",269,2,1,2,"8:13 PM","2:37",null,null,"MISS Smith  3PT Jump Shot",null,null],["0041400113",270,4,0,2,"8:13 PM","2:36","Turner REBOUND (Off:0 Def:4)",null,null,null,null],["0041400113",271,1,75,2,"8:13 PM","2:24","Turner 1' Driving Finger Roll Layup (6 PTS)",null,null,"44 - 48","4"],["0041400113",272,1,7,2,"8:14 PM","2:02",null,null,"Thompson  Dunk (7 PTS) (James 2 AST)","46 - 48","2"],["0041400113",273,2,1,2,"8:14 PM","1:44","MISS Turner 16' Jump Shot",null,null,null,null],["0041400113",274,4,0,2,"8:14 PM","1:43",null,null,"James REBOUND (Off:0 Def:6)",null,null],["0041400113",275,6,2,2,"8:14 PM","1:22","Sullinger S.FOUL (P3.PN) (J.Phillips)",null,null,null,null],["0041400113",276,3,11,2,"8:15 PM","1:22",null,null,"Thompson Free Throw 1 of 2 (8 PTS)","47 - 48","1"],["0041400113",278,8,0,2,"8:15 PM","1:22",null,null,"SUB: Shumpert FOR Irving",null,null],["0041400113",279,8,0,2,"8:15 PM","1:22","SUB: Jerebko FOR Bass",null,null,null,null],["0041400113",280,8,0,2,"8:15 PM","1:22","SUB: Zeller FOR Sullinger",null,null,null,null],["0041400113",281,3,12,2,"8:15 PM","1:22",null,null,"MISS Thompson Free Throw 2 of 2",null,null],["0041400113",283,4,0,2,"8:15 PM","1:22","Turner REBOUND (Off:0 Def:5)",null,null,null,null],["0041400113",284,2,1,2,"8:15 PM","1:12","MISS Bradley 25' 3PT Jump Shot",null,null,null,null],["0041400113",285,4,0,2,"8:15 PM","1:11",null,null,"James REBOUND (Off:0 Def:7)",null,null],["0041400113",286,1,1,2,"8:16 PM","1:02",null,null,"Smith  3PT Jump Shot (7 PTS) (Shumpert 1 AST)","50 - 48","-2"],["0041400113",287,2,5,2,"8:16 PM","0:48","MISS Turner  Layup",null,null,null,null],["0041400113",288,4,0,2,"8:16 PM","0:46",null,null,"James REBOUND (Off:0 Def:8)",null,null],["0041400113",289,1,1,2,"8:16 PM","0:38",null,null,"James 22' Jump Shot (13 PTS)","52 - 48","-4"],["0041400113",290,5,2,2,"8:16 PM","0:31","Thomas Lost Ball Turnover (P1.T6)",null,"James STEAL (1 STL)",null,null],["0041400113",291,6,14,2,"8:17 PM","0:29","Turner FLAGRANT.FOUL.TYPE1 (P2.PN) (D.Guthrie)",null,null,null,null],["0041400113",292,18,0,2,"8:17 PM","0:29",null,null,null,null,null],["0041400113",293,3,18,2,"8:18 PM","0:29",null,null,"James Free Throw Flagrant 1 of 2 (14 PTS)","53 - 48","-5"],["0041400113",295,3,19,2,"8:18 PM","0:29",null,null,"James Free Throw Flagrant 2 of 2 (15 PTS)","54 - 48","-6"],["0041400113",297,8,0,2,"8:19 PM","0:29","SUB: Crowder FOR Zeller",null,null,null,null],["0041400113",298,8,0,2,"8:19 PM","0:29",null,null,"SUB: Jones FOR Thompson",null,null],["0041400113",299,1,80,2,"8:19 PM","0:06",null,null,"James 19' Step Back Jump Shot (17 PTS)","56 - 48","-8"],["0041400113",300,2,1,2,"8:19 PM","0:01","MISS Thomas 26' 3PT Jump Shot",null,null,null,null],["0041400113",301,4,0,2,"8:19 PM","0:00",null,null,"Jones REBOUND (Off:0 Def:2)",null,null],["0041400113",302,13,0,2,"8:19 PM","0:00",null,null,null,"56 - 48","-8"],["0041400113",304,12,0,3,"8:37 PM","12:00",null,null,null,"56 - 48","-8"],["0041400113",305,2,56,3,"8:37 PM","11:45","MISS Jerebko 7' Running Hook Shot",null,null,null,null],["0041400113",307,4,0,3,"8:37 PM","11:44","Jerebko REBOUND (Off:3 Def:3)",null,null,null,null],["0041400113",306,1,4,3,"8:37 PM","11:44","Jerebko 1' Tip Shot (2 PTS)",null,null,"56 - 50","-6"],["0041400113",308,2,1,3,"8:38 PM","11:18",null,null,"MISS Smith 25' 3PT Jump Shot",null,null],["0041400113",309,4,0,3,"8:38 PM","11:18","Crowder REBOUND (Off:0 Def:3)",null,null,null,null],["0041400113",310,1,78,3,"8:38 PM","11:13","Bradley 5' Floating Jump Shot (12 PTS) (Crowder 3 AST)",null,null,"56 - 52","-4"],["0041400113",311,2,1,3,"8:38 PM","10:50",null,null,"MISS Love 26' 3PT Jump Shot",null,null],["0041400113",312,4,0,3,"8:38 PM","10:49","Turner REBOUND (Off:0 Def:6)",null,null,null,null],["0041400113",313,1,8,3,"8:38 PM","10:45","Zeller  Slam Dunk (7 PTS) (Turner 6 AST)",null,null,"56 - 54","-2"],["0041400113",314,2,1,3,"8:39 PM","10:17",null,null,"MISS James 26' 3PT Jump Shot",null,null],["0041400113",315,4,0,3,"8:39 PM","10:14",null,null,"Mozgov REBOUND (Off:1 Def:5)",null,null],["0041400113",316,5,4,3,"8:39 PM","10:00",null,null,"Mozgov Traveling Turnover (P3.T7)",null,null],["0041400113",317,1,1,3,"8:39 PM","9:48","Turner 10' Jump Shot (8 PTS)",null,null,"56 - 56","TIE"],["0041400113",318,1,1,3,"8:40 PM","9:37",null,null,"James 19' Jump Shot (19 PTS)","58 - 56","-2"],["0041400113",319,6,2,3,"8:40 PM","9:37","Crowder S.FOUL (P2.T1) (D.Guthrie)",null,null,null,null],["0041400113",320,3,10,3,"8:40 PM","9:37",null,null,"James Free Throw 1 of 1 (20 PTS)","59 - 56","-3"],["0041400113",322,1,1,3,"8:40 PM","9:23","Turner 10' Jump Shot (10 PTS)",null,null,"59 - 58","-1"],["0041400113",323,5,2,3,"8:41 PM","8:59","Bradley STEAL (1 STL)",null,"Mozgov Lost Ball Turnover (P4.T8)",null,null],["0041400113",324,6,26,3,"8:41 PM","8:53","Crowder Offensive Charge Foul (P3.T2) (D.Guthrie)",null,null,null,null],["0041400113",325,5,5,3,"8:41 PM","8:53","Crowder Foul Turnover (P2.T7)",null,null,null,null],["0041400113",326,1,1,3,"8:41 PM","8:41",null,null,"Love 24' 3PT Jump Shot (15 PTS) (Irving 4 AST)","62 - 58","-4"],["0041400113",327,6,29,3,"8:42 PM","8:25",null,null,"Smith Shooting Block Foul (P2.T1) (D.Guthrie)",null,null],["0041400113",328,3,11,3,"8:42 PM","8:25","Turner Free Throw 1 of 2 (11 PTS)",null,null,"62 - 59","-3"],["0041400113",330,3,12,3,"8:42 PM","8:25","Turner Free Throw 2 of 2 (12 PTS)",null,null,"62 - 60","-2"],["0041400113",332,1,1,3,"8:42 PM","8:10",null,null,"Smith 26' 3PT Jump Shot (10 PTS) (Love 3 AST)","65 - 60","-5"],["0041400113",333,5,1,3,"8:43 PM","8:00","Turner Bad Pass Turnover (P2.T8)",null,"James STEAL (2 STL)",null,null],["0041400113",334,1,7,3,"8:43 PM","7:55",null,null,"James  Dunk (22 PTS)","67 - 60","-7"],["0041400113",335,1,42,3,"8:43 PM","7:39","Bradley 1' Driving Layup (14 PTS)",null,null,"67 - 62","-5"],["0041400113",336,2,5,3,"8:43 PM","7:24",null,null,"MISS Irving 2' Layup",null,null],["0041400113",337,4,0,3,"8:43 PM","7:23","CELTICS Rebound",null,null,null,null],["0041400113",338,8,0,3,"8:43 PM","7:23",null,null,"SUB: Thompson FOR Mozgov",null,null],["0041400113",339,6,2,3,"8:44 PM","7:09",null,null,"Thompson S.FOUL (P3.T2) (J.Capers)",null,null],["0041400113",340,3,11,3,"8:44 PM","7:09","Zeller Free Throw 1 of 2 (8 PTS)",null,null,"67 - 63","-4"],["0041400113",342,3,12,3,"8:44 PM","7:09","Zeller Free Throw 2 of 2 (9 PTS)",null,null,"67 - 64","-3"],["0041400113",344,5,2,3,"8:45 PM","6:59","Jerebko STEAL (1 STL)",null,"James Lost Ball Turnover (P1.T9)",null,null],["0041400113",345,6,2,3,"8:45 PM","6:56",null,null,"Love S.FOUL (P2.T3) (J.Phillips)",null,null],["0041400113",346,3,11,3,"8:45 PM","6:56","Bradley Free Throw 1 of 2 (15 PTS)",null,null,"67 - 65","-2"],["0041400113",348,3,12,3,"8:45 PM","6:56","Bradley Free Throw 2 of 2 (16 PTS)",null,null,"67 - 66","-1"],["0041400113",351,2,42,3,"8:46 PM","6:44",null,null,"MISS Irving 3' Driving Layup",null,null],["0041400113",352,4,0,3,"8:46 PM","6:43",null,null,"Thompson REBOUND (Off:3 Def:0)",null,null],["0041400113",353,2,1,3,"8:46 PM","6:32",null,null,"MISS James 21' Jump Shot",null,null],["0041400113",354,4,0,3,"8:46 PM","6:31",null,null,"Smith REBOUND (Off:2 Def:0)",null,null],["0041400113",355,1,1,3,"8:46 PM","6:28",null,null,"Irving  3PT Jump Shot (6 PTS) (Smith 1 AST)","70 - 66","-4"],["0041400113",356,2,80,3,"8:46 PM","6:04","MISS Turner 7' Step Back Jump Shot",null,null,null,null],["0041400113",357,4,0,3,"8:46 PM","6:02",null,null,"James REBOUND (Off:0 Def:9)",null,null],["0041400113",359,9,1,3,"8:47 PM","5:52","CELTICS Timeout: Regular (Full 3 Short 1)",null,null,null,null],["0041400113",361,2,1,3,"8:50 PM","5:41","Jerebko BLOCK (1 BLK)",null,"MISS Thompson 4' Jump Shot",null,null],["0041400113",362,4,0,3,"8:50 PM","5:40","Crowder REBOUND (Off:0 Def:4)",null,null,null,null],["0041400113",363,5,1,3,"8:50 PM","5:38","Crowder Bad Pass Turnover (P3.T9)",null,"Irving STEAL (1 STL)",null,null],["0041400113",364,1,5,3,"8:50 PM","5:33",null,null,"James 1' Layup (24 PTS)","72 - 66","-6"],["0041400113",365,5,2,3,"8:50 PM","5:16","Turner Lost Ball Turnover (P3.T10)",null,"James STEAL (3 STL)",null,null],["0041400113",366,2,1,3,"8:51 PM","5:03",null,null,"MISS Love 17' Jump Shot",null,null],["0041400113",367,4,0,3,"8:51 PM","5:02","Turner REBOUND (Off:0 Def:7)",null,null,null,null],["0041400113",368,2,5,3,"8:51 PM","4:52","MISS Zeller 1' Layup",null,null,null,null],["0041400113",369,4,0,3,"8:51 PM","4:51",null,null,"Smith REBOUND (Off:2 Def:1)",null,null],["0041400113",370,1,1,3,"8:51 PM","4:31",null,null,"Love 22' Jump Shot (17 PTS) (Smith 2 AST)","74 - 66","-8"],["0041400113",371,5,1,3,"8:51 PM","4:16","Turner Bad Pass Turnover (P4.T11)",null,"James STEAL (4 STL)",null,null],["0041400113",372,6,1,3,"8:52 PM","4:16","Turner P.FOUL (P3.T3) (J.Capers)",null,null,null,null],["0041400113",373,8,0,3,"8:52 PM","4:16","SUB: Thomas FOR Turner",null,null,null,null],["0041400113",374,8,0,3,"8:52 PM","4:16","SUB: Bass FOR Zeller",null,null,null,null],["0041400113",375,8,0,3,"8:52 PM","4:16","SUB: Smart FOR Bradley",null,null,null,null],["0041400113",376,8,0,3,"8:52 PM","4:16","SUB: Sullinger FOR Jerebko",null,null,null,null],["0041400113",377,1,1,3,"8:52 PM","3:59",null,null,"Irving 25' 3PT Jump Shot (9 PTS)","77 - 66","-11"],["0041400113",378,6,1,3,"8:53 PM","3:40",null,null,"Smith P.FOUL (P3.T4) (J.Capers)",null,null],["0041400113",379,1,1,3,"8:53 PM","3:29","Crowder 26' 3PT Jump Shot (7 PTS) (Smart 1 AST)",null,null,"77 - 69","-8"],["0041400113",380,2,1,3,"8:53 PM","3:06",null,null,"MISS James 25' 3PT Jump Shot",null,null],["0041400113",381,4,0,3,"8:53 PM","3:06","Sullinger REBOUND (Off:1 Def:6)",null,null,null,null],["0041400113",382,2,1,3,"8:54 PM","2:56","MISS Thomas 24' 3PT Jump Shot",null,"James BLOCK (1 BLK)",null,null],["0041400113",383,4,0,3,"8:54 PM","2:55","Sullinger REBOUND (Off:2 Def:6)",null,null,null,null],["0041400113",384,1,78,3,"8:54 PM","2:46","Sullinger 4' Floating Jump Shot (8 PTS) (Bass 2 AST)",null,null,"77 - 71","-6"],["0041400113",385,9,1,3,"8:54 PM","2:38",null,null,"Cavaliers Timeout: Regular (Reg.3 Short 0)",null,null],["0041400113",387,18,1,3,"8:55 PM","2:38",null,null,null,null,null],["0041400113",390,8,0,3,"8:58 PM","2:35",null,null,"SUB: Shumpert FOR James",null,null],["0041400113",391,10,0,3,"8:58 PM","2:35","Jump Ball Crowder vs. Thompson: Tip to",null,null,null,null],["0041400113",392,1,86,3,"8:59 PM","2:16",null,null,"Smith 21' Turnaround Fadeaway (12 PTS)","79 - 71","-8"],["0041400113",393,1,1,3,"8:59 PM","1:57","Crowder 24' 3PT Jump Shot (10 PTS) (Bass 3 AST)",null,null,"79 - 74","-5"],["0041400113",394,5,4,3,"8:59 PM","1:38",null,null,"Irving Traveling Turnover (P2.T10)",null,null],["0041400113",395,2,1,3,"9:00 PM","1:27","MISS Smart 27' 3PT Jump Shot",null,null,null,null],["0041400113",396,4,0,3,"9:00 PM","1:26",null,null,"Love REBOUND (Off:2 Def:7)",null,null],["0041400113",397,1,1,3,"9:00 PM","1:08",null,null,"Smith 26' 3PT Jump Shot (15 PTS) (Irving 5 AST)","82 - 74","-8"],["0041400113",398,1,84,3,"9:00 PM","0:52","Sullinger 5' Running Bank Shot (10 PTS) (Thomas 2 AST)",null,null,"82 - 76","-6"],["0041400113",399,1,1,3,"9:01 PM","0:31",null,null,"Thompson 6' Jump Shot (10 PTS)","84 - 76","-8"],["0041400113",400,2,63,3,"9:01 PM","0:12","MISS Thomas 12' Fadeaway Jumper",null,null,null,null],["0041400113",401,4,0,3,"9:01 PM","0:11",null,null,"Thompson REBOUND (Off:3 Def:1)",null,null],["0041400113",402,2,1,3,"9:01 PM","0:00",null,null,"MISS Shumpert 24' 3PT Jump Shot",null,null],["0041400113",404,4,0,3,"9:01 PM","0:00",null,null,"Cavaliers Rebound",null,null],["0041400113",403,13,0,3,"9:01 PM","0:00",null,null,null,"84 - 76","-8"],["0041400113",406,12,0,4,"9:05 PM","12:00",null,null,null,"84 - 76","-8"],["0041400113",407,1,1,4,"9:06 PM","11:35",null,null,"James 23' Jump Shot (26 PTS)","86 - 76","-10"],["0041400113",408,1,41,4,"9:06 PM","11:22","Thomas 2' Running Layup (5 PTS)",null,null,"86 - 78","-8"],["0041400113",409,1,66,4,"9:06 PM","10:56",null,null,"James 21' Jump Bank Shot (28 PTS)","88 - 78","-10"],["0041400113",410,2,1,4,"9:07 PM","10:37","MISS Sullinger 10' Jump Shot",null,null,null,null],["0041400113",412,4,0,4,"9:07 PM","10:36","Smart REBOUND (Off:1 Def:0)",null,null,null,null],["0041400113",411,2,5,4,"9:07 PM","10:35","MISS Smart 2' Layup",null,null,null,null],["0041400113",413,4,0,4,"9:07 PM","10:34",null,null,"James REBOUND (Off:0 Def:10)",null,null],["0041400113",414,6,1,4,"9:07 PM","10:34","Smart P.FOUL (P2.T1) (D.Guthrie)",null,null,null,null],["0041400113",415,2,1,4,"9:07 PM","10:20",null,null,"MISS Dellavedova 25' 3PT Jump Shot",null,null],["0041400113",416,4,0,4,"9:07 PM","10:20","Bass REBOUND (Off:0 Def:2)",null,null,null,null],["0041400113",417,2,1,4,"9:07 PM","10:15","MISS Bass 5' Jump Shot",null,"Shumpert BLOCK (1 BLK)",null,null],["0041400113",418,4,0,4,"9:08 PM","10:14",null,null,"Cavaliers Rebound",null,null],["0041400113",419,2,1,4,"9:08 PM","9:52",null,null,"MISS James 21' Jump Shot",null,null],["0041400113",420,4,0,4,"9:08 PM","9:51","Smart REBOUND (Off:1 Def:1)",null,null,null,null],["0041400113",421,5,1,4,"9:08 PM","9:41","Sullinger Bad Pass Turnover (P1.T12)",null,null,null,null],["0041400113",422,2,1,4,"9:09 PM","9:18",null,null,"MISS Smith 25' 3PT Jump Shot",null,null],["0041400113",423,4,0,4,"9:09 PM","9:16",null,null,"James REBOUND (Off:1 Def:10)",null,null],["0041400113",424,6,29,4,"9:09 PM","8:57","Datome Shooting Block Foul (P2.T2) (J.Phillips)",null,null,null,null],["0041400113",425,9,4,4,"9:09 PM","8:57",null,null,null,null,null],["0041400113",427,8,0,4,"9:11 PM","8:57","SUB: Turner FOR Bass",null,null,null,null],["0041400113",428,8,0,4,"9:11 PM","8:57","SUB: Zeller FOR Smart",null,null,null,null],["0041400113",429,8,0,4,"9:11 PM","8:57","SUB: Jerebko FOR Sullinger",null,null,null,null],["0041400113",430,8,0,4,"9:12 PM","8:57","SUB: Bradley FOR Thomas",null,null,null,null],["0041400113",431,8,0,4,"9:12 PM","8:57",null,null,"SUB: Irving FOR Smith",null,null],["0041400113",432,3,11,4,"9:12 PM","8:57",null,null,"MISS James Free Throw 1 of 2",null,null],["0041400113",433,4,1,4,"9:12 PM","8:57",null,null,"Cavaliers Rebound",null,null],["0041400113",434,3,12,4,"9:13 PM","8:57",null,null,"James Free Throw 2 of 2 (29 PTS)","89 - 78","-11"],["0041400113",436,1,1,4,"9:13 PM","8:38","Turner 16' Jump Shot (14 PTS)",null,null,"89 - 80","-9"],["0041400113",437,2,84,4,"9:14 PM","8:16",null,null,"MISS Dellavedova 5' Running Bank Shot",null,null],["0041400113",438,4,0,4,"9:14 PM","8:15","Zeller REBOUND (Off:0 Def:5)",null,null,null,null],["0041400113",439,1,73,4,"9:14 PM","7:58","Jerebko 2' Driving Reverse Layup (4 PTS) (Datome 1 AST)",null,null,"89 - 82","-7"],["0041400113",440,1,1,4,"9:14 PM","7:29",null,null,"James 21' Jump Shot (31 PTS)","91 - 82","-9"],["0041400113",441,1,1,4,"9:15 PM","7:07","Turner 7' Jump Shot (16 PTS)",null,null,"91 - 84","-7"],["0041400113",442,2,1,4,"9:15 PM","6:43",null,null,"MISS James 21' Jump Shot",null,null],["0041400113",443,4,0,4,"9:15 PM","6:42","Zeller REBOUND (Off:0 Def:6)",null,null,null,null],["0041400113",444,2,5,4,"9:15 PM","6:25","MISS Jerebko 2' Layup",null,null,null,null],["0041400113",445,4,0,4,"9:15 PM","6:22",null,null,"Dellavedova REBOUND (Off:0 Def:2)",null,null],["0041400113",446,2,1,4,"9:16 PM","6:13",null,null,"MISS Irving 16' Jump Shot",null,null],["0041400113",447,4,0,4,"9:16 PM","6:12","CELTICS Rebound",null,null,null,null],["0041400113",448,6,3,4,"9:16 PM","6:12",null,null,"Thompson L.B.FOUL (P4.T1) (D.Guthrie)",null,null],["0041400113",449,8,0,4,"9:16 PM","6:12","SUB: Crowder FOR Datome",null,null,null,null],["0041400113",450,2,1,4,"9:16 PM","6:01","MISS Bradley 19' Jump Shot",null,null,null,null],["0041400113",451,4,0,4,"9:16 PM","6:00",null,null,"Dellavedova REBOUND (Off:0 Def:3)",null,null],["0041400113",452,1,52,4,"9:17 PM","5:48",null,null,"Thompson  Alley Oop Dunk (12 PTS) (James 3 AST)","93 - 84","-9"],["0041400113",453,6,1,4,"9:17 PM","5:32",null,null,"James P.FOUL (P1.T2) (J.Phillips)",null,null],["0041400113",454,9,1,4,"9:17 PM","5:32","CELTICS Timeout: Regular (Full 4 Short 1)",null,null,null,null],["0041400113",456,8,0,4,"9:20 PM","5:32",null,null,"SUB: Love FOR Dellavedova",null,null],["0041400113",457,2,7,4,"9:20 PM","5:29","MISS Zeller  Dunk",null,"Thompson BLOCK (1 BLK)",null,null],["0041400113",458,4,0,4,"9:20 PM","5:28",null,null,"Thompson REBOUND (Off:3 Def:2)",null,null],["0041400113",483,2,40,4,"9:21 PM","5:05","Crowder BLOCK (2 BLK)",null,"MISS Shumpert 1' Layup",null,null],["0041400113",484,4,0,4,"9:21 PM","5:03","Bradley REBOUND (Off:1 Def:2)",null,null,null,null],["0041400113",485,5,1,4,"9:21 PM","5:02","Bradley Bad Pass Turnover (P1.T13)",null,"Irving STEAL (2 STL)",null,null],["0041400113",486,2,45,4,"9:21 PM","5:00",null,null,"MISS Irving 9' Jump Shot",null,null],["0041400113",460,4,0,4,"9:21 PM","5:00","Bradley REBOUND (Off:1 Def:3)",null,null,null,null],["0041400113",461,1,42,4,"9:21 PM","4:52","Crowder 1' Driving Layup (12 PTS) (Turner 7 AST)",null,null,"93 - 86","-7"],["0041400113",462,6,2,4,"9:21 PM","4:52",null,null,"Shumpert S.FOUL (P1.T3) (D.Guthrie)",null,null],["0041400113",463,3,10,4,"9:21 PM","4:52","Crowder Free Throw 1 of 1 (13 PTS)",null,null,"93 - 87","-6"],["0041400113",465,1,75,4,"9:22 PM","4:35",null,null,"Irving  Driving Finger Roll Layup (11 PTS)","95 - 87","-8"],["0041400113",466,2,1,4,"9:22 PM","4:22","MISS Jerebko 25' 3PT Jump Shot",null,null,null,null],["0041400113",467,4,0,4,"9:22 PM","4:20",null,null,"Shumpert REBOUND (Off:0 Def:1)",null,null],["0041400113",468,2,1,4,"9:22 PM","4:09",null,null,"MISS Irving 20' Jump Shot",null,null],["0041400113",469,4,0,4,"9:22 PM","4:08","Turner REBOUND (Off:0 Def:8)",null,null,null,null],["0041400113",470,2,1,4,"9:22 PM","4:03","MISS Bradley 26' 3PT Jump Shot",null,null,null,null],["0041400113",471,4,0,4,"9:22 PM","4:01","Crowder REBOUND (Off:1 Def:4)",null,null,null,null],["0041400113",472,1,72,4,"9:22 PM","3:59","Crowder 1' Putback Layup (15 PTS)",null,null,"95 - 89","-6"],["0041400113",473,2,5,4,"9:23 PM","3:34",null,null,"MISS Thompson 1' Layup",null,null],["0041400113",474,4,0,4,"9:23 PM","3:33","Crowder REBOUND (Off:1 Def:5)",null,null,null,null],["0041400113",475,6,1,4,"9:23 PM","3:27",null,null,"Love P.FOUL (P3.T4) (J.Capers)",null,null],["0041400113",476,8,0,4,"9:23 PM","3:27",null,null,"SUB: Smith FOR Shumpert",null,null],["0041400113",477,2,1,4,"9:24 PM","3:21","MISS Bradley 25' 3PT Jump Shot",null,null,null,null],["0041400113",478,4,0,4,"9:24 PM","3:21",null,null,"Smith REBOUND (Off:2 Def:2)",null,null],["0041400113",479,6,1,4,"9:24 PM","3:08","Crowder P.FOUL (P4.T3) (J.Capers)",null,null,null,null],["0041400113",480,5,13,4,"9:24 PM","3:04",null,null,"James Backcourt Turnover (P2.T11)",null,null],["0041400113",481,9,1,4,"9:24 PM","3:04","CELTICS Timeout: Regular (Full 5 Short 1)",null,null,null,null],["0041400113",487,1,1,4,"9:27 PM","2:45","Turner 25' 3PT Jump Shot (19 PTS) (Crowder 4 AST)",null,null,"95 - 92","-3"],["0041400113",490,2,46,4,"9:28 PM","2:19",null,null,"MISS Irving 7' Running Jump Shot",null,null],["0041400113",491,4,0,4,"9:28 PM","2:18",null,null,"Thompson REBOUND (Off:4 Def:2)",null,null],["0041400113",492,1,1,4,"9:28 PM","2:13",null,null,"Love  3PT Jump Shot (20 PTS) (Irving 6 AST)","98 - 92","-6"],["0041400113",494,2,1,4,"9:28 PM","1:56","MISS Jerebko 3' Jump Shot",null,"Thompson BLOCK (2 BLK)",null,null],["0041400113",495,4,0,4,"9:28 PM","1:55","CELTICS Rebound",null,null,null,null],["0041400113",497,6,4,4,"9:29 PM","1:52","Crowder OFF.Foul (P5) (J.Capers)",null,null,null,null],["0041400113",498,5,5,4,"9:29 PM","1:52","Crowder Foul Turnover (P4.T14)",null,null,null,null],["0041400113",500,2,1,4,"9:29 PM","1:32",null,null,"MISS Smith 26' 3PT Jump Shot",null,null],["0041400113",501,4,0,4,"9:29 PM","1:31","Jerebko REBOUND (Off:3 Def:4)",null,null,null,null],["0041400113",502,2,5,4,"9:30 PM","1:15","MISS Turner 2' Layup",null,"James BLOCK (2 BLK)",null,null],["0041400113",503,4,0,4,"9:30 PM","1:14","Crowder REBOUND (Off:2 Def:5)",null,null,null,null],["0041400113",504,6,2,4,"9:30 PM","1:14",null,null,"Thompson S.FOUL (P5.PN) (J.Capers)",null,null],["0041400113",505,3,11,4,"9:30 PM","1:14","Crowder Free Throw 1 of 2 (16 PTS)",null,null,"98 - 93","-5"],["0041400113",507,8,0,4,"9:30 PM","1:14","SUB: Bass FOR Jerebko",null,null,null,null],["0041400113",508,3,12,4,"9:30 PM","1:14","MISS Crowder Free Throw 2 of 2",null,null,null,null],["0041400113",511,4,0,4,"9:31 PM","1:13",null,null,"Smith REBOUND (Off:2 Def:3)",null,null],["0041400113",512,9,1,4,"9:31 PM","1:12",null,null,"Cavaliers Timeout: Regular (Reg.4 Short 0)",null,null],["0041400113",514,2,1,4,"9:33 PM","0:51",null,null,"MISS James 18' Jump Shot",null,null],["0041400113",515,4,0,4,"9:33 PM","0:49",null,null,"Thompson REBOUND (Off:5 Def:2)",null,null],["0041400113",516,1,1,4,"9:33 PM","0:26",null,null,"Love 25' 3PT Jump Shot (23 PTS) (James 4 AST)","101 - 93","-8"],["0041400113",517,9,1,4,"9:34 PM","0:26","CELTICS Timeout: Regular (Full 6 Short 1)",null,null,null,null],["0041400113",519,8,0,4,"9:35 PM","0:26","SUB: Thomas FOR Bass",null,null,null,null],["0041400113",520,8,0,4,"9:35 PM","0:26",null,null,"SUB: Shumpert FOR Love",null,null],["0041400113",522,1,5,4,"9:36 PM","0:18","Bradley 2' Layup (18 PTS) (Turner 8 AST)",null,null,"101 - 95","-6"],["0041400113",523,6,28,4,"9:36 PM","0:17","Turner Personal Take Foul (P4.T4) (J.Phillips)",null,null,null,null],["0041400113",524,8,0,4,"9:36 PM","0:17","SUB: Bass FOR Zeller",null,null,null,null],["0041400113",525,8,0,4,"9:37 PM","0:17","SUB: Smart FOR Thomas",null,null,null,null],["0041400113",526,8,0,4,"9:37 PM","0:17",null,null,"SUB: Love FOR Thompson",null,null],["0041400113",527,6,28,4,"9:37 PM","0:14","Bradley Personal Take Foul (P2.PN) (J.Phillips)",null,null,null,null],["0041400113",528,3,11,4,"9:37 PM","0:14",null,null,"Irving Free Throw 1 of 2 (12 PTS)","102 - 95","-7"],["0041400113",530,8,0,4,"9:38 PM","0:14",null,null,"SUB: Thompson FOR Love",null,null],["0041400113",531,8,0,4,"9:38 PM","0:14","SUB: Thomas FOR Turner",null,null,null,null],["0041400113",532,8,0,4,"9:38 PM","0:14","SUB: Sullinger FOR Bass",null,null,null,null],["0041400113",533,8,0,4,"9:38 PM","0:14","SUB: Zeller FOR Crowder",null,null,null,null],["0041400113",534,8,0,4,"9:38 PM","0:14","SUB: Datome FOR Smart",null,null,null,null],["0041400113",536,3,12,4,"9:38 PM","0:14",null,null,"Irving Free Throw 2 of 2 (13 PTS)","103 - 95","-8"],["0041400113",538,5,40,4,"9:38 PM","0:05","Sullinger Out of Bounds Lost Ball Turnover (P2.T15)",null,null,null,null],["0041400113",539,13,0,4,"9:39 PM","0:00",null,null,null,"103 - 95","-8"]]},{"name":"AvailableVideo","headers":["VIDEO_AVAILABLE_FLAG"],"rowSet":[[1]]}]}