{"resource":"playbyplay","parameters":{"GameID":"0041400223","StartPeriod":0,"EndPeriod":14},"resultSets":[{"name":"PlayByPlay","headers":["GAME_ID","EVENTNUM","EVENTMSGTYPE","EVENTMSGACTIONTYPE","PERIOD","WCTIMESTRING","PCTIMESTRING","HOMEDESCRIPTION","NEUTRALDESCRIPTION","VISITORDESCRIPTION","SCORE","SCOREMARGIN"],"rowSet":[["0041400223",0,12,0,1,"8:18 PM","12:00",null,null,null,null,null],["0041400223",1,10,0,1,"8:18 PM","12:00","Jump Ball Gasol vs. Bogut: Tip to Randolph",null,null,null,null],["0041400223",3,2,1,1,"8:18 PM","11:36","MISS Randolph 25' 3PT Jump Shot",null,null,null,null],["0041400223",4,4,0,1,"8:18 PM","11:35",null,null,"Green REBOUND (Off:0 Def:1)",null,null],["0041400223",5,1,44,1,"8:19 PM","11:28",null,null,"Curry 1' Reverse Layup (2 PTS) (Green 1 AST)","2 - 0","-2"],["0041400223",6,2,1,1,"8:19 PM","11:20","MISS Lee 18' Jump Shot",null,null,null,null],["0041400223",7,4,0,1,"8:19 PM","11:19",null,null,"Thompson REBOUND (Off:0 Def:1)",null,null],["0041400223",10,1,1,1,"8:19 PM","11:03",null,null,"Thompson 17' Jump Shot (2 PTS) (Bogut 1 AST)","4 - 0","-4"],["0041400223",11,2,42,1,"8:20 PM","10:44","MISS Conley 1' Driving Layup",null,null,null,null],["0041400223",12,4,0,1,"8:20 PM","10:42",null,null,"Green REBOUND (Off:0 Def:2)",null,null],["0041400223",13,2,5,1,"8:20 PM","10:39",null,null,"MISS Green 3' Layup",null,null],["0041400223",14,4,0,1,"8:20 PM","10:37","Gasol REBOUND (Off:0 Def:1)",null,null,null,null],["0041400223",15,1,8,1,"8:20 PM","10:33","Lee  Slam Dunk (2 PTS)",null,null,"4 - 2","-2"],["0041400223",16,2,1,1,"8:20 PM","10:09",null,null,"MISS Green  3PT Jump Shot",null,null],["0041400223",17,4,0,1,"8:20 PM","10:09","Gasol REBOUND (Off:0 Def:2)",null,null,null,null],["0041400223",18,1,85,1,"8:20 PM","9:57","Randolph 5' Turnaround Bank Shot (2 PTS) (Conley 1 AST)",null,null,"4 - 4","TIE"],["0041400223",19,2,1,1,"8:21 PM","9:44",null,null,"MISS Thompson 25' 3PT Jump Shot",null,null],["0041400223",20,4,0,1,"8:21 PM","9:43","Randolph REBOUND (Off:0 Def:1)",null,null,null,null],["0041400223",21,2,1,1,"8:21 PM","9:33","MISS Gasol 12' Jump Shot",null,null,null,null],["0041400223",22,4,0,1,"8:21 PM","9:32",null,null,"Thompson REBOUND (Off:0 Def:2)",null,null],["0041400223",23,1,1,1,"8:21 PM","9:25",null,null,"Thompson 24' 3PT Jump Shot (5 PTS)","7 - 4","-3"],["0041400223",26,5,11,1,"8:22 PM","9:01","GRIZZLIES Turnover: Shot Clock (T#1)",null,null,null,null],["0041400223",27,2,1,1,"8:22 PM","8:44",null,null,"MISS Green 25' 3PT Jump Shot",null,null],["0041400223",28,4,0,1,"8:22 PM","8:43","Gasol REBOUND (Off:0 Def:3)",null,null,null,null],["0041400223",29,1,1,1,"8:23 PM","8:35","Randolph 7' Jump Shot (4 PTS) (Lee 1 AST)",null,null,"7 - 6","-1"],["0041400223",30,5,2,1,"8:23 PM","8:24","Gasol STEAL (1 STL)",null,"Green Lost Ball Turnover (P1.T1)",null,null],["0041400223",31,6,1,1,"8:23 PM","8:20",null,null,"Thompson P.FOUL (P1.T1) (J.Capers)",null,null],["0041400223",32,6,2,1,"8:23 PM","8:10",null,null,"Barnes S.FOUL (P1.T2) (T.Brown)",null,null],["0041400223",33,3,11,1,"8:24 PM","8:10","Gasol Free Throw 1 of 2 (1 PTS)",null,null,"7 - 7","TIE"],["0041400223",35,3,12,1,"8:24 PM","8:10","Gasol Free Throw 2 of 2 (2 PTS)",null,null,"7 - 8","1"],["0041400223",37,2,1,1,"8:24 PM","7:55",null,null,"MISS Curry 22' Jump Shot",null,null],["0041400223",38,4,0,1,"8:24 PM","7:54","Gasol REBOUND (Off:0 Def:4)",null,null,null,null],["0041400223",39,2,86,1,"8:25 PM","7:43","MISS Gasol 8' Turnaround Fadeaway Shot",null,null,null,null],["0041400223",40,4,0,1,"8:25 PM","7:41",null,null,"Bogut REBOUND (Off:0 Def:1)",null,null],["0041400223",41,2,1,1,"8:25 PM","7:30",null,null,"MISS Curry  3PT Jump Shot",null,null],["0041400223",42,4,0,1,"8:25 PM","7:28",null,null,"Bogut REBOUND (Off:1 Def:1)",null,null],["0041400223",43,1,84,1,"8:25 PM","7:25",null,null,"Curry 7' Running Bank Shot (4 PTS) (Bogut 2 AST)","9 - 8","-1"],["0041400223",44,2,46,1,"8:25 PM","7:03","MISS Lee 6' Running Jump Shot",null,"Thompson BLOCK (1 BLK)",null,null],["0041400223",45,4,0,1,"8:25 PM","7:01",null,null,"Thompson REBOUND (Off:0 Def:3)",null,null],["0041400223",46,1,5,1,"8:25 PM","6:58",null,null,"Thompson 1' Layup (7 PTS) (Curry 1 AST)","11 - 8","-3"],["0041400223",47,2,1,1,"8:26 PM","6:32","MISS Allen 17' Jump Shot",null,null,null,null],["0041400223",48,4,0,1,"8:26 PM","6:32",null,null,"Bogut REBOUND (Off:1 Def:2)",null,null],["0041400223",49,2,1,1,"8:26 PM","6:22",null,null,"MISS Curry 25' 3PT Jump Shot",null,null],["0041400223",50,4,0,1,"8:26 PM","6:22",null,null,"Barnes REBOUND (Off:1 Def:0)",null,null],["0041400223",51,1,1,1,"8:26 PM","6:19",null,null,"Barnes 8' Jump Shot (2 PTS)","13 - 8","-5"],["0041400223",52,9,1,1,"8:26 PM","6:11","GRIZZLIES Timeout: Regular (Full 1 Short 0)",null,null,null,null],["0041400223",54,1,47,1,"8:30 PM","5:56","Randolph 6' Turnaround Jump Shot (6 PTS)",null,null,"13 - 10","-3"],["0041400223",55,1,86,1,"8:30 PM","5:39",null,null,"Barnes 7' Turnaround Fadeaway (4 PTS) (Green 2 AST)","15 - 10","-5"],["0041400223",56,1,46,1,"8:31 PM","5:27","Lee 15' Running Jump Shot (4 PTS)",null,null,"15 - 12","-3"],["0041400223",57,5,1,1,"8:31 PM","5:18",null,null,"Thompson Bad Pass Turnover (P1.T2)",null,null],["0041400223",58,8,0,1,"8:31 PM","5:18",null,null,"SUB: Iguodala FOR Barnes",null,null],["0041400223",59,6,1,1,"8:32 PM","5:04",null,null,"Green P.FOUL (P1.T3) (M.McCutchen)",null,null],["0041400223",60,8,0,1,"8:32 PM","5:04",null,null,"SUB: Barbosa FOR Thompson",null,null],["0041400223",61,1,80,1,"8:32 PM","4:57","Conley 24' 3PT Step Back Jump Shot (3 PTS)",null,null,"15 - 15","TIE"],["0041400223",62,2,5,1,"8:32 PM","4:44",null,null,"MISS Green 2' Layup",null,null],["0041400223",64,4,0,1,"8:32 PM","4:44",null,null,"Bogut REBOUND (Off:2 Def:2)",null,null],["0041400223",63,2,4,1,"8:32 PM","4:44",null,null,"MISS Bogut 1' Tip Shot",null,null],["0041400223",66,4,0,1,"8:32 PM","4:42",null,null,"Bogut REBOUND (Off:3 Def:2)",null,null],["0041400223",65,1,4,1,"8:32 PM","4:42",null,null,"Bogut 2' Tip Shot (2 PTS)","17 - 15","-2"],["0041400223",67,6,26,1,"8:33 PM","4:28","Randolph Offensive Charge Foul (P1.T1) (T.Brown)",null,null,null,null],["0041400223",68,5,5,1,"8:33 PM","4:28","Randolph Foul Turnover (P1.T2)",null,null,null,null],["0041400223",69,8,0,1,"8:33 PM","4:28","SUB: Green FOR Allen",null,null,null,null],["0041400223",70,2,86,1,"8:33 PM","4:08",null,null,"MISS Iguodala 9' Turnaround Fadeaway Shot",null,null],["0041400223",71,4,0,1,"8:33 PM","4:06","Gasol REBOUND (Off:0 Def:5)",null,null,null,null],["0041400223",72,2,47,1,"8:33 PM","4:01","MISS Conley 7' Turnaround Jump Shot",null,null,null,null],["0041400223",73,4,0,1,"8:33 PM","3:58","Randolph REBOUND (Off:1 Def:1)",null,null,null,null],["0041400223",74,2,1,1,"8:33 PM","3:55","MISS Randolph 4' Jump Shot",null,null,null,null],["0041400223",75,4,0,1,"8:33 PM","3:54",null,null,"Iguodala REBOUND (Off:0 Def:1)",null,null],["0041400223",76,2,1,1,"8:34 PM","3:41",null,null,"MISS Curry 25' 3PT Jump Shot",null,null],["0041400223",77,4,0,1,"8:34 PM","3:41","Randolph REBOUND (Off:1 Def:2)",null,null,null,null],["0041400223",78,1,5,1,"8:34 PM","3:26","Gasol 1' Layup (4 PTS) (Randolph 1 AST)",null,null,"17 - 17","TIE"],["0041400223",79,9,1,1,"8:34 PM","3:21",null,null,"Warriors Timeout: Regular (Reg.1 Short 0)",null,null],["0041400223",81,8,0,1,"8:37 PM","3:21",null,null,"SUB: Ezeli FOR Green",null,null],["0041400223",82,8,0,1,"8:37 PM","3:21",null,null,"SUB: Barnes FOR Bogut",null,null],["0041400223",83,8,0,1,"8:37 PM","3:21","SUB: Koufos FOR Gasol",null,null,null,null],["0041400223",84,2,7,1,"8:38 PM","3:09","Koufos BLOCK (1 BLK)",null,"MISS Ezeli  Dunk",null,null],["0041400223",85,4,0,1,"8:38 PM","3:05","Koufos REBOUND (Off:0 Def:1)",null,null,null,null],["0041400223",86,2,1,1,"8:38 PM","2:49","MISS Randolph 5' Jump Shot",null,null,null,null],["0041400223",87,4,0,1,"8:38 PM","2:49",null,null,"Ezeli REBOUND (Off:0 Def:1)",null,null],["0041400223",88,2,1,1,"8:39 PM","2:38",null,null,"MISS Curry 22' Jump Shot",null,null],["0041400223",89,4,0,1,"8:39 PM","2:37","Lee REBOUND (Off:0 Def:1)",null,null,null,null],["0041400223",90,6,1,1,"8:39 PM","2:22",null,null,"Barbosa P.FOUL (P1.T4) (J.Capers)",null,null],["0041400223",91,8,0,1,"8:39 PM","2:22","SUB: Udrih FOR Conley",null,null,null,null],["0041400223",92,2,1,1,"8:40 PM","2:08","MISS Green 18' Jump Shot",null,null,null,null],["0041400223",94,4,0,1,"8:40 PM","2:06","Koufos REBOUND (Off:1 Def:1)",null,null,null,null],["0041400223",93,1,4,1,"8:40 PM","2:06","Koufos 1' Tip Shot (2 PTS)",null,null,"17 - 19","2"],["0041400223",95,5,1,1,"8:40 PM","1:55",null,null,"Curry Bad Pass Turnover (P1.T3)",null,null],["0041400223",96,8,0,1,"8:40 PM","1:55",null,null,"SUB: Livingston FOR Curry",null,null],["0041400223",97,2,77,1,"8:40 PM","1:42","MISS Randolph 4' Driving Jump Shot",null,null,null,null],["0041400223",98,4,0,1,"8:40 PM","1:41",null,null,"Iguodala REBOUND (Off:0 Def:2)",null,null],["0041400223",99,6,1,1,"8:41 PM","1:35","Lee P.FOUL (P1.T2) (M.McCutchen)",null,null,null,null],["0041400223",100,8,0,1,"8:41 PM","1:35",null,null,"SUB: Speights FOR Ezeli",null,null],["0041400223",101,8,0,1,"8:41 PM","1:35","SUB: Carter FOR Randolph",null,null,null,null],["0041400223",102,1,1,1,"8:41 PM","1:28",null,null,"Speights 19' Jump Shot (2 PTS) (Barbosa 1 AST)","19 - 19","TIE"],["0041400223",103,2,79,1,"8:42 PM","1:02","MISS Udrih 16' Pullup Jump Shot",null,null,null,null],["0041400223",104,4,0,1,"8:42 PM","1:01",null,null,"Iguodala REBOUND (Off:0 Def:3)",null,null],["0041400223",105,6,1,1,"8:42 PM","0:56","Udrih P.FOUL (P1.PN) (T.Brown)",null,null,null,null],["0041400223",106,3,11,1,"8:42 PM","0:56",null,null,"MISS Speights Free Throw 1 of 2",null,null],["0041400223",107,4,1,1,"8:42 PM","0:56",null,null,"Warriors Rebound",null,null],["0041400223",108,3,12,1,"8:42 PM","0:56",null,null,"Speights Free Throw 2 of 2 (3 PTS)","20 - 19","-1"],["0041400223",110,1,46,1,"8:43 PM","0:44","Carter 5' Running Jump Shot (2 PTS)",null,null,"20 - 21","1"],["0041400223",111,5,2,1,"8:43 PM","0:38","Lee STEAL (1 STL)",null,"Barbosa Lost Ball Turnover (P1.T4)",null,null],["0041400223",112,1,5,1,"8:43 PM","0:30","Koufos 2' Layup (4 PTS) (Lee 2 AST)",null,null,"20 - 23","3"],["0041400223",113,2,1,1,"8:43 PM","0:09",null,null,"MISS Speights 19' Jump Shot",null,null],["0041400223",114,4,0,1,"8:43 PM","0:09","Carter REBOUND (Off:0 Def:1)",null,null,null,null],["0041400223",115,2,47,1,"8:43 PM","0:01","MISS Green 17' Turnaround Jump Shot",null,null,null,null],["0041400223",116,4,0,1,"8:43 PM","0:00",null,null,"Livingston REBOUND (Off:0 Def:1)",null,null],["0041400223",118,13,0,1,"8:44 PM","0:00",null,null,null,"20 - 23","3"],["0041400223",120,12,0,2,"8:47 PM","12:00",null,null,null,"20 - 23","3"],["0041400223",121,2,1,2,"8:47 PM","11:43",null,null,"MISS Speights 8' Jump Shot",null,null],["0041400223",122,4,0,2,"8:48 PM","11:43","Gasol REBOUND (Off:0 Def:6)",null,null,null,null],["0041400223",123,6,1,2,"8:48 PM","11:32",null,null,"Thompson P.FOUL (P2.T1) (T.Brown)",null,null],["0041400223",124,6,4,2,"8:48 PM","11:24","Green OFF.Foul (P1) (M.McCutchen)",null,null,null,null],["0041400223",125,5,5,2,"8:48 PM","11:24","Green Foul Turnover (P1.T3)",null,null,null,null],["0041400223",127,5,2,2,"8:49 PM","11:05","Udrih STEAL (1 STL)",null,"Barnes Lost Ball Turnover (P1.T5)",null,null],["0041400223",128,1,7,2,"8:49 PM","10:58","Koufos  Dunk (6 PTS) (Udrih 1 AST)",null,null,"20 - 25","5"],["0041400223",129,2,1,2,"8:49 PM","10:45",null,null,"MISS Speights 19' Jump Shot",null,null],["0041400223",130,4,0,2,"8:49 PM","10:45","Udrih REBOUND (Off:0 Def:1)",null,null,null,null],["0041400223",131,1,44,2,"8:49 PM","10:38","Udrih 2' Reverse Layup (2 PTS)",null,null,"20 - 27","7"],["0041400223",132,9,1,2,"8:49 PM","10:36",null,null,"Warriors Timeout: Regular (Reg.2 Short 0)",null,null],["0041400223",134,8,0,2,"8:52 PM","10:36",null,null,"SUB: Bogut FOR Barnes",null,null],["0041400223",135,8,0,2,"8:52 PM","10:36",null,null,"SUB: Green FOR Speights",null,null],["0041400223",136,2,1,2,"8:53 PM","10:20",null,null,"MISS Thompson 18' Jump Shot",null,null],["0041400223",137,4,0,2,"8:53 PM","10:19",null,null,"Bogut REBOUND (Off:4 Def:2)",null,null],["0041400223",138,2,3,2,"8:53 PM","10:05",null,null,"MISS Bogut 6' Hook Shot",null,null],["0041400223",139,4,0,2,"8:53 PM","10:04","Carter REBOUND (Off:0 Def:2)",null,null,null,null],["0041400223",140,1,3,2,"8:54 PM","9:47","Gasol 3' Hook Shot (6 PTS)",null,null,"20 - 29","9"],["0041400223",141,1,85,2,"8:54 PM","9:39",null,null,"Livingston 7' Turnaround Bank Shot (2 PTS)","22 - 29","7"],["0041400223",142,2,63,2,"8:54 PM","9:24","MISS Carter 11' Fadeaway Jumper",null,null,null,null],["0041400223",143,4,0,2,"8:54 PM","9:22","Koufos REBOUND (Off:2 Def:1)",null,null,null,null],["0041400223",144,1,1,2,"8:54 PM","9:08","Udrih 14' Jump Shot (4 PTS) (Koufos 1 AST)",null,null,"22 - 31","9"],["0041400223",145,6,2,2,"8:55 PM","8:55","Koufos S.FOUL (P1.T1) (T.Brown)",null,null,null,null],["0041400223",146,3,11,2,"8:55 PM","8:55",null,null,"Iguodala Free Throw 1 of 2 (1 PTS)","23 - 31","8"],["0041400223",148,8,0,2,"8:55 PM","8:55",null,null,"SUB: Curry FOR Livingston",null,null],["0041400223",149,8,0,2,"8:55 PM","8:55","SUB: Allen FOR Koufos",null,null,null,null],["0041400223",150,3,12,2,"8:55 PM","8:55",null,null,"Iguodala Free Throw 2 of 2 (2 PTS)","24 - 31","7"],["0041400223",152,2,1,2,"8:56 PM","8:46","MISS Carter 24' 3PT Jump Shot",null,null,null,null],["0041400223",153,4,0,2,"8:56 PM","8:43","GRIZZLIES Rebound",null,null,null,null],["0041400223",154,1,58,2,"8:56 PM","8:34","Gasol 4' Turnaround Hook Shot (8 PTS) (Udrih 2 AST)",null,null,"24 - 33","9"],["0041400223",155,2,1,2,"8:56 PM","8:20",null,null,"MISS Iguodala  3PT Jump Shot",null,null],["0041400223",156,4,0,2,"8:56 PM","8:19","Gasol REBOUND (Off:0 Def:7)",null,null,null,null],["0041400223",157,2,1,2,"8:57 PM","8:11","MISS Gasol 18' Jump Shot",null,null,null,null],["0041400223",158,4,0,2,"8:57 PM","8:09","Carter REBOUND (Off:1 Def:2)",null,null,null,null],["0041400223",159,1,72,2,"8:57 PM","8:07","Carter 1' Putback Layup (4 PTS)",null,null,"24 - 35","11"],["0041400223",160,5,1,2,"8:57 PM","7:51","Udrih STEAL (2 STL)",null,"Curry Bad Pass Turnover (P2.T6)",null,null],["0041400223",161,5,1,2,"8:57 PM","7:47","Green Bad Pass Turnover (P2.T4)",null,null,null,null],["0041400223",162,8,0,2,"8:57 PM","7:47","SUB: Conley FOR Udrih",null,null,null,null],["0041400223",163,8,0,2,"8:57 PM","7:47",null,null,"SUB: Barnes FOR Iguodala",null,null],["0041400223",164,2,1,2,"8:57 PM","7:32",null,null,"MISS Curry 24' 3PT Jump Shot",null,null],["0041400223",165,4,0,2,"8:58 PM","7:32","Allen REBOUND (Off:0 Def:1)",null,null,null,null],["0041400223",166,2,1,2,"8:58 PM","7:20","MISS Conley 24' 3PT Jump Shot",null,null,null,null],["0041400223",167,4,0,2,"8:58 PM","7:20","Gasol REBOUND (Off:1 Def:7)",null,null,null,null],["0041400223",168,9,1,2,"8:58 PM","7:14","GRIZZLIES Timeout: Regular (Full 2 Short 0)",null,null,null,null],["0041400223",172,1,1,2,"9:02 PM","7:02","Green  3PT Jump Shot (3 PTS) (Conley 2 AST)",null,null,"24 - 38","14"],["0041400223",173,1,1,2,"9:02 PM","6:45",null,null,"Thompson 8' Jump Shot (9 PTS) (Curry 2 AST)","26 - 38","12"],["0041400223",174,6,2,2,"9:02 PM","6:26",null,null,"Bogut S.FOUL (P1.T2) (J.Capers)",null,null],["0041400223",175,3,11,2,"9:02 PM","6:26","Gasol Free Throw 1 of 2 (9 PTS)",null,null,"26 - 39","13"],["0041400223",177,8,0,2,"9:03 PM","6:26","SUB: Randolph FOR Carter",null,null,null,null],["0041400223",178,3,12,2,"9:03 PM","6:26","Gasol Free Throw 2 of 2 (10 PTS)",null,null,"26 - 40","14"],["0041400223",180,1,79,2,"9:03 PM","6:17",null,null,"Curry 16' Pullup Jump Shot (6 PTS)","28 - 40","12"],["0041400223",181,2,42,2,"9:04 PM","5:56","MISS Green 2' Driving Layup",null,"Bogut BLOCK (1 BLK)",null,null],["0041400223",182,4,0,2,"9:04 PM","5:54",null,null,"Green REBOUND (Off:0 Def:3)",null,null],["0041400223",183,2,1,2,"9:04 PM","5:50",null,null,"MISS Thompson  3PT Jump Shot",null,null],["0041400223",184,4,0,2,"9:04 PM","5:48","Randolph REBOUND (Off:1 Def:3)",null,null,null,null],["0041400223",185,1,5,2,"9:04 PM","5:39","Gasol 2' Layup (12 PTS) (Conley 3 AST)",null,null,"28 - 42","14"],["0041400223",186,6,2,2,"9:04 PM","5:33","Conley S.FOUL (P1.T2) (T.Brown)",null,null,null,null],["0041400223",187,3,11,2,"9:04 PM","5:33",null,null,"Thompson Free Throw 1 of 2 (10 PTS)","29 - 42","13"],["0041400223",189,3,12,2,"9:05 PM","5:33",null,null,"MISS Thompson Free Throw 2 of 2",null,null],["0041400223",191,4,0,2,"9:05 PM","5:32","Gasol REBOUND (Off:1 Def:8)",null,null,null,null],["0041400223",192,6,2,2,"9:05 PM","5:14",null,null,"Bogut S.FOUL (P2.T3) (J.Capers)",null,null],["0041400223",193,3,11,2,"9:06 PM","5:14","Gasol Free Throw 1 of 2 (13 PTS)",null,null,"29 - 43","14"],["0041400223",195,3,12,2,"9:06 PM","5:14","Gasol Free Throw 2 of 2 (14 PTS)",null,null,"29 - 44","15"],["0041400223",197,6,2,2,"9:06 PM","5:07","Conley S.FOUL (P2.T3) (M.McCutchen)",null,null,null,null],["0041400223",198,3,11,2,"9:06 PM","5:07",null,null,"MISS Curry Free Throw 1 of 2",null,null],["0041400223",199,4,1,2,"9:06 PM","5:07",null,null,"Warriors Rebound",null,null],["0041400223",200,3,12,2,"9:07 PM","5:07",null,null,"Curry Free Throw 2 of 2 (7 PTS)","30 - 44","14"],["0041400223",202,1,1,2,"9:07 PM","4:50","Conley 26' 3PT Jump Shot (6 PTS) (Gasol 1 AST)",null,null,"30 - 47","17"],["0041400223",203,1,86,2,"9:07 PM","4:36",null,null,"Barnes 11' Turnaround Fadeaway (6 PTS)","32 - 47","15"],["0041400223",205,2,5,2,"9:08 PM","4:08","MISS Allen 3' Layup",null,null,null,null],["0041400223",206,4,0,2,"9:08 PM","4:07",null,null,"Bogut REBOUND (Off:4 Def:3)",null,null],["0041400223",207,5,1,2,"9:08 PM","3:52","Allen STEAL (1 STL)",null,"Curry Bad Pass Turnover (P3.T7)",null,null],["0041400223",208,2,5,2,"9:08 PM","3:47","MISS Allen 2' Layup",null,null,null,null],["0041400223",210,4,0,2,"9:08 PM","3:45","Green REBOUND (Off:1 Def:0)",null,null,null,null],["0041400223",209,1,5,2,"9:08 PM","3:45","Green 2' Layup (5 PTS)",null,null,"32 - 49","17"],["0041400223",211,9,2,2,"9:08 PM","3:45",null,null,"Warriors Timeout: Short (Reg.2 Short 1)",null,null],["0041400223",212,8,0,2,"9:09 PM","3:45",null,null,"SUB: Iguodala FOR Bogut",null,null],["0041400223",213,8,0,2,"9:09 PM","3:45","SUB: Lee FOR Green",null,null,null,null],["0041400223",214,8,0,2,"9:10 PM","3:45","SUB: Udrih FOR Conley",null,null,null,null],["0041400223",215,1,79,2,"9:10 PM","3:36",null,null,"Curry 24' 3PT Pullup Jump Shot (10 PTS)","35 - 49","14"],["0041400223",216,1,5,2,"9:10 PM","3:18","Gasol 3' Layup (16 PTS) (Udrih 3 AST)",null,null,"35 - 51","16"],["0041400223",217,2,1,2,"9:10 PM","3:11","Allen BLOCK (1 BLK)",null,"MISS Curry 4' Jump Shot",null,null],["0041400223",218,4,0,2,"9:10 PM","3:08","Gasol REBOUND (Off:1 Def:9)",null,null,null,null],["0041400223",219,2,3,2,"9:11 PM","2:52","MISS Randolph 7' Hook Shot",null,null,null,null],["0041400223",220,4,0,2,"9:11 PM","2:49",null,null,"Iguodala REBOUND (Off:0 Def:4)",null,null],["0041400223",221,1,79,2,"9:11 PM","2:39",null,null,"Barnes 16' Pullup Jump Shot (8 PTS) (Thompson 1 AST)","37 - 51","14"],["0041400223",222,2,1,2,"9:11 PM","2:16","MISS Gasol 18' Jump Shot",null,null,null,null],["0041400223",223,4,0,2,"9:11 PM","2:16",null,null,"Barnes REBOUND (Off:1 Def:1)",null,null],["0041400223",224,2,1,2,"9:11 PM","2:05",null,null,"MISS Iguodala 24' 3PT Jump Shot",null,null],["0041400223",225,4,0,2,"9:11 PM","2:04","Randolph REBOUND (Off:1 Def:4)",null,null,null,null],["0041400223",226,6,1,2,"9:12 PM","1:57",null,null,"Green P.FOUL (P2.T4) (M.McCutchen)",null,null],["0041400223",227,9,1,2,"9:12 PM","1:57",null,null,null,null,null],["0041400223",232,5,15,2,"9:15 PM","1:47","Allen Offensive Goaltending Turnover (P1.T5)",null,null,null,null],["0041400223",234,5,2,2,"9:16 PM","1:24","Allen STEAL (2 STL)",null,"Thompson Lost Ball Turnover (P2.T8)",null,null],["0041400223",235,6,1,2,"9:16 PM","1:11",null,null,"Iguodala P.FOUL (P1.PN) (J.Capers)",null,null],["0041400223",236,3,11,2,"9:16 PM","1:11","Randolph Free Throw 1 of 2 (7 PTS)",null,null,"37 - 52","15"],["0041400223",237,8,0,2,"9:17 PM","1:11",null,null,"SUB: Ezeli FOR Green",null,null],["0041400223",238,8,0,2,"9:17 PM","1:11","SUB: Conley FOR Udrih",null,null,null,null],["0041400223",239,3,12,2,"9:17 PM","1:11","Randolph Free Throw 2 of 2 (8 PTS)",null,null,"37 - 53","16"],["0041400223",241,1,66,2,"9:17 PM","1:00",null,null,"Curry 16' Jump Bank Shot (12 PTS)","39 - 53","14"],["0041400223",242,2,5,2,"9:18 PM","0:46","MISS Conley 3' Layup",null,"Curry BLOCK (1 BLK)",null,null],["0041400223",243,4,0,2,"9:18 PM","0:44",null,null,"Ezeli REBOUND (Off:0 Def:2)",null,null],["0041400223",245,5,1,2,"9:18 PM","0:35","Allen STEAL (3 STL)",null,"Curry Bad Pass Turnover (P4.T9)",null,null],["0041400223",246,1,5,2,"9:18 PM","0:31","Allen 1' Layup (2 PTS)",null,null,"39 - 55","16"],["0041400223",247,2,63,2,"9:19 PM","0:12",null,null,"MISS Thompson 14' Fadeaway Jumper",null,null],["0041400223",248,4,0,2,"9:19 PM","0:10",null,null,"Barnes REBOUND (Off:2 Def:1)",null,null],["0041400223",249,2,1,2,"9:19 PM","0:06",null,null,"MISS Iguodala 24' 3PT Jump Shot",null,null],["0041400223",250,4,0,2,"9:19 PM","0:06",null,null,"Curry REBOUND (Off:1 Def:0)",null,null],["0041400223",251,2,63,2,"9:19 PM","0:00",null,null,"MISS Curry 20' Fadeaway Jumper",null,null],["0041400223",252,4,0,2,"9:19 PM","0:00",null,null,"Barnes REBOUND (Off:3 Def:1)",null,null],["0041400223",253,13,0,2,"9:19 PM","0:00",null,null,null,"39 - 55","16"],["0041400223",255,12,0,3,"9:36 PM","12:00",null,null,null,"39 - 55","16"],["0041400223",256,1,1,3,"9:36 PM","11:48",null,null,"Thompson 19' Jump Shot (12 PTS) (Curry 3 AST)","41 - 55","14"],["0041400223",257,6,2,3,"9:37 PM","11:27",null,null,"Bogut S.FOUL (P3.T1) (M.McCutchen)",null,null],["0041400223",258,3,11,3,"9:37 PM","11:27","MISS Gasol Free Throw 1 of 2",null,null,null,null],["0041400223",259,4,1,3,"9:37 PM","11:27","GRIZZLIES Rebound",null,null,null,null],["0041400223",260,3,12,3,"9:37 PM","11:27","Gasol Free Throw 2 of 2 (17 PTS)",null,null,"41 - 56","15"],["0041400223",262,1,1,3,"9:38 PM","11:11",null,null,"Green 24' 3PT Jump Shot (3 PTS) (Curry 4 AST)","44 - 56","12"],["0041400223",263,1,1,3,"9:38 PM","10:51","Allen 16' Jump Shot (4 PTS) (Gasol 2 AST)",null,null,"44 - 58","14"],["0041400223",264,2,1,3,"9:38 PM","10:41",null,null,"MISS Green 24' 3PT Jump Shot",null,null],["0041400223",265,4,0,3,"9:38 PM","10:41","Allen REBOUND (Off:0 Def:2)",null,null,null,null],["0041400223",266,5,1,3,"9:38 PM","10:38","Allen Bad Pass Turnover (P2.T6)",null,null,null,null],["0041400223",267,2,1,3,"9:39 PM","10:27",null,null,"MISS Bogut 8' Jump Shot",null,null],["0041400223",268,4,0,3,"9:39 PM","10:27","Gasol REBOUND (Off:1 Def:10)",null,null,null,null],["0041400223",269,6,1,3,"9:39 PM","10:12",null,null,"Green P.FOUL (P3.T2) (J.Capers)",null,null],["0041400223",270,2,5,3,"9:39 PM","10:02","MISS Gasol 1' Layup",null,"Green BLOCK (1 BLK)",null,null],["0041400223",271,4,0,3,"9:39 PM","10:00",null,null,"Curry REBOUND (Off:1 Def:1)",null,null],["0041400223",272,1,71,3,"9:39 PM","9:58",null,null,"Thompson 1' Finger Roll Layup (14 PTS) (Curry 5 AST)","46 - 58","12"],["0041400223",273,6,26,3,"9:40 PM","9:40","Allen Offensive Charge Foul (P1.T1) (J.Capers)",null,null,null,null],["0041400223",274,5,5,3,"9:40 PM","9:40","Allen Foul Turnover (P3.T7)",null,null,null,null],["0041400223",276,2,1,3,"9:41 PM","9:21",null,null,"MISS Curry 25' 3PT Jump Shot",null,null],["0041400223",277,4,0,3,"9:42 PM","9:20","Lee REBOUND (Off:0 Def:2)",null,null,null,null],["0041400223",278,2,79,3,"9:42 PM","9:15","MISS Lee 16' Pullup Jump Shot",null,null,null,null],["0041400223",279,4,0,3,"9:42 PM","9:12",null,null,"Bogut REBOUND (Off:4 Def:4)",null,null],["0041400223",280,1,77,3,"9:42 PM","9:07",null,null,"Curry 3' Driving Jump Shot (14 PTS)","48 - 58","10"],["0041400223",281,2,1,3,"9:42 PM","8:42","MISS Lee 25' 3PT Jump Shot",null,null,null,null],["0041400223",282,4,0,3,"9:42 PM","8:42",null,null,"Green REBOUND (Off:0 Def:4)",null,null],["0041400223",283,1,1,3,"9:42 PM","8:36",null,null,"Thompson 25' 3PT Jump Shot (17 PTS) (Green 3 AST)","51 - 58","7"],["0041400223",284,9,1,3,"9:42 PM","8:36","GRIZZLIES Timeout: Regular (Full 3 Short 0)",null,null,null,null],["0041400223",286,2,1,3,"9:46 PM","8:15","MISS Randolph 5' Jump Shot",null,null,null,null],["0041400223",287,4,0,3,"9:46 PM","8:14","Randolph REBOUND (Off:2 Def:4)",null,null,null,null],["0041400223",288,1,5,3,"9:46 PM","8:13","Randolph 2' Layup (10 PTS)",null,null,"51 - 60","9"],["0041400223",289,1,1,3,"9:47 PM","7:45",null,null,"Curry  3PT Jump Shot (17 PTS) (Green 4 AST)","54 - 60","6"],["0041400223",290,2,1,3,"9:47 PM","7:18","MISS Conley 26' 3PT Jump Shot",null,null,null,null],["0041400223",291,4,0,3,"9:47 PM","7:18","Gasol REBOUND (Off:2 Def:10)",null,null,null,null],["0041400223",292,6,3,3,"9:47 PM","7:18",null,null,"Thompson L.B.FOUL (P3.T3) (T.Brown)",null,null],["0041400223",293,1,5,3,"9:48 PM","7:09","Allen 1' Layup (6 PTS) (Randolph 2 AST)",null,null,"54 - 62","8"],["0041400223",295,5,40,3,"9:48 PM","6:55",null,null,"Thompson Out of Bounds Lost Ball Turnover (P3.T10)",null,null],["0041400223",296,2,1,3,"9:49 PM","6:37","MISS Gasol 17' Jump Shot",null,null,null,null],["0041400223",297,4,0,3,"9:49 PM","6:36",null,null,"Green REBOUND (Off:0 Def:5)",null,null],["0041400223",298,2,1,3,"9:49 PM","6:29",null,null,"MISS Barnes 19' Jump Shot",null,null],["0041400223",299,4,0,3,"9:49 PM","6:28","Randolph REBOUND (Off:2 Def:5)",null,null,null,null],["0041400223",300,6,1,3,"9:49 PM","6:21",null,null,"Thompson P.FOUL (P4.T4) (J.Capers)",null,null],["0041400223",301,8,0,3,"9:49 PM","6:21",null,null,"SUB: Barbosa FOR Thompson",null,null],["0041400223",302,5,40,3,"9:50 PM","6:08","Allen Out of Bounds Lost Ball Turnover (P4.T8)",null,null,null,null],["0041400223",303,2,80,3,"9:50 PM","6:02",null,null,"MISS Curry 25' 3PT Step Back Jump Shot",null,null],["0041400223",304,4,0,3,"9:50 PM","6:00","GRIZZLIES Rebound",null,null,null,null],["0041400223",305,6,2,3,"9:50 PM","5:41",null,null,"Bogut S.FOUL (P4.PN) (M.McCutchen)",null,null],["0041400223",306,3,11,3,"9:50 PM","5:41","Gasol Free Throw 1 of 2 (18 PTS)",null,null,"54 - 63","9"],["0041400223",308,8,0,3,"9:51 PM","5:41","SUB: Green FOR Allen",null,null,null,null],["0041400223",309,9,1,3,"9:51 PM","5:41",null,null,"Warriors Timeout: Regular (Reg.3 Short 1)",null,null],["0041400223",312,8,0,3,"9:55 PM","5:41",null,null,"SUB: Ezeli FOR Bogut",null,null],["0041400223",313,3,12,3,"9:55 PM","5:41","Gasol Free Throw 2 of 2 (19 PTS)",null,null,"54 - 64","10"],["0041400223",315,2,1,3,"9:55 PM","5:30",null,null,"MISS Curry 22' Jump Shot",null,null],["0041400223",316,4,0,3,"9:55 PM","5:29","Gasol REBOUND (Off:2 Def:11)",null,null,null,null],["0041400223",318,6,17,3,"9:56 PM","5:14",null,null,"Warriors T.Foul (Def. 3 Sec Ezeli ) (M.McCutchen)",null,null],["0041400223",319,3,16,3,"9:56 PM","5:14","Lee Free Throw Technical (5 PTS)",null,null,"54 - 65","11"],["0041400223",321,5,1,3,"9:56 PM","5:05","Gasol Bad Pass Turnover (P1.T9)",null,"Curry STEAL (1 STL)",null,null],["0041400223",322,6,28,3,"9:57 PM","5:05","Randolph Personal Take Foul (P2.T2) (M.McCutchen)",null,null,null,null],["0041400223",324,1,5,3,"9:57 PM","4:47",null,null,"Barnes 2' Layup (10 PTS) (Curry 6 AST)","56 - 65","9"],["0041400223",325,5,2,3,"9:57 PM","4:25","Lee Lost Ball Turnover (P1.T10)",null,"Barbosa STEAL (1 STL)",null,null],["0041400223",326,5,40,3,"9:58 PM","4:22",null,null,"Barbosa Out of Bounds Lost Ball Turnover (P2.T11)",null,null],["0041400223",327,2,5,3,"9:58 PM","4:09","MISS Gasol 2' Layup",null,"Ezeli BLOCK (1 BLK)",null,null],["0041400223",329,4,0,3,"9:58 PM","4:07","Gasol REBOUND (Off:3 Def:11)",null,null,null,null],["0041400223",328,2,5,3,"9:58 PM","4:07","MISS Gasol 2' Layup",null,null,null,null],["0041400223",330,4,0,3,"9:58 PM","4:07",null,null,"Warriors Rebound",null,null],["0041400223",331,6,3,3,"9:58 PM","4:07","Gasol L.B.FOUL (P1.T3) (J.Capers)",null,null,null,null],["0041400223",333,5,1,3,"9:58 PM","4:01",null,null,"Green Bad Pass Turnover (P2.T12)",null,null],["0041400223",334,1,1,3,"9:59 PM","3:46","Randolph 19' Jump Shot (12 PTS) (Green 1 AST)",null,null,"56 - 67","11"],["0041400223",335,6,26,3,"9:59 PM","3:39",null,null,"Barbosa Offensive Charge Foul (P2.PN) (M.McCutchen)",null,null],["0041400223",336,5,5,3,"9:59 PM","3:39",null,null,"Barbosa Foul Turnover (P3.T13)",null,null],["0041400223",337,8,0,3,"9:59 PM","3:39","SUB: Koufos FOR Gasol",null,null,null,null],["0041400223",338,1,1,3,"10:00 PM","3:21","Lee 24' 3PT Jump Shot (8 PTS) (Randolph 3 AST)",null,null,"56 - 70","14"],["0041400223",339,1,80,3,"10:00 PM","3:06",null,null,"Curry 20' Step Back Jump Shot (19 PTS) (Green 5 AST)","58 - 70","12"],["0041400223",340,1,3,3,"10:00 PM","2:48","Koufos 6' Hook Shot (8 PTS) (Lee 3 AST)",null,null,"58 - 72","14"],["0041400223",341,6,1,3,"10:00 PM","2:36","Lee P.FOUL (P2.T4) (M.McCutchen)",null,null,null,null],["0041400223",342,8,0,3,"10:01 PM","2:36",null,null,"SUB: Iguodala FOR Green",null,null],["0041400223",344,1,79,3,"10:02 PM","2:27",null,null,"Iguodala 15' Pullup Jump Shot (4 PTS)","60 - 72","12"],["0041400223",345,1,1,3,"10:03 PM","1:59","Randolph 20' Jump Shot (14 PTS)",null,null,"60 - 74","14"],["0041400223",346,6,1,3,"10:03 PM","1:48","Koufos P.FOUL (P2.PN) (T.Brown)",null,null,null,null],["0041400223",347,8,0,3,"10:03 PM","1:48","SUB: Udrih FOR Conley",null,null,null,null],["0041400223",348,2,1,3,"10:04 PM","1:40",null,null,"MISS Ezeli 6' Jump Shot",null,null],["0041400223",349,4,0,3,"10:04 PM","1:40","Green REBOUND (Off:1 Def:1)",null,null,null,null],["0041400223",350,6,2,3,"10:04 PM","1:25",null,null,"Barnes S.FOUL (P2.PN) (M.McCutchen)",null,null],["0041400223",351,3,11,3,"10:04 PM","1:25","Randolph Free Throw 1 of 2 (15 PTS)",null,null,"60 - 75","15"],["0041400223",353,3,12,3,"10:04 PM","1:25","Randolph Free Throw 2 of 2 (16 PTS)",null,null,"60 - 76","16"],["0041400223",355,2,1,3,"10:05 PM","1:07",null,null,"MISS Curry 28' 3PT Jump Shot",null,null],["0041400223",356,4,0,3,"10:05 PM","1:07","GRIZZLIES Rebound",null,null,null,null],["0041400223",357,1,73,3,"10:05 PM","0:51","Randolph 2' Driving Reverse Layup (18 PTS)",null,null,"60 - 78","18"],["0041400223",358,1,3,3,"10:06 PM","0:38",null,null,"Ezeli 6' Hook Shot (2 PTS)","62 - 78","16"],["0041400223",359,6,1,3,"10:06 PM","0:33",null,null,"Barbosa P.FOUL (P3.PN) (J.Capers)",null,null],["0041400223",360,3,11,3,"10:06 PM","0:33","Udrih Free Throw 1 of 2 (5 PTS)",null,null,"62 - 79","17"],["0041400223",362,8,0,3,"10:06 PM","0:33","SUB: Allen FOR Lee",null,null,null,null],["0041400223",363,8,0,3,"10:06 PM","0:33",null,null,"SUB: Speights FOR Ezeli",null,null],["0041400223",364,8,0,3,"10:07 PM","0:33",null,null,"SUB: Thompson FOR Barbosa",null,null],["0041400223",365,3,12,3,"10:07 PM","0:33","MISS Udrih Free Throw 2 of 2",null,null,null,null],["0041400223",367,4,0,3,"10:07 PM","0:32",null,null,"Speights REBOUND (Off:0 Def:1)",null,null],["0041400223",368,6,2,3,"10:07 PM","0:25","Green S.FOUL (P2.PN) (M.McCutchen)",null,null,null,null],["0041400223",369,3,11,3,"10:07 PM","0:25",null,null,"Curry Free Throw 1 of 2 (20 PTS)","63 - 79","16"],["0041400223",371,8,0,3,"10:07 PM","0:25","SUB: Lee FOR Allen",null,null,null,null],["0041400223",372,8,0,3,"10:07 PM","0:25","SUB: Carter FOR Koufos",null,null,null,null],["0041400223",373,8,0,3,"10:08 PM","0:25",null,null,"SUB: Livingston FOR Thompson",null,null],["0041400223",374,8,0,3,"10:08 PM","0:25",null,null,"SUB: Ezeli FOR Speights",null,null],["0041400223",375,3,12,3,"10:08 PM","0:25",null,null,"Curry Free Throw 2 of 2 (21 PTS)","64 - 79","15"],["0041400223",377,2,1,3,"10:08 PM","0:00","MISS Udrih  3PT Jump Shot",null,null,null,null],["0041400223",379,4,0,3,"10:08 PM","0:00","GRIZZLIES Rebound",null,null,null,null],["0041400223",378,13,0,3,"10:08 PM","0:00",null,null,null,"64 - 79","15"],["0041400223",381,12,0,4,"10:12 PM","12:00",null,null,null,"64 - 79","15"],["0041400223",382,6,29,4,"10:12 PM","11:44",null,null,"Speights Shooting Block Foul (P1.T1) (M.McCutchen)",null,null],["0041400223",383,3,11,4,"10:13 PM","11:44","Udrih Free Throw 1 of 2 (6 PTS)",null,null,"64 - 80","16"],["0041400223",385,3,12,4,"10:13 PM","11:44","Udrih Free Throw 2 of 2 (7 PTS)",null,null,"64 - 81","17"],["0041400223",387,2,3,4,"10:13 PM","11:30",null,null,"MISS Speights 5' Hook Shot",null,null],["0041400223",388,4,0,4,"10:13 PM","11:28","Koufos REBOUND (Off:2 Def:2)",null,null,null,null],["0041400223",389,2,1,4,"10:14 PM","11:07","MISS Green 25' 3PT Jump Shot",null,null,null,null],["0041400223",390,4,0,4,"10:14 PM","11:07",null,null,"Iguodala REBOUND (Off:0 Def:5)",null,null],["0041400223",391,2,1,4,"10:14 PM","10:57",null,null,"MISS Green 24' 3PT Jump Shot",null,null],["0041400223",392,4,0,4,"10:14 PM","10:56",null,null,"Thompson REBOUND (Off:1 Def:3)",null,null],["0041400223",393,2,1,4,"10:14 PM","10:52",null,null,"MISS Thompson 24' 3PT Jump Shot",null,null],["0041400223",394,4,0,4,"10:14 PM","10:52","Carter REBOUND (Off:1 Def:3)",null,null,null,null],["0041400223",395,1,80,4,"10:14 PM","10:38","Randolph 17' Step Back Jump Shot (20 PTS)",null,null,"64 - 83","19"],["0041400223",396,1,1,4,"10:15 PM","10:14",null,null,"Speights 18' Jump Shot (5 PTS) (Thompson 2 AST)","66 - 83","17"],["0041400223",397,6,10,4,"10:15 PM","10:13",null,null,null,null,null],["0041400223",399,5,2,4,"10:15 PM","10:01","Randolph Lost Ball Turnover (P2.T11)",null,"Speights STEAL (1 STL)",null,null],["0041400223",400,6,2,4,"10:15 PM","9:57","Udrih S.FOUL (P2.T1) (M.McCutchen)",null,null,null,null],["0041400223",401,3,11,4,"10:15 PM","9:57",null,null,"Speights Free Throw 1 of 2 (6 PTS)","67 - 83","16"],["0041400223",403,8,0,4,"10:16 PM","9:57","SUB: Allen FOR Randolph",null,null,null,null],["0041400223",404,3,12,4,"10:16 PM","9:57",null,null,"Speights Free Throw 2 of 2 (7 PTS)","68 - 83","15"],["0041400223",406,2,1,4,"10:16 PM","9:39","MISS Allen 3' Jump Shot",null,"Iguodala BLOCK (1 BLK)",null,null],["0041400223",407,4,0,4,"10:16 PM","9:38",null,null,"Green REBOUND (Off:0 Def:6)",null,null],["0041400223",408,1,5,4,"10:16 PM","9:34",null,null,"Speights 1' Layup (9 PTS) (Green 6 AST)","70 - 83","13"],["0041400223",409,9,1,4,"10:16 PM","9:33","GRIZZLIES Timeout: Regular (Full 4 Short 0)",null,null,null,null],["0041400223",412,8,0,4,"10:20 PM","9:33",null,null,"SUB: Barnes FOR Speights",null,null],["0041400223",413,2,1,4,"10:20 PM","9:18","MISS Carter 24' 3PT Jump Shot",null,null,null,null],["0041400223",414,4,0,4,"10:20 PM","9:15","GRIZZLIES Rebound",null,null,null,null],["0041400223",415,7,5,4,"10:21 PM","9:15",null,null,"Livingston Violation:Kicked Ball (J.Capers)",null,null],["0041400223",417,2,63,4,"10:21 PM","9:02","MISS Green 12' Fadeaway Jumper",null,null,null,null],["0041400223",418,4,0,4,"10:21 PM","9:01","Koufos REBOUND (Off:3 Def:2)",null,null,null,null],["0041400223",419,1,1,4,"10:21 PM","8:53","Green 21' Jump Shot (7 PTS) (Allen 1 AST)",null,null,"70 - 85","15"],["0041400223",420,6,2,4,"10:22 PM","8:33","Udrih S.FOUL (P3.T2) (T.Brown)",null,null,null,null],["0041400223",421,3,11,4,"10:22 PM","8:33",null,null,"Iguodala Free Throw 1 of 2 (5 PTS)","71 - 85","14"],["0041400223",423,8,0,4,"10:22 PM","8:33","SUB: Gasol FOR Green",null,null,null,null],["0041400223",424,8,0,4,"10:22 PM","8:33",null,null,"SUB: Curry FOR Livingston",null,null],["0041400223",425,3,12,4,"10:22 PM","8:33",null,null,"MISS Iguodala Free Throw 2 of 2",null,null],["0041400223",427,4,0,4,"10:22 PM","8:32","Allen REBOUND (Off:0 Def:3)",null,null,null,null],["0041400223",428,2,79,4,"10:23 PM","8:10","MISS Udrih 12' Pullup Jump Shot",null,null,null,null],["0041400223",429,4,0,4,"10:23 PM","8:08",null,null,"Thompson REBOUND (Off:1 Def:4)",null,null],["0041400223",430,5,1,4,"10:23 PM","8:05","Allen STEAL (4 STL)",null,"Green Bad Pass Turnover (P3.T14)",null,null],["0041400223",431,2,5,4,"10:23 PM","8:00","MISS Udrih 1' Layup",null,"Thompson BLOCK (2 BLK)",null,null],["0041400223",432,4,0,4,"10:23 PM","7:58","Koufos REBOUND (Off:4 Def:2)",null,null,null,null],["0041400223",433,5,2,4,"10:23 PM","7:43","Allen Lost Ball Turnover (P5.T12)",null,"Green STEAL (1 STL)",null,null],["0041400223",434,6,1,4,"10:23 PM","7:43","Allen P.FOUL (P2.T3) (J.Capers)",null,null,null,null],["0041400223",437,2,1,4,"10:24 PM","7:22",null,null,"MISS Barnes 6' Jump Shot",null,null],["0041400223",438,4,0,4,"10:24 PM","7:22","GRIZZLIES Rebound",null,null,null,null],["0041400223",439,6,3,4,"10:24 PM","7:22",null,null,"Barnes L.B.FOUL (P3.T2) (J.Capers)",null,null],["0041400223",440,8,0,4,"10:24 PM","7:22","SUB: Conley FOR Udrih",null,null,null,null],["0041400223",442,2,86,4,"10:24 PM","7:03","MISS Gasol 9' Turnaround Fadeaway Shot",null,null,null,null],["0041400223",443,4,0,4,"10:25 PM","7:02","GRIZZLIES Rebound",null,null,null,null],["0041400223",444,5,1,4,"10:25 PM","6:51","Carter Bad Pass Turnover (P1.T13)",null,"Green STEAL (2 STL)",null,null],["0041400223",445,6,28,4,"10:25 PM","6:50","Carter Personal Take Foul (P1.T4) (M.McCutchen)",null,null,null,null],["0041400223",446,2,1,4,"10:26 PM","6:40",null,null,"MISS Barnes 25' 3PT Jump Shot",null,null],["0041400223",447,4,0,4,"10:26 PM","6:39",null,null,"Thompson REBOUND (Off:2 Def:4)",null,null],["0041400223",448,6,1,4,"10:26 PM","6:38","Gasol P.FOUL (P2.PN) (M.McCutchen)",null,null,null,null],["0041400223",449,3,11,4,"10:26 PM","6:38",null,null,"MISS Thompson Free Throw 1 of 2",null,null],["0041400223",450,4,1,4,"10:26 PM","6:38",null,null,"Warriors Rebound",null,null],["0041400223",451,3,12,4,"10:26 PM","6:38",null,null,"MISS Thompson Free Throw 2 of 2",null,null],["0041400223",453,4,0,4,"10:26 PM","6:37","Gasol REBOUND (Off:3 Def:12)",null,null,null,null],["0041400223",454,2,1,4,"10:27 PM","6:16","MISS Conley 24' 3PT Jump Shot",null,null,null,null],["0041400223",455,4,0,4,"10:27 PM","6:16",null,null,"Barnes REBOUND (Off:3 Def:2)",null,null],["0041400223",456,6,1,4,"10:27 PM","6:15","Carter P.FOUL (P2.PN) (M.McCutchen)",null,null,null,null],["0041400223",458,3,11,4,"10:27 PM","6:15",null,null,"Barnes Free Throw 1 of 2 (11 PTS)","72 - 85","13"],["0041400223",460,8,0,4,"10:27 PM","6:15","SUB: Randolph FOR Koufos",null,null,null,null],["0041400223",461,8,0,4,"10:27 PM","6:15","SUB: Green FOR Carter",null,null,null,null],["0041400223",462,3,12,4,"10:27 PM","6:15",null,null,"Barnes Free Throw 2 of 2 (12 PTS)","73 - 85","12"],["0041400223",464,6,2,4,"10:28 PM","5:54",null,null,"Curry S.FOUL (P1.T3) (T.Brown)",null,null],["0041400223",466,9,1,4,"10:28 PM","5:54",null,null,null,null,null],["0041400223",469,3,11,4,"10:31 PM","5:54","MISS Conley Free Throw 1 of 2",null,null,null,null],["0041400223",470,4,1,4,"10:31 PM","5:54","GRIZZLIES Rebound",null,null,null,null],["0041400223",471,3,12,4,"10:32 PM","5:54","Conley Free Throw 2 of 2 (7 PTS)",null,null,"73 - 86","13"],["0041400223",473,1,80,4,"10:32 PM","5:40",null,null,"Thompson 24' 3PT Step Back Jump Shot (20 PTS) (Barnes 1 AST)","76 - 86","10"],["0041400223",474,2,1,4,"10:33 PM","5:14","MISS Gasol 9' Jump Shot",null,null,null,null],["0041400223",475,4,0,4,"10:33 PM","5:14",null,null,"Barnes REBOUND (Off:3 Def:3)",null,null],["0041400223",476,6,1,4,"10:33 PM","5:06","Allen P.FOUL (P3.PN) (T.Brown)",null,null,null,null],["0041400223",477,3,11,4,"10:33 PM","5:06",null,null,"MISS Iguodala Free Throw 1 of 2",null,null],["0041400223",478,4,1,4,"10:33 PM","5:06",null,null,"Warriors Rebound",null,null],["0041400223",481,7,3,4,"10:33 PM","5:06","Allen Violation:Lane (T.Brown)",null,null,null,null],["0041400223",483,3,12,4,"10:34 PM","5:06",null,null,"Iguodala Free Throw 2 of 2 (6 PTS)","77 - 86","9"],["0041400223",486,1,47,4,"10:34 PM","4:41","Randolph 11' Turnaround Jump Shot (22 PTS) (Conley 4 AST)",null,null,"77 - 88","11"],["0041400223",487,1,7,4,"10:35 PM","4:30",null,null,"Barnes  Dunk (14 PTS) (Green 7 AST)","79 - 88","9"],["0041400223",488,2,44,4,"10:35 PM","4:06","MISS Gasol 1' Reverse Layup",null,null,null,null],["0041400223",489,4,0,4,"10:35 PM","4:04",null,null,"Warriors Rebound",null,null],["0041400223",490,6,3,4,"10:35 PM","4:04","Gasol L.B.FOUL (P3.PN) (M.McCutchen)",null,null,null,null],["0041400223",491,3,11,4,"10:36 PM","4:04",null,null,"Green Free Throw 1 of 2 (4 PTS)","80 - 88","8"],["0041400223",493,8,0,4,"10:36 PM","4:04","SUB: Lee FOR Green",null,null,null,null],["0041400223",494,3,12,4,"10:36 PM","4:04",null,null,"Green Free Throw 2 of 2 (5 PTS)","81 - 88","7"],["0041400223",496,5,1,4,"10:36 PM","3:49","Conley Bad Pass Turnover (P1.T14)",null,"Thompson STEAL (1 STL)",null,null],["0041400223",497,6,1,4,"10:37 PM","3:36","Gasol P.FOUL (P4.PN) (J.Capers)",null,null,null,null],["0041400223",498,3,11,4,"10:37 PM","3:36",null,null,"Curry Free Throw 1 of 2 (22 PTS)","82 - 88","6"],["0041400223",503,5,17,4,"10:37 PM","3:36",null,null,"Green Lane Violation Turnover (P4.T15)",null,null],["0041400223",505,5,1,4,"10:38 PM","3:20","Randolph Bad Pass Turnover (P3.T15)",null,"Green STEAL (3 STL)",null,null],["0041400223",506,1,5,4,"10:38 PM","3:15",null,null,"Barnes 1' Layup (16 PTS) (Iguodala 1 AST)","84 - 88","4"],["0041400223",507,1,1,4,"10:38 PM","2:47","Lee 25' 3PT Jump Shot (11 PTS) (Allen 2 AST)",null,null,"84 - 91","7"],["0041400223",508,9,1,4,"10:38 PM","2:45",null,null,"Warriors Timeout: Regular (Reg.4 Short 1)",null,null],["0041400223",510,2,1,4,"10:42 PM","2:32",null,null,"MISS Iguodala 16' Jump Shot",null,null],["0041400223",511,4,0,4,"10:42 PM","2:32",null,null,"Warriors Rebound",null,null],["0041400223",512,6,1,4,"10:42 PM","2:32","Gasol P.FOUL (P5.PN) (T.Brown)",null,null,null,null],["0041400223",513,3,11,4,"10:42 PM","2:32",null,null,"Green Free Throw 1 of 2 (6 PTS)","85 - 91","6"],["0041400223",515,3,12,4,"10:42 PM","2:32",null,null,"MISS Green Free Throw 2 of 2",null,null],["0041400223",517,4,0,4,"10:43 PM","2:30","Allen REBOUND (Off:0 Def:4)",null,null,null,null],["0041400223",518,1,66,4,"10:43 PM","2:06","Gasol 23' Jump Bank Shot (21 PTS) (Lee 4 AST)",null,null,"85 - 93","8"],["0041400223",519,1,42,4,"10:43 PM","1:45",null,null,"Iguodala 2' Driving Layup (8 PTS)","87 - 93","6"],["0041400223",520,6,2,4,"10:43 PM","1:45","Gasol S.FOUL (P6.PN) (M.McCutchen)",null,null,null,null],["0041400223",521,18,1,4,"10:44 PM","1:45",null,null,null,null,null],["0041400223",522,8,0,4,"10:45 PM","1:45","SUB: Green FOR Gasol",null,null,null,null],["0041400223",523,3,10,4,"10:45 PM","1:45",null,null,"Iguodala Free Throw 1 of 1 (9 PTS)","88 - 93","5"],["0041400223",525,2,1,4,"10:46 PM","1:21","MISS Lee 24' 3PT Jump Shot",null,null,null,null],["0041400223",526,4,0,4,"10:46 PM","1:20",null,null,"Thompson REBOUND (Off:2 Def:5)",null,null],["0041400223",527,5,2,4,"10:46 PM","1:13","Lee STEAL (2 STL)",null,"Green Lost Ball Turnover (P5.T16)",null,null],["0041400223",528,1,5,4,"10:46 PM","1:09","Allen 1' Layup (8 PTS) (Conley 5 AST)",null,null,"88 - 95","7"],["0041400223",529,9,1,4,"10:46 PM","1:09",null,null,"Warriors Timeout: Regular (Reg.5 Short 1)",null,null],["0041400223",532,2,1,4,"10:48 PM","1:03",null,null,"MISS Curry 25' 3PT Jump Shot",null,null],["0041400223",533,4,0,4,"10:48 PM","1:02","Lee REBOUND (Off:0 Def:3)",null,null,null,null],["0041400223",534,1,42,4,"10:49 PM","0:39","Conley 3' Driving Layup (9 PTS)",null,null,"88 - 97","9"],["0041400223",535,6,2,4,"10:49 PM","0:33","Lee S.FOUL (P3.PN) (M.McCutchen)",null,null,null,null],["0041400223",539,3,11,4,"10:50 PM","0:33",null,null,"Curry Free Throw 1 of 2 (23 PTS)","89 - 97","8"],["0041400223",541,8,0,4,"10:50 PM","0:33","SUB: Udrih FOR Allen",null,null,null,null],["0041400223",542,3,12,4,"10:50 PM","0:33",null,null,"MISS Curry Free Throw 2 of 2",null,null],["0041400223",544,4,0,4,"10:50 PM","0:32","Randolph REBOUND (Off:2 Def:6)",null,null,null,null],["0041400223",545,6,28,4,"10:50 PM","0:32",null,null,"Barnes Personal Take Foul (P4.T4) (J.Capers)",null,null],["0041400223",546,6,28,4,"10:51 PM","0:30",null,null,"Thompson Personal Take Foul (P5.PN) (J.Capers)",null,null],["0041400223",547,3,11,4,"10:51 PM","0:30","Conley Free Throw 1 of 2 (10 PTS)",null,null,"89 - 98","9"],["0041400223",549,8,0,4,"10:51 PM","0:30","SUB: Allen FOR Udrih",null,null,null,null],["0041400223",550,3,12,4,"10:51 PM","0:30","Conley Free Throw 2 of 2 (11 PTS)",null,null,"89 - 99","10"],["0041400223",552,9,2,4,"10:51 PM","0:30",null,null,"Warriors Timeout: Short (Reg.5 Short 2)",null,null],["0041400223",556,5,1,4,"10:53 PM","0:28","Randolph STEAL (1 STL)",null,"Barnes Bad Pass Turnover (P2.T17)",null,null],["0041400223",557,2,1,4,"10:53 PM","0:10","MISS Conley 24' 3PT Jump Shot",null,null,null,null],["0041400223",558,4,0,4,"10:53 PM","0:10",null,null,"Thompson REBOUND (Off:2 Def:6)",null,null],["0041400223",559,2,1,4,"10:53 PM","0:00",null,null,"MISS Green 26' 3PT Jump Shot",null,null],["0041400223",560,4,0,4,"10:53 PM","0:00","Allen REBOUND (Off:0 Def:5)",null,null,null,null],["0041400223",561,13,0,4,"10:53 PM","0:00",null,null,null,"89 - 99","10"]]},{"name":"AvailableVideo","headers":["VIDEO_AVAILABLE_FLAG"],"rowSet":[[1]]}]}