{"resource":"playbyplay","parameters":{"GameID":"0041400224","StartPeriod":0,"EndPeriod":14},"resultSets":[{"name":"PlayByPlay","headers":["GAME_ID","EVENTNUM","EVENTMSGTYPE","EVENTMSGACTIONTYPE","PERIOD","WCTIMESTRING","PCTIMESTRING","HOMEDESCRIPTION","NEUTRALDESCRIPTION","VISITORDESCRIPTION","SCORE","SCOREMARGIN"],"rowSet":[["0041400224",0,12,0,1,"9:43 PM","12:00",null,null,null,null,null],["0041400224",1,10,0,1,"9:43 PM","12:00","Jump Ball Gasol vs. Bogut: Tip to Green",null,null,null,null],["0041400224",2,2,5,1,"9:43 PM","11:38",null,null,"MISS Bogut 2' Layup",null,null],["0041400224",3,4,0,1,"9:43 PM","11:37","Randolph REBOUND (Off:0 Def:1)",null,null,null,null],["0041400224",4,2,1,1,"9:43 PM","11:18","MISS Gasol 8' Jump Shot",null,null,null,null],["0041400224",5,4,0,1,"9:43 PM","11:18","Allen REBOUND (Off:1 Def:0)",null,null,null,null],["0041400224",6,1,1,1,"9:44 PM","11:09","Lee 20' Jump Shot (2 PTS) (Gasol 1 AST)",null,null,"0 - 2","2"],["0041400224",7,1,1,1,"9:44 PM","10:55",null,null,"Green 24' 3PT Jump Shot (3 PTS) (Bogut 1 AST)","3 - 2","-1"],["0041400224",8,5,40,1,"9:44 PM","10:38","Conley Out of Bounds Lost Ball Turnover (P1.T1)",null,null,null,null],["0041400224",9,2,44,1,"9:44 PM","10:28","Allen BLOCK (1 BLK)",null,"MISS Thompson 2' Reverse Layup",null,null],["0041400224",10,4,0,1,"9:44 PM","10:26",null,null,"Green REBOUND (Off:1 Def:0)",null,null],["0041400224",11,6,1,1,"9:45 PM","10:26","Allen P.FOUL (P1.T1) (M.Callahan)",null,null,null,null],["0041400224",12,6,4,1,"9:45 PM","10:25",null,null,"Green OFF.Foul (P1) (P.Fraher)",null,null],["0041400224",13,5,5,1,"9:45 PM","10:25",null,null,"Green Foul Turnover (P1.T1)",null,null],["0041400224",14,5,1,1,"9:45 PM","10:13","Randolph Bad Pass Turnover (P1.T2)",null,"Green STEAL (1 STL)",null,null],["0041400224",15,2,5,1,"9:46 PM","10:08",null,null,"MISS Barnes 1' Layup",null,null],["0041400224",17,4,0,1,"9:46 PM","10:05",null,null,"Green REBOUND (Off:2 Def:0)",null,null],["0041400224",16,1,4,1,"9:46 PM","10:05",null,null,"Green 2' Tip Shot (5 PTS)","5 - 2","-3"],["0041400224",18,1,8,1,"9:46 PM","9:54","Gasol  Slam Dunk (2 PTS) (Conley 1 AST)",null,null,"5 - 4","-1"],["0041400224",19,1,1,1,"9:46 PM","9:29",null,null,"Thompson 13' Jump Shot (2 PTS) (Barnes 1 AST)","7 - 4","-3"],["0041400224",20,1,1,1,"9:46 PM","9:20","Allen 19' Jump Shot (2 PTS) (Conley 2 AST)",null,null,"7 - 6","-1"],["0041400224",21,2,7,1,"9:47 PM","9:03",null,null,"MISS Barnes  Dunk",null,null],["0041400224",22,4,0,1,"9:47 PM","9:00","Lee REBOUND (Off:0 Def:1)",null,null,null,null],["0041400224",23,2,1,1,"9:47 PM","8:56","MISS Allen  3PT Jump Shot",null,null,null,null],["0041400224",24,4,0,1,"9:47 PM","8:54","Randolph REBOUND (Off:1 Def:1)",null,null,null,null],["0041400224",25,2,71,1,"9:47 PM","8:52","MISS Randolph 3' Finger Roll Layup",null,null,null,null],["0041400224",26,4,0,1,"9:47 PM","8:50",null,null,"Green REBOUND (Off:2 Def:1)",null,null],["0041400224",28,5,1,1,"9:47 PM","8:50",null,null,"Green Bad Pass Turnover (P2.T2)",null,null],["0041400224",29,2,1,1,"9:47 PM","8:31","MISS Allen  3PT Jump Shot",null,null,null,null],["0041400224",30,4,0,1,"9:47 PM","8:30",null,null,"Barnes REBOUND (Off:0 Def:1)",null,null],["0041400224",31,2,1,1,"9:48 PM","8:21",null,null,"MISS Thompson 11' Jump Shot",null,null],["0041400224",32,4,0,1,"9:48 PM","8:20","Gasol REBOUND (Off:0 Def:1)",null,null,null,null],["0041400224",34,2,1,1,"9:48 PM","8:07","MISS Gasol 17' Jump Shot",null,null,null,null],["0041400224",35,4,0,1,"9:48 PM","8:06",null,null,"Green REBOUND (Off:2 Def:2)",null,null],["0041400224",36,6,2,1,"9:48 PM","8:01","Gasol S.FOUL (P1.T2) (P.Fraher)",null,null,null,null],["0041400224",37,3,11,1,"9:48 PM","8:01",null,null,"MISS Green Free Throw 1 of 2",null,null],["0041400224",39,4,0,1,"9:48 PM","8:01",null,null,"Warriors Rebound",null,null],["0041400224",38,3,12,1,"9:48 PM","8:01",null,null,"Green Free Throw 2 of 2 (6 PTS)","8 - 6","-2"],["0041400224",41,1,1,1,"9:49 PM","7:52","Conley 25' 3PT Jump Shot (3 PTS)",null,null,"8 - 9","1"],["0041400224",42,1,1,1,"9:49 PM","7:37",null,null,"Green 19' Jump Shot (8 PTS)","10 - 9","-1"],["0041400224",43,5,2,1,"9:49 PM","7:22","Gasol Lost Ball Turnover (P1.T3)",null,"Thompson STEAL (1 STL)",null,null],["0041400224",44,2,1,1,"9:49 PM","7:15",null,null,"MISS Barnes  3PT Jump Shot",null,null],["0041400224",45,4,0,1,"9:49 PM","7:12",null,null,"Curry REBOUND (Off:1 Def:0)",null,null],["0041400224",46,2,1,1,"9:49 PM","7:10",null,null,"MISS Barnes  3PT Jump Shot",null,null],["0041400224",47,4,0,1,"9:49 PM","7:08","Randolph REBOUND (Off:1 Def:2)",null,null,null,null],["0041400224",48,2,46,1,"9:50 PM","6:51","MISS Conley 5' Running Jump Shot",null,null,null,null],["0041400224",49,4,0,1,"9:50 PM","6:49",null,null,"Bogut REBOUND (Off:0 Def:1)",null,null],["0041400224",50,5,2,1,"9:50 PM","6:48","Allen STEAL (1 STL)",null,"Bogut Lost Ball Turnover (P1.T3)",null,null],["0041400224",51,2,1,1,"9:50 PM","6:43","MISS Lee 26' 3PT Jump Shot",null,null,null,null],["0041400224",52,4,0,1,"9:50 PM","6:43",null,null,"Bogut REBOUND (Off:0 Def:2)",null,null],["0041400224",53,1,44,1,"9:50 PM","6:34",null,null,"Barnes 2' Reverse Layup (2 PTS) (Curry 1 AST)","12 - 9","-3"],["0041400224",54,6,1,1,"9:50 PM","6:32",null,null,"Curry P.FOUL (P1.T1) (M.Callahan)",null,null],["0041400224",55,10,0,1,"9:51 PM","6:15","Jump Ball Gasol vs. Curry: Tip to Allen",null,null,null,null],["0041400224",56,2,1,1,"9:51 PM","6:05","MISS Allen 25' 3PT Jump Shot",null,null,null,null],["0041400224",57,4,0,1,"9:51 PM","6:04",null,null,"Barnes REBOUND (Off:0 Def:2)",null,null],["0041400224",58,2,1,1,"9:52 PM","5:52",null,null,"MISS Thompson 25' 3PT Jump Shot",null,null],["0041400224",59,4,0,1,"9:52 PM","5:51","Randolph REBOUND (Off:1 Def:3)",null,null,null,null],["0041400224",60,5,1,1,"9:52 PM","5:40","Conley Bad Pass Turnover (P2.T4)",null,"Barnes STEAL (1 STL)",null,null],["0041400224",61,1,7,1,"9:52 PM","5:36",null,null,"Barnes  Dunk (4 PTS)","14 - 9","-5"],["0041400224",62,9,1,1,"9:52 PM","5:27","GRIZZLIES Timeout: Regular (Full 1 Short 0)",null,null,null,null],["0041400224",64,8,0,1,"9:55 PM","5:27","SUB: Green FOR Allen",null,null,null,null],["0041400224",65,6,4,1,"9:56 PM","5:24","Randolph OFF.Foul (P1) (T.Brothers)",null,null,null,null],["0041400224",66,5,5,1,"9:56 PM","5:24","Randolph Foul Turnover (P2.T5)",null,null,null,null],["0041400224",67,5,2,1,"9:56 PM","5:05","Green STEAL (1 STL)",null,"Bogut Lost Ball Turnover (P2.T4)",null,null],["0041400224",68,1,1,1,"9:57 PM","4:51","Randolph 19' Jump Shot (2 PTS) (Conley 3 AST)",null,null,"14 - 11","-3"],["0041400224",69,5,1,1,"9:57 PM","4:40","Conley STEAL (1 STL)",null,"Green Bad Pass Turnover (P3.T5)",null,null],["0041400224",70,1,56,1,"9:57 PM","4:29","Gasol 5' Running Hook Shot (4 PTS) (Lee 1 AST)",null,null,"14 - 13","-1"],["0041400224",71,1,49,1,"9:57 PM","4:11",null,null,"Barnes  Driving Dunk (6 PTS) (Bogut 2 AST)","16 - 13","-3"],["0041400224",72,1,1,1,"9:58 PM","3:43","Conley 24' 3PT Jump Shot (6 PTS) (Green 1 AST)",null,null,"16 - 16","TIE"],["0041400224",73,1,79,1,"9:58 PM","3:30",null,null,"Curry 16' Pullup Jump Shot (2 PTS) (Bogut 3 AST)","18 - 16","-2"],["0041400224",74,2,1,1,"9:58 PM","3:01","MISS Gasol 16' Jump Shot",null,null,null,null],["0041400224",75,4,0,1,"9:58 PM","3:01",null,null,"Warriors Rebound",null,null],["0041400224",76,9,1,1,"9:59 PM","2:59",null,null,"Warriors Timeout: Regular (Reg.1 Short 0)",null,null],["0041400224",78,8,0,1,"10:02 PM","2:59",null,null,"SUB: Iguodala FOR Barnes",null,null],["0041400224",79,8,0,1,"10:02 PM","2:59",null,null,"SUB: Lee FOR Bogut",null,null],["0041400224",80,8,0,1,"10:02 PM","2:59",null,null,"SUB: Livingston FOR Thompson",null,null],["0041400224",81,8,0,1,"10:02 PM","2:59","SUB: Koufos FOR Gasol",null,null,null,null],["0041400224",82,8,0,1,"10:02 PM","2:59","SUB: Udrih FOR Conley",null,null,null,null],["0041400224",83,2,1,1,"10:02 PM","2:45",null,null,"MISS Curry 24' 3PT Jump Shot",null,null],["0041400224",84,4,0,1,"10:02 PM","2:44","Randolph REBOUND (Off:1 Def:4)",null,null,null,null],["0041400224",85,1,63,1,"10:02 PM","2:24","Randolph 13' Fadeaway Jumper (4 PTS) (Udrih 1 AST)",null,null,"18 - 18","TIE"],["0041400224",86,1,1,1,"10:03 PM","2:14",null,null,"Green 24' 3PT Jump Shot (11 PTS) (Curry 2 AST)","21 - 18","-3"],["0041400224",87,7,5,1,"10:03 PM","2:00",null,null,"Lee Violation:Kicked Ball (T.Brothers)",null,null],["0041400224",88,2,3,1,"10:03 PM","1:53","MISS Koufos 10' Hook Shot",null,null,null,null],["0041400224",89,4,0,1,"10:03 PM","1:51",null,null,"Iguodala REBOUND (Off:0 Def:1)",null,null],["0041400224",90,5,1,1,"10:03 PM","1:42",null,null,"Curry Bad Pass Turnover (P1.T6)",null,null],["0041400224",91,2,1,1,"10:04 PM","1:28","MISS Udrih 25' 3PT Jump Shot",null,null,null,null],["0041400224",92,4,0,1,"10:04 PM","1:27",null,null,"Curry REBOUND (Off:1 Def:1)",null,null],["0041400224",93,2,46,1,"10:04 PM","1:21",null,null,"MISS Curry 5' Running Jump Shot",null,null],["0041400224",94,4,0,1,"10:04 PM","1:19","Green REBOUND (Off:0 Def:1)",null,null,null,null],["0041400224",95,2,1,1,"10:04 PM","1:13","MISS Lee  3PT Jump Shot",null,null,null,null],["0041400224",97,4,0,1,"10:04 PM","1:12","Koufos REBOUND (Off:1 Def:0)",null,null,null,null],["0041400224",96,1,4,1,"10:04 PM","1:12","Koufos 1' Tip Shot (2 PTS)",null,null,"21 - 20","-1"],["0041400224",98,6,2,1,"10:04 PM","0:56","Udrih S.FOUL (P1.T3) (P.Fraher)",null,null,null,null],["0041400224",99,3,11,1,"10:05 PM","0:56",null,null,"Livingston Free Throw 1 of 2 (1 PTS)","22 - 20","-2"],["0041400224",101,8,0,1,"10:05 PM","0:56","SUB: Carter FOR Lee",null,null,null,null],["0041400224",102,3,12,1,"10:05 PM","0:56",null,null,"Livingston Free Throw 2 of 2 (2 PTS)","23 - 20","-3"],["0041400224",104,5,1,1,"10:05 PM","0:46","Udrih Bad Pass Turnover (P1.T6)",null,"Iguodala STEAL (1 STL)",null,null],["0041400224",105,1,7,1,"10:06 PM","0:43",null,null,"Curry  Dunk (4 PTS) (Iguodala 1 AST)","25 - 20","-5"],["0041400224",106,2,5,1,"10:06 PM","0:33","MISS Koufos 2' Layup",null,"Lee BLOCK (1 BLK)",null,null],["0041400224",107,4,0,1,"10:06 PM","0:31",null,null,"Livingston REBOUND (Off:0 Def:1)",null,null],["0041400224",108,2,1,1,"10:06 PM","0:28",null,null,"MISS Curry 26' 3PT Jump Shot",null,null],["0041400224",109,4,0,1,"10:06 PM","0:26",null,null,"Green REBOUND (Off:3 Def:2)",null,null],["0041400224",110,2,5,1,"10:06 PM","0:25",null,null,"MISS Green 2' Layup",null,null],["0041400224",111,4,0,1,"10:06 PM","0:25",null,null,"Warriors Rebound",null,null],["0041400224",112,2,1,1,"10:06 PM","0:14",null,null,"MISS Green 26' 3PT Jump Shot",null,null],["0041400224",113,4,0,1,"10:07 PM","0:13",null,null,"Iguodala REBOUND (Off:1 Def:1)",null,null],["0041400224",114,1,79,1,"10:07 PM","0:00",null,null,"Curry 27' 3PT Pullup Jump Shot (7 PTS)","28 - 20","-8"],["0041400224",115,13,0,1,"10:07 PM","0:00",null,null,null,"28 - 20","-8"],["0041400224",117,12,0,2,"10:11 PM","12:00",null,null,null,"28 - 20","-8"],["0041400224",118,2,3,2,"10:11 PM","11:43","MISS Gasol 7' Hook Shot",null,null,null,null],["0041400224",119,4,0,2,"10:11 PM","11:41","Koufos REBOUND (Off:2 Def:0)",null,null,null,null],["0041400224",120,2,44,2,"10:11 PM","11:37","MISS Carter 3' Reverse Layup",null,null,null,null],["0041400224",121,4,0,2,"10:11 PM","11:33",null,null,"Barnes REBOUND (Off:0 Def:3)",null,null],["0041400224",122,1,63,2,"10:12 PM","11:14",null,null,"Thompson 15' Fadeaway Jumper (4 PTS)","30 - 20","-10"],["0041400224",123,1,79,2,"10:12 PM","10:55","Carter 16' Pullup Jump Shot (2 PTS)",null,null,"30 - 22","-8"],["0041400224",124,1,42,2,"10:12 PM","10:36",null,null,"Barnes 3' Driving Layup (8 PTS)","32 - 22","-10"],["0041400224",125,6,2,2,"10:12 PM","10:36","Carter S.FOUL (P1.T1) (T.Brothers)",null,null,null,null],["0041400224",126,3,10,2,"10:12 PM","10:36",null,null,"MISS Barnes Free Throw 1 of 1",null,null],["0041400224",128,4,0,2,"10:13 PM","10:35","Gasol REBOUND (Off:0 Def:2)",null,null,null,null],["0041400224",129,6,1,2,"10:13 PM","10:22",null,null,"Livingston P.FOUL (P1.T1) (P.Fraher)",null,null],["0041400224",130,6,1,2,"10:13 PM","10:16",null,null,"Iguodala P.FOUL (P1.T2) (T.Brothers)",null,null],["0041400224",131,1,73,2,"10:14 PM","10:02","Udrih 2' Driving Reverse Layup (2 PTS) (Gasol 2 AST)",null,null,"32 - 24","-8"],["0041400224",132,1,42,2,"10:14 PM","9:51",null,null,"Thompson 2' Driving Layup (6 PTS) (Iguodala 2 AST)","34 - 24","-10"],["0041400224",133,6,1,2,"10:14 PM","9:34",null,null,"Thompson P.FOUL (P1.T3) (P.Fraher)",null,null],["0041400224",134,8,0,2,"10:15 PM","9:34","SUB: Allen FOR Koufos",null,null,null,null],["0041400224",136,6,2,2,"10:15 PM","9:29",null,null,"Lee S.FOUL (P1.T4) (T.Brothers)",null,null],["0041400224",137,3,11,2,"10:15 PM","9:29","Green Free Throw 1 of 2 (1 PTS)",null,null,"34 - 25","-9"],["0041400224",139,3,12,2,"10:15 PM","9:29","Green Free Throw 2 of 2 (2 PTS)",null,null,"34 - 26","-8"],["0041400224",141,1,1,2,"10:16 PM","9:18",null,null,"Iguodala 25' 3PT Jump Shot (3 PTS) (Livingston 1 AST)","37 - 26","-11"],["0041400224",142,1,5,2,"10:16 PM","9:02","Allen 2' Layup (4 PTS) (Gasol 3 AST)",null,null,"37 - 28","-9"],["0041400224",143,6,2,2,"10:17 PM","8:52","Allen S.FOUL (P2.T2) (T.Brothers)",null,null,null,null],["0041400224",144,9,1,2,"10:17 PM","8:52",null,null,null,null,null],["0041400224",148,3,11,2,"10:20 PM","8:52",null,null,"Lee Free Throw 1 of 2 (1 PTS)","38 - 28","-10"],["0041400224",150,3,12,2,"10:20 PM","8:52",null,null,"MISS Lee Free Throw 2 of 2",null,null],["0041400224",152,4,0,2,"10:20 PM","8:51","Allen REBOUND (Off:1 Def:1)",null,null,null,null],["0041400224",153,1,75,2,"10:20 PM","8:35","Green 3' Driving Finger Roll Layup (4 PTS)",null,null,"38 - 30","-8"],["0041400224",154,2,86,2,"10:21 PM","8:16",null,null,"MISS Livingston 13' Turnaround Fadeaway Shot",null,null],["0041400224",155,4,0,2,"10:21 PM","8:15","Green REBOUND (Off:0 Def:2)",null,null,null,null],["0041400224",156,2,5,2,"10:21 PM","8:10","MISS Green 3' Layup",null,"Thompson BLOCK (1 BLK)",null,null],["0041400224",158,4,0,2,"10:21 PM","8:08","Gasol REBOUND (Off:1 Def:2)",null,null,null,null],["0041400224",157,1,4,2,"10:21 PM","8:08","Gasol 1' Tip Shot (6 PTS)",null,null,"38 - 32","-6"],["0041400224",159,9,2,2,"10:21 PM","8:00",null,null,"Warriors Timeout: Short (Reg.1 Short 1)",null,null],["0041400224",161,8,0,2,"10:22 PM","8:00",null,null,"SUB: Bogut FOR Barnes",null,null],["0041400224",162,8,0,2,"10:22 PM","8:00",null,null,"SUB: Green FOR Lee",null,null],["0041400224",163,8,0,2,"10:22 PM","8:00",null,null,"SUB: Curry FOR Livingston",null,null],["0041400224",164,1,1,2,"10:22 PM","7:50",null,null,"Iguodala 25' 3PT Jump Shot (6 PTS) (Curry 3 AST)","41 - 32","-9"],["0041400224",165,2,1,2,"10:23 PM","7:32","MISS Gasol 9' Jump Shot",null,null,null,null],["0041400224",166,4,0,2,"10:23 PM","7:31",null,null,"Green REBOUND (Off:3 Def:3)",null,null],["0041400224",167,2,1,2,"10:23 PM","7:18",null,null,"MISS Iguodala  3PT Jump Shot",null,null],["0041400224",168,4,0,2,"10:23 PM","7:18","Gasol REBOUND (Off:1 Def:3)",null,null,null,null],["0041400224",169,6,2,2,"10:23 PM","7:12",null,null,"Green S.FOUL (P2.PN) (T.Brothers)",null,null],["0041400224",170,3,11,2,"10:23 PM","7:12","MISS Green Free Throw 1 of 2",null,null,null,null],["0041400224",171,4,1,2,"10:23 PM","7:12","GRIZZLIES Rebound",null,null,null,null],["0041400224",172,8,0,2,"10:24 PM","7:12","SUB: Conley FOR Udrih",null,null,null,null],["0041400224",173,3,12,2,"10:24 PM","7:12","Green Free Throw 2 of 2 (5 PTS)",null,null,"41 - 33","-8"],["0041400224",175,6,2,2,"10:24 PM","6:58","Conley S.FOUL (P1.T3) (T.Brothers)",null,null,null,null],["0041400224",176,3,11,2,"10:24 PM","6:58",null,null,"Curry Free Throw 1 of 2 (8 PTS)","42 - 33","-9"],["0041400224",178,3,12,2,"10:25 PM","6:58",null,null,"Curry Free Throw 2 of 2 (9 PTS)","43 - 33","-10"],["0041400224",180,5,1,2,"10:25 PM","6:41","Green Bad Pass Turnover (P1.T7)",null,null,null,null],["0041400224",181,2,1,2,"10:26 PM","6:23",null,null,"MISS Curry 11' Jump Shot",null,null],["0041400224",182,4,0,2,"10:26 PM","6:23","Conley REBOUND (Off:0 Def:1)",null,null,null,null],["0041400224",183,2,5,2,"10:26 PM","6:13","MISS Gasol 2' Layup",null,null,null,null],["0041400224",184,4,0,2,"10:26 PM","6:12",null,null,"Green REBOUND (Off:3 Def:4)",null,null],["0041400224",185,1,46,2,"10:26 PM","5:58",null,null,"Curry 9' Running Jump Shot (11 PTS)","45 - 33","-12"],["0041400224",186,9,1,2,"10:26 PM","5:50","GRIZZLIES Timeout: Regular (Full 2 Short 0)",null,null,null,null],["0041400224",188,8,0,2,"10:30 PM","5:50","SUB: Randolph FOR Green",null,null,null,null],["0041400224",189,8,0,2,"10:30 PM","5:50",null,null,"SUB: Barnes FOR Iguodala",null,null],["0041400224",190,5,1,2,"10:30 PM","5:42","Allen Bad Pass Turnover (P1.T8)",null,"Curry STEAL (1 STL)",null,null],["0041400224",191,1,7,2,"10:30 PM","5:38",null,null,"Curry  Dunk (13 PTS)","47 - 33","-14"],["0041400224",192,2,42,2,"10:31 PM","5:22","MISS Conley 2' Driving Layup",null,null,null,null],["0041400224",194,4,0,2,"10:31 PM","5:21","Allen REBOUND (Off:2 Def:1)",null,null,null,null],["0041400224",193,2,4,2,"10:31 PM","5:21","MISS Allen  Tip Shot",null,null,null,null],["0041400224",195,4,0,2,"10:31 PM","5:19",null,null,"Thompson REBOUND (Off:0 Def:1)",null,null],["0041400224",196,2,1,2,"10:31 PM","5:15",null,null,"MISS Thompson 25' 3PT Jump Shot",null,null],["0041400224",197,4,0,2,"10:31 PM","5:15",null,null,"Warriors Rebound",null,null],["0041400224",198,6,3,2,"10:31 PM","5:15","Randolph L.B.FOUL (P2.T4) (T.Brothers)",null,null,null,null],["0041400224",199,2,1,2,"10:31 PM","5:08",null,null,"MISS Curry 24' 3PT Jump Shot",null,null],["0041400224",200,4,0,2,"10:31 PM","5:07","Carter REBOUND (Off:0 Def:1)",null,null,null,null],["0041400224",201,6,10,2,"10:31 PM","5:02",null,null,null,null,null],["0041400224",203,8,0,2,"10:32 PM","5:02","SUB: Lee FOR Allen",null,null,null,null],["0041400224",204,2,5,2,"10:32 PM","4:51","MISS Gasol 2' Layup",null,null,null,null],["0041400224",206,4,0,2,"10:32 PM","4:50","Gasol REBOUND (Off:2 Def:3)",null,null,null,null],["0041400224",205,1,4,2,"10:32 PM","4:50","Gasol 2' Tip Shot (8 PTS)",null,null,"47 - 35","-12"],["0041400224",207,2,1,2,"10:32 PM","4:38",null,null,"MISS Green 25' 3PT Jump Shot",null,null],["0041400224",208,4,0,2,"10:32 PM","4:35","Randolph REBOUND (Off:1 Def:5)",null,null,null,null],["0041400224",209,1,5,2,"10:32 PM","4:26","Gasol 2' Layup (10 PTS) (Conley 4 AST)",null,null,"47 - 37","-10"],["0041400224",210,6,4,2,"10:33 PM","4:18",null,null,"Green OFF.Foul (P3) (P.Fraher)",null,null],["0041400224",211,5,5,2,"10:33 PM","4:18",null,null,"Green Foul Turnover (P4.T7)",null,null],["0041400224",212,8,0,2,"10:33 PM","4:18",null,null,"SUB: Lee FOR Green",null,null],["0041400224",213,2,5,2,"10:33 PM","4:07","MISS Conley 2' Layup",null,"Bogut BLOCK (1 BLK)",null,null],["0041400224",214,4,0,2,"10:33 PM","4:06",null,null,"Curry REBOUND (Off:1 Def:2)",null,null],["0041400224",215,1,80,2,"10:33 PM","4:01",null,null,"Curry 24' 3PT Step Back Jump Shot (16 PTS)","50 - 37","-13"],["0041400224",216,2,5,2,"10:34 PM","3:36","MISS Carter 2' Layup",null,null,null,null],["0041400224",217,4,0,2,"10:34 PM","3:36","Randolph REBOUND (Off:2 Def:5)",null,null,null,null],["0041400224",218,2,44,2,"10:34 PM","3:33","MISS Randolph 2' Reverse Layup",null,"Barnes BLOCK (1 BLK)",null,null],["0041400224",220,4,0,2,"10:34 PM","3:31","Randolph REBOUND (Off:3 Def:5)",null,null,null,null],["0041400224",219,2,5,2,"10:34 PM","3:31","MISS Randolph 1' Layup",null,null,null,null],["0041400224",222,4,0,2,"10:34 PM","3:31","Gasol REBOUND (Off:3 Def:3)",null,null,null,null],["0041400224",221,2,4,2,"10:34 PM","3:31","MISS Gasol 2' Tip Shot",null,null,null,null],["0041400224",223,4,0,2,"10:34 PM","3:31",null,null,"Warriors Rebound",null,null],["0041400224",224,2,1,2,"10:34 PM","3:21",null,null,"MISS Thompson 18' Jump Shot",null,null],["0041400224",225,4,0,2,"10:34 PM","3:21",null,null,"Warriors Rebound",null,null],["0041400224",226,9,1,2,"10:34 PM","3:20",null,null,"Warriors Timeout: Regular (Reg.2 Short 1)",null,null],["0041400224",228,18,0,2,"10:34 PM","3:20",null,null,null,null,null],["0041400224",233,1,7,2,"10:38 PM","3:12",null,null,"Bogut  Dunk (2 PTS) (Thompson 1 AST)","52 - 37","-15"],["0041400224",234,5,1,2,"10:38 PM","2:52","Carter Bad Pass Turnover (P1.T9)",null,"Bogut STEAL (1 STL)",null,null],["0041400224",235,5,1,2,"10:38 PM","2:49","Conley STEAL (2 STL)",null,"Bogut Bad Pass Turnover (P3.T8)",null,null],["0041400224",236,1,5,2,"10:39 PM","2:44","Randolph 1' Layup (6 PTS) (Gasol 4 AST)",null,null,"52 - 39","-13"],["0041400224",239,6,2,2,"10:39 PM","2:44",null,null,"Lee S.FOUL (P2.PN) (M.Callahan)",null,null],["0041400224",245,8,0,2,"10:39 PM","2:44","SUB: Green FOR Carter",null,null,null,null],["0041400224",241,3,10,2,"10:39 PM","2:44","Randolph Free Throw 1 of 1 (7 PTS)",null,null,"52 - 40","-12"],["0041400224",243,2,63,2,"10:39 PM","2:27",null,null,"MISS Thompson 15' Fadeaway Jumper",null,null],["0041400224",244,4,0,2,"10:39 PM","2:26",null,null,"Bogut REBOUND (Off:1 Def:2)",null,null],["0041400224",246,1,79,2,"10:40 PM","2:16",null,null,"Curry 13' Pullup Jump Shot (18 PTS)","54 - 40","-14"],["0041400224",248,2,5,2,"10:40 PM","2:00","MISS Conley 2' Layup",null,null,null,null],["0041400224",249,4,0,2,"10:40 PM","1:59",null,null,"Bogut REBOUND (Off:1 Def:3)",null,null],["0041400224",250,1,44,2,"10:40 PM","1:49",null,null,"Lee 1' Reverse Layup (3 PTS) (Curry 4 AST)","56 - 40","-16"],["0041400224",252,1,5,2,"10:40 PM","1:39","Conley 1' Layup (8 PTS)",null,null,"56 - 42","-14"],["0041400224",254,5,2,2,"10:41 PM","1:26","Lee STEAL (1 STL)",null,"Curry Lost Ball Turnover (P2.T9)",null,null],["0041400224",255,1,5,2,"10:41 PM","1:21","Randolph 2' Layup (9 PTS) (Lee 2 AST)",null,null,"56 - 44","-12"],["0041400224",256,1,1,2,"10:41 PM","1:04",null,null,"Curry 17' Jump Shot (20 PTS)","58 - 44","-14"],["0041400224",257,6,2,2,"10:41 PM","1:04","Green S.FOUL (P1.PN) (M.Callahan)",null,null,null,null],["0041400224",259,3,10,2,"10:41 PM","1:04",null,null,"Curry Free Throw 1 of 1 (21 PTS)","59 - 44","-15"],["0041400224",262,2,5,2,"10:42 PM","0:55","MISS Gasol 1' Layup",null,null,null,null],["0041400224",263,4,0,2,"10:42 PM","0:53","Lee REBOUND (Off:1 Def:1)",null,null,null,null],["0041400224",264,5,1,2,"10:42 PM","0:47","Lee Bad Pass Turnover (P1.T10)",null,"Bogut STEAL (2 STL)",null,null],["0041400224",265,2,84,2,"10:42 PM","0:37","Gasol BLOCK (1 BLK)",null,"MISS Curry 3' Running Bank Shot",null,null],["0041400224",267,4,0,2,"10:42 PM","0:35",null,null,"Lee REBOUND (Off:1 Def:0)",null,null],["0041400224",266,1,5,2,"10:42 PM","0:35",null,null,"Lee 1' Layup (5 PTS)","61 - 44","-17"],["0041400224",269,2,1,2,"10:42 PM","0:28","MISS Conley 25' 3PT Jump Shot",null,null,null,null],["0041400224",270,4,0,2,"10:42 PM","0:27",null,null,"Curry REBOUND (Off:1 Def:3)",null,null],["0041400224",272,5,4,2,"10:43 PM","0:06",null,null,"Barnes Traveling Turnover (P1.T10)",null,null],["0041400224",273,8,0,2,"10:43 PM","0:06",null,null,"SUB: Ezeli FOR Lee",null,null],["0041400224",274,2,79,2,"10:43 PM","0:01","MISS Green 26' 3PT Pullup Jump Shot",null,null,null,null],["0041400224",275,4,0,2,"10:43 PM","0:00",null,null,"Ezeli REBOUND (Off:0 Def:1)",null,null],["0041400224",277,13,0,2,"10:43 PM","0:00",null,null,null,"61 - 44","-17"],["0041400224",279,12,0,3,"11:02 PM","12:00",null,null,null,"61 - 44","-17"],["0041400224",280,6,2,3,"11:02 PM","11:44",null,null,"Curry S.FOUL (P2.T1) (T.Brothers)",null,null],["0041400224",281,3,11,3,"11:02 PM","11:44","MISS Randolph Free Throw 1 of 2",null,null,null,null],["0041400224",282,4,1,3,"11:02 PM","11:44","GRIZZLIES Rebound",null,null,null,null],["0041400224",283,3,12,3,"11:03 PM","11:44","Randolph Free Throw 2 of 2 (10 PTS)",null,null,"61 - 45","-16"],["0041400224",285,2,63,3,"11:03 PM","11:29",null,null,"MISS Thompson 9' Fadeaway Jumper",null,null],["0041400224",287,4,0,3,"11:03 PM","11:26",null,null,"Bogut REBOUND (Off:2 Def:3)",null,null],["0041400224",286,1,4,3,"11:03 PM","11:26",null,null,"Bogut 1' Tip Shot (4 PTS)","63 - 45","-18"],["0041400224",288,6,2,3,"11:04 PM","11:07",null,null,"Bogut S.FOUL (P2.T2) (M.Callahan)",null,null],["0041400224",289,3,11,3,"11:04 PM","11:07","Gasol Free Throw 1 of 2 (11 PTS)",null,null,"63 - 46","-17"],["0041400224",291,3,12,3,"11:04 PM","11:07","Gasol Free Throw 2 of 2 (12 PTS)",null,null,"63 - 47","-16"],["0041400224",293,2,1,3,"11:05 PM","10:54",null,null,"MISS Green 24' 3PT Jump Shot",null,null],["0041400224",294,4,0,3,"11:05 PM","10:53","Gasol REBOUND (Off:3 Def:4)",null,null,null,null],["0041400224",295,2,5,3,"11:05 PM","10:45","MISS Allen 2' Layup",null,null,null,null],["0041400224",296,4,0,3,"11:05 PM","10:43","Allen REBOUND (Off:3 Def:1)",null,null,null,null],["0041400224",297,2,1,3,"11:05 PM","10:39","MISS Conley 24' 3PT Jump Shot",null,null,null,null],["0041400224",298,4,0,3,"11:05 PM","10:39",null,null,"Green REBOUND (Off:3 Def:5)",null,null],["0041400224",299,6,1,3,"11:05 PM","10:33","Conley P.FOUL (P2.T1) (T.Brothers)",null,null,null,null],["0041400224",300,5,1,3,"11:05 PM","10:25",null,null,"Bogut Bad Pass Turnover (P4.T11)",null,null],["0041400224",301,2,1,3,"11:06 PM","10:01","MISS Conley 20' Jump Shot",null,null,null,null],["0041400224",302,4,0,3,"11:06 PM","10:01",null,null,"Warriors Rebound",null,null],["0041400224",303,2,1,3,"11:06 PM","9:53",null,null,"MISS Thompson 26' 3PT Jump Shot",null,null],["0041400224",304,4,0,3,"11:06 PM","9:53","Lee REBOUND (Off:1 Def:2)",null,null,null,null],["0041400224",305,2,79,3,"11:06 PM","9:45","MISS Lee 16' Pullup Jump Shot",null,null,null,null],["0041400224",306,4,0,3,"11:06 PM","9:43",null,null,"Thompson REBOUND (Off:0 Def:2)",null,null],["0041400224",307,1,1,3,"11:07 PM","9:33",null,null,"Thompson  3PT Jump Shot (9 PTS) (Curry 5 AST)","66 - 47","-19"],["0041400224",308,5,1,3,"11:07 PM","9:09","Lee Bad Pass Turnover (P2.T11)",null,"Thompson STEAL (2 STL)",null,null],["0041400224",309,2,80,3,"11:07 PM","8:59",null,null,"MISS Curry 17' Step Back Jump Shot",null,null],["0041400224",310,4,0,3,"11:07 PM","8:57","Gasol REBOUND (Off:3 Def:5)",null,null,null,null],["0041400224",311,1,84,3,"11:07 PM","8:51","Lee 8' Running Bank Shot (4 PTS)",null,null,"66 - 49","-17"],["0041400224",312,9,1,3,"11:07 PM","8:50",null,null,"Warriors Timeout: Regular (Reg.3 Short 1)",null,null],["0041400224",314,6,4,3,"11:11 PM","8:33",null,null,"Thompson OFF.Foul (P2) (T.Brothers)",null,null],["0041400224",315,5,5,3,"11:11 PM","8:33",null,null,"Thompson Foul Turnover (P1.T12)",null,null],["0041400224",316,5,1,3,"11:12 PM","8:10","Randolph Bad Pass Turnover (P3.T12)",null,"Bogut STEAL (3 STL)",null,null],["0041400224",317,1,5,3,"11:12 PM","8:04",null,null,"Green 1' Layup (13 PTS)","68 - 49","-19"],["0041400224",318,2,66,3,"11:12 PM","7:40","MISS Allen 14' Jump Bank Shot",null,null,null,null],["0041400224",319,4,0,3,"11:12 PM","7:38","Allen REBOUND (Off:4 Def:1)",null,null,null,null],["0041400224",320,2,5,3,"11:12 PM","7:37","MISS Allen 2' Layup",null,"Bogut BLOCK (2 BLK)",null,null],["0041400224",321,4,0,3,"11:12 PM","7:34",null,null,"Bogut REBOUND (Off:2 Def:4)",null,null],["0041400224",322,5,41,3,"11:12 PM","7:24",null,null,"Green Poss Lost Ball Turnover (P5.T13)",null,null],["0041400224",323,6,3,3,"11:12 PM","7:24",null,null,"Bogut L.B.FOUL (P3.T3) (M.Callahan)",null,null],["0041400224",324,8,0,3,"11:13 PM","7:24","SUB: Green FOR Allen",null,null,null,null],["0041400224",325,2,1,3,"11:13 PM","7:01","MISS Green 5' Jump Shot",null,"Green BLOCK (1 BLK)",null,null],["0041400224",326,4,0,3,"11:13 PM","6:59",null,null,"Green REBOUND (Off:3 Def:6)",null,null],["0041400224",327,2,1,3,"11:13 PM","6:55",null,null,"MISS Curry 25' 3PT Jump Shot",null,null],["0041400224",328,4,0,3,"11:13 PM","6:54",null,null,"Barnes REBOUND (Off:1 Def:3)",null,null],["0041400224",329,5,40,3,"11:13 PM","6:41",null,null,"Thompson Out of Bounds Lost Ball Turnover (P2.T14)",null,null],["0041400224",330,2,1,3,"11:14 PM","6:25","MISS Gasol 4' Jump Shot",null,null,null,null],["0041400224",331,4,0,3,"11:14 PM","6:25",null,null,"Curry REBOUND (Off:1 Def:4)",null,null],["0041400224",332,1,1,3,"11:14 PM","6:04",null,null,"Curry 24' 3PT Jump Shot (24 PTS) (Green 1 AST)","71 - 49","-22"],["0041400224",333,2,42,3,"11:15 PM","5:36","MISS Conley 2' Driving Layup",null,null,null,null],["0041400224",335,4,0,3,"11:15 PM","5:34","Randolph REBOUND (Off:4 Def:5)",null,null,null,null],["0041400224",334,2,5,3,"11:15 PM","5:34","MISS Randolph 2' Layup",null,null,null,null],["0041400224",336,4,0,3,"11:15 PM","5:32",null,null,"Curry REBOUND (Off:1 Def:5)",null,null],["0041400224",337,1,1,3,"11:15 PM","5:12",null,null,"Thompson  3PT Jump Shot (12 PTS) (Bogut 4 AST)","74 - 49","-25"],["0041400224",338,9,1,3,"11:15 PM","5:03","GRIZZLIES Timeout: Regular (Full 3 Short 0)",null,null,null,null],["0041400224",340,8,0,3,"11:19 PM","5:03","SUB: Carter FOR Randolph",null,null,null,null],["0041400224",341,8,0,3,"11:19 PM","5:03",null,null,"SUB: Iguodala FOR Barnes",null,null],["0041400224",342,8,0,3,"11:19 PM","5:03",null,null,"SUB: Lee FOR Bogut",null,null],["0041400224",343,1,5,3,"11:19 PM","4:48","Green 1' Layup (7 PTS) (Conley 5 AST)",null,null,"74 - 51","-23"],["0041400224",344,1,1,3,"11:19 PM","4:34",null,null,"Iguodala  3PT Jump Shot (9 PTS) (Lee 1 AST)","77 - 51","-26"],["0041400224",345,2,5,3,"11:20 PM","4:03","MISS Green 2' Layup",null,null,null,null],["0041400224",346,4,0,3,"11:20 PM","4:02",null,null,"Green REBOUND (Off:3 Def:7)",null,null],["0041400224",347,2,5,3,"11:20 PM","3:52",null,null,"MISS Thompson 1' Layup",null,null],["0041400224",348,4,0,3,"11:20 PM","3:51","Conley REBOUND (Off:0 Def:2)",null,null,null,null],["0041400224",349,1,1,3,"11:20 PM","3:42","Green  3PT Jump Shot (10 PTS) (Conley 6 AST)",null,null,"77 - 54","-23"],["0041400224",350,2,5,3,"11:21 PM","3:27",null,null,"MISS Lee 2' Layup",null,null],["0041400224",351,4,0,3,"11:21 PM","3:27","Carter REBOUND (Off:0 Def:2)",null,null,null,null],["0041400224",352,2,1,3,"11:21 PM","3:16","MISS Lee  3PT Jump Shot",null,null,null,null],["0041400224",353,4,0,3,"11:21 PM","3:15",null,null,"Iguodala REBOUND (Off:1 Def:2)",null,null],["0041400224",354,5,40,3,"11:21 PM","3:01",null,null,"Green Out of Bounds Lost Ball Turnover (P6.T15)",null,null],["0041400224",355,8,0,3,"11:22 PM","3:01",null,null,"SUB: Barnes FOR Green",null,null],["0041400224",356,2,46,3,"11:22 PM","2:46","MISS Carter 7' Running Jump Shot",null,null,null,null],["0041400224",357,4,0,3,"11:22 PM","2:44","Gasol REBOUND (Off:4 Def:5)",null,null,null,null],["0041400224",358,1,46,3,"11:22 PM","2:37","Lee 6' Running Jump Shot (6 PTS) (Gasol 5 AST)",null,null,"77 - 56","-21"],["0041400224",359,2,1,3,"11:23 PM","2:16","Green BLOCK (1 BLK)",null,"MISS Lee 4' Jump Shot",null,null],["0041400224",360,4,0,3,"11:23 PM","2:15","GRIZZLIES Rebound",null,null,null,null],["0041400224",361,8,0,3,"11:23 PM","2:15",null,null,"SUB: Livingston FOR Thompson",null,null],["0041400224",362,8,0,3,"11:23 PM","2:15","SUB: Udrih FOR Conley",null,null,null,null],["0041400224",363,1,5,3,"11:23 PM","2:00","Gasol 1' Layup (14 PTS) (Lee 3 AST)",null,null,"77 - 58","-19"],["0041400224",364,2,1,3,"11:24 PM","1:48",null,null,"MISS Lee 17' Jump Shot",null,null],["0041400224",365,4,0,3,"11:24 PM","1:47","Carter REBOUND (Off:0 Def:3)",null,null,null,null],["0041400224",366,6,2,3,"11:24 PM","1:36",null,null,"Lee S.FOUL (P3.T4) (M.Callahan)",null,null],["0041400224",367,3,11,3,"11:24 PM","1:36","Gasol Free Throw 1 of 2 (15 PTS)",null,null,"77 - 59","-18"],["0041400224",369,8,0,3,"11:24 PM","1:36",null,null,"SUB: Ezeli FOR Lee",null,null],["0041400224",370,3,12,3,"11:24 PM","1:36","MISS Gasol Free Throw 2 of 2",null,null,null,null],["0041400224",372,4,0,3,"11:25 PM","1:34",null,null,"Barnes REBOUND (Off:1 Def:4)",null,null],["0041400224",373,1,86,3,"11:25 PM","1:16",null,null,"Barnes 12' Turnaround Fadeaway (10 PTS)","79 - 59","-20"],["0041400224",374,2,1,3,"11:25 PM","0:57","MISS Udrih 24' 3PT Jump Shot",null,null,null,null],["0041400224",375,4,0,3,"11:25 PM","0:56",null,null,"Ezeli REBOUND (Off:0 Def:2)",null,null],["0041400224",376,5,2,3,"11:26 PM","0:47","Gasol STEAL (1 STL)",null,"Curry Lost Ball Turnover (P3.T16)",null,null],["0041400224",377,1,8,3,"11:26 PM","0:38","Gasol  Slam Dunk (17 PTS) (Green 2 AST)",null,null,"79 - 61","-18"],["0041400224",378,1,80,3,"11:26 PM","0:29",null,null,"Curry 25' 3PT Step Back Jump Shot (27 PTS)","82 - 61","-21"],["0041400224",379,1,44,3,"11:26 PM","0:10","Carter 1' Reverse Layup (4 PTS) (Gasol 6 AST)",null,null,"82 - 63","-19"],["0041400224",380,6,2,3,"11:26 PM","0:10",null,null,"Barnes S.FOUL (P1.PN) (P.Fraher)",null,null],["0041400224",381,8,0,3,"11:27 PM","0:10","SUB: Allen FOR Udrih",null,null,null,null],["0041400224",382,8,0,3,"11:27 PM","0:10",null,null,"SUB: Thompson FOR Livingston",null,null],["0041400224",383,8,0,3,"11:27 PM","0:10",null,null,"SUB: Green FOR Ezeli",null,null],["0041400224",384,3,10,3,"11:27 PM","0:10","Carter Free Throw 1 of 1 (5 PTS)",null,null,"82 - 64","-18"],["0041400224",386,5,1,3,"11:27 PM","0:00",null,null,"Thompson Bad Pass Turnover (P3.T17)",null,null],["0041400224",387,13,0,3,"11:27 PM","0:00",null,null,null,"82 - 64","-18"],["0041400224",389,12,0,4,"11:31 PM","12:00",null,null,null,"82 - 64","-18"],["0041400224",390,2,86,4,"11:32 PM","11:36",null,null,"MISS Barnes 8' Turnaround Fadeaway Shot",null,null],["0041400224",391,4,0,4,"11:32 PM","11:35","Green REBOUND (Off:0 Def:3)",null,null,null,null],["0041400224",392,6,26,4,"11:32 PM","11:31","Green Offensive Charge Foul (P2.T1) (M.Callahan)",null,null,null,null],["0041400224",393,5,5,4,"11:32 PM","11:31","Green Foul Turnover (P2.T13)",null,null,null,null],["0041400224",394,1,1,4,"11:32 PM","11:11",null,null,"Green 25' 3PT Jump Shot (16 PTS) (Thompson 2 AST)","85 - 64","-21"],["0041400224",395,1,1,4,"11:33 PM","10:54","Carter 25' 3PT Jump Shot (8 PTS) (Udrih 2 AST)",null,null,"85 - 67","-18"],["0041400224",396,1,1,4,"11:33 PM","10:30",null,null,"Barnes 22' Jump Shot (12 PTS) (Iguodala 3 AST)","87 - 67","-20"],["0041400224",397,2,1,4,"11:33 PM","10:05","MISS Carter 24' 3PT Jump Shot",null,null,null,null],["0041400224",398,4,0,4,"11:33 PM","10:04",null,null,"Barnes REBOUND (Off:1 Def:5)",null,null],["0041400224",399,2,5,4,"11:34 PM","9:55",null,null,"MISS Barnes 3' Layup",null,null],["0041400224",400,4,0,4,"11:34 PM","9:53","Carter REBOUND (Off:0 Def:4)",null,null,null,null],["0041400224",401,5,40,4,"11:34 PM","9:49","Green Out of Bounds Lost Ball Turnover (P3.T14)",null,null,null,null],["0041400224",402,8,0,4,"11:34 PM","9:49","SUB: Conley FOR Lee",null,null,null,null],["0041400224",403,2,1,4,"11:34 PM","9:35",null,null,"MISS Barnes 25' 3PT Jump Shot",null,null],["0041400224",404,4,0,4,"11:34 PM","9:34","Carter REBOUND (Off:0 Def:5)",null,null,null,null],["0041400224",405,6,1,4,"11:35 PM","9:18",null,null,"Iguodala P.FOUL (P2.T1) (M.Callahan)",null,null],["0041400224",406,8,0,4,"11:35 PM","9:18","SUB: Randolph FOR Gasol",null,null,null,null],["0041400224",407,8,0,4,"11:35 PM","9:18",null,null,"SUB: Bogut FOR Barnes",null,null],["0041400224",408,1,78,4,"11:35 PM","9:05","Conley 11' Floating Jump Shot (10 PTS)",null,null,"87 - 69","-18"],["0041400224",409,2,1,4,"11:36 PM","8:51",null,null,"MISS Iguodala  3PT Jump Shot",null,null],["0041400224",410,4,0,4,"11:36 PM","8:50","Conley REBOUND (Off:0 Def:3)",null,null,null,null],["0041400224",411,5,2,4,"11:36 PM","8:35","Randolph Lost Ball Turnover (P4.T15)",null,"Green STEAL (2 STL)",null,null],["0041400224",412,1,7,4,"11:36 PM","8:31",null,null,"Iguodala  Dunk (11 PTS) (Green 2 AST)","89 - 69","-20"],["0041400224",413,9,1,4,"11:36 PM","8:31","GRIZZLIES Timeout: Regular (Full 4 Short 0)",null,null,null,null],["0041400224",416,8,0,4,"11:39 PM","8:31",null,null,"SUB: Curry FOR Livingston",null,null],["0041400224",417,1,79,4,"11:40 PM","8:20","Carter 13' Pullup Jump Shot (10 PTS) (Udrih 3 AST)",null,null,"89 - 71","-18"],["0041400224",418,2,1,4,"11:40 PM","8:03",null,null,"MISS Curry 18' Jump Shot",null,null],["0041400224",419,4,0,4,"11:40 PM","8:02","Udrih REBOUND (Off:0 Def:1)",null,null,null,null],["0041400224",420,1,5,4,"11:40 PM","7:50","Randolph 3' Layup (12 PTS) (Green 3 AST)",null,null,"89 - 73","-16"],["0041400224",421,6,2,4,"11:40 PM","7:28","Carter S.FOUL (P2.T2) (T.Brothers)",null,null,null,null],["0041400224",422,3,11,4,"11:41 PM","7:28",null,null,"Curry Free Throw 1 of 2 (28 PTS)","90 - 73","-17"],["0041400224",424,3,12,4,"11:41 PM","7:28",null,null,"Curry Free Throw 2 of 2 (29 PTS)","91 - 73","-18"],["0041400224",426,2,78,4,"11:42 PM","7:14","MISS Conley 10' Floating Jump Shot",null,null,null,null],["0041400224",427,4,0,4,"11:42 PM","7:14","GRIZZLIES Rebound",null,null,null,null],["0041400224",428,2,46,4,"11:42 PM","7:04","MISS Conley 9' Running Jump Shot",null,"Bogut BLOCK (3 BLK)",null,null],["0041400224",429,4,0,4,"11:42 PM","7:03",null,null,"Curry REBOUND (Off:1 Def:6)",null,null],["0041400224",430,6,2,4,"11:42 PM","7:01","Udrih S.FOUL (P2.T3) (M.Callahan)",null,null,null,null],["0041400224",431,3,11,4,"11:43 PM","7:01",null,null,"Curry Free Throw 1 of 2 (30 PTS)","92 - 73","-19"],["0041400224",433,3,12,4,"11:43 PM","7:01",null,null,"MISS Curry Free Throw 2 of 2",null,null],["0041400224",435,4,0,4,"11:43 PM","7:00","Carter REBOUND (Off:0 Def:6)",null,null,null,null],["0041400224",437,2,1,4,"11:44 PM","6:42","MISS Carter 25' 3PT Jump Shot",null,null,null,null],["0041400224",438,4,0,4,"11:44 PM","6:41",null,null,"Bogut REBOUND (Off:2 Def:5)",null,null],["0041400224",439,6,1,4,"11:44 PM","6:27","Carter P.FOUL (P3.T4) (T.Brothers)",null,null,null,null],["0041400224",440,2,46,4,"11:44 PM","6:17",null,null,"MISS Curry 8' Running Jump Shot",null,null],["0041400224",441,4,0,4,"11:44 PM","6:16","Randolph REBOUND (Off:4 Def:6)",null,null,null,null],["0041400224",442,1,1,4,"11:45 PM","6:10","Udrih 9' Jump Shot (4 PTS) (Conley 7 AST)",null,null,"92 - 75","-17"],["0041400224",443,2,1,4,"11:45 PM","5:47",null,null,"MISS Green 24' 3PT Jump Shot",null,null],["0041400224",444,4,0,4,"11:45 PM","5:46",null,null,"Curry REBOUND (Off:2 Def:6)",null,null],["0041400224",445,9,1,4,"11:45 PM","5:40",null,null,"Warriors Timeout: Regular (Reg.4 Short 1)",null,null],["0041400224",448,8,0,4,"11:48 PM","5:40","SUB: Gasol FOR Udrih",null,null,null,null],["0041400224",449,5,2,4,"11:49 PM","5:30","Conley STEAL (3 STL)",null,"Curry Lost Ball Turnover (P4.T18)",null,null],["0041400224",450,6,1,4,"11:49 PM","5:29",null,null,"Curry P.FOUL (P3.T2) (P.Fraher)",null,null],["0041400224",452,2,3,4,"11:50 PM","5:10","MISS Randolph 3' Hook Shot",null,null,null,null],["0041400224",453,4,0,4,"11:50 PM","5:08",null,null,"Bogut REBOUND (Off:2 Def:6)",null,null],["0041400224",454,1,1,4,"11:50 PM","4:55",null,null,"Thompson 24' 3PT Jump Shot (15 PTS) (Green 3 AST)","95 - 75","-20"],["0041400224",455,2,5,4,"11:50 PM","4:43","MISS Gasol 2' Layup",null,"Green BLOCK (2 BLK)",null,null],["0041400224",456,4,0,4,"11:50 PM","4:41",null,null,"Iguodala REBOUND (Off:1 Def:3)",null,null],["0041400224",457,2,1,4,"11:51 PM","4:32",null,null,"MISS Curry 25' 3PT Jump Shot",null,null],["0041400224",458,4,0,4,"11:51 PM","4:31","Carter REBOUND (Off:0 Def:7)",null,null,null,null],["0041400224",459,2,1,4,"11:51 PM","4:16","MISS Conley 26' 3PT Jump Shot",null,null,null,null],["0041400224",460,4,0,4,"11:51 PM","4:16","Randolph REBOUND (Off:5 Def:6)",null,null,null,null],["0041400224",461,6,1,4,"11:51 PM","4:16",null,null,"Bogut P.FOUL (P4.T3) (M.Callahan)",null,null],["0041400224",462,6,1,4,"11:52 PM","4:10",null,null,"Bogut P.FOUL (P5.T4) (P.Fraher)",null,null],["0041400224",463,6,2,4,"11:52 PM","4:05",null,null,"Curry S.FOUL (P4.PN) (T.Brothers)",null,null],["0041400224",464,3,11,4,"11:52 PM","4:05","Gasol Free Throw 1 of 2 (18 PTS)",null,null,"95 - 76","-19"],["0041400224",466,3,12,4,"11:52 PM","4:05","Gasol Free Throw 2 of 2 (19 PTS)",null,null,"95 - 77","-18"],["0041400224",468,1,1,4,"11:53 PM","3:43",null,null,"Curry 23' Jump Shot (32 PTS) (Green 4 AST)","97 - 77","-20"],["0041400224",469,2,44,4,"11:53 PM","3:26","MISS Gasol 3' Reverse Layup",null,null,null,null],["0041400224",470,4,0,4,"11:53 PM","3:24",null,null,"Bogut REBOUND (Off:2 Def:7)",null,null],["0041400224",471,6,1,4,"11:54 PM","3:16","Carter P.FOUL (P4.PN) (P.Fraher)",null,null,null,null],["0041400224",473,8,0,4,"11:54 PM","3:16",null,null,"SUB: Barnes FOR Bogut",null,null],["0041400224",474,8,0,4,"11:54 PM","3:16","SUB: Green FOR Randolph",null,null,null,null],["0041400224",475,2,1,4,"11:54 PM","3:10",null,null,"MISS Green 25' 3PT Jump Shot",null,null],["0041400224",476,4,0,4,"11:54 PM","3:10","Gasol REBOUND (Off:4 Def:6)",null,null,null,null],["0041400224",477,5,1,4,"11:54 PM","3:01","Conley Bad Pass Turnover (P3.T16)",null,"Curry STEAL (2 STL)",null,null],["0041400224",478,6,28,4,"11:55 PM","3:00","Green Personal Take Foul (P3.PN) (T.Brothers)",null,null,null,null],["0041400224",479,3,11,4,"11:55 PM","3:00",null,null,"Curry Free Throw 1 of 2 (33 PTS)","98 - 77","-21"],["0041400224",481,8,0,4,"11:55 PM","3:00","SUB: Calathes FOR Gasol",null,null,null,null],["0041400224",482,8,0,4,"11:55 PM","3:00","SUB: Udrih FOR Conley",null,null,null,null],["0041400224",483,8,0,4,"11:55 PM","3:00","SUB: Leuer FOR Carter",null,null,null,null],["0041400224",484,8,0,4,"11:55 PM","3:00",null,null,"SUB: Livingston FOR Thompson",null,null],["0041400224",485,3,12,4,"11:55 PM","3:00",null,null,"MISS Curry Free Throw 2 of 2",null,null],["0041400224",487,4,0,4,"11:56 PM","2:59","Green REBOUND (Off:0 Def:1)",null,null,null,null],["0041400224",488,1,44,4,"11:56 PM","2:49","Leuer 2' Reverse Layup (2 PTS) (Calathes 1 AST)",null,null,"98 - 79","-19"],["0041400224",489,2,1,4,"11:56 PM","2:25",null,null,"MISS Barnes  3PT Jump Shot",null,null],["0041400224",490,4,0,4,"11:56 PM","2:24","Calathes REBOUND (Off:0 Def:1)",null,null,null,null],["0041400224",491,2,1,4,"11:56 PM","2:14","MISS Udrih 10' Jump Shot",null,"Livingston BLOCK (1 BLK)",null,null],["0041400224",492,4,0,4,"11:56 PM","2:13",null,null,"Livingston REBOUND (Off:0 Def:2)",null,null],["0041400224",493,5,1,4,"11:57 PM","1:56",null,null,"Green Bad Pass Turnover (P7.T19)",null,null],["0041400224",494,9,1,4,"11:57 PM","1:56",null,null,null,null,null],["0041400224",496,8,0,4,"11:59 PM","1:56",null,null,"SUB: Barbosa FOR Green",null,null],["0041400224",497,8,0,4,"11:59 PM","1:56",null,null,"SUB: Holiday FOR Curry",null,null],["0041400224",498,8,0,4,"11:59 PM","1:56",null,null,"SUB: McAdoo FOR Iguodala",null,null],["0041400224",499,8,0,4,"12:00 AM","1:56","SUB: Adams FOR Udrih",null,null,null,null],["0041400224",500,6,2,4,"12:00 AM","1:42",null,null,"Holiday S.FOUL (P1.PN) (T.Brothers)",null,null],["0041400224",501,3,11,4,"12:00 AM","1:42","Green Free Throw 1 of 2 (1 PTS)",null,null,"98 - 80","-18"],["0041400224",504,8,0,4,"12:00 AM","1:42",null,null,"SUB: Rush FOR Barnes",null,null],["0041400224",503,3,12,4,"12:01 AM","1:42","Green Free Throw 2 of 2 (2 PTS)",null,null,"98 - 81","-17"],["0041400224",505,2,42,4,"12:01 AM","1:26","Green BLOCK (1 BLK)",null,"MISS Rush 3' Driving Layup",null,null],["0041400224",506,4,0,4,"12:01 AM","1:21","Leuer REBOUND (Off:0 Def:1)",null,null,null,null],["0041400224",507,2,79,4,"12:01 AM","1:16","MISS Adams 21' Pullup Jump Shot",null,null,null,null],["0041400224",508,4,0,4,"12:01 AM","1:15","Leuer REBOUND (Off:1 Def:1)",null,null,null,null],["0041400224",509,2,1,4,"12:01 AM","1:12","MISS Leuer 4' Jump Shot",null,"McAdoo BLOCK (1 BLK)",null,null],["0041400224",510,4,0,4,"12:01 AM","1:10",null,null,"Barbosa REBOUND (Off:0 Def:1)",null,null],["0041400224",511,1,1,4,"12:02 AM","1:04",null,null,"Holiday  3PT Jump Shot (3 PTS) (Livingston 2 AST)","101 - 81","-20"],["0041400224",512,6,2,4,"12:02 AM","0:49",null,null,"Rush S.FOUL (P1.PN) (T.Brothers)",null,null],["0041400224",513,3,11,4,"12:02 AM","0:49","MISS Adams Free Throw 1 of 2",null,null,null,null],["0041400224",514,4,1,4,"12:02 AM","0:49","GRIZZLIES Rebound",null,null,null,null],["0041400224",515,3,12,4,"12:02 AM","0:49","Adams Free Throw 2 of 2 (1 PTS)",null,null,"101 - 82","-19"],["0041400224",517,5,2,4,"12:03 AM","0:35","Green STEAL (1 STL)",null,"McAdoo Lost Ball Turnover (P1.T20)",null,null],["0041400224",518,1,5,4,"12:03 AM","0:28","Green 2' Layup (12 PTS) (Calathes 2 AST)",null,null,"101 - 84","-17"],["0041400224",519,5,4,4,"12:03 AM","0:08",null,null,"Livingston Traveling Turnover (P1.T21)",null,null],["0041400224",520,13,0,4,"12:04 AM","0:00",null,null,null,"101 - 84","-17"]]},{"name":"AvailableVideo","headers":["VIDEO_AVAILABLE_FLAG"],"rowSet":[[1]]}]}