{"resource":"playbyplay","parameters":{"GameID":"0041400232","StartPeriod":0,"EndPeriod":14},"resultSets":[{"name":"PlayByPlay","headers":["GAME_ID","EVENTNUM","EVENTMSGTYPE","EVENTMSGACTIONTYPE","PERIOD","WCTIMESTRING","PCTIMESTRING","HOMEDESCRIPTION","NEUTRALDESCRIPTION","VISITORDESCRIPTION","SCORE","SCOREMARGIN"],"rowSet":[["0041400232",0,12,0,1,"9:43 PM","12:00",null,null,null,null,null],["0041400232",1,10,0,1,"9:43 PM","12:00","Jump Ball Howard vs. Jordan: Tip to Terry",null,null,null,null],["0041400232",2,2,5,1,"9:43 PM","11:43","MISS Howard 2' Layup",null,"Jordan BLOCK (1 BLK)",null,null],["0041400232",3,4,0,1,"9:43 PM","11:43","ROCKETS Rebound",null,null,null,null],["0041400232",4,2,5,1,"9:43 PM","11:40","MISS Ariza 2' Layup",null,null,null,null],["0041400232",5,4,0,1,"9:43 PM","11:39","Ariza REBOUND (Off:1 Def:0)",null,null,null,null],["0041400232",6,5,2,1,"9:44 PM","11:36","Ariza Lost Ball Turnover (P1.T1)",null,"Barnes STEAL (1 STL)",null,null],["0041400232",7,1,58,1,"9:44 PM","11:16",null,null,"Griffin 6' Turnaround Hook Shot (2 PTS)","2 - 0","-2"],["0041400232",20,7,2,1,"9:44 PM","11:16","Howard Violation:Defensive Goaltending (D.Jones)",null,null,null,null],["0041400232",9,1,52,1,"9:44 PM","11:03","Howard  Alley Oop Dunk (2 PTS) (Jones 1 AST)",null,null,"2 - 2","TIE"],["0041400232",12,6,2,1,"9:45 PM","10:59","Jones S.FOUL (P1.T1) (J.Crawford)",null,null,null,null],["0041400232",14,3,11,1,"9:45 PM","10:59",null,null,"Griffin Free Throw 1 of 2 (3 PTS)","3 - 2","-1"],["0041400232",17,3,12,1,"9:45 PM","10:59",null,null,"Griffin Free Throw 2 of 2 (4 PTS)","4 - 2","-2"],["0041400232",21,2,1,1,"9:46 PM","10:38","MISS Ariza 25' 3PT Jump Shot",null,null,null,null],["0041400232",22,4,0,1,"9:46 PM","10:37","Jones REBOUND (Off:1 Def:0)",null,null,null,null],["0041400232",23,5,1,1,"9:46 PM","10:34","Jones Bad Pass Turnover (P1.T2)",null,"Jordan STEAL (1 STL)",null,null],["0041400232",24,1,88,1,"9:46 PM","10:29",null,null,"Griffin  Driving Slam Dunk (6 PTS) (Rivers 1 AST)","6 - 2","-4"],["0041400232",26,6,2,1,"9:46 PM","10:15",null,null,"Jordan S.FOUL (P1.T1) (J.Crawford)",null,null],["0041400232",28,3,11,1,"9:46 PM","10:15","MISS Howard Free Throw 1 of 2",null,null,null,null],["0041400232",29,4,1,1,"9:46 PM","10:15","ROCKETS Rebound",null,null,null,null],["0041400232",30,3,12,1,"9:47 PM","10:15","MISS Howard Free Throw 2 of 2",null,null,null,null],["0041400232",32,4,0,1,"9:47 PM","10:15",null,null,"Griffin REBOUND (Off:0 Def:1)",null,null],["0041400232",34,2,1,1,"9:47 PM","9:54",null,null,"MISS Barnes  3PT Jump Shot",null,null],["0041400232",35,4,0,1,"9:47 PM","9:53","Howard REBOUND (Off:0 Def:1)",null,null,null,null],["0041400232",36,6,27,1,"9:47 PM","9:42",null,null,"Redick Personal Block Foul (P1.T2) (D.Jones)",null,null],["0041400232",37,2,1,1,"9:48 PM","9:36","MISS Ariza 26' 3PT Jump Shot",null,null,null,null],["0041400232",38,4,0,1,"9:48 PM","9:34","Jones REBOUND (Off:2 Def:0)",null,null,null,null],["0041400232",39,6,2,1,"9:48 PM","9:30",null,null,"Jordan S.FOUL (P2.T3) (J.Crawford)",null,null],["0041400232",40,3,11,1,"9:48 PM","9:30","Ariza Free Throw 1 of 2 (1 PTS)",null,null,"6 - 3","-3"],["0041400232",42,8,0,1,"9:48 PM","9:30",null,null,"SUB: Davis FOR Jordan",null,null],["0041400232",43,3,12,1,"9:48 PM","9:30","Ariza Free Throw 2 of 2 (2 PTS)",null,null,"6 - 4","-2"],["0041400232",45,2,79,1,"9:49 PM","9:11",null,null,"MISS Redick 25' 3PT Pullup Jump Shot",null,null],["0041400232",46,4,0,1,"9:49 PM","9:10","ROCKETS Rebound",null,null,null,null],["0041400232",47,1,52,1,"9:49 PM","8:59","Howard  Alley Oop Dunk (4 PTS) (Harden 1 AST)",null,null,"6 - 6","TIE"],["0041400232",48,1,1,1,"9:50 PM","8:42",null,null,"Davis 13' Jump Shot (2 PTS) (Redick 1 AST)","8 - 6","-2"],["0041400232",49,6,2,1,"9:50 PM","8:27",null,null,"Davis S.FOUL (P1.T4) (D.Jones)",null,null],["0041400232",50,3,11,1,"9:50 PM","8:27","Harden Free Throw 1 of 2 (1 PTS)",null,null,"8 - 7","-1"],["0041400232",52,3,12,1,"9:50 PM","8:27","Harden Free Throw 2 of 2 (2 PTS)",null,null,"8 - 8","TIE"],["0041400232",54,6,1,1,"9:51 PM","8:16","Harden P.FOUL (P1.T2) (J.Crawford)",null,null,null,null],["0041400232",55,2,79,1,"9:51 PM","8:11",null,null,"MISS Redick 18' Pullup Jump Shot",null,null],["0041400232",56,4,0,1,"9:51 PM","8:10","Howard REBOUND (Off:0 Def:2)",null,null,null,null],["0041400232",57,6,2,1,"9:52 PM","8:01",null,null,"Rivers S.FOUL (P1.PN) (D.Jones)",null,null],["0041400232",58,18,1,1,"9:52 PM","8:01",null,null,null,null,null],["0041400232",59,3,13,1,"9:53 PM","8:01","MISS Terry Free Throw 1 of 3",null,null,null,null],["0041400232",60,4,1,1,"9:53 PM","8:01","ROCKETS Rebound",null,null,null,null],["0041400232",61,3,14,1,"9:53 PM","8:01","Terry Free Throw 2 of 3 (1 PTS)",null,null,"8 - 9","1"],["0041400232",63,3,15,1,"9:53 PM","8:01","Terry Free Throw 3 of 3 (2 PTS)",null,null,"8 - 10","2"],["0041400232",66,2,5,1,"9:53 PM","7:51","Howard BLOCK (1 BLK)",null,"MISS Rivers 2' Layup",null,null],["0041400232",67,4,0,1,"9:53 PM","7:50","Ariza REBOUND (Off:1 Def:1)",null,null,null,null],["0041400232",68,2,1,1,"9:54 PM","7:42","MISS Harden 25' 3PT Jump Shot",null,null,null,null],["0041400232",69,4,0,1,"9:54 PM","7:42",null,null,"Clippers Rebound",null,null],["0041400232",70,6,3,1,"9:54 PM","7:42","Jones L.B.FOUL (P2.T3) (Z.Zarba)",null,null,null,null],["0041400232",71,8,0,1,"9:54 PM","7:42","SUB: Smith FOR Jones",null,null,null,null],["0041400232",72,2,1,1,"9:54 PM","7:32",null,null,"MISS Rivers 26' 3PT Jump Shot",null,null],["0041400232",73,4,0,1,"9:54 PM","7:31","Howard REBOUND (Off:0 Def:3)",null,null,null,null],["0041400232",74,1,52,1,"9:54 PM","7:21","Howard  Alley Oop Dunk (6 PTS) (Harden 2 AST)",null,null,"8 - 12","4"],["0041400232",75,6,2,1,"9:54 PM","7:21",null,null,"Rivers S.FOUL (P2.PN) (J.Crawford)",null,null],["0041400232",76,8,0,1,"9:55 PM","7:21",null,null,"SUB: Crawford FOR Rivers",null,null],["0041400232",77,3,10,1,"9:55 PM","7:21","MISS Howard Free Throw 1 of 1",null,null,null,null],["0041400232",79,4,0,1,"9:55 PM","7:21",null,null,"Barnes REBOUND (Off:0 Def:1)",null,null],["0041400232",80,6,1,1,"9:55 PM","7:08","Smith P.FOUL (P1.T4) (J.Crawford)",null,null,null,null],["0041400232",81,2,86,1,"9:55 PM","6:59",null,null,"MISS Griffin 10' Turnaround Fadeaway Shot",null,null],["0041400232",82,4,0,1,"9:56 PM","6:58","Howard REBOUND (Off:0 Def:4)",null,null,null,null],["0041400232",83,2,1,1,"9:56 PM","6:50","MISS Smith 24' 3PT Jump Shot",null,null,null,null],["0041400232",84,4,0,1,"9:56 PM","6:49","Howard REBOUND (Off:1 Def:4)",null,null,null,null],["0041400232",85,2,3,1,"9:56 PM","6:40","MISS Smith 7' Hook Shot",null,null,null,null],["0041400232",86,4,0,1,"9:56 PM","6:39",null,null,"Griffin REBOUND (Off:0 Def:2)",null,null],["0041400232",87,1,71,1,"9:56 PM","6:32",null,null,"Griffin 2' Finger Roll Layup (8 PTS)","10 - 12","2"],["0041400232",88,1,52,1,"9:56 PM","6:23","Howard  Alley Oop Dunk (8 PTS) (Terry 1 AST)",null,null,"10 - 14","4"],["0041400232",89,2,79,1,"9:56 PM","6:08",null,null,"MISS Redick 25' 3PT Pullup Jump Shot",null,null],["0041400232",90,4,0,1,"9:56 PM","6:07","Terry REBOUND (Off:0 Def:1)",null,null,null,null],["0041400232",91,2,1,1,"9:56 PM","5:59","MISS Harden  3PT Jump Shot",null,null,null,null],["0041400232",92,4,0,1,"9:57 PM","5:57","Smith REBOUND (Off:1 Def:0)",null,null,null,null],["0041400232",93,1,72,1,"9:57 PM","5:57","Smith 1' Putback Layup (2 PTS)",null,null,"10 - 16","6"],["0041400232",94,9,1,1,"9:57 PM","5:57",null,null,"Clippers Timeout: Regular (Reg.1 Short 0)",null,null],["0041400232",96,8,0,1,"9:59 PM","5:57","SUB: Prigioni FOR Terry",null,null,null,null],["0041400232",98,1,1,1,"10:00 PM","5:50",null,null,"Davis 20' Jump Shot (4 PTS) (Griffin 1 AST)","12 - 16","4"],["0041400232",99,5,2,1,"10:00 PM","5:39","Harden Lost Ball Turnover (P1.T3)",null,"Davis STEAL (1 STL)",null,null],["0041400232",100,1,7,1,"10:00 PM","5:35",null,null,"Barnes  Dunk (2 PTS) (Crawford 1 AST)","14 - 16","2"],["0041400232",101,1,46,1,"10:00 PM","5:28","Smith 6' Running Jump Shot (4 PTS) (Prigioni 1 AST)",null,null,"14 - 18","4"],["0041400232",102,2,1,1,"10:01 PM","5:12",null,null,"MISS Davis 19' Jump Shot",null,null],["0041400232",103,4,0,1,"10:01 PM","5:11","Howard REBOUND (Off:1 Def:5)",null,null,null,null],["0041400232",104,1,42,1,"10:01 PM","5:04","Harden 1' Driving Layup (4 PTS)",null,null,"14 - 20","6"],["0041400232",105,6,2,1,"10:01 PM","4:59","Howard S.FOUL (P1.PN) (J.Crawford)",null,null,null,null],["0041400232",106,3,11,1,"10:01 PM","4:59",null,null,"Griffin Free Throw 1 of 2 (9 PTS)","15 - 20","5"],["0041400232",108,3,12,1,"10:02 PM","4:59",null,null,"Griffin Free Throw 2 of 2 (10 PTS)","16 - 20","4"],["0041400232",110,5,1,1,"10:02 PM","4:49","Howard Bad Pass Turnover (P1.T4)",null,null,null,null],["0041400232",111,2,1,1,"10:02 PM","4:34",null,null,"MISS Griffin 4' Jump Shot",null,null],["0041400232",112,4,0,1,"10:02 PM","4:33","Smith REBOUND (Off:1 Def:1)",null,null,null,null],["0041400232",113,2,58,1,"10:03 PM","4:16","MISS Smith 5' Turnaround Hook Shot",null,null,null,null],["0041400232",114,4,0,1,"10:03 PM","4:15",null,null,"Barnes REBOUND (Off:0 Def:2)",null,null],["0041400232",115,1,52,1,"10:03 PM","4:08",null,null,"Griffin  Alley Oop Dunk (12 PTS) (Crawford 2 AST)","18 - 20","2"],["0041400232",117,1,5,1,"10:03 PM","3:56","Howard 1' Layup (10 PTS) (Prigioni 2 AST)",null,null,"18 - 22","4"],["0041400232",118,2,79,1,"10:03 PM","3:45",null,null,"MISS Crawford 26' 3PT Pullup Jump Shot",null,null],["0041400232",119,4,0,1,"10:03 PM","3:44","Howard REBOUND (Off:1 Def:6)",null,null,null,null],["0041400232",120,1,42,1,"10:04 PM","3:34","Harden 2' Driving Layup (6 PTS)",null,null,"18 - 24","6"],["0041400232",121,2,5,1,"10:04 PM","3:21","Smith BLOCK (1 BLK)",null,"MISS Griffin 4' Layup",null,null],["0041400232",122,4,0,1,"10:04 PM","3:19",null,null,"Crawford REBOUND (Off:1 Def:0)",null,null],["0041400232",123,1,5,1,"10:04 PM","3:13",null,null,"Griffin 1' Layup (14 PTS) (Barnes 1 AST)","20 - 24","4"],["0041400232",124,1,1,1,"10:04 PM","3:02","Prigioni 26' 3PT Jump Shot (3 PTS) (Howard 1 AST)",null,null,"20 - 27","7"],["0041400232",125,6,1,1,"10:04 PM","2:49","Prigioni P.FOUL (P1.PN) (D.Jones)",null,null,null,null],["0041400232",126,9,1,1,"10:05 PM","2:49","ROCKETS Timeout: Regular (Full 1 Short 0)",null,null,null,null],["0041400232",128,8,0,1,"10:07 PM","2:49","SUB: Capela FOR Howard",null,null,null,null],["0041400232",129,8,0,1,"10:07 PM","2:49","SUB: Brewer FOR Ariza",null,null,null,null],["0041400232",130,8,0,1,"10:07 PM","2:49",null,null,"SUB: Turkoglu FOR Griffin",null,null],["0041400232",131,3,11,1,"10:08 PM","2:49",null,null,"Redick Free Throw 1 of 2 (1 PTS)","21 - 27","6"],["0041400232",133,3,12,1,"10:08 PM","2:49",null,null,"Redick Free Throw 2 of 2 (2 PTS)","22 - 27","5"],["0041400232",135,1,56,1,"10:08 PM","2:30","Brewer 6' Running Hook Shot (2 PTS) (Harden 3 AST)",null,null,"22 - 29","7"],["0041400232",136,2,66,1,"10:09 PM","2:12",null,null,"MISS Crawford 20' Jump Bank Shot",null,null],["0041400232",137,4,0,1,"10:09 PM","2:11","Capela REBOUND (Off:0 Def:1)",null,null,null,null],["0041400232",138,2,1,1,"10:09 PM","1:53","MISS Brewer  3PT Jump Shot",null,null,null,null],["0041400232",139,4,0,1,"10:09 PM","1:52","Capela REBOUND (Off:1 Def:1)",null,null,null,null],["0041400232",140,2,1,1,"10:09 PM","1:48","MISS Harden 25' 3PT Jump Shot",null,null,null,null],["0041400232",141,4,0,1,"10:09 PM","1:47","ROCKETS Rebound",null,null,null,null],["0041400232",142,2,1,1,"10:10 PM","1:37","MISS Harden 25' 3PT Jump Shot",null,null,null,null],["0041400232",143,4,0,1,"10:10 PM","1:36",null,null,"Davis REBOUND (Off:0 Def:1)",null,null],["0041400232",144,2,5,1,"10:10 PM","1:17","Harden BLOCK (1 BLK)",null,"MISS Davis 2' Layup",null,null],["0041400232",145,4,0,1,"10:10 PM","1:16","Capela REBOUND (Off:1 Def:2)",null,null,null,null],["0041400232",146,6,2,1,"10:10 PM","1:11",null,null,"Turkoglu S.FOUL (P1.PN) (J.Crawford)",null,null],["0041400232",147,3,11,1,"10:10 PM","1:11","MISS Smith Free Throw 1 of 2",null,null,null,null],["0041400232",148,4,1,1,"10:10 PM","1:11","ROCKETS Rebound",null,null,null,null],["0041400232",149,8,0,1,"10:11 PM","1:11",null,null,"SUB: Hudson FOR Redick",null,null],["0041400232",150,3,12,1,"10:11 PM","1:11","Smith Free Throw 2 of 2 (5 PTS)",null,null,"22 - 30","8"],["0041400232",152,6,1,1,"10:11 PM","1:09","Brewer P.FOUL (P1.PN) (D.Jones)",null,null,null,null],["0041400232",153,3,11,1,"10:11 PM","1:09",null,null,"Crawford Free Throw 1 of 2 (1 PTS)","23 - 30","7"],["0041400232",155,8,0,1,"10:12 PM","1:09",null,null,"SUB: Jones FOR Barnes",null,null],["0041400232",156,3,12,1,"10:12 PM","1:09",null,null,"Crawford Free Throw 2 of 2 (2 PTS)","24 - 30","6"],["0041400232",158,1,5,1,"10:12 PM","1:07","Brewer 1' Layup (4 PTS) (Harden 4 AST)",null,null,"24 - 32","8"],["0041400232",159,6,4,1,"10:12 PM","1:03",null,null,"Hudson OFF.Foul (P1) (D.Jones)",null,null],["0041400232",160,5,5,1,"10:12 PM","1:03",null,null,"Hudson Foul Turnover (P1.T1)",null,null],["0041400232",161,8,0,1,"10:12 PM","1:03",null,null,"SUB: Barnes FOR Jones",null,null],["0041400232",171,8,0,1,"10:12 PM","1:03","SUB: Jones FOR Capela",null,null,null,null],["0041400232",162,2,1,1,"10:13 PM","0:56","MISS Smith 6' Jump Shot",null,"Hudson BLOCK (1 BLK)",null,null],["0041400232",163,4,0,1,"10:13 PM","0:54","Smith REBOUND (Off:2 Def:1)",null,null,null,null],["0041400232",164,2,1,1,"10:13 PM","0:48","MISS Jones 10' Jump Shot",null,null,null,null],["0041400232",166,4,0,1,"10:13 PM","0:44","Brewer REBOUND (Off:1 Def:0)",null,null,null,null],["0041400232",165,2,5,1,"10:13 PM","0:44","MISS Brewer 2' Layup",null,null,null,null],["0041400232",167,4,0,1,"10:13 PM","0:43",null,null,"Davis REBOUND (Off:0 Def:2)",null,null],["0041400232",168,2,42,1,"10:13 PM","0:40",null,null,"MISS Crawford 2' Driving Layup",null,null],["0041400232",169,4,0,1,"10:13 PM","0:37","Smith REBOUND (Off:2 Def:2)",null,null,null,null],["0041400232",170,6,2,1,"10:13 PM","0:34",null,null,"Barnes S.FOUL (P1.PN) (D.Jones)",null,null],["0041400232",172,6,11,1,"10:13 PM","0:34",null,null,"Barnes T.FOUL (P1.PN) (D.Jones)",null,null],["0041400232",173,3,16,1,"10:14 PM","0:34","Harden Free Throw Technical (7 PTS)",null,null,"24 - 33","9"],["0041400232",175,3,11,1,"10:14 PM","0:34","Harden Free Throw 1 of 2 (8 PTS)",null,null,"24 - 34","10"],["0041400232",177,8,0,1,"10:14 PM","0:34",null,null,"SUB: Redick FOR Barnes",null,null],["0041400232",178,8,0,1,"10:14 PM","0:34","SUB: Terry FOR Prigioni",null,null,null,null],["0041400232",179,3,12,1,"10:15 PM","0:34","Harden Free Throw 2 of 2 (9 PTS)",null,null,"24 - 35","11"],["0041400232",181,2,1,1,"10:15 PM","0:10","Smith BLOCK (2 BLK)",null,"MISS Crawford 6' Jump Shot",null,null],["0041400232",182,4,0,1,"10:15 PM","0:09","Smith REBOUND (Off:2 Def:3)",null,null,null,null],["0041400232",183,5,1,1,"10:15 PM","0:04","Harden Bad Pass Turnover (P2.T5)",null,null,null,null],["0041400232",185,2,46,1,"10:16 PM","0:00",null,null,"MISS Crawford 39' 3PT Running Jump Shot",null,null],["0041400232",187,4,0,1,"10:16 PM","0:00",null,null,"Clippers Rebound",null,null],["0041400232",189,13,0,1,"10:16 PM","0:00",null,null,null,"24 - 35","11"],["0041400232",191,12,0,2,"10:19 PM","12:00",null,null,null,"24 - 35","11"],["0041400232",192,6,2,2,"10:20 PM","11:40","Ariza S.FOUL (P1.T1) (D.Jones)",null,null,null,null],["0041400232",193,3,13,2,"10:20 PM","11:40",null,null,"Crawford Free Throw 1 of 3 (3 PTS)","25 - 35","10"],["0041400232",195,3,14,2,"10:20 PM","11:40",null,null,"Crawford Free Throw 2 of 3 (4 PTS)","26 - 35","9"],["0041400232",197,3,15,2,"10:20 PM","11:40",null,null,"MISS Crawford Free Throw 3 of 3",null,null],["0041400232",199,4,0,2,"10:21 PM","11:40","Howard REBOUND (Off:1 Def:7)",null,null,null,null],["0041400232",200,5,2,2,"10:21 PM","11:18","Brewer Lost Ball Turnover (P1.T6)",null,"Hudson STEAL (1 STL)",null,null],["0041400232",201,1,8,2,"10:21 PM","11:13",null,null,"Jordan  Slam Dunk (2 PTS) (Hudson 1 AST)","28 - 35","7"],["0041400232",202,2,85,2,"10:21 PM","11:03","MISS Jones 7' Turnaround Bank Shot",null,null,null,null],["0041400232",203,4,0,2,"10:21 PM","11:02",null,null,"Jordan REBOUND (Off:0 Def:1)",null,null],["0041400232",204,6,1,2,"10:21 PM","10:55","Ariza P.FOUL (P2.T2) (Z.Zarba)",null,null,null,null],["0041400232",205,5,1,2,"10:22 PM","10:54","Brewer STEAL (1 STL)",null,"Hudson Bad Pass Turnover (P2.T2)",null,null],["0041400232",206,1,5,2,"10:22 PM","10:51","Ariza 1' Layup (4 PTS) (Brewer 1 AST)",null,null,"28 - 37","9"],["0041400232",207,1,79,2,"10:22 PM","10:40",null,null,"Hudson 21' Pullup Jump Shot (2 PTS)","30 - 37","7"],["0041400232",208,1,79,2,"10:22 PM","10:28","Brewer 20' Pullup Jump Shot (6 PTS)",null,null,"30 - 39","9"],["0041400232",209,1,1,2,"10:23 PM","10:09",null,null,"Turkoglu  3PT Jump Shot (3 PTS) (Redick 2 AST)","33 - 39","6"],["0041400232",210,2,1,2,"10:23 PM","9:53","MISS Prigioni 25' 3PT Jump Shot",null,null,null,null],["0041400232",211,4,0,2,"10:23 PM","9:52",null,null,"Jordan REBOUND (Off:0 Def:2)",null,null],["0041400232",212,1,52,2,"10:23 PM","9:42",null,null,"Jordan  Alley Oop Dunk (4 PTS) (Crawford 3 AST)","35 - 39","4"],["0041400232",213,9,1,2,"10:23 PM","9:36","ROCKETS Timeout: Regular (Full 2 Short 0)",null,null,null,null],["0041400232",217,6,1,2,"10:27 PM","9:22",null,null,"Turkoglu P.FOUL (P2.T1) (D.Jones)",null,null],["0041400232",218,2,1,2,"10:27 PM","9:13","MISS Prigioni 26' 3PT Jump Shot",null,null,null,null],["0041400232",219,4,0,2,"10:27 PM","9:12",null,null,"Jordan REBOUND (Off:0 Def:3)",null,null],["0041400232",220,6,1,2,"10:28 PM","8:57","Brewer P.FOUL (P2.T3) (Z.Zarba)",null,null,null,null],["0041400232",221,8,0,2,"10:28 PM","8:57","SUB: Smith FOR Jones",null,null,null,null],["0041400232",222,8,0,2,"10:28 PM","8:57",null,null,"SUB: Griffin FOR Turkoglu",null,null],["0041400232",223,1,1,2,"10:28 PM","8:47",null,null,"Hudson  3PT Jump Shot (5 PTS) (Crawford 4 AST)","38 - 39","1"],["0041400232",224,2,3,2,"10:28 PM","8:30","MISS Howard 8' Hook Shot",null,null,null,null],["0041400232",226,4,0,2,"10:28 PM","8:29","Ariza REBOUND (Off:2 Def:1)",null,null,null,null],["0041400232",225,2,4,2,"10:28 PM","8:29","MISS Ariza 1' Tip Shot",null,null,null,null],["0041400232",227,4,0,2,"10:28 PM","8:28",null,null,"Griffin REBOUND (Off:0 Def:3)",null,null],["0041400232",228,1,80,2,"10:29 PM","8:19",null,null,"Griffin 21' Step Back Jump Shot (16 PTS)","40 - 39","-1"],["0041400232",229,2,71,2,"10:29 PM","8:08","MISS Brewer 1' Finger Roll Layup",null,null,null,null],["0041400232",230,4,0,2,"10:29 PM","8:07",null,null,"Jordan REBOUND (Off:0 Def:4)",null,null],["0041400232",231,2,1,2,"10:29 PM","7:58",null,null,"MISS Redick 24' 3PT Jump Shot",null,null],["0041400232",232,4,0,2,"10:29 PM","7:57","Ariza REBOUND (Off:2 Def:2)",null,null,null,null],["0041400232",233,2,43,2,"10:29 PM","7:53","MISS Brewer 2' Alley Oop Layup",null,null,null,null],["0041400232",234,4,0,2,"10:29 PM","7:52",null,null,"Jordan REBOUND (Off:0 Def:5)",null,null],["0041400232",235,1,43,2,"10:29 PM","7:46",null,null,"Griffin 2' Alley Oop Layup (18 PTS) (Hudson 2 AST)","42 - 39","-3"],["0041400232",236,6,2,2,"10:29 PM","7:28",null,null,"Hudson S.FOUL (P2.T2) (J.Crawford)",null,null],["0041400232",237,3,11,2,"10:30 PM","7:28","Prigioni Free Throw 1 of 2 (4 PTS)",null,null,"42 - 40","-2"],["0041400232",239,8,0,2,"10:30 PM","7:28",null,null,"SUB: Rivers FOR Hudson",null,null],["0041400232",240,8,0,2,"10:30 PM","7:28","SUB: Harden FOR Brewer",null,null,null,null],["0041400232",241,3,12,2,"10:30 PM","7:28","Prigioni Free Throw 2 of 2 (5 PTS)",null,null,"42 - 41","-1"],["0041400232",243,6,2,2,"10:31 PM","7:16","Howard S.FOUL (P2.T4) (Z.Zarba)",null,null,null,null],["0041400232",244,3,11,2,"10:31 PM","7:16",null,null,"Rivers Free Throw 1 of 2 (1 PTS)","43 - 41","-2"],["0041400232",246,8,0,2,"10:31 PM","7:16","SUB: Terry FOR Prigioni",null,null,null,null],["0041400232",247,3,12,2,"10:31 PM","7:16",null,null,"MISS Rivers Free Throw 2 of 2",null,null],["0041400232",249,4,0,2,"10:31 PM","7:16","Smith REBOUND (Off:2 Def:4)",null,null,null,null],["0041400232",250,5,1,2,"10:31 PM","7:06","Harden Bad Pass Turnover (P3.T7)",null,null,null,null],["0041400232",251,1,58,2,"10:32 PM","6:49",null,null,"Griffin 9' Turnaround Hook Shot (20 PTS)","45 - 41","-4"],["0041400232",253,1,1,2,"10:32 PM","6:32","Smith 17' Jump Shot (7 PTS) (Ariza 1 AST)",null,null,"45 - 43","-2"],["0041400232",254,1,1,2,"10:32 PM","6:14",null,null,"Griffin 20' Jump Shot (22 PTS) (Crawford 5 AST)","47 - 43","-4"],["0041400232",255,5,2,2,"10:33 PM","5:51","Terry Lost Ball Turnover (P1.T8)",null,"Jordan STEAL (2 STL)",null,null],["0041400232",256,5,1,2,"10:33 PM","5:48","Ariza STEAL (1 STL)",null,"Jordan Bad Pass Turnover (P1.T3)",null,null],["0041400232",257,1,52,2,"10:33 PM","5:40","Howard  Alley Oop Dunk (12 PTS) (Harden 5 AST)",null,null,"47 - 45","-2"],["0041400232",258,2,78,2,"10:33 PM","5:21",null,null,"MISS Rivers 10' Floating Jump Shot",null,null],["0041400232",260,4,0,2,"10:33 PM","5:20",null,null,"Jordan REBOUND (Off:1 Def:5)",null,null],["0041400232",259,1,87,2,"10:33 PM","5:20",null,null,"Jordan  Putback Dunk (6 PTS)","49 - 45","-4"],["0041400232",261,1,52,2,"10:34 PM","5:05","Howard  Alley Oop Dunk (14 PTS) (Smith 1 AST)",null,null,"49 - 47","-2"],["0041400232",262,1,1,2,"10:34 PM","4:48",null,null,"Redick  3PT Jump Shot (5 PTS)","52 - 47","-5"],["0041400232",263,1,46,2,"10:34 PM","4:36","Terry 7' Running Jump Shot (4 PTS)",null,null,"52 - 49","-3"],["0041400232",264,2,1,2,"10:34 PM","4:21",null,null,"MISS Crawford 16' Jump Shot",null,null],["0041400232",265,4,0,2,"10:34 PM","4:20","ROCKETS Rebound",null,null,null,null],["0041400232",266,9,4,2,"10:34 PM","4:20",null,null,null,null,null],["0041400232",268,8,0,2,"10:37 PM","4:20",null,null,"SUB: Barnes FOR Crawford",null,null],["0041400232",269,8,0,2,"10:37 PM","4:20","SUB: Capela FOR Howard",null,null,null,null],["0041400232",270,2,1,2,"10:38 PM","3:58","MISS Smith 16' Jump Shot",null,null,null,null],["0041400232",271,4,0,2,"10:38 PM","3:58",null,null,"Clippers Rebound",null,null],["0041400232",272,2,1,2,"10:39 PM","3:40",null,null,"MISS Rivers 26' 3PT Jump Shot",null,null],["0041400232",273,4,0,2,"10:39 PM","3:39",null,null,"Jordan REBOUND (Off:2 Def:5)",null,null],["0041400232",274,6,1,2,"10:39 PM","3:39","Capela P.FOUL (P1.PN) (J.Crawford)",null,null,null,null],["0041400232",275,3,11,2,"10:39 PM","3:39",null,null,"Jordan Free Throw 1 of 2 (7 PTS)","53 - 49","-4"],["0041400232",277,3,12,2,"10:39 PM","3:39",null,null,"Jordan Free Throw 2 of 2 (8 PTS)","54 - 49","-5"],["0041400232",279,2,1,2,"10:40 PM","3:21","MISS Harden 27' 3PT Jump Shot",null,null,null,null],["0041400232",280,4,0,2,"10:40 PM","3:20",null,null,"Griffin REBOUND (Off:0 Def:4)",null,null],["0041400232",281,1,42,2,"10:40 PM","3:02",null,null,"Griffin 1' Driving Layup (24 PTS)","56 - 49","-7"],["0041400232",282,5,1,2,"10:41 PM","2:51","Harden Bad Pass Turnover (P4.T9)",null,"Barnes STEAL (2 STL)",null,null],["0041400232",283,5,1,2,"10:41 PM","2:49",null,null,"Barnes Bad Pass Turnover (P1.T4)",null,null],["0041400232",284,9,1,2,"10:41 PM","2:49",null,null,"Clippers Timeout: Regular (Reg.2 Short 0)",null,null],["0041400232",287,8,0,2,"10:43 PM","2:49","SUB: Howard FOR Smith",null,null,null,null],["0041400232",288,8,0,2,"10:43 PM","2:49","SUB: Jones FOR Capela",null,null,null,null],["0041400232",289,1,66,2,"10:44 PM","2:34","Jones 6' Jump Bank Shot (2 PTS) (Harden 6 AST)",null,null,"56 - 51","-5"],["0041400232",290,1,52,2,"10:44 PM","2:19",null,null,"Jordan  Alley Oop Dunk (10 PTS) (Griffin 2 AST)","58 - 51","-7"],["0041400232",291,2,1,2,"10:44 PM","2:05","MISS Terry  3PT Jump Shot",null,null,null,null],["0041400232",292,4,0,2,"10:44 PM","2:03","Howard REBOUND (Off:2 Def:7)",null,null,null,null],["0041400232",293,6,2,2,"10:44 PM","2:03",null,null,"Redick S.FOUL (P2.T3) (J.Crawford)",null,null],["0041400232",294,3,11,2,"10:45 PM","2:03","Howard Free Throw 1 of 2 (15 PTS)",null,null,"58 - 52","-6"],["0041400232",296,8,0,2,"10:45 PM","2:03",null,null,"SUB: Crawford FOR Rivers",null,null],["0041400232",297,8,0,2,"10:45 PM","2:03",null,null,"SUB: Davis FOR Jordan",null,null],["0041400232",298,3,12,2,"10:45 PM","2:03","MISS Howard Free Throw 2 of 2",null,null,null,null],["0041400232",300,4,0,2,"10:45 PM","2:03",null,null,"Griffin REBOUND (Off:0 Def:5)",null,null],["0041400232",301,1,58,2,"10:46 PM","1:39",null,null,"Griffin 8' Turnaround Hook Shot (26 PTS)","60 - 52","-8"],["0041400232",302,6,1,2,"10:46 PM","1:30",null,null,"Davis P.FOUL (P2.T4) (J.Crawford)",null,null],["0041400232",303,2,1,2,"10:46 PM","1:20","MISS Jones 20' Jump Shot",null,null,null,null],["0041400232",304,4,0,2,"10:46 PM","1:20",null,null,"Barnes REBOUND (Off:0 Def:3)",null,null],["0041400232",305,2,1,2,"10:46 PM","1:06",null,null,"MISS Crawford 26' 3PT Jump Shot",null,null],["0041400232",306,4,0,2,"10:46 PM","1:05","Terry REBOUND (Off:0 Def:2)",null,null,null,null],["0041400232",307,6,26,2,"10:47 PM","0:57","Harden Offensive Charge Foul (P2.PN) (Z.Zarba)",null,null,null,null],["0041400232",308,5,5,2,"10:47 PM","0:57","Harden Foul Turnover (P5.T10)",null,null,null,null],["0041400232",309,1,79,2,"10:47 PM","0:39",null,null,"Redick 25' 3PT Pullup Jump Shot (8 PTS) (Griffin 3 AST)","63 - 52","-11"],["0041400232",310,1,1,2,"10:47 PM","0:30","Harden 28' 3PT Jump Shot (12 PTS)",null,null,"63 - 55","-8"],["0041400232",311,1,63,2,"10:48 PM","0:07",null,null,"Crawford 10' Fadeaway Jumper (6 PTS)","65 - 55","-10"],["0041400232",312,2,1,2,"10:48 PM","0:00","MISS Jones 4' Jump Shot",null,"Griffin BLOCK (1 BLK)",null,null],["0041400232",313,4,0,2,"10:48 PM","0:00","Howard REBOUND (Off:3 Def:7)",null,null,null,null],["0041400232",314,6,1,2,"10:48 PM","0:00",null,null,"Davis P.FOUL (P3.PN) (J.Crawford)",null,null],["0041400232",315,3,11,2,"10:48 PM","0:00","Howard Free Throw 1 of 2 (16 PTS)",null,null,"65 - 56","-9"],["0041400232",317,3,12,2,"10:48 PM","0:00","MISS Howard Free Throw 2 of 2",null,null,null,null],["0041400232",319,4,0,2,"10:49 PM","0:00","ROCKETS Rebound",null,null,null,null],["0041400232",320,13,0,2,"10:49 PM","0:00",null,null,null,"65 - 56","-9"],["0041400232",322,12,0,3,"11:07 PM","12:00",null,null,null,"65 - 56","-9"],["0041400232",323,2,1,3,"11:07 PM","11:35",null,null,"MISS Redick 21' Jump Shot",null,null],["0041400232",324,4,0,3,"11:07 PM","11:35",null,null,"Clippers Rebound",null,null],["0041400232",325,5,11,3,"11:07 PM","11:35",null,null,"Clippers Turnover: Shot Clock (T#5)",null,null],["0041400232",326,6,1,3,"11:08 PM","11:16",null,null,"Griffin P.FOUL (P1.T1) (J.Crawford)",null,null],["0041400232",327,6,2,3,"11:08 PM","11:07",null,null,"Griffin S.FOUL (P2.T2) (Z.Zarba)",null,null],["0041400232",328,3,11,3,"11:09 PM","11:07","MISS Howard Free Throw 1 of 2",null,null,null,null],["0041400232",329,4,1,3,"11:09 PM","11:07","ROCKETS Rebound",null,null,null,null],["0041400232",330,3,12,3,"11:09 PM","11:07","MISS Howard Free Throw 2 of 2",null,null,null,null],["0041400232",332,4,0,3,"11:09 PM","11:07","ROCKETS Rebound",null,null,null,null],["0041400232",333,2,80,3,"11:09 PM","10:57","MISS Harden 18' Step Back Jump Shot",null,null,null,null],["0041400232",334,4,0,3,"11:10 PM","10:56",null,null,"Griffin REBOUND (Off:0 Def:6)",null,null],["0041400232",335,6,2,3,"11:10 PM","10:49","Harden S.FOUL (P3.T1) (J.Crawford)",null,null,null,null],["0041400232",336,3,11,3,"11:10 PM","10:49",null,null,"Redick Free Throw 1 of 2 (9 PTS)","66 - 56","-10"],["0041400232",338,3,12,3,"11:10 PM","10:49",null,null,"Redick Free Throw 2 of 2 (10 PTS)","67 - 56","-11"],["0041400232",340,2,1,3,"11:11 PM","10:32","MISS Howard 4' Jump Shot",null,"Jordan BLOCK (2 BLK)",null,null],["0041400232",341,4,0,3,"11:11 PM","10:32","ROCKETS Rebound",null,null,null,null],["0041400232",342,6,4,3,"11:11 PM","10:32","Harden OFF.Foul (P4) (J.Crawford)",null,null,null,null],["0041400232",343,5,5,3,"11:11 PM","10:32","Harden Foul Turnover (P6.T11)",null,null,null,null],["0041400232",344,8,0,3,"11:11 PM","10:32","SUB: Brewer FOR Harden",null,null,null,null],["0041400232",345,1,42,3,"11:11 PM","10:30",null,null,"Griffin 2' Driving Layup (28 PTS) (Barnes 2 AST)","69 - 56","-13"],["0041400232",346,6,2,3,"11:11 PM","10:30","Howard S.FOUL (P3.T2) (D.Jones)",null,null,null,null],["0041400232",347,3,10,3,"11:12 PM","10:30",null,null,"MISS Griffin Free Throw 1 of 1",null,null],["0041400232",349,4,0,3,"11:12 PM","10:30","Jones REBOUND (Off:2 Def:1)",null,null,null,null],["0041400232",350,6,2,3,"11:12 PM","10:14",null,null,"Barnes S.FOUL (P2.T3) (Z.Zarba)",null,null],["0041400232",351,3,11,3,"11:13 PM","10:14","MISS Brewer Free Throw 1 of 2",null,null,null,null],["0041400232",352,4,1,3,"11:13 PM","10:14","ROCKETS Rebound",null,null,null,null],["0041400232",353,3,12,3,"11:13 PM","10:14","MISS Brewer Free Throw 2 of 2",null,null,null,null],["0041400232",355,4,0,3,"11:13 PM","10:14",null,null,"Jordan REBOUND (Off:2 Def:6)",null,null],["0041400232",356,2,1,3,"11:14 PM","9:53",null,null,"MISS Redick 24' 3PT Jump Shot",null,null],["0041400232",357,4,0,3,"11:14 PM","9:51",null,null,"Jordan REBOUND (Off:3 Def:6)",null,null],["0041400232",358,2,1,3,"11:14 PM","9:46",null,null,"MISS Barnes  3PT Jump Shot",null,null],["0041400232",359,4,0,3,"11:14 PM","9:45","Jones REBOUND (Off:2 Def:2)",null,null,null,null],["0041400232",360,6,1,3,"11:14 PM","9:39",null,null,"Jordan P.FOUL (P3.T4) (J.Crawford)",null,null],["0041400232",362,6,2,3,"11:14 PM","9:30",null,null,"Redick S.FOUL (P3.PN) (J.Crawford)",null,null],["0041400232",363,3,13,3,"11:14 PM","9:30","Ariza Free Throw 1 of 3 (5 PTS)",null,null,"69 - 57","-12"],["0041400232",365,3,14,3,"11:15 PM","9:30","Ariza Free Throw 2 of 3 (6 PTS)",null,null,"69 - 58","-11"],["0041400232",367,3,15,3,"11:15 PM","9:30","Ariza Free Throw 3 of 3 (7 PTS)",null,null,"69 - 59","-10"],["0041400232",369,2,80,3,"11:15 PM","9:23",null,null,"MISS Barnes 25' 3PT Step Back Jump Shot",null,null],["0041400232",370,4,0,3,"11:15 PM","9:20","Ariza REBOUND (Off:2 Def:3)",null,null,null,null],["0041400232",371,1,49,3,"11:15 PM","9:18","Jones  Driving Dunk (4 PTS) (Ariza 2 AST)",null,null,"69 - 61","-8"],["0041400232",372,1,42,3,"11:16 PM","9:03",null,null,"Rivers 2' Driving Layup (3 PTS)","71 - 61","-10"],["0041400232",373,2,1,3,"11:16 PM","8:42","MISS Jones 8' Jump Shot",null,null,null,null],["0041400232",374,4,0,3,"11:16 PM","8:42",null,null,"Clippers Rebound",null,null],["0041400232",375,6,3,3,"11:16 PM","8:42","Ariza L.B.FOUL (P3.T3) (Z.Zarba)",null,null,null,null],["0041400232",376,18,0,3,"11:17 PM","8:42",null,null,null,null,null],["0041400232",378,2,80,3,"11:18 PM","8:24",null,null,"MISS Griffin 20' Step Back Jump Shot",null,null],["0041400232",379,4,0,3,"11:18 PM","8:23","Ariza REBOUND (Off:2 Def:4)",null,null,null,null],["0041400232",380,2,1,3,"11:18 PM","8:16","MISS Jones 15' Jump Shot",null,null,null,null],["0041400232",381,4,0,3,"11:18 PM","8:15","Howard REBOUND (Off:4 Def:7)",null,null,null,null],["0041400232",382,1,87,3,"11:18 PM","8:12","Howard  Putback Dunk (18 PTS)",null,null,"71 - 63","-8"],["0041400232",383,2,42,3,"11:18 PM","7:55","Jones BLOCK (1 BLK)",null,"MISS Rivers 2' Driving Layup",null,null],["0041400232",384,4,0,3,"11:18 PM","7:54","Ariza REBOUND (Off:2 Def:5)",null,null,null,null],["0041400232",385,1,79,3,"11:18 PM","7:35","Terry 17' Pullup Jump Shot (6 PTS) (Howard 2 AST)",null,null,"71 - 65","-6"],["0041400232",386,9,1,3,"11:18 PM","7:34",null,null,"Clippers Timeout: Regular (Reg.3 Short 0)",null,null],["0041400232",390,6,1,3,"11:22 PM","7:22","Howard P.FOUL (P4.T4) (J.Crawford)",null,null,null,null],["0041400232",391,5,1,3,"11:23 PM","7:12","Jones STEAL (1 STL)",null,"Griffin Bad Pass Turnover (P1.T6)",null,null],["0041400232",392,6,2,3,"11:23 PM","7:10",null,null,"Griffin S.FOUL (P3.PN) (J.Crawford)",null,null],["0041400232",393,3,11,3,"11:23 PM","7:10","Jones Free Throw 1 of 2 (5 PTS)",null,null,"71 - 66","-5"],["0041400232",395,3,12,3,"11:23 PM","7:10","Jones Free Throw 2 of 2 (6 PTS)",null,null,"71 - 67","-4"],["0041400232",398,8,0,3,"11:24 PM","6:53",null,null,"SUB: Crawford FOR Rivers",null,null],["0041400232",400,7,2,3,"11:24 PM","6:52","Howard Violation:Defensive Goaltending (Z.Zarba)",null,null,null,null],["0041400232",399,1,5,3,"11:24 PM","6:52",null,null,"Redick 1' Layup (12 PTS) (Barnes 3 AST)","73 - 67","-6"],["0041400232",401,1,78,3,"11:24 PM","6:41","Jones 8' Floating Jump Shot (8 PTS) (Howard 3 AST)",null,null,"73 - 69","-4"],["0041400232",402,2,79,3,"11:25 PM","6:18",null,null,"MISS Crawford 26' 3PT Pullup Jump Shot",null,null],["0041400232",403,4,0,3,"11:25 PM","6:17","Howard REBOUND (Off:4 Def:8)",null,null,null,null],["0041400232",404,6,2,3,"11:25 PM","6:13",null,null,"Barnes S.FOUL (P3.PN) (Z.Zarba)",null,null],["0041400232",405,3,11,3,"11:25 PM","6:13","MISS Brewer Free Throw 1 of 2",null,null,null,null],["0041400232",406,4,1,3,"11:25 PM","6:13","ROCKETS Rebound",null,null,null,null],["0041400232",407,8,0,3,"11:25 PM","6:13",null,null,"SUB: Hudson FOR Barnes",null,null],["0041400232",408,3,12,3,"11:25 PM","6:13","Brewer Free Throw 2 of 2 (7 PTS)",null,null,"73 - 70","-3"],["0041400232",410,2,1,3,"11:26 PM","5:52","Howard BLOCK (2 BLK)",null,"MISS Crawford 10' Jump Shot",null,null],["0041400232",411,4,0,3,"11:26 PM","5:52",null,null,"Clippers Rebound",null,null],["0041400232",413,6,2,3,"11:26 PM","5:50","Jones S.FOUL (P3.PN) (D.Jones)",null,null,null,null],["0041400232",414,3,11,3,"11:27 PM","5:50",null,null,"Jordan Free Throw 1 of 2 (11 PTS)","74 - 70","-4"],["0041400232",416,3,12,3,"11:27 PM","5:50",null,null,"Jordan Free Throw 2 of 2 (12 PTS)","75 - 70","-5"],["0041400232",418,2,1,3,"11:28 PM","5:34","MISS Ariza 18' Jump Shot",null,null,null,null],["0041400232",419,4,0,3,"11:28 PM","5:33",null,null,"Jordan REBOUND (Off:3 Def:7)",null,null],["0041400232",420,5,1,3,"11:28 PM","5:17","Howard STEAL (1 STL)",null,"Griffin Bad Pass Turnover (P2.T7)",null,null],["0041400232",421,6,2,3,"11:28 PM","5:08",null,null,"Hudson S.FOUL (P3.PN) (D.Jones)",null,null],["0041400232",422,3,11,3,"11:28 PM","5:08","Terry Free Throw 1 of 2 (7 PTS)",null,null,"75 - 71","-4"],["0041400232",424,3,12,3,"11:28 PM","5:08","Terry Free Throw 2 of 2 (8 PTS)",null,null,"75 - 72","-3"],["0041400232",426,2,1,3,"11:29 PM","4:52",null,null,"MISS Crawford 26' 3PT Jump Shot",null,null],["0041400232",427,4,0,3,"11:29 PM","4:50",null,null,"Jordan REBOUND (Off:4 Def:7)",null,null],["0041400232",428,1,8,3,"11:29 PM","4:49",null,null,"Jordan  Slam Dunk (14 PTS)","77 - 72","-5"],["0041400232",429,6,1,3,"11:29 PM","4:37",null,null,"Jordan P.FOUL (P4.PN) (Z.Zarba)",null,null],["0041400232",430,3,11,3,"11:30 PM","4:37","MISS Howard Free Throw 1 of 2",null,null,null,null],["0041400232",431,4,1,3,"11:30 PM","4:37","ROCKETS Rebound",null,null,null,null],["0041400232",432,8,0,3,"11:30 PM","4:37","SUB: Smith FOR Jones",null,null,null,null],["0041400232",433,8,0,3,"11:30 PM","4:37",null,null,"SUB: Davis FOR Jordan",null,null],["0041400232",434,3,12,3,"11:30 PM","4:37","Howard Free Throw 2 of 2 (19 PTS)",null,null,"77 - 73","-4"],["0041400232",436,6,1,3,"11:31 PM","4:26","Smith P.FOUL (P2.PN) (J.Crawford)",null,null,null,null],["0041400232",437,3,11,3,"11:31 PM","4:26",null,null,"Griffin Free Throw 1 of 2 (29 PTS)","78 - 73","-5"],["0041400232",439,8,0,3,"11:31 PM","4:26",null,null,"SUB: Udoh FOR Davis",null,null],["0041400232",441,8,0,3,"11:31 PM","4:26","SUB: Jones FOR Howard",null,null,null,null],["0041400232",442,3,12,3,"11:32 PM","4:26",null,null,"Griffin Free Throw 2 of 2 (30 PTS)","79 - 73","-6"],["0041400232",445,6,28,3,"11:32 PM","4:24",null,null,"Udoh Personal Take Foul (P1.PN) (D.Jones)",null,null],["0041400232",446,3,11,3,"11:32 PM","4:24","Smith Free Throw 1 of 2 (8 PTS)",null,null,"79 - 74","-5"],["0041400232",448,8,0,3,"11:33 PM","4:24",null,null,"SUB: Davis FOR Udoh",null,null],["0041400232",449,3,12,3,"11:33 PM","4:24","MISS Smith Free Throw 2 of 2",null,null,null,null],["0041400232",451,4,0,3,"11:33 PM","4:24",null,null,"Griffin REBOUND (Off:0 Def:7)",null,null],["0041400232",452,1,42,3,"11:33 PM","4:08",null,null,"Crawford 4' Driving Layup (8 PTS)","81 - 74","-7"],["0041400232",453,2,3,3,"11:33 PM","3:52","MISS Smith 6' Hook Shot",null,null,null,null],["0041400232",454,4,0,3,"11:33 PM","3:51",null,null,"Griffin REBOUND (Off:0 Def:8)",null,null],["0041400232",455,2,1,3,"11:34 PM","3:30",null,null,"MISS Griffin 22' Jump Shot",null,null],["0041400232",456,4,0,3,"11:34 PM","3:29","Ariza REBOUND (Off:2 Def:6)",null,null,null,null],["0041400232",457,1,42,3,"11:34 PM","3:21","Brewer 3' Driving Layup (9 PTS)",null,null,"81 - 76","-5"],["0041400232",458,1,75,3,"11:34 PM","3:14",null,null,"Crawford 2' Driving Finger Roll Layup (10 PTS)","83 - 76","-7"],["0041400232",459,1,46,3,"11:34 PM","2:59","Terry 8' Running Jump Shot (10 PTS)",null,null,"83 - 78","-5"],["0041400232",460,2,47,3,"11:35 PM","2:32","Jones BLOCK (2 BLK)",null,"MISS Griffin 19' Turnaround Jump Shot",null,null],["0041400232",461,4,0,3,"11:35 PM","2:30","Terry REBOUND (Off:0 Def:3)",null,null,null,null],["0041400232",462,2,1,3,"11:35 PM","2:23","MISS Terry 26' 3PT Jump Shot",null,null,null,null],["0041400232",463,4,0,3,"11:35 PM","2:22",null,null,"Crawford REBOUND (Off:1 Def:1)",null,null],["0041400232",465,1,84,3,"11:35 PM","2:08",null,null,"Crawford 12' Running Bank Shot (12 PTS)","85 - 78","-7"],["0041400232",466,9,1,3,"11:35 PM","2:07","ROCKETS Timeout: Regular (Full 3 Short 0)",null,null,null,null],["0041400232",468,8,0,3,"11:38 PM","2:07","SUB: Harden FOR Ariza",null,null,null,null],["0041400232",470,8,0,3,"11:38 PM","2:07",null,null,"SUB: Udoh FOR Davis",null,null],["0041400232",471,6,28,3,"11:38 PM","2:07",null,null,"Udoh Personal Take Foul (P2.PN) (D.Jones)",null,null],["0041400232",472,3,11,3,"11:39 PM","2:07","MISS Smith Free Throw 1 of 2",null,null,null,null],["0041400232",473,4,1,3,"11:39 PM","2:07","ROCKETS Rebound",null,null,null,null],["0041400232",474,8,0,3,"11:39 PM","2:07",null,null,"SUB: Davis FOR Udoh",null,null],["0041400232",475,3,12,3,"11:39 PM","2:07","MISS Smith Free Throw 2 of 2",null,null,null,null],["0041400232",477,4,0,3,"11:39 PM","2:07",null,null,"Griffin REBOUND (Off:0 Def:9)",null,null],["0041400232",478,2,78,3,"11:39 PM","1:53",null,null,"MISS Redick 10' Floating Jump Shot",null,null],["0041400232",479,4,0,3,"11:39 PM","1:52","Harden REBOUND (Off:0 Def:1)",null,null,null,null],["0041400232",480,6,1,3,"11:39 PM","1:48",null,null,"Hudson P.FOUL (P4.PN) (Z.Zarba)",null,null],["0041400232",481,3,11,3,"11:40 PM","1:48","Harden Free Throw 1 of 2 (13 PTS)",null,null,"85 - 79","-6"],["0041400232",483,8,0,3,"11:40 PM","1:48",null,null,"SUB: Turkoglu FOR Davis",null,null],["0041400232",484,8,0,3,"11:40 PM","1:48","SUB: Ariza FOR Smith",null,null,null,null],["0041400232",485,3,12,3,"11:40 PM","1:48","Harden Free Throw 2 of 2 (14 PTS)",null,null,"85 - 80","-5"],["0041400232",488,2,1,3,"11:41 PM","1:32","Jones BLOCK (3 BLK)",null,"MISS Hudson 7' Jump Shot",null,null],["0041400232",489,4,0,3,"11:41 PM","1:31","Ariza REBOUND (Off:2 Def:7)",null,null,null,null],["0041400232",490,6,2,3,"11:41 PM","1:25",null,null,"Turkoglu S.FOUL (P3.PN) (J.Crawford)",null,null],["0041400232",491,3,11,3,"11:41 PM","1:25","Harden Free Throw 1 of 2 (15 PTS)",null,null,"85 - 81","-4"],["0041400232",493,8,0,3,"11:41 PM","1:25",null,null,"SUB: Rivers FOR Hudson",null,null],["0041400232",494,3,12,3,"11:42 PM","1:25","Harden Free Throw 2 of 2 (16 PTS)",null,null,"85 - 82","-3"],["0041400232",496,2,1,3,"11:42 PM","1:15",null,null,"MISS Crawford 26' 3PT Jump Shot",null,null],["0041400232",497,4,0,3,"11:42 PM","1:13","Jones REBOUND (Off:2 Def:3)",null,null,null,null],["0041400232",498,2,1,3,"11:42 PM","1:04","MISS Ariza 25' 3PT Jump Shot",null,null,null,null],["0041400232",499,4,0,3,"11:42 PM","1:03",null,null,"Crawford REBOUND (Off:1 Def:2)",null,null],["0041400232",500,2,1,3,"11:42 PM","0:53",null,null,"MISS Turkoglu 20' Jump Shot",null,null],["0041400232",501,4,0,3,"11:42 PM","0:52","Jones REBOUND (Off:2 Def:4)",null,null,null,null],["0041400232",502,5,2,3,"11:43 PM","0:48","Harden Lost Ball Turnover (P7.T12)",null,"Turkoglu STEAL (1 STL)",null,null],["0041400232",503,10,0,3,"11:43 PM","0:46","Jump Ball Terry vs. Turkoglu: Tip to Harden",null,null,null,null],["0041400232",504,5,2,3,"11:43 PM","0:46","Terry STEAL (1 STL)",null,"Turkoglu Lost Ball Turnover (P1.T8)",null,null],["0041400232",505,6,2,3,"11:44 PM","0:35",null,null,"Turkoglu S.FOUL (P4.PN) (J.Crawford)",null,null],["0041400232",506,3,11,3,"11:44 PM","0:35","Ariza Free Throw 1 of 2 (8 PTS)",null,null,"85 - 83","-2"],["0041400232",508,8,0,3,"11:44 PM","0:35",null,null,"SUB: Barnes FOR Turkoglu",null,null],["0041400232",509,3,12,3,"11:44 PM","0:35","MISS Ariza Free Throw 2 of 2",null,null,null,null],["0041400232",511,4,0,3,"11:45 PM","0:35",null,null,"Griffin REBOUND (Off:0 Def:10)",null,null],["0041400232",512,2,42,3,"11:45 PM","0:27",null,null,"MISS Crawford 2' Driving Layup",null,null],["0041400232",513,4,0,3,"11:45 PM","0:26",null,null,"Crawford REBOUND (Off:2 Def:2)",null,null],["0041400232",514,2,79,3,"11:45 PM","0:03",null,null,"MISS Crawford 26' 3PT Pullup Jump Shot",null,null],["0041400232",515,4,0,3,"11:45 PM","0:01","Brewer REBOUND (Off:1 Def:1)",null,null,null,null],["0041400232",516,2,46,3,"11:45 PM","0:00","MISS Brewer 39' 3PT Running Jump Shot",null,null,null,null],["0041400232",517,4,0,3,"11:45 PM","0:00","ROCKETS Rebound",null,null,null,null],["0041400232",518,13,0,3,"11:45 PM","0:00",null,null,null,"85 - 83","-2"],["0041400232",520,12,0,4,"11:49 PM","12:00",null,null,null,"85 - 83","-2"],["0041400232",521,6,1,4,"11:49 PM","11:54",null,null,"Rivers P.FOUL (P3.T1) (D.Jones)",null,null],["0041400232",523,6,1,4,"11:55 PM","11:44",null,null,"Barnes P.FOUL (P4.T2) (Z.Zarba)",null,null],["0041400232",524,2,80,4,"11:56 PM","11:30","MISS Harden 26' 3PT Step Back Jump Shot",null,null,null,null],["0041400232",525,4,0,4,"11:56 PM","11:28","Ariza REBOUND (Off:3 Def:7)",null,null,null,null],["0041400232",526,1,5,4,"11:56 PM","11:27","Ariza 3' Layup (10 PTS)",null,null,"85 - 85","TIE"],["0041400232",527,1,1,4,"11:56 PM","11:00",null,null,"Crawford 25' 3PT Jump Shot (15 PTS)","88 - 85","-3"],["0041400232",528,6,2,4,"11:57 PM","10:46",null,null,"Rivers S.FOUL (P4.T3) (J.Crawford)",null,null],["0041400232",529,3,11,4,"11:57 PM","10:46","Harden Free Throw 1 of 2 (17 PTS)",null,null,"88 - 86","-2"],["0041400232",531,8,0,4,"11:57 PM","10:46",null,null,"SUB: Redick FOR Rivers",null,null],["0041400232",532,3,12,4,"11:57 PM","10:46","Harden Free Throw 2 of 2 (18 PTS)",null,null,"88 - 87","-1"],["0041400232",534,5,1,4,"11:58 PM","10:33","Harden STEAL (1 STL)",null,"Redick Bad Pass Turnover (P1.T9)",null,null],["0041400232",535,1,1,4,"11:58 PM","10:26","Ariza 25' 3PT Jump Shot (13 PTS) (Prigioni 3 AST)",null,null,"88 - 90","2"],["0041400232",536,10,0,4,"11:59 PM","10:04","Jump Ball Brewer vs. Griffin: Tip to",null,null,null,null],["0041400232",537,2,78,4,"11:59 PM","9:56",null,null,"MISS Crawford 7' Floating Jump Shot",null,null],["0041400232",538,4,0,4,"11:59 PM","9:55","Harden REBOUND (Off:0 Def:2)",null,null,null,null],["0041400232",539,1,1,4,"11:59 PM","9:45","Harden 24' 3PT Jump Shot (21 PTS) (Prigioni 4 AST)",null,null,"88 - 93","5"],["0041400232",540,9,1,4,"12:00 AM","9:45",null,null,"Clippers Timeout: Regular (Reg.4 Short 0)",null,null],["0041400232",543,6,2,4,"12:03 AM","9:32","Ariza S.FOUL (P4.T1) (J.Crawford)",null,null,null,null],["0041400232",544,3,11,4,"12:03 AM","9:32",null,null,"Griffin Free Throw 1 of 2 (31 PTS)","89 - 93","4"],["0041400232",546,3,12,4,"12:03 AM","9:32",null,null,"MISS Griffin Free Throw 2 of 2",null,null],["0041400232",548,4,0,4,"12:04 AM","9:32","Ariza REBOUND (Off:3 Def:8)",null,null,null,null],["0041400232",549,5,1,4,"12:04 AM","9:22","Prigioni Bad Pass Turnover (P1.T13)",null,"Griffin STEAL (1 STL)",null,null],["0041400232",550,6,26,4,"12:04 AM","9:18",null,null,"Redick Offensive Charge Foul (P4.T4) (D.Jones)",null,null],["0041400232",551,5,5,4,"12:04 AM","9:18",null,null,"Redick Foul Turnover (P2.T10)",null,null],["0041400232",552,1,42,4,"12:05 AM","8:56","Ariza 2' Driving Layup (15 PTS) (Harden 7 AST)",null,null,"89 - 95","6"],["0041400232",553,2,78,4,"12:05 AM","8:36",null,null,"MISS Griffin 13' Floating Jump Shot",null,null],["0041400232",554,4,0,4,"12:05 AM","8:35","Howard REBOUND (Off:4 Def:9)",null,null,null,null],["0041400232",555,1,79,4,"12:05 AM","8:27","Harden 25' 3PT Pullup Jump Shot (24 PTS)",null,null,"89 - 98","9"],["0041400232",556,1,79,4,"12:05 AM","8:10",null,null,"Crawford 19' Pullup Jump Shot (17 PTS)","91 - 98","7"],["0041400232",557,2,1,4,"12:06 AM","7:55","MISS Ariza 25' 3PT Jump Shot",null,null,null,null],["0041400232",558,4,0,4,"12:06 AM","7:54",null,null,"Crawford REBOUND (Off:2 Def:3)",null,null],["0041400232",559,2,7,4,"12:06 AM","7:40","Howard BLOCK (3 BLK)",null,"MISS Griffin  Dunk",null,null],["0041400232",560,4,0,4,"12:06 AM","7:38","Howard REBOUND (Off:4 Def:10)",null,null,null,null],["0041400232",561,6,29,4,"12:06 AM","7:36",null,null,"Redick Shooting Block Foul (P5.PN) (J.Crawford)",null,null],["0041400232",562,3,11,4,"12:06 AM","7:36","Brewer Free Throw 1 of 2 (10 PTS)",null,null,"91 - 99","8"],["0041400232",564,8,0,4,"12:07 AM","7:36",null,null,"SUB: Rivers FOR Jordan",null,null],["0041400232",565,3,12,4,"12:07 AM","7:36","Brewer Free Throw 2 of 2 (11 PTS)",null,null,"91 - 100","9"],["0041400232",567,2,79,4,"12:07 AM","7:24",null,null,"MISS Crawford 15' Pullup Jump Shot",null,null],["0041400232",568,4,0,4,"12:07 AM","7:23","Howard REBOUND (Off:4 Def:11)",null,null,null,null],["0041400232",569,10,0,4,"12:08 AM","7:15","Jump Ball Harden vs. Griffin: Tip to Ariza",null,null,null,null],["0041400232",570,2,5,4,"12:08 AM","6:58","MISS Harden 2' Layup",null,null,null,null],["0041400232",571,4,0,4,"12:08 AM","6:57",null,null,"Griffin REBOUND (Off:0 Def:11)",null,null],["0041400232",572,1,79,4,"12:08 AM","6:51",null,null,"Rivers 25' 3PT Pullup Jump Shot (6 PTS) (Griffin 4 AST)","94 - 100","6"],["0041400232",573,6,28,4,"12:08 AM","6:45",null,null,"Crawford Personal Take Foul (P1.PN) (J.Crawford)",null,null],["0041400232",574,3,11,4,"12:09 AM","6:45","Howard Free Throw 1 of 2 (20 PTS)",null,null,"94 - 101","7"],["0041400232",576,3,12,4,"12:09 AM","6:45","MISS Howard Free Throw 2 of 2",null,null,null,null],["0041400232",578,4,0,4,"12:09 AM","6:45",null,null,"Griffin REBOUND (Off:0 Def:12)",null,null],["0041400232",580,1,42,4,"12:09 AM","6:28",null,null,"Rivers 3' Driving Layup (8 PTS) (Barnes 4 AST)","96 - 101","5"],["0041400232",581,6,28,4,"12:10 AM","6:20",null,null,"Crawford Personal Take Foul (P2.PN) (Z.Zarba)",null,null],["0041400232",582,3,11,4,"12:10 AM","6:20","Howard Free Throw 1 of 2 (21 PTS)",null,null,"96 - 102","6"],["0041400232",584,3,12,4,"12:10 AM","6:20","Howard Free Throw 2 of 2 (22 PTS)",null,null,"96 - 103","7"],["0041400232",586,6,1,4,"12:10 AM","6:18","Prigioni P.FOUL (P2.T2) (J.Crawford)",null,null,null,null],["0041400232",587,8,0,4,"12:11 AM","6:18","SUB: Jones FOR Howard",null,null,null,null],["0041400232",588,2,1,4,"12:11 AM","6:09",null,null,"MISS Barnes 25' 3PT Jump Shot",null,null],["0041400232",589,4,0,4,"12:11 AM","6:07","Jones REBOUND (Off:2 Def:5)",null,null,null,null],["0041400232",590,5,2,4,"12:11 AM","5:53","Jones Lost Ball Turnover (P2.T14)",null,"Crawford STEAL (1 STL)",null,null],["0041400232",591,5,40,4,"12:11 AM","5:49",null,null,"Griffin Out of Bounds Lost Ball Turnover (P3.T11)",null,null],["0041400232",592,9,4,4,"12:11 AM","5:49",null,null,null,null,null],["0041400232",596,10,0,4,"12:15 AM","5:31","Jump Ball Brewer vs. Griffin: Tip to Jones",null,null,null,null],["0041400232",597,1,8,4,"12:15 AM","5:27","Jones  Slam Dunk (10 PTS)",null,null,"96 - 105","9"],["0041400232",598,2,79,4,"12:16 AM","5:00",null,null,"MISS Barnes 25' 3PT Pullup Jump Shot",null,null],["0041400232",599,4,0,4,"12:16 AM","4:59","Ariza REBOUND (Off:3 Def:9)",null,null,null,null],["0041400232",600,2,1,4,"12:16 AM","4:47","MISS Brewer  3PT Jump Shot",null,null,null,null],["0041400232",601,4,0,4,"12:16 AM","4:46","Harden REBOUND (Off:1 Def:2)",null,null,null,null],["0041400232",602,6,2,4,"12:16 AM","4:45",null,null,"Rivers S.FOUL (P5.PN) (D.Jones)",null,null],["0041400232",603,3,11,4,"12:16 AM","4:45","Harden Free Throw 1 of 2 (25 PTS)",null,null,"96 - 106","10"],["0041400232",605,3,12,4,"12:17 AM","4:45","Harden Free Throw 2 of 2 (26 PTS)",null,null,"96 - 107","11"],["0041400232",608,6,1,4,"12:17 AM","4:33","Prigioni P.FOUL (P3.T3) (J.Crawford)",null,null,null,null],["0041400232",609,6,2,4,"12:18 AM","4:31","Jones S.FOUL (P4.T4) (D.Jones)",null,null,null,null],["0041400232",610,3,11,4,"12:18 AM","4:31",null,null,"MISS Griffin Free Throw 1 of 2",null,null],["0041400232",611,4,1,4,"12:18 AM","4:31",null,null,"Clippers Rebound",null,null],["0041400232",612,3,12,4,"12:18 AM","4:31",null,null,"Griffin Free Throw 2 of 2 (32 PTS)","97 - 107","10"],["0041400232",614,2,80,4,"12:19 AM","4:09","MISS Harden 20' Step Back Jump Shot",null,null,null,null],["0041400232",615,4,0,4,"12:19 AM","4:08","Jones REBOUND (Off:3 Def:5)",null,null,null,null],["0041400232",616,1,42,4,"12:19 AM","3:57","Harden 1' Driving Layup (28 PTS)",null,null,"97 - 109","12"],["0041400232",617,1,42,4,"12:19 AM","3:47",null,null,"Rivers 2' Driving Layup (10 PTS)","99 - 109","10"],["0041400232",618,2,63,4,"12:20 AM","3:26","MISS Ariza 9' Fadeaway Jumper",null,null,null,null],["0041400232",619,4,0,4,"12:20 AM","3:23",null,null,"Griffin REBOUND (Off:0 Def:13)",null,null],["0041400232",620,6,1,4,"12:20 AM","3:17","Prigioni P.FOUL (P4.PN) (Z.Zarba)",null,null,null,null],["0041400232",621,3,11,4,"12:20 AM","3:17",null,null,"Barnes Free Throw 1 of 2 (3 PTS)","100 - 109","9"],["0041400232",623,8,0,4,"12:20 AM","3:17",null,null,"SUB: Jordan FOR Griffin",null,null],["0041400232",624,3,12,4,"12:20 AM","3:17",null,null,"Barnes Free Throw 2 of 2 (4 PTS)","101 - 109","8"],["0041400232",626,9,1,4,"12:21 AM","3:17","ROCKETS Timeout: Regular (Full 4 Short 0)",null,null,null,null],["0041400232",629,2,1,4,"12:24 AM","2:54","MISS Harden 26' 3PT Jump Shot",null,null,null,null],["0041400232",630,4,0,4,"12:25 AM","2:53",null,null,"Jordan REBOUND (Off:4 Def:8)",null,null],["0041400232",631,6,28,4,"12:25 AM","2:52","Brewer Personal Take Foul (P3.PN) (Z.Zarba)",null,null,null,null],["0041400232",632,3,11,4,"12:25 AM","2:52",null,null,"MISS Jordan Free Throw 1 of 2",null,null],["0041400232",633,4,1,4,"12:25 AM","2:52",null,null,"Clippers Rebound",null,null],["0041400232",634,3,12,4,"12:25 AM","2:52",null,null,"MISS Jordan Free Throw 2 of 2",null,null],["0041400232",636,4,0,4,"12:26 AM","2:52","Ariza REBOUND (Off:3 Def:10)",null,null,null,null],["0041400232",638,2,1,4,"12:26 AM","2:30","MISS Prigioni 26' 3PT Jump Shot",null,null,null,null],["0041400232",639,4,0,4,"12:26 AM","2:29",null,null,"Barnes REBOUND (Off:0 Def:4)",null,null],["0041400232",640,9,1,4,"12:26 AM","2:28",null,null,"Clippers Timeout: Regular (Reg.5 Short 0)",null,null],["0041400232",642,8,0,4,"12:28 AM","2:28","SUB: Terry FOR Jones",null,null,null,null],["0041400232",643,8,0,4,"12:28 AM","2:28","SUB: Howard FOR Prigioni",null,null,null,null],["0041400232",644,8,0,4,"12:28 AM","2:28",null,null,"SUB: Griffin FOR Jordan",null,null],["0041400232",645,1,58,4,"12:28 AM","2:16",null,null,"Griffin 11' Turnaround Hook Shot (34 PTS)","103 - 109","6"],["0041400232",646,6,28,4,"12:29 AM","2:11",null,null,"Crawford Personal Take Foul (P3.PN) (D.Jones)",null,null],["0041400232",647,3,11,4,"12:29 AM","2:11","MISS Howard Free Throw 1 of 2",null,null,null,null],["0041400232",648,4,1,4,"12:29 AM","2:11","ROCKETS Rebound",null,null,null,null],["0041400232",649,3,12,4,"12:29 AM","2:11","MISS Howard Free Throw 2 of 2",null,null,null,null],["0041400232",651,4,0,4,"12:29 AM","2:11",null,null,"Griffin REBOUND (Off:0 Def:14)",null,null],["0041400232",652,2,1,4,"12:29 AM","1:57",null,null,"MISS Griffin 7' Jump Shot",null,null],["0041400232",653,4,0,4,"12:30 AM","1:57","ROCKETS Rebound",null,null,null,null],["0041400232",654,2,1,4,"12:30 AM","1:36","MISS Terry 25' 3PT Jump Shot",null,null,null,null],["0041400232",655,4,0,4,"12:30 AM","1:34",null,null,"Barnes REBOUND (Off:0 Def:5)",null,null],["0041400232",656,1,1,4,"12:30 AM","1:27",null,null,"Barnes 22' Jump Shot (6 PTS) (Rivers 2 AST)","105 - 109","4"],["0041400232",657,1,42,4,"12:30 AM","1:11","Harden 1' Driving Layup (30 PTS)",null,null,"105 - 111","6"],["0041400232",658,9,1,4,"12:31 AM","1:11",null,null,"Clippers Timeout: Regular (Reg.6 Short 0)",null,null],["0041400232",662,6,2,4,"12:33 AM","1:00","Terry S.FOUL (P1.PN) (J.Crawford)",null,null,null,null],["0041400232",663,3,11,4,"12:33 AM","1:00",null,null,"Crawford Free Throw 1 of 2 (18 PTS)","106 - 111","5"],["0041400232",665,3,12,4,"12:33 AM","1:00",null,null,"Crawford Free Throw 2 of 2 (19 PTS)","107 - 111","4"],["0041400232",667,2,78,4,"12:34 AM","0:42","MISS Brewer 11' Floating Jump Shot",null,null,null,null],["0041400232",668,4,0,4,"12:34 AM","0:41",null,null,"Barnes REBOUND (Off:0 Def:6)",null,null],["0041400232",669,5,40,4,"12:34 AM","0:37",null,null,"Rivers Out of Bounds Lost Ball Turnover (P1.T12)",null,null],["0041400232",671,6,1,4,"12:35 AM","0:16",null,null,"Griffin P.FOUL (P4.PN) (J.Crawford)",null,null],["0041400232",672,3,11,4,"12:35 AM","0:16","Howard Free Throw 1 of 2 (23 PTS)",null,null,"107 - 112","5"],["0041400232",674,8,0,4,"12:35 AM","0:16",null,null,"SUB: Jordan FOR Rivers",null,null],["0041400232",675,3,12,4,"12:36 AM","0:16","Howard Free Throw 2 of 2 (24 PTS)",null,null,"107 - 113","6"],["0041400232",677,9,2,4,"12:36 AM","0:16",null,null,"Clippers Timeout: Short (Reg.6 Short 1)",null,null],["0041400232",680,8,0,4,"12:37 AM","0:16","SUB: Jones FOR Terry",null,null,null,null],["0041400232",682,1,52,4,"12:37 AM","0:15",null,null,"Jordan  Alley Oop Dunk (16 PTS) (Barnes 5 AST)","109 - 113","4"],["0041400232",683,6,28,4,"12:38 AM","0:13",null,null,"Barnes Personal Take Foul (P5.PN) (Z.Zarba)",null,null],["0041400232",684,3,11,4,"12:38 AM","0:13","Harden Free Throw 1 of 2 (31 PTS)",null,null,"109 - 114","5"],["0041400232",686,8,0,4,"12:38 AM","0:13",null,null,"SUB: Rivers FOR Jordan",null,null],["0041400232",687,8,0,4,"12:38 AM","0:13","SUB: Prigioni FOR Jones",null,null,null,null],["0041400232",688,3,12,4,"12:39 AM","0:13","Harden Free Throw 2 of 2 (32 PTS)",null,null,"109 - 115","6"],["0041400232",691,2,7,4,"12:39 AM","0:07","Howard BLOCK (4 BLK)",null,"MISS Crawford  Dunk",null,null],["0041400232",692,4,0,4,"12:40 AM","0:06","Howard REBOUND (Off:4 Def:12)",null,null,null,null],["0041400232",693,6,1,4,"12:40 AM","0:06",null,null,"Barnes P.FOUL (P6.PN) (J.Crawford)",null,null],["0041400232",694,8,0,4,"12:40 AM","0:06",null,null,"SUB: Turkoglu FOR Barnes",null,null],["0041400232",695,3,11,4,"12:40 AM","0:06","MISS Howard Free Throw 1 of 2",null,null,null,null],["0041400232",696,4,1,4,"12:40 AM","0:06","ROCKETS Rebound",null,null,null,null],["0041400232",697,3,12,4,"12:41 AM","0:06","MISS Howard Free Throw 2 of 2",null,null,null,null],["0041400232",699,4,0,4,"12:41 AM","0:06",null,null,"Griffin REBOUND (Off:0 Def:15)",null,null],["0041400232",700,2,79,4,"12:41 AM","0:00",null,null,"MISS Griffin 26' 3PT Pullup Jump Shot",null,null],["0041400232",701,4,0,4,"12:41 AM","0:00",null,null,"Clippers Rebound",null,null],["0041400232",703,13,0,4,"12:41 AM","0:00",null,null,null,"109 - 115","6"]]},{"name":"AvailableVideo","headers":["VIDEO_AVAILABLE_FLAG"],"rowSet":[[1]]}]}