{"resource":"playbyplay","parameters":{"GameID":"0041400301","StartPeriod":0,"EndPeriod":14},"resultSets":[{"name":"PlayByPlay","headers":["GAME_ID","EVENTNUM","EVENTMSGTYPE","EVENTMSGACTIONTYPE","PERIOD","WCTIMESTRING","PCTIMESTRING","HOMEDESCRIPTION","NEUTRALDESCRIPTION","VISITORDESCRIPTION","SCORE","SCOREMARGIN"],"rowSet":[["0041400301",0,12,0,1,"8:34 PM","12:00",null,null,null,null,null],["0041400301",1,10,0,1,"8:34 PM","12:00","Jump Ball Horford vs. Mozgov: Tip to James",null,null,null,null],["0041400301",2,1,5,1,"8:34 PM","11:41",null,null,"Mozgov 1' Layup (2 PTS) (James 1 AST)","2 - 0","-2"],["0041400301",3,1,1,1,"8:35 PM","11:26","Teague 25' 3PT Jump Shot (3 PTS) (Millsap 1 AST)",null,null,"2 - 3","1"],["0041400301",4,2,1,1,"8:35 PM","11:06",null,null,"MISS Shumpert 24' 3PT Jump Shot",null,null],["0041400301",5,4,0,1,"8:35 PM","11:05",null,null,"Cavaliers Rebound",null,null],["0041400301",6,6,3,1,"8:35 PM","11:05","Millsap L.B.FOUL (P1.T1) (P.Fraher)",null,null,null,null],["0041400301",7,1,46,1,"8:36 PM","10:56",null,null,"James 5' Running Jump Shot (2 PTS)","4 - 3","-1"],["0041400301",8,1,42,1,"8:36 PM","10:39","Millsap 1' Driving Layup (2 PTS)",null,null,"4 - 5","1"],["0041400301",10,1,1,1,"8:36 PM","10:24",null,null,"Mozgov 18' Jump Shot (4 PTS) (Irving 1 AST)","6 - 5","-1"],["0041400301",11,2,1,1,"8:37 PM","9:59","MISS Carroll 25' 3PT Jump Shot",null,null,null,null],["0041400301",12,4,0,1,"8:37 PM","9:58",null,null,"Mozgov REBOUND (Off:0 Def:1)",null,null],["0041400301",13,2,86,1,"8:37 PM","9:39",null,null,"MISS Mozgov 11' Turnaround Fadeaway Shot",null,null],["0041400301",14,4,0,1,"8:37 PM","9:37",null,null,"Thompson REBOUND (Off:1 Def:0)",null,null],["0041400301",15,5,2,1,"8:37 PM","9:23","Teague STEAL (1 STL)",null,"Irving Lost Ball Turnover (P1.T1)",null,null],["0041400301",16,1,5,1,"8:37 PM","9:16","Horford 2' Layup (2 PTS) (Korver 1 AST)",null,null,"6 - 7","1"],["0041400301",17,2,1,1,"8:38 PM","8:50",null,null,"MISS James 21' Jump Shot",null,null],["0041400301",18,4,0,1,"8:38 PM","8:45","Millsap REBOUND (Off:0 Def:1)",null,null,null,null],["0041400301",19,1,1,1,"8:38 PM","8:39","Horford 15' Jump Shot (4 PTS) (Teague 1 AST)",null,null,"6 - 9","3"],["0041400301",21,5,39,1,"8:38 PM","8:21",null,null,"Shumpert Step Out of Bounds Turnover (P1.T2)",null,null],["0041400301",22,1,1,1,"8:39 PM","8:06","Korver 23' Jump Shot (2 PTS) (Horford 1 AST)",null,null,"6 - 11","5"],["0041400301",23,6,2,1,"8:39 PM","8:06",null,null,"Mozgov S.FOUL (P1.T1) (S.Foster)",null,null],["0041400301",24,3,10,1,"8:39 PM","8:06","Korver Free Throw 1 of 1 (3 PTS)",null,null,"6 - 12","6"],["0041400301",27,2,78,1,"8:39 PM","7:55",null,null,"MISS Thompson 7' Floating Jump Shot",null,null],["0041400301",29,4,0,1,"8:39 PM","7:54",null,null,"Mozgov REBOUND (Off:1 Def:1)",null,null],["0041400301",28,2,4,1,"8:39 PM","7:54",null,null,"MISS Mozgov  Tip Shot",null,null],["0041400301",30,4,0,1,"8:39 PM","7:52","Korver REBOUND (Off:0 Def:1)",null,null,null,null],["0041400301",31,2,1,1,"8:39 PM","7:46","MISS Teague 25' 3PT Jump Shot",null,null,null,null],["0041400301",32,4,0,1,"8:39 PM","7:45",null,null,"Mozgov REBOUND (Off:1 Def:2)",null,null],["0041400301",33,1,1,1,"8:39 PM","7:40",null,null,"Irving 24' 3PT Jump Shot (3 PTS) (James 2 AST)","9 - 12","3"],["0041400301",35,7,2,1,"8:40 PM","7:29",null,null,"Mozgov Violation:Defensive Goaltending (S.Foster)",null,null],["0041400301",34,1,42,1,"8:40 PM","7:29","Teague 2' Driving Layup (5 PTS)",null,null,"9 - 14","5"],["0041400301",37,2,1,1,"8:40 PM","7:07",null,null,"MISS Mozgov 20' Jump Shot",null,null],["0041400301",38,4,0,1,"8:40 PM","7:06","Korver REBOUND (Off:0 Def:2)",null,null,null,null],["0041400301",39,1,42,1,"8:41 PM","6:46","Carroll 4' Driving Layup (2 PTS) (Millsap 2 AST)",null,null,"9 - 16","7"],["0041400301",40,2,79,1,"8:41 PM","6:29",null,null,"MISS Shumpert 19' Pullup Jump Shot",null,null],["0041400301",41,4,0,1,"8:41 PM","6:27",null,null,"Mozgov REBOUND (Off:2 Def:2)",null,null],["0041400301",42,5,2,1,"8:41 PM","6:24","Carroll STEAL (1 STL)",null,"Irving Lost Ball Turnover (P2.T3)",null,null],["0041400301",45,8,0,1,"8:41 PM","6:21","SUB: Antic FOR Millsap",null,null,null,null],["0041400301",46,6,4,1,"8:42 PM","6:16","Horford OFF.Foul (P1) (S.Foster)",null,null,null,null],["0041400301",47,5,5,1,"8:42 PM","6:16","Horford Foul Turnover (P1.T1)",null,null,null,null],["0041400301",48,5,1,1,"8:42 PM","6:02",null,null,"Mozgov Bad Pass Turnover (P1.T4)",null,null],["0041400301",50,2,77,1,"8:43 PM","5:47","MISS Horford 6' Driving Jump Shot",null,null,null,null],["0041400301",51,4,0,1,"8:43 PM","5:43",null,null,"Mozgov REBOUND (Off:2 Def:3)",null,null],["0041400301",52,1,7,1,"8:43 PM","5:35",null,null,"Thompson  Dunk (2 PTS) (James 3 AST)","11 - 16","5"],["0041400301",53,6,2,1,"8:43 PM","5:35","Korver S.FOUL (P1.T2) (P.Fraher)",null,null,null,null],["0041400301",54,9,1,1,"8:43 PM","5:35","HAWKS Timeout: Regular (Full 1 Short 0)",null,null,null,null],["0041400301",56,8,0,1,"8:46 PM","5:35","SUB: Schroder FOR Korver",null,null,null,null],["0041400301",57,8,0,1,"8:46 PM","5:35",null,null,"SUB: Jones FOR Mozgov",null,null],["0041400301",58,8,0,1,"8:46 PM","5:35",null,null,"SUB: Smith FOR Shumpert",null,null],["0041400301",60,3,10,1,"8:46 PM","5:35",null,null,"Thompson Free Throw 1 of 1 (3 PTS)","12 - 16","4"],["0041400301",63,1,77,1,"8:47 PM","5:15","Teague 5' Driving Jump Shot (7 PTS)",null,null,"12 - 18","6"],["0041400301",64,2,1,1,"8:47 PM","4:53",null,null,"MISS Jones 24' 3PT Jump Shot",null,null],["0041400301",65,4,0,1,"8:47 PM","4:52","Antic REBOUND (Off:0 Def:1)",null,null,null,null],["0041400301",66,6,1,1,"8:47 PM","4:52",null,null,"James P.FOUL (P1.T2) (J.Phillips)",null,null],["0041400301",68,1,79,1,"8:48 PM","4:38","Teague 19' Pullup Jump Shot (9 PTS)",null,null,"12 - 20","8"],["0041400301",69,1,1,1,"8:48 PM","4:22",null,null,"Irving 24' 3PT Jump Shot (6 PTS) (James 4 AST)","15 - 20","5"],["0041400301",70,1,42,1,"8:48 PM","3:59","Schroder 2' Driving Layup (2 PTS)",null,null,"15 - 22","7"],["0041400301",71,6,1,1,"8:49 PM","3:44","Schroder P.FOUL (P1.T3) (S.Foster)",null,null,null,null],["0041400301",72,8,0,1,"8:49 PM","3:44","SUB: Bazemore FOR Teague",null,null,null,null],["0041400301",74,2,1,1,"8:49 PM","3:36",null,null,"MISS Irving 21' Jump Shot",null,null],["0041400301",75,4,0,1,"8:49 PM","3:34","Bazemore REBOUND (Off:0 Def:1)",null,null,null,null],["0041400301",76,2,1,1,"8:49 PM","3:25","MISS Antic 25' 3PT Jump Shot",null,null,null,null],["0041400301",77,4,0,1,"8:49 PM","3:23",null,null,"Irving REBOUND (Off:0 Def:1)",null,null],["0041400301",78,2,42,1,"8:50 PM","3:15",null,null,"MISS James 2' Driving Layup",null,null],["0041400301",79,4,0,1,"8:50 PM","3:14",null,null,"Thompson REBOUND (Off:2 Def:0)",null,null],["0041400301",80,2,72,1,"8:50 PM","3:12",null,null,"MISS Thompson 2' Putback Layup",null,null],["0041400301",81,4,0,1,"8:50 PM","3:11",null,null,"Thompson REBOUND (Off:3 Def:0)",null,null],["0041400301",82,6,4,1,"8:50 PM","3:04",null,null,"James OFF.Foul (P2) (J.Phillips)",null,null],["0041400301",83,5,5,1,"8:50 PM","3:04",null,null,"James Foul Turnover (P1.T5)",null,null],["0041400301",84,8,0,1,"8:50 PM","3:04",null,null,"SUB: Shumpert FOR James",null,null],["0041400301",85,6,2,1,"8:50 PM","2:55",null,null,"Jones S.FOUL (P1.T3) (S.Foster)",null,null],["0041400301",86,9,1,1,"8:51 PM","2:55",null,null,"Cavaliers Timeout: Regular (Reg.1 Short 0)",null,null],["0041400301",88,8,0,1,"8:54 PM","2:55","SUB: Millsap FOR Carroll",null,null,null,null],["0041400301",89,8,0,1,"8:54 PM","2:55","SUB: Korver FOR Horford",null,null,null,null],["0041400301",91,3,11,1,"8:54 PM","2:55","Schroder Free Throw 1 of 2 (3 PTS)",null,null,"15 - 23","8"],["0041400301",93,3,12,1,"8:54 PM","2:55","Schroder Free Throw 2 of 2 (4 PTS)",null,null,"15 - 24","9"],["0041400301",95,1,63,1,"8:55 PM","2:39",null,null,"Smith 20' Fadeaway Jumper (2 PTS) (Irving 2 AST)","17 - 24","7"],["0041400301",96,2,80,1,"8:55 PM","2:15","MISS Millsap 7' Step Back Jump Shot",null,null,null,null],["0041400301",97,4,0,1,"8:55 PM","2:14",null,null,"Thompson REBOUND (Off:3 Def:1)",null,null],["0041400301",99,7,2,1,"8:55 PM","2:08","Millsap Violation:Defensive Goaltending (P.Fraher)",null,null,null,null],["0041400301",98,1,73,1,"8:55 PM","2:08",null,null,"Shumpert 2' Driving Reverse Layup (2 PTS)","19 - 24","5"],["0041400301",100,6,2,1,"8:56 PM","1:54",null,null,"Smith S.FOUL (P1.T4) (P.Fraher)",null,null],["0041400301",101,3,11,1,"8:56 PM","1:54","MISS Millsap Free Throw 1 of 2",null,null,null,null],["0041400301",102,4,1,1,"8:56 PM","1:54","HAWKS Rebound",null,null,null,null],["0041400301",103,8,0,1,"8:56 PM","1:54","SUB: Horford FOR Antic",null,null,null,null],["0041400301",104,3,12,1,"8:56 PM","1:54","MISS Millsap Free Throw 2 of 2",null,null,null,null],["0041400301",106,4,0,1,"8:57 PM","1:52",null,null,"Shumpert REBOUND (Off:0 Def:1)",null,null],["0041400301",107,2,77,1,"8:57 PM","1:39",null,null,"MISS Irving 6' Driving Jump Shot",null,null],["0041400301",108,4,0,1,"8:57 PM","1:38",null,null,"Irving REBOUND (Off:1 Def:1)",null,null],["0041400301",109,2,72,1,"8:57 PM","1:36",null,null,"MISS Irving 1' Putback Layup",null,null],["0041400301",110,4,0,1,"8:57 PM","1:35",null,null,"Thompson REBOUND (Off:4 Def:1)",null,null],["0041400301",111,6,2,1,"8:57 PM","1:35","Horford S.FOUL (P2.T4) (S.Foster)",null,null,null,null],["0041400301",112,3,11,1,"8:57 PM","1:35",null,null,"MISS Thompson Free Throw 1 of 2",null,null],["0041400301",113,4,1,1,"8:57 PM","1:35",null,null,"Cavaliers Rebound",null,null],["0041400301",114,8,0,1,"8:57 PM","1:35","SUB: Muscala FOR Horford",null,null,null,null],["0041400301",115,3,12,1,"8:58 PM","1:35",null,null,"Thompson Free Throw 2 of 2 (4 PTS)","20 - 24","4"],["0041400301",119,2,1,1,"8:58 PM","1:11","MISS Schroder 26' 3PT Jump Shot",null,null,null,null],["0041400301",120,4,0,1,"8:59 PM","1:09",null,null,"Thompson REBOUND (Off:4 Def:2)",null,null],["0041400301",121,2,42,1,"8:59 PM","0:49","Muscala BLOCK (1 BLK)",null,"MISS Irving 1' Driving Layup",null,null],["0041400301",122,4,0,1,"8:59 PM","0:47","Bazemore REBOUND (Off:0 Def:2)",null,null,null,null],["0041400301",123,1,79,1,"8:59 PM","0:30","Millsap 17' Pullup Jump Shot (4 PTS) (Schroder 1 AST)",null,null,"20 - 26","6"],["0041400301",125,5,40,1,"9:00 PM","0:17",null,null,"Smith Out of Bounds Lost Ball Turnover (P1.T6)",null,null],["0041400301",126,8,0,1,"9:00 PM","0:17",null,null,"SUB: Dellavedova FOR Irving",null,null],["0041400301",127,8,0,1,"9:00 PM","0:17","SUB: Carroll FOR Bazemore",null,null,null,null],["0041400301",128,2,82,1,"9:00 PM","0:02","MISS Schroder 5' Driving Bank Shot",null,null,null,null],["0041400301",129,4,0,1,"9:00 PM","0:00",null,null,"Shumpert REBOUND (Off:0 Def:2)",null,null],["0041400301",130,2,46,1,"9:00 PM","0:00",null,null,"MISS Shumpert 40' 3PT Running Jump Shot",null,null],["0041400301",131,4,0,1,"9:00 PM","0:00",null,null,"Cavaliers Rebound",null,null],["0041400301",132,13,0,1,"9:01 PM","0:00",null,null,null,"20 - 26","6"],["0041400301",134,12,0,2,"9:04 PM","12:00",null,null,null,"20 - 26","6"],["0041400301",136,8,0,2,"9:05 PM","11:43","SUB: Carroll FOR Schroder",null,null,null,null],["0041400301",137,2,80,2,"9:05 PM","11:39","MISS Millsap 9' Step Back Jump Shot",null,null,null,null],["0041400301",139,4,0,2,"9:05 PM","11:38","Muscala REBOUND (Off:1 Def:0)",null,null,null,null],["0041400301",138,1,4,2,"9:05 PM","11:38","Muscala  Tip Shot (2 PTS)",null,null,"20 - 28","8"],["0041400301",140,1,1,2,"9:05 PM","11:22",null,null,"Smith 25' 3PT Jump Shot (5 PTS) (Dellavedova 1 AST)","23 - 28","5"],["0041400301",141,1,42,2,"9:06 PM","11:00","Millsap 2' Driving Layup (6 PTS) (Carroll 1 AST)",null,null,"23 - 30","7"],["0041400301",142,1,63,2,"9:06 PM","10:35",null,null,"James 19' Fadeaway Jumper (4 PTS)","25 - 30","5"],["0041400301",143,6,26,2,"9:07 PM","10:14","Korver Offensive Charge Foul (P2.T1) (S.Foster)",null,null,null,null],["0041400301",144,5,5,2,"9:07 PM","10:14","Korver Foul Turnover (P1.T2)",null,null,null,null],["0041400301",145,8,0,2,"9:07 PM","10:14","SUB: Horford FOR Millsap",null,null,null,null],["0041400301",146,8,0,2,"9:07 PM","10:14",null,null,"SUB: Mozgov FOR Thompson",null,null],["0041400301",147,1,79,2,"9:07 PM","9:58",null,null,"Smith 24' 3PT Pullup Jump Shot (8 PTS)","28 - 30","2"],["0041400301",148,6,4,2,"9:08 PM","9:49","Muscala OFF.Foul (P1) (J.Phillips)",null,null,null,null],["0041400301",149,5,5,2,"9:08 PM","9:49","Muscala Foul Turnover (P1.T3)",null,null,null,null],["0041400301",151,2,1,2,"9:08 PM","9:30",null,null,"MISS Dellavedova 25' 3PT Jump Shot",null,null],["0041400301",152,4,0,2,"9:08 PM","9:29","Korver REBOUND (Off:0 Def:3)",null,null,null,null],["0041400301",153,2,77,2,"9:08 PM","9:18","MISS Teague 10' Driving Jump Shot",null,null,null,null],["0041400301",154,4,0,2,"9:08 PM","9:16",null,null,"James REBOUND (Off:0 Def:1)",null,null],["0041400301",155,5,2,2,"9:08 PM","9:12","Teague STEAL (2 STL)",null,"James Lost Ball Turnover (P2.T7)",null,null],["0041400301",156,6,1,2,"9:09 PM","9:10",null,null,"Dellavedova P.FOUL (P1.T1) (S.Foster)",null,null],["0041400301",157,2,79,2,"9:09 PM","9:02","MISS Teague 19' Pullup Jump Shot",null,null,null,null],["0041400301",158,4,0,2,"9:09 PM","8:59",null,null,"Dellavedova REBOUND (Off:0 Def:1)",null,null],["0041400301",159,2,1,2,"9:09 PM","8:49",null,null,"MISS Dellavedova 26' 3PT Jump Shot",null,null],["0041400301",160,4,0,2,"9:09 PM","8:47","Korver REBOUND (Off:0 Def:4)",null,null,null,null],["0041400301",161,1,1,2,"9:09 PM","8:40","Carroll  3PT Jump Shot (5 PTS) (Horford 2 AST)",null,null,"28 - 33","5"],["0041400301",162,1,1,2,"9:10 PM","8:18",null,null,"Smith 25' 3PT Jump Shot (11 PTS) (Dellavedova 2 AST)","31 - 33","2"],["0041400301",163,5,2,2,"9:10 PM","8:09","Teague Lost Ball Turnover (P1.T4)",null,"Shumpert STEAL (1 STL)",null,null],["0041400301",164,1,41,2,"9:10 PM","8:03",null,null,"James 2' Running Layup (6 PTS) (Shumpert 1 AST)","33 - 33","TIE"],["0041400301",165,9,1,2,"9:10 PM","8:02","HAWKS Timeout: Regular (Full 2 Short 0)",null,null,null,null],["0041400301",169,5,1,2,"9:14 PM","7:47","Korver Bad Pass Turnover (P2.T5)",null,null,null,null],["0041400301",170,1,5,2,"9:14 PM","7:34",null,null,"James 1' Layup (8 PTS) (Smith 1 AST)","35 - 33","-2"],["0041400301",171,1,45,2,"9:14 PM","7:19","Horford 18' Jump Shot (6 PTS)",null,null,"35 - 35","TIE"],["0041400301",172,2,78,2,"9:15 PM","6:55",null,null,"MISS Dellavedova 13' Floating Jump Shot",null,null],["0041400301",173,4,0,2,"9:15 PM","6:54","Muscala REBOUND (Off:1 Def:1)",null,null,null,null],["0041400301",174,1,1,2,"9:15 PM","6:39","Teague 7' Jump Shot (11 PTS)",null,null,"35 - 37","2"],["0041400301",175,5,1,2,"9:15 PM","6:16",null,null,"Smith Bad Pass Turnover (P2.T8)",null,null],["0041400301",176,8,0,2,"9:16 PM","6:16","SUB: Millsap FOR Muscala",null,null,null,null],["0041400301",177,8,0,2,"9:16 PM","6:16","SUB: Schroder FOR Korver",null,null,null,null],["0041400301",178,8,0,2,"9:16 PM","6:16",null,null,"SUB: Irving FOR Dellavedova",null,null],["0041400301",179,1,1,2,"9:17 PM","6:02","Horford 8' Jump Shot (8 PTS) (Carroll 2 AST)",null,null,"35 - 39","4"],["0041400301",180,6,2,2,"9:17 PM","6:02",null,null,"Irving S.FOUL (P1.T2) (S.Foster)",null,null],["0041400301",181,8,0,2,"9:17 PM","6:02",null,null,"SUB: Thompson FOR Shumpert",null,null],["0041400301",182,3,10,2,"9:17 PM","6:02","MISS Horford Free Throw 1 of 1",null,null,null,null],["0041400301",184,4,0,2,"9:17 PM","6:00",null,null,"Smith REBOUND (Off:0 Def:1)",null,null],["0041400301",185,2,63,2,"9:18 PM","5:37",null,null,"MISS James 20' Fadeaway Jumper",null,null],["0041400301",186,4,0,2,"9:18 PM","5:34","Schroder REBOUND (Off:0 Def:1)",null,null,null,null],["0041400301",187,2,1,2,"9:18 PM","5:27","MISS Schroder 24' 3PT Jump Shot",null,null,null,null],["0041400301",188,4,0,2,"9:18 PM","5:25",null,null,"Mozgov REBOUND (Off:2 Def:4)",null,null],["0041400301",189,1,41,2,"9:18 PM","5:17",null,null,"Mozgov 1' Running Layup (6 PTS) (Smith 2 AST)","37 - 39","2"],["0041400301",190,2,79,2,"9:18 PM","5:03","MISS Teague 25' 3PT Pullup Jump Shot",null,null,null,null],["0041400301",191,4,0,2,"9:18 PM","5:00",null,null,"James REBOUND (Off:0 Def:2)",null,null],["0041400301",192,2,1,2,"9:18 PM","4:49",null,null,"MISS Smith 25' 3PT Jump Shot",null,null],["0041400301",193,4,0,2,"9:18 PM","4:48","Horford REBOUND (Off:0 Def:1)",null,null,null,null],["0041400301",194,1,52,2,"9:18 PM","4:42","Horford  Alley Oop Dunk (10 PTS) (Schroder 2 AST)",null,null,"37 - 41","4"],["0041400301",195,1,78,2,"9:19 PM","4:16",null,null,"Thompson 5' Floating Jump Shot (6 PTS) (Irving 3 AST)","39 - 41","2"],["0041400301",196,1,42,2,"9:19 PM","4:05","Teague  Driving Layup (13 PTS)",null,null,"39 - 43","4"],["0041400301",197,9,1,2,"9:19 PM","4:04",null,null,"Cavaliers Timeout: Regular (Reg.2 Short 0)",null,null],["0041400301",199,8,0,2,"9:22 PM","4:04",null,null,"SUB: Dellavedova FOR Smith",null,null],["0041400301",201,1,58,2,"9:23 PM","3:43",null,null,"James 11' Turnaround Hook Shot (10 PTS)","41 - 43","2"],["0041400301",202,2,78,2,"9:23 PM","3:24","MISS Teague 12' Floating Jump Shot",null,null,null,null],["0041400301",203,4,0,2,"9:23 PM","3:23",null,null,"James REBOUND (Off:0 Def:3)",null,null],["0041400301",204,1,57,2,"9:23 PM","3:16",null,null,"James 10' Driving Hook Shot (12 PTS)","43 - 43","TIE"],["0041400301",205,1,42,2,"9:24 PM","2:56","Schroder 1' Driving Layup (6 PTS)",null,null,"43 - 45","2"],["0041400301",206,2,78,2,"9:24 PM","2:33",null,null,"MISS James 9' Floating Jump Shot",null,null],["0041400301",208,4,0,2,"9:24 PM","2:32",null,null,"Mozgov REBOUND (Off:3 Def:4)",null,null],["0041400301",207,1,4,2,"9:24 PM","2:32",null,null,"Mozgov  Tip Shot (8 PTS)","45 - 45","TIE"],["0041400301",209,2,79,2,"9:24 PM","2:21","MISS Schroder 25' 3PT Pullup Jump Shot",null,null,null,null],["0041400301",210,4,0,2,"9:24 PM","2:18",null,null,"Thompson REBOUND (Off:4 Def:3)",null,null],["0041400301",211,5,1,2,"9:24 PM","2:12","Schroder STEAL (1 STL)",null,"Dellavedova Bad Pass Turnover (P1.T9)",null,null],["0041400301",212,2,1,2,"9:25 PM","2:07","MISS Carroll 25' 3PT Jump Shot",null,null,null,null],["0041400301",213,4,0,2,"9:25 PM","2:04","Schroder REBOUND (Off:1 Def:1)",null,null,null,null],["0041400301",214,6,2,2,"9:25 PM","1:42",null,null,"Mozgov S.FOUL (P2.T3) (J.Phillips)",null,null],["0041400301",215,9,4,2,"9:25 PM","1:42",null,null,null,null,null],["0041400301",216,8,0,2,"9:28 PM","1:42","SUB: Muscala FOR Horford",null,null,null,null],["0041400301",217,8,0,2,"9:28 PM","1:42","SUB: Korver FOR Schroder",null,null,null,null],["0041400301",218,8,0,2,"9:28 PM","1:42",null,null,"SUB: Smith FOR Mozgov",null,null],["0041400301",219,3,11,2,"9:29 PM","1:42","Teague Free Throw 1 of 2 (14 PTS)",null,null,"45 - 46","1"],["0041400301",221,3,12,2,"9:29 PM","1:42","Teague Free Throw 2 of 2 (15 PTS)",null,null,"45 - 47","2"],["0041400301",223,1,77,2,"9:29 PM","1:21",null,null,"James 5' Driving Jump Shot (14 PTS)","47 - 47","TIE"],["0041400301",224,1,42,2,"9:29 PM","1:05","Teague 1' Driving Layup (17 PTS)",null,null,"47 - 49","2"],["0041400301",225,2,1,2,"9:30 PM","0:49",null,null,"MISS Dellavedova 25' 3PT Jump Shot",null,null],["0041400301",226,4,0,2,"9:30 PM","0:47","Teague REBOUND (Off:0 Def:1)",null,null,null,null],["0041400301",227,5,1,2,"9:30 PM","0:47","Teague Bad Pass Turnover (P2.T6)",null,null,null,null],["0041400301",228,8,0,2,"9:30 PM","0:47","SUB: Schroder FOR Korver",null,null,null,null],["0041400301",229,8,0,2,"9:30 PM","0:47","SUB: Bazemore FOR Teague",null,null,null,null],["0041400301",231,1,42,2,"9:30 PM","0:36",null,null,"James 1' Driving Layup (16 PTS)","49 - 49","TIE"],["0041400301",232,2,79,2,"9:31 PM","0:28","MISS Schroder 19' Pullup Jump Shot",null,null,null,null],["0041400301",233,4,0,2,"9:31 PM","0:25",null,null,"Smith REBOUND (Off:0 Def:2)",null,null],["0041400301",234,6,17,2,"9:31 PM","0:10","HAWKS T.Foul (Def. 3 Sec Muscala ) (J.Phillips)",null,null,null,null],["0041400301",235,3,16,2,"9:31 PM","0:10",null,null,"MISS Irving Free Throw Technical",null,null],["0041400301",236,4,1,2,"9:31 PM","0:10",null,null,"Cavaliers Rebound",null,null],["0041400301",238,9,2,2,"9:31 PM","0:10",null,null,"Cavaliers Timeout: Short (Reg.2 Short 1)",null,null],["0041400301",241,1,52,2,"9:33 PM","0:04",null,null,"Thompson  Alley Oop Dunk (8 PTS) (Dellavedova 3 AST)","51 - 49","-2"],["0041400301",242,1,1,2,"9:33 PM","0:00","Bazemore 21' Jump Shot (2 PTS) (Schroder 3 AST)",null,null,"51 - 51","TIE"],["0041400301",243,18,0,2,"9:33 PM","0:00",null,null,null,null,null],["0041400301",244,13,0,2,"9:33 PM","0:00",null,null,null,"51 - 51","TIE"],["0041400301",246,12,0,3,"9:51 PM","12:00",null,null,null,"51 - 51","TIE"],["0041400301",247,1,43,3,"9:52 PM","11:36","Horford  Alley Oop Layup (12 PTS) (Teague 2 AST)",null,null,"51 - 53","2"],["0041400301",248,2,1,3,"9:52 PM","11:22",null,null,"MISS James 20' Jump Shot",null,null],["0041400301",249,4,0,3,"9:52 PM","11:20",null,null,"Mozgov REBOUND (Off:4 Def:4)",null,null],["0041400301",250,2,1,3,"9:52 PM","11:16",null,null,"MISS Shumpert 24' 3PT Jump Shot",null,null],["0041400301",251,4,0,3,"9:52 PM","11:15",null,null,"James REBOUND (Off:1 Def:3)",null,null],["0041400301",252,5,11,3,"9:53 PM","10:47",null,null,"Cavaliers Turnover: Shot Clock (T#10)",null,null],["0041400301",253,6,1,3,"9:53 PM","10:41",null,null,"Shumpert P.FOUL (P1.T1) (J.Phillips)",null,null],["0041400301",254,6,2,3,"9:54 PM","10:34",null,null,"James S.FOUL (P3.T2) (P.Fraher)",null,null],["0041400301",255,3,11,3,"9:54 PM","10:34","Millsap Free Throw 1 of 2 (7 PTS)",null,null,"51 - 54","3"],["0041400301",257,3,12,3,"9:54 PM","10:34","MISS Millsap Free Throw 2 of 2",null,null,null,null],["0041400301",259,4,0,3,"9:54 PM","10:33",null,null,"Shumpert REBOUND (Off:0 Def:3)",null,null],["0041400301",260,2,1,3,"9:54 PM","10:15",null,null,"MISS James 25' 3PT Jump Shot",null,null],["0041400301",261,4,0,3,"9:54 PM","10:13","Millsap REBOUND (Off:0 Def:2)",null,null,null,null],["0041400301",262,6,1,3,"9:55 PM","10:08",null,null,"Mozgov P.FOUL (P3.T3) (S.Foster)",null,null],["0041400301",263,2,1,3,"9:55 PM","10:00","MISS Korver 24' 3PT Jump Shot",null,null,null,null],["0041400301",264,4,0,3,"9:55 PM","9:58",null,null,"Mozgov REBOUND (Off:4 Def:5)",null,null],["0041400301",265,1,41,3,"9:55 PM","9:54",null,null,"James 1' Running Layup (18 PTS) (Shumpert 2 AST)","53 - 54","1"],["0041400301",266,6,2,3,"9:55 PM","9:54","Carroll S.FOUL (P1.T1) (P.Fraher)",null,null,null,null],["0041400301",267,3,10,3,"9:56 PM","9:54",null,null,"James Free Throw 1 of 1 (19 PTS)","54 - 54","TIE"],["0041400301",270,6,2,3,"9:56 PM","9:42",null,null,"Thompson S.FOUL (P1.T4) (P.Fraher)",null,null],["0041400301",272,3,11,3,"9:56 PM","9:42","Millsap Free Throw 1 of 2 (8 PTS)",null,null,"54 - 55","1"],["0041400301",274,3,12,3,"9:56 PM","9:42","Millsap Free Throw 2 of 2 (9 PTS)",null,null,"54 - 56","2"],["0041400301",277,6,1,3,"9:57 PM","9:32","Carroll P.FOUL (P2.T2) (J.Phillips)",null,null,null,null],["0041400301",278,1,40,3,"9:57 PM","9:17",null,null,"Mozgov 2' Layup (10 PTS) (James 5 AST)","56 - 56","TIE"],["0041400301",279,2,1,3,"9:57 PM","9:06","MISS Carroll 25' 3PT Jump Shot",null,null,null,null],["0041400301",280,4,0,3,"9:57 PM","9:04",null,null,"Mozgov REBOUND (Off:4 Def:6)",null,null],["0041400301",281,1,79,3,"9:58 PM","8:57",null,null,"Irving 18' Pullup Jump Shot (8 PTS)","58 - 56","-2"],["0041400301",282,2,1,3,"9:58 PM","8:39","MISS Horford 24' 3PT Jump Shot",null,null,null,null],["0041400301",283,4,0,3,"9:58 PM","8:37",null,null,"Irving REBOUND (Off:1 Def:2)",null,null],["0041400301",284,9,1,3,"9:58 PM","8:34",null,null,"Cavaliers Timeout: Regular (Reg.3 Short 1)",null,null],["0041400301",286,8,0,3,"10:01 PM","8:34",null,null,"SUB: Smith FOR James",null,null],["0041400301",287,1,42,3,"10:02 PM","8:22",null,null,"Irving 2' Driving Layup (10 PTS)","60 - 56","-4"],["0041400301",288,1,78,3,"10:02 PM","8:03","Teague 17' Floating Jump Shot (19 PTS)",null,null,"60 - 58","-2"],["0041400301",289,2,1,3,"10:03 PM","7:44",null,null,"MISS Irving 26' 3PT Jump Shot",null,null],["0041400301",290,4,0,3,"10:03 PM","7:42","Korver REBOUND (Off:0 Def:5)",null,null,null,null],["0041400301",291,2,41,3,"10:03 PM","7:36","MISS Teague 2' Running Layup",null,null,null,null],["0041400301",292,4,0,3,"10:03 PM","7:34",null,null,"Thompson REBOUND (Off:4 Def:4)",null,null],["0041400301",293,2,77,3,"10:03 PM","7:26",null,null,"MISS Shumpert 14' Driving Jump Shot",null,null],["0041400301",294,4,0,3,"10:03 PM","7:25",null,null,"Thompson REBOUND (Off:5 Def:4)",null,null],["0041400301",295,1,72,3,"10:03 PM","7:22",null,null,"Thompson 1' Putback Layup (10 PTS)","62 - 58","-4"],["0041400301",296,1,1,3,"10:03 PM","7:10","Korver 25' 3PT Jump Shot (6 PTS) (Carroll 3 AST)",null,null,"62 - 61","-1"],["0041400301",297,2,78,3,"10:04 PM","6:43",null,null,"MISS Smith 11' Floating Jump Shot",null,null],["0041400301",298,4,0,3,"10:04 PM","6:41","Horford REBOUND (Off:0 Def:2)",null,null,null,null],["0041400301",299,2,42,3,"10:04 PM","6:30","MISS Horford 3' Driving Layup",null,null,null,null],["0041400301",300,4,0,3,"10:04 PM","6:28",null,null,"Mozgov REBOUND (Off:4 Def:7)",null,null],["0041400301",301,5,39,3,"10:04 PM","6:18",null,null,"Shumpert Step Out of Bounds Turnover (P2.T11)",null,null],["0041400301",302,8,0,3,"10:04 PM","6:18",null,null,"SUB: James FOR Shumpert",null,null],["0041400301",303,8,0,3,"10:04 PM","6:18","SUB: Antic FOR Horford",null,null,null,null],["0041400301",305,6,4,3,"10:05 PM","6:08","Millsap OFF.Foul (P2) (J.Phillips)",null,null,null,null],["0041400301",306,5,5,3,"10:05 PM","6:08","Millsap Foul Turnover (P1.T7)",null,null,null,null],["0041400301",307,6,11,3,"10:05 PM","6:08","Millsap T.FOUL (P2.T2) (J.Phillips)",null,null,null,null],["0041400301",308,3,16,3,"10:05 PM","6:08",null,null,"James Free Throw Technical (20 PTS)","63 - 61","-2"],["0041400301",311,2,1,3,"10:06 PM","5:55",null,null,"MISS Mozgov 14' Jump Shot",null,null],["0041400301",312,4,0,3,"10:06 PM","5:53","Teague REBOUND (Off:0 Def:2)",null,null,null,null],["0041400301",314,8,0,3,"10:06 PM","5:45",null,null,"SUB: Dellavedova FOR Irving",null,null],["0041400301",315,8,0,3,"10:06 PM","5:45","SUB: Schroder FOR Korver",null,null,null,null],["0041400301",316,2,1,3,"10:06 PM","5:42","MISS Teague 17' Jump Shot",null,null,null,null],["0041400301",317,4,0,3,"10:06 PM","5:41","Millsap REBOUND (Off:1 Def:2)",null,null,null,null],["0041400301",318,2,72,3,"10:06 PM","5:37","MISS Millsap  Putback Layup",null,"Thompson BLOCK (1 BLK)",null,null],["0041400301",319,4,0,3,"10:07 PM","5:35",null,null,"James REBOUND (Off:1 Def:4)",null,null],["0041400301",320,5,1,3,"10:07 PM","5:18","Antic STEAL (1 STL)",null,"James Bad Pass Turnover (P3.T12)",null,null],["0041400301",321,5,1,3,"10:07 PM","5:05","Millsap Bad Pass Turnover (P2.T8)",null,"James STEAL (1 STL)",null,null],["0041400301",322,2,74,3,"10:07 PM","5:00",null,null,"MISS James 1' Running Reverse Layup",null,null],["0041400301",323,4,0,3,"10:07 PM","4:58","Antic REBOUND (Off:0 Def:2)",null,null,null,null],["0041400301",324,6,27,3,"10:07 PM","4:57",null,null,"Dellavedova Personal Block Foul (P2.PN) (S.Foster)",null,null],["0041400301",325,3,11,3,"10:08 PM","4:57","Teague Free Throw 1 of 2 (20 PTS)",null,null,"63 - 62","-1"],["0041400301",327,8,0,3,"10:08 PM","4:57","SUB: Bazemore FOR Carroll",null,null,null,null],["0041400301",328,3,12,3,"10:08 PM","4:57","Teague Free Throw 2 of 2 (21 PTS)",null,null,"63 - 63","TIE"],["0041400301",330,6,1,3,"10:08 PM","4:52","Schroder P.FOUL (P2.T3) (J.Phillips)",null,null,null,null],["0041400301",331,8,0,3,"10:08 PM","4:52","SUB: Carroll FOR Teague",null,null,null,null],["0041400301",332,8,0,3,"10:08 PM","4:52",null,null,"SUB: Jones FOR Mozgov",null,null],["0041400301",334,2,47,3,"10:09 PM","4:31",null,null,"MISS Smith 13' Turnaround Jump Shot",null,null],["0041400301",335,4,0,3,"10:09 PM","4:30","Schroder REBOUND (Off:1 Def:2)",null,null,null,null],["0041400301",336,9,1,3,"10:09 PM","4:20","HAWKS Timeout: Regular (Full 3 Short 0)",null,null,null,null],["0041400301",340,2,77,3,"10:13 PM","4:12","MISS Millsap 7' Driving Jump Shot",null,null,null,null],["0041400301",341,4,0,3,"10:13 PM","4:10","Millsap REBOUND (Off:2 Def:2)",null,null,null,null],["0041400301",342,2,1,3,"10:13 PM","3:59","MISS Schroder 13' Jump Shot",null,null,null,null],["0041400301",343,4,0,3,"10:13 PM","3:58",null,null,"Dellavedova REBOUND (Off:0 Def:2)",null,null],["0041400301",344,2,42,3,"10:13 PM","3:50",null,null,"MISS James 1' Driving Layup",null,null],["0041400301",345,4,0,3,"10:13 PM","3:47","Millsap REBOUND (Off:2 Def:3)",null,null,null,null],["0041400301",346,9,2,3,"10:13 PM","3:47","HAWKS Timeout: Short (Full 3 Short 1)",null,null,null,null],["0041400301",348,5,1,3,"10:15 PM","3:36","Schroder Bad Pass Turnover (P1.T9)",null,null,null,null],["0041400301",349,6,29,3,"10:15 PM","3:27","Antic Shooting Block Foul (P1.T4) (S.Foster)",null,null,null,null],["0041400301",350,3,11,3,"10:15 PM","3:27",null,null,"James Free Throw 1 of 2 (21 PTS)","64 - 63","-1"],["0041400301",352,3,12,3,"10:16 PM","3:27",null,null,"James Free Throw 2 of 2 (22 PTS)","65 - 63","-2"],["0041400301",354,6,4,3,"10:16 PM","3:11","Millsap OFF.Foul (P3) (S.Foster)",null,null,null,null],["0041400301",355,5,5,3,"10:16 PM","3:11","Millsap Foul Turnover (P3.T10)",null,null,null,null],["0041400301",356,1,80,3,"10:17 PM","2:56",null,null,"Smith  3PT Step Back Jump Shot (14 PTS)","68 - 63","-5"],["0041400301",357,2,1,3,"10:17 PM","2:42","MISS Millsap 25' 3PT Jump Shot",null,null,null,null],["0041400301",358,4,0,3,"10:17 PM","2:40","Carroll REBOUND (Off:1 Def:0)",null,null,null,null],["0041400301",359,2,72,3,"10:17 PM","2:38","MISS Carroll 1' Putback Layup",null,null,null,null],["0041400301",360,4,0,3,"10:17 PM","2:37",null,null,"James REBOUND (Off:1 Def:5)",null,null],["0041400301",361,1,1,3,"10:17 PM","2:30",null,null,"Smith 25' 3PT Jump Shot (17 PTS) (James 6 AST)","71 - 63","-8"],["0041400301",362,6,2,3,"10:18 PM","2:06",null,null,"Thompson S.FOUL (P2.PN) (P.Fraher)",null,null],["0041400301",363,3,11,3,"10:18 PM","2:06","Millsap Free Throw 1 of 2 (10 PTS)",null,null,"71 - 64","-7"],["0041400301",365,8,0,3,"10:18 PM","2:06","SUB: Horford FOR Antic",null,null,null,null],["0041400301",366,8,0,3,"10:18 PM","2:06","SUB: Korver FOR Carroll",null,null,null,null],["0041400301",367,3,12,3,"10:18 PM","2:06","Millsap Free Throw 2 of 2 (11 PTS)",null,null,"71 - 65","-6"],["0041400301",369,2,1,3,"10:19 PM","1:44",null,null,"MISS Dellavedova 25' 3PT Jump Shot",null,null],["0041400301",370,4,0,3,"10:19 PM","1:41","Bazemore REBOUND (Off:0 Def:3)",null,null,null,null],["0041400301",371,2,78,3,"10:19 PM","1:32","MISS Schroder 11' Floating Jump Shot",null,null,null,null],["0041400301",372,4,0,3,"10:19 PM","1:30",null,null,"Smith REBOUND (Off:0 Def:3)",null,null],["0041400301",373,2,1,3,"10:19 PM","1:10",null,null,"MISS Jones 25' 3PT Jump Shot",null,null],["0041400301",374,4,0,3,"10:19 PM","1:10","HAWKS Rebound",null,null,null,null],["0041400301",375,8,0,3,"10:20 PM","1:10","SUB: Antic FOR Millsap",null,null,null,null],["0041400301",376,8,0,3,"10:20 PM","1:10",null,null,"SUB: Shumpert FOR James",null,null],["0041400301",377,5,1,3,"10:20 PM","0:56","Korver Bad Pass Turnover (P3.T11)",null,"Smith STEAL (1 STL)",null,null],["0041400301",378,2,79,3,"10:20 PM","0:40",null,null,"MISS Smith 25' 3PT Pullup Jump Shot",null,null],["0041400301",379,4,0,3,"10:20 PM","0:39",null,null,"Cavaliers Rebound",null,null],["0041400301",380,6,3,3,"10:20 PM","0:39","Antic L.B.FOUL (P2.PN) (S.Foster)",null,null,null,null],["0041400301",381,3,11,3,"10:21 PM","0:39",null,null,"Thompson Free Throw 1 of 2 (11 PTS)","72 - 65","-7"],["0041400301",384,3,12,3,"10:21 PM","0:39",null,null,"MISS Thompson Free Throw 2 of 2",null,null],["0041400301",386,4,0,3,"10:21 PM","0:38","Antic REBOUND (Off:0 Def:3)",null,null,null,null],["0041400301",388,1,88,3,"10:21 PM","0:27","Bazemore  Driving Slam Dunk (4 PTS) (Schroder 4 AST)",null,null,"72 - 67","-5"],["0041400301",390,1,80,3,"10:22 PM","0:06",null,null,"Smith 21' Step Back Jump Shot (19 PTS)","74 - 67","-7"],["0041400301",391,2,42,3,"10:22 PM","0:00","MISS Schroder 2' Driving Layup",null,"Thompson BLOCK (2 BLK)",null,null],["0041400301",392,4,0,3,"10:22 PM","0:00","HAWKS Rebound",null,null,null,null],["0041400301",393,18,0,3,"10:22 PM","0:00",null,null,null,"74 - 67","-7"],["0041400301",394,13,0,3,"10:23 PM","0:00",null,null,null,"74 - 67","-7"],["0041400301",396,12,0,4,"10:26 PM","12:00",null,null,null,"74 - 67","-7"],["0041400301",397,2,1,4,"10:27 PM","11:48",null,null,"MISS Jones 25' 3PT Jump Shot",null,null],["0041400301",398,4,0,4,"10:27 PM","11:44",null,null,"Cavaliers Rebound",null,null],["0041400301",399,8,0,4,"10:27 PM","11:44",null,null,"SUB: Irving FOR Dellavedova",null,null],["0041400301",400,1,1,4,"10:27 PM","11:42",null,null,"Smith 26' 3PT Jump Shot (22 PTS) (Irving 4 AST)","77 - 67","-10"],["0041400301",401,2,1,4,"10:27 PM","11:24","MISS Muscala 20' Jump Shot",null,null,null,null],["0041400301",402,4,0,4,"10:27 PM","11:22",null,null,"Smith REBOUND (Off:0 Def:4)",null,null],["0041400301",403,1,80,4,"10:28 PM","11:04",null,null,"Smith 25' 3PT Step Back Jump Shot (25 PTS) (Irving 5 AST)","80 - 67","-13"],["0041400301",404,2,78,4,"10:28 PM","10:49","MISS Teague 12' Floating Jump Shot",null,null,null,null],["0041400301",405,4,0,4,"10:28 PM","10:48",null,null,"Smith REBOUND (Off:0 Def:5)",null,null],["0041400301",406,1,52,4,"10:28 PM","10:27",null,null,"Thompson  Alley Oop Dunk (13 PTS) (Smith 3 AST)","82 - 67","-15"],["0041400301",407,9,1,4,"10:29 PM","10:27","HAWKS Timeout: Regular (Full 4 Short 1)",null,null,null,null],["0041400301",409,8,0,4,"10:31 PM","10:27","SUB: Bazemore FOR Schroder",null,null,null,null],["0041400301",410,8,0,4,"10:31 PM","10:27","SUB: Millsap FOR Muscala",null,null,null,null],["0041400301",412,2,47,4,"10:32 PM","10:13","MISS Millsap 16' Turnaround Jump Shot",null,null,null,null],["0041400301",413,4,0,4,"10:32 PM","10:12",null,null,"Smith REBOUND (Off:0 Def:6)",null,null],["0041400301",414,1,47,4,"10:32 PM","9:59",null,null,"Smith 25' 3PT Turnaround Jump Shot (28 PTS) (Irving 6 AST)","85 - 67","-18"],["0041400301",415,1,40,4,"10:32 PM","9:43","Horford 3' Layup (14 PTS)",null,null,"85 - 69","-16"],["0041400301",416,2,80,4,"10:33 PM","9:17",null,null,"MISS Smith 25' 3PT Step Back Jump Shot",null,null],["0041400301",417,4,0,4,"10:33 PM","9:16","Horford REBOUND (Off:0 Def:3)",null,null,null,null],["0041400301",418,1,1,4,"10:33 PM","9:08","Korver 24' 3PT Jump Shot (9 PTS) (Teague 3 AST)",null,null,"85 - 72","-13"],["0041400301",419,2,79,4,"10:33 PM","8:48",null,null,"MISS Irving 21' Pullup Jump Shot",null,null],["0041400301",420,4,0,4,"10:33 PM","8:46","Bazemore REBOUND (Off:0 Def:4)",null,null,null,null],["0041400301",421,1,42,4,"10:34 PM","8:39","Teague 3' Driving Layup (23 PTS)",null,null,"85 - 74","-11"],["0041400301",422,9,1,4,"10:34 PM","8:39",null,null,"Cavaliers Timeout: Regular (Reg.4 Short 1)",null,null],["0041400301",424,8,0,4,"10:37 PM","8:39",null,null,"SUB: James FOR Irving",null,null],["0041400301",425,8,0,4,"10:37 PM","8:39",null,null,"SUB: Dellavedova FOR Jones",null,null],["0041400301",426,8,0,4,"10:37 PM","8:39","SUB: Carroll FOR Bazemore",null,null,null,null],["0041400301",427,2,79,4,"10:38 PM","8:18",null,null,"MISS James 21' Pullup Jump Shot",null,null],["0041400301",428,4,0,4,"10:38 PM","8:17","Teague REBOUND (Off:0 Def:3)",null,null,null,null],["0041400301",429,2,79,4,"10:38 PM","8:11","MISS Teague 25' 3PT Pullup Jump Shot",null,null,null,null],["0041400301",430,4,0,4,"10:38 PM","8:09",null,null,"Shumpert REBOUND (Off:0 Def:4)",null,null],["0041400301",431,1,78,4,"10:38 PM","7:46",null,null,"James 9' Floating Jump Shot (24 PTS)","87 - 74","-13"],["0041400301",432,2,58,4,"10:38 PM","7:28","MISS Horford 8' Turnaround Hook Shot",null,null,null,null],["0041400301",433,4,0,4,"10:39 PM","7:24",null,null,"Thompson REBOUND (Off:5 Def:5)",null,null],["0041400301",434,1,86,4,"10:39 PM","7:02",null,null,"James 19' Turnaround Fadeaway (26 PTS)","89 - 74","-15"],["0041400301",435,2,42,4,"10:39 PM","6:53","MISS Teague 3' Driving Layup",null,null,null,null],["0041400301",436,4,0,4,"10:39 PM","6:51",null,null,"James REBOUND (Off:1 Def:6)",null,null],["0041400301",437,6,2,4,"10:39 PM","6:34","Millsap S.FOUL (P4.T1) (P.Fraher)",null,null,null,null],["0041400301",438,3,11,4,"10:40 PM","6:34",null,null,"MISS James Free Throw 1 of 2",null,null],["0041400301",439,4,1,4,"10:40 PM","6:34",null,null,"Cavaliers Rebound",null,null],["0041400301",440,8,0,4,"10:40 PM","6:34",null,null,"SUB: Mozgov FOR Thompson",null,null],["0041400301",441,3,12,4,"10:40 PM","6:34",null,null,"James Free Throw 2 of 2 (27 PTS)","90 - 74","-16"],["0041400301",443,2,55,4,"10:41 PM","6:11","MISS Carroll 6' Hook Shot",null,null,null,null],["0041400301",444,4,0,4,"10:41 PM","6:11","HAWKS Rebound",null,null,null,null],["0041400301",445,6,3,4,"10:41 PM","6:11",null,null,"Dellavedova L.B.FOUL (P3.T1) (J.Phillips)",null,null],["0041400301",446,1,5,4,"10:41 PM","6:05","Teague 1' Layup (25 PTS) (Korver 2 AST)",null,null,"90 - 76","-14"],["0041400301",447,2,47,4,"10:42 PM","5:37",null,null,"MISS Dellavedova 17' Turnaround Jump Shot",null,null],["0041400301",448,4,0,4,"10:42 PM","5:37",null,null,"Cavaliers Rebound",null,null],["0041400301",449,5,11,4,"10:42 PM","5:37",null,null,"Cavaliers Turnover: Shot Clock (T#13)",null,null],["0041400301",450,2,1,4,"10:42 PM","5:23","MISS Millsap 24' 3PT Jump Shot",null,null,null,null],["0041400301",451,4,0,4,"10:42 PM","5:22",null,null,"Shumpert REBOUND (Off:0 Def:5)",null,null],["0041400301",452,5,1,4,"10:42 PM","5:03","Carroll STEAL (2 STL)",null,"James Bad Pass Turnover (P4.T14)",null,null],["0041400301",453,6,2,4,"10:43 PM","4:59",null,null,"Shumpert S.FOUL (P2.T2) (P.Fraher)",null,null],["0041400301",454,9,1,4,"10:43 PM","4:59","HAWKS Timeout: Regular (Full 5 Short 1)",null,null,null,null],["0041400301",455,8,0,4,"10:47 PM","4:59","SUB: Brand FOR Carroll",null,null,null,null],["0041400301",456,8,0,4,"10:47 PM","4:59",null,null,"SUB: Thompson FOR Mozgov",null,null],["0041400301",457,3,11,4,"10:47 PM","4:59","MISS Brand Free Throw 1 of 2",null,null,null,null],["0041400301",458,4,1,4,"10:47 PM","4:59","HAWKS Rebound",null,null,null,null],["0041400301",459,3,12,4,"10:48 PM","4:59","Brand Free Throw 2 of 2 (1 PTS)",null,null,"90 - 77","-13"],["0041400301",461,6,5,4,"10:48 PM","4:59","Brand IN.FOUL (P1.T2) (P.Fraher)",null,null,null,null],["0041400301",462,3,11,4,"10:49 PM","4:59",null,null,"MISS Thompson Free Throw 1 of 2",null,null],["0041400301",463,4,1,4,"10:49 PM","4:59",null,null,"Cavaliers Rebound",null,null],["0041400301",464,8,0,4,"10:49 PM","4:59","SUB: Bazemore FOR Brand",null,null,null,null],["0041400301",465,3,12,4,"10:49 PM","4:59",null,null,"Thompson Free Throw 2 of 2 (14 PTS)","91 - 77","-14"],["0041400301",467,2,1,4,"10:49 PM","4:51","MISS Korver 25' 3PT Jump Shot",null,null,null,null],["0041400301",468,4,0,4,"10:49 PM","4:49",null,null,"James REBOUND (Off:1 Def:7)",null,null],["0041400301",469,6,1,4,"10:49 PM","4:45","Teague P.FOUL (P1.T3) (J.Phillips)",null,null,null,null],["0041400301",470,2,63,4,"10:50 PM","4:22",null,null,"MISS James 17' Fadeaway Jumper",null,null],["0041400301",471,4,0,4,"10:50 PM","4:20","Horford REBOUND (Off:0 Def:4)",null,null,null,null],["0041400301",472,6,2,4,"10:50 PM","4:10",null,null,"Thompson S.FOUL (P3.T3) (S.Foster)",null,null],["0041400301",473,3,11,4,"10:51 PM","4:10","Bazemore Free Throw 1 of 2 (5 PTS)",null,null,"91 - 78","-13"],["0041400301",475,3,12,4,"10:51 PM","4:10","MISS Bazemore Free Throw 2 of 2",null,null,null,null],["0041400301",477,4,0,4,"10:51 PM","4:09",null,null,"Shumpert REBOUND (Off:0 Def:6)",null,null],["0041400301",478,2,77,4,"10:51 PM","3:46",null,null,"MISS Shumpert 5' Driving Jump Shot",null,null],["0041400301",479,4,0,4,"10:51 PM","3:46",null,null,"Cavaliers Rebound",null,null],["0041400301",480,5,11,4,"10:51 PM","3:46",null,null,"Cavaliers Turnover: Shot Clock (T#15)",null,null],["0041400301",482,6,2,4,"10:52 PM","3:37",null,null,"Shumpert S.FOUL (P3.T4) (S.Foster)",null,null],["0041400301",483,3,11,4,"10:52 PM","3:37","Millsap Free Throw 1 of 2 (12 PTS)",null,null,"91 - 79","-12"],["0041400301",485,3,12,4,"10:52 PM","3:37","Millsap Free Throw 2 of 2 (13 PTS)",null,null,"91 - 80","-11"],["0041400301",487,6,1,4,"10:53 PM","3:30","Millsap P.FOUL (P5.T4) (P.Fraher)",null,null,null,null],["0041400301",488,2,42,4,"10:53 PM","3:14",null,null,"MISS James 3' Driving Layup",null,null],["0041400301",489,4,0,4,"10:53 PM","3:13","Horford REBOUND (Off:0 Def:5)",null,null,null,null],["0041400301",490,2,1,4,"10:53 PM","3:04","MISS Teague 25' 3PT Jump Shot",null,null,null,null],["0041400301",491,4,0,4,"10:53 PM","3:02","Millsap REBOUND (Off:3 Def:3)",null,null,null,null],["0041400301",492,1,63,4,"10:54 PM","2:55","Bazemore 8' Fadeaway Jumper (7 PTS) (Millsap 3 AST)",null,null,"91 - 82","-9"],["0041400301",493,6,2,4,"10:54 PM","2:55",null,null,"Smith S.FOUL (P2.PN) (P.Fraher)",null,null],["0041400301",494,3,10,4,"10:54 PM","2:55","Bazemore Free Throw 1 of 1 (8 PTS)",null,null,"91 - 83","-8"],["0041400301",496,2,1,4,"10:54 PM","2:43","Bazemore BLOCK (1 BLK)",null,"MISS Smith 24' 3PT Jump Shot",null,null],["0041400301",497,4,0,4,"10:54 PM","2:39","Horford REBOUND (Off:0 Def:6)",null,null,null,null],["0041400301",498,2,1,4,"10:54 PM","2:36","MISS Bazemore  3PT Jump Shot",null,null,null,null],["0041400301",499,4,0,4,"10:54 PM","2:36","HAWKS Rebound",null,null,null,null],["0041400301",500,5,1,4,"10:55 PM","2:25","Teague Bad Pass Turnover (P3.T12)",null,"Dellavedova STEAL (1 STL)",null,null],["0041400301",501,2,1,4,"10:55 PM","2:03",null,null,"MISS James 12' Jump Shot",null,null],["0041400301",502,4,0,4,"10:55 PM","2:02","Millsap REBOUND (Off:3 Def:4)",null,null,null,null],["0041400301",504,7,2,4,"10:55 PM","1:56",null,null,"Shumpert Violation:Defensive Goaltending (S.Foster)",null,null],["0041400301",503,1,41,4,"10:55 PM","1:56","Horford 2' Running Layup (16 PTS) (Teague 4 AST)",null,null,"91 - 85","-6"],["0041400301",505,18,0,4,"10:56 PM","1:56",null,null,null,null,null],["0041400301",508,2,73,4,"11:01 PM","1:35",null,null,"MISS James 1' Driving Reverse Layup",null,null],["0041400301",509,4,0,4,"11:01 PM","1:34","Korver REBOUND (Off:0 Def:6)",null,null,null,null],["0041400301",510,2,77,4,"11:01 PM","1:22","MISS Teague 8' Driving Jump Shot",null,"Smith BLOCK (1 BLK)",null,null],["0041400301",511,4,0,4,"11:01 PM","1:19",null,null,"Smith REBOUND (Off:0 Def:7)",null,null],["0041400301",512,2,42,4,"11:02 PM","1:00","Millsap BLOCK (1 BLK)",null,"MISS James 1' Driving Layup",null,null],["0041400301",513,4,0,4,"11:02 PM","0:58","Korver REBOUND (Off:0 Def:7)",null,null,null,null],["0041400301",514,1,41,4,"11:02 PM","0:57","Bazemore 2' Running Layup (10 PTS) (Korver 3 AST)",null,null,"91 - 87","-4"],["0041400301",515,9,1,4,"11:02 PM","0:47",null,null,"Cavaliers Timeout: Regular (Reg.5 Short 1)",null,null],["0041400301",517,1,88,4,"11:05 PM","0:37",null,null,"James  Driving Slam Dunk (29 PTS)","93 - 87","-6"],["0041400301",518,2,1,4,"11:05 PM","0:27","MISS Millsap 26' 3PT Jump Shot",null,null,null,null],["0041400301",519,4,0,4,"11:05 PM","0:25",null,null,"Smith REBOUND (Off:0 Def:8)",null,null],["0041400301",520,9,2,4,"11:05 PM","0:20",null,null,"Cavaliers Timeout: Short (Reg.5 Short 2)",null,null],["0041400301",521,9,2,4,"11:06 PM","0:20",null,null,"Cavaliers Timeout: Short (Reg.5 Short 3)",null,null],["0041400301",522,8,0,4,"11:07 PM","0:20","SUB: Schroder FOR Millsap",null,null,null,null],["0041400301",523,8,0,4,"11:07 PM","0:20","SUB: Antic FOR Schroder",null,null,null,null],["0041400301",524,8,0,4,"11:07 PM","0:20",null,null,"SUB: Jones FOR Thompson",null,null],["0041400301",525,6,28,4,"11:08 PM","0:18","Teague Personal Take Foul (P2.PN) (S.Foster)",null,null,null,null],["0041400301",526,3,11,4,"11:08 PM","0:18",null,null,"James Free Throw 1 of 2 (30 PTS)","94 - 87","-7"],["0041400301",528,8,0,4,"11:08 PM","0:18",null,null,"SUB: Thompson FOR Jones",null,null],["0041400301",529,8,0,4,"11:08 PM","0:18","SUB: Millsap FOR Antic",null,null,null,null],["0041400301",530,3,12,4,"11:08 PM","0:18",null,null,"James Free Throw 2 of 2 (31 PTS)","95 - 87","-8"],["0041400301",532,1,71,4,"11:09 PM","0:13","Teague 1' Finger Roll Layup (27 PTS)",null,null,"95 - 89","-6"],["0041400301",533,6,28,4,"11:09 PM","0:12","Korver Personal Take Foul (P3.PN) (P.Fraher)",null,null,null,null],["0041400301",534,3,11,4,"11:09 PM","0:12",null,null,"Shumpert Free Throw 1 of 2 (3 PTS)","96 - 89","-7"],["0041400301",536,3,12,4,"11:10 PM","0:12",null,null,"MISS Shumpert Free Throw 2 of 2",null,null],["0041400301",538,4,0,4,"11:10 PM","0:10",null,null,"Shumpert REBOUND (Off:1 Def:6)",null,null],["0041400301",539,6,28,4,"11:10 PM","0:06","Millsap Personal Take Foul (P6.PN) (S.Foster)",null,null,null,null],["0041400301",540,8,0,4,"11:10 PM","0:06","SUB: Antic FOR Millsap",null,null,null,null],["0041400301",541,3,11,4,"11:10 PM","0:06",null,null,"MISS Shumpert Free Throw 1 of 2",null,null],["0041400301",542,4,1,4,"11:10 PM","0:06",null,null,"Cavaliers Rebound",null,null],["0041400301",543,8,0,4,"11:10 PM","0:06",null,null,"SUB: Jones FOR James",null,null],["0041400301",544,3,12,4,"11:11 PM","0:06",null,null,"Shumpert Free Throw 2 of 2 (4 PTS)","97 - 89","-8"],["0041400301",546,2,79,4,"11:11 PM","0:00","MISS Teague 25' 3PT Pullup Jump Shot",null,"Shumpert BLOCK (1 BLK)",null,null],["0041400301",547,4,0,4,"11:11 PM","0:00","Horford REBOUND (Off:1 Def:6)",null,null,null,null],["0041400301",549,13,0,4,"11:11 PM","0:00",null,null,null,"97 - 89","-8"]]},{"name":"AvailableVideo","headers":["VIDEO_AVAILABLE_FLAG"],"rowSet":[[1]]}]}