{"resource":"playbyplay","parameters":{"GameID":"0041400154","StartPeriod":0,"EndPeriod":14},"resultSets":[{"name":"PlayByPlay","headers":["GAME_ID","EVENTNUM","EVENTMSGTYPE","EVENTMSGACTIONTYPE","PERIOD","WCTIMESTRING","PCTIMESTRING","HOMEDESCRIPTION","NEUTRALDESCRIPTION","VISITORDESCRIPTION","SCORE","SCOREMARGIN"],"rowSet":[["0041400154",0,12,0,1,"9:18 PM","12:00",null,null,null,null,null],["0041400154",1,10,0,1,"9:18 PM","12:00","Jump Ball Chandler vs. Howard: Tip to Barea",null,null,null,null],["0041400154",2,6,2,1,"9:18 PM","11:37",null,null,"Howard S.FOUL (P1.T1) (D.Stafford)",null,null],["0041400154",3,3,11,1,"9:18 PM","11:37","MISS Aminu Free Throw 1 of 2",null,null,null,null],["0041400154",4,4,1,1,"9:18 PM","11:37","MAVERICKS Rebound",null,null,null,null],["0041400154",5,3,12,1,"9:19 PM","11:37","MISS Aminu Free Throw 2 of 2",null,null,null,null],["0041400154",7,4,0,1,"9:19 PM","11:36",null,null,"Jones REBOUND (Off:0 Def:1)",null,null],["0041400154",8,5,1,1,"9:19 PM","11:20",null,null,"Harden Bad Pass Turnover (P1.T1)",null,null],["0041400154",9,2,1,1,"9:19 PM","11:06","MISS Barea 25' 3PT Jump Shot",null,null,null,null],["0041400154",10,4,0,1,"9:19 PM","11:05","MAVERICKS Rebound",null,null,null,null],["0041400154",11,2,1,1,"9:20 PM","10:59","MISS Nowitzki 18' Jump Shot",null,null,null,null],["0041400154",12,4,0,1,"9:20 PM","10:58",null,null,"Ariza REBOUND (Off:0 Def:1)",null,null],["0041400154",13,1,46,1,"9:20 PM","10:48",null,null,"Harden 8' Running Jump Shot (2 PTS)","2 - 0","-2"],["0041400154",14,1,8,1,"9:20 PM","10:38","Chandler  Slam Dunk (2 PTS) (Ellis 1 AST)",null,null,"2 - 2","TIE"],["0041400154",15,1,1,1,"9:20 PM","10:24",null,null,"Jones 6' Jump Shot (2 PTS) (Terry 1 AST)","4 - 2","-2"],["0041400154",16,1,1,1,"9:21 PM","10:11","Ellis 20' Jump Shot (2 PTS)",null,null,"4 - 4","TIE"],["0041400154",17,5,10,1,"9:21 PM","10:00",null,null,"Rockets Turnover: 8 Second Violation (T#2)",null,null],["0041400154",18,5,1,1,"9:21 PM","9:49","Aminu Bad Pass Turnover (P1.T1)",null,"Terry STEAL (1 STL)",null,null],["0041400154",19,1,7,1,"9:21 PM","9:38",null,null,"Jones  Dunk (4 PTS) (Ariza 1 AST)","6 - 4","-2"],["0041400154",20,1,52,1,"9:22 PM","9:29","Chandler  Alley Oop Dunk (4 PTS) (Barea 1 AST)",null,null,"6 - 6","TIE"],["0041400154",21,2,42,1,"9:22 PM","9:09","Nowitzki BLOCK (1 BLK)",null,"MISS Jones 2' Driving Layup",null,null],["0041400154",22,4,0,1,"9:22 PM","9:07","Aminu REBOUND (Off:0 Def:1)",null,null,null,null],["0041400154",23,2,42,1,"9:22 PM","9:01","MISS Barea 1' Driving Layup",null,null,null,null],["0041400154",24,4,0,1,"9:22 PM","8:59",null,null,"Howard REBOUND (Off:0 Def:1)",null,null],["0041400154",25,2,1,1,"9:22 PM","8:52",null,null,"MISS Ariza 21' Jump Shot",null,null],["0041400154",26,4,0,1,"9:22 PM","8:51","Aminu REBOUND (Off:0 Def:2)",null,null,null,null],["0041400154",27,1,79,1,"9:22 PM","8:37","Ellis 20' Pullup Jump Shot (4 PTS)",null,null,"6 - 8","2"],["0041400154",28,2,1,1,"9:23 PM","8:16",null,null,"MISS Harden 25' 3PT Jump Shot",null,null],["0041400154",29,4,0,1,"9:23 PM","8:15","Ellis REBOUND (Off:0 Def:1)",null,null,null,null],["0041400154",30,5,1,1,"9:23 PM","8:12","Ellis Bad Pass Turnover (P1.T2)",null,null,null,null],["0041400154",31,1,75,1,"9:23 PM","7:54",null,null,"Howard 1' Driving Finger Roll Layup (2 PTS)","8 - 8","TIE"],["0041400154",32,6,2,1,"9:23 PM","7:54","Chandler S.FOUL (P1.T1) (M.McCutchen)",null,null,null,null],["0041400154",33,8,0,1,"9:24 PM","7:54","SUB: Stoudemire FOR Chandler",null,null,null,null],["0041400154",34,3,10,1,"9:24 PM","7:54",null,null,"MISS Howard Free Throw 1 of 1",null,null],["0041400154",36,4,0,1,"9:24 PM","7:54","Aminu REBOUND (Off:0 Def:3)",null,null,null,null],["0041400154",37,1,46,1,"9:25 PM","7:40","Barea 8' Running Jump Shot (2 PTS)",null,null,"8 - 10","2"],["0041400154",38,1,58,1,"9:25 PM","7:23",null,null,"Howard 6' Turnaround Hook Shot (4 PTS)","10 - 10","TIE"],["0041400154",39,2,1,1,"9:25 PM","7:05","MISS Stoudemire 16' Jump Shot",null,null,null,null],["0041400154",40,4,0,1,"9:25 PM","7:04",null,null,"Jones REBOUND (Off:0 Def:2)",null,null],["0041400154",41,5,40,1,"9:25 PM","6:56",null,null,"Howard Out of Bounds Lost Ball Turnover (P1.T3)",null,null],["0041400154",43,2,1,1,"9:26 PM","6:50","MISS Nowitzki 7' Jump Shot",null,null,null,null],["0041400154",44,4,0,1,"9:26 PM","6:49",null,null,"Jones REBOUND (Off:0 Def:3)",null,null],["0041400154",45,1,52,1,"9:26 PM","6:45",null,null,"Howard  Alley Oop Dunk (6 PTS) (Terry 2 AST)","12 - 10","-2"],["0041400154",46,1,1,1,"9:26 PM","6:27","Stoudemire 18' Jump Shot (2 PTS) (Barea 2 AST)",null,null,"12 - 12","TIE"],["0041400154",47,6,2,1,"9:26 PM","6:16","Stoudemire S.FOUL (P1.T2) (J.Tiven)",null,null,null,null],["0041400154",48,3,11,1,"9:27 PM","6:16",null,null,"MISS Howard Free Throw 1 of 2",null,null],["0041400154",49,4,1,1,"9:27 PM","6:16",null,null,"Rockets Rebound",null,null],["0041400154",50,8,0,1,"9:27 PM","6:16","SUB: Villanueva FOR Nowitzki",null,null,null,null],["0041400154",51,8,0,1,"9:27 PM","6:16","SUB: Chandler FOR Stoudemire",null,null,null,null],["0041400154",52,3,12,1,"9:27 PM","6:16",null,null,"MISS Howard Free Throw 2 of 2",null,null],["0041400154",54,4,0,1,"9:27 PM","6:15","Aminu REBOUND (Off:0 Def:4)",null,null,null,null],["0041400154",55,1,1,1,"9:28 PM","5:55","Aminu 25' 3PT Jump Shot (3 PTS) (Barea 3 AST)",null,null,"12 - 15","3"],["0041400154",56,1,42,1,"9:28 PM","5:36",null,null,"Jones 2' Driving Layup (6 PTS) (Harden 1 AST)","14 - 15","1"],["0041400154",57,6,2,1,"9:28 PM","5:36","Chandler S.FOUL (P2.T3) (M.McCutchen)",null,null,null,null],["0041400154",59,9,1,1,"9:28 PM","5:36","MAVERICKS Timeout: Regular (Full 1 Short 0)",null,null,null,null],["0041400154",60,8,0,1,"9:31 PM","5:36","SUB: Stoudemire FOR Chandler",null,null,null,null],["0041400154",62,3,10,1,"9:31 PM","5:36",null,null,"Jones Free Throw 1 of 1 (7 PTS)","15 - 15","TIE"],["0041400154",65,2,1,1,"9:32 PM","5:14","MISS Ellis 19' Jump Shot",null,null,null,null],["0041400154",66,4,0,1,"9:32 PM","5:14",null,null,"Jones REBOUND (Off:0 Def:4)",null,null],["0041400154",67,6,1,1,"9:32 PM","5:08","Villanueva P.FOUL (P1.T4) (D.Stafford)",null,null,null,null],["0041400154",68,8,0,1,"9:32 PM","5:08",null,null,"SUB: Smith FOR Jones",null,null],["0041400154",69,1,43,1,"9:32 PM","5:03",null,null,"Howard  Alley Oop Layup (8 PTS) (Terry 3 AST)","17 - 15","-2"],["0041400154",70,2,42,1,"9:33 PM","4:52","MISS Barea 1' Driving Layup",null,null,null,null],["0041400154",72,4,0,1,"9:33 PM","4:51","Aminu REBOUND (Off:1 Def:4)",null,null,null,null],["0041400154",71,2,4,1,"9:33 PM","4:51","MISS Aminu 1' Tip Shot",null,null,null,null],["0041400154",74,4,0,1,"9:33 PM","4:49","Aminu REBOUND (Off:2 Def:4)",null,null,null,null],["0041400154",73,1,72,1,"9:33 PM","4:49","Aminu 1' Putback Layup (5 PTS)",null,null,"17 - 17","TIE"],["0041400154",75,1,42,1,"9:33 PM","4:33",null,null,"Harden 2' Driving Layup (4 PTS)","19 - 17","-2"],["0041400154",76,1,7,1,"9:33 PM","4:24","Stoudemire  Dunk (4 PTS) (Barea 4 AST)",null,null,"19 - 19","TIE"],["0041400154",77,1,52,1,"9:33 PM","4:09",null,null,"Howard  Alley Oop Dunk (10 PTS) (Smith 1 AST)","21 - 19","-2"],["0041400154",78,1,1,1,"9:34 PM","3:56","Stoudemire 19' Jump Shot (6 PTS) (Barea 5 AST)",null,null,"21 - 21","TIE"],["0041400154",79,1,1,1,"9:34 PM","3:38",null,null,"Terry  3PT Jump Shot (3 PTS) (Smith 2 AST)","24 - 21","-3"],["0041400154",80,6,1,1,"9:34 PM","3:22",null,null,"Terry P.FOUL (P1.T2) (D.Stafford)",null,null],["0041400154",81,8,0,1,"9:34 PM","3:22",null,null,"SUB: Capela FOR Terry",null,null],["0041400154",82,8,0,1,"9:34 PM","3:22","SUB: Harris FOR Stoudemire",null,null,null,null],["0041400154",83,8,0,1,"9:34 PM","3:22","SUB: Nowitzki FOR Barea",null,null,null,null],["0041400154",84,8,0,1,"9:35 PM","3:22",null,null,"SUB: Brewer FOR Ariza",null,null],["0041400154",85,8,0,1,"9:35 PM","3:22",null,null,"SUB: Prigioni FOR Howard",null,null],["0041400154",86,2,1,1,"9:35 PM","3:07","MISS Aminu  3PT Jump Shot",null,null,null,null],["0041400154",87,4,0,1,"9:35 PM","3:06","Villanueva REBOUND (Off:1 Def:0)",null,null,null,null],["0041400154",88,2,5,1,"9:35 PM","3:04","MISS Villanueva  Layup",null,"Brewer BLOCK (1 BLK)",null,null],["0041400154",89,8,0,1,"9:35 PM","3:04",null,null,"SUB: Jones FOR Capela",null,null],["0041400154",91,10,0,1,"9:36 PM","3:04","Jump Ball Villanueva vs. Brewer: Tip to Nowitzki",null,null,null,null],["0041400154",90,4,0,1,"9:36 PM","3:04","Villanueva REBOUND (Off:2 Def:0)",null,null,null,null],["0041400154",92,2,1,1,"9:36 PM","2:56","MISS Villanueva 24' 3PT Jump Shot",null,null,null,null],["0041400154",93,4,0,1,"9:36 PM","2:55",null,null,"Harden REBOUND (Off:0 Def:1)",null,null],["0041400154",94,5,4,1,"9:36 PM","2:45",null,null,"Smith Traveling Turnover (P1.T4)",null,null],["0041400154",96,9,1,1,"9:36 PM","2:45",null,null,"Rockets Timeout: Regular (Reg.1 Short 0)",null,null],["0041400154",99,8,0,1,"9:38 PM","2:45","SUB: Stoudemire FOR Aminu",null,null,null,null],["0041400154",100,8,0,1,"9:38 PM","2:45","SUB: Jefferson FOR Villanueva",null,null,null,null],["0041400154",102,6,27,1,"9:40 PM","2:35",null,null,"Brewer Personal Block Foul (P1.T3) (J.Tiven)",null,null],["0041400154",103,8,0,1,"9:40 PM","2:35",null,null,"SUB: Capela FOR Jones",null,null],["0041400154",104,5,2,1,"9:40 PM","2:27","Ellis Lost Ball Turnover (P2.T3)",null,"Smith STEAL (1 STL)",null,null],["0041400154",105,2,1,1,"9:40 PM","2:20",null,null,"MISS Prigioni  3PT Jump Shot",null,null],["0041400154",106,4,0,1,"9:40 PM","2:19","Nowitzki REBOUND (Off:0 Def:1)",null,null,null,null],["0041400154",107,1,42,1,"9:40 PM","2:16","Ellis 1' Driving Layup (6 PTS) (Nowitzki 1 AST)",null,null,"24 - 23","-1"],["0041400154",108,6,1,1,"9:40 PM","2:05","Harris P.FOUL (P1.PN) (M.McCutchen)",null,null,null,null],["0041400154",109,3,11,1,"9:41 PM","2:05",null,null,"Harden Free Throw 1 of 2 (5 PTS)","25 - 23","-2"],["0041400154",111,3,12,1,"9:41 PM","2:05",null,null,"Harden Free Throw 2 of 2 (6 PTS)","26 - 23","-3"],["0041400154",114,6,1,1,"9:42 PM","1:57",null,null,"Capela P.FOUL (P1.T4) (M.McCutchen)",null,null],["0041400154",115,6,2,1,"9:42 PM","1:49",null,null,"Capela S.FOUL (P2.PN) (J.Tiven)",null,null],["0041400154",116,3,11,1,"9:42 PM","1:49","MISS Stoudemire Free Throw 1 of 2",null,null,null,null],["0041400154",117,4,1,1,"9:42 PM","1:49","MAVERICKS Rebound",null,null,null,null],["0041400154",118,3,12,1,"9:43 PM","1:49","MISS Stoudemire Free Throw 2 of 2",null,null,null,null],["0041400154",120,4,0,1,"9:43 PM","1:48",null,null,"Harden REBOUND (Off:0 Def:2)",null,null],["0041400154",122,2,80,1,"9:43 PM","1:37",null,null,"MISS Harden 15' Step Back Jump Shot",null,null],["0041400154",123,4,0,1,"9:43 PM","1:37","Harris REBOUND (Off:0 Def:1)",null,null,null,null],["0041400154",124,5,1,1,"9:43 PM","1:31","Ellis Bad Pass Turnover (P3.T4)",null,"Harden STEAL (1 STL)",null,null],["0041400154",125,6,27,1,"9:43 PM","1:31","Ellis Personal Block Foul (P1.PN) (D.Stafford)",null,null,null,null],["0041400154",126,3,11,1,"9:44 PM","1:31",null,null,"Harden Free Throw 1 of 2 (7 PTS)","27 - 23","-4"],["0041400154",128,8,0,1,"9:44 PM","1:31","SUB: Felton FOR Ellis",null,null,null,null],["0041400154",129,3,12,1,"9:44 PM","1:31",null,null,"Harden Free Throw 2 of 2 (8 PTS)","28 - 23","-5"],["0041400154",132,2,47,1,"9:44 PM","1:15","MISS Stoudemire 8' Turnaround Jump Shot",null,null,null,null],["0041400154",133,4,0,1,"9:45 PM","1:14",null,null,"Brewer REBOUND (Off:0 Def:1)",null,null],["0041400154",134,6,28,1,"9:45 PM","1:11","Jefferson Personal Take Foul (P1.PN) (J.Tiven)",null,null,null,null],["0041400154",135,3,11,1,"9:45 PM","1:11",null,null,"Capela Free Throw 1 of 2 (1 PTS)","29 - 23","-6"],["0041400154",137,3,12,1,"9:45 PM","1:11",null,null,"Capela Free Throw 2 of 2 (2 PTS)","30 - 23","-7"],["0041400154",140,5,1,1,"9:46 PM","0:52","Nowitzki Bad Pass Turnover (P1.T5)",null,"Harden STEAL (2 STL)",null,null],["0041400154",141,1,90,1,"9:46 PM","0:49",null,null,"Brewer  Running Slam Dunk (2 PTS) (Harden 2 AST)","32 - 23","-9"],["0041400154",142,1,42,1,"9:46 PM","0:29","Nowitzki 1' Driving Layup (2 PTS)",null,null,"32 - 25","-7"],["0041400154",143,2,1,1,"9:47 PM","0:04",null,null,"MISS Harden 24' 3PT Jump Shot",null,null],["0041400154",144,4,0,1,"9:47 PM","0:03",null,null,"Smith REBOUND (Off:1 Def:0)",null,null],["0041400154",145,1,80,1,"9:47 PM","0:00",null,null,"Harden 10' Step Back Jump Shot (10 PTS)","34 - 25","-9"],["0041400154",146,18,0,1,"9:47 PM","0:00",null,null,null,null,null],["0041400154",148,13,0,1,"9:47 PM","0:00",null,null,null,"34 - 25","-9"],["0041400154",150,12,0,2,"9:51 PM","12:00",null,null,null,"34 - 25","-9"],["0041400154",151,1,50,2,"9:51 PM","11:46",null,null,"Ariza  Running Dunk (2 PTS) (Smith 3 AST)","36 - 25","-11"],["0041400154",152,2,77,2,"9:51 PM","11:27","MISS Harris 6' Driving Jump Shot",null,"Howard BLOCK (1 BLK)",null,null],["0041400154",153,4,0,2,"9:51 PM","11:26",null,null,"Ariza REBOUND (Off:0 Def:2)",null,null],["0041400154",154,6,2,2,"9:51 PM","11:22","Stoudemire S.FOUL (P2.T1) (J.Tiven)",null,null,null,null],["0041400154",155,3,11,2,"9:52 PM","11:22",null,null,"Smith Free Throw 1 of 2 (1 PTS)","37 - 25","-12"],["0041400154",157,8,0,2,"9:52 PM","11:22","SUB: Chandler FOR Stoudemire",null,null,null,null],["0041400154",158,8,0,2,"9:52 PM","11:22","SUB: Ellis FOR Felton",null,null,null,null],["0041400154",159,3,12,2,"9:52 PM","11:22",null,null,"MISS Smith Free Throw 2 of 2",null,null],["0041400154",161,4,0,2,"9:52 PM","11:21","Chandler REBOUND (Off:0 Def:1)",null,null,null,null],["0041400154",163,7,5,2,"9:52 PM","11:14",null,null,"Brewer Violation:Kicked Ball (M.McCutchen)",null,null],["0041400154",164,6,1,2,"9:53 PM","11:08",null,null,"Brewer P.FOUL (P2.T1) (J.Tiven)",null,null],["0041400154",165,1,80,2,"9:53 PM","10:56","Nowitzki 12' Step Back Jump Shot (4 PTS)",null,null,"37 - 27","-10"],["0041400154",166,2,3,2,"9:54 PM","10:31",null,null,"MISS Smith 11' Hook Shot",null,null],["0041400154",167,4,0,2,"9:54 PM","10:30","Nowitzki REBOUND (Off:0 Def:2)",null,null,null,null],["0041400154",168,1,84,2,"9:54 PM","10:27","Harris 3' Running Bank Shot (2 PTS) (Nowitzki 2 AST)",null,null,"37 - 29","-8"],["0041400154",169,2,1,2,"9:54 PM","10:08",null,null,"MISS Prigioni 25' 3PT Jump Shot",null,null],["0041400154",170,4,0,2,"9:54 PM","10:07",null,null,"Smith REBOUND (Off:2 Def:0)",null,null],["0041400154",171,2,1,2,"9:54 PM","10:03",null,null,"MISS Brewer  3PT Jump Shot",null,null],["0041400154",172,4,0,2,"9:54 PM","10:02","Ellis REBOUND (Off:0 Def:2)",null,null,null,null],["0041400154",173,1,50,2,"9:54 PM","9:57","Jefferson  Running Dunk (2 PTS) (Ellis 2 AST)",null,null,"37 - 31","-6"],["0041400154",174,6,1,2,"9:55 PM","9:30","Nowitzki P.FOUL (P1.T2) (D.Stafford)",null,null,null,null],["0041400154",175,6,11,2,"9:55 PM","9:30",null,null,null,null,null],["0041400154",176,3,16,2,"9:56 PM","9:30",null,null,"Ariza Free Throw Technical (3 PTS)","38 - 31","-7"],["0041400154",178,2,1,2,"9:56 PM","9:18",null,null,"MISS Prigioni 25' 3PT Jump Shot",null,null],["0041400154",179,4,0,2,"9:56 PM","9:15","Nowitzki REBOUND (Off:0 Def:3)",null,null,null,null],["0041400154",180,2,1,2,"9:56 PM","9:10","MISS Harris  3PT Jump Shot",null,null,null,null],["0041400154",181,4,0,2,"9:57 PM","9:09",null,null,"Brewer REBOUND (Off:0 Def:2)",null,null],["0041400154",182,5,1,2,"9:57 PM","9:04","Harris STEAL (1 STL)",null,"Brewer Bad Pass Turnover (P1.T5)",null,null],["0041400154",183,5,1,2,"9:57 PM","9:00","Jefferson Bad Pass Turnover (P1.T6)",null,"Prigioni STEAL (1 STL)",null,null],["0041400154",184,6,14,2,"9:57 PM","8:59","Harris FLAGRANT.FOUL.TYPE1 (P2.T3) (M.McCutchen)",null,null,null,null],["0041400154",185,9,4,2,"9:57 PM","8:59",null,null,null,null,null],["0041400154",186,18,0,2,"9:57 PM","8:59",null,null,null,null,null],["0041400154",190,8,0,2,"10:00 PM","8:59","SUB: Barea FOR Harris",null,null,null,null],["0041400154",192,3,18,2,"10:00 PM","8:59",null,null,"MISS Howard Free Throw Flagrant 1 of 2",null,null],["0041400154",193,4,1,2,"10:00 PM","8:59",null,null,"Rockets Rebound",null,null],["0041400154",194,3,19,2,"10:01 PM","8:59",null,null,"MISS Howard Free Throw Flagrant 2 of 2",null,null],["0041400154",195,4,1,2,"10:01 PM","8:59",null,null,"Rockets Rebound",null,null],["0041400154",197,6,1,2,"10:01 PM","8:54","Barea P.FOUL (P1.T4) (M.McCutchen)",null,null,null,null],["0041400154",198,6,28,2,"10:02 PM","8:50","Jefferson Personal Take Foul (P2.PN) (M.McCutchen)",null,null,null,null],["0041400154",199,3,11,2,"10:03 PM","8:50",null,null,"MISS Smith Free Throw 1 of 2",null,null],["0041400154",200,4,1,2,"10:03 PM","8:50",null,null,"Rockets Rebound",null,null],["0041400154",201,3,12,2,"10:03 PM","8:50",null,null,"Smith Free Throw 2 of 2 (2 PTS)","39 - 31","-8"],["0041400154",204,2,1,2,"10:03 PM","8:35","MISS Ellis 20' Jump Shot",null,null,null,null],["0041400154",205,4,0,2,"10:03 PM","8:34",null,null,"Howard REBOUND (Off:0 Def:2)",null,null],["0041400154",206,1,76,2,"10:04 PM","8:24",null,null,"Brewer 2' Running Finger Roll Layup (4 PTS)","41 - 31","-10"],["0041400154",207,9,1,2,"10:04 PM","8:23","MAVERICKS Timeout: Regular (Full 2 Short 0)",null,null,null,null],["0041400154",209,8,0,2,"10:06 PM","8:23","SUB: Aminu FOR Jefferson",null,null,null,null],["0041400154",211,2,86,2,"10:07 PM","8:07","MISS Nowitzki 5' Turnaround Fadeaway Shot",null,null,null,null],["0041400154",212,4,0,2,"10:07 PM","8:06","Aminu REBOUND (Off:3 Def:4)",null,null,null,null],["0041400154",213,1,1,2,"10:07 PM","8:02","Ellis 24' 3PT Jump Shot (9 PTS) (Aminu 1 AST)",null,null,"41 - 34","-7"],["0041400154",214,2,79,2,"10:08 PM","7:53",null,null,"MISS Ariza 21' Pullup Jump Shot",null,null],["0041400154",215,4,0,2,"10:08 PM","7:53","Ellis REBOUND (Off:0 Def:3)",null,null,null,null],["0041400154",216,2,1,2,"10:08 PM","7:47","MISS Ellis 25' 3PT Jump Shot",null,null,null,null],["0041400154",217,4,0,2,"10:08 PM","7:46","Ellis REBOUND (Off:1 Def:3)",null,null,null,null],["0041400154",218,2,1,2,"10:08 PM","7:33","MISS Nowitzki 13' Jump Shot",null,null,null,null],["0041400154",219,4,0,2,"10:08 PM","7:33",null,null,"Smith REBOUND (Off:2 Def:1)",null,null],["0041400154",220,2,1,2,"10:08 PM","7:17",null,null,"MISS Ariza 21' Jump Shot",null,null],["0041400154",221,4,0,2,"10:08 PM","7:16","Chandler REBOUND (Off:0 Def:2)",null,null,null,null],["0041400154",222,1,42,2,"10:08 PM","7:11","Ellis 2' Driving Layup (11 PTS) (Barea 6 AST)",null,null,"41 - 36","-5"],["0041400154",223,9,1,2,"10:08 PM","7:03",null,null,"Rockets Timeout: Regular (Reg.2 Short 0)",null,null],["0041400154",225,8,0,2,"10:11 PM","7:03","SUB: Villanueva FOR Nowitzki",null,null,null,null],["0041400154",226,8,0,2,"10:11 PM","7:03",null,null,"SUB: Harden FOR Ariza",null,null],["0041400154",227,8,0,2,"10:11 PM","7:03",null,null,"SUB: Terry FOR Smith",null,null],["0041400154",228,8,0,2,"10:11 PM","7:03",null,null,"SUB: Jones FOR Prigioni",null,null],["0041400154",229,6,28,2,"10:12 PM","7:02","Aminu Personal Take Foul (P1.PN) (D.Stafford)",null,null,null,null],["0041400154",230,3,11,2,"10:12 PM","7:02",null,null,"MISS Howard Free Throw 1 of 2",null,null],["0041400154",231,4,1,2,"10:12 PM","7:02",null,null,"Rockets Rebound",null,null],["0041400154",232,3,12,2,"10:12 PM","7:02",null,null,"Howard Free Throw 2 of 2 (11 PTS)","42 - 36","-6"],["0041400154",234,1,1,2,"10:12 PM","6:51","Villanueva 24' 3PT Jump Shot (3 PTS) (Barea 7 AST)",null,null,"42 - 39","-3"],["0041400154",235,1,42,2,"10:13 PM","6:36",null,null,"Brewer 3' Driving Layup (6 PTS) (Howard 1 AST)","44 - 39","-5"],["0041400154",236,1,1,2,"10:13 PM","6:26","Aminu  3PT Jump Shot (8 PTS) (Villanueva 1 AST)",null,null,"44 - 42","-2"],["0041400154",237,2,1,2,"10:13 PM","6:09",null,null,"MISS Harden 24' 3PT Jump Shot",null,null],["0041400154",238,4,0,2,"10:13 PM","6:07","Villanueva REBOUND (Off:2 Def:1)",null,null,null,null],["0041400154",239,2,1,2,"10:13 PM","6:02","MISS Villanueva 26' 3PT Jump Shot",null,null,null,null],["0041400154",240,4,0,2,"10:13 PM","6:00","Barea REBOUND (Off:1 Def:0)",null,null,null,null],["0041400154",241,2,66,2,"10:13 PM","5:53","MISS Barea 6' Jump Bank Shot",null,"Howard BLOCK (2 BLK)",null,null],["0041400154",243,4,0,2,"10:13 PM","5:50","Chandler REBOUND (Off:1 Def:2)",null,null,null,null],["0041400154",242,1,87,2,"10:13 PM","5:50","Chandler  Putback Dunk (6 PTS)",null,null,"44 - 44","TIE"],["0041400154",244,6,27,2,"10:14 PM","5:28","Barea Personal Block Foul (P2.PN) (J.Tiven)",null,null,null,null],["0041400154",245,3,11,2,"10:14 PM","5:28",null,null,"Harden Free Throw 1 of 2 (11 PTS)","45 - 44","-1"],["0041400154",247,3,12,2,"10:15 PM","5:28",null,null,"Harden Free Throw 2 of 2 (12 PTS)","46 - 44","-2"],["0041400154",250,1,73,2,"10:15 PM","5:18","Ellis 1' Driving Reverse Layup (13 PTS)",null,null,"46 - 46","TIE"],["0041400154",251,1,82,2,"10:15 PM","5:03",null,null,"Jones 5' Driving Bank Shot (9 PTS)","48 - 46","-2"],["0041400154",252,1,80,2,"10:16 PM","4:44","Barea 11' Step Back Jump Shot (4 PTS)",null,null,"48 - 48","TIE"],["0041400154",253,2,58,2,"10:16 PM","4:22",null,null,"MISS Jones 5' Turnaround Hook Shot",null,null],["0041400154",254,4,0,2,"10:16 PM","4:21","Chandler REBOUND (Off:1 Def:3)",null,null,null,null],["0041400154",255,2,1,2,"10:16 PM","4:14","MISS Barea 24' 3PT Jump Shot",null,null,null,null],["0041400154",256,4,0,2,"10:16 PM","4:13",null,null,"Howard REBOUND (Off:0 Def:3)",null,null],["0041400154",257,2,1,2,"10:16 PM","4:04",null,null,"MISS Terry  3PT Jump Shot",null,null],["0041400154",258,4,0,2,"10:16 PM","4:03","Chandler REBOUND (Off:1 Def:4)",null,null,null,null],["0041400154",259,6,3,2,"10:16 PM","4:03",null,null,"Howard L.B.FOUL (P2.T2) (D.Stafford)",null,null],["0041400154",260,1,79,2,"10:17 PM","3:46","Barea 15' Pullup Jump Shot (6 PTS)",null,null,"48 - 50","2"],["0041400154",261,2,1,2,"10:17 PM","3:37",null,null,"MISS Brewer 9' Jump Shot",null,null],["0041400154",262,4,0,2,"10:17 PM","3:36","Chandler REBOUND (Off:1 Def:5)",null,null,null,null],["0041400154",263,1,1,2,"10:17 PM","3:28","Villanueva  3PT Jump Shot (6 PTS) (Barea 8 AST)",null,null,"48 - 53","5"],["0041400154",264,9,2,2,"10:17 PM","3:27",null,null,"Rockets Timeout: Short (Reg.2 Short 1)",null,null],["0041400154",266,8,0,2,"10:18 PM","3:27",null,null,"SUB: Ariza FOR Brewer",null,null],["0041400154",267,6,28,2,"10:19 PM","3:25","Villanueva Personal Take Foul (P2.PN) (D.Stafford)",null,null,null,null],["0041400154",268,3,11,2,"10:19 PM","3:25",null,null,"MISS Howard Free Throw 1 of 2",null,null],["0041400154",269,4,1,2,"10:19 PM","3:25",null,null,"Rockets Rebound",null,null],["0041400154",270,3,12,2,"10:19 PM","3:25",null,null,"MISS Howard Free Throw 2 of 2",null,null],["0041400154",272,4,0,2,"10:20 PM","3:24","Villanueva REBOUND (Off:2 Def:2)",null,null,null,null],["0041400154",273,2,1,2,"10:20 PM","3:04","MISS Villanueva  3PT Jump Shot",null,null,null,null],["0041400154",274,4,0,2,"10:20 PM","3:03","Barea REBOUND (Off:2 Def:0)",null,null,null,null],["0041400154",275,1,40,2,"10:20 PM","2:59","Barea  Layup (8 PTS)",null,null,"48 - 55","7"],["0041400154",276,1,42,2,"10:20 PM","2:48",null,null,"Jones 2' Driving Layup (11 PTS) (Harden 3 AST)","50 - 55","5"],["0041400154",277,6,2,2,"10:20 PM","2:41",null,null,"Terry S.FOUL (P2.T3) (D.Stafford)",null,null],["0041400154",278,3,11,2,"10:21 PM","2:41","MISS Barea Free Throw 1 of 2",null,null,null,null],["0041400154",279,4,1,2,"10:21 PM","2:41","MAVERICKS Rebound",null,null,null,null],["0041400154",280,8,0,2,"10:21 PM","2:41",null,null,"SUB: Smith FOR Howard",null,null],["0041400154",281,3,12,2,"10:21 PM","2:41","Barea Free Throw 2 of 2 (9 PTS)",null,null,"50 - 56","6"],["0041400154",284,2,1,2,"10:22 PM","2:18",null,null,"MISS Ariza 25' 3PT Jump Shot",null,null],["0041400154",285,4,0,2,"10:22 PM","2:17","Aminu REBOUND (Off:3 Def:5)",null,null,null,null],["0041400154",286,6,2,2,"10:22 PM","2:10",null,null,"Ariza S.FOUL (P1.T4) (J.Tiven)",null,null],["0041400154",287,3,11,2,"10:22 PM","2:10","MISS Chandler Free Throw 1 of 2",null,null,null,null],["0041400154",288,4,1,2,"10:22 PM","2:10","MAVERICKS Rebound",null,null,null,null],["0041400154",289,3,12,2,"10:23 PM","2:10","MISS Chandler Free Throw 2 of 2",null,null,null,null],["0041400154",291,4,0,2,"10:23 PM","2:09",null,null,"Harden REBOUND (Off:0 Def:3)",null,null],["0041400154",293,1,1,2,"10:23 PM","1:55",null,null,"Harden 24' 3PT Jump Shot (15 PTS)","53 - 56","3"],["0041400154",294,9,2,2,"10:23 PM","1:47","MAVERICKS Timeout: Short (Full 2 Short 1)",null,null,null,null],["0041400154",295,8,0,2,"10:24 PM","1:47","SUB: Nowitzki FOR Villanueva",null,null,null,null],["0041400154",297,5,1,2,"10:25 PM","1:42","Ellis Bad Pass Turnover (P4.T7)",null,"Jones STEAL (1 STL)",null,null],["0041400154",298,2,1,2,"10:25 PM","1:35",null,null,"MISS Terry  3PT Jump Shot",null,null],["0041400154",299,4,0,2,"10:25 PM","1:34","Aminu REBOUND (Off:3 Def:6)",null,null,null,null],["0041400154",300,1,1,2,"10:25 PM","1:22","Barea 25' 3PT Jump Shot (12 PTS) (Nowitzki 3 AST)",null,null,"53 - 59","6"],["0041400154",301,2,1,2,"10:25 PM","1:08",null,null,"MISS Jones 25' 3PT Jump Shot",null,null],["0041400154",302,4,0,2,"10:25 PM","1:07","Barea REBOUND (Off:2 Def:1)",null,null,null,null],["0041400154",303,5,40,2,"10:25 PM","1:03","Barea Out of Bounds Lost Ball Turnover (P1.T8)",null,null,null,null],["0041400154",304,6,4,2,"10:26 PM","0:54",null,null,"Smith OFF.Foul (P1) (D.Stafford)",null,null],["0041400154",305,5,5,2,"10:26 PM","0:54",null,null,"Smith Foul Turnover (P2.T6)",null,null],["0041400154",306,2,79,2,"10:26 PM","0:30","MISS Ellis 16' Pullup Jump Shot",null,null,null,null],["0041400154",307,4,0,2,"10:26 PM","0:29",null,null,"Ariza REBOUND (Off:0 Def:3)",null,null],["0041400154",308,2,1,2,"10:26 PM","0:22",null,null,"MISS Terry 22' Jump Shot",null,null],["0041400154",310,4,0,2,"10:26 PM","0:20",null,null,"Jones REBOUND (Off:1 Def:4)",null,null],["0041400154",309,2,4,2,"10:26 PM","0:20",null,null,"MISS Jones 3' Tip Shot",null,null],["0041400154",311,4,0,2,"10:26 PM","0:20","Nowitzki REBOUND (Off:0 Def:4)",null,null,null,null],["0041400154",312,2,42,2,"10:27 PM","0:04","MISS Barea 1' Driving Layup",null,null,null,null],["0041400154",314,4,0,2,"10:27 PM","0:04","Chandler REBOUND (Off:2 Def:5)",null,null,null,null],["0041400154",313,1,87,2,"10:27 PM","0:04","Chandler  Putback Dunk (8 PTS)",null,null,"53 - 61","8"],["0041400154",315,2,1,2,"10:27 PM","0:00",null,null,"MISS Jones 25' 3PT Jump Shot",null,null],["0041400154",316,4,0,2,"10:27 PM","0:00",null,null,"Rockets Rebound",null,null],["0041400154",318,13,0,2,"10:27 PM","0:00",null,null,null,"53 - 61","8"],["0041400154",320,12,0,3,"10:45 PM","12:00",null,null,null,"53 - 61","8"],["0041400154",321,2,1,3,"10:45 PM","11:33",null,null,"MISS Harden 26' 3PT Jump Shot",null,null],["0041400154",322,4,0,3,"10:45 PM","11:33",null,null,"Rockets Rebound",null,null],["0041400154",323,6,1,3,"10:45 PM","11:33","Chandler P.FOUL (P3.T1) (D.Stafford)",null,null,null,null],["0041400154",324,2,5,3,"10:46 PM","11:24",null,null,"MISS Jones 1' Layup",null,null],["0041400154",325,4,0,3,"10:46 PM","11:23","MAVERICKS Rebound",null,null,null,null],["0041400154",326,5,1,3,"10:46 PM","11:12","Barea Bad Pass Turnover (P2.T9)",null,"Ariza STEAL (1 STL)",null,null],["0041400154",327,6,2,3,"10:46 PM","11:06","Barea S.FOUL (P3.T2) (M.McCutchen)",null,null,null,null],["0041400154",328,3,11,3,"10:47 PM","11:06",null,null,"Jones Free Throw 1 of 2 (12 PTS)","54 - 61","7"],["0041400154",330,3,12,3,"10:47 PM","11:06",null,null,"Jones Free Throw 2 of 2 (13 PTS)","55 - 61","6"],["0041400154",332,6,2,3,"10:47 PM","10:54",null,null,"Harden S.FOUL (P1.T1) (M.McCutchen)",null,null],["0041400154",333,3,11,3,"10:48 PM","10:54","MISS Chandler Free Throw 1 of 2",null,null,null,null],["0041400154",334,4,1,3,"10:48 PM","10:54","MAVERICKS Rebound",null,null,null,null],["0041400154",335,3,12,3,"10:48 PM","10:54","MISS Chandler Free Throw 2 of 2",null,null,null,null],["0041400154",337,4,0,3,"10:48 PM","10:54",null,null,"Rockets Rebound",null,null],["0041400154",338,7,5,3,"10:49 PM","10:42","Aminu Violation:Kicked Ball (J.Tiven)",null,null,null,null],["0041400154",339,2,42,3,"10:49 PM","10:31","Chandler BLOCK (1 BLK)",null,"MISS Jones 2' Driving Layup",null,null],["0041400154",340,4,0,3,"10:49 PM","10:30","Chandler REBOUND (Off:2 Def:6)",null,null,null,null],["0041400154",341,1,77,3,"10:49 PM","10:23","Ellis 4' Driving Jump Shot (15 PTS) (Barea 9 AST)",null,null,"55 - 63","8"],["0041400154",342,2,1,3,"10:49 PM","10:06",null,null,"MISS Harden  3PT Jump Shot",null,null],["0041400154",343,4,0,3,"10:49 PM","10:05","Chandler REBOUND (Off:2 Def:7)",null,null,null,null],["0041400154",344,1,1,3,"10:50 PM","9:52","Nowitzki 14' Jump Shot (6 PTS) (Chandler 1 AST)",null,null,"55 - 65","10"],["0041400154",345,6,1,3,"10:50 PM","9:31","Aminu P.FOUL (P2.T3) (M.McCutchen)",null,null,null,null],["0041400154",346,5,11,3,"10:50 PM","9:17",null,null,"Rockets Turnover: Shot Clock (T#7)",null,null],["0041400154",347,2,1,3,"10:51 PM","8:56","MISS Ellis 26' 3PT Jump Shot",null,null,null,null],["0041400154",348,4,0,3,"10:51 PM","8:55",null,null,"Jones REBOUND (Off:1 Def:5)",null,null],["0041400154",349,5,1,3,"10:51 PM","8:42",null,null,"Jones Bad Pass Turnover (P1.T8)",null,null],["0041400154",350,2,1,3,"10:51 PM","8:33","MISS Nowitzki  3PT Jump Shot",null,null,null,null],["0041400154",351,4,0,3,"10:52 PM","8:32",null,null,"Howard REBOUND (Off:0 Def:4)",null,null],["0041400154",352,6,2,3,"10:52 PM","8:25","Nowitzki S.FOUL (P2.T4) (M.McCutchen)",null,null,null,null],["0041400154",353,3,11,3,"10:52 PM","8:25",null,null,"MISS Howard Free Throw 1 of 2",null,null],["0041400154",354,4,1,3,"10:52 PM","8:25",null,null,"Rockets Rebound",null,null],["0041400154",355,8,0,3,"10:52 PM","8:25",null,null,"SUB: Brewer FOR Jones",null,null],["0041400154",356,3,12,3,"10:52 PM","8:25",null,null,"Howard Free Throw 2 of 2 (12 PTS)","56 - 65","9"],["0041400154",360,2,1,3,"10:53 PM","8:02","MISS Ellis 19' Jump Shot",null,null,null,null],["0041400154",361,4,0,3,"10:53 PM","8:01",null,null,"Howard REBOUND (Off:0 Def:5)",null,null],["0041400154",363,2,1,3,"10:54 PM","7:49",null,null,"MISS Brewer  3PT Jump Shot",null,null],["0041400154",364,4,0,3,"10:54 PM","7:48","Nowitzki REBOUND (Off:0 Def:5)",null,null,null,null],["0041400154",365,6,29,3,"10:54 PM","7:41",null,null,"Howard Shooting Block Foul (P3.T2) (M.McCutchen)",null,null],["0041400154",366,3,11,3,"10:54 PM","7:41","Ellis Free Throw 1 of 2 (16 PTS)",null,null,"56 - 66","10"],["0041400154",368,3,12,3,"10:54 PM","7:41","Ellis Free Throw 2 of 2 (17 PTS)",null,null,"56 - 67","11"],["0041400154",371,2,1,3,"10:55 PM","7:30",null,null,"MISS Brewer 21' Jump Shot",null,null],["0041400154",372,4,0,3,"10:55 PM","7:29","Aminu REBOUND (Off:3 Def:7)",null,null,null,null],["0041400154",374,1,1,3,"10:56 PM","7:12","Ellis 16' Jump Shot (19 PTS) (Aminu 2 AST)",null,null,"56 - 69","13"],["0041400154",375,2,1,3,"10:56 PM","6:56",null,null,"MISS Ariza 25' 3PT Jump Shot",null,null],["0041400154",376,4,0,3,"10:56 PM","6:55","Chandler REBOUND (Off:2 Def:8)",null,null,null,null],["0041400154",377,1,1,3,"10:56 PM","6:41","Aminu  3PT Jump Shot (11 PTS) (Barea 10 AST)",null,null,"56 - 72","16"],["0041400154",378,9,1,3,"10:56 PM","6:39",null,null,"Rockets Timeout: Regular (Reg.3 Short 1)",null,null],["0041400154",384,6,1,3,"11:00 PM","6:22","Chandler P.FOUL (P4.PN) (M.McCutchen)",null,null,null,null],["0041400154",385,3,11,3,"11:00 PM","6:22",null,null,"MISS Howard Free Throw 1 of 2",null,null],["0041400154",386,4,1,3,"11:00 PM","6:22",null,null,"Rockets Rebound",null,null],["0041400154",387,8,0,3,"11:00 PM","6:22","SUB: Stoudemire FOR Chandler",null,null,null,null],["0041400154",388,3,12,3,"11:00 PM","6:22",null,null,"Howard Free Throw 2 of 2 (13 PTS)","57 - 72","15"],["0041400154",391,1,78,3,"11:01 PM","6:12","Barea 10' Floating Jump Shot (14 PTS)",null,null,"57 - 74","17"],["0041400154",392,2,77,3,"11:01 PM","6:02","Aminu BLOCK (1 BLK)",null,"MISS Harden 5' Driving Jump Shot",null,null],["0041400154",393,4,0,3,"11:01 PM","6:00",null,null,"Terry REBOUND (Off:1 Def:0)",null,null],["0041400154",394,2,1,3,"11:01 PM","5:56",null,null,"MISS Terry 25' 3PT Jump Shot",null,null],["0041400154",395,4,0,3,"11:01 PM","5:55",null,null,"Harden REBOUND (Off:1 Def:3)",null,null],["0041400154",396,2,58,3,"11:01 PM","5:38",null,null,"MISS Howard 7' Turnaround Hook Shot",null,null],["0041400154",397,4,0,3,"11:02 PM","5:37","Nowitzki REBOUND (Off:0 Def:6)",null,null,null,null],["0041400154",398,6,3,3,"11:02 PM","5:37",null,null,"Ariza L.B.FOUL (P2.T3) (M.McCutchen)",null,null],["0041400154",399,8,0,3,"11:02 PM","5:37",null,null,"SUB: Prigioni FOR Terry",null,null],["0041400154",400,1,79,3,"11:02 PM","5:17","Ellis 15' Pullup Jump Shot (21 PTS)",null,null,"57 - 76","19"],["0041400154",401,2,1,3,"11:02 PM","5:08",null,null,"MISS Ariza 25' 3PT Jump Shot",null,null],["0041400154",402,4,0,3,"11:02 PM","5:07","Ellis REBOUND (Off:1 Def:4)",null,null,null,null],["0041400154",403,1,1,3,"11:02 PM","4:57","Barea 25' 3PT Jump Shot (17 PTS)",null,null,"57 - 79","22"],["0041400154",404,2,77,3,"11:03 PM","4:40","Stoudemire BLOCK (1 BLK)",null,"MISS Brewer 4' Driving Jump Shot",null,null],["0041400154",405,4,0,3,"11:03 PM","4:38","Nowitzki REBOUND (Off:0 Def:7)",null,null,null,null],["0041400154",406,1,42,3,"11:03 PM","4:35","Ellis 1' Driving Layup (23 PTS)",null,null,"57 - 81","24"],["0041400154",407,9,2,3,"11:03 PM","4:34",null,null,"Rockets Timeout: Short (Reg.3 Short 2)",null,null],["0041400154",409,8,0,3,"11:04 PM","4:34","SUB: Villanueva FOR Nowitzki",null,null,null,null],["0041400154",410,8,0,3,"11:04 PM","4:34",null,null,"SUB: Smith FOR Howard",null,null],["0041400154",411,6,1,3,"11:05 PM","4:24","Aminu P.FOUL (P3.PN) (D.Stafford)",null,null,null,null],["0041400154",412,3,11,3,"11:05 PM","4:24",null,null,"Harden Free Throw 1 of 2 (16 PTS)","58 - 81","23"],["0041400154",414,3,12,3,"11:05 PM","4:24",null,null,"Harden Free Throw 2 of 2 (17 PTS)","59 - 81","22"],["0041400154",417,2,1,3,"11:06 PM","4:03","MISS Barea 24' 3PT Jump Shot",null,null,null,null],["0041400154",418,4,0,3,"11:06 PM","4:01",null,null,"Brewer REBOUND (Off:0 Def:3)",null,null],["0041400154",419,1,42,3,"11:06 PM","3:57",null,null,"Brewer 2' Driving Layup (8 PTS)","61 - 81","20"],["0041400154",420,6,4,3,"11:06 PM","3:41","Barea OFF.Foul (P4) (J.Tiven)",null,null,null,null],["0041400154",421,5,5,3,"11:06 PM","3:41","Barea Foul Turnover (P3.T10)",null,null,null,null],["0041400154",422,7,1,3,"11:06 PM","3:41","MAVERICKS Violation: Delay of game Violation",null,null,null,null],["0041400154",423,8,0,3,"11:06 PM","3:41","SUB: Harris FOR Barea",null,null,null,null],["0041400154",424,1,47,3,"11:07 PM","3:28",null,null,"Harden 17' Turnaround Jump Shot (19 PTS)","63 - 81","18"],["0041400154",425,1,75,3,"11:07 PM","3:21","Ellis 1' Driving Finger Roll Layup (25 PTS)",null,null,"63 - 83","20"],["0041400154",426,6,29,3,"11:07 PM","3:13","Ellis Shooting Block Foul (P2.PN) (J.Tiven)",null,null,null,null],["0041400154",427,3,11,3,"11:08 PM","3:13",null,null,"Brewer Free Throw 1 of 2 (9 PTS)","64 - 83","19"],["0041400154",429,3,12,3,"11:08 PM","3:13",null,null,"Brewer Free Throw 2 of 2 (10 PTS)","65 - 83","18"],["0041400154",432,6,1,3,"11:08 PM","3:02",null,null,"Prigioni P.FOUL (P1.T4) (M.McCutchen)",null,null],["0041400154",433,1,88,3,"11:08 PM","2:54","Stoudemire  Driving Slam Dunk (8 PTS)",null,null,"65 - 85","20"],["0041400154",434,6,28,3,"11:09 PM","2:48","Harris Personal Take Foul (P3.PN) (D.Stafford)",null,null,null,null],["0041400154",435,6,11,3,"11:09 PM","2:48",null,null,"Smith T.FOUL (P1.T4) (D.Stafford)",null,null],["0041400154",436,9,1,3,"11:09 PM","2:48","MAVERICKS Timeout: Regular (Full 3 Short 1)",null,null,null,null],["0041400154",440,3,16,3,"11:12 PM","2:48","MISS Ellis Free Throw Technical",null,null,null,null],["0041400154",441,4,1,3,"11:12 PM","2:48",null,null,"Rockets Rebound",null,null],["0041400154",442,3,11,3,"11:13 PM","2:48",null,null,"MISS Smith Free Throw 1 of 2",null,null],["0041400154",443,4,1,3,"11:13 PM","2:48",null,null,"Rockets Rebound",null,null],["0041400154",444,3,12,3,"11:13 PM","2:48",null,null,"Smith Free Throw 2 of 2 (3 PTS)","66 - 85","19"],["0041400154",447,1,73,3,"11:13 PM","2:37","Harris  Driving Reverse Layup (4 PTS) (Stoudemire 1 AST)",null,null,"66 - 87","21"],["0041400154",448,6,1,3,"11:13 PM","2:26","Ellis P.FOUL (P3.PN) (J.Tiven)",null,null,null,null],["0041400154",449,3,11,3,"11:14 PM","2:26",null,null,"Ariza Free Throw 1 of 2 (4 PTS)","67 - 87","20"],["0041400154",451,3,12,3,"11:14 PM","2:26",null,null,"Ariza Free Throw 2 of 2 (5 PTS)","68 - 87","19"],["0041400154",454,5,1,3,"11:14 PM","2:06","Ellis Bad Pass Turnover (P5.T11)",null,"Ariza STEAL (2 STL)",null,null],["0041400154",455,2,1,3,"11:15 PM","1:56",null,null,"MISS Smith 25' 3PT Jump Shot",null,null],["0041400154",456,4,0,3,"11:15 PM","1:54","Villanueva REBOUND (Off:2 Def:3)",null,null,null,null],["0041400154",457,2,1,3,"11:15 PM","1:50","MISS Harris 10' Jump Shot",null,null,null,null],["0041400154",458,4,0,3,"11:15 PM","1:49","Villanueva REBOUND (Off:3 Def:3)",null,null,null,null],["0041400154",459,1,72,3,"11:15 PM","1:47","Villanueva 1' Putback Layup (8 PTS)",null,null,"68 - 89","21"],["0041400154",460,1,82,3,"11:15 PM","1:35",null,null,"Smith 7' Driving Bank Shot (5 PTS) (Prigioni 1 AST)","70 - 89","19"],["0041400154",461,2,1,3,"11:15 PM","1:21","MISS Stoudemire 7' Jump Shot",null,"Smith BLOCK (1 BLK)",null,null],["0041400154",462,4,0,3,"11:15 PM","1:19",null,null,"Smith REBOUND (Off:2 Def:2)",null,null],["0041400154",463,1,5,3,"11:15 PM","1:16",null,null,"Brewer 2' Layup (12 PTS) (Harden 4 AST)","72 - 89","17"],["0041400154",464,9,2,3,"11:15 PM","1:14","MAVERICKS Timeout: Short (Full 3 Short 2)",null,null,null,null],["0041400154",466,8,0,3,"11:16 PM","1:14","SUB: Felton FOR Aminu",null,null,null,null],["0041400154",467,8,0,3,"11:16 PM","1:14","SUB: Nowitzki FOR Villanueva",null,null,null,null],["0041400154",468,8,0,3,"11:16 PM","1:14",null,null,"SUB: Johnson FOR Ariza",null,null],["0041400154",469,1,49,3,"11:17 PM","0:59","Stoudemire 1' Driving Dunk (10 PTS)",null,null,"72 - 91","19"],["0041400154",470,6,2,3,"11:17 PM","0:59",null,null,"Harden S.FOUL (P2.PN) (D.Stafford)",null,null],["0041400154",471,8,0,3,"11:17 PM","0:59","SUB: Jefferson FOR Nowitzki",null,null,null,null],["0041400154",472,3,10,3,"11:17 PM","0:59","MISS Stoudemire Free Throw 1 of 1",null,null,null,null],["0041400154",474,4,0,3,"11:18 PM","0:58",null,null,"Harden REBOUND (Off:1 Def:4)",null,null],["0041400154",476,6,29,3,"11:18 PM","0:54","Jefferson Shooting Block Foul (P3.PN) (D.Stafford)",null,null,null,null],["0041400154",477,3,11,3,"11:18 PM","0:54",null,null,"MISS Brewer Free Throw 1 of 2",null,null],["0041400154",478,4,1,3,"11:18 PM","0:54",null,null,"Rockets Rebound",null,null],["0041400154",479,8,0,3,"11:18 PM","0:54","SUB: Nowitzki FOR Ellis",null,null,null,null],["0041400154",480,3,12,3,"11:18 PM","0:54",null,null,"Brewer Free Throw 2 of 2 (13 PTS)","73 - 91","18"],["0041400154",483,2,1,3,"11:19 PM","0:33","MISS Stoudemire 14' Jump Shot",null,null,null,null],["0041400154",484,4,0,3,"11:19 PM","0:32",null,null,"Prigioni REBOUND (Off:0 Def:1)",null,null],["0041400154",485,1,77,3,"11:19 PM","0:23",null,null,"Harden 7' Driving Jump Shot (21 PTS) (Prigioni 2 AST)","75 - 91","16"],["0041400154",486,1,1,3,"11:19 PM","0:00","Jefferson  3PT Jump Shot (5 PTS) (Nowitzki 4 AST)",null,null,"75 - 94","19"],["0041400154",487,13,0,3,"11:20 PM","0:00",null,null,null,"75 - 94","19"],["0041400154",489,12,0,4,"11:23 PM","12:00",null,null,null,"75 - 94","19"],["0041400154",490,2,1,4,"11:24 PM","11:35","MISS Jefferson 24' 3PT Jump Shot",null,null,null,null],["0041400154",491,4,0,4,"11:24 PM","11:34",null,null,"Howard REBOUND (Off:0 Def:6)",null,null],["0041400154",492,6,26,4,"11:24 PM","11:29",null,null,"Smith Offensive Charge Foul (P2.T1) (M.McCutchen)",null,null],["0041400154",493,5,5,4,"11:24 PM","11:29",null,null,"Smith Foul Turnover (P3.T9)",null,null],["0041400154",494,2,77,4,"11:24 PM","11:21","MISS Felton 7' Driving Jump Shot",null,null,null,null],["0041400154",495,4,0,4,"11:24 PM","11:20","Felton REBOUND (Off:1 Def:0)",null,null,null,null],["0041400154",496,2,1,4,"11:24 PM","11:11","MISS Nowitzki 17' Jump Shot",null,null,null,null],["0041400154",497,4,0,4,"11:24 PM","11:11",null,null,"Johnson REBOUND (Off:0 Def:1)",null,null],["0041400154",498,2,1,4,"11:24 PM","11:05",null,null,"MISS Prigioni 25' 3PT Jump Shot",null,null],["0041400154",499,4,0,4,"11:24 PM","11:04","Stoudemire REBOUND (Off:0 Def:1)",null,null,null,null],["0041400154",500,6,27,4,"11:25 PM","10:58",null,null,"Johnson Personal Block Foul (P1.T2) (J.Tiven)",null,null],["0041400154",501,2,1,4,"11:25 PM","10:50","MISS Stoudemire 18' Jump Shot",null,null,null,null],["0041400154",502,4,0,4,"11:25 PM","10:48",null,null,"Howard REBOUND (Off:0 Def:7)",null,null],["0041400154",503,6,1,4,"11:25 PM","10:38","Stoudemire P.FOUL (P3.T1) (J.Tiven)",null,null,null,null],["0041400154",504,1,42,4,"11:26 PM","10:33",null,null,"Brewer 1' Driving Layup (15 PTS) (Prigioni 3 AST)","77 - 94","17"],["0041400154",505,1,79,4,"11:26 PM","10:19","Felton 21' Pullup Jump Shot (2 PTS)",null,null,"77 - 96","19"],["0041400154",506,1,75,4,"11:26 PM","10:12",null,null,"Brewer 1' Driving Finger Roll Layup (17 PTS)","79 - 96","17"],["0041400154",507,2,1,4,"11:26 PM","9:53","MISS Felton 24' 3PT Jump Shot",null,null,null,null],["0041400154",508,4,0,4,"11:26 PM","9:52",null,null,"Smith REBOUND (Off:2 Def:3)",null,null],["0041400154",509,1,1,4,"11:26 PM","9:44",null,null,"Smith 24' 3PT Jump Shot (8 PTS)","82 - 96","14"],["0041400154",510,9,1,4,"11:26 PM","9:44","MAVERICKS Timeout: Regular (Full 4 Short 2)",null,null,null,null],["0041400154",512,8,0,4,"11:29 PM","9:44","SUB: Barea FOR Jefferson",null,null,null,null],["0041400154",513,8,0,4,"11:29 PM","9:44","SUB: Aminu FOR Felton",null,null,null,null],["0041400154",515,5,1,4,"11:30 PM","9:20","Stoudemire Bad Pass Turnover (P1.T12)",null,"Howard STEAL (1 STL)",null,null],["0041400154",516,2,58,4,"11:30 PM","9:05",null,null,"MISS Howard 7' Turnaround Hook Shot",null,null],["0041400154",518,4,0,4,"11:30 PM","9:04",null,null,"Smith REBOUND (Off:3 Def:3)",null,null],["0041400154",517,1,72,4,"11:30 PM","9:04",null,null,"Smith 1' Putback Layup (10 PTS)","84 - 96","12"],["0041400154",519,1,63,4,"11:31 PM","8:49","Nowitzki 15' Fadeaway Jumper (8 PTS)",null,null,"84 - 98","14"],["0041400154",520,2,5,4,"11:31 PM","8:30",null,null,"MISS Johnson 2' Layup",null,null],["0041400154",521,4,0,4,"11:31 PM","8:29","Nowitzki REBOUND (Off:0 Def:8)",null,null,null,null],["0041400154",522,1,1,4,"11:31 PM","8:19","Nowitzki 9' Jump Shot (10 PTS) (Barea 11 AST)",null,null,"84 - 100","16"],["0041400154",524,1,1,4,"11:31 PM","8:06",null,null,"Brewer 24' 3PT Jump Shot (20 PTS) (Prigioni 4 AST)","87 - 100","13"],["0041400154",525,1,88,4,"11:32 PM","7:55","Stoudemire  Driving Slam Dunk (12 PTS) (Barea 12 AST)",null,null,"87 - 102","15"],["0041400154",526,1,57,4,"11:32 PM","7:34",null,null,"Smith 5' Driving Hook Shot (12 PTS) (Prigioni 5 AST)","89 - 102","13"],["0041400154",528,8,0,4,"11:32 PM","7:26","SUB: Ellis FOR Harris",null,null,null,null],["0041400154",529,8,0,4,"11:32 PM","7:26","SUB: Chandler FOR Stoudemire",null,null,null,null],["0041400154",531,6,1,4,"11:33 PM","7:13",null,null,"Brewer P.FOUL (P3.T3) (D.Stafford)",null,null],["0041400154",532,2,1,4,"11:33 PM","7:00","MISS Ellis 26' 3PT Jump Shot",null,null,null,null],["0041400154",533,4,0,4,"11:33 PM","6:59","Aminu REBOUND (Off:4 Def:7)",null,null,null,null],["0041400154",534,1,85,4,"11:33 PM","6:57","Aminu 6' Turnaround Bank Shot (13 PTS)",null,null,"89 - 104","15"],["0041400154",535,6,2,4,"11:33 PM","6:57",null,null,"Smith S.FOUL (P3.T4) (M.McCutchen)",null,null],["0041400154",536,3,10,4,"11:34 PM","6:57","Aminu Free Throw 1 of 1 (14 PTS)",null,null,"89 - 105","16"],["0041400154",540,6,26,4,"11:34 PM","6:52",null,null,"Prigioni Offensive Charge Foul (P2.PN) (M.McCutchen)",null,null],["0041400154",541,5,5,4,"11:34 PM","6:52",null,null,"Prigioni Foul Turnover (P1.T10)",null,null],["0041400154",543,8,0,4,"11:34 PM","6:52",null,null,"SUB: Harden FOR Johnson",null,null],["0041400154",544,8,0,4,"11:34 PM","6:52",null,null,"SUB: Ariza FOR Prigioni",null,null],["0041400154",545,1,49,4,"11:35 PM","6:37","Aminu  Driving Dunk (16 PTS)",null,null,"89 - 107","18"],["0041400154",546,1,42,4,"11:35 PM","6:11",null,null,"Ariza 1' Driving Layup (7 PTS)","91 - 107","16"],["0041400154",547,1,1,4,"11:35 PM","5:58","Nowitzki 17' Jump Shot (12 PTS) (Ellis 3 AST)",null,null,"91 - 109","18"],["0041400154",548,1,1,4,"11:36 PM","5:43",null,null,"Smith 25' 3PT Jump Shot (15 PTS)","94 - 109","15"],["0041400154",549,2,1,4,"11:36 PM","5:20","MISS Aminu 13' Jump Shot",null,null,null,null],["0041400154",550,4,0,4,"11:36 PM","5:19",null,null,"Ariza REBOUND (Off:0 Def:4)",null,null],["0041400154",551,1,1,4,"11:36 PM","5:12",null,null,"Smith 25' 3PT Jump Shot (18 PTS) (Ariza 2 AST)","97 - 109","12"],["0041400154",552,5,4,4,"11:37 PM","4:50","Barea Traveling Turnover (P4.T13)",null,null,null,null],["0041400154",553,9,4,4,"11:37 PM","4:50",null,null,null,null,null],["0041400154",556,18,1,4,"11:38 PM","4:50",null,null,null,null,null],["0041400154",557,8,0,4,"11:40 PM","4:50","SUB: Jefferson FOR Nowitzki",null,null,null,null],["0041400154",559,1,42,4,"11:40 PM","4:35",null,null,"Smith 1' Driving Layup (20 PTS)","99 - 109","10"],["0041400154",560,7,1,4,"11:41 PM","4:33",null,null,"Rockets Violation: Delay of game Violation",null,null],["0041400154",561,6,1,4,"11:41 PM","4:30",null,null,"Ariza P.FOUL (P3.PN) (M.McCutchen)",null,null],["0041400154",562,6,11,4,"11:41 PM","4:30","Jefferson T.FOUL (P3.T1) (J.Tiven)",null,null,null,null],["0041400154",563,3,16,4,"11:41 PM","4:30",null,null,"Harden Free Throw Technical (22 PTS)","100 - 109","9"],["0041400154",565,8,0,4,"11:42 PM","4:30","SUB: Nowitzki FOR Jefferson",null,null,null,null],["0041400154",566,2,1,4,"11:42 PM","4:13","MISS Aminu 24' 3PT Jump Shot",null,null,null,null],["0041400154",567,4,0,4,"11:42 PM","4:12","Chandler REBOUND (Off:3 Def:8)",null,null,null,null],["0041400154",568,2,1,4,"11:42 PM","4:09","MISS Nowitzki 16' Jump Shot",null,null,null,null],["0041400154",569,4,0,4,"11:42 PM","4:08","Chandler REBOUND (Off:4 Def:8)",null,null,null,null],["0041400154",570,1,1,4,"11:43 PM","4:00","Ellis 25' 3PT Jump Shot (28 PTS)",null,null,"100 - 112","12"],["0041400154",571,1,1,4,"11:43 PM","3:49",null,null,"Smith 24' 3PT Jump Shot (23 PTS) (Harden 5 AST)","103 - 112","9"],["0041400154",572,2,1,4,"11:43 PM","3:40","MISS Ellis 24' 3PT Jump Shot",null,null,null,null],["0041400154",573,4,0,4,"11:43 PM","3:39","Chandler REBOUND (Off:5 Def:8)",null,null,null,null],["0041400154",574,6,2,4,"11:43 PM","3:31",null,null,"Howard S.FOUL (P4.PN) (J.Tiven)",null,null],["0041400154",575,3,11,4,"11:44 PM","3:31","Ellis Free Throw 1 of 2 (29 PTS)",null,null,"103 - 113","10"],["0041400154",577,3,12,4,"11:44 PM","3:31","MISS Ellis Free Throw 2 of 2",null,null,null,null],["0041400154",579,4,0,4,"11:44 PM","3:31",null,null,"Ariza REBOUND (Off:0 Def:5)",null,null],["0041400154",581,5,2,4,"11:44 PM","3:23","Barea STEAL (1 STL)",null,"Howard Lost Ball Turnover (P2.T11)",null,null],["0041400154",582,1,86,4,"11:44 PM","3:01","Nowitzki 14' Turnaround Fadeaway (14 PTS) (Barea 13 AST)",null,null,"103 - 115","12"],["0041400154",583,1,42,4,"11:45 PM","2:46",null,null,"Harden 1' Driving Layup (24 PTS)","105 - 115","10"],["0041400154",584,6,16,4,"11:45 PM","2:44",null,null,null,null,null],["0041400154",585,9,1,4,"11:45 PM","2:44",null,null,"Rockets Timeout: Regular (Reg.4 Short 2)",null,null],["0041400154",590,6,1,4,"11:48 PM","2:30",null,null,"Ariza P.FOUL (P4.PN) (D.Stafford)",null,null],["0041400154",591,3,11,4,"11:49 PM","2:30","Nowitzki Free Throw 1 of 2 (15 PTS)",null,null,"105 - 116","11"],["0041400154",593,3,12,4,"11:49 PM","2:30","Nowitzki Free Throw 2 of 2 (16 PTS)",null,null,"105 - 117","12"],["0041400154",595,2,1,4,"11:49 PM","2:17","Chandler BLOCK (2 BLK)",null,"MISS Ariza 25' 3PT Jump Shot",null,null],["0041400154",596,4,0,4,"11:49 PM","2:15",null,null,"Rockets Rebound",null,null],["0041400154",597,6,3,4,"11:50 PM","2:15","Barea L.B.FOUL (P5.T2) (D.Stafford)",null,null,null,null],["0041400154",598,2,1,4,"11:50 PM","2:10",null,null,"MISS Harden 24' 3PT Jump Shot",null,null],["0041400154",599,4,0,4,"11:50 PM","2:09","Ellis REBOUND (Off:1 Def:5)",null,null,null,null],["0041400154",600,1,77,4,"11:50 PM","1:54","Ellis 6' Driving Jump Shot (31 PTS)",null,null,"105 - 119","14"],["0041400154",601,2,79,4,"11:50 PM","1:48",null,null,"MISS Brewer 22' Pullup Jump Shot",null,null],["0041400154",602,4,0,4,"11:50 PM","1:45",null,null,"Brewer REBOUND (Off:1 Def:3)",null,null],["0041400154",603,2,1,4,"11:50 PM","1:41",null,null,"MISS Ariza  3PT Jump Shot",null,null],["0041400154",604,4,0,4,"11:50 PM","1:40","Aminu REBOUND (Off:4 Def:8)",null,null,null,null],["0041400154",608,5,40,4,"11:50 PM","1:36","Aminu Out of Bounds Lost Ball Turnover (P2.T14)",null,null,null,null],["0041400154",606,18,1,4,"11:51 PM","1:36",null,null,null,null,null],["0041400154",609,8,0,4,"11:54 PM","1:36","SUB: Jefferson FOR Nowitzki",null,null,null,null],["0041400154",610,8,0,4,"11:54 PM","1:36",null,null,"SUB: Papanikolaou FOR Ariza",null,null],["0041400154",611,8,0,4,"11:54 PM","1:36",null,null,"SUB: Dorsey FOR Howard",null,null],["0041400154",612,8,0,4,"11:54 PM","1:36",null,null,"SUB: Johnson FOR Harden",null,null],["0041400154",613,8,0,4,"11:54 PM","1:36",null,null,"SUB: Capela FOR Smith",null,null],["0041400154",615,1,90,4,"11:54 PM","1:28",null,null,"Brewer  Running Slam Dunk (22 PTS) (Johnson 1 AST)","107 - 119","12"],["0041400154",618,2,1,4,"11:54 PM","1:05","MISS Barea 25' 3PT Jump Shot",null,null,null,null],["0041400154",619,4,0,4,"11:54 PM","1:04",null,null,"Brewer REBOUND (Off:1 Def:4)",null,null],["0041400154",620,5,2,4,"11:54 PM","0:58","Ellis STEAL (1 STL)",null,"Brewer Lost Ball Turnover (P2.T12)",null,null],["0041400154",621,6,1,4,"11:54 PM","0:58",null,null,"Dorsey P.FOUL (P1.PN) (J.Tiven)",null,null],["0041400154",622,3,11,4,"11:55 PM","0:58","Chandler Free Throw 1 of 2 (9 PTS)",null,null,"107 - 120","13"],["0041400154",624,8,0,4,"11:55 PM","0:58","SUB: Harris FOR Ellis",null,null,null,null],["0041400154",625,3,12,4,"11:55 PM","0:58","Chandler Free Throw 2 of 2 (10 PTS)",null,null,"107 - 121","14"],["0041400154",628,2,1,4,"11:56 PM","0:51",null,null,"MISS Johnson 25' 3PT Jump Shot",null,null],["0041400154",629,4,0,4,"11:56 PM","0:50","Chandler REBOUND (Off:5 Def:9)",null,null,null,null],["0041400154",631,2,1,4,"11:56 PM","0:25","MISS Jefferson 29' 3PT Jump Shot",null,null,null,null],["0041400154",632,4,0,4,"11:56 PM","0:25",null,null,"Johnson REBOUND (Off:0 Def:2)",null,null],["0041400154",633,1,1,4,"11:56 PM","0:12",null,null,"Capela 5' Jump Shot (4 PTS) (Dorsey 1 AST)","109 - 121","12"],["0041400154",634,5,2,4,"11:56 PM","0:02","Jefferson Lost Ball Turnover (P2.T15)",null,"Brewer STEAL (1 STL)",null,null],["0041400154",635,13,0,4,"11:57 PM","0:00",null,null,null,"109 - 121","12"]]},{"name":"AvailableVideo","headers":["VIDEO_AVAILABLE_FLAG"],"rowSet":[[1]]}]}