{"resource":"playbyplay","parameters":{"GameID":"0041400104","StartPeriod":0,"EndPeriod":14},"resultSets":[{"name":"PlayByPlay","headers":["GAME_ID","EVENTNUM","EVENTMSGTYPE","EVENTMSGACTIONTYPE","PERIOD","WCTIMESTRING","PCTIMESTRING","HOMEDESCRIPTION","NEUTRALDESCRIPTION","VISITORDESCRIPTION","SCORE","SCOREMARGIN"],"rowSet":[["0041400104",0,12,0,1,"7:10 PM","12:00",null,null,null,null,null],["0041400104",1,10,0,1,"7:11 PM","12:00","Jump Ball Lopez vs. Horford: Tip to Teague",null,null,null,null],["0041400104",2,2,77,1,"7:11 PM","11:35",null,null,"MISS Millsap 8' Driving Jump Shot",null,null],["0041400104",3,4,0,1,"7:11 PM","11:34","NETS Rebound",null,null,null,null],["0041400104",4,2,1,1,"7:12 PM","11:08","MISS Johnson 24' 3PT Jump Shot",null,null,null,null],["0041400104",5,4,0,1,"7:12 PM","11:07",null,null,"Millsap REBOUND (Off:0 Def:1)",null,null],["0041400104",6,1,42,1,"7:12 PM","10:51",null,null,"Teague 2' Driving Layup (2 PTS) (Carroll 1 AST)","2 - 0","-2"],["0041400104",7,1,42,1,"7:12 PM","10:40","Lopez 2' Driving Layup (2 PTS) (Johnson 1 AST)",null,null,"2 - 2","TIE"],["0041400104",8,2,1,1,"7:13 PM","10:14",null,null,"MISS Teague 20' Jump Shot",null,null],["0041400104",9,4,0,1,"7:13 PM","10:14","Johnson REBOUND (Off:0 Def:1)",null,null,null,null],["0041400104",10,2,1,1,"7:13 PM","10:03","MISS Lopez 18' Jump Shot",null,null,null,null],["0041400104",11,4,0,1,"7:13 PM","10:02","Young REBOUND (Off:1 Def:0)",null,null,null,null],["0041400104",12,2,1,1,"7:13 PM","9:46","MISS D. Williams  3PT Jump Shot",null,null,null,null],["0041400104",13,4,0,1,"7:13 PM","9:45",null,null,"Korver REBOUND (Off:0 Def:1)",null,null],["0041400104",14,2,1,1,"7:13 PM","9:35",null,null,"MISS Horford 17' Jump Shot",null,null],["0041400104",15,4,0,1,"7:13 PM","9:34","Bogdanovic REBOUND (Off:0 Def:1)",null,null,null,null],["0041400104",16,6,1,1,"7:13 PM","9:27",null,null,"Millsap P.FOUL (P1.T1) (J.Capers)",null,null],["0041400104",17,1,42,1,"7:14 PM","9:25","Lopez 3' Driving Layup (4 PTS) (Johnson 2 AST)",null,null,"2 - 4","2"],["0041400104",18,6,2,1,"7:14 PM","9:25",null,null,"Horford S.FOUL (P1.T2) (J.Capers)",null,null],["0041400104",19,3,10,1,"7:14 PM","9:25","MISS Lopez Free Throw 1 of 1",null,null,null,null],["0041400104",21,4,0,1,"7:14 PM","9:23",null,null,"Millsap REBOUND (Off:0 Def:2)",null,null],["0041400104",22,6,2,1,"7:14 PM","9:14","D. Williams S.FOUL (P1.T1) (J.Capers)",null,null,null,null],["0041400104",23,3,11,1,"7:15 PM","9:14",null,null,"Teague Free Throw 1 of 2 (3 PTS)","3 - 4","1"],["0041400104",25,3,12,1,"7:15 PM","9:14",null,null,"Teague Free Throw 2 of 2 (4 PTS)","4 - 4","TIE"],["0041400104",27,1,1,1,"7:15 PM","8:59","D. Williams  3PT Jump Shot (3 PTS) (Bogdanovic 1 AST)",null,null,"4 - 7","3"],["0041400104",28,1,44,1,"7:15 PM","8:43",null,null,"Horford 2' Reverse Layup (2 PTS) (Carroll 2 AST)","6 - 7","1"],["0041400104",29,1,58,1,"7:16 PM","8:24","Young 8' Turnaround Hook Shot (2 PTS)",null,null,"6 - 9","3"],["0041400104",30,1,42,1,"7:16 PM","8:11",null,null,"Carroll 2' Driving Layup (2 PTS) (Korver 1 AST)","8 - 9","1"],["0041400104",31,5,2,1,"7:16 PM","8:00","Johnson Lost Ball Turnover (P1.T1)",null,"Horford STEAL (1 STL)",null,null],["0041400104",32,1,1,1,"7:16 PM","7:56",null,null,"Korver 25' 3PT Jump Shot (3 PTS)","11 - 9","-2"],["0041400104",33,1,1,1,"7:16 PM","7:36","D. Williams  3PT Jump Shot (6 PTS) (Young 1 AST)",null,null,"11 - 12","1"],["0041400104",34,2,5,1,"7:17 PM","7:24",null,null,"MISS Horford 1' Layup",null,null],["0041400104",35,4,0,1,"7:17 PM","7:23",null,null,"Millsap REBOUND (Off:1 Def:2)",null,null],["0041400104",36,1,5,1,"7:17 PM","7:19",null,null,"Horford 3' Layup (4 PTS) (Teague 1 AST)","13 - 12","-1"],["0041400104",37,2,42,1,"7:17 PM","7:08","MISS D. Williams 2' Driving Layup",null,"Millsap BLOCK (1 BLK)",null,null],["0041400104",38,4,0,1,"7:17 PM","7:07",null,null,"Hawks Rebound",null,null],["0041400104",39,6,1,1,"7:17 PM","7:05","Bogdanovic P.FOUL (P1.T2) (J.Capers)",null,null,null,null],["0041400104",40,2,1,1,"7:17 PM","6:58",null,null,"MISS Horford 19' Jump Shot",null,null],["0041400104",41,4,0,1,"7:18 PM","6:57","D. Williams REBOUND (Off:0 Def:1)",null,null,null,null],["0041400104",42,2,1,1,"7:18 PM","6:46","MISS Young 25' 3PT Jump Shot",null,null,null,null],["0041400104",43,4,0,1,"7:18 PM","6:45",null,null,"Korver REBOUND (Off:0 Def:2)",null,null],["0041400104",44,2,43,1,"7:18 PM","6:35",null,null,"MISS Millsap 4' Alley Oop Layup",null,null],["0041400104",45,4,0,1,"7:18 PM","6:34","Young REBOUND (Off:1 Def:1)",null,null,null,null],["0041400104",46,1,84,1,"7:18 PM","6:22","Bogdanovic 7' Running Bank Shot (2 PTS)",null,null,"13 - 14","1"],["0041400104",47,5,2,1,"7:18 PM","6:10","Young STEAL (1 STL)",null,"Teague Lost Ball Turnover (P1.T1)",null,null],["0041400104",48,2,1,1,"7:18 PM","6:02","MISS Bogdanovic  3PT Jump Shot",null,null,null,null],["0041400104",49,4,0,1,"7:18 PM","6:01",null,null,"Millsap REBOUND (Off:1 Def:3)",null,null],["0041400104",50,1,1,1,"7:19 PM","5:41",null,null,"Carroll 25' 3PT Jump Shot (5 PTS) (Millsap 1 AST)","16 - 14","-2"],["0041400104",51,2,80,1,"7:19 PM","5:08","MISS Bogdanovic 20' Step Back Jump Shot",null,null,null,null],["0041400104",52,4,0,1,"7:19 PM","5:07",null,null,"Horford REBOUND (Off:0 Def:1)",null,null],["0041400104",53,1,5,1,"7:20 PM","4:48",null,null,"Carroll 1' Layup (7 PTS) (Millsap 2 AST)","18 - 14","-4"],["0041400104",54,9,1,1,"7:20 PM","4:46","NETS Timeout: Regular (Full 1 Short 0)",null,null,null,null],["0041400104",55,18,1,1,"7:20 PM","4:46",null,null,null,null,null],["0041400104",57,8,0,1,"7:22 PM","4:46",null,null,"SUB: Antic FOR Horford",null,null],["0041400104",58,8,0,1,"7:23 PM","4:46",null,null,"SUB: Bazemore FOR Korver",null,null],["0041400104",59,2,86,1,"7:23 PM","4:29","MISS Lopez 7' Turnaround Fadeaway Shot",null,null,null,null],["0041400104",60,4,0,1,"7:23 PM","4:28",null,null,"Bazemore REBOUND (Off:0 Def:1)",null,null],["0041400104",61,1,1,1,"7:24 PM","4:09",null,null,"Antic  3PT Jump Shot (3 PTS) (Teague 2 AST)","21 - 14","-7"],["0041400104",62,2,1,1,"7:24 PM","3:54","MISS Johnson 24' 3PT Jump Shot",null,null,null,null],["0041400104",63,4,0,1,"7:24 PM","3:53",null,null,"Bazemore REBOUND (Off:0 Def:2)",null,null],["0041400104",64,2,42,1,"7:24 PM","3:51",null,null,"MISS Teague 2' Driving Layup",null,null],["0041400104",65,4,0,1,"7:24 PM","3:50","Johnson REBOUND (Off:0 Def:2)",null,null,null,null],["0041400104",66,2,5,1,"7:24 PM","3:43","MISS Lopez 2' Layup",null,null,null,null],["0041400104",67,4,0,1,"7:24 PM","3:42","Young REBOUND (Off:2 Def:1)",null,null,null,null],["0041400104",68,2,4,1,"7:24 PM","3:41","MISS Young 2' Tip Shot",null,null,null,null],["0041400104",69,4,0,1,"7:24 PM","3:39",null,null,"Hawks Rebound",null,null],["0041400104",70,6,3,1,"7:24 PM","3:39","Lopez L.B.FOUL (P1.T3) (J.Phillips)",null,null,null,null],["0041400104",71,8,0,1,"7:25 PM","3:39",null,null,"SUB: Schroder FOR Teague",null,null],["0041400104",72,5,13,1,"7:25 PM","3:27",null,null,"Hawks Turnover: Backcourt (T#2)",null,null],["0041400104",73,1,85,1,"7:25 PM","3:07","D. Williams 9' Turnaround Bank Shot (8 PTS) (Bogdanovic 2 AST)",null,null,"21 - 16","-5"],["0041400104",74,9,1,1,"7:25 PM","3:03",null,null,"Hawks Timeout: Regular (Reg.1 Short 0)",null,null],["0041400104",76,8,0,1,"7:28 PM","3:03","SUB: Jack FOR Bogdanovic",null,null,null,null],["0041400104",77,5,2,1,"7:29 PM","2:54","Lopez STEAL (1 STL)",null,"Millsap Lost Ball Turnover (P1.T3)",null,null],["0041400104",78,1,1,1,"7:29 PM","2:33","D. Williams 26' 3PT Jump Shot (11 PTS) (Lopez 1 AST)",null,null,"21 - 19","-2"],["0041400104",79,1,1,1,"7:29 PM","2:18",null,null,"Millsap 25' 3PT Jump Shot (3 PTS) (Schroder 1 AST)","24 - 19","-5"],["0041400104",80,1,1,1,"7:30 PM","1:54","Lopez 12' Jump Shot (6 PTS) (Johnson 3 AST)",null,null,"24 - 21","-3"],["0041400104",81,5,1,1,"7:30 PM","1:40",null,null,"Antic Bad Pass Turnover (P1.T4)",null,null],["0041400104",82,8,0,1,"7:30 PM","1:40","SUB: Anderson FOR Johnson",null,null,null,null],["0041400104",83,8,0,1,"7:30 PM","1:40",null,null,"SUB: Korver FOR Carroll",null,null],["0041400104",84,8,0,1,"7:30 PM","1:40",null,null,"SUB: Horford FOR Millsap",null,null],["0041400104",85,1,3,1,"7:30 PM","1:28","Young 10' Hook Shot (4 PTS) (D. Williams 1 AST)",null,null,"24 - 23","-1"],["0041400104",86,5,1,1,"7:31 PM","1:13","Anderson STEAL (1 STL)",null,"Antic Bad Pass Turnover (P2.T5)",null,null],["0041400104",87,2,80,1,"7:31 PM","1:04","MISS D. Williams 18' Step Back Jump Shot",null,null,null,null],["0041400104",88,4,0,1,"7:31 PM","1:03",null,null,"Antic REBOUND (Off:0 Def:1)",null,null],["0041400104",89,2,1,1,"7:31 PM","0:52",null,null,"MISS Horford 15' Jump Shot",null,null],["0041400104",90,4,0,1,"7:31 PM","0:51","Anderson REBOUND (Off:0 Def:1)",null,null,null,null],["0041400104",91,2,63,1,"7:31 PM","0:33","MISS Lopez 10' Fadeaway Jumper",null,null,null,null],["0041400104",92,4,0,1,"7:31 PM","0:32",null,null,"Antic REBOUND (Off:0 Def:2)",null,null],["0041400104",93,5,1,1,"7:31 PM","0:27","Jack STEAL (1 STL)",null,"Schroder Bad Pass Turnover (P1.T6)",null,null],["0041400104",94,1,1,1,"7:32 PM","0:09","Lopez 9' Jump Shot (8 PTS) (Jack 1 AST)",null,null,"24 - 25","1"],["0041400104",95,6,1,1,"7:32 PM","0:02","Jack P.FOUL (P1.T4) (E.Lewis)",null,null,null,null],["0041400104",96,8,0,1,"7:32 PM","0:02","SUB: Plumlee FOR Lopez",null,null,null,null],["0041400104",97,5,1,1,"7:32 PM","0:01","Jack STEAL (2 STL)",null,"Horford Bad Pass Turnover (P1.T7)",null,null],["0041400104",98,2,1,1,"7:32 PM","0:00","MISS Jack 55' 3PT Jump Shot",null,"Bazemore BLOCK (1 BLK)",null,null],["0041400104",99,4,0,1,"7:32 PM","0:00","NETS Rebound",null,null,null,null],["0041400104",100,13,0,1,"7:33 PM","0:00",null,null,null,"24 - 25","1"],["0041400104",102,12,0,2,"7:36 PM","12:00",null,null,null,"24 - 25","1"],["0041400104",103,6,2,2,"7:36 PM","11:43",null,null,"Antic S.FOUL (P1.T1) (J.Phillips)",null,null],["0041400104",104,3,11,2,"7:36 PM","11:43","Plumlee Free Throw 1 of 2 (1 PTS)",null,null,"24 - 26","2"],["0041400104",106,8,0,2,"7:36 PM","11:43","SUB: Bogdanovic FOR D. Williams",null,null,null,null],["0041400104",107,3,12,2,"7:36 PM","11:43","Plumlee Free Throw 2 of 2 (2 PTS)",null,null,"24 - 27","3"],["0041400104",109,6,4,2,"7:37 PM","11:35",null,null,"Horford OFF.Foul (P2) (E.Lewis)",null,null],["0041400104",110,5,5,2,"7:37 PM","11:35",null,null,"Horford Foul Turnover (P2.T8)",null,null],["0041400104",111,1,1,2,"7:37 PM","11:19","Anderson 26' 3PT Jump Shot (3 PTS) (Johnson 4 AST)",null,null,"24 - 30","6"],["0041400104",112,2,45,2,"7:38 PM","11:01",null,null,"MISS Schroder 7' Jump Shot",null,null],["0041400104",113,4,0,2,"7:38 PM","11:00",null,null,"Horford REBOUND (Off:1 Def:1)",null,null],["0041400104",114,2,5,2,"7:38 PM","10:57",null,null,"MISS Schroder 2' Layup",null,null],["0041400104",115,4,0,2,"7:38 PM","10:56",null,null,"Horford REBOUND (Off:2 Def:1)",null,null],["0041400104",116,2,1,2,"7:38 PM","10:52",null,null,"MISS Korver 25' 3PT Jump Shot",null,null],["0041400104",117,4,0,2,"7:38 PM","10:51","Anderson REBOUND (Off:0 Def:2)",null,null,null,null],["0041400104",118,1,84,2,"7:38 PM","10:36","Jack 9' Running Bank Shot (2 PTS)",null,null,"24 - 32","8"],["0041400104",119,9,1,2,"7:38 PM","10:35",null,null,"Hawks Timeout: Regular (Reg.2 Short 0)",null,null],["0041400104",121,8,0,2,"7:41 PM","10:35",null,null,"SUB: Scott FOR Antic",null,null],["0041400104",122,8,0,2,"7:41 PM","10:35",null,null,"SUB: Millsap FOR Horford",null,null],["0041400104",123,6,1,2,"7:41 PM","10:21","Anderson P.FOUL (P1.T1) (E.Lewis)",null,null,null,null],["0041400104",124,1,42,2,"7:42 PM","10:15",null,null,"Schroder 2' Driving Layup (2 PTS)","26 - 32","6"],["0041400104",125,7,1,2,"7:42 PM","10:14",null,null,"Hawks Violation: Delay of game Violation",null,null],["0041400104",126,2,42,2,"7:42 PM","9:53","MISS Anderson 1' Driving Layup",null,null,null,null],["0041400104",127,4,0,2,"7:42 PM","9:52",null,null,"Korver REBOUND (Off:0 Def:3)",null,null],["0041400104",128,5,1,2,"7:42 PM","9:47","Plumlee STEAL (1 STL)",null,"Schroder Bad Pass Turnover (P2.T9)",null,null],["0041400104",129,6,26,2,"7:43 PM","9:40","Bogdanovic Offensive Charge Foul (P2.T2) (E.Lewis)",null,null,null,null],["0041400104",130,5,5,2,"7:43 PM","9:40","Bogdanovic Foul Turnover (P1.T2)",null,null,null,null],["0041400104",131,1,1,2,"7:43 PM","9:28",null,null,"Korver 24' 3PT Jump Shot (6 PTS) (Millsap 3 AST)","29 - 32","3"],["0041400104",132,2,63,2,"7:43 PM","9:08","MISS Johnson 18' Fadeaway Jumper",null,null,null,null],["0041400104",133,4,0,2,"7:43 PM","9:07",null,null,"Korver REBOUND (Off:0 Def:4)",null,null],["0041400104",134,1,75,2,"7:44 PM","8:47",null,null,"Schroder 2' Driving Finger Roll Layup (4 PTS)","31 - 32","1"],["0041400104",135,5,1,2,"7:44 PM","8:36","Jack Bad Pass Turnover (P1.T3)",null,"Millsap STEAL (1 STL)",null,null],["0041400104",136,8,0,2,"7:44 PM","8:29","SUB: Lopez FOR Plumlee",null,null,null,null],["0041400104",137,8,0,2,"7:44 PM","8:29","SUB: D. Williams FOR Bogdanovic",null,null,null,null],["0041400104",138,10,0,2,"7:45 PM","8:26","Jump Ball Anderson vs. Millsap: Tip to Korver",null,null,null,null],["0041400104",139,2,1,2,"7:45 PM","8:11","Lopez BLOCK (1 BLK)",null,"MISS Schroder 9' Jump Shot",null,null],["0041400104",140,4,0,2,"7:45 PM","8:09","Johnson REBOUND (Off:0 Def:3)",null,null,null,null],["0041400104",141,1,77,2,"7:45 PM","7:59","Lopez 6' Driving Jump Shot (10 PTS)",null,null,"31 - 34","3"],["0041400104",142,1,73,2,"7:45 PM","7:53",null,null,"Bazemore 1' Driving Reverse Layup (2 PTS) (Schroder 2 AST)","33 - 34","1"],["0041400104",143,2,42,2,"7:46 PM","7:34","MISS Johnson 3' Driving Layup",null,"Bazemore BLOCK (2 BLK)",null,null],["0041400104",144,4,0,2,"7:46 PM","7:33","NETS Rebound",null,null,null,null],["0041400104",145,8,0,2,"7:46 PM","7:33",null,null,"SUB: Carroll FOR Korver",null,null],["0041400104",146,5,11,2,"7:46 PM","7:25","NETS Turnover: Shot Clock (T#4)",null,null,null,null],["0041400104",147,1,42,2,"7:47 PM","7:12",null,null,"Millsap 2' Driving Layup (5 PTS) (Schroder 3 AST)","35 - 34","-1"],["0041400104",148,1,42,2,"7:47 PM","7:03","D. Williams 3' Driving Layup (13 PTS)",null,null,"35 - 36","1"],["0041400104",149,2,1,2,"7:47 PM","6:53",null,null,"MISS Bazemore 24' 3PT Jump Shot",null,null],["0041400104",150,4,0,2,"7:47 PM","6:52","D. Williams REBOUND (Off:0 Def:2)",null,null,null,null],["0041400104",151,1,1,2,"7:47 PM","6:46","Johnson 24' 3PT Jump Shot (3 PTS) (D. Williams 2 AST)",null,null,"35 - 39","4"],["0041400104",152,9,2,2,"7:47 PM","6:46",null,null,"Hawks Timeout: Short (Reg.2 Short 1)",null,null],["0041400104",154,8,0,2,"7:48 PM","6:46",null,null,"SUB: Teague FOR Schroder",null,null],["0041400104",155,1,49,2,"7:49 PM","6:26",null,null,"Scott  Driving Dunk (2 PTS) (Teague 3 AST)","37 - 39","2"],["0041400104",156,5,1,2,"7:49 PM","6:09","Anderson Bad Pass Turnover (P1.T5)",null,"Millsap STEAL (2 STL)",null,null],["0041400104",157,2,79,2,"7:49 PM","6:03",null,null,"MISS Teague 27' 3PT Pullup Jump Shot",null,null],["0041400104",158,4,0,2,"7:49 PM","6:01","Lopez REBOUND (Off:0 Def:1)",null,null,null,null],["0041400104",159,2,1,2,"7:49 PM","5:55","MISS Jack 26' 3PT Jump Shot",null,null,null,null],["0041400104",160,4,0,2,"7:49 PM","5:54",null,null,"Millsap REBOUND (Off:1 Def:4)",null,null],["0041400104",161,2,1,2,"7:50 PM","5:48",null,null,"MISS Scott 25' 3PT Jump Shot",null,null],["0041400104",162,4,0,2,"7:50 PM","5:47","Anderson REBOUND (Off:0 Def:3)",null,null,null,null],["0041400104",163,9,1,2,"7:50 PM","5:37","NETS Timeout: Regular (Full 2 Short 0)",null,null,null,null],["0041400104",165,8,0,2,"7:53 PM","5:37",null,null,"SUB: Horford FOR Bazemore",null,null],["0041400104",171,8,0,2,"7:53 PM","5:37",null,null,"SUB: Korver FOR Millsap",null,null],["0041400104",166,8,0,2,"7:53 PM","5:37","SUB: Young FOR Anderson",null,null,null,null],["0041400104",167,1,5,2,"7:53 PM","5:28","Young 1' Layup (6 PTS) (Lopez 2 AST)",null,null,"37 - 41","4"],["0041400104",168,2,1,2,"7:53 PM","5:08",null,null,"MISS Korver 25' 3PT Jump Shot",null,null],["0041400104",169,4,0,2,"7:53 PM","5:06",null,null,"Scott REBOUND (Off:1 Def:0)",null,null],["0041400104",170,1,1,2,"7:53 PM","4:56",null,null,"Carroll 25' 3PT Jump Shot (10 PTS) (Teague 4 AST)","40 - 41","1"],["0041400104",172,1,80,2,"7:54 PM","4:38","Johnson 16' Step Back Jump Shot (5 PTS)",null,null,"40 - 43","3"],["0041400104",173,2,5,2,"7:54 PM","4:13",null,null,"MISS Scott 3' Layup",null,null],["0041400104",174,4,0,2,"7:54 PM","4:11","Young REBOUND (Off:2 Def:2)",null,null,null,null],["0041400104",176,2,80,2,"7:54 PM","3:47","MISS Johnson 19' Step Back Jump Shot",null,null,null,null],["0041400104",177,4,0,2,"7:55 PM","3:46",null,null,"Horford REBOUND (Off:2 Def:2)",null,null],["0041400104",178,1,1,2,"7:55 PM","3:38",null,null,"Carroll 25' 3PT Jump Shot (13 PTS) (Teague 5 AST)","43 - 43","TIE"],["0041400104",180,2,1,2,"7:55 PM","3:17","MISS Jack  3PT Jump Shot",null,null,null,null],["0041400104",181,4,0,2,"7:55 PM","3:15",null,null,"Scott REBOUND (Off:1 Def:1)",null,null],["0041400104",182,2,1,2,"7:55 PM","3:09",null,null,"MISS Horford 14' Jump Shot",null,null],["0041400104",183,4,0,2,"7:55 PM","3:07",null,null,"Carroll REBOUND (Off:1 Def:0)",null,null],["0041400104",184,2,1,2,"7:55 PM","3:02","Jack BLOCK (1 BLK)",null,"MISS Carroll 20' Jump Shot",null,null],["0041400104",185,4,0,2,"7:55 PM","3:00","Young REBOUND (Off:2 Def:3)",null,null,null,null],["0041400104",186,5,1,2,"7:55 PM","2:57","Jack Bad Pass Turnover (P2.T6)",null,"Teague STEAL (1 STL)",null,null],["0041400104",187,1,1,2,"7:55 PM","2:48",null,null,"Scott  3PT Jump Shot (5 PTS) (Carroll 3 AST)","46 - 43","-3"],["0041400104",188,9,2,2,"7:56 PM","2:44","NETS Timeout: Short (Full 2 Short 1)",null,null,null,null],["0041400104",190,9,4,2,"7:56 PM","2:44",null,null,null,null,null],["0041400104",192,8,0,2,"7:58 PM","2:44","SUB: Bogdanovic FOR Jack",null,null,null,null],["0041400104",193,8,0,2,"7:58 PM","2:44",null,null,"SUB: Millsap FOR Scott",null,null],["0041400104",194,2,1,2,"7:59 PM","2:24","MISS Lopez 20' Jump Shot",null,null,null,null],["0041400104",195,4,0,2,"7:59 PM","2:23",null,null,"Teague REBOUND (Off:0 Def:1)",null,null],["0041400104",196,2,1,2,"7:59 PM","2:08",null,null,"MISS Millsap 25' 3PT Jump Shot",null,null],["0041400104",197,4,0,2,"7:59 PM","2:07","D. Williams REBOUND (Off:0 Def:3)",null,null,null,null],["0041400104",199,2,1,2,"8:00 PM","1:58","MISS D. Williams 25' 3PT Jump Shot",null,null,null,null],["0041400104",200,4,0,2,"8:00 PM","1:57",null,null,"Korver REBOUND (Off:0 Def:5)",null,null],["0041400104",201,2,1,2,"8:00 PM","1:37",null,null,"MISS Korver 20' Jump Shot",null,null],["0041400104",202,4,0,2,"8:00 PM","1:36","Johnson REBOUND (Off:0 Def:4)",null,null,null,null],["0041400104",203,2,46,2,"8:00 PM","1:25","MISS Johnson 8' Running Jump Shot",null,null,null,null],["0041400104",204,4,0,2,"8:00 PM","1:24",null,null,"Hawks Rebound",null,null],["0041400104",205,1,1,2,"8:00 PM","1:11",null,null,"Teague 26' 3PT Jump Shot (7 PTS)","49 - 43","-6"],["0041400104",206,2,42,2,"8:01 PM","0:49","MISS Young 3' Driving Layup",null,null,null,null],["0041400104",207,4,0,2,"8:01 PM","0:49","Lopez REBOUND (Off:1 Def:1)",null,null,null,null],["0041400104",208,1,4,2,"8:01 PM","0:48","Lopez 2' Tip Shot (12 PTS)",null,null,"49 - 45","-4"],["0041400104",209,2,5,2,"8:01 PM","0:29","Lopez BLOCK (2 BLK)",null,"MISS Carroll 2' Layup",null,null],["0041400104",210,4,0,2,"8:01 PM","0:27",null,null,"Carroll REBOUND (Off:2 Def:0)",null,null],["0041400104",211,1,3,2,"8:01 PM","0:27",null,null,"Carroll 5' Hook Shot (15 PTS)","51 - 45","-6"],["0041400104",212,2,1,2,"8:02 PM","0:02","MISS D. Williams 35' 3PT Jump Shot",null,null,null,null],["0041400104",213,4,0,2,"8:02 PM","0:02",null,null,"Horford REBOUND (Off:2 Def:3)",null,null],["0041400104",214,2,1,2,"8:02 PM","0:00",null,null,"MISS Carroll 29' 3PT Jump Shot",null,null],["0041400104",215,4,0,2,"8:02 PM","0:00",null,null,"Hawks Rebound",null,null],["0041400104",216,13,0,2,"8:02 PM","0:00",null,null,null,"51 - 45","-6"],["0041400104",218,12,0,3,"8:18 PM","12:00",null,null,null,"51 - 45","-6"],["0041400104",219,2,1,3,"8:18 PM","11:45","MISS Lopez 10' Jump Shot",null,null,null,null],["0041400104",220,4,0,3,"8:18 PM","11:44",null,null,"Teague REBOUND (Off:0 Def:2)",null,null],["0041400104",221,1,42,3,"8:18 PM","11:38",null,null,"Teague 2' Driving Layup (9 PTS)","53 - 45","-8"],["0041400104",222,1,5,3,"8:18 PM","11:22","Lopez 1' Layup (14 PTS) (D. Williams 3 AST)",null,null,"53 - 47","-6"],["0041400104",223,6,1,3,"8:19 PM","11:09","D. Williams P.FOUL (P2.T1) (J.Phillips)",null,null,null,null],["0041400104",224,6,2,3,"8:19 PM","11:00","Lopez S.FOUL (P2.T2) (E.Lewis)",null,null,null,null],["0041400104",225,3,11,3,"8:19 PM","11:00",null,null,"Millsap Free Throw 1 of 2 (6 PTS)","54 - 47","-7"],["0041400104",227,3,12,3,"8:20 PM","11:00",null,null,"MISS Millsap Free Throw 2 of 2",null,null],["0041400104",229,4,0,3,"8:20 PM","10:58","Lopez REBOUND (Off:1 Def:2)",null,null,null,null],["0041400104",230,2,1,3,"8:20 PM","10:34","MISS Bogdanovic 6' Jump Shot",null,null,null,null],["0041400104",231,4,0,3,"8:20 PM","10:33",null,null,"Horford REBOUND (Off:2 Def:4)",null,null],["0041400104",232,6,2,3,"8:20 PM","10:22","Young S.FOUL (P1.T3) (J.Capers)",null,null,null,null],["0041400104",233,3,11,3,"8:21 PM","10:22",null,null,"MISS Horford Free Throw 1 of 2",null,null],["0041400104",234,4,1,3,"8:21 PM","10:22",null,null,"Hawks Rebound",null,null],["0041400104",235,3,12,3,"8:21 PM","10:22",null,null,"Horford Free Throw 2 of 2 (5 PTS)","55 - 47","-8"],["0041400104",237,2,42,3,"8:21 PM","10:14","MISS D. Williams 3' Driving Layup",null,null,null,null],["0041400104",238,4,0,3,"8:21 PM","10:13","Lopez REBOUND (Off:2 Def:2)",null,null,null,null],["0041400104",239,1,87,3,"8:21 PM","10:12","Lopez  Putback Dunk (16 PTS)",null,null,"55 - 49","-6"],["0041400104",240,1,52,3,"8:21 PM","10:06",null,null,"Horford  Alley Oop Dunk (7 PTS) (Teague 6 AST)","57 - 49","-8"],["0041400104",241,6,1,3,"8:21 PM","10:00",null,null,"Teague P.FOUL (P1.T1) (E.Lewis)",null,null],["0041400104",242,6,2,3,"8:22 PM","9:50",null,null,"Horford S.FOUL (P3.T2) (J.Phillips)",null,null],["0041400104",243,3,11,3,"8:22 PM","9:50","Lopez Free Throw 1 of 2 (17 PTS)",null,null,"57 - 50","-7"],["0041400104",245,3,12,3,"8:23 PM","9:50","Lopez Free Throw 2 of 2 (18 PTS)",null,null,"57 - 51","-6"],["0041400104",247,2,1,3,"8:23 PM","9:36",null,null,"MISS Korver 26' 3PT Jump Shot",null,null],["0041400104",248,4,0,3,"8:23 PM","9:35",null,null,"Carroll REBOUND (Off:3 Def:0)",null,null],["0041400104",249,1,5,3,"8:23 PM","9:34",null,null,"Carroll 2' Layup (17 PTS)","59 - 51","-8"],["0041400104",250,2,77,3,"8:24 PM","9:12","MISS Johnson 5' Driving Jump Shot",null,null,null,null],["0041400104",251,4,0,3,"8:24 PM","9:11",null,null,"Millsap REBOUND (Off:1 Def:5)",null,null],["0041400104",252,5,2,3,"8:24 PM","8:57","D. Williams STEAL (1 STL)",null,"Teague Lost Ball Turnover (P2.T10)",null,null],["0041400104",253,1,49,3,"8:24 PM","8:53","Bogdanovic  Driving Dunk (4 PTS) (Young 2 AST)",null,null,"59 - 53","-6"],["0041400104",254,5,1,3,"8:24 PM","8:36","D. Williams STEAL (2 STL)",null,"Carroll Bad Pass Turnover (P1.T11)",null,null],["0041400104",255,1,42,3,"8:24 PM","8:32","D. Williams 2' Driving Layup (15 PTS)",null,null,"59 - 55","-4"],["0041400104",256,2,78,3,"8:24 PM","8:17",null,null,"MISS Teague 6' Floating Jump Shot",null,null],["0041400104",257,4,0,3,"8:24 PM","8:15",null,null,"Horford REBOUND (Off:3 Def:4)",null,null],["0041400104",258,1,4,3,"8:24 PM","8:14",null,null,"Horford 2' Tip Shot (9 PTS)","61 - 55","-6"],["0041400104",259,1,79,3,"8:25 PM","7:56","Johnson 19' Pullup Jump Shot (7 PTS)",null,null,"61 - 57","-4"],["0041400104",260,1,1,3,"8:25 PM","7:38",null,null,"Horford 19' Jump Shot (11 PTS) (Teague 7 AST)","63 - 57","-6"],["0041400104",261,1,79,3,"8:25 PM","7:27","D. Williams 19' Pullup Jump Shot (17 PTS)",null,null,"63 - 59","-4"],["0041400104",262,1,1,3,"8:26 PM","7:11",null,null,"Korver 27' 3PT Jump Shot (9 PTS) (Carroll 4 AST)","66 - 59","-7"],["0041400104",263,2,1,3,"8:26 PM","6:57","MISS D. Williams 19' Jump Shot",null,null,null,null],["0041400104",264,4,0,3,"8:26 PM","6:55","Bogdanovic REBOUND (Off:1 Def:1)",null,null,null,null],["0041400104",265,2,1,3,"8:26 PM","6:52","MISS D. Williams 24' 3PT Jump Shot",null,null,null,null],["0041400104",266,4,0,3,"8:26 PM","6:51",null,null,"Carroll REBOUND (Off:3 Def:1)",null,null],["0041400104",267,1,1,3,"8:26 PM","6:27",null,null,"Millsap 12' Jump Shot (8 PTS)","68 - 59","-9"],["0041400104",268,6,2,3,"8:27 PM","6:03",null,null,"Carroll S.FOUL (P1.T3) (J.Phillips)",null,null],["0041400104",269,9,1,3,"8:27 PM","6:03","NETS Timeout: Regular (Full 3 Short 1)",null,null,null,null],["0041400104",271,3,13,3,"8:30 PM","6:03","Johnson Free Throw 1 of 3 (8 PTS)",null,null,"68 - 60","-8"],["0041400104",273,3,14,3,"8:30 PM","6:03","Johnson Free Throw 2 of 3 (9 PTS)",null,null,"68 - 61","-7"],["0041400104",275,3,15,3,"8:30 PM","6:03","Johnson Free Throw 3 of 3 (10 PTS)",null,null,"68 - 62","-6"],["0041400104",277,2,1,3,"8:31 PM","5:51",null,null,"MISS Teague  3PT Jump Shot",null,null],["0041400104",278,4,0,3,"8:31 PM","5:49",null,null,"Carroll REBOUND (Off:4 Def:1)",null,null],["0041400104",279,2,42,3,"8:31 PM","5:35","Lopez BLOCK (3 BLK)",null,"MISS Teague 2' Driving Layup",null,null],["0041400104",280,4,0,3,"8:31 PM","5:33",null,null,"Millsap REBOUND (Off:2 Def:5)",null,null],["0041400104",281,1,5,3,"8:31 PM","5:31",null,null,"Millsap 2' Layup (10 PTS)","70 - 62","-8"],["0041400104",282,2,1,3,"8:31 PM","5:14","MISS Johnson 24' 3PT Jump Shot",null,null,null,null],["0041400104",283,4,0,3,"8:31 PM","5:13",null,null,"Millsap REBOUND (Off:2 Def:6)",null,null],["0041400104",284,1,7,3,"8:32 PM","5:02",null,null,"Horford  Dunk (13 PTS) (Teague 8 AST)","72 - 62","-10"],["0041400104",285,2,5,3,"8:32 PM","4:50","MISS Young 2' Layup",null,null,null,null],["0041400104",286,4,0,3,"8:32 PM","4:49","Lopez REBOUND (Off:3 Def:2)",null,null,null,null],["0041400104",287,2,4,3,"8:32 PM","4:48","MISS Lopez 2' Tip Shot",null,null,null,null],["0041400104",288,4,0,3,"8:32 PM","4:47",null,null,"Korver REBOUND (Off:0 Def:6)",null,null],["0041400104",289,5,2,3,"8:32 PM","4:45","Young STEAL (2 STL)",null,"Korver Lost Ball Turnover (P1.T12)",null,null],["0041400104",290,1,7,3,"8:32 PM","4:35","Lopez  Dunk (20 PTS) (D. Williams 4 AST)",null,null,"72 - 64","-8"],["0041400104",291,1,3,3,"8:32 PM","4:18",null,null,"Horford 5' Hook Shot (15 PTS) (Teague 9 AST)","74 - 64","-10"],["0041400104",292,5,1,3,"8:33 PM","4:05","D. Williams Bad Pass Turnover (P1.T7)",null,"Carroll STEAL (1 STL)",null,null],["0041400104",293,1,1,3,"8:33 PM","4:01",null,null,"Korver 18' Jump Shot (11 PTS) (Teague 10 AST)","76 - 64","-12"],["0041400104",294,9,2,3,"8:33 PM","3:58","NETS Timeout: Short (Full 3 Short 2)",null,null,null,null],["0041400104",296,8,0,3,"8:34 PM","3:58",null,null,"SUB: Bazemore FOR Korver",null,null],["0041400104",297,8,0,3,"8:34 PM","3:58",null,null,"SUB: Antic FOR Horford",null,null],["0041400104",298,8,0,3,"8:34 PM","3:58","SUB: Jack FOR D. Williams",null,null,null,null],["0041400104",299,2,1,3,"8:35 PM","3:37","MISS Johnson  3PT Jump Shot",null,null,null,null],["0041400104",300,4,0,3,"8:35 PM","3:36","Jack REBOUND (Off:1 Def:0)",null,null,null,null],["0041400104",301,8,0,3,"8:35 PM","3:30","SUB: Anderson FOR Young",null,null,null,null],["0041400104",302,10,0,3,"8:35 PM","3:30","Jump Ball Lopez vs. Millsap: Tip to",null,null,null,null],["0041400104",303,6,3,3,"8:36 PM","3:30",null,null,"Millsap L.B.FOUL (P2.T4) (E.Lewis)",null,null],["0041400104",304,1,1,3,"8:36 PM","3:22","Bogdanovic 25' 3PT Jump Shot (7 PTS) (Jack 2 AST)",null,null,"76 - 67","-9"],["0041400104",305,2,84,3,"8:36 PM","3:14",null,null,"MISS Teague 15' Running Bank Shot",null,null],["0041400104",306,4,0,3,"8:36 PM","3:13","Bogdanovic REBOUND (Off:1 Def:2)",null,null,null,null],["0041400104",307,1,79,3,"8:36 PM","3:08","Jack 17' Pullup Jump Shot (4 PTS)",null,null,"76 - 69","-7"],["0041400104",308,9,1,3,"8:36 PM","3:07",null,null,"Hawks Timeout: Regular (Reg.3 Short 1)",null,null],["0041400104",310,8,0,3,"8:38 PM","3:07",null,null,"SUB: Schroder FOR Teague",null,null],["0041400104",311,1,46,3,"8:39 PM","2:42",null,null,"Schroder 8' Running Jump Shot (6 PTS)","78 - 69","-9"],["0041400104",312,2,42,3,"8:40 PM","2:32","MISS Jack 3' Driving Layup",null,"Antic BLOCK (1 BLK)",null,null],["0041400104",313,4,0,3,"8:40 PM","2:31","NETS Rebound",null,null,null,null],["0041400104",314,6,4,3,"8:40 PM","2:28","Lopez OFF.Foul (P3) (J.Phillips)",null,null,null,null],["0041400104",315,5,5,3,"8:40 PM","2:28","Lopez Foul Turnover (P1.T8)",null,null,null,null],["0041400104",316,2,84,3,"8:40 PM","2:10",null,null,"MISS Millsap 5' Running Bank Shot",null,null],["0041400104",317,4,0,3,"8:41 PM","2:09","Lopez REBOUND (Off:3 Def:3)",null,null,null,null],["0041400104",318,1,81,3,"8:41 PM","1:53","Anderson 5' Pullup Bank Shot (5 PTS)",null,null,"78 - 71","-7"],["0041400104",319,2,3,3,"8:41 PM","1:37",null,null,"MISS Carroll 7' Hook Shot",null,null],["0041400104",320,4,0,3,"8:41 PM","1:35",null,null,"Bazemore REBOUND (Off:1 Def:2)",null,null],["0041400104",321,6,2,3,"8:41 PM","1:26","Lopez S.FOUL (P4.T4) (J.Capers)",null,null,null,null],["0041400104",322,3,11,3,"8:42 PM","1:26",null,null,"Schroder Free Throw 1 of 2 (7 PTS)","79 - 71","-8"],["0041400104",324,8,0,3,"8:42 PM","1:26",null,null,"SUB: Korver FOR Carroll",null,null],["0041400104",325,8,0,3,"8:42 PM","1:26",null,null,"SUB: Horford FOR Antic",null,null],["0041400104",326,8,0,3,"8:42 PM","1:26",null,null,"SUB: Scott FOR Millsap",null,null],["0041400104",327,8,0,3,"8:42 PM","1:26","SUB: Plumlee FOR Lopez",null,null,null,null],["0041400104",328,3,12,3,"8:42 PM","1:26",null,null,"Schroder Free Throw 2 of 2 (8 PTS)","80 - 71","-9"],["0041400104",330,6,1,3,"8:42 PM","1:25",null,null,"Scott P.FOUL (P1.PN) (J.Capers)",null,null],["0041400104",331,3,11,3,"8:42 PM","1:25","MISS Plumlee Free Throw 1 of 2",null,null,null,null],["0041400104",332,4,1,3,"8:42 PM","1:25","NETS Rebound",null,null,null,null],["0041400104",333,3,12,3,"8:43 PM","1:25","MISS Plumlee Free Throw 2 of 2",null,null,null,null],["0041400104",335,4,0,3,"8:43 PM","1:24",null,null,"Bazemore REBOUND (Off:1 Def:3)",null,null],["0041400104",336,5,1,3,"8:43 PM","1:09","Anderson STEAL (2 STL)",null,"Schroder Bad Pass Turnover (P3.T13)",null,null],["0041400104",337,6,1,3,"8:43 PM","1:08",null,null,"Horford P.FOUL (P4.PN) (J.Phillips)",null,null],["0041400104",338,3,11,3,"8:44 PM","1:08","Anderson Free Throw 1 of 2 (6 PTS)",null,null,"80 - 72","-8"],["0041400104",340,8,0,3,"8:44 PM","1:08",null,null,"SUB: Millsap FOR Horford",null,null],["0041400104",341,8,0,3,"8:44 PM","1:08","SUB: Young FOR Plumlee",null,null,null,null],["0041400104",342,3,12,3,"8:44 PM","1:08","MISS Anderson Free Throw 2 of 2",null,null,null,null],["0041400104",344,4,0,3,"8:44 PM","1:07",null,null,"Korver REBOUND (Off:0 Def:7)",null,null],["0041400104",345,1,42,3,"8:44 PM","0:48",null,null,"Schroder 2' Driving Layup (10 PTS)","82 - 72","-10"],["0041400104",346,2,1,3,"8:45 PM","0:37","MISS Jack 26' 3PT Jump Shot",null,null,null,null],["0041400104",347,4,0,3,"8:45 PM","0:36","Johnson REBOUND (Off:1 Def:4)",null,null,null,null],["0041400104",348,2,1,3,"8:45 PM","0:28","MISS Anderson 25' 3PT Jump Shot",null,null,null,null],["0041400104",349,4,0,3,"8:45 PM","0:27",null,null,"Millsap REBOUND (Off:2 Def:7)",null,null],["0041400104",351,5,11,3,"8:46 PM","0:04",null,null,"Hawks Turnover: Shot Clock (T#14)",null,null],["0041400104",352,1,42,3,"8:46 PM","0:01","Anderson 2' Driving Layup (8 PTS)",null,null,"82 - 74","-8"],["0041400104",353,6,2,3,"8:46 PM","0:01",null,null,"Bazemore S.FOUL (P1.PN) (J.Capers)",null,null],["0041400104",354,3,10,3,"8:47 PM","0:01","MISS Anderson Free Throw 1 of 1",null,null,null,null],["0041400104",358,4,0,3,"8:47 PM","0:00","NETS Rebound",null,null,null,null],["0041400104",359,13,0,3,"8:47 PM","0:00",null,null,null,"82 - 74","-8"],["0041400104",362,12,0,4,"8:51 PM","12:00",null,null,null,"82 - 74","-8"],["0041400104",363,6,1,4,"8:51 PM","11:50","D. Williams P.FOUL (P3.T1) (J.Phillips)",null,null,null,null],["0041400104",364,2,1,4,"8:51 PM","11:42",null,null,"MISS Korver 27' 3PT Jump Shot",null,null],["0041400104",365,4,0,4,"8:51 PM","11:41",null,null,"Scott REBOUND (Off:2 Def:1)",null,null],["0041400104",366,2,5,4,"8:51 PM","11:39",null,null,"MISS Scott 1' Layup",null,null],["0041400104",367,4,0,4,"8:51 PM","11:38","Bogdanovic REBOUND (Off:1 Def:3)",null,null,null,null],["0041400104",368,2,42,4,"8:52 PM","11:25","MISS D. Williams 3' Driving Layup",null,null,null,null],["0041400104",369,4,0,4,"8:52 PM","11:23","Jack REBOUND (Off:2 Def:0)",null,null,null,null],["0041400104",370,1,1,4,"8:52 PM","11:11","D. Williams  3PT Jump Shot (20 PTS) (Bogdanovic 3 AST)",null,null,"82 - 77","-5"],["0041400104",371,6,1,4,"8:52 PM","10:57","Young P.FOUL (P2.T2) (E.Lewis)",null,null,null,null],["0041400104",372,2,1,4,"8:53 PM","10:46",null,null,"MISS Schroder 27' 3PT Jump Shot",null,null],["0041400104",373,4,0,4,"8:53 PM","10:45","NETS Rebound",null,null,null,null],["0041400104",374,1,80,4,"8:53 PM","10:31","D. Williams 17' Step Back Jump Shot (22 PTS)",null,null,"82 - 79","-3"],["0041400104",375,2,42,4,"8:53 PM","10:18",null,null,"MISS Schroder 2' Driving Layup",null,null],["0041400104",377,4,0,4,"8:53 PM","10:17",null,null,"Scott REBOUND (Off:3 Def:1)",null,null],["0041400104",376,1,5,4,"8:53 PM","10:16",null,null,"Scott 2' Layup (7 PTS)","84 - 79","-5"],["0041400104",381,6,2,4,"8:54 PM","10:16","Jack S.FOUL (P2.T3) (J.Capers)",null,null,null,null],["0041400104",378,8,0,4,"8:54 PM","10:16",null,null,"SUB: Carroll FOR Bazemore",null,null],["0041400104",379,3,10,4,"8:54 PM","10:16",null,null,"Scott Free Throw 1 of 1 (8 PTS)","85 - 79","-6"],["0041400104",382,1,1,4,"8:54 PM","10:04","Bogdanovic 24' 3PT Jump Shot (10 PTS) (Young 3 AST)",null,null,"85 - 82","-3"],["0041400104",383,6,26,4,"8:54 PM","9:52",null,null,"Schroder Offensive Charge Foul (P1.T1) (E.Lewis)",null,null],["0041400104",384,5,5,4,"8:54 PM","9:52",null,null,"Schroder Foul Turnover (P4.T15)",null,null],["0041400104",385,8,0,4,"8:55 PM","9:52",null,null,"SUB: Horford FOR Scott",null,null],["0041400104",386,8,0,4,"8:55 PM","9:52",null,null,"SUB: Teague FOR Schroder",null,null],["0041400104",387,2,5,4,"8:55 PM","9:37","MISS Young 2' Layup",null,null,null,null],["0041400104",388,4,0,4,"8:55 PM","9:37",null,null,"Korver REBOUND (Off:0 Def:8)",null,null],["0041400104",389,2,5,4,"8:55 PM","9:29",null,null,"MISS Carroll 2' Layup",null,null],["0041400104",390,4,0,4,"8:55 PM","9:27",null,null,"Carroll REBOUND (Off:5 Def:1)",null,null],["0041400104",391,2,5,4,"8:55 PM","9:26",null,null,"MISS Carroll 2' Layup",null,null],["0041400104",392,4,0,4,"8:55 PM","9:25","NETS Rebound",null,null,null,null],["0041400104",393,1,1,4,"8:56 PM","9:16","Anderson 25' 3PT Jump Shot (11 PTS) (D. Williams 5 AST)",null,null,"85 - 85","TIE"],["0041400104",394,9,1,4,"8:56 PM","9:16",null,null,"Hawks Timeout: Regular (Reg.4 Short 1)",null,null],["0041400104",396,1,1,4,"8:58 PM","9:05",null,null,"Korver 27' 3PT Jump Shot (14 PTS) (Horford 1 AST)","88 - 85","-3"],["0041400104",397,6,1,4,"8:59 PM","8:44",null,null,"Carroll P.FOUL (P2.T2) (J.Phillips)",null,null],["0041400104",399,5,2,4,"9:00 PM","8:32","Jack Lost Ball Turnover (P3.T9)",null,"Millsap STEAL (3 STL)",null,null],["0041400104",400,2,1,4,"9:00 PM","8:10",null,null,"MISS Millsap 25' 3PT Jump Shot",null,null],["0041400104",401,4,0,4,"9:00 PM","8:09","Bogdanovic REBOUND (Off:1 Def:4)",null,null,null,null],["0041400104",402,1,42,4,"9:00 PM","7:56","D. Williams 2' Driving Layup (24 PTS)",null,null,"88 - 87","-1"],["0041400104",403,6,1,4,"9:00 PM","7:47","Young P.FOUL (P3.T4) (J.Phillips)",null,null,null,null],["0041400104",404,8,0,4,"9:01 PM","7:47","SUB: Lopez FOR Young",null,null,null,null],["0041400104",406,2,1,4,"9:01 PM","7:30","Lopez BLOCK (4 BLK)",null,"MISS Millsap 4' Jump Shot",null,null],["0041400104",407,4,0,4,"9:01 PM","7:28","Anderson REBOUND (Off:0 Def:4)",null,null,null,null],["0041400104",408,1,1,4,"9:01 PM","7:21","D. Williams 27' 3PT Jump Shot (27 PTS)",null,null,"88 - 90","2"],["0041400104",409,5,1,4,"9:02 PM","7:07","Jack STEAL (3 STL)",null,"Teague Bad Pass Turnover (P3.T16)",null,null],["0041400104",410,1,1,4,"9:02 PM","7:00","D. Williams 26' 3PT Jump Shot (30 PTS) (Jack 3 AST)",null,null,"88 - 93","5"],["0041400104",411,9,2,4,"9:02 PM","7:00",null,null,"Hawks Timeout: Short (Reg.4 Short 2)",null,null],["0041400104",413,2,5,4,"9:03 PM","6:46",null,null,"MISS Carroll 2' Layup",null,null],["0041400104",414,4,0,4,"9:03 PM","6:45","Lopez REBOUND (Off:3 Def:4)",null,null,null,null],["0041400104",415,6,2,4,"9:04 PM","6:26",null,null,"Horford S.FOUL (P5.T3) (J.Phillips)",null,null],["0041400104",416,3,11,4,"9:04 PM","6:26","MISS Lopez Free Throw 1 of 2",null,null,null,null],["0041400104",417,4,1,4,"9:04 PM","6:26","NETS Rebound",null,null,null,null],["0041400104",418,3,12,4,"9:04 PM","6:26","Lopez Free Throw 2 of 2 (21 PTS)",null,null,"88 - 94","6"],["0041400104",420,6,2,4,"9:05 PM","6:17","Jack S.FOUL (P3.PN) (J.Capers)",null,null,null,null],["0041400104",421,3,11,4,"9:05 PM","6:17",null,null,"Teague Free Throw 1 of 2 (10 PTS)","89 - 94","5"],["0041400104",423,8,0,4,"9:05 PM","6:17",null,null,"SUB: Antic FOR Horford",null,null],["0041400104",424,8,0,4,"9:05 PM","6:17","SUB: Johnson FOR Jack",null,null,null,null],["0041400104",425,3,12,4,"9:05 PM","6:17",null,null,"MISS Teague Free Throw 2 of 2",null,null],["0041400104",429,4,0,4,"9:06 PM","6:16",null,null,"Antic REBOUND (Off:1 Def:2)",null,null],["0041400104",428,2,53,4,"9:06 PM","6:15",null,null,"MISS Antic 1' Tip Shot",null,null],["0041400104",427,4,0,4,"9:06 PM","6:14","Bogdanovic REBOUND (Off:1 Def:5)",null,null,null,null],["0041400104",430,2,63,4,"9:06 PM","5:53","MISS D. Williams 9' Fadeaway Jumper",null,null,null,null],["0041400104",431,4,0,4,"9:06 PM","5:51",null,null,"Korver REBOUND (Off:0 Def:9)",null,null],["0041400104",432,6,2,4,"9:06 PM","5:40","D. Williams S.FOUL (P4.PN) (J.Capers)",null,null,null,null],["0041400104",435,9,4,4,"9:07 PM","5:40",null,null,null,null,null],["0041400104",436,3,11,4,"9:09 PM","5:40",null,null,"MISS Teague Free Throw 1 of 2",null,null],["0041400104",437,4,1,4,"9:09 PM","5:40",null,null,"Hawks Rebound",null,null],["0041400104",438,3,12,4,"9:10 PM","5:40",null,null,"Teague Free Throw 2 of 2 (11 PTS)","90 - 94","4"],["0041400104",440,5,1,4,"9:10 PM","5:22","D. Williams Bad Pass Turnover (P2.T10)",null,"Teague STEAL (2 STL)",null,null],["0041400104",442,1,1,4,"9:11 PM","5:07",null,null,"Antic 24' 3PT Jump Shot (6 PTS) (Korver 2 AST)","93 - 94","1"],["0041400104",443,6,1,4,"9:11 PM","4:55",null,null,"Millsap P.FOUL (P3.T4) (J.Capers)",null,null],["0041400104",444,1,1,4,"9:11 PM","4:43","Johnson  3PT Jump Shot (13 PTS) (Anderson 1 AST)",null,null,"93 - 97","4"],["0041400104",445,1,42,4,"9:12 PM","4:34",null,null,"Teague 2' Driving Layup (13 PTS)","95 - 97","2"],["0041400104",447,2,80,4,"9:12 PM","4:08","MISS Bogdanovic 27' 3PT Step Back Jump Shot",null,null,null,null],["0041400104",448,4,0,4,"9:12 PM","4:07",null,null,"Antic REBOUND (Off:1 Def:3)",null,null],["0041400104",449,1,1,4,"9:12 PM","3:57",null,null,"Teague 12' Jump Shot (15 PTS)","97 - 97","TIE"],["0041400104",450,2,1,4,"9:13 PM","3:32","MISS Johnson 19' Jump Shot",null,null,null,null],["0041400104",451,4,0,4,"9:13 PM","3:31",null,null,"Millsap REBOUND (Off:2 Def:8)",null,null],["0041400104",452,2,1,4,"9:13 PM","3:19",null,null,"MISS Antic 25' 3PT Jump Shot",null,null],["0041400104",453,4,0,4,"9:13 PM","3:18","D. Williams REBOUND (Off:0 Def:4)",null,null,null,null],["0041400104",454,1,7,4,"9:13 PM","3:12","Bogdanovic  Dunk (12 PTS) (D. Williams 6 AST)",null,null,"97 - 99","2"],["0041400104",455,2,1,4,"9:13 PM","2:53",null,null,"MISS Korver 26' 3PT Jump Shot",null,null],["0041400104",456,4,0,4,"9:14 PM","2:52",null,null,"Millsap REBOUND (Off:3 Def:8)",null,null],["0041400104",457,1,1,4,"9:14 PM","2:49",null,null,"Millsap 6' Jump Shot (12 PTS)","99 - 99","TIE"],["0041400104",458,2,1,4,"9:14 PM","2:26","MISS Bogdanovic 15' Jump Shot",null,null,null,null],["0041400104",459,4,0,4,"9:14 PM","2:25",null,null,"Teague REBOUND (Off:0 Def:3)",null,null],["0041400104",460,1,42,4,"9:14 PM","2:18",null,null,"Teague 2' Driving Layup (17 PTS)","101 - 99","-2"],["0041400104",461,9,1,4,"9:14 PM","2:18","NETS Timeout: Regular (Full 4 Short 2)",null,null,null,null],["0041400104",463,8,0,4,"9:17 PM","2:18","SUB: Young FOR Anderson",null,null,null,null],["0041400104",465,1,1,4,"9:17 PM","1:53","D. Williams 27' 3PT Jump Shot (33 PTS)",null,null,"101 - 102","1"],["0041400104",466,5,1,4,"9:18 PM","1:44","D. Williams STEAL (3 STL)",null,"Teague Bad Pass Turnover (P4.T17)",null,null],["0041400104",467,1,3,4,"9:18 PM","1:24","Lopez 7' Hook Shot (23 PTS) (D. Williams 7 AST)",null,null,"101 - 104","3"],["0041400104",468,6,1,4,"9:18 PM","1:15","D. Williams P.FOUL (P5.PN) (J.Capers)",null,null,null,null],["0041400104",469,3,11,4,"9:19 PM","1:15",null,null,"Teague Free Throw 1 of 2 (18 PTS)","102 - 104","2"],["0041400104",471,8,0,4,"9:19 PM","1:15",null,null,"SUB: Horford FOR Antic",null,null],["0041400104",472,3,12,4,"9:19 PM","1:15",null,null,"MISS Teague Free Throw 2 of 2",null,null],["0041400104",474,4,0,4,"9:19 PM","1:14","Lopez REBOUND (Off:3 Def:5)",null,null,null,null],["0041400104",475,2,42,4,"9:19 PM","0:59","MISS D. Williams 2' Driving Layup",null,"Millsap BLOCK (2 BLK)",null,null],["0041400104",478,4,0,4,"9:19 PM","0:57",null,null,"Teague REBOUND (Off:0 Def:4)",null,null],["0041400104",477,5,41,4,"9:19 PM","0:56","Lopez STEAL (2 STL)",null,"Teague Poss Lost Ball Turnover (P5.T18)",null,null],["0041400104",479,2,1,4,"9:20 PM","0:31","MISS Johnson 15' Jump Shot",null,null,null,null],["0041400104",480,4,0,4,"9:20 PM","0:29",null,null,"Millsap REBOUND (Off:3 Def:9)",null,null],["0041400104",481,9,1,4,"9:21 PM","0:24",null,null,"Hawks Timeout: Regular (Reg.5 Short 2)",null,null],["0041400104",483,8,0,4,"9:22 PM","0:24","SUB: Anderson FOR Lopez",null,null,null,null],["0041400104",484,1,49,4,"9:23 PM","0:16",null,null,"Millsap  Driving Dunk (14 PTS) (Teague 11 AST)","104 - 104","TIE"],["0041400104",485,9,1,4,"9:23 PM","0:16","NETS Timeout: Regular (Full 5 Short 2)",null,null,null,null],["0041400104",486,8,0,4,"9:24 PM","0:16",null,null,"SUB: Bazemore FOR Teague",null,null],["0041400104",487,8,0,4,"9:25 PM","0:16","SUB: Jack FOR Anderson",null,null,null,null],["0041400104",488,8,0,4,"9:25 PM","0:16","SUB: Lopez FOR Young",null,null,null,null],["0041400104",489,2,86,4,"9:25 PM","0:06","MISS D. Williams 12' Turnaround Fadeaway Shot",null,null,null,null],["0041400104",490,4,0,4,"9:25 PM","0:06",null,null,"Korver REBOUND (Off:0 Def:10)",null,null],["0041400104",491,9,2,4,"9:25 PM","0:06",null,null,"Hawks Timeout: Short (Reg.5 Short 3)",null,null],["0041400104",492,8,0,4,"9:26 PM","0:06",null,null,"SUB: Teague FOR Bazemore",null,null],["0041400104",493,8,0,4,"9:26 PM","0:06","SUB: Anderson FOR Jack",null,null,null,null],["0041400104",494,8,0,4,"9:26 PM","0:06","SUB: Young FOR Lopez",null,null,null,null],["0041400104",495,13,0,4,"9:27 PM","0:00",null,null,null,"104 - 104","TIE"],["0041400104",496,12,0,5,"9:29 PM","5:00",null,null,null,"104 - 104","TIE"],["0041400104",497,10,0,5,"9:29 PM","4:59","Jump Ball Lopez vs. Millsap: Tip to Teague",null,null,null,null],["0041400104",498,1,5,5,"9:30 PM","4:40",null,null,"Millsap 3' Layup (16 PTS) (Korver 3 AST)","106 - 104","-2"],["0041400104",499,2,1,5,"9:30 PM","4:23","MISS Bogdanovic 24' 3PT Jump Shot",null,null,null,null],["0041400104",500,4,0,5,"9:30 PM","4:22","Young REBOUND (Off:3 Def:3)",null,null,null,null],["0041400104",501,2,5,5,"9:30 PM","4:16","MISS Young 2' Layup",null,"Millsap BLOCK (3 BLK)",null,null],["0041400104",502,4,0,5,"9:30 PM","4:14",null,null,"Korver REBOUND (Off:0 Def:11)",null,null],["0041400104",503,2,46,5,"9:30 PM","4:04",null,null,"MISS Teague 12' Running Jump Shot",null,null],["0041400104",504,4,0,5,"9:30 PM","4:03",null,null,"Hawks Rebound",null,null],["0041400104",505,6,3,5,"9:31 PM","4:03","Lopez L.B.FOUL (P5.T1) (J.Phillips)",null,null,null,null],["0041400104",506,2,1,5,"9:31 PM","3:50",null,null,"MISS Korver 24' 3PT Jump Shot",null,null],["0041400104",507,4,0,5,"9:31 PM","3:49","Lopez REBOUND (Off:3 Def:6)",null,null,null,null],["0041400104",508,2,5,5,"9:31 PM","3:35","MISS Lopez 3' Layup",null,null,null,null],["0041400104",509,4,0,5,"9:31 PM","3:34","Young REBOUND (Off:4 Def:3)",null,null,null,null],["0041400104",510,1,3,5,"9:31 PM","3:32","Young 3' Hook Shot (8 PTS)",null,null,"106 - 106","TIE"],["0041400104",511,1,79,5,"9:32 PM","3:16",null,null,"Korver 20' Pullup Jump Shot (16 PTS)","108 - 106","-2"],["0041400104",512,1,77,5,"9:32 PM","2:50","Johnson 12' Driving Jump Shot (15 PTS)",null,null,"108 - 108","TIE"],["0041400104",513,1,1,5,"9:32 PM","2:26",null,null,"Carroll  3PT Jump Shot (20 PTS) (Millsap 4 AST)","111 - 108","-3"],["0041400104",514,1,5,5,"9:33 PM","2:07","Lopez 1' Layup (25 PTS)",null,null,"111 - 110","-1"],["0041400104",515,6,2,5,"9:33 PM","2:07",null,null,"Carroll S.FOUL (P3.T1) (J.Phillips)",null,null],["0041400104",516,8,0,5,"9:33 PM","2:07",null,null,"SUB: Horford FOR Antic",null,null],["0041400104",517,3,10,5,"9:33 PM","2:07","Lopez Free Throw 1 of 1 (26 PTS)",null,null,"111 - 111","TIE"],["0041400104",519,1,5,5,"9:34 PM","1:44",null,null,"Horford 1' Layup (17 PTS) (Carroll 5 AST)","113 - 111","-2"],["0041400104",520,1,1,5,"9:34 PM","1:25","Bogdanovic  3PT Jump Shot (15 PTS) (Lopez 3 AST)",null,null,"113 - 114","1"],["0041400104",521,2,1,5,"9:35 PM","1:16",null,null,"MISS Teague 27' 3PT Jump Shot",null,null],["0041400104",522,4,0,5,"9:35 PM","1:15","Lopez REBOUND (Off:3 Def:7)",null,null,null,null],["0041400104",523,1,1,5,"9:35 PM","0:54","Young 9' Jump Shot (10 PTS) (Johnson 5 AST)",null,null,"113 - 116","3"],["0041400104",524,6,2,5,"9:35 PM","0:54",null,null,"Millsap S.FOUL (P4.T2) (J.Capers)",null,null],["0041400104",525,8,0,5,"9:35 PM","0:54","SUB: Anderson FOR Lopez",null,null,null,null],["0041400104",526,3,10,5,"9:35 PM","0:54","MISS Young Free Throw 1 of 1",null,null,null,null],["0041400104",528,4,0,5,"9:36 PM","0:53",null,null,"Carroll REBOUND (Off:5 Def:2)",null,null],["0041400104",529,9,1,5,"9:36 PM","0:53",null,null,"Hawks Timeout: Regular (Reg.6 Short 3)",null,null],["0041400104",531,2,1,5,"9:38 PM","0:45",null,null,"MISS Korver 24' 3PT Jump Shot",null,null],["0041400104",532,4,0,5,"9:38 PM","0:43",null,null,"Carroll REBOUND (Off:6 Def:2)",null,null],["0041400104",533,2,1,5,"9:38 PM","0:29",null,null,"MISS Korver 27' 3PT Jump Shot",null,null],["0041400104",534,4,0,5,"9:38 PM","0:27",null,null,"Carroll REBOUND (Off:7 Def:2)",null,null],["0041400104",535,9,2,5,"9:38 PM","0:25",null,null,"Hawks Timeout: Short (Reg.6 Short 4)",null,null],["0041400104",537,2,1,5,"9:40 PM","0:21",null,null,"MISS Korver 25' 3PT Jump Shot",null,null],["0041400104",538,4,0,5,"9:40 PM","0:20","D. Williams REBOUND (Off:0 Def:5)",null,null,null,null],["0041400104",539,6,1,5,"9:40 PM","0:20",null,null,"Millsap P.FOUL (P5.PN) (J.Capers)",null,null],["0041400104",540,3,11,5,"9:40 PM","0:20","D. Williams Free Throw 1 of 2 (34 PTS)",null,null,"113 - 117","4"],["0041400104",542,3,12,5,"9:40 PM","0:20","D. Williams Free Throw 2 of 2 (35 PTS)",null,null,"113 - 118","5"],["0041400104",544,1,42,5,"9:41 PM","0:13",null,null,"Teague 2' Driving Layup (20 PTS)","115 - 118","3"],["0041400104",545,6,1,5,"9:41 PM","0:11",null,null,"Korver P.FOUL (P1.PN) (J.Capers)",null,null],["0041400104",546,3,11,5,"9:41 PM","0:11","Johnson Free Throw 1 of 2 (16 PTS)",null,null,"115 - 119","4"],["0041400104",548,3,12,5,"9:42 PM","0:11","Johnson Free Throw 2 of 2 (17 PTS)",null,null,"115 - 120","5"],["0041400104",550,2,1,5,"9:42 PM","0:02",null,null,"MISS Millsap 24' 3PT Jump Shot",null,null],["0041400104",551,4,0,5,"9:42 PM","0:01","Johnson REBOUND (Off:1 Def:5)",null,null,null,null],["0041400104",552,13,0,5,"9:42 PM","0:00",null,null,null,"115 - 120","5"]]},{"name":"AvailableVideo","headers":["VIDEO_AVAILABLE_FLAG"],"rowSet":[[1]]}]}