{"resource":"playbyplay","parameters":{"GameID":"0041400312","StartPeriod":0,"EndPeriod":14},"resultSets":[{"name":"PlayByPlay","headers":["GAME_ID","EVENTNUM","EVENTMSGTYPE","EVENTMSGACTIONTYPE","PERIOD","WCTIMESTRING","PCTIMESTRING","HOMEDESCRIPTION","NEUTRALDESCRIPTION","VISITORDESCRIPTION","SCORE","SCOREMARGIN"],"rowSet":[["0041400312",0,12,0,1,"9:11 PM","12:00",null,null,null,null,null],["0041400312",1,10,0,1,"9:11 PM","12:00","Jump Ball Bogut vs. Howard: Tip to Terry",null,null,null,null],["0041400312",2,1,80,1,"9:11 PM","11:47",null,null,"Harden 14' Step Back Jump Shot (2 PTS) (Howard 1 AST)","2 - 0","-2"],["0041400312",3,6,2,1,"9:11 PM","11:47","Thompson S.FOUL (P1.T1) (M.McCutchen)",null,null,null,null],["0041400312",4,3,10,1,"9:12 PM","11:47",null,null,"Harden Free Throw 1 of 1 (3 PTS)","3 - 0","-3"],["0041400312",6,2,1,1,"9:12 PM","11:32","MISS Thompson 24' 3PT Jump Shot",null,null,null,null],["0041400312",7,4,0,1,"9:12 PM","11:31",null,null,"Howard REBOUND (Off:0 Def:1)",null,null],["0041400312",8,2,79,1,"9:12 PM","11:25",null,null,"MISS Ariza 26' 3PT Pullup Jump Shot",null,null],["0041400312",9,4,0,1,"9:12 PM","11:24","Curry REBOUND (Off:0 Def:1)",null,null,null,null],["0041400312",10,1,78,1,"9:12 PM","11:16","Curry 5' Floating Jump Shot (2 PTS)",null,null,"3 - 2","-1"],["0041400312",11,2,71,1,"9:13 PM","11:01",null,null,"MISS Smith 7' Finger Roll Layup",null,null],["0041400312",12,4,0,1,"9:13 PM","11:00","Green REBOUND (Off:0 Def:1)",null,null,null,null],["0041400312",13,5,2,1,"9:13 PM","10:55","Thompson Lost Ball Turnover (P1.T1)",null,"Harden STEAL (1 STL)",null,null],["0041400312",14,1,44,1,"9:13 PM","10:49",null,null,"Smith 2' Reverse Layup (2 PTS) (Ariza 1 AST)","5 - 2","-3"],["0041400312",15,2,79,1,"9:13 PM","10:31","MISS Curry 25' 3PT Pullup Jump Shot",null,null,null,null],["0041400312",16,4,0,1,"9:13 PM","10:30",null,null,"Harden REBOUND (Off:0 Def:1)",null,null],["0041400312",17,2,79,1,"9:13 PM","10:24",null,null,"MISS Harden 24' 3PT Pullup Jump Shot",null,null],["0041400312",18,4,0,1,"9:13 PM","10:23","Thompson REBOUND (Off:0 Def:1)",null,null,null,null],["0041400312",19,6,1,1,"9:14 PM","10:18",null,null,"Terry P.FOUL (P1.T1) (M.McCutchen)",null,null],["0041400312",20,1,79,1,"9:14 PM","10:09","Green 24' 3PT Pullup Jump Shot (3 PTS) (Barnes 1 AST)",null,null,"5 - 5","TIE"],["0041400312",21,2,1,1,"9:14 PM","9:49","Bogut BLOCK (1 BLK)",null,"MISS Smith 6' Jump Shot",null,null],["0041400312",22,4,0,1,"9:14 PM","9:48",null,null,"Howard REBOUND (Off:1 Def:1)",null,null],["0041400312",23,2,4,1,"9:14 PM","9:48",null,null,"MISS Howard 4' Tip Shot",null,null],["0041400312",24,4,0,1,"9:14 PM","9:46","Bogut REBOUND (Off:0 Def:1)",null,null,null,null],["0041400312",25,5,1,1,"9:14 PM","9:45","Bogut Bad Pass Turnover (P1.T2)",null,"Smith STEAL (1 STL)",null,null],["0041400312",26,2,1,1,"9:14 PM","9:37",null,null,"MISS Smith 5' Jump Shot",null,null],["0041400312",27,4,0,1,"9:14 PM","9:36","Barnes REBOUND (Off:0 Def:1)",null,null,null,null],["0041400312",28,2,1,1,"9:15 PM","9:26","MISS Curry 28' 3PT Jump Shot",null,null,null,null],["0041400312",29,4,0,1,"9:15 PM","9:25",null,null,"Ariza REBOUND (Off:0 Def:1)",null,null],["0041400312",30,5,1,1,"9:15 PM","9:18","Green STEAL (1 STL)",null,"Harden Bad Pass Turnover (P1.T1)",null,null],["0041400312",31,6,1,1,"9:15 PM","9:13",null,null,"Howard P.FOUL (P1.T2) (J.Capers)",null,null],["0041400312",32,1,52,1,"9:15 PM","9:09","Bogut  Alley Oop Dunk (2 PTS) (Curry 1 AST)",null,null,"5 - 7","2"],["0041400312",33,6,4,1,"9:16 PM","8:58",null,null,"Ariza OFF.Foul (P1) (J.Capers)",null,null],["0041400312",34,5,5,1,"9:16 PM","8:58",null,null,"Ariza Foul Turnover (P1.T2)",null,null],["0041400312",35,5,1,1,"9:16 PM","8:50","Green Bad Pass Turnover (P1.T3)",null,"Howard STEAL (1 STL)",null,null],["0041400312",36,1,65,1,"9:16 PM","8:40",null,null,"Smith 9' Jump Hook Shot (4 PTS)","7 - 7","TIE"],["0041400312",37,1,42,1,"9:16 PM","8:21","Barnes 3' Driving Layup (2 PTS) (Green 1 AST)",null,null,"7 - 9","2"],["0041400312",38,2,63,1,"9:17 PM","8:06",null,null,"MISS Smith 10' Fadeaway Jumper",null,null],["0041400312",39,4,0,1,"9:17 PM","8:05","Green REBOUND (Off:0 Def:2)",null,null,null,null],["0041400312",40,5,1,1,"9:17 PM","7:54","Bogut Bad Pass Turnover (P2.T4)",null,"Ariza STEAL (1 STL)",null,null],["0041400312",41,1,79,1,"9:17 PM","7:45",null,null,"Terry 25' 3PT Pullup Jump Shot (3 PTS) (Smith 1 AST)","10 - 9","-1"],["0041400312",42,9,1,1,"9:17 PM","7:44","WARRIORS Timeout: Regular (Full 1 Short 0)",null,null,null,null],["0041400312",44,1,8,1,"9:21 PM","7:21","Bogut  Slam Dunk (4 PTS) (Green 2 AST)",null,null,"10 - 11","1"],["0041400312",45,2,5,1,"9:21 PM","7:07",null,null,"MISS Smith 3' Layup",null,null],["0041400312",46,4,0,1,"9:21 PM","7:06","Bogut REBOUND (Off:0 Def:2)",null,null,null,null],["0041400312",47,2,44,1,"9:21 PM","7:02","MISS Curry 2' Reverse Layup",null,null,null,null],["0041400312",48,4,0,1,"9:21 PM","7:01",null,null,"Ariza REBOUND (Off:0 Def:2)",null,null],["0041400312",50,8,0,1,"9:21 PM","6:55",null,null,"SUB: Capela FOR Howard",null,null],["0041400312",51,2,56,1,"9:22 PM","6:41",null,null,"MISS Smith 10' Running Hook Shot",null,null],["0041400312",52,4,0,1,"9:22 PM","6:40","Green REBOUND (Off:0 Def:3)",null,null,null,null],["0041400312",53,1,45,1,"9:22 PM","6:24","Thompson 14' Jump Shot (2 PTS) (Bogut 1 AST)",null,null,"10 - 13","3"],["0041400312",54,2,1,1,"9:22 PM","6:08",null,null,"MISS Terry 11' Jump Shot",null,null],["0041400312",55,4,0,1,"9:22 PM","6:07","Green REBOUND (Off:0 Def:4)",null,null,null,null],["0041400312",57,8,0,1,"9:23 PM","5:54",null,null,"SUB: Jones FOR Smith",null,null],["0041400312",58,8,0,1,"9:23 PM","5:54","SUB: Iguodala FOR Barnes",null,null,null,null],["0041400312",59,1,79,1,"9:23 PM","5:49","Thompson 18' Pullup Jump Shot (4 PTS) (Bogut 2 AST)",null,null,"10 - 15","5"],["0041400312",60,1,85,1,"9:23 PM","5:30",null,null,"Jones 8' Turnaround Bank Shot (2 PTS)","12 - 15","3"],["0041400312",61,1,58,1,"9:24 PM","5:20","Bogut 8' Turnaround Hook Shot (6 PTS) (Curry 2 AST)",null,null,"12 - 17","5"],["0041400312",62,1,46,1,"9:24 PM","5:04",null,null,"Jones 4' Running Jump Shot (4 PTS) (Harden 1 AST)","14 - 17","3"],["0041400312",63,6,17,1,"9:24 PM","4:54",null,null,"Rockets T.Foul (Def. 3 Sec Capela ) (M.McCutchen)",null,null],["0041400312",64,3,16,1,"9:24 PM","4:54","Curry Free Throw Technical (3 PTS)",null,null,"14 - 18","4"],["0041400312",66,8,0,1,"9:24 PM","4:54",null,null,"SUB: Prigioni FOR Terry",null,null],["0041400312",67,8,0,1,"9:24 PM","4:54","SUB: Barbosa FOR Thompson",null,null,null,null],["0041400312",68,5,1,1,"9:25 PM","4:42","Bogut Bad Pass Turnover (P3.T5)",null,"Ariza STEAL (2 STL)",null,null],["0041400312",69,2,44,1,"9:25 PM","4:37","Bogut BLOCK (2 BLK)",null,"MISS Harden 3' Reverse Layup",null,null],["0041400312",70,4,0,1,"9:25 PM","4:35",null,null,"Jones REBOUND (Off:1 Def:0)",null,null],["0041400312",71,5,2,1,"9:25 PM","4:34","Iguodala STEAL (1 STL)",null,"Jones Lost Ball Turnover (P1.T3)",null,null],["0041400312",72,6,1,1,"9:25 PM","4:33",null,null,"Prigioni P.FOUL (P1.T3) (J.Goble)",null,null],["0041400312",73,8,0,1,"9:25 PM","4:33",null,null,"SUB: Brewer FOR Ariza",null,null],["0041400312",74,8,0,1,"9:25 PM","4:33",null,null,"SUB: Howard FOR Capela",null,null],["0041400312",75,5,1,1,"9:26 PM","4:16","Curry Bad Pass Turnover (P1.T6)",null,"Prigioni STEAL (1 STL)",null,null],["0041400312",76,2,1,1,"9:26 PM","4:07",null,null,"MISS Brewer 5' Jump Shot",null,null],["0041400312",78,4,0,1,"9:26 PM","4:05",null,null,"Howard REBOUND (Off:2 Def:1)",null,null],["0041400312",77,1,4,1,"9:26 PM","4:05",null,null,"Howard 1' Tip Shot (2 PTS)","16 - 18","2"],["0041400312",79,1,79,1,"9:26 PM","3:51","Curry 28' 3PT Pullup Jump Shot (6 PTS) (Green 3 AST)",null,null,"16 - 21","5"],["0041400312",80,6,2,1,"9:27 PM","3:40","Bogut S.FOUL (P1.T2) (M.McCutchen)",null,null,null,null],["0041400312",81,3,11,1,"9:27 PM","3:40",null,null,"Brewer Free Throw 1 of 2 (1 PTS)","17 - 21","4"],["0041400312",83,8,0,1,"9:27 PM","3:40","SUB: Ezeli FOR Bogut",null,null,null,null],["0041400312",84,3,12,1,"9:27 PM","3:40",null,null,"MISS Brewer Free Throw 2 of 2",null,null],["0041400312",86,4,0,1,"9:27 PM","3:38","Ezeli REBOUND (Off:0 Def:1)",null,null,null,null],["0041400312",87,5,1,1,"9:27 PM","3:29","Curry Bad Pass Turnover (P2.T7)",null,"Jones STEAL (1 STL)",null,null],["0041400312",88,1,8,1,"9:27 PM","3:25",null,null,"Brewer  Slam Dunk (3 PTS) (Prigioni 1 AST)","19 - 21","2"],["0041400312",89,1,80,1,"9:28 PM","3:01","Curry  3PT Step Back Jump Shot (9 PTS) (Iguodala 1 AST)",null,null,"19 - 24","5"],["0041400312",90,6,2,1,"9:28 PM","2:50","Ezeli S.FOUL (P1.T3) (J.Capers)",null,null,null,null],["0041400312",91,9,1,1,"9:28 PM","2:50",null,null,"Rockets Timeout: Regular (Reg.1 Short 0)",null,null],["0041400312",92,3,11,1,"9:32 PM","2:50",null,null,"Harden Free Throw 1 of 2 (4 PTS)","20 - 24","4"],["0041400312",94,3,12,1,"9:32 PM","2:50",null,null,"Harden Free Throw 2 of 2 (5 PTS)","21 - 24","3"],["0041400312",96,1,79,1,"9:33 PM","2:31","Curry 24' 3PT Pullup Jump Shot (12 PTS) (Iguodala 2 AST)",null,null,"21 - 27","6"],["0041400312",97,1,42,1,"9:33 PM","2:14",null,null,"Howard 3' Driving Layup (4 PTS)","23 - 27","4"],["0041400312",98,6,2,1,"9:33 PM","2:14","Curry S.FOUL (P1.T4) (M.McCutchen)",null,null,null,null],["0041400312",99,3,10,1,"9:33 PM","2:14",null,null,"Howard Free Throw 1 of 1 (5 PTS)","24 - 27","3"],["0041400312",102,2,75,1,"9:34 PM","2:01","MISS Barbosa 2' Driving Finger Roll Layup",null,null,null,null],["0041400312",103,4,0,1,"9:34 PM","2:00",null,null,"Howard REBOUND (Off:2 Def:2)",null,null],["0041400312",104,1,8,1,"9:34 PM","1:54",null,null,"Jones  Slam Dunk (6 PTS) (Harden 2 AST)","26 - 27","1"],["0041400312",105,2,42,1,"9:34 PM","1:34","MISS Green 1' Driving Layup",null,null,null,null],["0041400312",107,4,0,1,"9:34 PM","1:33","Ezeli REBOUND (Off:1 Def:1)",null,null,null,null],["0041400312",106,1,4,1,"9:34 PM","1:33","Ezeli 2' Tip Shot (2 PTS)",null,null,"26 - 29","3"],["0041400312",108,2,1,1,"9:35 PM","1:21",null,null,"MISS Jones 26' 3PT Jump Shot",null,null],["0041400312",109,4,0,1,"9:35 PM","1:20","Iguodala REBOUND (Off:0 Def:1)",null,null,null,null],["0041400312",110,1,79,1,"9:35 PM","1:10","Curry 26' 3PT Pullup Jump Shot (15 PTS) (Green 4 AST)",null,null,"26 - 32","6"],["0041400312",111,1,80,1,"9:35 PM","0:54",null,null,"Harden 19' Step Back Jump Shot (7 PTS)","28 - 32","4"],["0041400312",112,2,79,1,"9:35 PM","0:47","MISS Curry 26' 3PT Pullup Jump Shot",null,null,null,null],["0041400312",114,4,0,1,"9:35 PM","0:45","Ezeli REBOUND (Off:2 Def:1)",null,null,null,null],["0041400312",113,2,53,1,"9:35 PM","0:45","MISS Ezeli 1' Tip Shot",null,"Jones BLOCK (1 BLK)",null,null],["0041400312",115,4,0,1,"9:35 PM","0:43",null,null,"Howard REBOUND (Off:2 Def:3)",null,null],["0041400312",116,5,2,1,"9:35 PM","0:32","Iguodala STEAL (2 STL)",null,"Jones Lost Ball Turnover (P2.T4)",null,null],["0041400312",117,6,2,1,"9:36 PM","0:27",null,null,"Brewer S.FOUL (P1.T4) (M.McCutchen)",null,null],["0041400312",118,3,11,1,"9:36 PM","0:27","Iguodala Free Throw 1 of 2 (1 PTS)",null,null,"28 - 33","5"],["0041400312",120,8,0,1,"9:36 PM","0:27",null,null,"SUB: Ariza FOR Jones",null,null],["0041400312",121,8,0,1,"9:36 PM","0:27","SUB: Livingston FOR Curry",null,null,null,null],["0041400312",122,3,12,1,"9:36 PM","0:27","Iguodala Free Throw 2 of 2 (2 PTS)",null,null,"28 - 34","6"],["0041400312",124,2,1,1,"9:37 PM","0:07",null,null,"MISS Ariza 4' Jump Shot",null,null],["0041400312",125,4,0,1,"9:37 PM","0:06",null,null,"Howard REBOUND (Off:3 Def:3)",null,null],["0041400312",126,2,5,1,"9:37 PM","0:04","Green BLOCK (1 BLK)",null,"MISS Howard 3' Layup",null,null],["0041400312",127,4,0,1,"9:37 PM","0:03","Ezeli REBOUND (Off:2 Def:2)",null,null,null,null],["0041400312",128,1,42,1,"9:37 PM","0:01","Barbosa 2' Driving Layup (2 PTS) (Iguodala 3 AST)",null,null,"28 - 36","8"],["0041400312",227,2,79,1,"9:37 PM","0:00",null,null,"MISS Prigioni 41' 3PT Pullup Jump Shot",null,null],["0041400312",228,4,0,1,"9:37 PM","0:00",null,null,"Rockets Rebound",null,null],["0041400312",129,13,0,1,"9:37 PM","0:00",null,null,null,"28 - 36","8"],["0041400312",130,12,0,2,"9:41 PM","12:00",null,null,null,"28 - 36","8"],["0041400312",131,2,79,2,"9:41 PM","11:34","MISS Barbosa 20' Pullup Jump Shot",null,null,null,null],["0041400312",132,4,0,2,"9:41 PM","11:33",null,null,"Ariza REBOUND (Off:0 Def:3)",null,null],["0041400312",133,6,1,2,"9:42 PM","11:17","Ezeli P.FOUL (P2.T1) (J.Goble)",null,null,null,null],["0041400312",134,8,0,2,"9:42 PM","11:17","SUB: Bogut FOR Ezeli",null,null,null,null],["0041400312",135,6,1,2,"9:43 PM","11:08","Bogut P.FOUL (P2.T2) (J.Capers)",null,null,null,null],["0041400312",136,2,1,2,"9:43 PM","11:00",null,null,"MISS Smith 26' 3PT Jump Shot",null,null],["0041400312",137,4,0,2,"9:43 PM","10:59","Livingston REBOUND (Off:0 Def:1)",null,null,null,null],["0041400312",138,1,78,2,"9:43 PM","10:41","Livingston 10' Floating Jump Shot (2 PTS) (Barnes 2 AST)",null,null,"28 - 38","10"],["0041400312",139,5,1,2,"9:43 PM","10:36","Barbosa STEAL (1 STL)",null,"Howard Bad Pass Turnover (P1.T5)",null,null],["0041400312",140,1,88,2,"9:43 PM","10:32","Iguodala  Driving Slam Dunk (4 PTS) (Bogut 3 AST)",null,null,"28 - 40","12"],["0041400312",141,5,39,2,"9:44 PM","10:13",null,null,"Howard Step Out of Bounds Turnover (P2.T6)",null,null],["0041400312",142,2,79,2,"9:44 PM","9:54","MISS Barbosa 25' 3PT Pullup Jump Shot",null,null,null,null],["0041400312",143,4,0,2,"9:44 PM","9:53",null,null,"Howard REBOUND (Off:3 Def:4)",null,null],["0041400312",144,2,1,2,"9:44 PM","9:43",null,null,"MISS Prigioni 27' 3PT Jump Shot",null,null],["0041400312",145,4,0,2,"9:44 PM","9:42","Barnes REBOUND (Off:0 Def:2)",null,null,null,null],["0041400312",146,1,75,2,"9:45 PM","9:37","Barbosa 1' Driving Finger Roll Layup (4 PTS) (Iguodala 4 AST)",null,null,"28 - 42","14"],["0041400312",147,9,1,2,"9:45 PM","9:37",null,null,"Rockets Timeout: Regular (Reg.2 Short 0)",null,null],["0041400312",148,8,0,2,"9:47 PM","9:37",null,null,"SUB: Capela FOR Howard",null,null],["0041400312",149,8,0,2,"9:47 PM","9:37",null,null,"SUB: Terry FOR Prigioni",null,null],["0041400312",150,2,1,2,"9:48 PM","9:22",null,null,"MISS Brewer 24' 3PT Jump Shot",null,null],["0041400312",151,4,0,2,"9:48 PM","9:21",null,null,"Capela REBOUND (Off:1 Def:0)",null,null],["0041400312",152,2,1,2,"9:48 PM","9:15",null,null,"MISS Brewer 4' Jump Shot",null,null],["0041400312",153,4,0,2,"9:48 PM","9:14",null,null,"Ariza REBOUND (Off:1 Def:3)",null,null],["0041400312",154,2,1,2,"9:48 PM","9:07",null,null,"MISS Smith 4' Jump Shot",null,null],["0041400312",155,4,0,2,"9:48 PM","9:06","Livingston REBOUND (Off:0 Def:2)",null,null,null,null],["0041400312",157,7,2,2,"9:48 PM","9:00",null,null,"Capela Violation:Defensive Goaltending (M.McCutchen)",null,null],["0041400312",156,1,1,2,"9:48 PM","9:00","Bogut 3' Jump Shot (8 PTS) (Barbosa 1 AST)",null,null,"28 - 44","16"],["0041400312",158,1,42,2,"9:49 PM","8:43",null,null,"Smith 1' Driving Layup (6 PTS) (Terry 1 AST)","30 - 44","14"],["0041400312",159,1,88,2,"9:49 PM","8:20","Livingston  Driving Slam Dunk (4 PTS) (Barbosa 2 AST)",null,null,"30 - 46","16"],["0041400312",160,1,42,2,"9:49 PM","8:03",null,null,"Ariza 2' Driving Layup (2 PTS)","32 - 46","14"],["0041400312",161,1,79,2,"9:50 PM","7:43","Barnes 26' 3PT Pullup Jump Shot (5 PTS) (Iguodala 5 AST)",null,null,"32 - 49","17"],["0041400312",162,9,2,2,"9:50 PM","7:34",null,null,"Rockets Timeout: Short (Reg.2 Short 1)",null,null],["0041400312",163,8,0,2,"9:51 PM","7:34","SUB: Green FOR Bogut",null,null,null,null],["0041400312",164,8,0,2,"9:51 PM","7:34","SUB: Thompson FOR Barbosa",null,null,null,null],["0041400312",166,8,0,2,"9:51 PM","7:34",null,null,"SUB: Howard FOR Smith",null,null],["0041400312",167,8,0,2,"9:51 PM","7:34",null,null,"SUB: Harden FOR Capela",null,null],["0041400312",168,8,0,2,"9:51 PM","7:34",null,null,"SUB: Jones FOR Brewer",null,null],["0041400312",169,2,1,2,"9:51 PM","7:13",null,null,"MISS Jones 5' Jump Shot",null,null],["0041400312",171,4,0,2,"9:52 PM","7:12",null,null,"Howard REBOUND (Off:4 Def:4)",null,null],["0041400312",170,1,92,2,"9:52 PM","7:12",null,null,"Howard  Putback Slam Dunk (7 PTS)","34 - 49","15"],["0041400312",172,6,1,2,"9:52 PM","7:01",null,null,"Ariza P.FOUL (P2.T1) (J.Goble)",null,null],["0041400312",174,6,1,2,"9:52 PM","6:54",null,null,"Terry P.FOUL (P2.T2) (J.Capers)",null,null],["0041400312",175,2,79,2,"9:53 PM","6:45","MISS Thompson 25' 3PT Pullup Jump Shot",null,null,null,null],["0041400312",176,4,0,2,"9:53 PM","6:43",null,null,"Harden REBOUND (Off:0 Def:2)",null,null],["0041400312",178,1,79,2,"9:53 PM","6:28",null,null,"Terry 26' 3PT Pullup Jump Shot (6 PTS) (Harden 3 AST)","37 - 49","12"],["0041400312",179,9,1,2,"9:53 PM","6:09","WARRIORS Timeout: Regular (Full 2 Short 0)",null,null,null,null],["0041400312",181,8,0,2,"9:57 PM","6:09","SUB: Curry FOR Iguodala",null,null,null,null],["0041400312",182,5,13,2,"9:57 PM","5:58","Green Backcourt Turnover (P2.T8)",null,null,null,null],["0041400312",183,1,42,2,"9:58 PM","5:43",null,null,"Jones 3' Driving Layup (8 PTS) (Harden 4 AST)","39 - 49","10"],["0041400312",184,1,42,2,"9:58 PM","5:17","Green 3' Driving Layup (5 PTS) (Thompson 1 AST)",null,null,"39 - 51","12"],["0041400312",185,1,65,2,"9:58 PM","5:05",null,null,"Howard 4' Jump Hook Shot (9 PTS) (Harden 5 AST)","41 - 51","10"],["0041400312",186,2,1,2,"9:58 PM","4:55","MISS Green 26' 3PT Jump Shot",null,null,null,null],["0041400312",187,4,0,2,"9:58 PM","4:53",null,null,"Harden REBOUND (Off:0 Def:3)",null,null],["0041400312",188,1,1,2,"9:59 PM","4:43",null,null,"Harden 13' Jump Shot (9 PTS)","43 - 51","8"],["0041400312",189,2,5,2,"9:59 PM","4:37","MISS Thompson 2' Layup",null,"Jones BLOCK (2 BLK)",null,null],["0041400312",190,4,0,2,"9:59 PM","4:35",null,null,"Harden REBOUND (Off:0 Def:4)",null,null],["0041400312",191,2,1,2,"9:59 PM","4:31",null,null,"MISS Harden 27' 3PT Jump Shot",null,null],["0041400312",192,4,0,2,"9:59 PM","4:30","Curry REBOUND (Off:0 Def:2)",null,null,null,null],["0041400312",193,2,1,2,"9:59 PM","4:19","MISS Barnes 13' Jump Shot",null,null,null,null],["0041400312",194,4,0,2,"9:59 PM","4:18",null,null,"Harden REBOUND (Off:0 Def:5)",null,null],["0041400312",195,2,1,2,"9:59 PM","3:56",null,null,"MISS Ariza 18' Jump Shot",null,null],["0041400312",196,4,0,2,"9:59 PM","3:55","Thompson REBOUND (Off:0 Def:2)",null,null,null,null],["0041400312",197,5,1,2,"10:00 PM","3:49","Green Bad Pass Turnover (P3.T9)",null,null,null,null],["0041400312",198,9,1,2,"10:00 PM","3:49",null,null,"Rockets Timeout: Regular (Reg.3 Short 1)",null,null],["0041400312",199,8,0,2,"10:03 PM","3:49","SUB: Bogut FOR Barnes",null,null,null,null],["0041400312",200,2,1,2,"10:03 PM","3:31","Bogut BLOCK (3 BLK)",null,"MISS Jones 4' Jump Shot",null,null],["0041400312",201,4,0,2,"10:03 PM","3:30","WARRIORS Rebound",null,null,null,null],["0041400312",202,2,79,2,"10:03 PM","3:07","MISS Thompson 26' 3PT Pullup Jump Shot",null,null,null,null],["0041400312",203,4,0,2,"10:03 PM","3:06",null,null,"Ariza REBOUND (Off:1 Def:4)",null,null],["0041400312",204,6,17,2,"10:04 PM","2:57","WARRIORS T.Foul (Def. 3 Sec Bogut ) (M.McCutchen)",null,null,null,null],["0041400312",205,3,16,2,"10:04 PM","2:57",null,null,"Harden Free Throw Technical (10 PTS)","44 - 51","7"],["0041400312",207,8,0,2,"10:04 PM","2:57","SUB: Iguodala FOR Livingston",null,null,null,null],["0041400312",208,1,63,2,"10:04 PM","2:46",null,null,"Harden 12' Fadeaway Jumper (12 PTS)","46 - 51","5"],["0041400312",209,5,1,2,"10:05 PM","2:27","Green Bad Pass Turnover (P4.T10)",null,"Harden STEAL (2 STL)",null,null],["0041400312",210,2,1,2,"10:05 PM","2:21",null,null,"MISS Ariza 24' 3PT Jump Shot",null,null],["0041400312",211,4,0,2,"10:05 PM","2:20","Green REBOUND (Off:0 Def:5)",null,null,null,null],["0041400312",212,1,45,2,"10:05 PM","2:12","Curry 22' Jump Shot (17 PTS) (Green 5 AST)",null,null,"46 - 53","7"],["0041400312",213,1,42,2,"10:05 PM","1:56",null,null,"Harden 2' Driving Layup (14 PTS)","48 - 53","5"],["0041400312",214,1,5,2,"10:06 PM","1:39","Bogut 1' Layup (10 PTS) (Green 6 AST)",null,null,"48 - 55","7"],["0041400312",215,1,80,2,"10:06 PM","1:15",null,null,"Harden 17' Step Back Jump Shot (16 PTS)","50 - 55","5"],["0041400312",216,5,1,2,"10:06 PM","1:03","Curry Bad Pass Turnover (P3.T11)",null,null,null,null],["0041400312",217,1,80,2,"10:07 PM","0:41",null,null,"Harden 25' 3PT Step Back Jump Shot (19 PTS)","53 - 55","2"],["0041400312",218,2,79,2,"10:07 PM","0:32","MISS Curry 24' 3PT Pullup Jump Shot",null,null,null,null],["0041400312",219,4,0,2,"10:07 PM","0:32",null,null,"Harden REBOUND (Off:0 Def:6)",null,null],["0041400312",220,1,52,2,"10:07 PM","0:11",null,null,"Howard  Alley Oop Dunk (11 PTS) (Jones 1 AST)","55 - 55","TIE"],["0041400312",221,2,1,2,"10:08 PM","0:00","MISS Green 27' 3PT Jump Shot",null,"Harden BLOCK (1 BLK)",null,null],["0041400312",222,4,0,2,"10:08 PM","0:00","WARRIORS Rebound",null,null,null,null],["0041400312",224,18,0,2,"10:08 PM","0:00",null,null,null,null,null],["0041400312",225,13,0,2,"10:09 PM","0:00",null,null,null,"55 - 55","TIE"],["0041400312",229,12,0,3,"10:25 PM","12:00",null,null,null,"55 - 55","TIE"],["0041400312",230,5,1,3,"10:25 PM","11:43","Thompson Bad Pass Turnover (P2.T12)",null,"Harden STEAL (3 STL)",null,null],["0041400312",231,2,56,3,"10:25 PM","11:25",null,null,"MISS Smith 8' Running Hook Shot",null,null],["0041400312",232,4,0,3,"10:26 PM","11:24","Bogut REBOUND (Off:0 Def:3)",null,null,null,null],["0041400312",233,6,1,3,"10:26 PM","11:05",null,null,"Smith P.FOUL (P1.T1) (J.Goble)",null,null],["0041400312",234,2,65,3,"10:26 PM","10:51","MISS Green 9' Jump Hook Shot",null,null,null,null],["0041400312",235,4,0,3,"10:26 PM","10:50",null,null,"Howard REBOUND (Off:4 Def:5)",null,null],["0041400312",236,1,80,3,"10:27 PM","10:28",null,null,"Harden 25' 3PT Step Back Jump Shot (22 PTS)","58 - 55","-3"],["0041400312",237,2,42,3,"10:27 PM","10:08","MISS Thompson 2' Driving Layup",null,null,null,null],["0041400312",238,4,0,3,"10:27 PM","10:06",null,null,"Howard REBOUND (Off:4 Def:6)",null,null],["0041400312",239,2,86,3,"10:27 PM","9:43",null,null,"MISS Harden 16' Turnaround Fadeaway Shot",null,null],["0041400312",240,4,0,3,"10:27 PM","9:42","Bogut REBOUND (Off:0 Def:4)",null,null,null,null],["0041400312",241,1,78,3,"10:28 PM","9:31","Curry 10' Floating Jump Shot (19 PTS)",null,null,"58 - 57","-1"],["0041400312",242,1,79,3,"10:28 PM","9:12",null,null,"Terry 27' 3PT Pullup Jump Shot (9 PTS) (Smith 2 AST)","61 - 57","-4"],["0041400312",243,1,42,3,"10:28 PM","9:02","Barnes 1' Driving Layup (7 PTS) (Curry 3 AST)",null,null,"61 - 59","-2"],["0041400312",245,6,2,3,"10:29 PM","8:41","Bogut S.FOUL (P3.T1) (J.Goble)",null,null,null,null],["0041400312",246,3,11,3,"10:29 PM","8:41",null,null,"MISS Howard Free Throw 1 of 2",null,null],["0041400312",247,4,1,3,"10:29 PM","8:41",null,null,"Rockets Rebound",null,null],["0041400312",248,3,12,3,"10:29 PM","8:41",null,null,"Howard Free Throw 2 of 2 (12 PTS)","62 - 59","-3"],["0041400312",251,2,79,3,"10:30 PM","8:29","MISS Barnes 17' Pullup Jump Shot",null,null,null,null],["0041400312",252,4,0,3,"10:30 PM","8:28",null,null,"Howard REBOUND (Off:4 Def:7)",null,null],["0041400312",253,2,1,3,"10:30 PM","8:16",null,null,"MISS Terry 9' Jump Shot",null,null],["0041400312",254,4,0,3,"10:30 PM","8:15",null,null,"Terry REBOUND (Off:1 Def:0)",null,null],["0041400312",255,1,1,3,"10:30 PM","8:13",null,null,"Ariza 26' 3PT Jump Shot (5 PTS) (Terry 2 AST)","65 - 59","-6"],["0041400312",256,9,1,3,"10:30 PM","8:10","WARRIORS Timeout: Regular (Full 3 Short 0)",null,null,null,null],["0041400312",258,6,1,3,"10:33 PM","8:01",null,null,"Ariza P.FOUL (P3.T2) (J.Goble)",null,null],["0041400312",259,6,2,3,"10:34 PM","7:53",null,null,"Smith S.FOUL (P2.T3) (J.Capers)",null,null],["0041400312",260,3,11,3,"10:34 PM","7:53","Green Free Throw 1 of 2 (6 PTS)",null,null,"65 - 60","-5"],["0041400312",262,3,12,3,"10:34 PM","7:53","Green Free Throw 2 of 2 (7 PTS)",null,null,"65 - 61","-4"],["0041400312",264,2,1,3,"10:35 PM","7:28",null,null,"MISS Harden 17' Jump Shot",null,null],["0041400312",265,4,0,3,"10:35 PM","7:27","Green REBOUND (Off:0 Def:6)",null,null,null,null],["0041400312",266,1,79,3,"10:35 PM","7:20","Thompson  3PT Pullup Jump Shot (7 PTS) (Barnes 3 AST)",null,null,"65 - 64","-1"],["0041400312",267,2,80,3,"10:35 PM","7:06",null,null,"MISS Smith 27' 3PT Step Back Jump Shot",null,null],["0041400312",268,4,0,3,"10:35 PM","7:05","Thompson REBOUND (Off:0 Def:3)",null,null,null,null],["0041400312",269,1,75,3,"10:36 PM","6:48","Curry 1' Driving Finger Roll Layup (21 PTS)",null,null,"65 - 66","1"],["0041400312",270,1,86,3,"10:36 PM","6:21",null,null,"Smith 10' Turnaround Fadeaway (8 PTS)","67 - 66","-1"],["0041400312",272,8,0,3,"10:36 PM","6:04",null,null,"SUB: Jones FOR Smith",null,null],["0041400312",273,1,88,3,"10:37 PM","6:00","Thompson  Driving Slam Dunk (9 PTS) (Barnes 4 AST)",null,null,"67 - 68","1"],["0041400312",274,2,63,3,"10:37 PM","5:45",null,null,"MISS Terry 27' 3PT Fadeaway Jumper",null,null],["0041400312",275,4,0,3,"10:37 PM","5:44","Curry REBOUND (Off:0 Def:3)",null,null,null,null],["0041400312",276,5,1,3,"10:37 PM","5:37","Curry Bad Pass Turnover (P4.T13)",null,null,null,null],["0041400312",277,2,46,3,"10:37 PM","5:22","Bogut BLOCK (4 BLK)",null,"MISS Jones 8' Running Jump Shot",null,null],["0041400312",278,4,0,3,"10:37 PM","5:20","Bogut REBOUND (Off:0 Def:5)",null,null,null,null],["0041400312",279,2,5,3,"10:38 PM","5:06","MISS Green 2' Layup",null,null,null,null],["0041400312",281,4,0,3,"10:38 PM","5:05","Bogut REBOUND (Off:1 Def:5)",null,null,null,null],["0041400312",280,2,4,3,"10:38 PM","5:05","MISS Bogut 2' Tip Shot",null,null,null,null],["0041400312",283,4,0,3,"10:38 PM","5:04","Bogut REBOUND (Off:2 Def:5)",null,null,null,null],["0041400312",282,2,4,3,"10:38 PM","5:04","MISS Bogut 1' Tip Shot",null,null,null,null],["0041400312",284,4,0,3,"10:38 PM","5:04",null,null,"Rockets Rebound",null,null],["0041400312",285,6,3,3,"10:38 PM","5:04","Bogut L.B.FOUL (P4.T2) (J.Capers)",null,null,null,null],["0041400312",286,8,0,3,"10:38 PM","5:04",null,null,"SUB: Brewer FOR Ariza",null,null],["0041400312",287,8,0,3,"10:38 PM","5:04","SUB: Iguodala FOR Barnes",null,null,null,null],["0041400312",288,8,0,3,"10:38 PM","5:04","SUB: Ezeli FOR Bogut",null,null,null,null],["0041400312",289,2,80,3,"10:39 PM","4:51",null,null,"MISS Terry 27' 3PT Step Back Jump Shot",null,null],["0041400312",290,4,0,3,"10:39 PM","4:50","Green REBOUND (Off:0 Def:7)",null,null,null,null],["0041400312",291,1,80,3,"10:39 PM","4:41","Curry 26' 3PT Step Back Jump Shot (24 PTS)",null,null,"67 - 71","4"],["0041400312",292,1,42,3,"10:39 PM","4:25",null,null,"Jones 1' Driving Layup (10 PTS) (Harden 6 AST)","69 - 71","2"],["0041400312",293,2,58,3,"10:39 PM","4:02","MISS Ezeli 8' Turnaround Hook Shot",null,null,null,null],["0041400312",294,4,0,3,"10:39 PM","4:01",null,null,"Howard REBOUND (Off:4 Def:8)",null,null],["0041400312",295,1,5,3,"10:40 PM","3:46",null,null,"Jones 3' Layup (12 PTS) (Harden 7 AST)","71 - 71","TIE"],["0041400312",296,1,42,3,"10:40 PM","3:30","Green 2' Driving Layup (9 PTS) (Curry 4 AST)",null,null,"71 - 73","2"],["0041400312",297,6,2,3,"10:40 PM","3:30",null,null,"Terry S.FOUL (P3.T4) (J.Capers)",null,null],["0041400312",298,8,0,3,"10:40 PM","3:30",null,null,"SUB: Capela FOR Howard",null,null],["0041400312",299,8,0,3,"10:40 PM","3:30","SUB: Barbosa FOR Thompson",null,null,null,null],["0041400312",300,3,10,3,"10:40 PM","3:30","Green Free Throw 1 of 1 (10 PTS)",null,null,"71 - 74","3"],["0041400312",302,2,42,3,"10:41 PM","3:09",null,null,"MISS Jones 2' Driving Layup",null,null],["0041400312",303,4,0,3,"10:41 PM","3:08","Ezeli REBOUND (Off:2 Def:3)",null,null,null,null],["0041400312",304,6,1,3,"10:41 PM","2:57",null,null,"Jones P.FOUL (P1.PN) (M.McCutchen)",null,null],["0041400312",305,9,1,3,"10:42 PM","2:57",null,null,"Rockets Timeout: Regular (Reg.4 Short 1)",null,null],["0041400312",307,8,0,3,"10:44 PM","2:57",null,null,"SUB: Johnson FOR Terry",null,null],["0041400312",308,3,11,3,"10:45 PM","2:57","Curry Free Throw 1 of 2 (25 PTS)",null,null,"71 - 75","4"],["0041400312",310,3,12,3,"10:45 PM","2:57","MISS Curry Free Throw 2 of 2",null,null,null,null],["0041400312",312,4,0,3,"10:45 PM","2:56",null,null,"Harden REBOUND (Off:0 Def:7)",null,null],["0041400312",313,1,42,3,"10:45 PM","2:39",null,null,"Harden 2' Driving Layup (24 PTS) (Brewer 1 AST)","73 - 75","2"],["0041400312",314,1,73,3,"10:45 PM","2:25","Curry 1' Driving Reverse Layup (27 PTS)",null,null,"73 - 77","4"],["0041400312",315,2,1,3,"10:46 PM","2:04",null,null,"MISS Brewer 16' Jump Shot",null,null],["0041400312",316,4,0,3,"10:46 PM","2:03","Ezeli REBOUND (Off:2 Def:4)",null,null,null,null],["0041400312",317,6,4,3,"10:46 PM","1:42","Curry OFF.Foul (P2) (J.Goble)",null,null,null,null],["0041400312",318,5,5,3,"10:46 PM","1:42","Curry Foul Turnover (P5.T14)",null,null,null,null],["0041400312",320,1,80,3,"10:47 PM","1:21",null,null,"Harden 16' Step Back Jump Shot (26 PTS)","75 - 77","2"],["0041400312",321,2,1,3,"10:47 PM","1:03","MISS Curry  3PT Jump Shot",null,null,null,null],["0041400312",322,4,0,3,"10:47 PM","1:02",null,null,"Harden REBOUND (Off:0 Def:8)",null,null],["0041400312",323,2,80,3,"10:48 PM","0:41",null,null,"MISS Harden 26' 3PT Step Back Jump Shot",null,null],["0041400312",324,4,0,3,"10:48 PM","0:40",null,null,"Harden REBOUND (Off:1 Def:8)",null,null],["0041400312",325,2,79,3,"10:48 PM","0:29",null,null,"MISS Johnson 26' 3PT Pullup Jump Shot",null,null],["0041400312",326,4,0,3,"10:48 PM","0:28","Green REBOUND (Off:0 Def:8)",null,null,null,null],["0041400312",327,2,75,3,"10:48 PM","0:09","MISS Curry 3' Driving Finger Roll Layup",null,null,null,null],["0041400312",328,4,0,3,"10:48 PM","0:08",null,null,"Capela REBOUND (Off:1 Def:1)",null,null],["0041400312",329,6,1,3,"10:48 PM","0:06","Green P.FOUL (P1.T3) (J.Goble)",null,null,null,null],["0041400312",330,8,0,3,"10:49 PM","0:06",null,null,"SUB: Ariza FOR Capela",null,null],["0041400312",331,8,0,3,"10:49 PM","0:06",null,null,"SUB: Terry FOR Johnson",null,null],["0041400312",332,8,0,3,"10:49 PM","0:06","SUB: Livingston FOR Curry",null,null,null,null],["0041400312",333,8,0,3,"10:49 PM","0:06","SUB: Barnes FOR Ezeli",null,null,null,null],["0041400312",334,6,4,3,"10:49 PM","0:00",null,null,"Harden OFF.Foul (P1) (J.Goble)",null,null],["0041400312",335,5,5,3,"10:49 PM","0:00",null,null,"Harden Foul Turnover (P2.T7)",null,null],["0041400312",336,13,0,3,"10:49 PM","0:00",null,null,null,"75 - 77","2"],["0041400312",338,12,0,4,"10:53 PM","12:00",null,null,null,"75 - 77","2"],["0041400312",339,2,5,4,"10:54 PM","11:39","Ezeli BLOCK (1 BLK)",null,"MISS Jones 3' Layup",null,null],["0041400312",340,4,0,4,"10:54 PM","11:37",null,null,"Ariza REBOUND (Off:2 Def:4)",null,null],["0041400312",341,2,1,4,"10:54 PM","11:36",null,null,"MISS Ariza 26' 3PT Jump Shot",null,null],["0041400312",342,4,0,4,"10:54 PM","11:36",null,null,"Rockets Rebound",null,null],["0041400312",343,5,11,4,"10:54 PM","11:36",null,null,"Rockets Turnover: Shot Clock (T#8)",null,null],["0041400312",344,2,63,4,"10:54 PM","11:20","MISS Barnes 17' Fadeaway Jumper",null,"Jones BLOCK (3 BLK)",null,null],["0041400312",345,4,0,4,"10:54 PM","11:19","Livingston REBOUND (Off:1 Def:2)",null,null,null,null],["0041400312",346,1,65,4,"10:54 PM","11:18","Livingston 11' Jump Hook Shot (6 PTS)",null,null,"75 - 79","4"],["0041400312",347,1,5,4,"10:55 PM","10:57",null,null,"Howard 1' Layup (14 PTS) (Terry 3 AST)","77 - 79","2"],["0041400312",348,2,1,4,"10:55 PM","10:43","MISS Barbosa 18' Jump Shot",null,null,null,null],["0041400312",349,4,0,4,"10:55 PM","10:42",null,null,"Jones REBOUND (Off:1 Def:1)",null,null],["0041400312",350,5,2,4,"10:55 PM","10:37","Barnes STEAL (1 STL)",null,"Brewer Lost Ball Turnover (P1.T9)",null,null],["0041400312",351,1,86,4,"10:55 PM","10:24","Livingston 12' Turnaround Fadeaway (8 PTS) (Barbosa 3 AST)",null,null,"77 - 81","4"],["0041400312",352,6,1,4,"10:56 PM","10:09","Livingston P.FOUL (P1.T1) (J.Capers)",null,null,null,null],["0041400312",353,8,0,4,"10:56 PM","10:09","SUB: Thompson FOR Barbosa",null,null,null,null],["0041400312",354,2,58,4,"10:56 PM","9:56",null,null,"MISS Howard 6' Turnaround Hook Shot",null,null],["0041400312",355,4,0,4,"10:56 PM","9:55","Livingston REBOUND (Off:1 Def:3)",null,null,null,null],["0041400312",357,8,0,4,"10:56 PM","9:44","SUB: Bogut FOR Ezeli",null,null,null,null],["0041400312",358,1,79,4,"10:57 PM","9:37","Iguodala 15' Pullup Jump Shot (6 PTS)",null,null,"77 - 83","6"],["0041400312",359,6,2,4,"10:57 PM","9:25","Thompson S.FOUL (P2.T2) (J.Goble)",null,null,null,null],["0041400312",360,3,11,4,"10:57 PM","9:25",null,null,"MISS Howard Free Throw 1 of 2",null,null],["0041400312",361,4,1,4,"10:57 PM","9:25",null,null,"Rockets Rebound",null,null],["0041400312",362,8,0,4,"10:57 PM","9:25",null,null,"SUB: Harden FOR Brewer",null,null],["0041400312",363,8,0,4,"10:57 PM","9:25",null,null,"SUB: Smith FOR Jones",null,null],["0041400312",364,3,12,4,"10:58 PM","9:25",null,null,"MISS Howard Free Throw 2 of 2",null,null],["0041400312",366,4,0,4,"10:58 PM","9:24","Thompson REBOUND (Off:0 Def:4)",null,null,null,null],["0041400312",367,2,79,4,"10:58 PM","9:05","MISS Thompson 25' 3PT Pullup Jump Shot",null,null,null,null],["0041400312",368,4,0,4,"10:58 PM","9:04","Barnes REBOUND (Off:1 Def:2)",null,null,null,null],["0041400312",369,5,1,4,"10:58 PM","8:48","Bogut Bad Pass Turnover (P4.T15)",null,null,null,null],["0041400312",370,9,4,4,"10:58 PM","8:48",null,null,null,null,null],["0041400312",372,6,1,4,"11:02 PM","8:40","Thompson P.FOUL (P3.T3) (M.McCutchen)",null,null,null,null],["0041400312",373,2,1,4,"11:02 PM","8:30",null,null,"MISS Smith 7' Jump Shot",null,null],["0041400312",374,4,0,4,"11:02 PM","8:29",null,null,"Howard REBOUND (Off:5 Def:8)",null,null],["0041400312",375,1,92,4,"11:02 PM","8:29",null,null,"Howard  Putback Slam Dunk (16 PTS)","79 - 83","4"],["0041400312",376,1,79,4,"11:03 PM","8:11","Thompson 16' Pullup Jump Shot (11 PTS) (Iguodala 6 AST)",null,null,"79 - 85","6"],["0041400312",377,1,5,4,"11:03 PM","7:48",null,null,"Smith 1' Layup (10 PTS) (Harden 8 AST)","81 - 85","4"],["0041400312",378,2,79,4,"11:03 PM","7:27","MISS Thompson 26' 3PT Pullup Jump Shot",null,null,null,null],["0041400312",379,4,0,4,"11:03 PM","7:26",null,null,"Smith REBOUND (Off:0 Def:1)",null,null],["0041400312",380,5,1,4,"11:03 PM","7:22","Barnes STEAL (2 STL)",null,"Smith Bad Pass Turnover (P1.T10)",null,null],["0041400312",382,9,1,4,"11:04 PM","7:12","WARRIORS Timeout: Regular (Full 4 Short 0)",null,null,null,null],["0041400312",384,8,0,4,"11:06 PM","7:12","SUB: Curry FOR Barnes",null,null,null,null],["0041400312",385,8,0,4,"11:06 PM","7:12","SUB: Green FOR Livingston",null,null,null,null],["0041400312",386,1,42,4,"11:07 PM","7:07","Curry 1' Driving Layup (29 PTS) (Bogut 4 AST)",null,null,"81 - 87","6"],["0041400312",388,2,42,4,"11:07 PM","6:40","Bogut BLOCK (5 BLK)",null,"MISS Harden 3' Driving Layup",null,null],["0041400312",389,4,0,4,"11:07 PM","6:38","Bogut REBOUND (Off:2 Def:6)",null,null,null,null],["0041400312",390,5,1,4,"11:07 PM","6:23","Curry Bad Pass Turnover (P6.T16)",null,"Howard STEAL (2 STL)",null,null],["0041400312",391,1,8,4,"11:07 PM","6:18",null,null,"Ariza  Slam Dunk (7 PTS) (Terry 4 AST)","83 - 87","4"],["0041400312",392,2,79,4,"11:08 PM","5:58","MISS Thompson 25' 3PT Pullup Jump Shot",null,null,null,null],["0041400312",393,4,0,4,"11:08 PM","5:56",null,null,"Howard REBOUND (Off:5 Def:9)",null,null],["0041400312",394,1,78,4,"11:08 PM","5:32",null,null,"Harden 6' Floating Jump Shot (28 PTS)","85 - 87","2"],["0041400312",395,1,52,4,"11:09 PM","5:10","Bogut  Alley Oop Dunk (12 PTS) (Green 7 AST)",null,null,"85 - 89","4"],["0041400312",396,2,1,4,"11:09 PM","4:44",null,null,"MISS Smith 27' 3PT Jump Shot",null,null],["0041400312",397,4,0,4,"11:09 PM","4:44","WARRIORS Rebound",null,null,null,null],["0041400312",398,6,3,4,"11:09 PM","4:44",null,null,"Howard L.B.FOUL (P2.T1) (J.Capers)",null,null],["0041400312",399,8,0,4,"11:10 PM","4:44",null,null,"SUB: Jones FOR Terry",null,null],["0041400312",402,8,0,4,"11:11 PM","4:44",null,null,"SUB: Brewer FOR Smith",null,null],["0041400312",403,2,47,4,"11:11 PM","4:30","MISS Green 4' Turnaround Jump Shot",null,"Howard BLOCK (1 BLK)",null,null],["0041400312",404,4,0,4,"11:11 PM","4:29","WARRIORS Rebound",null,null,null,null],["0041400312",405,1,42,4,"11:12 PM","4:27","Thompson 2' Driving Layup (13 PTS) (Curry 5 AST)",null,null,"85 - 91","6"],["0041400312",406,6,2,4,"11:12 PM","4:07","Green S.FOUL (P2.T4) (J.Capers)",null,null,null,null],["0041400312",407,3,11,4,"11:12 PM","4:07",null,null,"MISS Howard Free Throw 1 of 2",null,null],["0041400312",408,4,1,4,"11:12 PM","4:07",null,null,"Rockets Rebound",null,null],["0041400312",409,3,12,4,"11:13 PM","4:07",null,null,"Howard Free Throw 2 of 2 (17 PTS)","86 - 91","5"],["0041400312",411,2,86,4,"11:13 PM","3:44","MISS Thompson 16' Turnaround Fadeaway Shot",null,null,null,null],["0041400312",412,4,0,4,"11:13 PM","3:43",null,null,"Howard REBOUND (Off:5 Def:10)",null,null],["0041400312",413,2,1,4,"11:14 PM","3:24","Thompson BLOCK (1 BLK)",null,"MISS Harden 5' Jump Shot",null,null],["0041400312",414,4,0,4,"11:14 PM","3:23","Iguodala REBOUND (Off:0 Def:2)",null,null,null,null],["0041400312",415,6,2,4,"11:14 PM","3:23",null,null,"Ariza S.FOUL (P4.T2) (J.Capers)",null,null],["0041400312",416,3,11,4,"11:14 PM","3:23","MISS Green Free Throw 1 of 2",null,null,null,null],["0041400312",417,4,1,4,"11:14 PM","3:23","WARRIORS Rebound",null,null,null,null],["0041400312",418,8,0,4,"11:15 PM","3:23",null,null,"SUB: Terry FOR Brewer",null,null],["0041400312",419,3,12,4,"11:15 PM","3:23","Green Free Throw 2 of 2 (11 PTS)",null,null,"86 - 92","6"],["0041400312",421,5,1,4,"11:15 PM","3:11","Curry STEAL (1 STL)",null,"Ariza Bad Pass Turnover (P2.T11)",null,null],["0041400312",422,1,80,4,"11:15 PM","2:52","Curry 23' Step Back Jump Shot (31 PTS)",null,null,"86 - 94","8"],["0041400312",423,1,79,4,"11:15 PM","2:41",null,null,"Harden 26' 3PT Pullup Jump Shot (31 PTS)","89 - 94","5"],["0041400312",424,1,42,4,"11:16 PM","2:25","Bogut 1' Driving Layup (14 PTS) (Curry 6 AST)",null,null,"89 - 96","7"],["0041400312",425,6,2,4,"11:16 PM","2:25",null,null,"Howard S.FOUL (P3.T3) (J.Capers)",null,null],["0041400312",426,9,1,4,"11:16 PM","2:25",null,null,"Rockets Timeout: Regular (Reg.5 Short 1)",null,null],["0041400312",428,3,10,4,"11:19 PM","2:25","MISS Bogut Free Throw 1 of 1",null,null,null,null],["0041400312",430,4,0,4,"11:20 PM","2:24",null,null,"Howard REBOUND (Off:5 Def:11)",null,null],["0041400312",431,6,2,4,"11:20 PM","2:20","Thompson S.FOUL (P4.PN) (M.McCutchen)",null,null,null,null],["0041400312",432,3,11,4,"11:20 PM","2:20",null,null,"MISS Harden Free Throw 1 of 2",null,null],["0041400312",433,4,1,4,"11:20 PM","2:20",null,null,"Rockets Rebound",null,null],["0041400312",435,8,0,4,"11:20 PM","2:20","SUB: Barnes FOR Bogut",null,null,null,null],["0041400312",436,3,12,4,"11:20 PM","2:20",null,null,"Harden Free Throw 2 of 2 (32 PTS)","90 - 96","6"],["0041400312",438,9,1,4,"11:21 PM","2:10","WARRIORS Timeout: Regular (Full 5 Short 0)",null,null,null,null],["0041400312",439,2,1,4,"11:23 PM","2:02","MISS Curry 26' 3PT Jump Shot",null,null,null,null],["0041400312",440,4,0,4,"11:23 PM","2:00","Barnes REBOUND (Off:2 Def:2)",null,null,null,null],["0041400312",441,6,1,4,"11:23 PM","2:00",null,null,"Harden P.FOUL (P2.T4) (M.McCutchen)",null,null],["0041400312",442,8,0,4,"11:24 PM","2:00",null,null,"SUB: Brewer FOR Terry",null,null],["0041400312",443,8,0,4,"11:24 PM","2:00","SUB: Bogut FOR Barnes",null,null,null,null],["0041400312",444,1,80,4,"11:24 PM","1:39","Curry 22' Step Back Jump Shot (33 PTS)",null,null,"90 - 98","8"],["0041400312",445,9,1,4,"11:25 PM","1:39",null,null,"Rockets Timeout: Regular (Reg.6 Short 1)",null,null],["0041400312",446,8,0,4,"11:26 PM","1:39","SUB: Barnes FOR Bogut",null,null,null,null],["0041400312",447,8,0,4,"11:26 PM","1:39",null,null,"SUB: Terry FOR Brewer",null,null],["0041400312",448,6,2,4,"11:27 PM","1:32","Green S.FOUL (P3.PN) (M.McCutchen)",null,null,null,null],["0041400312",449,3,11,4,"11:27 PM","1:32",null,null,"Harden Free Throw 1 of 2 (33 PTS)","91 - 98","7"],["0041400312",451,8,0,4,"11:27 PM","1:32",null,null,"SUB: Brewer FOR Terry",null,null],["0041400312",452,3,12,4,"11:27 PM","1:32",null,null,"Harden Free Throw 2 of 2 (34 PTS)","92 - 98","6"],["0041400312",455,18,0,4,"11:29 PM","1:20",null,null,null,null,null],["0041400312",457,6,1,4,"11:30 PM","1:20",null,null,"Brewer P.FOUL (P2.PN) (J.Goble)",null,null],["0041400312",459,3,11,4,"11:31 PM","1:20","MISS Green Free Throw 1 of 2",null,null,null,null],["0041400312",460,4,1,4,"11:31 PM","1:20","WARRIORS Rebound",null,null,null,null],["0041400312",461,8,0,4,"11:31 PM","1:20",null,null,"SUB: Terry FOR Brewer",null,null],["0041400312",462,3,12,4,"11:31 PM","1:20","Green Free Throw 2 of 2 (12 PTS)",null,null,"92 - 99","7"],["0041400312",464,1,8,4,"11:31 PM","1:13",null,null,"Harden  Slam Dunk (36 PTS)","94 - 99","5"],["0041400312",465,2,1,4,"11:31 PM","1:00","MISS Barnes 24' 3PT Jump Shot",null,null,null,null],["0041400312",466,4,0,4,"11:31 PM","0:57",null,null,"Howard REBOUND (Off:5 Def:12)",null,null],["0041400312",467,6,1,4,"11:32 PM","0:49","Green P.FOUL (P4.PN) (J.Goble)",null,null,null,null],["0041400312",468,3,11,4,"11:32 PM","0:49",null,null,"Harden Free Throw 1 of 2 (37 PTS)","95 - 99","4"],["0041400312",470,8,0,4,"11:32 PM","0:49",null,null,"SUB: Brewer FOR Terry",null,null],["0041400312",471,3,12,4,"11:33 PM","0:49",null,null,"Harden Free Throw 2 of 2 (38 PTS)","96 - 99","3"],["0041400312",473,5,10,4,"11:33 PM","0:40","WARRIORS Turnover: 8 Second Violation (T#17)",null,null,null,null],["0041400312",474,8,0,4,"11:33 PM","0:40",null,null,"SUB: Terry FOR Brewer",null,null],["0041400312",475,8,0,4,"11:33 PM","0:40","SUB: Bogut FOR Barnes",null,null,null,null],["0041400312",476,1,43,4,"11:34 PM","0:33",null,null,"Howard 2' Alley Oop Layup (19 PTS) (Harden 9 AST)","98 - 99","1"],["0041400312",477,9,1,4,"11:34 PM","0:33","WARRIORS Timeout: Regular (Full 6 Short 0)",null,null,null,null],["0041400312",479,8,0,4,"11:35 PM","0:33",null,null,"SUB: Brewer FOR Terry",null,null],["0041400312",480,8,0,4,"11:36 PM","0:33","SUB: Barnes FOR Bogut",null,null,null,null],["0041400312",481,2,73,4,"11:36 PM","0:07","MISS Barnes 2' Driving Reverse Layup",null,null,null,null],["0041400312",482,4,0,4,"11:36 PM","0:06",null,null,"Harden REBOUND (Off:1 Def:9)",null,null],["0041400312",483,13,0,4,"11:37 PM","0:00",null,null,null,"98 - 99","1"]]},{"name":"AvailableVideo","headers":["VIDEO_AVAILABLE_FLAG"],"rowSet":[[1]]}]}