{"resource":"playbyplay","parameters":{"GameID":"0041400405","StartPeriod":0,"EndPeriod":14},"resultSets":[{"name":"PlayByPlay","headers":["GAME_ID","EVENTNUM","EVENTMSGTYPE","EVENTMSGACTIONTYPE","PERIOD","WCTIMESTRING","PCTIMESTRING","HOMEDESCRIPTION","NEUTRALDESCRIPTION","VISITORDESCRIPTION","SCORE","SCOREMARGIN"],"rowSet":[["0041400405",0,12,0,1,"8:11 PM","12:00",null,null,null,null,null],["0041400405",1,10,0,1,"8:11 PM","12:00","Jump Ball Green vs. Mozgov: Tip to Thompson",null,null,null,null],["0041400405",2,2,1,1,"8:11 PM","11:36",null,null,"MISS James 10' Jump Shot",null,null],["0041400405",3,4,0,1,"8:11 PM","11:35",null,null,"Thompson REBOUND (Off:1 Def:0)",null,null],["0041400405",4,5,11,1,"8:11 PM","11:34",null,null,"Cavaliers Turnover: Shot Clock (T#1)",null,null],["0041400405",5,5,2,1,"8:12 PM","11:18","Curry Lost Ball Turnover (P1.T1)",null,"Dellavedova STEAL (1 STL)",null,null],["0041400405",6,5,1,1,"8:12 PM","11:14",null,null,"James Bad Pass Turnover (P1.T2)",null,null],["0041400405",7,2,1,1,"8:12 PM","11:03","MISS Thompson 25' 3PT Jump Shot",null,null,null,null],["0041400405",8,4,0,1,"8:12 PM","11:02",null,null,"James REBOUND (Off:0 Def:1)",null,null],["0041400405",9,2,1,1,"8:12 PM","10:45",null,null,"MISS James 26' 3PT Jump Shot",null,null],["0041400405",10,4,0,1,"8:12 PM","10:44",null,null,"Thompson REBOUND (Off:2 Def:0)",null,null],["0041400405",11,6,26,1,"8:13 PM","10:30",null,null,"Thompson Offensive Charge Foul (P1.T1) (J.Capers)",null,null],["0041400405",12,5,5,1,"8:13 PM","10:30",null,null,"Thompson Foul Turnover (P1.T3)",null,null],["0041400405",14,5,1,1,"8:13 PM","10:12","Green Bad Pass Turnover (P1.T2)",null,"Mozgov STEAL (1 STL)",null,null],["0041400405",16,2,1,1,"8:13 PM","9:56",null,null,"MISS Dellavedova 28' 3PT Jump Shot",null,null],["0041400405",17,4,0,1,"8:13 PM","9:54","Iguodala REBOUND (Off:0 Def:1)",null,null,null,null],["0041400405",18,2,1,1,"8:14 PM","9:44","MISS Green 25' 3PT Jump Shot",null,null,null,null],["0041400405",19,4,0,1,"8:14 PM","9:43",null,null,"Shumpert REBOUND (Off:0 Def:1)",null,null],["0041400405",20,5,1,1,"8:14 PM","9:22","Curry STEAL (1 STL)",null,"Mozgov Bad Pass Turnover (P1.T4)",null,null],["0041400405",21,1,42,1,"8:14 PM","9:16","Thompson 2' Driving Layup (2 PTS) (Curry 1 AST)",null,null,"0 - 2","2"],["0041400405",22,2,1,1,"8:14 PM","8:50",null,null,"MISS Mozgov 20' Jump Shot",null,null],["0041400405",23,4,0,1,"8:15 PM","8:50",null,null,"Cavaliers Rebound",null,null],["0041400405",24,6,3,1,"8:15 PM","8:50","Barnes L.B.FOUL (P1.T1) (M.McCutchen)",null,null,null,null],["0041400405",25,1,46,1,"8:15 PM","8:39",null,null,"Dellavedova 10' Running Jump Shot (2 PTS)","2 - 2","TIE"],["0041400405",26,2,1,1,"8:15 PM","8:22","MISS Iguodala 26' 3PT Jump Shot",null,null,null,null],["0041400405",27,4,0,1,"8:15 PM","8:21",null,null,"Thompson REBOUND (Off:2 Def:1)",null,null],["0041400405",28,2,1,1,"8:15 PM","8:13",null,null,"MISS Shumpert  3PT Jump Shot",null,null],["0041400405",29,4,0,1,"8:15 PM","8:12","Iguodala REBOUND (Off:0 Def:2)",null,null,null,null],["0041400405",30,1,42,1,"8:15 PM","8:07","Curry 3' Driving Layup (2 PTS) (Iguodala 1 AST)",null,null,"2 - 4","2"],["0041400405",31,5,1,1,"8:16 PM","7:46","Iguodala STEAL (1 STL)",null,"Dellavedova Bad Pass Turnover (P1.T5)",null,null],["0041400405",32,1,8,1,"8:16 PM","7:41","Green  Slam Dunk (2 PTS) (Iguodala 2 AST)",null,null,"2 - 6","4"],["0041400405",33,2,80,1,"8:16 PM","7:20",null,null,"MISS James 19' Step Back Jump Shot",null,null],["0041400405",34,4,0,1,"8:16 PM","7:19","Iguodala REBOUND (Off:0 Def:3)",null,null,null,null],["0041400405",35,1,8,1,"8:16 PM","7:09","Green  Slam Dunk (4 PTS) (Thompson 1 AST)",null,null,"2 - 8","6"],["0041400405",36,9,1,1,"8:17 PM","7:09",null,null,"Cavaliers Timeout: Regular (Reg.1 Short 0)",null,null],["0041400405",38,8,0,1,"8:20 PM","7:09",null,null,"SUB: Smith FOR Mozgov",null,null],["0041400405",39,2,1,1,"8:20 PM","6:51",null,null,"MISS Thompson 8' Jump Shot",null,null],["0041400405",40,4,0,1,"8:20 PM","6:50","Curry REBOUND (Off:0 Def:1)",null,null,null,null],["0041400405",42,2,3,1,"8:20 PM","6:36","MISS Barnes 6' Hook Shot",null,null,null,null],["0041400405",41,4,0,1,"8:20 PM","6:35",null,null,"Smith REBOUND (Off:0 Def:1)",null,null],["0041400405",43,1,1,1,"8:21 PM","6:22",null,null,"Smith 26' 3PT Jump Shot (3 PTS) (James 1 AST)","5 - 8","3"],["0041400405",44,1,42,1,"8:21 PM","6:00","Green 1' Driving Layup (6 PTS) (Barnes 1 AST)",null,null,"5 - 10","5"],["0041400405",45,1,42,1,"8:21 PM","5:47",null,null,"James 1' Driving Layup (2 PTS)","7 - 10","3"],["0041400405",46,2,40,1,"8:21 PM","5:35","MISS Thompson 2' Layup",null,"Smith BLOCK (1 BLK)",null,null],["0041400405",100,4,0,1,"8:21 PM","5:34","WARRIORS Rebound",null,null,null,null],["0041400405",47,8,0,1,"8:22 PM","5:34","SUB: Livingston FOR Barnes",null,null,null,null],["0041400405",48,2,1,1,"8:22 PM","5:29","MISS Thompson 4' Jump Shot",null,"Smith BLOCK (2 BLK)",null,null],["0041400405",49,4,0,1,"8:22 PM","5:28",null,null,"Thompson REBOUND (Off:2 Def:2)",null,null],["0041400405",50,2,1,1,"8:22 PM","5:24",null,null,"MISS Shumpert 3' Jump Shot",null,null],["0041400405",51,4,0,1,"8:22 PM","5:23","Iguodala REBOUND (Off:0 Def:4)",null,null,null,null],["0041400405",52,1,1,1,"8:22 PM","5:15","Green 28' 3PT Jump Shot (9 PTS) (Thompson 2 AST)",null,null,"7 - 13","6"],["0041400405",53,1,63,1,"8:22 PM","4:57",null,null,"Smith 26' 3PT Fadeaway Jumper (6 PTS) (James 2 AST)","10 - 13","3"],["0041400405",54,6,14,1,"8:23 PM","4:46",null,null,"Smith FLAGRANT.FOUL.TYPE1 (P1.T2) (M.McCutchen)",null,null],["0041400405",55,18,0,1,"8:23 PM","4:46",null,null,null,null,null],["0041400405",56,3,18,1,"8:25 PM","4:46","MISS Green Free Throw Flagrant 1 of 2",null,null,null,null],["0041400405",57,4,1,1,"8:25 PM","4:46","WARRIORS Rebound",null,null,null,null],["0041400405",58,3,19,1,"8:25 PM","4:46","Green Free Throw Flagrant 2 of 2 (10 PTS)",null,null,"10 - 14","4"],["0041400405",60,2,1,1,"8:26 PM","4:36","MISS Green 26' 3PT Jump Shot",null,null,null,null],["0041400405",61,4,0,1,"8:26 PM","4:35",null,null,"James REBOUND (Off:0 Def:2)",null,null],["0041400405",62,6,17,1,"8:27 PM","4:26","WARRIORS T.Foul (Def. 3 Sec Green ) (M.McCutchen)",null,null,null,null],["0041400405",63,3,16,1,"8:27 PM","4:26",null,null,"James Free Throw Technical (3 PTS)","11 - 14","3"],["0041400405",65,2,1,1,"8:27 PM","4:16",null,null,"MISS Smith 27' 3PT Jump Shot",null,null],["0041400405",66,4,0,1,"8:27 PM","4:15","Iguodala REBOUND (Off:0 Def:5)",null,null,null,null],["0041400405",67,1,8,1,"8:27 PM","4:02","Livingston  Slam Dunk (2 PTS) (Green 1 AST)",null,null,"11 - 16","5"],["0041400405",68,2,1,1,"8:27 PM","3:47",null,null,"MISS Dellavedova  3PT Jump Shot",null,null],["0041400405",69,4,0,1,"8:27 PM","3:46","Thompson REBOUND (Off:0 Def:1)",null,null,null,null],["0041400405",70,6,1,1,"8:28 PM","3:40",null,null,"Shumpert P.FOUL (P1.T3) (J.Phillips)",null,null],["0041400405",71,8,0,1,"8:28 PM","3:40",null,null,"SUB: Jones FOR Thompson",null,null],["0041400405",72,2,1,1,"8:28 PM","3:30","MISS Thompson 18' Jump Shot",null,null,null,null],["0041400405",73,4,0,1,"8:28 PM","3:29",null,null,"James REBOUND (Off:0 Def:3)",null,null],["0041400405",74,1,42,1,"8:28 PM","3:24",null,null,"James 2' Driving Layup (5 PTS)","13 - 16","3"],["0041400405",75,6,2,1,"8:28 PM","3:24","Iguodala S.FOUL (P1.T2) (J.Phillips)",null,null,null,null],["0041400405",76,3,10,1,"8:29 PM","3:24",null,null,"James Free Throw 1 of 1 (6 PTS)","14 - 16","2"],["0041400405",78,6,4,1,"8:29 PM","3:15","Thompson OFF.Foul (P1) (J.Capers)",null,null,null,null],["0041400405",79,5,5,1,"8:29 PM","3:15","Thompson Foul Turnover (P1.T3)",null,null,null,null],["0041400405",80,8,0,1,"8:29 PM","3:15","SUB: Barbosa FOR Thompson",null,null,null,null],["0041400405",81,1,79,1,"8:30 PM","2:54",null,null,"Shumpert 26' 3PT Pullup Jump Shot (3 PTS) (James 3 AST)","17 - 16","-1"],["0041400405",82,9,1,1,"8:30 PM","2:46","WARRIORS Timeout: Regular (Full 1 Short 0)",null,null,null,null],["0041400405",84,1,42,1,"8:34 PM","2:35","Curry 2' Driving Layup (4 PTS) (Livingston 1 AST)",null,null,"17 - 18","1"],["0041400405",85,1,5,1,"8:34 PM","2:15",null,null,"James 2' Layup (8 PTS) (Shumpert 1 AST)","19 - 18","-1"],["0041400405",86,1,79,1,"8:34 PM","2:06","Curry 26' 3PT Pullup Jump Shot (7 PTS)",null,null,"19 - 21","2"],["0041400405",87,6,1,1,"8:35 PM","1:52","Barbosa P.FOUL (P1.T3) (J.Phillips)",null,null,null,null],["0041400405",88,8,0,1,"8:35 PM","1:52",null,null,"SUB: Miller FOR Dellavedova",null,null],["0041400405",89,2,65,1,"8:35 PM","1:38",null,null,"MISS James 6' Jump Hook Shot",null,null],["0041400405",90,4,0,1,"8:35 PM","1:36","Green REBOUND (Off:0 Def:1)",null,null,null,null],["0041400405",91,5,4,1,"8:35 PM","1:30","Barbosa Traveling Turnover (P1.T4)",null,null,null,null],["0041400405",92,8,0,1,"8:35 PM","1:30","SUB: Barnes FOR Iguodala",null,null,null,null],["0041400405",93,1,63,1,"8:36 PM","1:18",null,null,"Smith 16' Fadeaway Jumper (8 PTS) (James 4 AST)","21 - 21","TIE"],["0041400405",94,2,1,1,"8:36 PM","1:05","MISS Green 3' Jump Shot",null,null,null,null],["0041400405",95,4,0,1,"8:36 PM","1:04","Barnes REBOUND (Off:1 Def:0)",null,null,null,null],["0041400405",96,6,2,1,"8:36 PM","1:04",null,null,"Miller S.FOUL (P1.T4) (J.Capers)",null,null],["0041400405",97,3,11,1,"8:37 PM","1:04","Barnes Free Throw 1 of 2 (1 PTS)",null,null,"21 - 22","1"],["0041400405",101,3,12,1,"8:37 PM","1:04","MISS Barnes Free Throw 2 of 2",null,null,null,null],["0041400405",103,4,0,1,"8:37 PM","1:02",null,null,"James REBOUND (Off:0 Def:4)",null,null],["0041400405",104,2,5,1,"8:37 PM","0:42",null,null,"MISS Shumpert 3' Layup",null,null],["0041400405",105,4,0,1,"8:37 PM","0:41","Green REBOUND (Off:0 Def:2)",null,null,null,null],["0041400405",106,6,26,1,"8:37 PM","0:34","Green Offensive Charge Foul (P1.PN) (M.McCutchen)",null,null,null,null],["0041400405",107,5,5,1,"8:37 PM","0:34","Green Foul Turnover (P2.T5)",null,null,null,null],["0041400405",108,6,1,1,"8:38 PM","0:26","Curry P.FOUL (P1.PN) (M.McCutchen)",null,null,null,null],["0041400405",109,3,11,1,"8:38 PM","0:26",null,null,"MISS Shumpert Free Throw 1 of 2",null,null],["0041400405",110,4,1,1,"8:38 PM","0:26",null,null,"Cavaliers Rebound",null,null],["0041400405",111,8,0,1,"8:39 PM","0:26",null,null,"SUB: Thompson FOR James",null,null],["0041400405",112,8,0,1,"8:39 PM","0:26","SUB: Thompson FOR Barbosa",null,null,null,null],["0041400405",113,3,12,1,"8:39 PM","0:26",null,null,"Shumpert Free Throw 2 of 2 (4 PTS)","22 - 22","TIE"],["0041400405",115,2,5,1,"8:39 PM","0:05","MISS Curry 2' Layup",null,null,null,null],["0041400405",116,4,0,1,"8:39 PM","0:03",null,null,"Smith REBOUND (Off:0 Def:2)",null,null],["0041400405",117,2,79,1,"8:39 PM","0:00",null,null,"MISS Smith 58' 3PT Pullup Jump Shot",null,null],["0041400405",118,4,0,1,"8:40 PM","0:00",null,null,"Cavaliers Rebound",null,null],["0041400405",119,13,0,1,"8:40 PM","0:00",null,null,null,"22 - 22","TIE"],["0041400405",121,12,0,2,"8:43 PM","12:00",null,null,null,"22 - 22","TIE"],["0041400405",122,2,5,2,"8:43 PM","11:49","MISS Thompson 2' Layup",null,null,null,null],["0041400405",123,4,0,2,"8:43 PM","11:48",null,null,"Thompson REBOUND (Off:2 Def:3)",null,null],["0041400405",124,6,1,2,"8:44 PM","11:28","Barbosa P.FOUL (P2.T1) (M.McCutchen)",null,null,null,null],["0041400405",125,2,47,2,"8:44 PM","11:19",null,null,"MISS Smith 26' 3PT Turnaround Jump Shot",null,null],["0041400405",126,4,0,2,"8:44 PM","11:18","Livingston REBOUND (Off:0 Def:1)",null,null,null,null],["0041400405",127,2,42,2,"8:44 PM","11:05","MISS Livingston 3' Driving Layup",null,null,null,null],["0041400405",128,4,0,2,"8:44 PM","11:04",null,null,"James REBOUND (Off:0 Def:5)",null,null],["0041400405",129,2,5,2,"8:45 PM","10:51",null,null,"MISS James 1' Layup",null,null],["0041400405",130,4,0,2,"8:45 PM","10:50",null,null,"James REBOUND (Off:1 Def:5)",null,null],["0041400405",131,1,40,2,"8:45 PM","10:50",null,null,"James 2' Layup (10 PTS)","24 - 22","-2"],["0041400405",132,6,2,2,"8:45 PM","10:50","Barnes S.FOUL (P2.T2) (J.Phillips)",null,null,null,null],["0041400405",134,8,0,2,"8:45 PM","10:50","SUB: Iguodala FOR Barnes",null,null,null,null],["0041400405",135,3,10,2,"8:45 PM","10:50",null,null,"James Free Throw 1 of 1 (11 PTS)","25 - 22","-3"],["0041400405",137,5,1,2,"8:46 PM","10:32","Lee Bad Pass Turnover (P1.T6)",null,"Jones STEAL (1 STL)",null,null],["0041400405",138,5,1,2,"8:46 PM","10:28","Iguodala STEAL (2 STL)",null,"Smith Bad Pass Turnover (P1.T6)",null,null],["0041400405",139,1,88,2,"8:46 PM","10:22","Thompson  Driving Slam Dunk (4 PTS) (Iguodala 3 AST)",null,null,"25 - 24","-1"],["0041400405",140,1,63,2,"8:46 PM","10:00",null,null,"Smith 26' 3PT Fadeaway Jumper (11 PTS) (James 5 AST)","28 - 24","-4"],["0041400405",141,1,79,2,"8:46 PM","9:39","Barbosa 12' Pullup Jump Shot (2 PTS) (Iguodala 4 AST)",null,null,"28 - 26","-2"],["0041400405",142,1,79,2,"8:47 PM","9:26",null,null,"Smith 26' 3PT Pullup Jump Shot (14 PTS) (James 6 AST)","31 - 26","-5"],["0041400405",143,1,1,2,"8:47 PM","9:09","Thompson 18' Jump Shot (6 PTS) (Iguodala 5 AST)",null,null,"31 - 28","-3"],["0041400405",144,6,1,2,"8:47 PM","8:44","Barbosa P.FOUL (P3.T3) (J.Phillips)",null,null,null,null],["0041400405",145,9,4,2,"8:48 PM","8:44",null,null,null,null,null],["0041400405",146,8,0,2,"8:51 PM","8:44","SUB: Curry FOR Barbosa",null,null,null,null],["0041400405",147,8,0,2,"8:51 PM","8:44",null,null,"SUB: Dellavedova FOR Miller",null,null],["0041400405",148,3,11,2,"8:51 PM","8:44",null,null,"Thompson Free Throw 1 of 2 (1 PTS)","32 - 28","-4"],["0041400405",150,3,12,2,"8:52 PM","8:44",null,null,"Thompson Free Throw 2 of 2 (2 PTS)","33 - 28","-5"],["0041400405",152,1,8,2,"8:52 PM","8:27","Lee  Slam Dunk (2 PTS) (Iguodala 6 AST)",null,null,"33 - 30","-3"],["0041400405",154,8,0,2,"8:52 PM","8:06",null,null,"SUB: Shumpert FOR Jones",null,null],["0041400405",155,1,63,2,"8:53 PM","7:56",null,null,"James 18' Fadeaway Jumper (13 PTS)","35 - 30","-5"],["0041400405",156,2,1,2,"8:53 PM","7:45","MISS Lee 5' Jump Shot",null,null,null,null],["0041400405",157,4,0,2,"8:53 PM","7:44","Curry REBOUND (Off:1 Def:1)",null,null,null,null],["0041400405",158,2,42,2,"8:53 PM","7:31","MISS Lee 2' Driving Layup",null,null,null,null],["0041400405",159,4,0,2,"8:53 PM","7:30",null,null,"James REBOUND (Off:1 Def:6)",null,null],["0041400405",160,1,63,2,"8:53 PM","7:10",null,null,"James 12' Fadeaway Jumper (15 PTS)","37 - 30","-7"],["0041400405",161,6,1,2,"8:54 PM","6:58",null,null,"James P.FOUL (P1.T1) (J.Capers)",null,null],["0041400405",162,8,0,2,"8:54 PM","6:58","SUB: Green FOR Lee",null,null,null,null],["0041400405",163,1,79,2,"8:54 PM","6:53","Curry 26' 3PT Pullup Jump Shot (10 PTS) (Livingston 2 AST)",null,null,"37 - 33","-4"],["0041400405",164,2,1,2,"8:55 PM","6:24",null,null,"MISS Thompson 5' Jump Shot",null,null],["0041400405",165,4,0,2,"8:55 PM","6:23",null,null,"Smith REBOUND (Off:1 Def:2)",null,null],["0041400405",166,1,42,2,"8:55 PM","6:08",null,null,"James 3' Driving Layup (17 PTS)","39 - 33","-6"],["0041400405",167,1,80,2,"8:55 PM","5:58","Curry 27' 3PT Step Back Jump Shot (13 PTS)",null,null,"39 - 36","-3"],["0041400405",168,6,10,2,"8:56 PM","5:55",null,null,null,null,null],["0041400405",171,9,1,2,"8:59 PM","5:55","WARRIORS Timeout: Regular (Full 2 Short 0)",null,null,null,null],["0041400405",170,8,0,2,"8:59 PM","5:55","SUB: Barbosa FOR Livingston",null,null,null,null],["0041400405",172,9,1,2,"8:59 PM","5:36",null,null,"Cavaliers Timeout: Regular (Reg.2 Short 0)",null,null],["0041400405",174,2,1,2,"9:03 PM","5:32",null,null,"MISS James 6' Jump Shot",null,null],["0041400405",175,4,0,2,"9:03 PM","5:31","Barbosa REBOUND (Off:0 Def:1)",null,null,null,null],["0041400405",176,2,1,2,"9:03 PM","5:15","MISS Iguodala 19' Jump Shot",null,null,null,null],["0041400405",177,4,0,2,"9:03 PM","5:14",null,null,"Smith REBOUND (Off:1 Def:3)",null,null],["0041400405",178,2,1,2,"9:04 PM","4:55",null,null,"MISS Smith 28' 3PT Jump Shot",null,null],["0041400405",179,4,0,2,"9:04 PM","4:54",null,null,"Shumpert REBOUND (Off:1 Def:1)",null,null],["0041400405",180,1,1,2,"9:04 PM","4:35",null,null,"Shumpert  3PT Jump Shot (7 PTS) (James 7 AST)","42 - 36","-6"],["0041400405",181,1,79,2,"9:04 PM","4:20","Barbosa 25' 3PT Pullup Jump Shot (5 PTS) (Green 2 AST)",null,null,"42 - 39","-3"],["0041400405",182,2,5,2,"9:05 PM","4:04",null,null,"MISS Dellavedova 3' Layup",null,null],["0041400405",183,4,0,2,"9:05 PM","4:03","Green REBOUND (Off:0 Def:3)",null,null,null,null],["0041400405",184,5,2,2,"9:05 PM","3:59","Barbosa Lost Ball Turnover (P2.T7)",null,"Thompson STEAL (1 STL)",null,null],["0041400405",185,2,1,2,"9:05 PM","3:55",null,null,"MISS Shumpert 27' 3PT Jump Shot",null,null],["0041400405",186,4,0,2,"9:05 PM","3:54","Barbosa REBOUND (Off:0 Def:2)",null,null,null,null],["0041400405",187,6,1,2,"9:05 PM","3:50",null,null,"Shumpert P.FOUL (P2.T2) (J.Capers)",null,null],["0041400405",188,3,11,2,"9:05 PM","3:50","Barbosa Free Throw 1 of 2 (6 PTS)",null,null,"42 - 40","-2"],["0041400405",190,8,0,2,"9:05 PM","3:50",null,null,"SUB: Jones FOR Shumpert",null,null],["0041400405",191,3,12,2,"9:06 PM","3:50","Barbosa Free Throw 2 of 2 (7 PTS)",null,null,"42 - 41","-1"],["0041400405",193,2,1,2,"9:06 PM","3:37",null,null,"MISS Smith 26' 3PT Jump Shot",null,null],["0041400405",194,4,0,2,"9:06 PM","3:36","Green REBOUND (Off:0 Def:4)",null,null,null,null],["0041400405",195,6,2,2,"9:06 PM","3:32",null,null,"Smith S.FOUL (P2.T3) (M.McCutchen)",null,null],["0041400405",196,3,11,2,"9:07 PM","3:32","Iguodala Free Throw 1 of 2 (1 PTS)",null,null,"42 - 42","TIE"],["0041400405",198,3,12,2,"9:07 PM","3:32","MISS Iguodala Free Throw 2 of 2",null,null,null,null],["0041400405",200,4,0,2,"9:07 PM","3:29","Curry REBOUND (Off:2 Def:1)",null,null,null,null],["0041400405",201,1,5,2,"9:07 PM","3:28","Curry 3' Layup (15 PTS)",null,null,"42 - 44","2"],["0041400405",202,6,1,2,"9:08 PM","3:15","Green P.FOUL (P3.T4) (M.McCutchen)",null,null,null,null],["0041400405",203,3,11,2,"9:08 PM","3:15",null,null,"James Free Throw 1 of 2 (18 PTS)","43 - 44","1"],["0041400405",205,8,0,2,"9:08 PM","3:15","SUB: Lee FOR Green",null,null,null,null],["0041400405",206,3,12,2,"9:08 PM","3:15",null,null,"MISS James Free Throw 2 of 2",null,null],["0041400405",208,4,0,2,"9:08 PM","3:14","Thompson REBOUND (Off:0 Def:2)",null,null,null,null],["0041400405",209,5,1,2,"9:09 PM","3:00","Curry Bad Pass Turnover (P2.T8)",null,"Smith STEAL (1 STL)",null,null],["0041400405",210,2,1,2,"9:09 PM","2:50",null,null,"MISS James 26' 3PT Jump Shot",null,null],["0041400405",211,4,0,2,"9:09 PM","2:50","WARRIORS Rebound",null,null,null,null],["0041400405",212,5,2,2,"9:09 PM","2:41","Curry Lost Ball Turnover (P3.T9)",null,"Dellavedova STEAL (2 STL)",null,null],["0041400405",213,6,1,2,"9:09 PM","2:37","Lee P.FOUL (P1.PN) (J.Phillips)",null,null,null,null],["0041400405",214,3,11,2,"9:10 PM","2:37",null,null,"Thompson Free Throw 1 of 2 (3 PTS)","44 - 44","TIE"],["0041400405",216,3,12,2,"9:10 PM","2:37",null,null,"Thompson Free Throw 2 of 2 (4 PTS)","45 - 44","-1"],["0041400405",218,9,2,2,"9:10 PM","2:31","WARRIORS Timeout: Short (Full 2 Short 1)",null,null,null,null],["0041400405",219,6,2,2,"9:12 PM","2:17",null,null,"Jones S.FOUL (P1.T4) (J.Phillips)",null,null],["0041400405",220,18,0,2,"9:12 PM","2:17",null,null,null,null,null],["0041400405",221,3,11,2,"9:14 PM","2:17","MISS Iguodala Free Throw 1 of 2",null,null,null,null],["0041400405",222,4,1,2,"9:14 PM","2:17","WARRIORS Rebound",null,null,null,null],["0041400405",223,8,0,2,"9:14 PM","2:17",null,null,"SUB: Miller FOR Smith",null,null],["0041400405",224,3,12,2,"9:14 PM","2:17","MISS Iguodala Free Throw 2 of 2",null,null,null,null],["0041400405",226,4,0,2,"9:14 PM","2:15",null,null,"James REBOUND (Off:1 Def:7)",null,null],["0041400405",227,2,78,2,"9:14 PM","1:54",null,null,"MISS Dellavedova 12' Floating Jump Shot",null,null],["0041400405",228,4,0,2,"9:14 PM","1:53","Iguodala REBOUND (Off:0 Def:6)",null,null,null,null],["0041400405",229,1,42,2,"9:14 PM","1:49","Iguodala 2' Driving Layup (3 PTS)",null,null,"45 - 46","1"],["0041400405",230,1,66,2,"9:15 PM","1:22",null,null,"James 10' Jump Bank Shot (20 PTS)","47 - 46","-1"],["0041400405",231,1,1,2,"9:15 PM","0:56","Barbosa 17' Jump Shot (9 PTS) (Iguodala 7 AST)",null,null,"47 - 48","1"],["0041400405",232,1,79,2,"9:16 PM","0:33",null,null,"Miller 25' 3PT Pullup Jump Shot (3 PTS) (James 8 AST)","50 - 48","-2"],["0041400405",233,2,79,2,"9:16 PM","0:24","MISS Curry 27' 3PT Pullup Jump Shot",null,null,null,null],["0041400405",234,4,0,2,"9:16 PM","0:22",null,null,"Jones REBOUND (Off:0 Def:1)",null,null],["0041400405",235,5,10,2,"9:16 PM","0:16",null,null,"Cavaliers Turnover: 8 Second Violation (T#7)",null,null],["0041400405",236,8,0,2,"9:17 PM","0:16","SUB: Barnes FOR Lee",null,null,null,null],["0041400405",237,2,75,2,"9:17 PM","0:04","MISS Curry 10' Driving Finger Roll Layup",null,null,null,null],["0041400405",239,4,0,2,"9:17 PM","0:03","Barnes REBOUND (Off:2 Def:0)",null,null,null,null],["0041400405",238,1,92,2,"9:17 PM","0:03","Barnes  Putback Slam Dunk (3 PTS)",null,null,"50 - 50","TIE"],["0041400405",240,6,2,2,"9:17 PM","0:03",null,null,"James S.FOUL (P2.PN) (M.McCutchen)",null,null],["0041400405",241,8,0,2,"9:17 PM","0:03","SUB: Livingston FOR Barbosa",null,null,null,null],["0041400405",242,9,2,2,"9:18 PM","0:03",null,null,"Cavaliers Timeout: Short (Reg.2 Short 1)",null,null],["0041400405",243,8,0,2,"9:19 PM","0:03",null,null,"SUB: Smith FOR Dellavedova",null,null],["0041400405",244,3,10,2,"9:19 PM","0:03","Barnes Free Throw 1 of 1 (4 PTS)",null,null,"50 - 51","1"],["0041400405",246,2,1,2,"9:19 PM","0:00",null,null,"MISS Smith 38' 3PT Jump Shot",null,null],["0041400405",247,4,0,2,"9:19 PM","0:00",null,null,"Cavaliers Rebound",null,null],["0041400405",248,13,0,2,"9:19 PM","0:00",null,null,null,"50 - 51","1"],["0041400405",250,12,0,3,"9:36 PM","12:00",null,null,null,"50 - 51","1"],["0041400405",251,1,79,3,"9:36 PM","11:47","Curry 18' Pullup Jump Shot (17 PTS)",null,null,"50 - 53","3"],["0041400405",252,2,86,3,"9:37 PM","11:24",null,null,"MISS James 15' Turnaround Fadeaway Shot",null,null],["0041400405",253,4,0,3,"9:37 PM","11:23",null,null,"Cavaliers Rebound",null,null],["0041400405",254,2,1,3,"9:37 PM","11:20",null,null,"MISS Smith  3PT Jump Shot",null,null],["0041400405",255,4,0,3,"9:37 PM","11:19","Iguodala REBOUND (Off:0 Def:7)",null,null,null,null],["0041400405",256,2,78,3,"9:37 PM","11:08","MISS Green 6' Floating Jump Shot",null,null,null,null],["0041400405",257,4,0,3,"9:37 PM","11:07","WARRIORS Rebound",null,null,null,null],["0041400405",258,5,4,3,"9:38 PM","11:07","Green Traveling Turnover (P3.T10)",null,null,null,null],["0041400405",259,1,5,3,"9:38 PM","10:55",null,null,"Thompson 2' Layup (6 PTS) (James 9 AST)","52 - 53","1"],["0041400405",260,6,2,3,"9:38 PM","10:43",null,null,"James S.FOUL (P3.T1) (J.Capers)",null,null],["0041400405",261,3,11,3,"9:38 PM","10:43","MISS Green Free Throw 1 of 2",null,null,null,null],["0041400405",262,4,1,3,"9:38 PM","10:43","WARRIORS Rebound",null,null,null,null],["0041400405",263,3,12,3,"9:39 PM","10:43","Green Free Throw 2 of 2 (11 PTS)",null,null,"52 - 54","2"],["0041400405",265,2,1,3,"9:39 PM","10:23",null,null,"MISS Thompson 6' Jump Shot",null,null],["0041400405",266,4,0,3,"9:39 PM","10:22","Green REBOUND (Off:0 Def:5)",null,null,null,null],["0041400405",267,2,73,3,"9:39 PM","10:15","MISS Curry 2' Driving Reverse Layup",null,null,null,null],["0041400405",268,4,0,3,"9:39 PM","10:14",null,null,"Smith REBOUND (Off:1 Def:4)",null,null],["0041400405",269,1,79,3,"9:39 PM","10:04",null,null,"Dellavedova 26' 3PT Pullup Jump Shot (5 PTS)","55 - 54","-1"],["0041400405",270,2,75,3,"9:40 PM","9:47","MISS Barnes 3' Driving Finger Roll Layup",null,null,null,null],["0041400405",271,4,0,3,"9:40 PM","9:45","WARRIORS Rebound",null,null,null,null],["0041400405",272,1,8,3,"9:40 PM","9:43","Iguodala  Slam Dunk (5 PTS) (Curry 2 AST)",null,null,"55 - 56","1"],["0041400405",273,6,2,3,"9:41 PM","9:18","Thompson S.FOUL (P2.T1) (M.McCutchen)",null,null,null,null],["0041400405",274,3,11,3,"9:41 PM","9:18",null,null,"James Free Throw 1 of 2 (21 PTS)","56 - 56","TIE"],["0041400405",276,3,12,3,"9:41 PM","9:18",null,null,"James Free Throw 2 of 2 (22 PTS)","57 - 56","-1"],["0041400405",278,6,1,3,"9:42 PM","9:04",null,null,"Dellavedova P.FOUL (P2.T2) (M.McCutchen)",null,null],["0041400405",279,2,1,3,"9:42 PM","8:56","MISS Thompson 13' Jump Shot",null,null,null,null],["0041400405",280,4,0,3,"9:42 PM","8:56",null,null,"James REBOUND (Off:1 Def:8)",null,null],["0041400405",281,2,1,3,"9:42 PM","8:49",null,null,"MISS James 26' 3PT Jump Shot",null,null],["0041400405",282,4,0,3,"9:42 PM","8:48",null,null,"Shumpert REBOUND (Off:2 Def:1)",null,null],["0041400405",284,5,4,3,"9:43 PM","8:39",null,null,"Dellavedova Traveling Turnover (P2.T8)",null,null],["0041400405",285,2,1,3,"9:43 PM","8:33","MISS Curry 3' Jump Shot",null,"Thompson BLOCK (1 BLK)",null,null],["0041400405",286,4,0,3,"9:43 PM","8:31",null,null,"James REBOUND (Off:1 Def:9)",null,null],["0041400405",287,5,1,3,"9:43 PM","8:20","Iguodala STEAL (3 STL)",null,"James Bad Pass Turnover (P2.T9)",null,null],["0041400405",288,6,3,3,"9:43 PM","8:20",null,null,"Dellavedova L.B.FOUL (P3.T3) (J.Capers)",null,null],["0041400405",289,1,79,3,"9:44 PM","8:00","Barnes 18' Pullup Jump Shot (6 PTS) (Curry 3 AST)",null,null,"57 - 58","1"],["0041400405",290,1,58,3,"9:44 PM","7:38",null,null,"Thompson 5' Turnaround Hook Shot (8 PTS)","59 - 58","-1"],["0041400405",291,2,1,3,"9:44 PM","7:28","MISS Curry  3PT Jump Shot",null,null,null,null],["0041400405",292,4,0,3,"9:44 PM","7:27",null,null,"James REBOUND (Off:1 Def:10)",null,null],["0041400405",293,2,1,3,"9:44 PM","7:19",null,null,"MISS James 6' Jump Shot",null,null],["0041400405",294,4,0,3,"9:44 PM","7:17","Barnes REBOUND (Off:2 Def:1)",null,null,null,null],["0041400405",295,2,1,3,"9:44 PM","7:13","MISS Thompson 25' 3PT Jump Shot",null,null,null,null],["0041400405",296,4,0,3,"9:44 PM","7:12","WARRIORS Rebound",null,null,null,null],["0041400405",297,6,1,3,"9:45 PM","7:12",null,null,"Thompson P.FOUL (P2.T4) (J.Capers)",null,null],["0041400405",298,9,1,3,"9:45 PM","7:12","WARRIORS Timeout: Regular (Full 3 Short 1)",null,null,null,null],["0041400405",301,7,5,3,"9:49 PM","7:12",null,null,"Smith Violation:Kicked Ball (J.Phillips)",null,null],["0041400405",303,2,1,3,"9:49 PM","6:55","MISS Barnes 9' Jump Shot",null,null,null,null],["0041400405",304,4,0,3,"9:49 PM","6:54",null,null,"Shumpert REBOUND (Off:2 Def:2)",null,null],["0041400405",305,2,1,3,"9:50 PM","6:37",null,null,"MISS Dellavedova 27' 3PT Jump Shot",null,null],["0041400405",306,4,0,3,"9:50 PM","6:36",null,null,"Thompson REBOUND (Off:3 Def:3)",null,null],["0041400405",307,1,5,3,"9:50 PM","6:35",null,null,"Thompson 2' Layup (10 PTS)","61 - 58","-3"],["0041400405",308,5,1,3,"9:50 PM","6:12","Curry Bad Pass Turnover (P4.T11)",null,"Dellavedova STEAL (3 STL)",null,null],["0041400405",309,2,1,3,"9:50 PM","5:55",null,null,"MISS Thompson 4' Jump Shot",null,null],["0041400405",310,4,0,3,"9:51 PM","5:54","WARRIORS Rebound",null,null,null,null],["0041400405",311,6,3,3,"9:51 PM","5:54",null,null,"Thompson L.B.FOUL (P3.PN) (M.McCutchen)",null,null],["0041400405",312,3,11,3,"9:51 PM","5:54","Green Free Throw 1 of 2 (12 PTS)",null,null,"61 - 59","-2"],["0041400405",314,8,0,3,"9:51 PM","5:54",null,null,"SUB: Jones FOR Dellavedova",null,null],["0041400405",315,8,0,3,"9:51 PM","5:54","SUB: Livingston FOR Barnes",null,null,null,null],["0041400405",316,3,12,3,"9:51 PM","5:54","Green Free Throw 2 of 2 (13 PTS)",null,null,"61 - 60","-1"],["0041400405",318,2,1,3,"9:52 PM","5:34",null,null,"MISS James 6' Jump Shot",null,null],["0041400405",319,4,0,3,"9:52 PM","5:33","Green REBOUND (Off:0 Def:6)",null,null,null,null],["0041400405",320,2,5,3,"9:52 PM","5:26","MISS Thompson 2' Layup",null,null,null,null],["0041400405",322,4,0,3,"9:52 PM","5:25","Iguodala REBOUND (Off:1 Def:7)",null,null,null,null],["0041400405",321,2,87,3,"9:52 PM","5:25","MISS Iguodala  Putback Dunk",null,null,null,null],["0041400405",323,4,0,3,"9:52 PM","5:24",null,null,"Thompson REBOUND (Off:3 Def:4)",null,null],["0041400405",324,1,43,3,"9:52 PM","5:10",null,null,"Thompson 2' Alley Oop Layup (12 PTS) (Smith 1 AST)","63 - 60","-3"],["0041400405",325,1,40,3,"9:53 PM","4:56","Thompson 2' Layup (8 PTS) (Green 3 AST)",null,null,"63 - 62","-1"],["0041400405",326,6,2,3,"9:53 PM","4:56",null,null,"Jones S.FOUL (P2.PN) (M.McCutchen)",null,null],["0041400405",327,3,10,3,"9:53 PM","4:56","Thompson Free Throw 1 of 1 (9 PTS)",null,null,"63 - 63","TIE"],["0041400405",329,6,1,3,"9:53 PM","4:46","Thompson P.FOUL (P3.T2) (M.McCutchen)",null,null,null,null],["0041400405",330,8,0,3,"9:53 PM","4:46",null,null,"SUB: Dellavedova FOR Shumpert",null,null],["0041400405",331,2,79,3,"9:54 PM","4:33",null,null,"MISS Smith 27' 3PT Pullup Jump Shot",null,null],["0041400405",332,4,0,3,"9:54 PM","4:33","WARRIORS Rebound",null,null,null,null],["0041400405",333,5,39,3,"9:54 PM","4:23","Livingston Step Out of Bounds Turnover (P1.T12)",null,null,null,null],["0041400405",334,6,1,3,"9:55 PM","4:07","Thompson P.FOUL (P4.T3) (J.Phillips)",null,null,null,null],["0041400405",335,2,1,3,"9:55 PM","3:56",null,null,"MISS James 33' 3PT Jump Shot",null,null],["0041400405",336,4,0,3,"9:55 PM","3:55",null,null,"Cavaliers Rebound",null,null],["0041400405",337,5,11,3,"9:55 PM","3:55",null,null,"Cavaliers Turnover: Shot Clock (T#10)",null,null],["0041400405",338,8,0,3,"9:56 PM","3:55","SUB: Barbosa FOR Thompson",null,null,null,null],["0041400405",339,2,79,3,"9:56 PM","3:41","MISS Curry 27' 3PT Pullup Jump Shot",null,null,null,null],["0041400405",340,4,0,3,"9:56 PM","3:40",null,null,"Thompson REBOUND (Off:3 Def:5)",null,null],["0041400405",341,1,1,3,"9:56 PM","3:20",null,null,"James 3' Jump Shot (24 PTS)","65 - 63","-2"],["0041400405",342,1,79,3,"9:56 PM","3:11","Curry 28' 3PT Pullup Jump Shot (20 PTS) (Green 4 AST)",null,null,"65 - 66","1"],["0041400405",343,9,1,3,"9:57 PM","3:04",null,null,"Cavaliers Timeout: Regular (Reg.3 Short 1)",null,null],["0041400405",348,5,11,3,"10:01 PM","2:42",null,null,"Cavaliers Turnover: Shot Clock (T#11)",null,null],["0041400405",349,1,79,3,"10:01 PM","2:25","Iguodala 26' 3PT Pullup Jump Shot (8 PTS) (Curry 4 AST)",null,null,"65 - 69","4"],["0041400405",350,2,1,3,"10:02 PM","2:08",null,null,"MISS Jones 26' 3PT Jump Shot",null,null],["0041400405",351,4,0,3,"10:02 PM","2:06","Livingston REBOUND (Off:0 Def:2)",null,null,null,null],["0041400405",352,2,79,3,"10:02 PM","1:56","MISS Iguodala 18' Pullup Jump Shot",null,null,null,null],["0041400405",353,4,0,3,"10:02 PM","1:55",null,null,"James REBOUND (Off:1 Def:11)",null,null],["0041400405",354,6,1,3,"10:02 PM","1:48","Livingston P.FOUL (P1.T4) (M.McCutchen)",null,null,null,null],["0041400405",355,8,0,3,"10:02 PM","1:48",null,null,"SUB: Shumpert FOR James",null,null],["0041400405",356,8,0,3,"10:03 PM","1:48","SUB: Barnes FOR Iguodala",null,null,null,null],["0041400405",357,6,2,3,"10:03 PM","1:35","Livingston S.FOUL (P2.PN) (J.Phillips)",null,null,null,null],["0041400405",358,3,11,3,"10:03 PM","1:35",null,null,"MISS Thompson Free Throw 1 of 2",null,null],["0041400405",359,4,1,3,"10:03 PM","1:35",null,null,"Cavaliers Rebound",null,null],["0041400405",360,8,0,3,"10:03 PM","1:35","SUB: Lee FOR Green",null,null,null,null],["0041400405",361,3,12,3,"10:03 PM","1:35",null,null,"Thompson Free Throw 2 of 2 (13 PTS)","66 - 69","3"],["0041400405",363,1,75,3,"10:04 PM","1:21","Barbosa 2' Driving Finger Roll Layup (11 PTS) (Lee 1 AST)",null,null,"66 - 71","5"],["0041400405",364,2,1,3,"10:04 PM","0:57",null,null,"MISS Dellavedova 18' Jump Shot",null,null],["0041400405",365,4,0,3,"10:04 PM","0:57",null,null,"Cavaliers Rebound",null,null],["0041400405",366,6,1,3,"10:05 PM","0:57","Lee P.FOUL (P2.PN) (M.McCutchen)",null,null,null,null],["0041400405",367,3,11,3,"10:05 PM","0:57",null,null,"Thompson Free Throw 1 of 2 (14 PTS)","67 - 71","4"],["0041400405",369,3,12,3,"10:05 PM","0:57",null,null,"MISS Thompson Free Throw 2 of 2",null,null],["0041400405",371,4,0,3,"10:05 PM","0:55","Lee REBOUND (Off:0 Def:1)",null,null,null,null],["0041400405",372,2,1,3,"10:05 PM","0:37","MISS Barnes 8' Jump Shot",null,"Thompson BLOCK (2 BLK)",null,null],["0041400405",373,4,0,3,"10:05 PM","0:37","WARRIORS Rebound",null,null,null,null],["0041400405",374,8,0,3,"10:06 PM","0:37",null,null,"SUB: Mozgov FOR Thompson",null,null],["0041400405",375,6,2,3,"10:06 PM","0:35",null,null,"Mozgov S.FOUL (P1.PN) (J.Capers)",null,null],["0041400405",376,3,11,3,"10:06 PM","0:35","Barbosa Free Throw 1 of 2 (12 PTS)",null,null,"67 - 72","5"],["0041400405",377,8,0,3,"10:07 PM","0:35","SUB: Ezeli FOR Lee",null,null,null,null],["0041400405",378,3,12,3,"10:07 PM","0:35","Barbosa Free Throw 2 of 2 (13 PTS)",null,null,"67 - 73","6"],["0041400405",380,2,1,3,"10:07 PM","0:18",null,null,"MISS Shumpert 25' 3PT Jump Shot",null,null],["0041400405",381,4,0,3,"10:07 PM","0:17","Curry REBOUND (Off:2 Def:2)",null,null,null,null],["0041400405",382,2,1,3,"10:08 PM","0:02","MISS Curry 29' 3PT Jump Shot",null,null,null,null],["0041400405",383,4,0,3,"10:08 PM","0:00","Barnes REBOUND (Off:3 Def:1)",null,null,null,null],["0041400405",386,18,0,3,"10:08 PM","0:00",null,null,null,null,null],["0041400405",387,13,0,3,"10:09 PM","0:00",null,null,null,"67 - 73","6"],["0041400405",389,12,0,4,"10:12 PM","12:00",null,null,null,"67 - 73","6"],["0041400405",390,1,46,4,"10:12 PM","11:48",null,null,"James 10' Running Jump Shot (26 PTS)","69 - 73","4"],["0041400405",391,5,2,4,"10:12 PM","11:28","Livingston Lost Ball Turnover (P2.T13)",null,"Shumpert STEAL (1 STL)",null,null],["0041400405",392,2,1,4,"10:12 PM","11:21",null,null,"MISS James 7' Jump Shot",null,null],["0041400405",393,4,0,4,"10:12 PM","11:20",null,null,"Cavaliers Rebound",null,null],["0041400405",394,6,3,4,"10:13 PM","11:20","Ezeli L.B.FOUL (P1.T1) (M.McCutchen)",null,null,null,null],["0041400405",395,5,2,4,"10:13 PM","11:01","Barnes STEAL (1 STL)",null,"Mozgov Lost Ball Turnover (P2.T12)",null,null],["0041400405",396,2,76,4,"10:13 PM","10:50","MISS Barbosa 3' Running Finger Roll Layup",null,null,null,null],["0041400405",397,4,0,4,"10:13 PM","10:49","WARRIORS Rebound",null,null,null,null],["0041400405",398,8,0,4,"10:13 PM","10:49","SUB: Thompson FOR Barbosa",null,null,null,null],["0041400405",399,1,8,4,"10:14 PM","10:42","Barnes  Slam Dunk (8 PTS) (Livingston 3 AST)",null,null,"69 - 75","6"],["0041400405",400,6,2,4,"10:14 PM","10:42",null,null,"Mozgov S.FOUL (P2.T1) (J.Phillips)",null,null],["0041400405",401,3,10,4,"10:14 PM","10:42","MISS Barnes Free Throw 1 of 1",null,null,null,null],["0041400405",403,4,0,4,"10:14 PM","10:41",null,null,"Cavaliers Rebound",null,null],["0041400405",404,6,3,4,"10:14 PM","10:41","Ezeli L.B.FOUL (P2.T2) (M.McCutchen)",null,null,null,null],["0041400405",405,1,79,4,"10:15 PM","10:24",null,null,"James 26' 3PT Pullup Jump Shot (29 PTS) (Dellavedova 1 AST)","72 - 75","3"],["0041400405",406,6,1,4,"10:15 PM","10:15",null,null,"Shumpert P.FOUL (P3.T2) (J.Capers)",null,null],["0041400405",407,6,1,4,"10:16 PM","10:01",null,null,"James P.FOUL (P4.T3) (M.McCutchen)",null,null],["0041400405",408,6,4,4,"10:16 PM","9:52","Barnes OFF.Foul (P3) (M.McCutchen)",null,null,null,null],["0041400405",409,5,5,4,"10:16 PM","9:52","Barnes Foul Turnover (P1.T14)",null,null,null,null],["0041400405",410,1,1,4,"10:17 PM","9:35",null,null,"Shumpert  3PT Jump Shot (10 PTS) (James 10 AST)","75 - 75","TIE"],["0041400405",411,2,46,4,"10:17 PM","9:25","MISS Livingston 12' Running Jump Shot",null,null,null,null],["0041400405",412,4,0,4,"10:17 PM","9:23","Ezeli REBOUND (Off:1 Def:0)",null,null,null,null],["0041400405",413,9,1,4,"10:17 PM","9:23","WARRIORS Timeout: Regular (Full 4 Short 1)",null,null,null,null],["0041400405",415,8,0,4,"10:20 PM","9:23","SUB: Green FOR Ezeli",null,null,null,null],["0041400405",416,8,0,4,"10:20 PM","9:23","SUB: Curry FOR Livingston",null,null,null,null],["0041400405",417,2,1,4,"10:20 PM","9:15","MISS Green 3' Jump Shot",null,null,null,null],["0041400405",418,4,0,4,"10:20 PM","9:14",null,null,"James REBOUND (Off:1 Def:12)",null,null],["0041400405",419,2,63,4,"10:21 PM","8:54",null,null,"MISS James 15' Fadeaway Jumper",null,null],["0041400405",420,4,0,4,"10:21 PM","8:53","Barnes REBOUND (Off:3 Def:2)",null,null,null,null],["0041400405",421,1,79,4,"10:21 PM","8:45","Curry 20' Pullup Jump Shot (22 PTS)",null,null,"75 - 77","2"],["0041400405",422,1,78,4,"10:21 PM","8:19",null,null,"James 10' Floating Jump Shot (31 PTS)","77 - 77","TIE"],["0041400405",423,6,2,4,"10:22 PM","8:09",null,null,"Miller S.FOUL (P2.T4) (J.Capers)",null,null],["0041400405",424,3,11,4,"10:22 PM","8:09","Green Free Throw 1 of 2 (14 PTS)",null,null,"77 - 78","1"],["0041400405",426,8,0,4,"10:22 PM","8:09",null,null,"SUB: Thompson FOR Mozgov",null,null],["0041400405",427,3,12,4,"10:22 PM","8:09","Green Free Throw 2 of 2 (15 PTS)",null,null,"77 - 79","2"],["0041400405",429,1,79,4,"10:23 PM","7:47",null,null,"James 34' 3PT Pullup Jump Shot (34 PTS) (Shumpert 2 AST)","80 - 79","-1"],["0041400405",430,1,80,4,"10:23 PM","7:33","Curry 26' 3PT Step Back Jump Shot (25 PTS)",null,null,"80 - 82","2"],["0041400405",431,6,1,4,"10:23 PM","7:14","Curry P.FOUL (P2.T3) (J.Capers)",null,null,null,null],["0041400405",432,2,1,4,"10:24 PM","7:02",null,null,"MISS James 5' Jump Shot",null,null],["0041400405",433,4,0,4,"10:24 PM","7:01","Thompson REBOUND (Off:0 Def:3)",null,null,null,null],["0041400405",434,1,1,4,"10:24 PM","6:49","Thompson 29' 3PT Jump Shot (12 PTS) (Green 5 AST)",null,null,"80 - 85","5"],["0041400405",435,9,1,4,"10:24 PM","6:47",null,null,"Cavaliers Timeout: Regular (Reg.4 Short 1)",null,null],["0041400405",437,18,0,4,"10:24 PM","6:47",null,null,null,null,null],["0041400405",439,8,0,4,"10:27 PM","6:47",null,null,"SUB: Smith FOR Miller",null,null],["0041400405",440,2,80,4,"10:28 PM","6:25",null,null,"MISS James 26' 3PT Step Back Jump Shot",null,null],["0041400405",441,4,0,4,"10:28 PM","6:24","Barnes REBOUND (Off:3 Def:3)",null,null,null,null],["0041400405",442,5,1,4,"10:28 PM","6:08","Curry Bad Pass Turnover (P5.T15)",null,"Thompson STEAL (2 STL)",null,null],["0041400405",443,1,86,4,"10:28 PM","5:45",null,null,"James 9' Turnaround Fadeaway (36 PTS)","82 - 85","3"],["0041400405",444,2,80,4,"10:29 PM","5:32","MISS Curry 27' 3PT Step Back Jump Shot",null,null,null,null],["0041400405",445,4,0,4,"10:29 PM","5:30","WARRIORS Rebound",null,null,null,null],["0041400405",446,2,79,4,"10:29 PM","5:27","MISS Iguodala  3PT Pullup Jump Shot",null,null,null,null],["0041400405",447,4,0,4,"10:29 PM","5:26",null,null,"Smith REBOUND (Off:1 Def:5)",null,null],["0041400405",448,1,3,4,"10:29 PM","5:10",null,null,"Thompson 4' Hook Shot (16 PTS) (James 11 AST)","84 - 85","1"],["0041400405",449,6,2,4,"10:30 PM","4:52",null,null,"Smith S.FOUL (P3.PN) (M.McCutchen)",null,null],["0041400405",450,3,11,4,"10:30 PM","4:52","MISS Green Free Throw 1 of 2",null,null,null,null],["0041400405",451,4,1,4,"10:30 PM","4:52","WARRIORS Rebound",null,null,null,null],["0041400405",452,3,12,4,"10:30 PM","4:52","Green Free Throw 2 of 2 (16 PTS)",null,null,"84 - 86","2"],["0041400405",454,6,1,4,"10:31 PM","4:34","Thompson P.FOUL (P5.T4) (M.McCutchen)",null,null,null,null],["0041400405",455,2,1,4,"10:31 PM","4:24",null,null,"MISS James 8' Jump Shot",null,null],["0041400405",456,4,0,4,"10:31 PM","4:23","Green REBOUND (Off:0 Def:7)",null,null,null,null],["0041400405",457,1,79,4,"10:31 PM","4:13","Iguodala 24' 3PT Pullup Jump Shot (11 PTS) (Green 6 AST)",null,null,"84 - 89","5"],["0041400405",458,5,1,4,"10:32 PM","3:53","Curry STEAL (2 STL)",null,"Shumpert Bad Pass Turnover (P1.T13)",null,null],["0041400405",459,2,1,4,"10:32 PM","3:46","MISS Thompson 24' 3PT Jump Shot",null,null,null,null],["0041400405",460,4,0,4,"10:32 PM","3:45","Barnes REBOUND (Off:4 Def:3)",null,null,null,null],["0041400405",461,1,5,4,"10:32 PM","3:45","Iguodala 2' Layup (13 PTS) (Barnes 2 AST)",null,null,"84 - 91","7"],["0041400405",462,6,2,4,"10:32 PM","3:45",null,null,"Thompson S.FOUL (P4.PN) (J.Capers)",null,null],["0041400405",463,3,10,4,"10:33 PM","3:45","MISS Iguodala Free Throw 1 of 1",null,null,null,null],["0041400405",464,4,0,4,"10:33 PM","3:44","Curry REBOUND (Off:3 Def:2)",null,null,null,null],["0041400405",465,2,1,4,"10:33 PM","3:31","MISS Iguodala 26' 3PT Jump Shot",null,null,null,null],["0041400405",466,4,0,4,"10:33 PM","3:30","Barnes REBOUND (Off:5 Def:3)",null,null,null,null],["0041400405",467,2,1,4,"10:33 PM","3:26","MISS Curry 26' 3PT Jump Shot",null,null,null,null],["0041400405",468,4,0,4,"10:33 PM","3:25",null,null,"James REBOUND (Off:1 Def:13)",null,null],["0041400405",469,6,2,4,"10:33 PM","3:22","Green S.FOUL (P4.PN) (J.Capers)",null,null,null,null],["0041400405",470,3,11,4,"10:33 PM","3:22",null,null,"MISS Thompson Free Throw 1 of 2",null,null],["0041400405",471,4,1,4,"10:33 PM","3:22",null,null,"Cavaliers Rebound",null,null],["0041400405",472,3,12,4,"10:33 PM","3:22",null,null,"Thompson Free Throw 2 of 2 (17 PTS)","85 - 91","6"],["0041400405",474,1,42,4,"10:34 PM","3:10","Curry 2' Driving Layup (27 PTS)",null,null,"85 - 93","8"],["0041400405",475,6,2,4,"10:34 PM","3:03","Iguodala S.FOUL (P2.PN) (J.Phillips)",null,null,null,null],["0041400405",476,3,11,4,"10:35 PM","3:03",null,null,"James Free Throw 1 of 2 (37 PTS)","86 - 93","7"],["0041400405",478,3,12,4,"10:35 PM","3:03",null,null,"MISS James Free Throw 2 of 2",null,null],["0041400405",480,4,0,4,"10:35 PM","2:59","Green REBOUND (Off:0 Def:8)",null,null,null,null],["0041400405",481,1,79,4,"10:35 PM","2:44","Curry 27' 3PT Pullup Jump Shot (30 PTS)",null,null,"86 - 96","10"],["0041400405",482,9,1,4,"10:35 PM","2:43",null,null,"Cavaliers Timeout: Regular (Reg.5 Short 1)",null,null],["0041400405",484,8,0,4,"10:39 PM","2:43",null,null,"SUB: Jones FOR Thompson",null,null],["0041400405",485,2,1,4,"10:39 PM","2:32",null,null,"MISS James 7' Jump Shot",null,null],["0041400405",486,4,0,4,"10:39 PM","2:31","Barnes REBOUND (Off:5 Def:4)",null,null,null,null],["0041400405",487,6,28,4,"10:39 PM","2:31",null,null,"Jones Personal Take Foul (P3.PN) (J.Capers)",null,null],["0041400405",488,3,11,4,"10:40 PM","2:31","MISS Iguodala Free Throw 1 of 2",null,null,null,null],["0041400405",489,4,1,4,"10:40 PM","2:31","WARRIORS Rebound",null,null,null,null],["0041400405",490,3,12,4,"10:40 PM","2:31","MISS Iguodala Free Throw 2 of 2",null,null,null,null],["0041400405",492,4,0,4,"10:40 PM","2:29",null,null,"Smith REBOUND (Off:1 Def:6)",null,null],["0041400405",493,1,63,4,"10:40 PM","2:20",null,null,"James 26' 3PT Fadeaway Jumper (40 PTS) (Smith 2 AST)","89 - 96","7"],["0041400405",494,6,1,4,"10:40 PM","2:16",null,null,"Jones P.FOUL (P4.PN) (J.Capers)",null,null],["0041400405",495,3,11,4,"10:41 PM","2:16","MISS Iguodala Free Throw 1 of 2",null,null,null,null],["0041400405",496,4,1,4,"10:41 PM","2:16","WARRIORS Rebound",null,null,null,null],["0041400405",497,3,12,4,"10:41 PM","2:16","MISS Iguodala Free Throw 2 of 2",null,null,null,null],["0041400405",499,4,0,4,"10:41 PM","2:14","Barnes REBOUND (Off:6 Def:4)",null,null,null,null],["0041400405",500,6,1,4,"10:41 PM","2:14",null,null,"Dellavedova P.FOUL (P4.PN) (J.Phillips)",null,null],["0041400405",501,3,11,4,"10:41 PM","2:14","MISS Iguodala Free Throw 1 of 2",null,null,null,null],["0041400405",502,4,1,4,"10:41 PM","2:14","WARRIORS Rebound",null,null,null,null],["0041400405",503,8,0,4,"10:42 PM","2:14",null,null,"SUB: Thompson FOR Jones",null,null],["0041400405",504,3,12,4,"10:42 PM","2:14","Iguodala Free Throw 2 of 2 (14 PTS)",null,null,"89 - 97","8"],["0041400405",506,2,1,4,"10:42 PM","2:05",null,null,"MISS James 3' Jump Shot",null,null],["0041400405",507,4,0,4,"10:42 PM","2:04","Green REBOUND (Off:0 Def:9)",null,null,null,null],["0041400405",508,9,1,4,"10:42 PM","2:02","WARRIORS Timeout: Regular (Full 5 Short 1)",null,null,null,null],["0041400405",510,8,0,4,"10:44 PM","2:02","SUB: Livingston FOR Iguodala",null,null,null,null],["0041400405",512,9,2,4,"10:45 PM","1:58","WARRIORS Timeout: Short (Full 5 Short 2)",null,null,null,null],["0041400405",513,8,0,4,"10:45 PM","1:58","SUB: Iguodala FOR Livingston",null,null,null,null],["0041400405",514,5,1,4,"10:46 PM","1:45","Green Bad Pass Turnover (P4.T16)",null,"James STEAL (1 STL)",null,null],["0041400405",515,2,1,4,"10:46 PM","1:39",null,null,"MISS Dellavedova 24' 3PT Jump Shot",null,null],["0041400405",516,4,0,4,"10:46 PM","1:38","Curry REBOUND (Off:3 Def:3)",null,null,null,null],["0041400405",517,1,63,4,"10:46 PM","1:22","Curry 29' 3PT Fadeaway Jumper (33 PTS)",null,null,"89 - 100","11"],["0041400405",518,2,1,4,"10:47 PM","1:13",null,null,"MISS Smith 26' 3PT Jump Shot",null,null],["0041400405",520,4,0,4,"10:47 PM","1:11",null,null,"Shumpert REBOUND (Off:3 Def:2)",null,null],["0041400405",519,2,4,4,"10:47 PM","1:11","Green BLOCK (1 BLK)",null,"MISS Shumpert 2' Tip Shot",null,null],["0041400405",521,4,0,4,"10:47 PM","1:09",null,null,"Thompson REBOUND (Off:4 Def:5)",null,null],["0041400405",522,2,1,4,"10:47 PM","1:08","Barnes BLOCK (1 BLK)",null,"MISS Thompson 4' Jump Shot",null,null],["0041400405",523,4,0,4,"10:47 PM","1:04",null,null,"Thompson REBOUND (Off:5 Def:5)",null,null],["0041400405",524,2,1,4,"10:47 PM","1:03",null,null,"MISS Smith 25' 3PT Jump Shot",null,null],["0041400405",525,4,0,4,"10:47 PM","0:59","Curry REBOUND (Off:3 Def:4)",null,null,null,null],["0041400405",526,6,1,4,"10:47 PM","0:59",null,null,"James P.FOUL (P5.PN) (M.McCutchen)",null,null],["0041400405",527,3,11,4,"10:47 PM","0:59","Curry Free Throw 1 of 2 (34 PTS)",null,null,"89 - 101","12"],["0041400405",529,8,0,4,"10:48 PM","0:59",null,null,"SUB: Miller FOR James",null,null],["0041400405",530,8,0,4,"10:48 PM","0:59","SUB: Livingston FOR Iguodala",null,null,null,null],["0041400405",531,3,12,4,"10:48 PM","0:59","Curry Free Throw 2 of 2 (35 PTS)",null,null,"89 - 102","13"],["0041400405",532,5,1,4,"10:48 PM","0:48","Barnes STEAL (2 STL)",null,"Miller Bad Pass Turnover (P1.T14)",null,null],["0041400405",533,6,1,4,"10:48 PM","0:36",null,null,"Shumpert P.FOUL (P4.PN) (J.Phillips)",null,null],["0041400405",534,3,11,4,"10:49 PM","0:36","Curry Free Throw 1 of 2 (36 PTS)",null,null,"89 - 103","14"],["0041400405",536,3,12,4,"10:49 PM","0:36","Curry Free Throw 2 of 2 (37 PTS)",null,null,"89 - 104","15"],["0041400405",538,1,8,4,"10:49 PM","0:26",null,null,"Thompson  Slam Dunk (19 PTS) (Dellavedova 2 AST)","91 - 104","13"],["0041400405",539,5,11,4,"10:50 PM","0:02","WARRIORS Turnover: Shot Clock (T#17)",null,null,null,null],["0041400405",540,13,0,4,"10:50 PM","0:00",null,null,null,"91 - 104","13"]]},{"name":"AvailableVideo","headers":["VIDEO_AVAILABLE_FLAG"],"rowSet":[[1]]}]}