{"resource":"playbyplay","parameters":{"GameID":"0041400225","StartPeriod":0,"EndPeriod":14},"resultSets":[{"name":"PlayByPlay","headers":["GAME_ID","EVENTNUM","EVENTMSGTYPE","EVENTMSGACTIONTYPE","PERIOD","WCTIMESTRING","PCTIMESTRING","HOMEDESCRIPTION","NEUTRALDESCRIPTION","VISITORDESCRIPTION","SCORE","SCOREMARGIN"],"rowSet":[["0041400225",0,12,0,1,"10:43 PM","12:00",null,null,null,null,null],["0041400225",1,10,0,1,"10:43 PM","12:00","Jump Ball Bogut vs. Gasol: Tip to Conley",null,null,null,null],["0041400225",2,1,47,1,"10:44 PM","11:37",null,null,"Randolph 15' Turnaround Jump Shot (2 PTS) (Lee 1 AST)","2 - 0","-2"],["0041400225",3,2,47,1,"10:44 PM","11:21","MISS Thompson 17' Turnaround Jump Shot",null,null,null,null],["0041400225",4,4,0,1,"10:44 PM","11:20",null,null,"Randolph REBOUND (Off:0 Def:1)",null,null],["0041400225",5,2,1,1,"10:44 PM","11:00",null,null,"MISS Gasol 12' Jump Shot",null,null],["0041400225",6,4,0,1,"10:44 PM","10:58","Bogut REBOUND (Off:0 Def:1)",null,null,null,null],["0041400225",7,2,79,1,"10:44 PM","10:53","MISS Thompson 17' Pullup Jump Shot",null,null,null,null],["0041400225",8,4,0,1,"10:44 PM","10:52",null,null,"Green REBOUND (Off:0 Def:1)",null,null],["0041400225",9,5,1,1,"10:45 PM","10:45","Green STEAL (1 STL)",null,"Green Bad Pass Turnover (P1.T1)",null,null],["0041400225",10,5,1,1,"10:45 PM","10:41","Barnes Bad Pass Turnover (P1.T1)",null,"Conley STEAL (1 STL)",null,null],["0041400225",11,2,1,1,"10:45 PM","10:25",null,null,"MISS Gasol 12' Jump Shot",null,null],["0041400225",12,4,0,1,"10:45 PM","10:24",null,null,"Randolph REBOUND (Off:1 Def:1)",null,null],["0041400225",13,1,65,1,"10:45 PM","10:23",null,null,"Randolph 3' Jump Hook Shot (4 PTS)","4 - 0","-4"],["0041400225",14,6,2,1,"10:45 PM","10:11",null,null,"Lee S.FOUL (P1.T1) (K.Mauer)",null,null],["0041400225",15,3,11,1,"10:46 PM","10:11","Barnes Free Throw 1 of 2 (1 PTS)",null,null,"4 - 1","-3"],["0041400225",17,3,12,1,"10:46 PM","10:11","Barnes Free Throw 2 of 2 (2 PTS)",null,null,"4 - 2","-2"],["0041400225",19,5,2,1,"10:46 PM","9:59","Curry STEAL (1 STL)",null,"Randolph Lost Ball Turnover (P1.T2)",null,null],["0041400225",20,5,1,1,"10:46 PM","9:53","Curry Bad Pass Turnover (P1.T2)",null,null,null,null],["0041400225",21,2,1,1,"10:47 PM","9:31",null,null,"MISS Gasol 7' Jump Shot",null,null],["0041400225",22,4,0,1,"10:47 PM","9:30",null,null,"Randolph REBOUND (Off:2 Def:1)",null,null],["0041400225",23,1,72,1,"10:47 PM","9:29",null,null,"Randolph 3' Putback Layup (6 PTS)","6 - 2","-4"],["0041400225",24,1,52,1,"10:47 PM","9:18","Bogut  Alley Oop Dunk (2 PTS) (Green 1 AST)",null,null,"6 - 4","-2"],["0041400225",25,1,65,1,"10:47 PM","8:57",null,null,"Green 13' Jump Hook Shot (2 PTS) (Gasol 1 AST)","8 - 4","-4"],["0041400225",26,2,79,1,"10:48 PM","8:44","MISS Green 25' 3PT Pullup Jump Shot",null,null,null,null],["0041400225",27,4,0,1,"10:48 PM","8:43",null,null,"Randolph REBOUND (Off:2 Def:2)",null,null],["0041400225",28,1,79,1,"10:48 PM","8:25",null,null,"Randolph 25' 3PT Pullup Jump Shot (9 PTS) (Gasol 2 AST)","11 - 4","-7"],["0041400225",29,9,1,1,"10:48 PM","8:22","WARRIORS Timeout: Regular (Full 1 Short 0)",null,null,null,null],["0041400225",31,2,78,1,"10:52 PM","8:10","MISS Thompson 7' Floating Jump Shot",null,null,null,null],["0041400225",32,4,0,1,"10:52 PM","8:08","Bogut REBOUND (Off:1 Def:1)",null,null,null,null],["0041400225",33,2,1,1,"10:52 PM","7:58","MISS Green 26' 3PT Jump Shot",null,null,null,null],["0041400225",34,4,0,1,"10:52 PM","7:57",null,null,"Gasol REBOUND (Off:0 Def:1)",null,null],["0041400225",35,1,46,1,"10:52 PM","7:45",null,null,"Gasol 5' Running Jump Shot (2 PTS) (Randolph 1 AST)","13 - 4","-9"],["0041400225",36,1,47,1,"10:52 PM","7:33","Curry 25' 3PT Turnaround Jump Shot (3 PTS)",null,null,"13 - 7","-6"],["0041400225",37,2,63,1,"10:53 PM","7:05",null,null,"MISS Randolph 17' Fadeaway Jumper",null,null],["0041400225",38,4,0,1,"10:53 PM","7:04","Bogut REBOUND (Off:1 Def:2)",null,null,null,null],["0041400225",39,5,2,1,"10:53 PM","6:58","Green Lost Ball Turnover (P1.T3)",null,"Conley STEAL (2 STL)",null,null],["0041400225",40,1,47,1,"10:53 PM","6:47",null,null,"Gasol 19' Turnaround Jump Shot (4 PTS) (Conley 1 AST)","15 - 7","-8"],["0041400225",41,2,79,1,"10:53 PM","6:32","MISS Thompson 18' Pullup Jump Shot",null,null,null,null],["0041400225",42,4,0,1,"10:53 PM","6:31",null,null,"Randolph REBOUND (Off:2 Def:3)",null,null],["0041400225",43,2,1,1,"10:54 PM","6:12","Barnes BLOCK (1 BLK)",null,"MISS Green 7' Jump Shot",null,null],["0041400225",44,4,0,1,"10:54 PM","6:11","Thompson REBOUND (Off:0 Def:1)",null,null,null,null],["0041400225",45,6,2,1,"10:54 PM","6:06",null,null,"Randolph S.FOUL (P1.T2) (B.Spooner)",null,null],["0041400225",46,3,11,1,"10:54 PM","6:06","MISS Barnes Free Throw 1 of 2",null,null,null,null],["0041400225",47,4,1,1,"10:54 PM","6:06","WARRIORS Rebound",null,null,null,null],["0041400225",49,5,15,1,"10:55 PM","6:06","Bogut Offensive Goaltending Turnover (P1.T4)",null,null,null,null],["0041400225",50,1,1,1,"10:55 PM","5:55",null,null,"Conley 20' Jump Shot (2 PTS)","17 - 7","-10"],["0041400225",51,6,1,1,"10:55 PM","5:49",null,null,"Gasol P.FOUL (P1.T3) (K.Mauer)",null,null],["0041400225",52,5,11,1,"10:56 PM","5:30","WARRIORS Turnover: Shot Clock (T#5)",null,null,null,null],["0041400225",53,7,1,1,"10:56 PM","5:30","WARRIORS Violation: Delay of game Violation",null,null,null,null],["0041400225",54,1,1,1,"10:56 PM","5:16",null,null,"Lee 14' Jump Shot (2 PTS) (Conley 2 AST)","19 - 7","-12"],["0041400225",55,1,79,1,"10:56 PM","5:08","Barnes  3PT Pullup Jump Shot (5 PTS) (Green 2 AST)",null,null,"19 - 10","-9"],["0041400225",56,6,2,1,"10:57 PM","4:50","Green S.FOUL (P1.T1) (K.Mauer)",null,null,null,null],["0041400225",57,3,11,1,"10:57 PM","4:50",null,null,"Conley Free Throw 1 of 2 (3 PTS)","20 - 10","-10"],["0041400225",59,8,0,1,"10:57 PM","4:50","SUB: Iguodala FOR Green",null,null,null,null],["0041400225",60,3,12,1,"10:58 PM","4:50",null,null,"Conley Free Throw 2 of 2 (4 PTS)","21 - 10","-11"],["0041400225",62,5,1,1,"10:58 PM","4:37","Thompson Bad Pass Turnover (P1.T6)",null,null,null,null],["0041400225",63,8,0,1,"10:58 PM","4:37",null,null,"SUB: Udrih FOR Conley",null,null],["0041400225",64,2,1,1,"10:59 PM","4:16",null,null,"MISS Green 18' Jump Shot",null,null],["0041400225",65,4,0,1,"10:59 PM","4:15","Curry REBOUND (Off:0 Def:1)",null,null,null,null],["0041400225",66,2,79,1,"10:59 PM","4:05","MISS Curry  3PT Pullup Jump Shot",null,null,null,null],["0041400225",67,4,0,1,"10:59 PM","4:04",null,null,"Randolph REBOUND (Off:2 Def:4)",null,null],["0041400225",68,5,1,1,"10:59 PM","3:55",null,null,"Randolph Bad Pass Turnover (P2.T3)",null,null],["0041400225",69,8,0,1,"10:59 PM","3:55","SUB: Livingston FOR Thompson",null,null,null,null],["0041400225",70,8,0,1,"10:59 PM","3:55",null,null,"SUB: Carter FOR Green",null,null],["0041400225",71,2,79,1,"10:59 PM","3:37","MISS Iguodala 13' Pullup Jump Shot",null,null,null,null],["0041400225",72,4,0,1,"11:00 PM","3:35",null,null,"Carter REBOUND (Off:0 Def:1)",null,null],["0041400225",73,1,1,1,"11:00 PM","3:26",null,null,"Gasol 14' Jump Shot (6 PTS) (Lee 2 AST)","23 - 10","-13"],["0041400225",74,1,79,1,"11:00 PM","3:10","Barnes 18' Pullup Jump Shot (7 PTS) (Iguodala 1 AST)",null,null,"23 - 12","-11"],["0041400225",75,5,1,1,"11:00 PM","2:55","Curry STEAL (2 STL)",null,"Lee Bad Pass Turnover (P1.T4)",null,null],["0041400225",76,1,80,1,"11:00 PM","2:48","Curry 24' 3PT Step Back Jump Shot (6 PTS) (Livingston 1 AST)",null,null,"23 - 15","-8"],["0041400225",77,9,1,1,"11:00 PM","2:42",null,null,"Grizzlies Timeout: Regular (Reg.1 Short 0)",null,null],["0041400225",81,18,1,1,"11:02 PM","2:42",null,null,null,null,null],["0041400225",83,8,0,1,"11:04 PM","2:42","SUB: Green FOR Bogut",null,null,null,null],["0041400225",84,8,0,1,"11:04 PM","2:42",null,null,"SUB: Koufos FOR Gasol",null,null],["0041400225",85,1,84,1,"11:05 PM","2:25",null,null,"Randolph 11' Running Bank Shot (11 PTS)","25 - 15","-10"],["0041400225",86,5,21,1,"11:05 PM","2:15","Curry Palming Turnover (P2.T7)",null,null,null,null],["0041400225",87,5,1,1,"11:05 PM","1:57",null,null,"Randolph Bad Pass Turnover (P3.T5)",null,null],["0041400225",88,8,0,1,"11:05 PM","1:57","SUB: Lee FOR Barnes",null,null,null,null],["0041400225",89,1,79,1,"11:06 PM","1:34","Iguodala 16' Pullup Jump Shot (2 PTS) (Livingston 2 AST)",null,null,"25 - 17","-8"],["0041400225",90,2,79,1,"11:06 PM","1:19",null,null,"MISS Udrih 21' Pullup Jump Shot",null,null],["0041400225",91,4,0,1,"11:06 PM","1:18","Lee REBOUND (Off:0 Def:1)",null,null,null,null],["0041400225",92,1,79,1,"11:06 PM","1:11","Curry 25' 3PT Pullup Jump Shot (9 PTS)",null,null,"25 - 20","-5"],["0041400225",93,5,2,1,"11:07 PM","0:53","Curry STEAL (3 STL)",null,"Lee Lost Ball Turnover (P2.T6)",null,null],["0041400225",94,2,1,1,"11:07 PM","0:46","MISS Curry 26' 3PT Jump Shot",null,null,null,null],["0041400225",96,4,0,1,"11:07 PM","0:45","Iguodala REBOUND (Off:1 Def:0)",null,null,null,null],["0041400225",95,2,5,1,"11:07 PM","0:45","MISS Iguodala 1' Layup",null,null,null,null],["0041400225",97,4,0,1,"11:07 PM","0:45","Green REBOUND (Off:1 Def:0)",null,null,null,null],["0041400225",98,1,4,1,"11:07 PM","0:45","Green 2' Tip Shot (2 PTS)",null,null,"25 - 22","-3"],["0041400225",99,6,2,1,"11:07 PM","0:45",null,null,"Carter S.FOUL (P1.T4) (K.Mauer)",null,null],["0041400225",100,3,10,1,"11:07 PM","0:45","Green Free Throw 1 of 1 (3 PTS)",null,null,"25 - 23","-2"],["0041400225",102,2,1,1,"11:07 PM","0:31",null,null,"MISS Carter 25' 3PT Jump Shot",null,null],["0041400225",103,4,0,1,"11:07 PM","0:30",null,null,"Randolph REBOUND (Off:3 Def:4)",null,null],["0041400225",104,2,78,1,"11:08 PM","0:22",null,null,"MISS Randolph 11' Floating Jump Shot",null,null],["0041400225",105,4,0,1,"11:08 PM","0:21","Curry REBOUND (Off:0 Def:2)",null,null,null,null],["0041400225",106,1,80,1,"11:08 PM","0:02","Curry 25' 3PT Step Back Jump Shot (12 PTS)",null,null,"25 - 26","1"],["0041400225",107,13,0,1,"11:08 PM","0:00",null,null,null,"25 - 26","1"],["0041400225",109,12,0,2,"11:12 PM","12:00",null,null,null,"25 - 26","1"],["0041400225",110,2,79,2,"11:12 PM","11:45","MISS Green 24' 3PT Pullup Jump Shot",null,null,null,null],["0041400225",111,4,0,2,"11:12 PM","11:44",null,null,"Carter REBOUND (Off:0 Def:2)",null,null],["0041400225",112,2,79,2,"11:12 PM","11:25",null,null,"MISS Carter 26' 3PT Pullup Jump Shot",null,null],["0041400225",113,4,0,2,"11:12 PM","11:24","Lee REBOUND (Off:0 Def:2)",null,null,null,null],["0041400225",114,2,47,2,"11:12 PM","11:12","MISS Lee 7' Turnaround Jump Shot",null,null,null,null],["0041400225",115,4,0,2,"11:12 PM","11:12",null,null,"Koufos REBOUND (Off:0 Def:1)",null,null],["0041400225",116,2,79,2,"11:13 PM","11:05",null,null,"MISS Carter 26' 3PT Pullup Jump Shot",null,null],["0041400225",117,4,0,2,"11:13 PM","11:04","Lee REBOUND (Off:0 Def:3)",null,null,null,null],["0041400225",118,1,79,2,"11:13 PM","10:56","Thompson 17' Pullup Jump Shot (2 PTS)",null,null,"25 - 28","3"],["0041400225",119,2,1,2,"11:13 PM","10:42",null,null,"MISS Koufos 4' Jump Shot",null,null],["0041400225",120,4,0,2,"11:13 PM","10:41",null,null,"Randolph REBOUND (Off:4 Def:4)",null,null],["0041400225",121,2,1,2,"11:13 PM","10:40",null,null,"MISS Randolph 7' Jump Shot",null,null],["0041400225",123,4,0,2,"11:13 PM","10:39",null,null,"Carter REBOUND (Off:1 Def:2)",null,null],["0041400225",122,1,72,2,"11:13 PM","10:39",null,null,"Carter 3' Putback Layup (2 PTS)","27 - 28","1"],["0041400225",124,6,2,2,"11:13 PM","10:39","Green S.FOUL (P2.T1) (E.Malloy)",null,null,null,null],["0041400225",125,8,0,2,"11:13 PM","10:39",null,null,"SUB: Gasol FOR Randolph",null,null],["0041400225",127,8,0,2,"11:14 PM","10:39","SUB: Barnes FOR Green",null,null,null,null],["0041400225",128,3,10,2,"11:14 PM","10:39",null,null,"Carter Free Throw 1 of 1 (3 PTS)","28 - 28","TIE"],["0041400225",130,1,79,2,"11:14 PM","10:21","Iguodala 26' 3PT Pullup Jump Shot (5 PTS) (Thompson 1 AST)",null,null,"28 - 31","3"],["0041400225",131,1,79,2,"11:15 PM","9:53",null,null,"Green 18' Pullup Jump Shot (4 PTS) (Carter 1 AST)","30 - 31","1"],["0041400225",133,8,0,2,"11:15 PM","9:44",null,null,"SUB: Conley FOR Udrih",null,null],["0041400225",134,1,8,2,"11:15 PM","9:43","Livingston  Slam Dunk (2 PTS) (Iguodala 2 AST)",null,null,"30 - 33","3"],["0041400225",135,6,1,2,"11:16 PM","9:29","Iguodala P.FOUL (P1.T2) (K.Mauer)",null,null,null,null],["0041400225",137,6,11,2,"11:16 PM","9:29","Iguodala T.FOUL (P1.T2) (B.Spooner)",null,null,null,null],["0041400225",138,3,16,2,"11:16 PM","9:29",null,null,"Conley Free Throw Technical (5 PTS)","31 - 33","2"],["0041400225",140,2,1,2,"11:16 PM","9:21",null,null,"MISS Conley 13' Jump Shot",null,null],["0041400225",141,4,0,2,"11:17 PM","9:21","WARRIORS Rebound",null,null,null,null],["0041400225",142,8,0,2,"11:17 PM","9:21",null,null,"SUB: Calathes FOR Koufos",null,null],["0041400225",143,6,1,2,"11:17 PM","9:05",null,null,"Calathes P.FOUL (P1.T1) (B.Spooner)",null,null],["0041400225",144,6,17,2,"11:18 PM","8:58",null,null,"Grizzlies T.Foul (Def. 3 Sec Green ) (B.Spooner)",null,null],["0041400225",202,9,4,2,"11:18 PM","8:58",null,null,null,null,null],["0041400225",146,3,16,2,"11:21 PM","8:58","Thompson Free Throw Technical (3 PTS)",null,null,"31 - 34","3"],["0041400225",148,2,46,2,"11:22 PM","8:46","MISS Thompson 10' Running Jump Shot",null,null,null,null],["0041400225",149,4,0,2,"11:22 PM","8:45",null,null,"Gasol REBOUND (Off:0 Def:2)",null,null],["0041400225",150,2,80,2,"11:22 PM","8:21",null,null,"MISS Gasol 15' Step Back Jump Shot",null,null],["0041400225",151,4,0,2,"11:22 PM","8:20","Iguodala REBOUND (Off:1 Def:1)",null,null,null,null],["0041400225",152,6,1,2,"11:22 PM","8:11",null,null,"Conley P.FOUL (P1.T2) (K.Mauer)",null,null],["0041400225",153,2,1,2,"11:23 PM","8:02","MISS Livingston 12' Jump Shot",null,null,null,null],["0041400225",155,4,0,2,"11:23 PM","8:00","Lee REBOUND (Off:1 Def:3)",null,null,null,null],["0041400225",154,2,4,2,"11:23 PM","8:00","MISS Lee 2' Tip Shot",null,null,null,null],["0041400225",156,4,0,2,"11:23 PM","7:58",null,null,"Gasol REBOUND (Off:0 Def:3)",null,null],["0041400225",157,2,1,2,"11:23 PM","7:50",null,null,"MISS Green  3PT Jump Shot",null,null],["0041400225",158,4,0,2,"11:23 PM","7:49",null,null,"Carter REBOUND (Off:2 Def:2)",null,null],["0041400225",159,1,72,2,"11:23 PM","7:48",null,null,"Carter 2' Putback Layup (5 PTS)","33 - 34","1"],["0041400225",160,1,42,2,"11:23 PM","7:40","Livingston 2' Driving Layup (4 PTS)",null,null,"33 - 36","3"],["0041400225",161,1,65,2,"11:24 PM","7:16",null,null,"Green 10' Jump Hook Shot (6 PTS) (Gasol 3 AST)","35 - 36","1"],["0041400225",162,7,5,2,"11:24 PM","6:58",null,null,"Conley Violation:Kicked Ball (E.Malloy)",null,null],["0041400225",163,8,0,2,"11:24 PM","6:58","SUB: Curry FOR Iguodala",null,null,null,null],["0041400225",164,1,42,2,"11:24 PM","6:53","Lee 2' Driving Layup (2 PTS) (Thompson 2 AST)",null,null,"35 - 38","3"],["0041400225",165,2,46,2,"11:25 PM","6:31",null,null,"MISS Calathes 8' Running Jump Shot",null,null],["0041400225",166,4,0,2,"11:25 PM","6:31","WARRIORS Rebound",null,null,null,null],["0041400225",167,2,1,2,"11:25 PM","6:23","MISS Lee 19' Jump Shot",null,null,null,null],["0041400225",168,4,0,2,"11:25 PM","6:22",null,null,"Calathes REBOUND (Off:0 Def:1)",null,null],["0041400225",169,6,1,2,"11:25 PM","6:19","Lee P.FOUL (P1.T3) (E.Malloy)",null,null,null,null],["0041400225",170,8,0,2,"11:25 PM","6:19","SUB: Bogut FOR Lee",null,null,null,null],["0041400225",171,2,1,2,"11:26 PM","6:01",null,null,"MISS Gasol 9' Jump Shot",null,null],["0041400225",173,4,0,2,"11:26 PM","6:00",null,null,"Carter REBOUND (Off:3 Def:2)",null,null],["0041400225",172,2,72,2,"11:26 PM","6:00",null,null,"MISS Carter 2' Putback Layup",null,null],["0041400225",174,4,0,2,"11:26 PM","5:58","Bogut REBOUND (Off:1 Def:3)",null,null,null,null],["0041400225",175,1,79,2,"11:26 PM","5:50","Barnes 24' 3PT Pullup Jump Shot (10 PTS) (Curry 1 AST)",null,null,"35 - 41","6"],["0041400225",176,9,1,2,"11:26 PM","5:42",null,null,"Grizzlies Timeout: Regular (Reg.2 Short 0)",null,null],["0041400225",178,8,0,2,"11:30 PM","5:42",null,null,"SUB: Lee FOR Carter",null,null],["0041400225",179,1,46,2,"11:30 PM","5:34",null,null,"Conley 12' Running Jump Shot (7 PTS) (Gasol 4 AST)","37 - 41","4"],["0041400225",180,2,1,2,"11:30 PM","5:16","MISS Curry 11' Jump Shot",null,null,null,null],["0041400225",182,4,0,2,"11:30 PM","5:14","Bogut REBOUND (Off:2 Def:3)",null,null,null,null],["0041400225",181,2,4,2,"11:30 PM","5:14","MISS Bogut 2' Tip Shot",null,null,null,null],["0041400225",183,4,0,2,"11:30 PM","5:13",null,null,"Gasol REBOUND (Off:0 Def:4)",null,null],["0041400225",184,2,65,2,"11:31 PM","4:59","Bogut BLOCK (1 BLK)",null,"MISS Gasol 4' Jump Hook Shot",null,null],["0041400225",185,4,0,2,"11:31 PM","4:58",null,null,"Gasol REBOUND (Off:1 Def:4)",null,null],["0041400225",186,2,5,2,"11:31 PM","4:58","Bogut BLOCK (2 BLK)",null,"MISS Gasol 3' Layup",null,null],["0041400225",187,4,0,2,"11:31 PM","4:58",null,null,"Grizzlies Rebound",null,null],["0041400225",188,8,0,2,"11:31 PM","4:58",null,null,"SUB: Randolph FOR Calathes",null,null],["0041400225",189,8,0,2,"11:31 PM","4:58","SUB: Green FOR Livingston",null,null,null,null],["0041400225",190,5,4,2,"11:31 PM","4:54",null,null,"Lee Traveling Turnover (P3.T7)",null,null],["0041400225",191,5,1,2,"11:32 PM","4:37","Barnes Bad Pass Turnover (P2.T8)",null,null,null,null],["0041400225",192,5,8,2,"11:32 PM","4:25",null,null,"Gasol 3 Second Violation Turnover (P1.T8)",null,null],["0041400225",193,1,52,2,"11:33 PM","4:16","Bogut  Alley Oop Dunk (4 PTS) (Green 3 AST)",null,null,"37 - 43","6"],["0041400225",194,6,1,2,"11:33 PM","3:59","Bogut P.FOUL (P1.T4) (B.Spooner)",null,null,null,null],["0041400225",195,2,1,2,"11:34 PM","3:48","Bogut BLOCK (3 BLK)",null,"MISS Green 4' Jump Shot",null,null],["0041400225",196,4,0,2,"11:34 PM","3:48","WARRIORS Rebound",null,null,null,null],["0041400225",197,1,79,2,"11:34 PM","3:40","Thompson  3PT Pullup Jump Shot (6 PTS) (Curry 2 AST)",null,null,"37 - 46","9"],["0041400225",198,9,1,2,"11:34 PM","3:32",null,null,"Grizzlies Timeout: Regular (Reg.3 Short 0)",null,null],["0041400225",200,8,0,2,"11:37 PM","3:32",null,null,"SUB: Carter FOR Green",null,null],["0041400225",203,2,1,2,"11:38 PM","3:12",null,null,"MISS Gasol 13' Jump Shot",null,null],["0041400225",204,4,0,2,"11:38 PM","3:11",null,null,"Randolph REBOUND (Off:5 Def:4)",null,null],["0041400225",205,2,5,2,"11:38 PM","3:09",null,null,"MISS Randolph 3' Layup",null,null],["0041400225",206,4,0,2,"11:38 PM","3:08","Green REBOUND (Off:1 Def:1)",null,null,null,null],["0041400225",207,2,88,2,"11:38 PM","2:54","MISS Barnes  Driving Slam Dunk",null,null,null,null],["0041400225",208,4,0,2,"11:38 PM","2:53",null,null,"Gasol REBOUND (Off:1 Def:5)",null,null],["0041400225",209,2,1,2,"11:38 PM","2:45","Bogut BLOCK (4 BLK)",null,"MISS Carter 4' Jump Shot",null,null],["0041400225",210,4,0,2,"11:38 PM","2:42",null,null,"Gasol REBOUND (Off:2 Def:5)",null,null],["0041400225",211,5,1,2,"11:38 PM","2:40","Curry STEAL (4 STL)",null,"Gasol Bad Pass Turnover (P2.T9)",null,null],["0041400225",212,2,1,2,"11:38 PM","2:36","MISS Curry 25' 3PT Jump Shot",null,null,null,null],["0041400225",213,4,0,2,"11:38 PM","2:35","Barnes REBOUND (Off:1 Def:0)",null,null,null,null],["0041400225",214,5,1,2,"11:39 PM","2:27","Barnes Bad Pass Turnover (P3.T9)",null,"Carter STEAL (1 STL)",null,null],["0041400225",215,2,1,2,"11:39 PM","2:25",null,null,"MISS Carter  3PT Jump Shot",null,null],["0041400225",216,4,0,2,"11:39 PM","2:22","Green REBOUND (Off:1 Def:2)",null,null,null,null],["0041400225",217,1,80,2,"11:39 PM","2:01","Curry  3PT Step Back Jump Shot (15 PTS) (Thompson 3 AST)",null,null,"37 - 49","12"],["0041400225",218,1,44,2,"11:39 PM","1:48",null,null,"Conley 2' Reverse Layup (9 PTS)","39 - 49","10"],["0041400225",219,6,1,2,"11:39 PM","1:43",null,null,"Lee P.FOUL (P2.T3) (E.Malloy)",null,null],["0041400225",220,9,1,2,"11:40 PM","1:43","WARRIORS Timeout: Regular (Full 2 Short 0)",null,null,null,null],["0041400225",221,5,40,2,"11:42 PM","1:30","Barnes Out of Bounds Lost Ball Turnover (P4.T10)",null,null,null,null],["0041400225",222,2,1,2,"11:42 PM","1:08",null,null,"MISS Conley 25' 3PT Jump Shot",null,null],["0041400225",223,4,0,2,"11:42 PM","1:07","Bogut REBOUND (Off:2 Def:4)",null,null,null,null],["0041400225",224,2,79,2,"11:43 PM","0:49","MISS Thompson  3PT Pullup Jump Shot",null,null,null,null],["0041400225",225,4,0,2,"11:43 PM","0:48","Green REBOUND (Off:2 Def:2)",null,null,null,null],["0041400225",226,2,79,2,"11:43 PM","0:34","MISS Barnes 25' 3PT Pullup Jump Shot",null,null,null,null],["0041400225",227,4,0,2,"11:43 PM","0:33",null,null,"Gasol REBOUND (Off:2 Def:6)",null,null],["0041400225",228,1,79,2,"11:43 PM","0:23",null,null,"Lee 13' Pullup Jump Shot (4 PTS)","41 - 49","8"],["0041400225",229,5,2,2,"11:44 PM","0:02","Curry Lost Ball Turnover (P3.T11)",null,"Randolph STEAL (1 STL)",null,null],["0041400225",230,13,0,2,"11:44 PM","0:00",null,null,null,"41 - 49","8"],["0041400225",232,12,0,3,"12:02 AM","12:00",null,null,null,"41 - 49","8"],["0041400225",233,1,79,3,"12:02 AM","11:43","Thompson 18' Pullup Jump Shot (8 PTS)",null,null,"41 - 51","10"],["0041400225",234,2,63,3,"12:03 AM","11:20",null,null,"MISS Green 14' Fadeaway Jumper",null,null],["0041400225",235,4,0,3,"12:03 AM","11:19","Bogut REBOUND (Off:2 Def:5)",null,null,null,null],["0041400225",236,2,79,3,"12:03 AM","11:11","MISS Green 27' 3PT Pullup Jump Shot",null,null,null,null],["0041400225",237,4,0,3,"12:03 AM","11:10",null,null,"Gasol REBOUND (Off:2 Def:7)",null,null],["0041400225",238,2,79,3,"12:03 AM","10:55",null,null,"MISS Conley 20' Pullup Jump Shot",null,null],["0041400225",239,4,0,3,"12:03 AM","10:54","Curry REBOUND (Off:0 Def:3)",null,null,null,null],["0041400225",240,2,86,3,"12:03 AM","10:40","MISS Thompson 10' Turnaround Fadeaway Shot",null,null,null,null],["0041400225",241,4,0,3,"12:03 AM","10:39",null,null,"Gasol REBOUND (Off:2 Def:8)",null,null],["0041400225",242,1,78,3,"12:03 AM","10:28",null,null,"Randolph 8' Floating Jump Shot (13 PTS) (Conley 3 AST)","43 - 51","8"],["0041400225",243,6,1,3,"12:04 AM","10:20",null,null,"Randolph P.FOUL (P2.T1) (K.Mauer)",null,null],["0041400225",245,2,52,3,"12:04 AM","10:16","MISS Bogut  Alley Oop Dunk",null,null,null,null],["0041400225",246,4,0,3,"12:04 AM","10:13","Bogut REBOUND (Off:3 Def:5)",null,null,null,null],["0041400225",247,2,1,3,"12:04 AM","10:04","MISS Bogut 9' Jump Shot",null,null,null,null],["0041400225",248,4,0,3,"12:04 AM","10:03","Curry REBOUND (Off:1 Def:3)",null,null,null,null],["0041400225",249,2,1,3,"12:04 AM","9:57","MISS Curry 3' Jump Shot",null,null,null,null],["0041400225",250,4,0,3,"12:04 AM","9:54","Curry REBOUND (Off:2 Def:3)",null,null,null,null],["0041400225",251,2,80,3,"12:04 AM","9:49","MISS Curry 24' 3PT Step Back Jump Shot",null,null,null,null],["0041400225",252,4,0,3,"12:04 AM","9:47",null,null,"Lee REBOUND (Off:0 Def:1)",null,null],["0041400225",253,1,1,3,"12:05 AM","9:33",null,null,"Green 10' Jump Shot (8 PTS) (Lee 3 AST)","45 - 51","6"],["0041400225",254,1,42,3,"12:05 AM","9:22","Green 2' Driving Layup (5 PTS) (Barnes 1 AST)",null,null,"45 - 53","8"],["0041400225",255,2,1,3,"12:05 AM","8:57",null,null,"MISS Gasol 18' Jump Shot",null,null],["0041400225",256,4,0,3,"12:05 AM","8:56","Curry REBOUND (Off:2 Def:4)",null,null,null,null],["0041400225",257,1,42,3,"12:05 AM","8:51","Green 1' Driving Layup (7 PTS) (Curry 3 AST)",null,null,"45 - 55","10"],["0041400225",258,9,1,3,"12:06 AM","8:50",null,null,"Grizzlies Timeout: Regular (Reg.4 Short 0)",null,null],["0041400225",259,6,2,3,"12:09 AM","8:30","Green S.FOUL (P3.T1) (K.Mauer)",null,null,null,null],["0041400225",260,3,11,3,"12:10 AM","8:30",null,null,"Gasol Free Throw 1 of 2 (7 PTS)","46 - 55","9"],["0041400225",262,3,12,3,"12:10 AM","8:30",null,null,"Gasol Free Throw 2 of 2 (8 PTS)","47 - 55","8"],["0041400225",264,2,86,3,"12:10 AM","8:15","MISS Barnes 9' Turnaround Fadeaway Shot",null,null,null,null],["0041400225",265,4,0,3,"12:10 AM","8:14",null,null,"Lee REBOUND (Off:0 Def:2)",null,null],["0041400225",266,2,86,3,"12:10 AM","8:02",null,null,"MISS Gasol 8' Turnaround Fadeaway Shot",null,null],["0041400225",267,4,0,3,"12:10 AM","8:01","Barnes REBOUND (Off:1 Def:1)",null,null,null,null],["0041400225",268,1,79,3,"12:11 AM","7:48","Barnes 25' 3PT Pullup Jump Shot (13 PTS) (Green 4 AST)",null,null,"47 - 58","11"],["0041400225",269,1,80,3,"12:11 AM","7:27",null,null,"Gasol 19' Step Back Jump Shot (10 PTS) (Green 1 AST)","49 - 58","9"],["0041400225",270,6,1,3,"12:11 AM","7:18",null,null,"Green P.FOUL (P1.T2) (K.Mauer)",null,null],["0041400225",271,2,1,3,"12:11 AM","7:11","MISS Bogut 9' Jump Shot",null,"Gasol BLOCK (1 BLK)",null,null],["0041400225",272,4,0,3,"12:12 AM","7:10",null,null,"Lee REBOUND (Off:0 Def:3)",null,null],["0041400225",273,5,1,3,"12:12 AM","7:02","Curry STEAL (5 STL)",null,"Conley Bad Pass Turnover (P1.T10)",null,null],["0041400225",274,6,1,3,"12:12 AM","7:00",null,null,"Conley P.FOUL (P2.T3) (B.Spooner)",null,null],["0041400225",275,1,52,3,"12:12 AM","6:55","Bogut  Alley Oop Dunk (6 PTS) (Thompson 4 AST)",null,null,"49 - 60","11"],["0041400225",276,1,58,3,"12:13 AM","6:28",null,null,"Gasol 9' Turnaround Hook Shot (12 PTS)","51 - 60","9"],["0041400225",277,2,79,3,"12:13 AM","6:08","MISS Barnes 24' 3PT Pullup Jump Shot",null,null,null,null],["0041400225",278,4,0,3,"12:13 AM","6:06",null,null,"Green REBOUND (Off:0 Def:2)",null,null],["0041400225",279,6,1,3,"12:13 AM","5:59","Bogut P.FOUL (P2.T2) (E.Malloy)",null,null,null,null],["0041400225",280,8,0,3,"12:13 AM","5:59","SUB: Iguodala FOR Green",null,null,null,null],["0041400225",281,8,0,3,"12:13 AM","5:59",null,null,"SUB: Calathes FOR Green",null,null],["0041400225",282,5,40,3,"12:14 AM","5:53",null,null,"Conley Out of Bounds Lost Ball Turnover (P2.T11)",null,null],["0041400225",283,1,79,3,"12:14 AM","5:32","Curry 25' 3PT Pullup Jump Shot (18 PTS) (Thompson 5 AST)",null,null,"51 - 63","12"],["0041400225",285,2,1,3,"12:15 AM","5:09",null,null,"MISS Gasol 17' Jump Shot",null,null],["0041400225",286,4,0,3,"12:15 AM","5:08","Bogut REBOUND (Off:3 Def:6)",null,null,null,null],["0041400225",287,5,1,3,"12:15 AM","5:03","Curry Bad Pass Turnover (P4.T12)",null,"Conley STEAL (3 STL)",null,null],["0041400225",288,1,88,3,"12:15 AM","4:56",null,null,"Gasol  Driving Slam Dunk (14 PTS) (Conley 4 AST)","53 - 63","10"],["0041400225",289,6,2,3,"12:15 AM","4:39",null,null,"Gasol S.FOUL (P2.T4) (E.Malloy)",null,null],["0041400225",290,3,11,3,"12:16 AM","4:39","Barnes Free Throw 1 of 2 (14 PTS)",null,null,"53 - 64","11"],["0041400225",292,3,12,3,"12:16 AM","4:39","MISS Barnes Free Throw 2 of 2",null,null,null,null],["0041400225",294,4,0,3,"12:16 AM","4:38","Barnes REBOUND (Off:2 Def:1)",null,null,null,null],["0041400225",295,5,2,3,"12:16 AM","4:37","Barnes Lost Ball Turnover (P5.T13)",null,"Calathes STEAL (1 STL)",null,null],["0041400225",359,5,1,3,"12:16 AM","4:31","Curry STEAL (6 STL)",null,"Calathes Bad Pass Turnover (P1.T12)",null,null],["0041400225",296,1,88,3,"12:16 AM","4:26","Iguodala  Driving Slam Dunk (7 PTS) (Curry 4 AST)",null,null,"53 - 66","13"],["0041400225",297,2,56,3,"12:16 AM","4:09",null,null,"MISS Conley 4' Running Hook Shot",null,null],["0041400225",298,4,0,3,"12:16 AM","4:08","Thompson REBOUND (Off:0 Def:2)",null,null,null,null],["0041400225",299,6,1,3,"12:17 AM","4:02",null,null,"Conley P.FOUL (P3.PN) (K.Mauer)",null,null],["0041400225",300,3,11,3,"12:17 AM","4:02","Thompson Free Throw 1 of 2 (9 PTS)",null,null,"53 - 67","14"],["0041400225",302,8,0,3,"12:17 AM","4:02","SUB: Ezeli FOR Bogut",null,null,null,null],["0041400225",303,3,12,3,"12:17 AM","4:02","Thompson Free Throw 2 of 2 (10 PTS)",null,null,"53 - 68","15"],["0041400225",305,1,79,3,"12:18 AM","3:52",null,null,"Conley 14' Pullup Jump Shot (11 PTS) (Gasol 5 AST)","55 - 68","13"],["0041400225",306,2,79,3,"12:18 AM","3:39","MISS Thompson 18' Pullup Jump Shot",null,null,null,null],["0041400225",307,4,0,3,"12:18 AM","3:38",null,null,"Gasol REBOUND (Off:2 Def:9)",null,null],["0041400225",308,2,78,3,"12:18 AM","3:32",null,null,"MISS Gasol 7' Floating Jump Shot",null,null],["0041400225",309,4,0,3,"12:18 AM","3:31","Ezeli REBOUND (Off:0 Def:1)",null,null,null,null],["0041400225",310,1,88,3,"12:18 AM","3:27","Iguodala  Driving Slam Dunk (9 PTS) (Curry 5 AST)",null,null,"55 - 70","15"],["0041400225",311,2,80,3,"12:19 AM","3:00",null,null,"MISS Gasol 21' Step Back Jump Shot",null,null],["0041400225",312,4,0,3,"12:19 AM","2:59","Thompson REBOUND (Off:0 Def:3)",null,null,null,null],["0041400225",313,1,63,3,"12:19 AM","2:44","Thompson 14' Fadeaway Jumper (12 PTS)",null,null,"55 - 72","17"],["0041400225",314,9,2,3,"12:19 AM","2:43",null,null,"Grizzlies Timeout: Short (Reg.4 Short 1)",null,null],["0041400225",315,9,1,3,"12:20 AM","2:43","WARRIORS Timeout: Regular (Full 3 Short 0)",null,null,null,null],["0041400225",317,8,0,3,"12:22 AM","2:43",null,null,"SUB: Green FOR Gasol",null,null],["0041400225",318,8,0,3,"12:22 AM","2:43",null,null,"SUB: Koufos FOR Lee",null,null],["0041400225",319,8,0,3,"12:22 AM","2:43","SUB: Livingston FOR Thompson",null,null,null,null],["0041400225",320,6,1,3,"12:23 AM","2:26","Ezeli P.FOUL (P1.T3) (K.Mauer)",null,null,null,null],["0041400225",321,2,1,3,"12:23 AM","2:15",null,null,"MISS Randolph 8' Jump Shot",null,null],["0041400225",322,4,0,3,"12:23 AM","2:14","Livingston REBOUND (Off:0 Def:1)",null,null,null,null],["0041400225",323,2,1,3,"12:23 AM","2:07","MISS Curry 25' 3PT Jump Shot",null,null,null,null],["0041400225",324,4,0,3,"12:23 AM","2:05",null,null,"Green REBOUND (Off:0 Def:3)",null,null],["0041400225",325,2,75,3,"12:24 AM","2:00",null,null,"MISS Green 2' Driving Finger Roll Layup",null,null],["0041400225",326,4,0,3,"12:24 AM","2:00",null,null,"Grizzlies Rebound",null,null],["0041400225",327,1,80,3,"12:24 AM","1:49",null,null,"Conley 17' Step Back Jump Shot (13 PTS)","57 - 72","15"],["0041400225",328,7,5,3,"12:24 AM","1:28",null,null,"Conley Violation:Kicked Ball (E.Malloy)",null,null],["0041400225",329,2,79,3,"12:25 AM","1:16","MISS Curry  3PT Pullup Jump Shot",null,null,null,null],["0041400225",330,4,0,3,"12:25 AM","1:14","Livingston REBOUND (Off:1 Def:1)",null,null,null,null],["0041400225",331,2,79,3,"12:25 AM","0:51","MISS Curry 25' 3PT Pullup Jump Shot",null,null,null,null],["0041400225",332,4,0,3,"12:25 AM","0:48",null,null,"Calathes REBOUND (Off:0 Def:2)",null,null],["0041400225",333,2,1,3,"12:26 AM","0:39",null,null,"MISS Green 26' 3PT Jump Shot",null,null],["0041400225",334,4,0,3,"12:26 AM","0:38","Curry REBOUND (Off:2 Def:5)",null,null,null,null],["0041400225",335,2,1,3,"12:26 AM","0:31","MISS Curry 8' Jump Shot",null,null,null,null],["0041400225",337,4,0,3,"12:26 AM","0:31","Iguodala REBOUND (Off:2 Def:1)",null,null,null,null],["0041400225",336,1,92,3,"12:26 AM","0:31","Iguodala  Putback Slam Dunk (11 PTS)",null,null,"57 - 74","17"],["0041400225",338,2,1,3,"12:27 AM","0:05",null,null,"MISS Conley 26' 3PT Jump Shot",null,null],["0041400225",339,4,0,3,"12:27 AM","0:04","Livingston REBOUND (Off:1 Def:2)",null,null,null,null],["0041400225",340,5,2,3,"12:27 AM","0:01","Livingston Lost Ball Turnover (P1.T14)",null,"Calathes STEAL (2 STL)",null,null],["0041400225",341,2,1,3,"12:27 AM","0:00",null,null,"MISS Calathes 50' 3PT Jump Shot",null,null],["0041400225",342,4,0,3,"12:27 AM","0:00",null,null,"Grizzlies Rebound",null,null],["0041400225",343,13,0,3,"12:27 AM","0:00",null,null,null,"57 - 74","17"],["0041400225",344,12,0,4,"12:31 AM","12:00",null,null,null,"57 - 74","17"],["0041400225",345,6,26,4,"12:31 AM","11:40",null,null,"Koufos Offensive Charge Foul (P1.T1) (B.Spooner)",null,null],["0041400225",346,5,5,4,"12:31 AM","11:40",null,null,"Koufos Foul Turnover (P1.T13)",null,null],["0041400225",347,2,58,4,"12:32 AM","11:20","MISS Lee 12' Turnaround Hook Shot",null,null,null,null],["0041400225",348,4,0,4,"12:32 AM","11:19",null,null,"Green REBOUND (Off:0 Def:4)",null,null],["0041400225",349,1,42,4,"12:32 AM","11:12",null,null,"Green 3' Driving Layup (10 PTS)","59 - 74","15"],["0041400225",350,1,79,4,"12:32 AM","10:48","Iguodala 26' 3PT Pullup Jump Shot (14 PTS) (Green 5 AST)",null,null,"59 - 77","18"],["0041400225",351,1,80,4,"12:33 AM","10:28",null,null,"Carter 26' 3PT Step Back Jump Shot (8 PTS) (Calathes 1 AST)","62 - 77","15"],["0041400225",352,1,42,4,"12:33 AM","10:04","Lee 1' Driving Layup (4 PTS) (Green 6 AST)",null,null,"62 - 79","17"],["0041400225",353,2,84,4,"12:33 AM","9:44",null,null,"MISS Green 6' Running Bank Shot",null,null],["0041400225",354,4,0,4,"12:33 AM","9:43","Green REBOUND (Off:2 Def:3)",null,null,null,null],["0041400225",355,1,79,4,"12:33 AM","9:38","Thompson 25' 3PT Pullup Jump Shot (15 PTS) (Green 7 AST)",null,null,"62 - 82","20"],["0041400225",356,9,1,4,"12:33 AM","9:37",null,null,"Grizzlies Timeout: Regular (Reg.5 Short 1)",null,null],["0041400225",358,8,0,4,"12:36 AM","9:37",null,null,"SUB: Gasol FOR Green",null,null],["0041400225",360,1,79,4,"12:37 AM","9:20",null,null,"Udrih 24' 3PT Pullup Jump Shot (3 PTS) (Gasol 6 AST)","65 - 82","17"],["0041400225",361,1,42,4,"12:37 AM","9:00","Lee 1' Driving Layup (6 PTS) (Iguodala 3 AST)",null,null,"65 - 84","19"],["0041400225",362,6,1,4,"12:38 AM","8:48","Thompson P.FOUL (P1.T1) (B.Spooner)",null,null,null,null],["0041400225",363,2,65,4,"12:38 AM","8:37",null,null,"MISS Koufos 6' Jump Hook Shot",null,null],["0041400225",364,4,0,4,"12:38 AM","8:36",null,null,"Grizzlies Rebound",null,null],["0041400225",366,6,2,4,"12:39 AM","8:27","Lee S.FOUL (P2.T2) (K.Mauer)",null,null,null,null],["0041400225",367,3,11,4,"12:39 AM","8:27",null,null,"Koufos Free Throw 1 of 2 (1 PTS)","66 - 84","18"],["0041400225",369,3,12,4,"12:39 AM","8:27",null,null,"MISS Koufos Free Throw 2 of 2",null,null],["0041400225",371,4,0,4,"12:39 AM","8:25",null,null,"Carter REBOUND (Off:4 Def:2)",null,null],["0041400225",372,2,80,4,"12:39 AM","8:21",null,null,"MISS Carter 25' 3PT Step Back Jump Shot",null,null],["0041400225",373,4,0,4,"12:39 AM","8:19",null,null,"Koufos REBOUND (Off:1 Def:1)",null,null],["0041400225",374,2,65,4,"12:39 AM","8:19",null,null,"MISS Koufos 6' Jump Hook Shot",null,null],["0041400225",375,4,0,4,"12:39 AM","8:19","WARRIORS Rebound",null,null,null,null],["0041400225",376,2,1,4,"12:40 AM","8:00","MISS Iguodala 25' 3PT Jump Shot",null,null,null,null],["0041400225",377,4,0,4,"12:40 AM","7:58","Lee REBOUND (Off:2 Def:3)",null,null,null,null],["0041400225",378,5,1,4,"12:40 AM","7:56","Iguodala Bad Pass Turnover (P1.T15)",null,null,null,null],["0041400225",379,1,1,4,"12:40 AM","7:36",null,null,"Gasol 10' Jump Shot (16 PTS) (Calathes 2 AST)","68 - 84","16"],["0041400225",380,1,63,4,"12:41 AM","7:19","Livingston 15' Fadeaway Jumper (6 PTS) (Green 8 AST)",null,null,"68 - 86","18"],["0041400225",381,5,1,4,"12:41 AM","7:04","Lee STEAL (1 STL)",null,"Carter Bad Pass Turnover (P1.T14)",null,null],["0041400225",382,1,88,4,"12:41 AM","6:59","Iguodala  Driving Slam Dunk (16 PTS) (Lee 1 AST)",null,null,"68 - 88","20"],["0041400225",383,2,65,4,"12:41 AM","6:37",null,null,"MISS Koufos 8' Jump Hook Shot",null,null],["0041400225",384,4,0,4,"12:41 AM","6:36","Lee REBOUND (Off:2 Def:4)",null,null,null,null],["0041400225",385,1,79,4,"12:41 AM","6:31","Thompson 24' 3PT Pullup Jump Shot (18 PTS)",null,null,"68 - 91","23"],["0041400225",386,6,2,4,"12:41 AM","6:31",null,null,"Calathes S.FOUL (P2.T2) (B.Spooner)",null,null],["0041400225",387,18,1,4,"12:42 AM","6:31",null,null,null,null,null],["0041400225",388,8,0,4,"12:43 AM","6:31",null,null,"SUB: Conley FOR Calathes",null,null],["0041400225",389,8,0,4,"12:43 AM","6:31",null,null,"SUB: Lee FOR Udrih",null,null],["0041400225",390,8,0,4,"12:43 AM","6:31",null,null,"SUB: Randolph FOR Koufos",null,null],["0041400225",391,3,10,4,"12:43 AM","6:31","Thompson Free Throw 1 of 1 (19 PTS)",null,null,"68 - 92","24"],["0041400225",393,5,4,4,"12:44 AM","6:10",null,null,"Carter Traveling Turnover (P2.T15)",null,null],["0041400225",394,5,2,4,"12:44 AM","5:53","Thompson Lost Ball Turnover (P2.T16)",null,"Gasol STEAL (1 STL)",null,null],["0041400225",395,6,1,4,"12:44 AM","5:51","Livingston P.FOUL (P1.T3) (K.Mauer)",null,null,null,null],["0041400225",396,9,4,4,"12:44 AM","5:51",null,null,null,null,null],["0041400225",398,8,0,4,"12:47 AM","5:51",null,null,"SUB: Adams FOR Carter",null,null],["0041400225",399,1,86,4,"12:47 AM","5:28",null,null,"Gasol 10' Turnaround Fadeaway (18 PTS) (Lee 4 AST)","70 - 92","22"],["0041400225",400,1,79,4,"12:48 AM","5:10","Thompson 16' Pullup Jump Shot (21 PTS) (Green 9 AST)",null,null,"70 - 94","24"],["0041400225",401,6,1,4,"12:48 AM","4:54","Lee P.FOUL (P3.T4) (E.Malloy)",null,null,null,null],["0041400225",402,1,79,4,"12:48 AM","4:50",null,null,"Lee 26' 3PT Pullup Jump Shot (7 PTS) (Conley 5 AST)","73 - 94","21"],["0041400225",403,2,79,4,"12:49 AM","4:32","MISS Green 26' 3PT Pullup Jump Shot",null,null,null,null],["0041400225",404,4,0,4,"12:49 AM","4:31",null,null,"Adams REBOUND (Off:0 Def:1)",null,null],["0041400225",405,5,1,4,"12:49 AM","4:19","Livingston STEAL (1 STL)",null,"Randolph Bad Pass Turnover (P4.T16)",null,null],["0041400225",406,6,1,4,"12:49 AM","4:19",null,null,"Gasol P.FOUL (P3.T3) (B.Spooner)",null,null],["0041400225",407,8,0,4,"12:49 AM","4:19","SUB: Curry FOR Livingston",null,null,null,null],["0041400225",408,2,79,4,"12:50 AM","3:58","MISS Green 20' Pullup Jump Shot",null,null,null,null],["0041400225",409,4,0,4,"12:50 AM","3:57",null,null,"Randolph REBOUND (Off:5 Def:5)",null,null],["0041400225",410,6,1,4,"12:50 AM","3:51","Green P.FOUL (P4.PN) (B.Spooner)",null,null,null,null],["0041400225",411,3,11,4,"12:50 AM","3:51",null,null,"MISS Adams Free Throw 1 of 2",null,null],["0041400225",412,4,1,4,"12:50 AM","3:51",null,null,"Grizzlies Rebound",null,null],["0041400225",413,3,12,4,"12:50 AM","3:51",null,null,"Adams Free Throw 2 of 2 (1 PTS)","74 - 94","20"],["0041400225",415,2,85,4,"12:51 AM","3:36","MISS Thompson 5' Turnaround Bank Shot",null,null,null,null],["0041400225",416,4,0,4,"12:51 AM","3:35",null,null,"Gasol REBOUND (Off:2 Def:10)",null,null],["0041400225",417,2,56,4,"12:51 AM","3:15",null,null,"MISS Gasol 6' Running Hook Shot",null,null],["0041400225",418,4,0,4,"12:51 AM","3:14","Lee REBOUND (Off:2 Def:5)",null,null,null,null],["0041400225",419,5,4,4,"12:51 AM","3:04","Curry Traveling Turnover (P5.T17)",null,null,null,null],["0041400225",420,2,1,4,"12:52 AM","2:49",null,null,"MISS Randolph 17' Jump Shot",null,null],["0041400225",421,4,0,4,"12:52 AM","2:48","Thompson REBOUND (Off:0 Def:4)",null,null,null,null],["0041400225",422,6,28,4,"12:52 AM","2:44",null,null,"Lee Personal Take Foul (P3.T4) (K.Mauer)",null,null],["0041400225",423,9,1,4,"12:52 AM","2:44","WARRIORS Timeout: Regular (Full 4 Short 0)",null,null,null,null],["0041400225",426,8,0,4,"12:54 AM","2:44",null,null,"SUB: Calathes FOR Gasol",null,null],["0041400225",427,8,0,4,"12:54 AM","2:44",null,null,"SUB: Leuer FOR Lee",null,null],["0041400225",425,8,0,4,"12:54 AM","2:44",null,null,"SUB: Smith FOR Randolph",null,null],["0041400225",428,8,0,4,"12:54 AM","2:44",null,null,"SUB: Green FOR Conley",null,null],["0041400225",429,8,0,4,"12:55 AM","2:44","SUB: McAdoo FOR Green",null,null,null,null],["0041400225",430,8,0,4,"12:55 AM","2:44","SUB: Livingston FOR Thompson",null,null,null,null],["0041400225",431,8,0,4,"12:55 AM","2:44","SUB: Barbosa FOR Curry",null,null,null,null],["0041400225",432,8,0,4,"12:55 AM","2:44","SUB: Holiday FOR Iguodala",null,null,null,null],["0041400225",434,1,85,4,"12:56 AM","2:24","McAdoo 4' Turnaround Bank Shot (2 PTS) (Livingston 3 AST)",null,null,"74 - 96","22"],["0041400225",436,8,0,4,"12:56 AM","2:12","SUB: Ezeli FOR Lee",null,null,null,null],["0041400225",437,8,0,4,"12:56 AM","2:12","SUB: Rush FOR Livingston",null,null,null,null],["0041400225",438,2,1,4,"12:56 AM","2:02",null,null,"MISS Green 17' Jump Shot",null,null],["0041400225",439,4,0,4,"12:56 AM","2:00",null,null,"Leuer REBOUND (Off:1 Def:0)",null,null],["0041400225",440,2,1,4,"12:56 AM","1:56","Ezeli BLOCK (1 BLK)",null,"MISS Leuer 5' Jump Shot",null,null],["0041400225",441,4,0,4,"12:56 AM","1:54","Rush REBOUND (Off:0 Def:1)",null,null,null,null],["0041400225",442,2,1,4,"12:57 AM","1:30","MISS Barbosa 10' Jump Shot",null,null,null,null],["0041400225",443,4,0,4,"12:57 AM","1:28",null,null,"Green REBOUND (Off:0 Def:1)",null,null],["0041400225",444,1,52,4,"12:57 AM","1:25",null,null,"Leuer  Alley Oop Dunk (2 PTS) (Smith 1 AST)","76 - 96","20"],["0041400225",445,7,5,4,"12:57 AM","1:08",null,null,"Leuer Violation:Kicked Ball (E.Malloy)",null,null],["0041400225",446,6,1,4,"12:58 AM","0:59",null,null,"Green P.FOUL (P1.PN) (K.Mauer)",null,null],["0041400225",447,2,1,4,"12:58 AM","0:54","MISS Holiday 18' Jump Shot",null,null,null,null],["0041400225",448,4,0,4,"12:58 AM","0:53",null,null,"Leuer REBOUND (Off:1 Def:1)",null,null],["0041400225",449,2,79,4,"12:58 AM","0:41",null,null,"MISS Green 25' 3PT Pullup Jump Shot",null,null],["0041400225",450,4,0,4,"12:58 AM","0:40","McAdoo REBOUND (Off:0 Def:1)",null,null,null,null],["0041400225",451,1,7,4,"12:59 AM","0:24","McAdoo  Dunk (4 PTS) (Barbosa 1 AST)",null,null,"76 - 98","22"],["0041400225",452,1,79,4,"12:59 AM","0:09",null,null,"Adams 16' Pullup Jump Shot (3 PTS)","78 - 98","20"],["0041400225",453,13,0,4,"12:59 AM","0:00",null,null,null,"78 - 98","20"]]},{"name":"AvailableVideo","headers":["VIDEO_AVAILABLE_FLAG"],"rowSet":[[1]]}]}