{"resource":"playbyplay","parameters":{"GameID":"0041400132","StartPeriod":0,"EndPeriod":14},"resultSets":[{"name":"PlayByPlay","headers":["GAME_ID","EVENTNUM","EVENTMSGTYPE","EVENTMSGACTIONTYPE","PERIOD","WCTIMESTRING","PCTIMESTRING","HOMEDESCRIPTION","NEUTRALDESCRIPTION","VISITORDESCRIPTION","SCORE","SCOREMARGIN"],"rowSet":[["0041400132",0,12,0,1,"8:12 PM","12:00",null,null,null,null,null],["0041400132",1,10,0,1,"8:12 PM","12:00","Jump Ball Valanciunas vs. Gortat: Tip to Hansbrough",null,null,null,null],["0041400132",2,2,1,1,"8:13 PM","11:40","MISS Valanciunas 13' Jump Shot",null,null,null,null],["0041400132",3,4,0,1,"8:13 PM","11:39",null,null,"Wall REBOUND (Off:0 Def:1)",null,null],["0041400132",4,6,26,1,"8:13 PM","11:37",null,null,"Wall Offensive Charge Foul (P1.T1) (B.Kennedy)",null,null],["0041400132",5,5,5,1,"8:13 PM","11:37",null,null,"Wall Foul Turnover (P1.T1)",null,null],["0041400132",6,1,1,1,"8:13 PM","11:22","DeRozan 20' Jump Shot (2 PTS)",null,null,"0 - 2","2"],["0041400132",7,2,63,1,"8:14 PM","10:56",null,null,"MISS Pierce 14' Fadeaway Jumper",null,null],["0041400132",8,4,0,1,"8:14 PM","10:55","Valanciunas REBOUND (Off:0 Def:1)",null,null,null,null],["0041400132",9,2,47,1,"8:14 PM","10:47","MISS Lowry 20' Turnaround Jump Shot",null,null,null,null],["0041400132",10,4,0,1,"8:14 PM","10:46",null,null,"Nene REBOUND (Off:0 Def:1)",null,null],["0041400132",11,2,73,1,"8:14 PM","10:40",null,null,"MISS Beal 1' Driving Reverse Layup",null,null],["0041400132",12,4,0,1,"8:14 PM","10:39","DeRozan REBOUND (Off:0 Def:1)",null,null,null,null],["0041400132",13,6,2,1,"8:14 PM","10:29",null,null,"Beal S.FOUL (P1.T2) (B.Kennedy)",null,null],["0041400132",14,3,11,1,"8:14 PM","10:29","Valanciunas Free Throw 1 of 2 (1 PTS)",null,null,"0 - 3","3"],["0041400132",16,3,12,1,"8:14 PM","10:29","Valanciunas Free Throw 2 of 2 (2 PTS)",null,null,"0 - 4","4"],["0041400132",19,2,1,1,"8:15 PM","10:17",null,null,"MISS Nene 20' Jump Shot",null,null],["0041400132",20,4,0,1,"8:15 PM","10:16","Valanciunas REBOUND (Off:0 Def:2)",null,null,null,null],["0041400132",22,1,79,1,"8:15 PM","10:07","DeRozan 17' Pullup Jump Shot (4 PTS)",null,null,"0 - 6","6"],["0041400132",23,6,2,1,"8:15 PM","10:07",null,null,"Pierce S.FOUL (P1.T3) (C.Kirkland)",null,null],["0041400132",24,3,10,1,"8:15 PM","10:07","DeRozan Free Throw 1 of 1 (5 PTS)",null,null,"0 - 7","7"],["0041400132",26,7,5,1,"8:16 PM","9:59","Ross Violation:Kicked Ball (S.Foster)",null,null,null,null],["0041400132",27,1,1,1,"8:16 PM","9:47",null,null,"Gortat 17' Jump Shot (2 PTS) (Beal 1 AST)","2 - 7","5"],["0041400132",28,2,1,1,"8:16 PM","9:35","MISS Hansbrough 3' Jump Shot",null,"Gortat BLOCK (1 BLK)",null,null],["0041400132",29,4,0,1,"8:16 PM","9:35","RAPTORS Rebound",null,null,null,null],["0041400132",30,1,79,1,"8:17 PM","9:30","DeRozan 13' Pullup Jump Shot (7 PTS)",null,null,"2 - 9","7"],["0041400132",32,2,1,1,"8:17 PM","9:19",null,null,"MISS Pierce 26' 3PT Jump Shot",null,null],["0041400132",33,4,0,1,"8:17 PM","9:17","RAPTORS Rebound",null,null,null,null],["0041400132",34,2,63,1,"8:17 PM","9:06","MISS Ross 18' Fadeaway Jumper",null,null,null,null],["0041400132",35,4,0,1,"8:17 PM","9:05",null,null,"Gortat REBOUND (Off:0 Def:1)",null,null],["0041400132",36,2,1,1,"8:17 PM","8:51",null,null,"MISS Wall 20' Jump Shot",null,null],["0041400132",37,4,0,1,"8:18 PM","8:50",null,null,"Wizards Rebound",null,null],["0041400132",38,2,1,1,"8:18 PM","8:39",null,null,"MISS Nene 15' Jump Shot",null,null],["0041400132",39,4,0,1,"8:18 PM","8:38","Valanciunas REBOUND (Off:0 Def:3)",null,null,null,null],["0041400132",40,1,80,1,"8:18 PM","8:23","Ross 25' 3PT Step Back Jump Shot (3 PTS) (Lowry 1 AST)",null,null,"2 - 12","10"],["0041400132",41,9,1,1,"8:18 PM","8:17",null,null,"Wizards Timeout: Regular (Reg.1 Short 0)",null,null],["0041400132",44,1,79,1,"8:22 PM","8:06",null,null,"Wall 20' Pullup Jump Shot (2 PTS)","4 - 12","8"],["0041400132",45,1,1,1,"8:22 PM","7:51","DeRozan 17' Jump Shot (9 PTS)",null,null,"4 - 14","10"],["0041400132",46,1,42,1,"8:22 PM","7:39",null,null,"Beal 1' Driving Layup (2 PTS) (Wall 1 AST)","6 - 14","8"],["0041400132",48,1,1,1,"8:23 PM","7:15","Valanciunas 17' Jump Shot (4 PTS) (Lowry 2 AST)",null,null,"6 - 16","10"],["0041400132",49,1,41,1,"8:23 PM","7:01",null,null,"Gortat 2' Running Layup (4 PTS) (Wall 2 AST)","8 - 16","8"],["0041400132",50,2,80,1,"8:24 PM","6:40","MISS Lowry 18' Step Back Jump Shot",null,null,null,null],["0041400132",51,4,0,1,"8:24 PM","6:39",null,null,"Nene REBOUND (Off:0 Def:2)",null,null],["0041400132",52,6,2,1,"8:24 PM","6:33","DeRozan S.FOUL (P1.T1) (S.Foster)",null,null,null,null],["0041400132",53,3,11,1,"8:24 PM","6:33",null,null,"Wall Free Throw 1 of 2 (3 PTS)","9 - 16","7"],["0041400132",55,3,12,1,"8:24 PM","6:33",null,null,"Wall Free Throw 2 of 2 (4 PTS)","10 - 16","6"],["0041400132",58,1,43,1,"8:25 PM","6:15","Valanciunas 3' Alley Oop Layup (6 PTS) (Lowry 3 AST)",null,null,"10 - 18","8"],["0041400132",59,1,66,1,"8:25 PM","6:05",null,null,"Gortat 14' Jump Bank Shot (6 PTS) (Wall 3 AST)","12 - 18","6"],["0041400132",60,2,63,1,"8:25 PM","5:50","MISS DeRozan 8' Fadeaway Jumper",null,"Gortat BLOCK (2 BLK)",null,null],["0041400132",62,4,0,1,"8:26 PM","5:47","RAPTORS Rebound",null,null,null,null],["0041400132",61,1,42,1,"8:26 PM","5:39","Lowry 4' Driving Layup (2 PTS)",null,null,"12 - 20","8"],["0041400132",63,6,27,1,"8:26 PM","5:27","Lowry Personal Block Foul (P1.T2) (B.Kennedy)",null,null,null,null],["0041400132",64,8,0,1,"8:26 PM","5:27","SUB: Patterson FOR Hansbrough",null,null,null,null],["0041400132",65,8,0,1,"8:26 PM","5:27",null,null,"SUB: Gooden FOR Nene",null,null],["0041400132",67,1,79,1,"8:27 PM","5:12",null,null,"Wall 20' Pullup Jump Shot (6 PTS)","14 - 20","6"],["0041400132",68,2,86,1,"8:27 PM","4:56","MISS DeRozan 12' Turnaround Fadeaway Shot",null,"Pierce BLOCK (1 BLK)",null,null],["0041400132",69,4,0,1,"8:27 PM","4:55",null,null,"Gortat REBOUND (Off:0 Def:2)",null,null],["0041400132",70,5,21,1,"8:27 PM","4:50",null,null,"Wall Palming Turnover (P2.T2)",null,null],["0041400132",71,8,0,1,"8:27 PM","4:50",null,null,"SUB: Porter FOR Pierce",null,null],["0041400132",72,5,2,1,"8:28 PM","4:37","DeRozan Lost Ball Turnover (P1.T1)",null,"Gortat STEAL (1 STL)",null,null],["0041400132",73,2,1,1,"8:28 PM","4:28",null,null,"MISS Wall 26' 3PT Jump Shot",null,null],["0041400132",74,4,0,1,"8:28 PM","4:27",null,null,"Gooden REBOUND (Off:1 Def:0)",null,null],["0041400132",75,2,78,1,"8:28 PM","4:20",null,null,"MISS Beal 6' Floating Jump Shot",null,null],["0041400132",76,4,0,1,"8:28 PM","4:17","RAPTORS Rebound",null,null,null,null],["0041400132",77,8,0,1,"8:28 PM","4:17","SUB: Vasquez FOR Lowry",null,null,null,null],["0041400132",78,1,43,1,"8:29 PM","4:01","Valanciunas 2' Alley Oop Layup (8 PTS) (Ross 1 AST)",null,null,"14 - 22","8"],["0041400132",79,2,1,1,"8:29 PM","3:44",null,null,"MISS Beal 18' Jump Shot",null,null],["0041400132",80,4,0,1,"8:29 PM","3:43","Vasquez REBOUND (Off:0 Def:1)",null,null,null,null],["0041400132",81,2,65,1,"8:29 PM","3:35","MISS Valanciunas 5' Jump Hook Shot",null,null,null,null],["0041400132",82,4,0,1,"8:29 PM","3:34",null,null,"Gooden REBOUND (Off:1 Def:1)",null,null],["0041400132",83,2,79,1,"8:29 PM","3:24",null,null,"MISS Wall 19' Pullup Jump Shot",null,null],["0041400132",84,4,0,1,"8:29 PM","3:23","Valanciunas REBOUND (Off:0 Def:4)",null,null,null,null],["0041400132",85,2,79,1,"8:29 PM","3:16","MISS Vasquez 25' 3PT Pullup Jump Shot",null,null,null,null],["0041400132",86,4,0,1,"8:29 PM","3:15",null,null,"Gortat REBOUND (Off:0 Def:3)",null,null],["0041400132",87,1,42,1,"8:30 PM","3:09",null,null,"Beal 2' Driving Layup (4 PTS) (Wall 4 AST)","16 - 22","6"],["0041400132",88,9,1,1,"8:30 PM","3:01","RAPTORS Timeout: Regular (Full 1 Short 0)",null,null,null,null],["0041400132",89,8,0,1,"8:32 PM","3:01",null,null,"SUB: Sessions FOR Beal",null,null],["0041400132",90,8,0,1,"8:32 PM","3:01","SUB: Williams FOR Ross",null,null,null,null],["0041400132",91,8,0,1,"8:32 PM","3:01","SUB: Johnson FOR Valanciunas",null,null,null,null],["0041400132",92,1,1,1,"8:33 PM","2:49","Patterson 26' 3PT Jump Shot (3 PTS) (DeRozan 1 AST)",null,null,"16 - 25","9"],["0041400132",93,2,1,1,"8:33 PM","2:32",null,null,"MISS Gooden 27' 3PT Jump Shot",null,null],["0041400132",94,4,0,1,"8:33 PM","2:31",null,null,"Gortat REBOUND (Off:1 Def:3)",null,null],["0041400132",95,1,4,1,"8:34 PM","2:28",null,null,"Gortat 2' Tip Shot (8 PTS)","18 - 25","7"],["0041400132",96,6,2,1,"8:34 PM","2:13",null,null,"Gortat S.FOUL (P1.T4) (B.Kennedy)",null,null],["0041400132",97,3,11,1,"8:34 PM","2:13","MISS Johnson Free Throw 1 of 2",null,null,null,null],["0041400132",98,4,1,1,"8:34 PM","2:13","RAPTORS Rebound",null,null,null,null],["0041400132",99,3,12,1,"8:34 PM","2:13","MISS Johnson Free Throw 2 of 2",null,null,null,null],["0041400132",101,4,0,1,"8:35 PM","2:13",null,null,"Porter REBOUND (Off:0 Def:1)",null,null],["0041400132",102,1,44,1,"8:35 PM","2:03",null,null,"Gortat 1' Reverse Layup (10 PTS) (Wall 5 AST)","20 - 25","5"],["0041400132",103,6,26,1,"8:35 PM","1:49","Johnson Offensive Charge Foul (P1.T3) (S.Foster)",null,null,null,null],["0041400132",104,5,5,1,"8:35 PM","1:49","Johnson Foul Turnover (P1.T2)",null,null,null,null],["0041400132",105,8,0,1,"8:35 PM","1:49","SUB: Lowry FOR DeRozan",null,null,null,null],["0041400132",107,5,2,1,"8:35 PM","1:40","Vasquez STEAL (1 STL)",null,"Wall Lost Ball Turnover (P3.T3)",null,null],["0041400132",108,6,29,1,"8:36 PM","1:36",null,null,"Porter Shooting Block Foul (P1.PN) (S.Foster)",null,null],["0041400132",109,3,11,1,"8:36 PM","1:36","Vasquez Free Throw 1 of 2 (1 PTS)",null,null,"20 - 26","6"],["0041400132",111,3,12,1,"8:36 PM","1:36","Vasquez Free Throw 2 of 2 (2 PTS)",null,null,"20 - 27","7"],["0041400132",113,6,2,1,"8:36 PM","1:30","Vasquez S.FOUL (P1.PN) (B.Kennedy)",null,null,null,null],["0041400132",114,3,11,1,"8:37 PM","1:30",null,null,"Sessions Free Throw 1 of 2 (1 PTS)","21 - 27","6"],["0041400132",116,3,12,1,"8:37 PM","1:30",null,null,"Sessions Free Throw 2 of 2 (2 PTS)","22 - 27","5"],["0041400132",118,1,58,1,"8:37 PM","1:11","Johnson 4' Turnaround Hook Shot (2 PTS) (Vasquez 1 AST)",null,null,"22 - 29","7"],["0041400132",119,2,1,1,"8:38 PM","0:56",null,null,"MISS Sessions 27' 3PT Jump Shot",null,null],["0041400132",120,4,0,1,"8:38 PM","0:55","Patterson REBOUND (Off:0 Def:1)",null,null,null,null],["0041400132",121,2,42,1,"8:38 PM","0:46","MISS Williams 4' Driving Layup",null,null,null,null],["0041400132",122,4,0,1,"8:38 PM","0:45",null,null,"Gortat REBOUND (Off:1 Def:4)",null,null],["0041400132",123,2,41,1,"8:38 PM","0:28",null,null,"MISS Sessions 4' Running Layup",null,null],["0041400132",124,4,0,1,"8:38 PM","0:28",null,null,"Wizards Rebound",null,null],["0041400132",125,6,3,1,"8:38 PM","0:28","Vasquez L.B.FOUL (P2.PN) (C.Kirkland)",null,null,null,null],["0041400132",126,3,11,1,"8:39 PM","0:28",null,null,"Gooden Free Throw 1 of 2 (1 PTS)","23 - 29","6"],["0041400132",128,3,12,1,"8:39 PM","0:28",null,null,"Gooden Free Throw 2 of 2 (2 PTS)","24 - 29","5"],["0041400132",131,1,80,1,"8:39 PM","0:09","Patterson 13' Step Back Jump Shot (5 PTS)",null,null,"24 - 31","7"],["0041400132",132,6,1,1,"8:40 PM","0:02","Johnson P.FOUL (P2.PN) (C.Kirkland)",null,null,null,null],["0041400132",133,3,11,1,"8:40 PM","0:02",null,null,"Wall Free Throw 1 of 2 (7 PTS)","25 - 31","6"],["0041400132",135,3,12,1,"8:40 PM","0:02",null,null,"Wall Free Throw 2 of 2 (8 PTS)","26 - 31","5"],["0041400132",137,2,84,1,"8:41 PM","0:00","MISS Lowry 57' 3PT Running Bank Shot",null,null,null,null],["0041400132",138,4,0,1,"8:41 PM","0:00","RAPTORS Rebound",null,null,null,null],["0041400132",139,13,0,1,"8:41 PM","0:00",null,null,null,"26 - 31","5"],["0041400132",141,12,0,2,"8:44 PM","12:00",null,null,null,"26 - 31","5"],["0041400132",142,2,1,2,"8:45 PM","11:36",null,null,"MISS Beal 25' 3PT Jump Shot",null,null],["0041400132",143,4,0,2,"8:45 PM","11:35","RAPTORS Rebound",null,null,null,null],["0041400132",144,2,80,2,"8:45 PM","11:13","MISS Williams 20' Step Back Jump Shot",null,null,null,null],["0041400132",145,4,0,2,"8:45 PM","11:11",null,null,"Nene REBOUND (Off:0 Def:3)",null,null],["0041400132",146,2,63,2,"8:46 PM","10:52",null,null,"MISS Porter 13' Fadeaway Jumper",null,null],["0041400132",147,4,0,2,"8:46 PM","10:51","Johnson REBOUND (Off:0 Def:1)",null,null,null,null],["0041400132",149,5,1,2,"8:46 PM","10:36","Williams Bad Pass Turnover (P1.T3)",null,"Nene STEAL (1 STL)",null,null],["0041400132",150,1,1,2,"8:46 PM","10:29",null,null,"Beal  3PT Jump Shot (7 PTS) (Sessions 1 AST)","29 - 31","2"],["0041400132",152,6,2,2,"8:47 PM","10:07",null,null,"Nene S.FOUL (P1.T1) (B.Kennedy)",null,null],["0041400132",153,3,11,2,"8:47 PM","10:07","Williams Free Throw 1 of 2 (1 PTS)",null,null,"29 - 32","3"],["0041400132",155,8,0,2,"8:47 PM","10:07","SUB: DeRozan FOR Vasquez",null,null,null,null],["0041400132",156,3,12,2,"8:47 PM","10:07","Williams Free Throw 2 of 2 (2 PTS)",null,null,"29 - 33","4"],["0041400132",158,5,2,2,"8:48 PM","9:54","DeRozan STEAL (1 STL)",null,"Beal Lost Ball Turnover (P1.T4)",null,null],["0041400132",159,1,88,2,"8:48 PM","9:50","Patterson  Driving Slam Dunk (7 PTS) (DeRozan 2 AST)",null,null,"29 - 35","6"],["0041400132",160,6,27,2,"8:48 PM","9:34","Patterson Personal Block Foul (P1.T1) (S.Foster)",null,null,null,null],["0041400132",162,6,1,2,"8:49 PM","9:29","Lowry P.FOUL (P2.T2) (S.Foster)",null,null,null,null],["0041400132",163,6,2,2,"8:49 PM","9:19","Lowry S.FOUL (P3.T3) (B.Kennedy)",null,null,null,null],["0041400132",164,3,11,2,"8:49 PM","9:19",null,null,"MISS Porter Free Throw 1 of 2",null,null],["0041400132",165,4,1,2,"8:49 PM","9:19",null,null,"Wizards Rebound",null,null],["0041400132",166,8,0,2,"8:50 PM","9:19","SUB: Vasquez FOR Lowry",null,null,null,null],["0041400132",167,3,12,2,"8:50 PM","9:19",null,null,"MISS Porter Free Throw 2 of 2",null,null],["0041400132",169,4,0,2,"8:50 PM","9:18",null,null,"Gooden REBOUND (Off:2 Def:1)",null,null],["0041400132",170,2,53,2,"8:50 PM","9:16",null,null,"MISS Gooden 3' Tip Shot",null,null],["0041400132",171,4,0,2,"8:50 PM","9:15",null,null,"Gooden REBOUND (Off:3 Def:1)",null,null],["0041400132",172,2,4,2,"8:50 PM","9:13",null,null,"MISS Gooden 2' Tip Shot",null,null],["0041400132",173,4,0,2,"8:50 PM","9:12","Johnson REBOUND (Off:0 Def:2)",null,null,null,null],["0041400132",175,2,1,2,"8:50 PM","9:01","MISS Vasquez 18' Jump Shot",null,null,null,null],["0041400132",176,4,0,2,"8:50 PM","9:00",null,null,"Nene REBOUND (Off:0 Def:4)",null,null],["0041400132",177,1,75,2,"8:50 PM","8:45",null,null,"Beal 3' Driving Finger Roll Layup (9 PTS) (Gooden 1 AST)","31 - 35","4"],["0041400132",178,6,2,2,"8:51 PM","8:35",null,null,"Sessions S.FOUL (P1.T2) (B.Kennedy)",null,null],["0041400132",179,9,4,2,"8:51 PM","8:35",null,null,null,null,null],["0041400132",180,8,0,2,"8:53 PM","8:35",null,null,"SUB: Pierce FOR Gooden",null,null],["0041400132",182,3,11,2,"8:54 PM","8:35","Williams Free Throw 1 of 2 (3 PTS)",null,null,"31 - 36","5"],["0041400132",184,3,12,2,"8:54 PM","8:35","Williams Free Throw 2 of 2 (4 PTS)",null,null,"31 - 37","6"],["0041400132",186,2,1,2,"8:55 PM","8:14",null,null,"MISS Pierce 28' 3PT Jump Shot",null,null],["0041400132",187,4,0,2,"8:55 PM","8:13",null,null,"Porter REBOUND (Off:1 Def:1)",null,null],["0041400132",188,1,5,2,"8:55 PM","8:10",null,null,"Porter 1' Layup (2 PTS)","33 - 37","4"],["0041400132",189,7,5,2,"8:55 PM","7:54",null,null,"Nene Violation:Kicked Ball (B.Kennedy)",null,null],["0041400132",190,8,0,2,"8:55 PM","7:54",null,null,"SUB: Wall FOR Sessions",null,null],["0041400132",192,2,1,2,"8:56 PM","7:39","MISS Williams 27' 3PT Jump Shot",null,null,null,null],["0041400132",193,4,0,2,"8:56 PM","7:38",null,null,"Wizards Rebound",null,null],["0041400132",195,6,2,2,"8:56 PM","7:18","DeRozan S.FOUL (P2.T4) (C.Kirkland)",null,null,null,null],["0041400132",196,3,11,2,"8:56 PM","7:18",null,null,"MISS Porter Free Throw 1 of 2",null,null],["0041400132",197,4,1,2,"8:56 PM","7:18",null,null,"Wizards Rebound",null,null],["0041400132",198,3,12,2,"8:57 PM","7:18",null,null,"Porter Free Throw 2 of 2 (3 PTS)","34 - 37","3"],["0041400132",201,8,0,2,"8:57 PM","7:07","SUB: Johnson FOR Patterson",null,null,null,null],["0041400132",202,1,5,2,"8:58 PM","7:03","Johnson  Layup (4 PTS) (Vasquez 2 AST)",null,null,"34 - 39","5"],["0041400132",203,1,1,2,"8:58 PM","6:44",null,null,"Pierce  3PT Jump Shot (3 PTS) (Wall 6 AST)","37 - 39","2"],["0041400132",204,2,1,2,"8:58 PM","6:28","MISS Vasquez 24' 3PT Jump Shot",null,null,null,null],["0041400132",205,4,0,2,"8:58 PM","6:27",null,null,"Beal REBOUND (Off:0 Def:1)",null,null],["0041400132",206,1,8,2,"8:58 PM","6:15",null,null,"Nene  Slam Dunk (2 PTS) (Wall 7 AST)","39 - 39","TIE"],["0041400132",208,1,57,2,"8:59 PM","5:50","Johnson 3' Driving Hook Shot (6 PTS) (Williams 1 AST)",null,null,"39 - 41","2"],["0041400132",209,2,42,2,"8:59 PM","5:43",null,null,"MISS Wall 3' Driving Layup",null,null],["0041400132",210,4,0,2,"8:59 PM","5:41","Vasquez REBOUND (Off:0 Def:2)",null,null,null,null],["0041400132",211,2,77,2,"8:59 PM","5:35","MISS DeRozan 5' Driving Jump Shot",null,null,null,null],["0041400132",212,4,0,2,"8:59 PM","5:33",null,null,"Beal REBOUND (Off:0 Def:2)",null,null],["0041400132",213,1,42,2,"8:59 PM","5:27",null,null,"Beal 3' Driving Layup (11 PTS)","41 - 41","TIE"],["0041400132",214,9,1,2,"8:59 PM","5:22","RAPTORS Timeout: Regular (Full 2 Short 0)",null,null,null,null],["0041400132",215,8,0,2,"9:02 PM","5:22","SUB: Valanciunas FOR Johnson",null,null,null,null],["0041400132",216,8,0,2,"9:02 PM","5:22",null,null,"SUB: Gortat FOR Nene",null,null],["0041400132",217,1,5,2,"9:02 PM","5:12","Johnson 3' Layup (2 PTS)",null,null,"41 - 43","2"],["0041400132",218,7,5,2,"9:03 PM","4:57","Valanciunas Violation:Kicked Ball (C.Kirkland)",null,null,null,null],["0041400132",219,1,5,2,"9:03 PM","4:55",null,null,"Beal 2' Layup (13 PTS) (Wall 8 AST)","43 - 43","TIE"],["0041400132",223,6,2,2,"9:04 PM","4:33",null,null,"Gortat S.FOUL (P2.T3) (S.Foster)",null,null],["0041400132",224,3,11,2,"9:04 PM","4:33","Valanciunas Free Throw 1 of 2 (9 PTS)",null,null,"43 - 44","1"],["0041400132",226,8,0,2,"9:04 PM","4:33","SUB: Ross FOR Williams",null,null,null,null],["0041400132",227,3,12,2,"9:04 PM","4:33","Valanciunas Free Throw 2 of 2 (10 PTS)",null,null,"43 - 45","2"],["0041400132",229,1,1,2,"9:05 PM","4:19",null,null,"Beal 26' 3PT Jump Shot (16 PTS) (Pierce 1 AST)","46 - 45","-1"],["0041400132",231,2,1,2,"9:05 PM","4:05","MISS Ross 25' 3PT Jump Shot",null,null,null,null],["0041400132",232,4,0,2,"9:05 PM","4:05",null,null,"Porter REBOUND (Off:1 Def:2)",null,null],["0041400132",233,1,42,2,"9:05 PM","4:00",null,null,"Wall  Driving Layup (10 PTS) (Porter 1 AST)","48 - 45","-3"],["0041400132",234,5,1,2,"9:05 PM","3:43","Vasquez Bad Pass Turnover (P1.T4)",null,"Pierce STEAL (1 STL)",null,null],["0041400132",235,1,88,2,"9:05 PM","3:39",null,null,"Wall  Driving Slam Dunk (12 PTS) (Pierce 2 AST)","50 - 45","-5"],["0041400132",236,6,2,2,"9:06 PM","3:18",null,null,"Pierce S.FOUL (P2.T4) (C.Kirkland)",null,null],["0041400132",237,3,11,2,"9:06 PM","3:18","MISS Johnson Free Throw 1 of 2",null,null,null,null],["0041400132",238,4,1,2,"9:06 PM","3:18","RAPTORS Rebound",null,null,null,null],["0041400132",239,3,12,2,"9:06 PM","3:18","MISS Johnson Free Throw 2 of 2",null,null,null,null],["0041400132",241,4,0,2,"9:07 PM","3:17",null,null,"Beal REBOUND (Off:0 Def:3)",null,null],["0041400132",242,1,5,2,"9:07 PM","3:00",null,null,"Gortat 2' Layup (12 PTS) (Wall 9 AST)","52 - 45","-7"],["0041400132",243,5,2,2,"9:07 PM","2:43","DeRozan Lost Ball Turnover (P2.T5)",null,"Porter STEAL (1 STL)",null,null],["0041400132",244,6,2,2,"9:07 PM","2:39","Ross S.FOUL (P1.PN) (C.Kirkland)",null,null,null,null],["0041400132",245,9,1,2,"9:07 PM","2:39",null,null,"Wizards Timeout: Regular (Reg.2 Short 0)",null,null],["0041400132",248,8,0,2,"9:10 PM","2:39",null,null,"SUB: Nene FOR Gortat",null,null],["0041400132",249,3,11,2,"9:11 PM","2:39",null,null,"Pierce Free Throw 1 of 2 (4 PTS)","53 - 45","-8"],["0041400132",251,3,12,2,"9:11 PM","2:39",null,null,"Pierce Free Throw 2 of 2 (5 PTS)","54 - 45","-9"],["0041400132",253,2,1,2,"9:11 PM","2:25","MISS DeRozan 17' Jump Shot",null,null,null,null],["0041400132",254,4,0,2,"9:11 PM","2:23",null,null,"Pierce REBOUND (Off:0 Def:1)",null,null],["0041400132",255,1,76,2,"9:11 PM","2:14",null,null,"Nene 1' Running Finger Roll Layup (4 PTS) (Wall 10 AST)","56 - 45","-11"],["0041400132",256,1,42,2,"9:12 PM","1:56","Johnson  Driving Layup (4 PTS) (Vasquez 3 AST)",null,null,"56 - 47","-9"],["0041400132",257,2,1,2,"9:12 PM","1:37",null,null,"MISS Wall 22' Jump Shot",null,null],["0041400132",258,4,0,2,"9:12 PM","1:36","Valanciunas REBOUND (Off:0 Def:5)",null,null,null,null],["0041400132",259,1,57,2,"9:12 PM","1:21","Vasquez 4' Driving Hook Shot (4 PTS)",null,null,"56 - 49","-7"],["0041400132",260,1,73,2,"9:12 PM","1:10",null,null,"Beal 1' Driving Reverse Layup (18 PTS)","58 - 49","-9"],["0041400132",261,6,2,2,"9:13 PM","0:56",null,null,"Porter S.FOUL (P2.PN) (C.Kirkland)",null,null],["0041400132",262,3,11,2,"9:13 PM","0:56","MISS Johnson Free Throw 1 of 2",null,null,null,null],["0041400132",263,4,1,2,"9:13 PM","0:56","RAPTORS Rebound",null,null,null,null],["0041400132",264,8,0,2,"9:13 PM","0:56",null,null,"SUB: Gooden FOR Pierce",null,null],["0041400132",265,3,12,2,"9:13 PM","0:56","MISS Johnson Free Throw 2 of 2",null,null,null,null],["0041400132",267,4,0,2,"9:13 PM","0:56",null,null,"Gooden REBOUND (Off:3 Def:2)",null,null],["0041400132",268,1,1,2,"9:14 PM","0:41",null,null,"Beal 19' Jump Shot (20 PTS)","60 - 49","-11"],["0041400132",269,2,77,2,"9:14 PM","0:30","MISS Johnson 4' Driving Jump Shot",null,null,null,null],["0041400132",270,4,0,2,"9:14 PM","0:29",null,null,"Nene REBOUND (Off:0 Def:5)",null,null],["0041400132",271,2,1,2,"9:14 PM","0:05",null,null,"MISS Beal 26' 3PT Jump Shot",null,null],["0041400132",272,4,0,2,"9:14 PM","0:04","Valanciunas REBOUND (Off:0 Def:6)",null,null,null,null],["0041400132",273,2,1,2,"9:14 PM","0:00","MISS DeRozan 30' 3PT Jump Shot",null,null,null,null],["0041400132",274,4,0,2,"9:15 PM","0:00","RAPTORS Rebound",null,null,null,null],["0041400132",275,13,0,2,"9:15 PM","0:00",null,null,null,"60 - 49","-11"],["0041400132",277,12,0,3,"9:31 PM","12:00",null,null,null,"60 - 49","-11"],["0041400132",278,6,2,3,"9:31 PM","11:45","DeRozan S.FOUL (P3.T1) (S.Foster)",null,null,null,null],["0041400132",279,3,11,3,"9:32 PM","11:45",null,null,"Pierce Free Throw 1 of 2 (6 PTS)","61 - 49","-12"],["0041400132",281,3,12,3,"9:32 PM","11:45",null,null,"MISS Pierce Free Throw 2 of 2",null,null],["0041400132",283,4,0,3,"9:32 PM","11:45","Valanciunas REBOUND (Off:0 Def:7)",null,null,null,null],["0041400132",284,2,79,3,"9:32 PM","11:20","MISS Lowry 16' Pullup Jump Shot",null,null,null,null],["0041400132",285,4,0,3,"9:32 PM","11:19",null,null,"Nene REBOUND (Off:0 Def:6)",null,null],["0041400132",286,2,47,3,"9:33 PM","11:06",null,null,"MISS Pierce 13' Turnaround Jump Shot",null,null],["0041400132",287,4,0,3,"9:33 PM","11:04","Lowry REBOUND (Off:0 Def:1)",null,null,null,null],["0041400132",288,6,1,3,"9:33 PM","10:58",null,null,"Beal P.FOUL (P2.T1) (S.Foster)",null,null],["0041400132",289,1,1,3,"9:33 PM","10:44","Ross  3PT Jump Shot (6 PTS) (DeRozan 3 AST)",null,null,"61 - 52","-9"],["0041400132",290,5,1,3,"9:34 PM","10:23","Valanciunas STEAL (1 STL)",null,"Pierce Bad Pass Turnover (P1.T5)",null,null],["0041400132",292,1,80,3,"9:34 PM","10:13","Lowry 20' Step Back Jump Shot (4 PTS)",null,null,"61 - 54","-7"],["0041400132",293,2,1,3,"9:35 PM","9:56",null,null,"MISS Pierce 11' Jump Shot",null,null],["0041400132",294,4,0,3,"9:35 PM","9:55","Valanciunas REBOUND (Off:0 Def:8)",null,null,null,null],["0041400132",295,1,63,3,"9:35 PM","9:45","DeRozan 16' Fadeaway Jumper (11 PTS)",null,null,"61 - 56","-5"],["0041400132",296,1,65,3,"9:35 PM","9:31",null,null,"Beal 7' Jump Hook Shot (22 PTS)","63 - 56","-7"],["0041400132",297,1,65,3,"9:35 PM","9:12","Valanciunas 5' Jump Hook Shot (12 PTS)",null,null,"63 - 58","-5"],["0041400132",298,5,4,3,"9:36 PM","8:43",null,null,"Pierce Traveling Turnover (P2.T6)",null,null],["0041400132",299,1,1,3,"9:36 PM","8:36","Ross 24' 3PT Jump Shot (9 PTS) (Lowry 4 AST)",null,null,"63 - 61","-2"],["0041400132",300,9,1,3,"9:36 PM","8:30",null,null,"Wizards Timeout: Regular (Reg.3 Short 0)",null,null],["0041400132",305,6,17,3,"9:40 PM","8:14","RAPTORS T.Foul (Def. 3 Sec Valanciunas ) (B.Kennedy)",null,null,null,null],["0041400132",306,3,16,3,"9:40 PM","8:14",null,null,"Wall Free Throw Technical (13 PTS)","64 - 61","-3"],["0041400132",308,1,1,3,"9:41 PM","7:59",null,null,"Wall 21' Jump Shot (15 PTS)","66 - 61","-5"],["0041400132",309,2,1,3,"9:41 PM","7:50","MISS Lowry 11' Jump Shot",null,null,null,null],["0041400132",310,4,0,3,"9:41 PM","7:49",null,null,"Nene REBOUND (Off:0 Def:7)",null,null],["0041400132",311,1,1,3,"9:41 PM","7:41",null,null,"Pierce 25' 3PT Jump Shot (9 PTS) (Wall 11 AST)","69 - 61","-8"],["0041400132",312,6,3,3,"9:41 PM","7:41",null,null,"Gortat L.B.FOUL (P3.T2) (B.Kennedy)",null,null],["0041400132",313,2,79,3,"9:42 PM","7:20","MISS Ross 9' Pullup Jump Shot",null,null,null,null],["0041400132",314,4,0,3,"9:42 PM","7:20",null,null,"Gortat REBOUND (Off:1 Def:5)",null,null],["0041400132",315,2,55,3,"9:42 PM","7:10",null,null,"MISS Gortat 6' Hook Shot",null,null],["0041400132",316,4,0,3,"9:42 PM","7:09",null,null,"Nene REBOUND (Off:1 Def:7)",null,null],["0041400132",317,1,72,3,"9:42 PM","7:07",null,null,"Nene  Putback Layup (6 PTS)","71 - 61","-10"],["0041400132",318,6,4,3,"9:43 PM","6:57","Valanciunas OFF.Foul (P1) (S.Foster)",null,null,null,null],["0041400132",319,5,5,3,"9:43 PM","6:57","Valanciunas Foul Turnover (P1.T6)",null,null,null,null],["0041400132",320,6,1,3,"9:43 PM","6:48","Hansbrough P.FOUL (P1.T2) (C.Kirkland)",null,null,null,null],["0041400132",321,1,79,3,"9:43 PM","6:41",null,null,"Beal 20' Pullup Jump Shot (24 PTS)","73 - 61","-12"],["0041400132",324,2,1,3,"9:44 PM","6:19","MISS DeRozan 20' Jump Shot",null,null,null,null],["0041400132",325,4,0,3,"9:44 PM","6:18","Valanciunas REBOUND (Off:1 Def:8)",null,null,null,null],["0041400132",326,6,2,3,"9:44 PM","6:09",null,null,"Gortat S.FOUL (P4.T3) (C.Kirkland)",null,null],["0041400132",327,3,11,3,"9:44 PM","6:09","Valanciunas Free Throw 1 of 2 (13 PTS)",null,null,"73 - 62","-11"],["0041400132",329,8,0,3,"9:45 PM","6:09",null,null,"SUB: Seraphin FOR Gortat",null,null],["0041400132",331,8,0,3,"9:45 PM","6:09","SUB: Johnson FOR Hansbrough",null,null,null,null],["0041400132",332,3,12,3,"9:45 PM","6:09","MISS Valanciunas Free Throw 2 of 2",null,null,null,null],["0041400132",334,4,0,3,"9:45 PM","6:09",null,null,"Nene REBOUND (Off:1 Def:8)",null,null],["0041400132",335,6,1,3,"9:45 PM","6:09","Johnson P.FOUL (P3.T3) (B.Kennedy)",null,null,null,null],["0041400132",337,6,4,3,"9:46 PM","6:02",null,null,"Pierce OFF.Foul (P3) (C.Kirkland)",null,null],["0041400132",338,5,5,3,"9:46 PM","6:02",null,null,"Pierce Foul Turnover (P3.T7)",null,null],["0041400132",339,8,0,3,"9:46 PM","6:02",null,null,"SUB: Porter FOR Pierce",null,null],["0041400132",340,6,1,3,"9:46 PM","5:52",null,null,"Seraphin P.FOUL (P1.T4) (C.Kirkland)",null,null],["0041400132",341,2,57,3,"9:47 PM","5:41","MISS Valanciunas 4' Driving Hook Shot",null,null,null,null],["0041400132",342,4,0,3,"9:47 PM","5:40","RAPTORS Rebound",null,null,null,null],["0041400132",343,5,11,3,"9:47 PM","5:38","RAPTORS Turnover: Shot Clock (T#7)",null,null,null,null],["0041400132",345,1,58,3,"9:48 PM","5:25",null,null,"Seraphin 10' Turnaround Hook Shot (2 PTS) (Wall 12 AST)","75 - 62","-13"],["0041400132",346,2,47,3,"9:48 PM","5:07","MISS DeRozan 11' Turnaround Jump Shot",null,null,null,null],["0041400132",347,4,0,3,"9:48 PM","5:06","Johnson REBOUND (Off:1 Def:2)",null,null,null,null],["0041400132",348,6,2,3,"9:48 PM","5:05",null,null,"Seraphin S.FOUL (P2.PN) (S.Foster)",null,null],["0041400132",349,3,11,3,"9:49 PM","5:05","MISS Johnson Free Throw 1 of 2",null,null,null,null],["0041400132",350,4,1,3,"9:49 PM","5:05","RAPTORS Rebound",null,null,null,null],["0041400132",351,3,12,3,"9:49 PM","5:05","Johnson Free Throw 2 of 2 (7 PTS)",null,null,"75 - 63","-12"],["0041400132",353,1,41,3,"9:49 PM","4:48",null,null,"Porter 4' Running Layup (5 PTS) (Wall 13 AST)","77 - 63","-14"],["0041400132",354,1,57,3,"9:50 PM","4:30","Valanciunas 3' Driving Hook Shot (15 PTS)",null,null,"77 - 65","-12"],["0041400132",355,6,2,3,"9:50 PM","4:11","Lowry S.FOUL (P4.T4) (S.Foster)",null,null,null,null],["0041400132",356,3,11,3,"9:50 PM","4:11",null,null,"MISS Seraphin Free Throw 1 of 2",null,null],["0041400132",357,4,1,3,"9:50 PM","4:11",null,null,"Wizards Rebound",null,null],["0041400132",358,8,0,3,"9:50 PM","4:11","SUB: Williams FOR Ross",null,null,null,null],["0041400132",359,3,12,3,"9:51 PM","4:11",null,null,"Seraphin Free Throw 2 of 2 (3 PTS)","78 - 65","-13"],["0041400132",361,6,27,3,"9:51 PM","3:59",null,null,"Nene Personal Block Foul (P2.PN) (S.Foster)",null,null],["0041400132",362,3,11,3,"9:51 PM","3:59","MISS Lowry Free Throw 1 of 2",null,null,null,null],["0041400132",363,4,1,3,"9:51 PM","3:59","RAPTORS Rebound",null,null,null,null],["0041400132",364,3,12,3,"9:52 PM","3:59","MISS Lowry Free Throw 2 of 2",null,null,null,null],["0041400132",366,4,0,3,"9:52 PM","3:58",null,null,"Seraphin REBOUND (Off:0 Def:1)",null,null],["0041400132",367,1,1,3,"9:52 PM","3:43",null,null,"Seraphin 14' Jump Shot (5 PTS) (Wall 14 AST)","80 - 65","-15"],["0041400132",368,2,1,3,"9:52 PM","3:20","MISS Valanciunas 13' Jump Shot",null,null,null,null],["0041400132",369,4,0,3,"9:52 PM","3:19",null,null,"Seraphin REBOUND (Off:0 Def:2)",null,null],["0041400132",370,5,1,3,"9:53 PM","3:10",null,null,"Nene Bad Pass Turnover (P1.T8)",null,null],["0041400132",371,5,1,3,"9:53 PM","2:57","Williams Bad Pass Turnover (P2.T8)",null,"Wall STEAL (1 STL)",null,null],["0041400132",372,6,1,3,"9:53 PM","2:55","Williams P.FOUL (P1.PN) (B.Kennedy)",null,null,null,null],["0041400132",373,9,1,3,"9:53 PM","2:55","RAPTORS Timeout: Regular (Full 3 Short 0)",null,null,null,null],["0041400132",375,8,0,3,"9:55 PM","2:55",null,null,"SUB: Gooden FOR Nene",null,null],["0041400132",376,8,0,3,"9:55 PM","2:55",null,null,"SUB: Sessions FOR Beal",null,null],["0041400132",377,8,0,3,"9:55 PM","2:55","SUB: Vasquez FOR Valanciunas",null,null,null,null],["0041400132",378,8,0,3,"9:55 PM","2:55","SUB: Patterson FOR Lowry",null,null,null,null],["0041400132",379,3,11,3,"9:56 PM","2:55",null,null,"MISS Seraphin Free Throw 1 of 2",null,null],["0041400132",380,4,1,3,"9:56 PM","2:55",null,null,"Wizards Rebound",null,null],["0041400132",381,3,12,3,"9:56 PM","2:55",null,null,"Seraphin Free Throw 2 of 2 (6 PTS)","81 - 65","-16"],["0041400132",383,1,65,3,"9:57 PM","2:44","Johnson 5' Jump Hook Shot (9 PTS) (DeRozan 4 AST)",null,null,"81 - 67","-14"],["0041400132",384,6,2,3,"9:57 PM","2:44",null,null,"Gooden S.FOUL (P1.PN) (C.Kirkland)",null,null],["0041400132",385,3,10,3,"9:57 PM","2:44","Johnson Free Throw 1 of 1 (10 PTS)",null,null,"81 - 68","-13"],["0041400132",388,5,2,3,"9:57 PM","2:29","Patterson STEAL (1 STL)",null,"Seraphin Lost Ball Turnover (P1.T9)",null,null],["0041400132",389,2,77,3,"9:58 PM","2:25","MISS Williams 2' Driving Jump Shot",null,"Wall BLOCK (1 BLK)",null,null],["0041400132",390,4,0,3,"9:58 PM","2:21",null,null,"Sessions REBOUND (Off:0 Def:1)",null,null],["0041400132",391,1,42,3,"9:58 PM","2:08",null,null,"Wall 4' Driving Layup (17 PTS)","83 - 68","-15"],["0041400132",392,6,29,3,"9:58 PM","2:08","Johnson Shooting Block Foul (P4.PN) (S.Foster)",null,null,null,null],["0041400132",393,6,11,3,"9:58 PM","2:08",null,null,null,null,null],["0041400132",394,3,16,3,"9:58 PM","2:08",null,null,"Wall Free Throw Technical (18 PTS)","84 - 68","-16"],["0041400132",396,3,10,3,"9:59 PM","2:08",null,null,"Wall Free Throw 1 of 1 (19 PTS)","85 - 68","-17"],["0041400132",398,2,1,3,"9:59 PM","1:49","MISS DeRozan 13' Jump Shot",null,null,null,null],["0041400132",399,4,0,3,"9:59 PM","1:48","DeRozan REBOUND (Off:1 Def:1)",null,null,null,null],["0041400132",400,1,47,3,"9:59 PM","1:45","DeRozan 6' Turnaround Jump Shot (13 PTS)",null,null,"85 - 70","-15"],["0041400132",402,1,1,3,"10:00 PM","1:28",null,null,"Sessions 24' 3PT Jump Shot (5 PTS) (Wall 15 AST)","88 - 70","-18"],["0041400132",403,6,2,3,"10:00 PM","1:17",null,null,"Porter S.FOUL (P3.PN) (B.Kennedy)",null,null],["0041400132",404,3,11,3,"10:00 PM","1:17","DeRozan Free Throw 1 of 2 (14 PTS)",null,null,"88 - 71","-17"],["0041400132",406,3,12,3,"10:00 PM","1:17","MISS DeRozan Free Throw 2 of 2",null,null,null,null],["0041400132",408,4,0,3,"10:01 PM","1:17",null,null,"Porter REBOUND (Off:1 Def:3)",null,null],["0041400132",409,1,1,3,"10:01 PM","1:02",null,null,"Wall 26' 3PT Jump Shot (22 PTS)","91 - 71","-20"],["0041400132",410,6,27,3,"10:01 PM","0:55",null,null,"Seraphin Personal Block Foul (P3.PN) (C.Kirkland)",null,null],["0041400132",411,3,11,3,"10:01 PM","0:55","Williams Free Throw 1 of 2 (5 PTS)",null,null,"91 - 72","-19"],["0041400132",413,3,12,3,"10:01 PM","0:55","Williams Free Throw 2 of 2 (6 PTS)",null,null,"91 - 73","-18"],["0041400132",415,1,1,3,"10:02 PM","0:46",null,null,"Gooden 26' 3PT Jump Shot (5 PTS) (Wall 16 AST)","94 - 73","-21"],["0041400132",416,6,29,3,"10:02 PM","0:40",null,null,"Gooden Shooting Block Foul (P2.PN) (B.Kennedy)",null,null],["0041400132",417,3,11,3,"10:02 PM","0:40","Williams Free Throw 1 of 2 (7 PTS)",null,null,"94 - 74","-20"],["0041400132",419,3,12,3,"10:02 PM","0:40","Williams Free Throw 2 of 2 (8 PTS)",null,null,"94 - 75","-19"],["0041400132",421,1,1,3,"10:03 PM","0:28",null,null,"Porter  3PT Jump Shot (8 PTS) (Gooden 2 AST)","97 - 75","-22"],["0041400132",422,2,42,3,"10:03 PM","0:23","MISS Williams 4' Driving Layup",null,null,null,null],["0041400132",423,4,0,3,"10:03 PM","0:22",null,null,"Gooden REBOUND (Off:3 Def:3)",null,null],["0041400132",424,2,1,3,"10:03 PM","0:00",null,null,"MISS Wall 27' 3PT Jump Shot",null,null],["0041400132",425,4,0,3,"10:03 PM","0:00","Johnson REBOUND (Off:1 Def:3)",null,null,null,null],["0041400132",426,13,0,3,"10:04 PM","0:00",null,null,null,"97 - 75","-22"],["0041400132",429,12,0,4,"10:07 PM","12:00",null,null,null,"97 - 75","-22"],["0041400132",430,6,1,4,"10:07 PM","11:47",null,null,"Gooden P.FOUL (P3.T1) (B.Kennedy)",null,null],["0041400132",431,1,80,4,"10:08 PM","11:39","Lowry 19' Step Back Jump Shot (6 PTS)",null,null,"97 - 77","-20"],["0041400132",432,1,1,4,"10:08 PM","11:18",null,null,"Porter 24' 3PT Jump Shot (11 PTS) (Beal 2 AST)","100 - 77","-23"],["0041400132",433,2,3,4,"10:08 PM","11:07","MISS Johnson 4' Hook Shot",null,null,null,null],["0041400132",434,4,0,4,"10:08 PM","11:06",null,null,"Porter REBOUND (Off:1 Def:4)",null,null],["0041400132",435,2,42,4,"10:08 PM","10:53",null,null,"MISS Sessions 3' Driving Layup",null,null],["0041400132",436,4,0,4,"10:08 PM","10:52","Johnson REBOUND (Off:1 Def:4)",null,null,null,null],["0041400132",437,2,1,4,"10:08 PM","10:48","MISS Lowry 25' 3PT Jump Shot",null,null,null,null],["0041400132",438,4,0,4,"10:08 PM","10:47",null,null,"Beal REBOUND (Off:0 Def:4)",null,null],["0041400132",439,2,1,4,"10:08 PM","10:40",null,null,"MISS Beal 26' 3PT Jump Shot",null,null],["0041400132",440,4,0,4,"10:09 PM","10:40","RAPTORS Rebound",null,null,null,null],["0041400132",441,2,1,4,"10:09 PM","10:30","MISS Williams 31' 3PT Jump Shot",null,null,null,null],["0041400132",442,4,0,4,"10:09 PM","10:29",null,null,"Sessions REBOUND (Off:0 Def:2)",null,null],["0041400132",443,2,1,4,"10:09 PM","10:09",null,null,"MISS Gooden 27' 3PT Jump Shot",null,null],["0041400132",444,4,0,4,"10:09 PM","10:08","Lowry REBOUND (Off:0 Def:2)",null,null,null,null],["0041400132",445,2,42,4,"10:09 PM","10:02","MISS Vasquez 3' Driving Layup",null,null,null,null],["0041400132",446,4,0,4,"10:09 PM","10:01",null,null,"Sessions REBOUND (Off:0 Def:3)",null,null],["0041400132",447,2,42,4,"10:10 PM","9:43",null,null,"MISS Beal 4' Driving Layup",null,null],["0041400132",448,4,0,4,"10:10 PM","9:42","Patterson REBOUND (Off:0 Def:2)",null,null,null,null],["0041400132",449,1,42,4,"10:10 PM","9:35","Williams 4' Driving Layup (10 PTS)",null,null,"100 - 79","-21"],["0041400132",451,6,1,4,"10:10 PM","9:23","Williams P.FOUL (P2.T1) (S.Foster)",null,null,null,null],["0041400132",452,5,2,4,"10:11 PM","9:10","Williams STEAL (1 STL)",null,"Beal Lost Ball Turnover (P2.T10)",null,null],["0041400132",453,2,1,4,"10:11 PM","9:03","MISS Williams 29' 3PT Jump Shot",null,null,null,null],["0041400132",454,4,0,4,"10:11 PM","9:02",null,null,"Beal REBOUND (Off:0 Def:5)",null,null],["0041400132",455,2,42,4,"10:11 PM","8:55",null,null,"MISS Gooden 4' Driving Layup",null,null],["0041400132",456,4,0,4,"10:11 PM","8:54",null,null,"Porter REBOUND (Off:2 Def:4)",null,null],["0041400132",457,1,54,4,"10:11 PM","8:51",null,null,"Porter 1' Running Tip Shot (13 PTS)","102 - 79","-23"],["0041400132",458,9,1,4,"10:11 PM","8:50","RAPTORS Timeout: Regular (Full 4 Short 0)",null,null,null,null],["0041400132",460,8,0,4,"10:13 PM","8:50","SUB: Valanciunas FOR Johnson",null,null,null,null],["0041400132",461,5,4,4,"10:14 PM","8:43","Lowry Traveling Turnover (P1.T9)",null,null,null,null],["0041400132",462,5,4,4,"10:14 PM","8:28",null,null,"Gooden Traveling Turnover (P1.T11)",null,null],["0041400132",463,8,0,4,"10:14 PM","8:28","SUB: DeRozan FOR Vasquez",null,null,null,null],["0041400132",464,1,1,4,"10:15 PM","8:14","Patterson 24' 3PT Jump Shot (10 PTS) (Valanciunas 1 AST)",null,null,"102 - 82","-20"],["0041400132",465,2,1,4,"10:15 PM","7:59",null,null,"MISS Seraphin 16' Jump Shot",null,null],["0041400132",466,4,0,4,"10:15 PM","7:57","Valanciunas REBOUND (Off:1 Def:9)",null,null,null,null],["0041400132",467,6,29,4,"10:15 PM","7:52",null,null,"Seraphin Shooting Block Foul (P4.T2) (S.Foster)",null,null],["0041400132",468,3,11,4,"10:15 PM","7:52","Williams Free Throw 1 of 2 (11 PTS)",null,null,"102 - 83","-19"],["0041400132",470,8,0,4,"10:16 PM","7:52",null,null,"SUB: Gortat FOR Seraphin",null,null],["0041400132",471,8,0,4,"10:16 PM","7:52",null,null,"SUB: Wall FOR Sessions",null,null],["0041400132",472,3,12,4,"10:16 PM","7:52","Williams Free Throw 2 of 2 (12 PTS)",null,null,"102 - 84","-18"],["0041400132",474,5,2,4,"10:16 PM","7:35","Williams STEAL (2 STL)",null,"Beal Lost Ball Turnover (P3.T12)",null,null],["0041400132",475,6,1,4,"10:17 PM","7:32",null,null,"Beal P.FOUL (P3.T3) (S.Foster)",null,null],["0041400132",476,6,16,4,"10:17 PM","7:32",null,null,null,null,null],["0041400132",477,2,1,4,"10:17 PM","7:14","MISS Lowry 12' Jump Shot",null,"Gortat BLOCK (3 BLK)",null,null],["0041400132",478,4,0,4,"10:17 PM","7:12",null,null,"Gortat REBOUND (Off:1 Def:6)",null,null],["0041400132",479,5,1,4,"10:17 PM","7:10","Patterson STEAL (2 STL)",null,"Gortat Bad Pass Turnover (P1.T13)",null,null],["0041400132",480,2,5,4,"10:17 PM","7:04","MISS Valanciunas 3' Layup",null,"Gooden BLOCK (1 BLK)",null,null],["0041400132",481,4,0,4,"10:17 PM","7:01","Williams REBOUND (Off:1 Def:0)",null,null,null,null],["0041400132",482,1,65,4,"10:18 PM","6:53","Williams 2' Jump Hook Shot (14 PTS)",null,null,"102 - 86","-16"],["0041400132",483,5,1,4,"10:18 PM","6:43",null,null,"Wall Bad Pass Turnover (P4.T14)",null,null],["0041400132",484,1,1,4,"10:18 PM","6:36","Patterson 26' 3PT Jump Shot (13 PTS) (DeRozan 5 AST)",null,null,"102 - 89","-13"],["0041400132",485,9,1,4,"10:18 PM","6:35",null,null,"Wizards Timeout: Regular (Reg.4 Short 0)",null,null],["0041400132",486,8,0,4,"10:20 PM","6:35",null,null,"SUB: Pierce FOR Gooden",null,null],["0041400132",488,1,79,4,"10:21 PM","6:14",null,null,"Beal 15' Pullup Jump Shot (26 PTS) (Gortat 1 AST)","104 - 89","-15"],["0041400132",491,9,2,4,"10:22 PM","5:56","RAPTORS Timeout: Short (Full 4 Short 1)",null,null,null,null],["0041400132",492,8,0,4,"10:23 PM","5:56","SUB: Vasquez FOR Lowry",null,null,null,null],["0041400132",494,2,1,4,"10:24 PM","5:53","MISS DeRozan 16' Jump Shot",null,null,null,null],["0041400132",495,4,0,4,"10:24 PM","5:52","Patterson REBOUND (Off:1 Def:2)",null,null,null,null],["0041400132",496,1,77,4,"10:24 PM","5:38","Williams 6' Driving Jump Shot (16 PTS)",null,null,"104 - 91","-13"],["0041400132",497,5,2,4,"10:24 PM","5:18","Williams STEAL (3 STL)",null,"Wall Lost Ball Turnover (P5.T15)",null,null],["0041400132",498,5,1,4,"10:24 PM","5:14","Williams Bad Pass Turnover (P3.T10)",null,"Beal STEAL (1 STL)",null,null],["0041400132",499,2,42,4,"10:24 PM","5:08","Valanciunas BLOCK (1 BLK)",null,"MISS Beal 1' Driving Layup",null,null],["0041400132",500,4,0,4,"10:24 PM","5:08",null,null,"Wizards Rebound",null,null],["0041400132",501,2,1,4,"10:25 PM","4:57",null,null,"MISS Wall 13' Jump Shot",null,null],["0041400132",502,4,0,4,"10:25 PM","4:56",null,null,"Gortat REBOUND (Off:2 Def:6)",null,null],["0041400132",503,2,4,4,"10:25 PM","4:54",null,null,"MISS Gortat 2' Tip Shot",null,null],["0041400132",504,4,0,4,"10:25 PM","4:53",null,null,"Porter REBOUND (Off:3 Def:4)",null,null],["0041400132",505,1,5,4,"10:25 PM","4:51",null,null,"Porter 3' Layup (15 PTS)","106 - 91","-15"],["0041400132",507,1,1,4,"10:25 PM","4:43","Williams 7' Jump Shot (18 PTS)",null,null,"106 - 93","-13"],["0041400132",508,6,1,4,"10:25 PM","4:24","Vasquez P.FOUL (P3.T2) (C.Kirkland)",null,null,null,null],["0041400132",509,2,1,4,"10:26 PM","4:09",null,null,"MISS Wall 16' Jump Shot",null,null],["0041400132",510,4,0,4,"10:26 PM","4:08","Patterson REBOUND (Off:1 Def:3)",null,null,null,null],["0041400132",511,2,3,4,"10:26 PM","3:56","MISS Valanciunas 4' Hook Shot",null,null,null,null],["0041400132",512,4,0,4,"10:26 PM","3:55",null,null,"Pierce REBOUND (Off:0 Def:2)",null,null],["0041400132",513,2,80,4,"10:27 PM","3:34",null,null,"MISS Beal 20' Step Back Jump Shot",null,null],["0041400132",514,4,0,4,"10:27 PM","3:33","DeRozan REBOUND (Off:1 Def:2)",null,null,null,null],["0041400132",515,1,1,4,"10:27 PM","3:23","Vasquez 27' 3PT Jump Shot (7 PTS) (DeRozan 6 AST)",null,null,"106 - 96","-10"],["0041400132",517,1,41,4,"10:27 PM","2:59",null,null,"Gortat 1' Running Layup (14 PTS) (Wall 17 AST)","108 - 96","-12"],["0041400132",518,6,2,4,"10:27 PM","2:59","DeRozan S.FOUL (P4.T3) (B.Kennedy)",null,null,null,null],["0041400132",519,9,4,4,"10:27 PM","2:59",null,null,null,null,null],["0041400132",521,8,0,4,"10:30 PM","2:59","SUB: Ross FOR Valanciunas",null,null,null,null],["0041400132",522,3,10,4,"10:30 PM","2:59",null,null,"Gortat Free Throw 1 of 1 (15 PTS)","109 - 96","-13"],["0041400132",524,6,4,4,"10:31 PM","2:53","DeRozan OFF.Foul (P5) (C.Kirkland)",null,null,null,null],["0041400132",525,5,5,4,"10:31 PM","2:53","DeRozan Foul Turnover (P3.T11)",null,null,null,null],["0041400132",527,2,1,4,"10:32 PM","2:29",null,null,"MISS Porter  3PT Jump Shot",null,null],["0041400132",528,4,0,4,"10:32 PM","2:28","DeRozan REBOUND (Off:1 Def:3)",null,null,null,null],["0041400132",529,1,88,4,"10:32 PM","2:19","Patterson  Driving Slam Dunk (15 PTS) (DeRozan 7 AST)",null,null,"109 - 98","-11"],["0041400132",530,6,2,4,"10:32 PM","1:58","Williams S.FOUL (P3.T4) (S.Foster)",null,null,null,null],["0041400132",531,3,11,4,"10:32 PM","1:58",null,null,"MISS Pierce Free Throw 1 of 2",null,null],["0041400132",532,4,1,4,"10:32 PM","1:58",null,null,"Wizards Rebound",null,null],["0041400132",533,3,12,4,"10:33 PM","1:58",null,null,"Pierce Free Throw 2 of 2 (10 PTS)","110 - 98","-12"],["0041400132",535,1,42,4,"10:33 PM","1:47","DeRozan 3' Driving Layup (16 PTS)",null,null,"110 - 100","-10"],["0041400132",536,6,2,4,"10:33 PM","1:40","Vasquez S.FOUL (P4.PN) (C.Kirkland)",null,null,null,null],["0041400132",537,3,11,4,"10:34 PM","1:40",null,null,"MISS Gortat Free Throw 1 of 2",null,null],["0041400132",538,4,1,4,"10:34 PM","1:40",null,null,"Wizards Rebound",null,null],["0041400132",539,3,12,4,"10:34 PM","1:40",null,null,"Gortat Free Throw 2 of 2 (16 PTS)","111 - 100","-11"],["0041400132",541,2,1,4,"10:34 PM","1:29","MISS Vasquez 25' 3PT Jump Shot",null,null,null,null],["0041400132",542,4,0,4,"10:34 PM","1:28",null,null,"Porter REBOUND (Off:3 Def:5)",null,null],["0041400132",543,1,1,4,"10:35 PM","1:09",null,null,"Wall 27' 3PT Jump Shot (25 PTS)","114 - 100","-14"],["0041400132",544,1,77,4,"10:35 PM","1:04","Williams 8' Driving Jump Shot (20 PTS)",null,null,"114 - 102","-12"],["0041400132",545,6,1,4,"10:35 PM","0:44","Ross P.FOUL (P2.PN) (B.Kennedy)",null,null,null,null],["0041400132",546,3,11,4,"10:35 PM","0:44",null,null,"MISS Wall Free Throw 1 of 2",null,null],["0041400132",547,4,1,4,"10:35 PM","0:44",null,null,"Wizards Rebound",null,null],["0041400132",548,3,12,4,"10:36 PM","0:44",null,null,"Wall Free Throw 2 of 2 (26 PTS)","115 - 102","-13"],["0041400132",550,9,1,4,"10:36 PM","0:44","RAPTORS Timeout: Regular (Full 5 Short 1)",null,null,null,null],["0041400132",552,8,0,4,"10:38 PM","0:44",null,null,"SUB: Sessions FOR Gortat",null,null],["0041400132",554,1,42,4,"10:38 PM","0:40","DeRozan 2' Driving Layup (18 PTS) (Vasquez 4 AST)",null,null,"115 - 104","-11"],["0041400132",555,6,1,4,"10:38 PM","0:35","Ross P.FOUL (P3.PN) (S.Foster)",null,null,null,null],["0041400132",556,3,11,4,"10:39 PM","0:35",null,null,"Beal Free Throw 1 of 2 (27 PTS)","116 - 104","-12"],["0041400132",558,3,12,4,"10:39 PM","0:35",null,null,"Beal Free Throw 2 of 2 (28 PTS)","117 - 104","-13"],["0041400132",560,9,2,4,"10:39 PM","0:35","RAPTORS Timeout: Short (Full 5 Short 2)",null,null,null,null],["0041400132",563,1,77,4,"10:40 PM","0:30","DeRozan 5' Driving Jump Shot (20 PTS) (Vasquez 5 AST)",null,null,"117 - 106","-11"],["0041400132",564,6,1,4,"10:40 PM","0:30","Williams P.FOUL (P4.PN) (S.Foster)",null,null,null,null],["0041400132",565,3,11,4,"10:41 PM","0:30",null,null,"MISS Wall Free Throw 1 of 2",null,null],["0041400132",566,4,1,4,"10:41 PM","0:30",null,null,"Wizards Rebound",null,null],["0041400132",567,3,12,4,"10:41 PM","0:30",null,null,"MISS Wall Free Throw 2 of 2",null,null],["0041400132",569,4,0,4,"10:41 PM","0:29",null,null,"Porter REBOUND (Off:4 Def:5)",null,null],["0041400132",570,5,11,4,"10:42 PM","0:05",null,null,"Wizards Turnover: Shot Clock (T#16)",null,null],["0041400132",572,2,1,4,"10:42 PM","0:00","MISS Williams 30' 3PT Jump Shot",null,null,null,null],["0041400132",573,4,0,4,"10:42 PM","0:00","RAPTORS Rebound",null,null,null,null],["0041400132",575,13,0,4,"10:43 PM","0:00",null,null,null,"117 - 106","-11"]]},{"name":"AvailableVideo","headers":["VIDEO_AVAILABLE_FLAG"],"rowSet":[[1]]}]}