{"resource":"playbyplay","parameters":{"GameID":"0041400106","StartPeriod":0,"EndPeriod":14},"resultSets":[{"name":"PlayByPlay","headers":["GAME_ID","EVENTNUM","EVENTMSGTYPE","EVENTMSGACTIONTYPE","PERIOD","WCTIMESTRING","PCTIMESTRING","HOMEDESCRIPTION","NEUTRALDESCRIPTION","VISITORDESCRIPTION","SCORE","SCOREMARGIN"],"rowSet":[["0041400106",0,12,0,1,"8:11 PM","12:00",null,null,null,null,null],["0041400106",1,10,0,1,"8:11 PM","12:00","Jump Ball Lopez vs. Horford: Tip to Young",null,null,null,null],["0041400106",2,1,5,1,"8:11 PM","11:42","Young 2' Layup (2 PTS) (Johnson 1 AST)",null,null,"0 - 2","2"],["0041400106",3,1,1,1,"8:11 PM","11:23",null,null,"Korver 26' 3PT Jump Shot (3 PTS) (Teague 1 AST)","3 - 2","-1"],["0041400106",4,1,65,1,"8:12 PM","11:05","Johnson 7' Jump Hook Shot (2 PTS)",null,null,"3 - 4","1"],["0041400106",6,6,1,1,"8:12 PM","10:46","Lopez P.FOUL (P1.T1) (J.Goble)",null,null,null,null],["0041400106",7,1,1,1,"8:13 PM","10:35",null,null,"Carroll 24' 3PT Jump Shot (3 PTS) (Teague 2 AST)","6 - 4","-2"],["0041400106",8,2,5,1,"8:13 PM","10:18","MISS D. Williams 2' Layup",null,null,null,null],["0041400106",9,4,0,1,"8:13 PM","10:16",null,null,"Horford REBOUND (Off:0 Def:1)",null,null],["0041400106",10,2,1,1,"8:13 PM","10:10",null,null,"MISS Millsap 25' 3PT Jump Shot",null,null],["0041400106",11,4,0,1,"8:13 PM","10:09","D. Williams REBOUND (Off:0 Def:1)",null,null,null,null],["0041400106",12,7,5,1,"8:13 PM","10:00",null,null,"Korver Violation:Kicked Ball (K.Mauer)",null,null],["0041400106",13,2,1,1,"8:14 PM","9:51","MISS Young 15' Jump Shot",null,null,null,null],["0041400106",14,4,0,1,"8:14 PM","9:50","Lopez REBOUND (Off:1 Def:0)",null,null,null,null],["0041400106",15,6,2,1,"8:14 PM","9:49",null,null,"Carroll S.FOUL (P1.T1) (J.Goble)",null,null],["0041400106",16,3,11,1,"8:14 PM","9:49","Lopez Free Throw 1 of 2 (1 PTS)",null,null,"6 - 5","-1"],["0041400106",18,3,12,1,"8:14 PM","9:49","Lopez Free Throw 2 of 2 (2 PTS)",null,null,"6 - 6","TIE"],["0041400106",20,6,2,1,"8:15 PM","9:31","Johnson S.FOUL (P1.T2) (J.Goble)",null,null,null,null],["0041400106",21,3,11,1,"8:15 PM","9:31",null,null,"MISS Millsap Free Throw 1 of 2",null,null],["0041400106",22,4,1,1,"8:15 PM","9:31",null,null,"Hawks Rebound",null,null],["0041400106",23,3,12,1,"8:15 PM","9:31",null,null,"Millsap Free Throw 2 of 2 (1 PTS)","7 - 6","-1"],["0041400106",25,2,1,1,"8:16 PM","9:19","MISS Lopez 20' Jump Shot",null,null,null,null],["0041400106",26,4,0,1,"8:16 PM","9:18",null,null,"Carroll REBOUND (Off:0 Def:1)",null,null],["0041400106",27,6,1,1,"8:16 PM","9:09","Young P.FOUL (P1.T3) (K.Mauer)",null,null,null,null],["0041400106",28,1,42,1,"8:16 PM","9:01",null,null,"Horford 2' Driving Layup (2 PTS) (Teague 3 AST)","9 - 6","-3"],["0041400106",29,5,1,1,"8:17 PM","8:39","Bogdanovic Bad Pass Turnover (P1.T1)",null,null,null,null],["0041400106",30,2,77,1,"8:17 PM","8:22",null,null,"MISS Teague 8' Driving Jump Shot",null,null],["0041400106",31,4,0,1,"8:17 PM","8:21","Lopez REBOUND (Off:1 Def:1)",null,null,null,null],["0041400106",32,2,78,1,"8:17 PM","8:10","MISS Lopez 8' Floating Jump Shot",null,null,null,null],["0041400106",33,4,0,1,"8:17 PM","8:09",null,null,"Horford REBOUND (Off:0 Def:2)",null,null],["0041400106",34,1,42,1,"8:18 PM","8:04",null,null,"Millsap 2' Driving Layup (3 PTS) (Teague 4 AST)","11 - 6","-5"],["0041400106",35,6,2,1,"8:18 PM","8:04","D. Williams S.FOUL (P1.T4) (K.Mauer)",null,null,null,null],["0041400106",36,3,10,1,"8:18 PM","8:04",null,null,"MISS Millsap Free Throw 1 of 1",null,null],["0041400106",38,4,0,1,"8:18 PM","8:02","Young REBOUND (Off:0 Def:1)",null,null,null,null],["0041400106",39,1,63,1,"8:18 PM","7:47","D. Williams 18' Fadeaway Jumper (2 PTS) (Johnson 2 AST)",null,null,"11 - 8","-3"],["0041400106",40,5,1,1,"8:19 PM","7:32","Johnson STEAL (1 STL)",null,"Carroll Bad Pass Turnover (P1.T1)",null,null],["0041400106",41,6,2,1,"8:19 PM","7:22",null,null,"Teague S.FOUL (P1.T2) (J.Goble)",null,null],["0041400106",42,3,13,1,"8:19 PM","7:22","D. Williams Free Throw 1 of 3 (3 PTS)",null,null,"11 - 9","-2"],["0041400106",44,3,14,1,"8:19 PM","7:22","MISS D. Williams Free Throw 2 of 3",null,null,null,null],["0041400106",45,4,1,1,"8:19 PM","7:22","NETS Rebound",null,null,null,null],["0041400106",46,8,0,1,"8:20 PM","7:22","SUB: Plumlee FOR Lopez",null,null,null,null],["0041400106",47,3,15,1,"8:20 PM","7:22","D. Williams Free Throw 3 of 3 (4 PTS)",null,null,"11 - 10","-1"],["0041400106",49,2,66,1,"8:20 PM","7:12",null,null,"MISS Horford 7' Jump Bank Shot",null,null],["0041400106",50,4,0,1,"8:20 PM","7:11","Bogdanovic REBOUND (Off:0 Def:1)",null,null,null,null],["0041400106",51,2,78,1,"8:20 PM","7:01","MISS Young 9' Floating Jump Shot",null,null,null,null],["0041400106",52,4,0,1,"8:20 PM","6:59",null,null,"Horford REBOUND (Off:0 Def:3)",null,null],["0041400106",53,1,5,1,"8:21 PM","6:38",null,null,"Carroll 2' Layup (5 PTS) (Millsap 1 AST)","13 - 10","-3"],["0041400106",54,2,1,1,"8:21 PM","6:21","MISS D. Williams  3PT Jump Shot",null,null,null,null],["0041400106",55,4,0,1,"8:21 PM","6:20",null,null,"Korver REBOUND (Off:0 Def:1)",null,null],["0041400106",56,1,1,1,"8:21 PM","6:01",null,null,"Horford 4' Jump Shot (4 PTS) (Teague 5 AST)","15 - 10","-5"],["0041400106",57,2,1,1,"8:22 PM","5:44","MISS Johnson 26' 3PT Jump Shot",null,null,null,null],["0041400106",58,4,0,1,"8:22 PM","5:43",null,null,"Korver REBOUND (Off:0 Def:2)",null,null],["0041400106",59,1,44,1,"8:22 PM","5:37",null,null,"Millsap 2' Reverse Layup (5 PTS) (Korver 1 AST)","17 - 10","-7"],["0041400106",60,9,1,1,"8:22 PM","5:36","NETS Timeout: Regular (Full 1 Short 0)",null,null,null,null],["0041400106",62,8,0,1,"8:25 PM","5:36",null,null,"SUB: Antic FOR Horford",null,null],["0041400106",63,8,0,1,"8:25 PM","5:36",null,null,"SUB: Bazemore FOR Carroll",null,null],["0041400106",64,8,0,1,"8:25 PM","5:36","SUB: Lopez FOR Young",null,null,null,null],["0041400106",65,5,1,1,"8:25 PM","5:23","D. Williams Bad Pass Turnover (P1.T2)",null,null,null,null],["0041400106",66,1,1,1,"8:26 PM","5:04",null,null,"Korver  3PT Jump Shot (6 PTS) (Millsap 2 AST)","20 - 10","-10"],["0041400106",67,6,1,1,"8:26 PM","4:51",null,null,"Antic P.FOUL (P1.T3) (J.Goble)",null,null],["0041400106",68,8,0,1,"8:26 PM","4:51","SUB: Jack FOR Plumlee",null,null,null,null],["0041400106",69,1,66,1,"8:26 PM","4:39","Lopez 5' Jump Bank Shot (4 PTS) (D. Williams 1 AST)",null,null,"20 - 12","-8"],["0041400106",70,1,1,1,"8:27 PM","4:25",null,null,"Korver 27' 3PT Jump Shot (9 PTS) (Teague 6 AST)","23 - 12","-11"],["0041400106",71,2,80,1,"8:27 PM","3:55","MISS D. Williams 18' Step Back Jump Shot",null,null,null,null],["0041400106",72,4,0,1,"8:27 PM","3:54",null,null,"Millsap REBOUND (Off:0 Def:1)",null,null],["0041400106",73,2,42,1,"8:27 PM","3:45",null,null,"MISS Teague 2' Driving Layup",null,null],["0041400106",74,4,0,1,"8:27 PM","3:44","Jack REBOUND (Off:0 Def:1)",null,null,null,null],["0041400106",75,5,40,1,"8:27 PM","3:41","D. Williams Out of Bounds Lost Ball Turnover (P2.T3)",null,null,null,null],["0041400106",76,8,0,1,"8:27 PM","3:41","SUB: Anderson FOR Bogdanovic",null,null,null,null],["0041400106",78,9,1,1,"8:28 PM","3:41",null,null,"Hawks Timeout: Regular (Reg.1 Short 0)",null,null],["0041400106",80,8,0,1,"8:31 PM","3:41",null,null,"SUB: Schroder FOR Teague",null,null],["0041400106",81,5,1,1,"8:31 PM","3:32","Anderson STEAL (1 STL)",null,"Korver Bad Pass Turnover (P1.T2)",null,null],["0041400106",82,2,5,1,"8:31 PM","3:28","MISS Lopez 1' Layup",null,null,null,null],["0041400106",83,4,0,1,"8:32 PM","3:26","NETS Rebound",null,null,null,null],["0041400106",84,6,3,1,"8:32 PM","3:26",null,null,"Bazemore L.B.FOUL (P1.T4) (E.Malloy)",null,null],["0041400106",85,1,5,1,"8:32 PM","3:11","Lopez 2' Layup (6 PTS) (Johnson 3 AST)",null,null,"23 - 14","-9"],["0041400106",86,6,1,1,"8:33 PM","2:55","Anderson P.FOUL (P1.PN) (J.Goble)",null,null,null,null],["0041400106",87,3,11,1,"8:33 PM","2:55",null,null,"Millsap Free Throw 1 of 2 (6 PTS)","24 - 14","-10"],["0041400106",89,3,12,1,"8:33 PM","2:55",null,null,"Millsap Free Throw 2 of 2 (7 PTS)","25 - 14","-11"],["0041400106",91,1,1,1,"8:33 PM","2:38","Lopez 5' Jump Shot (8 PTS) (D. Williams 2 AST)",null,null,"25 - 16","-9"],["0041400106",92,2,1,1,"8:34 PM","2:23",null,null,"MISS Schroder 25' 3PT Jump Shot",null,null],["0041400106",93,4,0,1,"8:34 PM","2:22","Jack REBOUND (Off:0 Def:2)",null,null,null,null],["0041400106",94,1,75,1,"8:34 PM","2:07","D. Williams 2' Driving Finger Roll Layup (6 PTS) (Johnson 4 AST)",null,null,"25 - 18","-7"],["0041400106",95,1,42,1,"8:34 PM","1:37",null,null,"Schroder 2' Driving Layup (2 PTS)","27 - 18","-9"],["0041400106",96,5,2,1,"8:35 PM","1:21","Jack Lost Ball Turnover (P1.T4)",null,"Korver STEAL (1 STL)",null,null],["0041400106",97,6,1,1,"8:35 PM","1:13","Anderson P.FOUL (P2.PN) (E.Malloy)",null,null,null,null],["0041400106",98,3,11,1,"8:35 PM","1:13",null,null,"Korver Free Throw 1 of 2 (10 PTS)","28 - 18","-10"],["0041400106",100,8,0,1,"8:36 PM","1:13",null,null,"SUB: Carroll FOR Millsap",null,null],["0041400106",101,8,0,1,"8:36 PM","1:13","SUB: Teletovic FOR D. Williams",null,null,null,null],["0041400106",102,8,0,1,"8:36 PM","1:13",null,null,"SUB: Horford FOR Bazemore",null,null],["0041400106",103,3,12,1,"8:36 PM","1:13",null,null,"Korver Free Throw 2 of 2 (11 PTS)","29 - 18","-11"],["0041400106",105,1,46,1,"8:36 PM","1:00","Lopez 8' Running Jump Shot (10 PTS)",null,null,"29 - 20","-9"],["0041400106",106,6,2,1,"8:36 PM","1:00",null,null,"Antic S.FOUL (P2.PN) (E.Malloy)",null,null],["0041400106",107,8,0,1,"8:37 PM","1:00",null,null,"SUB: Bazemore FOR Korver",null,null],["0041400106",108,8,0,1,"8:37 PM","1:00","SUB: Bogdanovic FOR Anderson",null,null,null,null],["0041400106",109,3,10,1,"8:37 PM","1:00","Lopez Free Throw 1 of 1 (11 PTS)",null,null,"29 - 21","-8"],["0041400106",111,1,75,1,"8:37 PM","0:54",null,null,"Schroder 2' Driving Finger Roll Layup (4 PTS)","31 - 21","-10"],["0041400106",112,5,2,1,"8:38 PM","0:38","Lopez Lost Ball Turnover (P1.T5)",null,"Bazemore STEAL (1 STL)",null,null],["0041400106",113,1,42,1,"8:38 PM","0:36",null,null,"Schroder 1' Driving Layup (6 PTS)","33 - 21","-12"],["0041400106",114,1,79,1,"8:38 PM","0:22","Jack 15' Pullup Jump Shot (2 PTS)",null,null,"33 - 23","-10"],["0041400106",115,1,1,1,"8:38 PM","0:01",null,null,"Carroll 26' 3PT Jump Shot (8 PTS) (Schroder 1 AST)","36 - 23","-13"],["0041400106",116,2,1,1,"8:38 PM","0:00","MISS Johnson 50' 3PT Jump Shot",null,null,null,null],["0041400106",117,4,0,1,"8:39 PM","0:00","NETS Rebound",null,null,null,null],["0041400106",118,13,0,1,"8:39 PM","0:00",null,null,null,"36 - 23","-13"],["0041400106",121,12,0,2,"8:42 PM","12:00",null,null,null,"36 - 23","-13"],["0041400106",122,5,40,2,"8:42 PM","11:51",null,null,"Schroder Out of Bounds Lost Ball Turnover (P1.T3)",null,null],["0041400106",123,2,1,2,"8:43 PM","11:31","MISS Lopez 4' Jump Shot",null,null,null,null],["0041400106",124,4,0,2,"8:43 PM","11:30","NETS Rebound",null,null,null,null],["0041400106",125,2,1,2,"8:43 PM","11:22","MISS Anderson  3PT Jump Shot",null,null,null,null],["0041400106",126,4,0,2,"8:43 PM","11:21","Bogdanovic REBOUND (Off:1 Def:1)",null,null,null,null],["0041400106",127,2,66,2,"8:43 PM","11:20","MISS Bogdanovic 7' Jump Bank Shot",null,null,null,null],["0041400106",128,4,0,2,"8:43 PM","11:19",null,null,"Hawks Rebound",null,null],["0041400106",129,2,1,2,"8:44 PM","11:04",null,null,"MISS Horford 18' Jump Shot",null,null],["0041400106",130,4,0,2,"8:44 PM","11:03","Bogdanovic REBOUND (Off:1 Def:2)",null,null,null,null],["0041400106",131,5,40,2,"8:44 PM","10:54","Bogdanovic Out of Bounds Lost Ball Turnover (P2.T6)",null,null,null,null],["0041400106",132,1,1,2,"8:44 PM","10:41",null,null,"Schroder 20' Jump Shot (8 PTS) (Horford 1 AST)","38 - 23","-15"],["0041400106",133,1,42,2,"8:45 PM","10:25","Young 3' Driving Layup (4 PTS) (Jack 1 AST)",null,null,"38 - 25","-13"],["0041400106",134,6,2,2,"8:45 PM","10:25",null,null,"Carroll S.FOUL (P2.T1) (E.Malloy)",null,null],["0041400106",135,3,10,2,"8:45 PM","10:25","MISS Young Free Throw 1 of 1",null,null,null,null],["0041400106",137,4,0,2,"8:45 PM","10:24",null,null,"Horford REBOUND (Off:0 Def:4)",null,null],["0041400106",138,2,1,2,"8:45 PM","10:10",null,null,"MISS Bazemore 25' 3PT Jump Shot",null,null],["0041400106",139,4,0,2,"8:45 PM","10:09","Young REBOUND (Off:0 Def:2)",null,null,null,null],["0041400106",141,6,1,2,"8:46 PM","9:55",null,null,"Carroll P.FOUL (P3.T2) (J.Goble)",null,null],["0041400106",142,8,0,2,"8:46 PM","9:55",null,null,"SUB: Korver FOR Carroll",null,null],["0041400106",143,8,0,2,"8:46 PM","9:55",null,null,"SUB: Mack FOR Bazemore",null,null],["0041400106",144,2,1,2,"8:47 PM","9:44","MISS Anderson 11' Jump Shot",null,null,null,null],["0041400106",145,4,0,2,"8:47 PM","9:43","Lopez REBOUND (Off:2 Def:1)",null,null,null,null],["0041400106",146,2,4,2,"8:47 PM","9:42","MISS Lopez 3' Tip Shot",null,null,null,null],["0041400106",147,4,0,2,"8:47 PM","9:41",null,null,"Hawks Rebound",null,null],["0041400106",148,2,1,2,"8:47 PM","9:36",null,null,"MISS Korver 25' 3PT Jump Shot",null,null],["0041400106",149,4,0,2,"8:47 PM","9:35","Bogdanovic REBOUND (Off:1 Def:3)",null,null,null,null],["0041400106",150,1,82,2,"8:47 PM","9:19","Young 5' Driving Bank Shot (6 PTS)",null,null,"38 - 27","-11"],["0041400106",151,2,1,2,"8:48 PM","8:58","Young BLOCK (1 BLK)",null,"MISS Schroder 10' Jump Shot",null,null],["0041400106",152,4,0,2,"8:48 PM","8:55","Anderson REBOUND (Off:0 Def:1)",null,null,null,null],["0041400106",153,2,1,2,"8:48 PM","8:48","MISS Anderson 18' Jump Shot",null,null,null,null],["0041400106",154,4,0,2,"8:48 PM","8:47","Young REBOUND (Off:1 Def:2)",null,null,null,null],["0041400106",155,1,1,2,"8:48 PM","8:44","Bogdanovic 25' 3PT Jump Shot (3 PTS) (Anderson 1 AST)",null,null,"38 - 30","-8"],["0041400106",156,9,1,2,"8:48 PM","8:42",null,null,"Hawks Timeout: Regular (Reg.2 Short 0)",null,null],["0041400106",158,8,0,2,"8:51 PM","8:42",null,null,"SUB: Teague FOR Schroder",null,null],["0041400106",159,8,0,2,"8:51 PM","8:42",null,null,"SUB: Millsap FOR Scott",null,null],["0041400106",160,1,1,2,"8:51 PM","8:26",null,null,"Millsap 8' Jump Shot (9 PTS) (Korver 2 AST)","40 - 30","-10"],["0041400106",161,1,5,2,"8:52 PM","8:11","Lopez 3' Layup (13 PTS) (Jack 2 AST)",null,null,"40 - 32","-8"],["0041400106",162,2,1,2,"8:52 PM","7:48",null,null,"MISS Mack 26' 3PT Jump Shot",null,null],["0041400106",163,4,0,2,"8:52 PM","7:46","Jack REBOUND (Off:0 Def:3)",null,null,null,null],["0041400106",164,5,2,2,"8:52 PM","7:35","Bogdanovic Lost Ball Turnover (P3.T7)",null,"Mack STEAL (1 STL)",null,null],["0041400106",165,2,1,2,"8:52 PM","7:26",null,null,"MISS Korver 25' 3PT Jump Shot",null,null],["0041400106",166,4,0,2,"8:52 PM","7:25","Jack REBOUND (Off:0 Def:4)",null,null,null,null],["0041400106",167,2,1,2,"8:53 PM","7:07","MISS Bogdanovic 25' 3PT Jump Shot",null,null,null,null],["0041400106",168,4,0,2,"8:53 PM","7:06",null,null,"Millsap REBOUND (Off:0 Def:2)",null,null],["0041400106",169,2,42,2,"8:53 PM","7:02",null,null,"MISS Millsap 2' Driving Layup",null,null],["0041400106",170,4,0,2,"8:53 PM","7:01","Anderson REBOUND (Off:0 Def:2)",null,null,null,null],["0041400106",171,9,1,2,"8:53 PM","7:01","NETS Timeout: Regular (Full 2 Short 0)",null,null,null,null],["0041400106",173,8,0,2,"8:55 PM","7:01","SUB: Johnson FOR Anderson",null,null,null,null],["0041400106",174,8,0,2,"8:55 PM","7:01",null,null,"SUB: Antic FOR Horford",null,null],["0041400106",175,2,84,2,"8:56 PM","6:47","MISS Jack 11' Running Bank Shot",null,null,null,null],["0041400106",176,4,0,2,"8:56 PM","6:46",null,null,"Korver REBOUND (Off:0 Def:3)",null,null],["0041400106",177,2,1,2,"8:57 PM","6:23",null,null,"MISS Korver 28' 3PT Jump Shot",null,null],["0041400106",178,4,0,2,"8:57 PM","6:21","NETS Rebound",null,null,null,null],["0041400106",179,6,2,2,"8:57 PM","5:58",null,null,"Teague S.FOUL (P2.T3) (J.Goble)",null,null],["0041400106",180,3,11,2,"8:58 PM","5:58","Jack Free Throw 1 of 2 (3 PTS)",null,null,"40 - 33","-7"],["0041400106",182,8,0,2,"8:58 PM","5:58",null,null,"SUB: Bazemore FOR Mack",null,null],["0041400106",183,3,12,2,"8:58 PM","5:58","Jack Free Throw 2 of 2 (4 PTS)",null,null,"40 - 34","-6"],["0041400106",185,6,1,2,"8:58 PM","5:50","Bogdanovic P.FOUL (P1.T1) (E.Malloy)",null,null,null,null],["0041400106",186,2,66,2,"8:59 PM","5:37",null,null,"MISS Millsap 8' Jump Bank Shot",null,null],["0041400106",187,4,0,2,"8:59 PM","5:36","Young REBOUND (Off:1 Def:3)",null,null,null,null],["0041400106",188,1,1,2,"8:59 PM","5:20","Johnson 25' 3PT Jump Shot (5 PTS) (Jack 3 AST)",null,null,"40 - 37","-3"],["0041400106",189,2,5,2,"8:59 PM","5:04",null,null,"MISS Millsap 1' Layup",null,null],["0041400106",190,4,0,2,"8:59 PM","5:04","Johnson REBOUND (Off:0 Def:1)",null,null,null,null],["0041400106",191,2,1,2,"8:59 PM","4:53","MISS Jack 25' 3PT Jump Shot",null,null,null,null],["0041400106",192,4,0,2,"8:59 PM","4:52",null,null,"Millsap REBOUND (Off:0 Def:3)",null,null],["0041400106",193,1,1,2,"9:00 PM","4:33",null,null,"Millsap 25' 3PT Jump Shot (12 PTS) (Korver 3 AST)","43 - 37","-6"],["0041400106",194,6,3,2,"9:00 PM","4:21",null,null,"Antic L.B.FOUL (P3.T4) (K.Mauer)",null,null],["0041400106",195,8,0,2,"9:00 PM","4:21","SUB: D. Williams FOR Jack",null,null,null,null],["0041400106",196,8,0,2,"9:00 PM","4:21",null,null,"SUB: Horford FOR Antic",null,null],["0041400106",197,2,80,2,"9:01 PM","4:08","MISS Johnson 20' Step Back Jump Shot",null,null,null,null],["0041400106",198,4,0,2,"9:01 PM","4:07",null,null,"Korver REBOUND (Off:0 Def:4)",null,null],["0041400106",199,1,1,2,"9:01 PM","4:00",null,null,"Horford 17' Jump Shot (6 PTS) (Teague 7 AST)","45 - 37","-8"],["0041400106",200,2,1,2,"9:01 PM","3:44","MISS Bogdanovic 24' 3PT Jump Shot",null,"Korver BLOCK (1 BLK)",null,null],["0041400106",201,4,0,2,"9:01 PM","3:43",null,null,"Millsap REBOUND (Off:0 Def:4)",null,null],["0041400106",202,6,26,2,"9:01 PM","3:35",null,null,"Millsap Offensive Charge Foul (P1.PN) (E.Malloy)",null,null],["0041400106",203,5,5,2,"9:01 PM","3:35",null,null,"Millsap Foul Turnover (P1.T4)",null,null],["0041400106",204,2,84,2,"9:02 PM","3:23","MISS Johnson 8' Running Bank Shot",null,null,null,null],["0041400106",205,4,0,2,"9:02 PM","3:22",null,null,"Hawks Rebound",null,null],["0041400106",206,7,5,2,"9:02 PM","3:05","Young Violation:Kicked Ball (K.Mauer)",null,null,null,null],["0041400106",207,2,1,2,"9:03 PM","2:53",null,null,"MISS Horford 18' Jump Shot",null,null],["0041400106",208,4,0,2,"9:03 PM","2:52","Young REBOUND (Off:1 Def:4)",null,null,null,null],["0041400106",209,1,79,2,"9:03 PM","2:37","D. Williams 17' Pullup Jump Shot (8 PTS)",null,null,"45 - 39","-6"],["0041400106",210,6,2,2,"9:03 PM","2:30","Young S.FOUL (P2.T2) (E.Malloy)",null,null,null,null],["0041400106",211,9,4,2,"9:03 PM","2:30",null,null,null,null,null],["0041400106",213,8,0,2,"9:06 PM","2:30",null,null,"SUB: Schroder FOR Korver",null,null],["0041400106",214,8,0,2,"9:06 PM","2:30","SUB: Anderson FOR Young",null,null,null,null],["0041400106",215,3,11,2,"9:06 PM","2:30",null,null,"Horford Free Throw 1 of 2 (7 PTS)","46 - 39","-7"],["0041400106",217,3,12,2,"9:06 PM","2:30",null,null,"Horford Free Throw 2 of 2 (8 PTS)","47 - 39","-8"],["0041400106",219,2,1,2,"9:07 PM","2:07","MISS Anderson 5' Jump Shot",null,null,null,null],["0041400106",220,4,0,2,"9:07 PM","2:06",null,null,"Horford REBOUND (Off:0 Def:5)",null,null],["0041400106",221,2,1,2,"9:07 PM","1:57",null,null,"MISS Teague 25' 3PT Jump Shot",null,null],["0041400106",222,4,0,2,"9:07 PM","1:55","D. Williams REBOUND (Off:0 Def:2)",null,null,null,null],["0041400106",223,6,1,2,"9:07 PM","1:48",null,null,"Bazemore P.FOUL (P2.PN) (K.Mauer)",null,null],["0041400106",224,3,11,2,"9:08 PM","1:48","MISS Bogdanovic Free Throw 1 of 2",null,null,null,null],["0041400106",225,4,1,2,"9:08 PM","1:48","NETS Rebound",null,null,null,null],["0041400106",226,8,0,2,"9:08 PM","1:48",null,null,"SUB: Korver FOR Teague",null,null],["0041400106",227,3,12,2,"9:08 PM","1:48","Bogdanovic Free Throw 2 of 2 (4 PTS)",null,null,"47 - 40","-7"],["0041400106",229,1,5,2,"9:08 PM","1:29",null,null,"Bazemore 2' Layup (2 PTS) (Millsap 3 AST)","49 - 40","-9"],["0041400106",230,1,1,2,"9:09 PM","1:02","Johnson 24' 3PT Jump Shot (8 PTS) (Anderson 2 AST)",null,null,"49 - 43","-6"],["0041400106",231,2,1,2,"9:09 PM","0:46",null,null,"MISS Schroder 20' Jump Shot",null,null],["0041400106",232,4,0,2,"9:09 PM","0:45","Johnson REBOUND (Off:0 Def:2)",null,null,null,null],["0041400106",233,2,46,2,"9:09 PM","0:30","MISS Anderson 7' Running Jump Shot",null,null,null,null],["0041400106",234,4,0,2,"9:10 PM","0:29",null,null,"Millsap REBOUND (Off:0 Def:5)",null,null],["0041400106",235,9,2,2,"9:10 PM","0:19",null,null,"Hawks Timeout: Short (Reg.2 Short 1)",null,null],["0041400106",237,8,0,2,"9:11 PM","0:19","SUB: Plumlee FOR Lopez",null,null,null,null],["0041400106",238,1,66,2,"9:11 PM","0:16",null,null,"Millsap 7' Jump Bank Shot (14 PTS)","51 - 43","-8"],["0041400106",239,6,2,2,"9:11 PM","0:16","Plumlee S.FOUL (P1.T3) (E.Malloy)",null,null,null,null],["0041400106",240,8,0,2,"9:12 PM","0:16","SUB: Lopez FOR Plumlee",null,null,null,null],["0041400106",241,3,10,2,"9:12 PM","0:16",null,null,"MISS Millsap Free Throw 1 of 1",null,null],["0041400106",243,4,0,2,"9:12 PM","0:15","Lopez REBOUND (Off:2 Def:2)",null,null,null,null],["0041400106",244,9,2,2,"9:12 PM","0:15","NETS Timeout: Short (Full 2 Short 1)",null,null,null,null],["0041400106",246,8,0,2,"9:13 PM","0:15","SUB: Jack FOR Lopez",null,null,null,null],["0041400106",247,8,0,2,"9:13 PM","0:15",null,null,"SUB: Mack FOR Horford",null,null],["0041400106",249,1,1,2,"9:14 PM","0:01","Johnson 12' Jump Shot (10 PTS) (Anderson 3 AST)",null,null,"51 - 45","-6"],["0041400106",250,5,4,2,"9:14 PM","0:00",null,null,"Schroder Traveling Turnover (P2.T5)",null,null],["0041400106",251,8,0,2,"9:15 PM","0:00",null,null,"SUB: Muscala FOR Mack",null,null],["0041400106",252,2,1,2,"9:15 PM","0:00","MISS Johnson 27' 3PT Jump Shot",null,null,null,null],["0041400106",253,4,0,2,"9:15 PM","0:00","NETS Rebound",null,null,null,null],["0041400106",254,13,0,2,"9:15 PM","0:00",null,null,null,"51 - 45","-6"],["0041400106",256,12,0,3,"9:33 PM","12:00",null,null,null,"51 - 45","-6"],["0041400106",258,2,1,3,"9:34 PM","11:39",null,null,"MISS Horford 25' 3PT Jump Shot",null,null],["0041400106",259,4,0,3,"9:34 PM","11:38","Johnson REBOUND (Off:0 Def:3)",null,null,null,null],["0041400106",260,2,5,3,"9:34 PM","11:23","MISS Young 2' Layup",null,null,null,null],["0041400106",261,4,0,3,"9:34 PM","11:22",null,null,"Korver REBOUND (Off:0 Def:5)",null,null],["0041400106",262,2,1,3,"9:34 PM","11:10",null,null,"MISS Millsap 18' Jump Shot",null,null],["0041400106",263,4,0,3,"9:34 PM","11:09","Johnson REBOUND (Off:0 Def:4)",null,null,null,null],["0041400106",264,5,1,3,"9:35 PM","10:58","D. Williams Bad Pass Turnover (P3.T8)",null,"Teague STEAL (1 STL)",null,null],["0041400106",265,1,42,3,"9:35 PM","10:55",null,null,"Carroll 1' Driving Layup (10 PTS) (Teague 8 AST)","53 - 45","-8"],["0041400106",266,2,1,3,"9:35 PM","10:34","MISS Lopez 20' Jump Shot",null,null,null,null],["0041400106",267,4,0,3,"9:35 PM","10:33",null,null,"Carroll REBOUND (Off:0 Def:2)",null,null],["0041400106",268,1,1,3,"9:35 PM","10:26",null,null,"Korver 25' 3PT Jump Shot (14 PTS) (Carroll 1 AST)","56 - 45","-11"],["0041400106",269,5,1,3,"9:35 PM","10:15","D. Williams Bad Pass Turnover (P4.T9)",null,"Teague STEAL (2 STL)",null,null],["0041400106",270,1,42,3,"9:35 PM","10:11",null,null,"Carroll 2' Driving Layup (12 PTS) (Teague 9 AST)","58 - 45","-13"],["0041400106",271,6,2,3,"9:35 PM","10:11","D. Williams S.FOUL (P2.T1) (E.Malloy)",null,null,null,null],["0041400106",272,9,1,3,"9:36 PM","10:11","NETS Timeout: Regular (Full 3 Short 1)",null,null,null,null],["0041400106",274,3,10,3,"9:39 PM","10:11",null,null,"Carroll Free Throw 1 of 1 (13 PTS)","59 - 45","-14"],["0041400106",276,2,1,3,"9:39 PM","9:50","MISS Bogdanovic  3PT Jump Shot",null,null,null,null],["0041400106",277,4,0,3,"9:39 PM","9:49",null,null,"Millsap REBOUND (Off:0 Def:6)",null,null],["0041400106",278,2,1,3,"9:40 PM","9:35",null,null,"MISS Millsap 24' 3PT Jump Shot",null,null],["0041400106",279,4,0,3,"9:40 PM","9:34","D. Williams REBOUND (Off:0 Def:3)",null,null,null,null],["0041400106",280,2,1,3,"9:40 PM","9:20","MISS Lopez 10' Jump Shot",null,null,null,null],["0041400106",281,4,0,3,"9:40 PM","9:19",null,null,"Hawks Rebound",null,null],["0041400106",282,6,3,3,"9:40 PM","9:19","Lopez L.B.FOUL (P2.T2) (K.Mauer)",null,null,null,null],["0041400106",283,2,1,3,"9:40 PM","9:09",null,null,"MISS Teague 12' Jump Shot",null,null],["0041400106",284,4,0,3,"9:40 PM","9:08","Young REBOUND (Off:1 Def:5)",null,null,null,null],["0041400106",285,1,1,3,"9:41 PM","8:54","D. Williams 26' 3PT Jump Shot (11 PTS) (Johnson 5 AST)",null,null,"59 - 48","-11"],["0041400106",286,1,1,3,"9:41 PM","8:37",null,null,"Korver 26' 3PT Jump Shot (17 PTS) (Millsap 4 AST)","62 - 48","-14"],["0041400106",287,2,1,3,"9:41 PM","8:26","MISS Johnson 28' 3PT Jump Shot",null,null,null,null],["0041400106",288,4,0,3,"9:41 PM","8:25",null,null,"Millsap REBOUND (Off:0 Def:7)",null,null],["0041400106",289,1,1,3,"9:41 PM","8:19",null,null,"Carroll 24' 3PT Jump Shot (16 PTS) (Millsap 5 AST)","65 - 48","-17"],["0041400106",290,5,2,3,"9:42 PM","7:55","Young Lost Ball Turnover (P1.T10)",null,"Korver STEAL (2 STL)",null,null],["0041400106",291,6,1,3,"9:42 PM","7:54","Johnson P.FOUL (P2.T3) (J.Goble)",null,null,null,null],["0041400106",292,8,0,3,"9:42 PM","7:54",null,null,"SUB: Bazemore FOR Carroll",null,null],["0041400106",293,1,1,3,"9:42 PM","7:42",null,null,"Horford 19' Jump Shot (10 PTS) (Teague 10 AST)","67 - 48","-19"],["0041400106",294,5,1,3,"9:42 PM","7:29","Young Bad Pass Turnover (P2.T11)",null,"Millsap STEAL (1 STL)",null,null],["0041400106",295,1,5,3,"9:42 PM","7:24",null,null,"Horford 2' Layup (12 PTS) (Bazemore 1 AST)","69 - 48","-21"],["0041400106",296,9,2,3,"9:43 PM","7:22","NETS Timeout: Short (Full 3 Short 2)",null,null,null,null],["0041400106",298,8,0,3,"9:44 PM","7:22","SUB: Jack FOR D. Williams",null,null,null,null],["0041400106",299,8,0,3,"9:44 PM","7:22","SUB: Anderson FOR Young",null,null,null,null],["0041400106",300,2,1,3,"9:44 PM","7:12","MISS Jack 14' Jump Shot",null,"Teague BLOCK (1 BLK)",null,null],["0041400106",301,4,0,3,"9:44 PM","7:10",null,null,"Millsap REBOUND (Off:0 Def:8)",null,null],["0041400106",302,1,44,3,"9:44 PM","7:03",null,null,"Millsap 3' Reverse Layup (16 PTS) (Teague 11 AST)","71 - 48","-23"],["0041400106",303,2,77,3,"9:45 PM","6:46","MISS Johnson 7' Driving Jump Shot",null,null,null,null],["0041400106",304,4,0,3,"9:45 PM","6:45",null,null,"Horford REBOUND (Off:0 Def:6)",null,null],["0041400106",305,1,1,3,"9:45 PM","6:39",null,null,"Korver 25' 3PT Jump Shot (20 PTS) (Horford 2 AST)","74 - 48","-26"],["0041400106",306,5,1,3,"9:45 PM","6:23","Jack Bad Pass Turnover (P2.T12)",null,"Millsap STEAL (2 STL)",null,null],["0041400106",307,5,1,3,"9:45 PM","6:19","Johnson STEAL (2 STL)",null,"Millsap Bad Pass Turnover (P2.T6)",null,null],["0041400106",308,2,1,3,"9:45 PM","6:11","MISS Bogdanovic 17' Jump Shot",null,null,null,null],["0041400106",309,4,0,3,"9:45 PM","6:10",null,null,"Teague REBOUND (Off:0 Def:1)",null,null],["0041400106",310,2,3,3,"9:46 PM","5:53",null,null,"MISS Horford 7' Hook Shot",null,null],["0041400106",311,4,0,3,"9:46 PM","5:52","Lopez REBOUND (Off:2 Def:3)",null,null,null,null],["0041400106",312,2,1,3,"9:46 PM","5:38","MISS Bogdanovic 25' 3PT Jump Shot",null,null,null,null],["0041400106",313,4,0,3,"9:46 PM","5:37","Lopez REBOUND (Off:3 Def:3)",null,null,null,null],["0041400106",314,1,1,3,"9:46 PM","5:31","Anderson 24' 3PT Jump Shot (3 PTS) (Johnson 6 AST)",null,null,"74 - 51","-23"],["0041400106",315,5,4,3,"9:46 PM","5:15",null,null,"Teague Traveling Turnover (P1.T7)",null,null],["0041400106",316,8,0,3,"9:46 PM","5:15",null,null,"SUB: Carroll FOR Korver",null,null],["0041400106",317,6,2,3,"9:47 PM","5:04",null,null,"Carroll S.FOUL (P4.T1) (K.Mauer)",null,null],["0041400106",318,3,11,3,"9:47 PM","5:04","Bogdanovic Free Throw 1 of 2 (5 PTS)",null,null,"74 - 52","-22"],["0041400106",320,8,0,3,"9:47 PM","5:04",null,null,"SUB: Antic FOR Horford",null,null],["0041400106",321,8,0,3,"9:47 PM","5:04",null,null,"SUB: Korver FOR Carroll",null,null],["0041400106",322,8,0,3,"9:48 PM","5:04","SUB: Plumlee FOR Lopez",null,null,null,null],["0041400106",323,3,12,3,"9:48 PM","5:04","MISS Bogdanovic Free Throw 2 of 2",null,null,null,null],["0041400106",325,4,0,3,"9:48 PM","5:02",null,null,"Korver REBOUND (Off:0 Def:6)",null,null],["0041400106",326,6,1,3,"9:48 PM","4:53","Plumlee P.FOUL (P2.T4) (K.Mauer)",null,null,null,null],["0041400106",327,2,42,3,"9:49 PM","4:37",null,null,"MISS Teague 2' Driving Layup",null,null],["0041400106",328,4,0,3,"9:49 PM","4:36","Anderson REBOUND (Off:0 Def:3)",null,null,null,null],["0041400106",329,2,1,3,"9:49 PM","4:27","MISS Anderson 24' 3PT Jump Shot",null,null,null,null],["0041400106",330,4,0,3,"9:49 PM","4:22",null,null,"Antic REBOUND (Off:0 Def:1)",null,null],["0041400106",331,1,1,3,"9:49 PM","4:16",null,null,"Millsap 8' Jump Shot (18 PTS) (Teague 12 AST)","76 - 52","-24"],["0041400106",332,2,1,3,"9:49 PM","4:03","MISS Jack 16' Jump Shot",null,null,null,null],["0041400106",333,4,0,3,"9:49 PM","4:01",null,null,"Korver REBOUND (Off:0 Def:7)",null,null],["0041400106",334,1,42,3,"9:49 PM","3:53",null,null,"Millsap 2' Driving Layup (20 PTS) (Teague 13 AST)","78 - 52","-26"],["0041400106",335,1,42,3,"9:50 PM","3:43","Bogdanovic 2' Driving Layup (7 PTS)",null,null,"78 - 54","-24"],["0041400106",336,6,2,3,"9:50 PM","3:43",null,null,"Antic S.FOUL (P4.T2) (K.Mauer)",null,null],["0041400106",337,8,0,3,"9:50 PM","3:43",null,null,"SUB: Schroder FOR Teague",null,null],["0041400106",338,3,10,3,"9:50 PM","3:43","Bogdanovic Free Throw 1 of 1 (8 PTS)",null,null,"78 - 55","-23"],["0041400106",340,9,1,3,"9:50 PM","3:40",null,null,"Hawks Timeout: Regular (Reg.3 Short 1)",null,null],["0041400106",342,5,1,3,"9:53 PM","3:39","Plumlee STEAL (1 STL)",null,"Bazemore Bad Pass Turnover (P1.T8)",null,null],["0041400106",343,1,42,3,"9:53 PM","3:36","Plumlee 3' Driving Layup (2 PTS)",null,null,"78 - 57","-21"],["0041400106",344,6,2,3,"9:53 PM","3:36",null,null,"Antic S.FOUL (P5.T3) (J.Goble)",null,null],["0041400106",345,8,0,3,"9:53 PM","3:36",null,null,"SUB: Scott FOR Antic",null,null],["0041400106",346,3,10,3,"9:54 PM","3:36","MISS Plumlee Free Throw 1 of 1",null,null,null,null],["0041400106",348,4,0,3,"9:54 PM","3:35",null,null,"Scott REBOUND (Off:0 Def:1)",null,null],["0041400106",350,1,1,3,"9:54 PM","3:12",null,null,"Schroder 19' Jump Shot (10 PTS) (Korver 4 AST)","80 - 57","-23"],["0041400106",351,6,1,3,"9:55 PM","2:58",null,null,"Bazemore P.FOUL (P3.T4) (E.Malloy)",null,null],["0041400106",352,6,1,3,"9:55 PM","2:57",null,null,"Scott P.FOUL (P1.PN) (J.Goble)",null,null],["0041400106",353,3,11,3,"9:55 PM","2:57","Plumlee Free Throw 1 of 2 (3 PTS)",null,null,"80 - 58","-22"],["0041400106",355,3,12,3,"9:55 PM","2:57","Plumlee Free Throw 2 of 2 (4 PTS)",null,null,"80 - 59","-21"],["0041400106",357,1,1,3,"9:56 PM","2:37",null,null,"Bazemore 24' 3PT Jump Shot (5 PTS) (Millsap 6 AST)","83 - 59","-24"],["0041400106",358,5,1,3,"9:56 PM","2:25","Jack Bad Pass Turnover (P3.T13)",null,"Korver STEAL (3 STL)",null,null],["0041400106",359,2,1,3,"9:56 PM","2:18",null,null,"MISS Bazemore 24' 3PT Jump Shot",null,null],["0041400106",360,4,0,3,"9:56 PM","2:17","Johnson REBOUND (Off:0 Def:5)",null,null,null,null],["0041400106",361,1,1,3,"9:56 PM","2:09","Anderson  3PT Jump Shot (6 PTS) (Bogdanovic 1 AST)",null,null,"83 - 62","-21"],["0041400106",362,1,5,3,"9:57 PM","1:48",null,null,"Bazemore 2' Layup (7 PTS) (Schroder 2 AST)","85 - 62","-23"],["0041400106",363,2,1,3,"9:57 PM","1:37","MISS Jack 12' Jump Shot",null,null,null,null],["0041400106",364,4,0,3,"9:57 PM","1:36",null,null,"Millsap REBOUND (Off:0 Def:9)",null,null],["0041400106",365,6,2,3,"9:57 PM","1:27","Plumlee S.FOUL (P3.PN) (J.Goble)",null,null,null,null],["0041400106",366,3,11,3,"9:57 PM","1:27",null,null,"Millsap Free Throw 1 of 2 (21 PTS)","86 - 62","-24"],["0041400106",368,8,0,3,"9:58 PM","1:27","SUB: Lopez FOR Plumlee",null,null,null,null],["0041400106",369,8,0,3,"9:58 PM","1:27",null,null,"SUB: Horford FOR Scott",null,null],["0041400106",370,8,0,3,"9:58 PM","1:27",null,null,"SUB: Carroll FOR Korver",null,null],["0041400106",371,3,12,3,"9:58 PM","1:27",null,null,"Millsap Free Throw 2 of 2 (22 PTS)","87 - 62","-25"],["0041400106",373,2,42,3,"9:58 PM","1:10","MISS Bogdanovic 2' Driving Layup",null,null,null,null],["0041400106",374,4,0,3,"9:58 PM","1:09",null,null,"Carroll REBOUND (Off:0 Def:3)",null,null],["0041400106",375,1,1,3,"9:58 PM","1:01",null,null,"Millsap  3PT Jump Shot (25 PTS) (Horford 3 AST)","90 - 62","-28"],["0041400106",376,2,1,3,"9:59 PM","0:39","MISS Lopez 6' Jump Shot",null,null,null,null],["0041400106",377,4,0,3,"9:59 PM","0:38","Lopez REBOUND (Off:4 Def:3)",null,null,null,null],["0041400106",378,1,72,3,"9:59 PM","0:37","Lopez 3' Putback Layup (15 PTS)",null,null,"90 - 64","-26"],["0041400106",379,2,42,3,"9:59 PM","0:28",null,null,"MISS Schroder 3' Driving Layup",null,null],["0041400106",380,4,0,3,"9:59 PM","0:27","Bogdanovic REBOUND (Off:1 Def:4)",null,null,null,null],["0041400106",381,1,73,3,"10:00 PM","0:08","Jack 2' Driving Reverse Layup (6 PTS)",null,null,"90 - 66","-24"],["0041400106",382,1,42,3,"10:00 PM","0:01",null,null,"Schroder 2' Driving Layup (12 PTS)","92 - 66","-26"],["0041400106",383,2,1,3,"10:01 PM","0:00","MISS Anderson 61' 3PT Jump Shot",null,null,null,null],["0041400106",384,4,0,3,"10:01 PM","0:00","NETS Rebound",null,null,null,null],["0041400106",385,13,0,3,"10:01 PM","0:00",null,null,null,"92 - 66","-26"],["0041400106",387,12,0,4,"10:04 PM","12:00",null,null,null,"92 - 66","-26"],["0041400106",388,1,1,4,"10:05 PM","11:43","Johnson 19' Jump Shot (12 PTS)",null,null,"92 - 68","-24"],["0041400106",389,6,1,4,"10:05 PM","11:28","Johnson P.FOUL (P3.T1) (J.Goble)",null,null,null,null],["0041400106",390,1,1,4,"10:05 PM","11:21",null,null,"Horford 20' Jump Shot (14 PTS) (Schroder 3 AST)","94 - 68","-26"],["0041400106",391,2,1,4,"10:06 PM","11:09","MISS Johnson 11' Jump Shot",null,null,null,null],["0041400106",392,4,0,4,"10:06 PM","11:08","Johnson REBOUND (Off:1 Def:5)",null,null,null,null],["0041400106",393,2,1,4,"10:06 PM","11:05","MISS Jack 24' 3PT Jump Shot",null,null,null,null],["0041400106",394,4,0,4,"10:06 PM","11:04",null,null,"Bazemore REBOUND (Off:0 Def:1)",null,null],["0041400106",395,2,1,4,"10:06 PM","10:52","Lopez BLOCK (1 BLK)",null,"MISS Bazemore 5' Jump Shot",null,null],["0041400106",396,4,0,4,"10:06 PM","10:50",null,null,"Bazemore REBOUND (Off:1 Def:1)",null,null],["0041400106",397,2,3,4,"10:06 PM","10:48",null,null,"MISS Horford 5' Hook Shot",null,null],["0041400106",398,4,0,4,"10:06 PM","10:47",null,null,"Scott REBOUND (Off:1 Def:1)",null,null],["0041400106",399,1,5,4,"10:06 PM","10:46",null,null,"Scott 3' Layup (2 PTS)","96 - 68","-28"],["0041400106",400,1,1,4,"10:06 PM","10:34","D. Williams 21' Jump Shot (13 PTS)",null,null,"96 - 70","-26"],["0041400106",401,2,42,4,"10:06 PM","10:22",null,null,"MISS Schroder 3' Driving Layup",null,null],["0041400106",402,4,0,4,"10:06 PM","10:21","Jack REBOUND (Off:0 Def:5)",null,null,null,null],["0041400106",403,2,1,4,"10:07 PM","10:09","MISS D. Williams 24' 3PT Jump Shot",null,null,null,null],["0041400106",404,4,0,4,"10:07 PM","10:08",null,null,"Schroder REBOUND (Off:0 Def:1)",null,null],["0041400106",406,2,1,4,"10:07 PM","9:46",null,null,"MISS Bazemore 18' Jump Shot",null,null],["0041400106",407,4,0,4,"10:07 PM","9:46","NETS Rebound",null,null,null,null],["0041400106",408,6,3,4,"10:07 PM","9:46",null,null,"Scott L.B.FOUL (P2.T1) (J.Goble)",null,null],["0041400106",409,8,0,4,"10:07 PM","9:46",null,null,"SUB: Mack FOR Bazemore",null,null],["0041400106",410,8,0,4,"10:07 PM","9:46","SUB: Young FOR Johnson",null,null,null,null],["0041400106",411,2,1,4,"10:08 PM","9:33","MISS Anderson 15' Jump Shot",null,null,null,null],["0041400106",412,4,0,4,"10:08 PM","9:32",null,null,"Scott REBOUND (Off:1 Def:2)",null,null],["0041400106",413,2,1,4,"10:08 PM","9:20",null,null,"MISS Carroll 25' 3PT Jump Shot",null,null],["0041400106",414,4,0,4,"10:08 PM","9:19","D. Williams REBOUND (Off:0 Def:4)",null,null,null,null],["0041400106",415,6,2,4,"10:08 PM","9:11",null,null,"Scott S.FOUL (P3.T2) (E.Malloy)",null,null],["0041400106",416,3,11,4,"10:08 PM","9:11","Young Free Throw 1 of 2 (7 PTS)",null,null,"96 - 71","-25"],["0041400106",418,3,12,4,"10:08 PM","9:11","MISS Young Free Throw 2 of 2",null,null,null,null],["0041400106",420,4,0,4,"10:09 PM","9:09",null,null,"Horford REBOUND (Off:0 Def:7)",null,null],["0041400106",421,1,1,4,"10:09 PM","8:56",null,null,"Horford 18' Jump Shot (16 PTS) (Mack 1 AST)","98 - 71","-27"],["0041400106",422,1,3,4,"10:09 PM","8:40","Lopez 5' Hook Shot (17 PTS) (Jack 4 AST)",null,null,"98 - 73","-25"],["0041400106",423,2,1,4,"10:09 PM","8:20",null,null,"MISS Schroder 25' 3PT Jump Shot",null,null],["0041400106",424,4,0,4,"10:09 PM","8:19",null,null,"Scott REBOUND (Off:2 Def:2)",null,null],["0041400106",431,2,72,4,"10:09 PM","8:16","Anderson BLOCK (1 BLK)",null,"MISS Scott 3' Putback Layup",null,null],["0041400106",430,4,0,4,"10:09 PM","8:15","Jack REBOUND (Off:0 Def:6)",null,null,null,null],["0041400106",426,5,1,4,"10:10 PM","8:09","Young Bad Pass Turnover (P3.T14)",null,"Horford STEAL (1 STL)",null,null],["0041400106",427,1,1,4,"10:10 PM","7:51",null,null,"Horford 20' Jump Shot (18 PTS) (Schroder 4 AST)","100 - 73","-27"],["0041400106",428,6,2,4,"10:10 PM","7:33",null,null,"Carroll S.FOUL (P5.T3) (J.Goble)",null,null],["0041400106",429,9,4,4,"10:10 PM","7:33",null,null,null,null,null],["0041400106",433,8,0,4,"10:13 PM","7:33","SUB: Johnson FOR Anderson",null,null,null,null],["0041400106",435,8,0,4,"10:13 PM","7:33","SUB: Teletovic FOR Young",null,null,null,null],["0041400106",436,8,0,4,"10:13 PM","7:33",null,null,"SUB: Muscala FOR Horford",null,null],["0041400106",438,3,11,4,"10:13 PM","7:33","Lopez Free Throw 1 of 2 (18 PTS)",null,null,"100 - 74","-26"],["0041400106",441,3,12,4,"10:14 PM","7:33","Lopez Free Throw 2 of 2 (19 PTS)",null,null,"100 - 75","-25"],["0041400106",443,2,1,4,"10:14 PM","7:10",null,null,"MISS Scott 26' 3PT Jump Shot",null,null],["0041400106",444,4,0,4,"10:14 PM","7:10",null,null,"Hawks Rebound",null,null],["0041400106",445,8,0,4,"10:14 PM","7:10","SUB: Plumlee FOR Lopez",null,null,null,null],["0041400106",446,5,2,4,"10:15 PM","7:03","Teletovic STEAL (1 STL)",null,"Muscala Lost Ball Turnover (P1.T9)",null,null],["0041400106",447,1,82,4,"10:15 PM","6:45","Jack 6' Driving Bank Shot (8 PTS) (D. Williams 3 AST)",null,null,"100 - 77","-23"],["0041400106",448,6,2,4,"10:15 PM","6:45",null,null,"Muscala S.FOUL (P1.T4) (E.Malloy)",null,null],["0041400106",449,3,10,4,"10:15 PM","6:45","Jack Free Throw 1 of 1 (9 PTS)",null,null,"100 - 78","-22"],["0041400106",451,2,1,4,"10:16 PM","6:24",null,null,"MISS Schroder 26' 3PT Jump Shot",null,null],["0041400106",452,4,0,4,"10:16 PM","6:23","Jack REBOUND (Off:0 Def:7)",null,null,null,null],["0041400106",453,2,42,4,"10:16 PM","6:16","MISS D. Williams 2' Driving Layup",null,"Muscala BLOCK (1 BLK)",null,null],["0041400106",454,4,0,4,"10:16 PM","6:14",null,null,"Scott REBOUND (Off:2 Def:3)",null,null],["0041400106",455,2,42,4,"10:16 PM","5:54",null,null,"MISS Mack 2' Driving Layup",null,null],["0041400106",456,4,0,4,"10:16 PM","5:52",null,null,"Mack REBOUND (Off:1 Def:0)",null,null],["0041400106",457,2,1,4,"10:17 PM","5:31",null,null,"MISS Mack 12' Jump Shot",null,null],["0041400106",458,4,0,4,"10:17 PM","5:30","D. Williams REBOUND (Off:0 Def:5)",null,null,null,null],["0041400106",459,1,46,4,"10:17 PM","5:21","Jack 9' Running Jump Shot (11 PTS) (D. Williams 4 AST)",null,null,"100 - 80","-20"],["0041400106",460,9,1,4,"10:17 PM","5:21",null,null,"Hawks Timeout: Regular (Reg.4 Short 1)",null,null],["0041400106",462,8,0,4,"10:20 PM","5:21",null,null,"SUB: Bazemore FOR Schroder",null,null],["0041400106",463,5,38,4,"10:20 PM","5:21",null,null,"Hawks Turnover: 5 Second Inbound (T#10)",null,null],["0041400106",464,8,0,4,"10:20 PM","5:21",null,null,"SUB: Horford FOR Muscala",null,null],["0041400106",465,2,5,4,"10:20 PM","5:14","MISS Plumlee 2' Layup",null,null,null,null],["0041400106",466,4,0,4,"10:21 PM","5:14",null,null,"Carroll REBOUND (Off:0 Def:4)",null,null],["0041400106",467,6,1,4,"10:21 PM","5:14","Plumlee P.FOUL (P4.T2) (K.Mauer)",null,null,null,null],["0041400106",468,5,1,4,"10:21 PM","5:14",null,null,"Horford Bad Pass Turnover (P1.T11)",null,null],["0041400106",469,1,7,4,"10:21 PM","5:03","Plumlee  Dunk (6 PTS) (Jack 5 AST)",null,null,"100 - 82","-18"],["0041400106",470,6,2,4,"10:22 PM","4:40","Plumlee S.FOUL (P5.T3) (E.Malloy)",null,null,null,null],["0041400106",471,3,11,4,"10:22 PM","4:40",null,null,"Carroll Free Throw 1 of 2 (17 PTS)","101 - 82","-19"],["0041400106",473,8,0,4,"10:22 PM","4:40",null,null,"SUB: Schroder FOR Mack",null,null],["0041400106",474,8,0,4,"10:22 PM","4:40",null,null,"SUB: Korver FOR Bazemore",null,null],["0041400106",476,8,0,4,"10:23 PM","4:40","SUB: Jordan FOR D. Williams",null,null,null,null],["0041400106",477,8,0,4,"10:23 PM","4:40","SUB: Morris FOR Johnson",null,null,null,null],["0041400106",486,8,0,4,"10:23 PM","4:40","SUB: Clark FOR Plumlee",null,null,null,null],["0041400106",482,8,0,4,"10:23 PM","4:40","SUB: Brown FOR Jack",null,null,null,null],["0041400106",478,3,12,4,"10:23 PM","4:40",null,null,"Carroll Free Throw 2 of 2 (18 PTS)","102 - 82","-20"],["0041400106",480,2,1,4,"10:23 PM","4:26","MISS Brown 25' 3PT Jump Shot",null,null,null,null],["0041400106",481,4,0,4,"10:23 PM","4:25",null,null,"Hawks Rebound",null,null],["0041400106",483,2,1,4,"10:23 PM","4:08",null,null,"MISS Korver 25' 3PT Jump Shot",null,null],["0041400106",484,4,0,4,"10:23 PM","4:07",null,null,"Carroll REBOUND (Off:1 Def:4)",null,null],["0041400106",485,1,5,4,"10:23 PM","4:07",null,null,"Carroll 2' Layup (20 PTS)","104 - 82","-22"],["0041400106",487,2,3,4,"10:24 PM","3:47","MISS Jordan 7' Hook Shot",null,null,null,null],["0041400106",488,4,0,4,"10:24 PM","3:46","Brown REBOUND (Off:1 Def:0)",null,null,null,null],["0041400106",489,2,4,4,"10:24 PM","3:42","MISS Brown 1' Tip Shot",null,null,null,null],["0041400106",490,4,0,4,"10:24 PM","3:41",null,null,"Korver REBOUND (Off:0 Def:8)",null,null],["0041400106",491,9,2,4,"10:24 PM","3:38",null,null,"Hawks Timeout: Short (Reg.4 Short 2)",null,null],["0041400106",494,8,0,4,"10:25 PM","3:38",null,null,"SUB: Muscala FOR Horford",null,null],["0041400106",495,8,0,4,"10:25 PM","3:38",null,null,"SUB: Mack FOR Schroder",null,null],["0041400106",496,8,0,4,"10:25 PM","3:38",null,null,"SUB: Brand FOR Carroll",null,null],["0041400106",497,8,0,4,"10:25 PM","3:38",null,null,"SUB: Jenkins FOR Korver",null,null],["0041400106",498,1,1,4,"10:25 PM","3:24",null,null,"Mack 27' 3PT Jump Shot (3 PTS)","107 - 82","-25"],["0041400106",499,2,1,4,"10:26 PM","3:07","MISS Morris 18' Jump Shot",null,null,null,null],["0041400106",500,4,0,4,"10:26 PM","3:06",null,null,"Muscala REBOUND (Off:0 Def:1)",null,null],["0041400106",501,2,1,4,"10:26 PM","2:44",null,null,"MISS Muscala 27' 3PT Jump Shot",null,null],["0041400106",502,4,0,4,"10:26 PM","2:43","Jordan REBOUND (Off:0 Def:1)",null,null,null,null],["0041400106",503,6,2,4,"10:26 PM","2:34",null,null,"Brand S.FOUL (P1.PN) (J.Goble)",null,null],["0041400106",504,9,1,4,"10:27 PM","2:34","NETS Timeout: Regular (Full 4 Short 2)",null,null,null,null],["0041400106",506,3,11,4,"10:29 PM","2:34","Brown Free Throw 1 of 2 (1 PTS)",null,null,"107 - 83","-24"],["0041400106",508,3,12,4,"10:29 PM","2:34","Brown Free Throw 2 of 2 (2 PTS)",null,null,"107 - 84","-23"],["0041400106",510,5,1,4,"10:29 PM","2:27",null,null,"Muscala Bad Pass Turnover (P2.T12)",null,null],["0041400106",511,2,46,4,"10:30 PM","2:17","MISS Clark 5' Running Jump Shot",null,null,null,null],["0041400106",512,4,0,4,"10:30 PM","2:15",null,null,"Brand REBOUND (Off:0 Def:1)",null,null],["0041400106",513,2,1,4,"10:30 PM","2:01",null,null,"MISS Jenkins  3PT Jump Shot",null,null],["0041400106",514,4,0,4,"10:30 PM","2:00","Clark REBOUND (Off:0 Def:1)",null,null,null,null],["0041400106",515,2,57,4,"10:30 PM","1:51","MISS Clark 6' Driving Hook Shot",null,null,null,null],["0041400106",516,4,0,4,"10:30 PM","1:49","Jordan REBOUND (Off:1 Def:1)",null,null,null,null],["0041400106",517,2,3,4,"10:30 PM","1:47","MISS Jordan 7' Hook Shot",null,null,null,null],["0041400106",518,4,0,4,"10:30 PM","1:46",null,null,"Scott REBOUND (Off:2 Def:4)",null,null],["0041400106",519,1,1,4,"10:30 PM","1:25",null,null,"Muscala 22' Jump Shot (2 PTS) (Mack 2 AST)","109 - 84","-25"],["0041400106",520,1,1,4,"10:31 PM","1:15","Clark 25' 3PT Jump Shot (3 PTS) (Brown 1 AST)",null,null,"109 - 87","-22"],["0041400106",521,7,5,4,"10:31 PM","0:59","Brown Violation:Kicked Ball (E.Malloy)",null,null,null,null],["0041400106",522,2,1,4,"10:31 PM","0:45",null,null,"MISS Brand 7' Jump Shot",null,null],["0041400106",523,4,0,4,"10:31 PM","0:45",null,null,"Muscala REBOUND (Off:1 Def:1)",null,null],["0041400106",524,1,87,4,"10:31 PM","0:44",null,null,"Muscala  Putback Dunk (4 PTS)","111 - 87","-24"],["0041400106",525,5,1,4,"10:32 PM","0:33","Jordan Bad Pass Turnover (P1.T15)",null,"Muscala STEAL (1 STL)",null,null],["0041400106",526,2,1,4,"10:32 PM","0:14",null,null,"MISS Mack 28' 3PT Jump Shot",null,null],["0041400106",527,4,0,4,"10:32 PM","0:13","Teletovic REBOUND (Off:0 Def:1)",null,null,null,null],["0041400106",529,2,1,4,"10:32 PM","0:05","MISS Clark 21' Jump Shot",null,null,null,null],["0041400106",530,4,0,4,"10:32 PM","0:04",null,null,"Scott REBOUND (Off:2 Def:5)",null,null],["0041400106",531,13,0,4,"10:32 PM","0:00",null,null,null,"111 - 87","-24"]]},{"name":"AvailableVideo","headers":["VIDEO_AVAILABLE_FLAG"],"rowSet":[[1]]}]}