{"resource":"playbyplay","parameters":{"GameID":"0041400166","StartPeriod":0,"EndPeriod":14},"resultSets":[{"name":"PlayByPlay","headers":["GAME_ID","EVENTNUM","EVENTMSGTYPE","EVENTMSGACTIONTYPE","PERIOD","WCTIMESTRING","PCTIMESTRING","HOMEDESCRIPTION","NEUTRALDESCRIPTION","VISITORDESCRIPTION","SCORE","SCOREMARGIN"],"rowSet":[["0041400166",0,12,0,1,"9:43 PM","12:00",null,null,null,null,null],["0041400166",1,10,0,1,"9:43 PM","12:00","Jump Ball Duncan vs. Jordan: Tip to Green",null,null,null,null],["0041400166",2,1,1,1,"9:43 PM","11:42","Green 17' Jump Shot (2 PTS) (Parker 1 AST)",null,null,"0 - 2","2"],["0041400166",3,2,1,1,"9:44 PM","11:22",null,null,"MISS Paul 15' Jump Shot",null,null],["0041400166",4,4,0,1,"9:44 PM","11:21","Duncan REBOUND (Off:0 Def:1)",null,null,null,null],["0041400166",5,6,2,1,"9:44 PM","11:06",null,null,"Griffin S.FOUL (P1.T1) (D.Crawford)",null,null],["0041400166",6,3,11,1,"9:44 PM","11:06","Splitter Free Throw 1 of 2 (1 PTS)",null,null,"0 - 3","3"],["0041400166",8,3,12,1,"9:44 PM","11:06","MISS Splitter Free Throw 2 of 2",null,null,null,null],["0041400166",10,4,0,1,"9:45 PM","11:05",null,null,"Jordan REBOUND (Off:0 Def:1)",null,null],["0041400166",11,1,1,1,"9:45 PM","10:50",null,null,"Griffin 14' Jump Shot (2 PTS) (Paul 1 AST)","2 - 3","1"],["0041400166",12,5,2,1,"9:45 PM","10:33","Leonard Lost Ball Turnover (P1.T1)",null,"Barnes STEAL (1 STL)",null,null],["0041400166",13,6,17,1,"9:45 PM","10:23","SPURS T.Foul (Def. 3 Sec Duncan ) (D.Crawford)",null,null,null,null],["0041400166",14,3,16,1,"9:46 PM","10:23",null,null,"Redick Free Throw Technical (1 PTS)","3 - 3","TIE"],["0041400166",16,1,1,1,"9:46 PM","10:16",null,null,"Redick 18' Jump Shot (3 PTS)","5 - 3","-2"],["0041400166",17,1,1,1,"9:46 PM","10:01","Leonard  3PT Jump Shot (3 PTS) (Green 1 AST)",null,null,"5 - 6","1"],["0041400166",18,1,5,1,"9:46 PM","9:54",null,null,"Barnes 1' Layup (2 PTS) (Paul 2 AST)","7 - 6","-1"],["0041400166",19,5,2,1,"9:47 PM","9:46","Parker Lost Ball Turnover (P1.T2)",null,"Paul STEAL (1 STL)",null,null],["0041400166",20,1,52,1,"9:47 PM","9:41",null,null,"Jordan  Alley Oop Dunk (2 PTS) (Paul 3 AST)","9 - 6","-3"],["0041400166",21,9,1,1,"9:47 PM","9:41","SPURS Timeout: Regular (Full 1 Short 0)",null,null,null,null],["0041400166",23,2,1,1,"9:50 PM","9:19","MISS Splitter 9' Jump Shot",null,"Jordan BLOCK (1 BLK)",null,null],["0041400166",24,4,0,1,"9:50 PM","9:18","Splitter REBOUND (Off:1 Def:0)",null,null,null,null],["0041400166",25,5,11,1,"9:50 PM","9:17","SPURS Turnover: Shot Clock (T#3)",null,null,null,null],["0041400166",26,6,1,1,"9:51 PM","9:02","Leonard P.FOUL (P1.T1) (Z.Zarba)",null,null,null,null],["0041400166",27,2,1,1,"9:51 PM","8:53",null,null,"MISS Paul 19' Jump Shot",null,null],["0041400166",28,4,0,1,"9:51 PM","8:51","Parker REBOUND (Off:0 Def:1)",null,null,null,null],["0041400166",29,2,1,1,"9:52 PM","8:40","MISS Green  3PT Jump Shot",null,null,null,null],["0041400166",30,4,0,1,"9:52 PM","8:39",null,null,"Jordan REBOUND (Off:0 Def:2)",null,null],["0041400166",31,2,1,1,"9:52 PM","8:27",null,null,"MISS Griffin 16' Jump Shot",null,null],["0041400166",32,4,0,1,"9:52 PM","8:26","Parker REBOUND (Off:0 Def:2)",null,null,null,null],["0041400166",33,2,1,1,"9:52 PM","8:15","MISS Leonard 19' Jump Shot",null,null,null,null],["0041400166",34,4,0,1,"9:52 PM","8:14","Splitter REBOUND (Off:2 Def:0)",null,null,null,null],["0041400166",35,2,5,1,"9:52 PM","8:04","MISS Parker 2' Layup",null,null,null,null],["0041400166",37,4,0,1,"9:52 PM","8:02","Splitter REBOUND (Off:3 Def:0)",null,null,null,null],["0041400166",36,1,4,1,"9:52 PM","8:02","Splitter 1' Tip Shot (3 PTS)",null,null,"9 - 8","-1"],["0041400166",38,1,1,1,"9:53 PM","7:45",null,null,"Redick 16' Jump Shot (5 PTS)","11 - 8","-3"],["0041400166",39,2,1,1,"9:53 PM","7:24","MISS Duncan 8' Jump Shot",null,null,null,null],["0041400166",40,4,0,1,"9:53 PM","7:23",null,null,"Jordan REBOUND (Off:0 Def:3)",null,null],["0041400166",41,2,1,1,"9:53 PM","7:14",null,null,"MISS Paul 18' Jump Shot",null,null],["0041400166",42,4,0,1,"9:53 PM","7:13","Duncan REBOUND (Off:0 Def:2)",null,null,null,null],["0041400166",43,1,5,1,"9:53 PM","7:03","Parker 1' Layup (2 PTS)",null,null,"11 - 10","-1"],["0041400166",44,2,1,1,"9:53 PM","6:55",null,null,"MISS Paul 25' 3PT Jump Shot",null,null],["0041400166",45,4,0,1,"9:53 PM","6:54","Splitter REBOUND (Off:3 Def:1)",null,null,null,null],["0041400166",46,5,1,1,"9:54 PM","6:46","Duncan Bad Pass Turnover (P1.T4)",null,null,null,null],["0041400166",47,8,0,1,"9:54 PM","6:46","SUB: Diaw FOR Splitter",null,null,null,null],["0041400166",48,1,1,1,"9:54 PM","6:27",null,null,"Redick 17' Jump Shot (7 PTS) (Paul 4 AST)","13 - 10","-3"],["0041400166",49,2,1,1,"9:54 PM","6:12","MISS Parker 16' Jump Shot",null,null,null,null],["0041400166",50,4,0,1,"9:54 PM","6:11",null,null,"Jordan REBOUND (Off:0 Def:4)",null,null],["0041400166",51,1,47,1,"9:55 PM","6:05",null,null,"Griffin 6' Turnaround Jump Shot (4 PTS) (Paul 5 AST)","15 - 10","-5"],["0041400166",52,2,1,1,"9:55 PM","5:48","MISS Leonard 9' Jump Shot",null,null,null,null],["0041400166",53,4,0,1,"9:55 PM","5:47","Duncan REBOUND (Off:1 Def:2)",null,null,null,null],["0041400166",54,2,5,1,"9:55 PM","5:44","MISS Leonard 2' Layup",null,null,null,null],["0041400166",55,4,0,1,"9:55 PM","5:43",null,null,"Jordan REBOUND (Off:0 Def:5)",null,null],["0041400166",56,5,1,1,"9:55 PM","5:41","Diaw STEAL (1 STL)",null,"Jordan Bad Pass Turnover (P1.T1)",null,null],["0041400166",57,5,2,1,"9:55 PM","5:36","Leonard Lost Ball Turnover (P2.T5)",null,"Paul STEAL (2 STL)",null,null],["0041400166",58,2,1,1,"9:55 PM","5:29",null,null,"MISS Redick 25' 3PT Jump Shot",null,null],["0041400166",59,4,0,1,"9:55 PM","5:26",null,null,"Barnes REBOUND (Off:1 Def:0)",null,null],["0041400166",60,2,1,1,"9:55 PM","5:15",null,null,"MISS Griffin 18' Jump Shot",null,null],["0041400166",61,4,0,1,"9:55 PM","5:14","Parker REBOUND (Off:0 Def:3)",null,null,null,null],["0041400166",62,1,5,1,"9:55 PM","5:08","Duncan 1' Layup (2 PTS) (Parker 2 AST)",null,null,"15 - 12","-3"],["0041400166",63,9,1,1,"9:56 PM","5:06",null,null,"Clippers Timeout: Regular (Reg.1 Short 0)",null,null],["0041400166",65,8,0,1,"9:58 PM","5:06","SUB: Ginobili FOR Green",null,null,null,null],["0041400166",66,8,0,1,"9:59 PM","5:06",null,null,"SUB: Davis FOR Griffin",null,null],["0041400166",67,6,5,1,"9:59 PM","5:06","Ginobili IN.FOUL (P1.T2) (D.Crawford)",null,null,null,null],["0041400166",68,3,11,1,"10:00 PM","5:06",null,null,"Jordan Free Throw 1 of 2 (3 PTS)","16 - 12","-4"],["0041400166",70,3,12,1,"10:00 PM","5:06",null,null,"Jordan Free Throw 2 of 2 (4 PTS)","17 - 12","-5"],["0041400166",72,5,1,1,"10:00 PM","5:00","Parker Bad Pass Turnover (P2.T6)",null,"Paul STEAL (3 STL)",null,null],["0041400166",73,1,8,1,"10:00 PM","4:55",null,null,"Jordan  Slam Dunk (6 PTS)","19 - 12","-7"],["0041400166",74,2,1,1,"10:01 PM","4:30","MISS Diaw 17' Jump Shot",null,null,null,null],["0041400166",75,4,0,1,"10:01 PM","4:29","Duncan REBOUND (Off:2 Def:2)",null,null,null,null],["0041400166",76,1,5,1,"10:01 PM","4:27","Duncan 2' Layup (4 PTS)",null,null,"19 - 14","-5"],["0041400166",77,1,1,1,"10:01 PM","4:08",null,null,"Redick 18' Jump Shot (9 PTS) (Paul 6 AST)","21 - 14","-7"],["0041400166",78,1,1,1,"10:02 PM","3:53","Ginobili 24' 3PT Jump Shot (3 PTS) (Leonard 1 AST)",null,null,"21 - 17","-4"],["0041400166",79,6,2,1,"10:02 PM","3:36","Diaw S.FOUL (P1.T3) (M.Davis)",null,null,null,null],["0041400166",80,3,13,1,"10:02 PM","3:36",null,null,"Redick Free Throw 1 of 3 (10 PTS)","22 - 17","-5"],["0041400166",82,3,14,1,"10:02 PM","3:36",null,null,"Redick Free Throw 2 of 3 (11 PTS)","23 - 17","-6"],["0041400166",84,8,0,1,"10:03 PM","3:36","SUB: Mills FOR Parker",null,null,null,null],["0041400166",85,8,0,1,"10:03 PM","3:36","SUB: Splitter FOR Duncan",null,null,null,null],["0041400166",86,3,15,1,"10:03 PM","3:36",null,null,"Redick Free Throw 3 of 3 (12 PTS)","24 - 17","-7"],["0041400166",88,2,1,1,"10:03 PM","3:25","MISS Leonard 24' 3PT Jump Shot",null,null,null,null],["0041400166",89,4,0,1,"10:03 PM","3:24","Ginobili REBOUND (Off:1 Def:0)",null,null,null,null],["0041400166",90,2,1,1,"10:04 PM","3:18","MISS Ginobili 6' Jump Shot",null,null,null,null],["0041400166",91,4,0,1,"10:04 PM","3:17","Splitter REBOUND (Off:4 Def:1)",null,null,null,null],["0041400166",97,5,41,1,"10:04 PM","3:17","Splitter Poss Lost Ball Turnover (P1.T7)",null,"Barnes STEAL (2 STL)",null,null],["0041400166",92,2,5,1,"10:04 PM","3:10",null,null,"MISS Paul 2' Layup",null,null],["0041400166",93,4,0,1,"10:04 PM","3:08",null,null,"Davis REBOUND (Off:1 Def:0)",null,null],["0041400166",94,5,4,1,"10:04 PM","3:06",null,null,"Davis Traveling Turnover (P1.T2)",null,null],["0041400166",95,8,0,1,"10:04 PM","3:06",null,null,"SUB: Crawford FOR Redick",null,null],["0041400166",98,1,5,1,"10:04 PM","2:51","Diaw 1' Layup (2 PTS) (Splitter 1 AST)",null,null,"24 - 19","-5"],["0041400166",100,5,1,1,"10:05 PM","2:27",null,null,"Barnes Bad Pass Turnover (P1.T3)",null,null],["0041400166",102,8,0,1,"10:05 PM","2:27",null,null,"SUB: Rivers FOR Barnes",null,null],["0041400166",103,1,1,1,"10:05 PM","2:13","Splitter 4' Jump Shot (5 PTS) (Diaw 1 AST)",null,null,"24 - 21","-3"],["0041400166",104,2,1,1,"10:06 PM","1:57","Ginobili BLOCK (1 BLK)",null,"MISS Davis 9' Jump Shot",null,null],["0041400166",105,4,0,1,"10:06 PM","1:56",null,null,"Davis REBOUND (Off:2 Def:0)",null,null],["0041400166",106,2,1,1,"10:06 PM","1:50",null,null,"MISS Crawford 26' 3PT Jump Shot",null,null],["0041400166",107,4,0,1,"10:06 PM","1:49","SPURS Rebound",null,null,null,null],["0041400166",108,8,0,1,"10:06 PM","1:49",null,null,"SUB: Griffin FOR Jordan",null,null],["0041400166",109,6,27,1,"10:06 PM","1:37",null,null,"Crawford Personal Block Foul (P1.T2) (D.Crawford)",null,null],["0041400166",110,2,1,1,"10:07 PM","1:29","MISS Leonard 7' Jump Shot",null,"Griffin BLOCK (1 BLK)",null,null],["0041400166",111,4,0,1,"10:07 PM","1:29","SPURS Rebound",null,null,null,null],["0041400166",112,10,0,1,"10:07 PM","1:28","Jump Ball Leonard vs. Griffin: Tip to Paul",null,null,null,null],["0041400166",113,5,2,1,"10:07 PM","1:28","Leonard Lost Ball Turnover (P3.T8)",null,"Griffin STEAL (1 STL)",null,null],["0041400166",114,2,5,1,"10:08 PM","1:21",null,null,"MISS Rivers  Layup",null,null],["0041400166",115,4,0,1,"10:08 PM","1:19",null,null,"Davis REBOUND (Off:3 Def:0)",null,null],["0041400166",116,6,27,1,"10:08 PM","1:17","Mills Personal Block Foul (P1.T4) (Z.Zarba)",null,null,null,null],["0041400166",117,2,1,1,"10:08 PM","1:02",null,null,"MISS Griffin  3PT Jump Shot",null,null],["0041400166",118,4,0,1,"10:08 PM","1:01","Splitter REBOUND (Off:4 Def:2)",null,null,null,null],["0041400166",119,6,2,1,"10:08 PM","0:53",null,null,"Davis S.FOUL (P1.PN) (Z.Zarba)",null,null],["0041400166",120,3,11,1,"10:09 PM","0:53","MISS Leonard Free Throw 1 of 2",null,null,null,null],["0041400166",121,4,1,1,"10:09 PM","0:53","SPURS Rebound",null,null,null,null],["0041400166",122,8,0,1,"10:09 PM","0:53","SUB: Belinelli FOR Splitter",null,null,null,null],["0041400166",123,8,0,1,"10:09 PM","0:53",null,null,"SUB: Hawes FOR Davis",null,null],["0041400166",124,3,12,1,"10:09 PM","0:53","Leonard Free Throw 2 of 2 (4 PTS)",null,null,"24 - 22","-2"],["0041400166",126,6,2,1,"10:10 PM","0:37","Diaw S.FOUL (P2.PN) (Z.Zarba)",null,null,null,null],["0041400166",127,3,11,1,"10:10 PM","0:37",null,null,"Griffin Free Throw 1 of 2 (5 PTS)","25 - 22","-3"],["0041400166",129,8,0,1,"10:10 PM","0:37","SUB: Bonner FOR Diaw",null,null,null,null],["0041400166",131,8,0,1,"10:10 PM","0:37",null,null,"SUB: Jones FOR Hawes",null,null],["0041400166",132,3,12,1,"10:10 PM","0:37",null,null,"Griffin Free Throw 2 of 2 (6 PTS)","26 - 22","-4"],["0041400166",134,6,27,1,"10:11 PM","0:29",null,null,"Jones Personal Block Foul (P1.PN) (D.Crawford)",null,null],["0041400166",135,3,11,1,"10:11 PM","0:29","Leonard Free Throw 1 of 2 (5 PTS)",null,null,"26 - 23","-3"],["0041400166",137,8,0,1,"10:12 PM","0:29","SUB: Splitter FOR Bonner",null,null,null,null],["0041400166",138,8,0,1,"10:12 PM","0:29",null,null,"SUB: Redick FOR Jones",null,null],["0041400166",139,3,12,1,"10:12 PM","0:29","Leonard Free Throw 2 of 2 (6 PTS)",null,null,"26 - 24","-2"],["0041400166",141,2,1,1,"10:12 PM","0:08",null,null,"MISS Rivers  3PT Jump Shot",null,null],["0041400166",142,4,0,1,"10:12 PM","0:07",null,null,"Griffin REBOUND (Off:1 Def:0)",null,null],["0041400166",143,5,39,1,"10:13 PM","0:05",null,null,"Paul Step Out of Bounds Turnover (P1.T4)",null,null],["0041400166",144,8,0,1,"10:13 PM","0:05",null,null,"SUB: Jones FOR Redick",null,null],["0041400166",145,8,0,1,"10:13 PM","0:05",null,null,"SUB: Davis FOR Griffin",null,null],["0041400166",147,6,1,1,"10:13 PM","0:03",null,null,"Paul P.FOUL (P1.PN) (D.Crawford)",null,null],["0041400166",148,3,11,1,"10:14 PM","0:03","Mills Free Throw 1 of 2 (1 PTS)",null,null,"26 - 25","-1"],["0041400166",150,8,0,1,"10:14 PM","0:03",null,null,"SUB: Redick FOR Jones",null,null],["0041400166",151,8,0,1,"10:14 PM","0:03","SUB: Green FOR Leonard",null,null,null,null],["0041400166",152,3,12,1,"10:14 PM","0:03","Mills Free Throw 2 of 2 (2 PTS)",null,null,"26 - 26","TIE"],["0041400166",154,2,1,1,"10:14 PM","0:00",null,null,"MISS Paul 26' 3PT Jump Shot",null,null],["0041400166",155,4,0,1,"10:14 PM","0:00",null,null,"Clippers Rebound",null,null],["0041400166",156,13,0,1,"10:14 PM","0:00",null,null,null,"26 - 26","TIE"],["0041400166",158,12,0,2,"10:18 PM","12:00",null,null,null,"26 - 26","TIE"],["0041400166",159,1,84,2,"10:19 PM","11:37",null,null,"Crawford 4' Running Bank Shot (2 PTS)","28 - 26","-2"],["0041400166",160,2,1,2,"10:19 PM","11:20","MISS Ginobili  3PT Jump Shot",null,null,null,null],["0041400166",161,4,0,2,"10:19 PM","11:18",null,null,"Clippers Rebound",null,null],["0041400166",162,6,1,2,"10:19 PM","11:10","Ginobili P.FOUL (P2.T1) (Z.Zarba)",null,null,null,null],["0041400166",163,8,0,2,"10:20 PM","11:10","SUB: Duncan FOR Ginobili",null,null,null,null],["0041400166",164,5,2,2,"10:20 PM","11:02","Belinelli STEAL (1 STL)",null,"Redick Lost Ball Turnover (P1.T5)",null,null],["0041400166",165,1,1,2,"10:20 PM","10:51","Green 24' 3PT Jump Shot (5 PTS) (Duncan 1 AST)",null,null,"28 - 29","1"],["0041400166",167,6,2,2,"10:20 PM","10:39","Duncan S.FOUL (P1.T2) (M.Davis)",null,null,null,null],["0041400166",168,3,11,2,"10:21 PM","10:39",null,null,"Rivers Free Throw 1 of 2 (1 PTS)","29 - 29","TIE"],["0041400166",170,3,12,2,"10:21 PM","10:39",null,null,"MISS Rivers Free Throw 2 of 2",null,null],["0041400166",172,4,0,2,"10:21 PM","10:38","Duncan REBOUND (Off:2 Def:3)",null,null,null,null],["0041400166",173,6,3,2,"10:21 PM","10:37",null,null,"Davis L.B.FOUL (P2.T1) (D.Crawford)",null,null],["0041400166",174,8,0,2,"10:21 PM","10:37",null,null,"SUB: Jordan FOR Davis",null,null],["0041400166",175,1,1,2,"10:22 PM","10:23","Belinelli 24' 3PT Jump Shot (3 PTS) (Mills 1 AST)",null,null,"29 - 32","3"],["0041400166",176,1,1,2,"10:22 PM","10:09",null,null,"Redick 21' Jump Shot (14 PTS) (Crawford 1 AST)","31 - 32","1"],["0041400166",177,2,1,2,"10:22 PM","9:54","MISS Green 19' Jump Shot",null,null,null,null],["0041400166",178,4,0,2,"10:22 PM","9:53",null,null,"Griffin REBOUND (Off:1 Def:1)",null,null],["0041400166",179,2,46,2,"10:22 PM","9:40",null,null,"MISS Rivers 7' Running Jump Shot",null,null],["0041400166",180,4,0,2,"10:22 PM","9:39",null,null,"Jordan REBOUND (Off:1 Def:5)",null,null],["0041400166",181,6,2,2,"10:23 PM","9:39","Splitter S.FOUL (P1.T3) (Z.Zarba)",null,null,null,null],["0041400166",182,3,11,2,"10:23 PM","9:39",null,null,"Jordan Free Throw 1 of 2 (7 PTS)","32 - 32","TIE"],["0041400166",186,7,3,2,"10:23 PM","9:39","Splitter Violation:Lane (M.Davis)",null,null,null,null],["0041400166",188,3,12,2,"10:24 PM","9:39",null,null,"MISS Jordan Free Throw 2 of 2",null,null],["0041400166",190,4,0,2,"10:24 PM","9:38","Duncan REBOUND (Off:2 Def:4)",null,null,null,null],["0041400166",191,2,1,2,"10:24 PM","9:25","MISS Belinelli 21' Jump Shot",null,null,null,null],["0041400166",192,4,0,2,"10:24 PM","9:23",null,null,"Griffin REBOUND (Off:1 Def:2)",null,null],["0041400166",193,5,1,2,"10:24 PM","9:16",null,null,"Crawford Bad Pass Turnover (P1.T6)",null,null],["0041400166",194,1,1,2,"10:25 PM","9:06","Belinelli  3PT Jump Shot (6 PTS) (Mills 2 AST)",null,null,"32 - 35","3"],["0041400166",195,2,1,2,"10:25 PM","8:45",null,null,"MISS Crawford 18' Jump Shot",null,null],["0041400166",196,4,0,2,"10:25 PM","8:44","Belinelli REBOUND (Off:0 Def:1)",null,null,null,null],["0041400166",197,1,1,2,"10:25 PM","8:35","Belinelli 24' 3PT Jump Shot (9 PTS)",null,null,"32 - 38","6"],["0041400166",198,9,1,2,"10:25 PM","8:29",null,null,"Clippers Timeout: Regular (Reg.2 Short 0)",null,null],["0041400166",200,8,0,2,"10:28 PM","8:29","SUB: Diaw FOR Splitter",null,null,null,null],["0041400166",201,8,0,2,"10:28 PM","8:29","SUB: Parker FOR Mills",null,null,null,null],["0041400166",202,8,0,2,"10:28 PM","8:29",null,null,"SUB: Paul FOR Rivers",null,null],["0041400166",203,2,1,2,"10:29 PM","8:15",null,null,"MISS Griffin 6' Jump Shot",null,null],["0041400166",205,4,0,2,"10:29 PM","8:14",null,null,"Jordan REBOUND (Off:2 Def:5)",null,null],["0041400166",208,2,53,2,"10:29 PM","8:14",null,null,"MISS Jordan  Tip Shot",null,null],["0041400166",204,4,0,2,"10:29 PM","8:13","Duncan REBOUND (Off:2 Def:5)",null,null,null,null],["0041400166",206,1,1,2,"10:29 PM","7:52","Belinelli 24' 3PT Jump Shot (12 PTS) (Parker 3 AST)",null,null,"32 - 41","9"],["0041400166",209,6,1,2,"10:30 PM","7:35","Belinelli P.FOUL (P1.T4) (M.Davis)",null,null,null,null],["0041400166",210,8,0,2,"10:30 PM","7:35",null,null,"SUB: Barnes FOR Crawford",null,null],["0041400166",211,8,0,2,"10:30 PM","7:35","SUB: Leonard FOR Green",null,null,null,null],["0041400166",212,6,5,2,"10:30 PM","7:35","Parker IN.FOUL (P1.PN) (M.Davis)",null,null,null,null],["0041400166",213,3,11,2,"10:30 PM","7:35",null,null,"MISS Jordan Free Throw 1 of 2",null,null],["0041400166",214,4,1,2,"10:30 PM","7:35",null,null,"Clippers Rebound",null,null],["0041400166",215,3,12,2,"10:31 PM","7:35",null,null,"MISS Jordan Free Throw 2 of 2",null,null],["0041400166",218,4,0,2,"10:31 PM","7:34","Leonard REBOUND (Off:0 Def:1)",null,null,null,null],["0041400166",219,6,2,2,"10:32 PM","7:14",null,null,"Jordan S.FOUL (P1.T2) (Z.Zarba)",null,null],["0041400166",220,3,11,2,"10:32 PM","7:14","MISS Duncan Free Throw 1 of 2",null,null,null,null],["0041400166",221,4,1,2,"10:32 PM","7:14","SPURS Rebound",null,null,null,null],["0041400166",222,3,12,2,"10:32 PM","7:14","MISS Duncan Free Throw 2 of 2",null,null,null,null],["0041400166",224,4,0,2,"10:32 PM","7:13",null,null,"Griffin REBOUND (Off:1 Def:3)",null,null],["0041400166",225,6,28,2,"10:32 PM","7:13","Belinelli Personal Take Foul (P2.PN) (D.Crawford)",null,null,null,null],["0041400166",226,3,11,2,"10:33 PM","7:13",null,null,"Jordan Free Throw 1 of 2 (8 PTS)","33 - 41","8"],["0041400166",228,3,12,2,"10:33 PM","7:13",null,null,"Jordan Free Throw 2 of 2 (9 PTS)","34 - 41","7"],["0041400166",230,1,7,2,"10:34 PM","7:00","Duncan  Dunk (6 PTS) (Parker 4 AST)",null,null,"34 - 43","9"],["0041400166",231,6,28,2,"10:34 PM","6:51","Parker Personal Take Foul (P2.PN) (D.Crawford)",null,null,null,null],["0041400166",232,3,11,2,"10:34 PM","6:51",null,null,"MISS Jordan Free Throw 1 of 2",null,null],["0041400166",233,4,1,2,"10:34 PM","6:51",null,null,"Clippers Rebound",null,null],["0041400166",234,3,12,2,"10:34 PM","6:51",null,null,"Jordan Free Throw 2 of 2 (10 PTS)","35 - 43","8"],["0041400166",236,2,1,2,"10:35 PM","6:40","MISS Belinelli 25' 3PT Jump Shot",null,null,null,null],["0041400166",237,4,0,2,"10:35 PM","6:39","Diaw REBOUND (Off:1 Def:0)",null,null,null,null],["0041400166",238,1,5,2,"10:35 PM","6:20","Diaw 1' Layup (4 PTS) (Parker 5 AST)",null,null,"35 - 45","10"],["0041400166",239,6,1,2,"10:36 PM","6:13","Duncan P.FOUL (P2.PN) (D.Crawford)",null,null,null,null],["0041400166",240,3,11,2,"10:36 PM","6:13",null,null,"MISS Jordan Free Throw 1 of 2",null,null],["0041400166",241,4,1,2,"10:36 PM","6:13",null,null,"Clippers Rebound",null,null],["0041400166",242,8,0,2,"10:36 PM","6:13","SUB: Ginobili FOR Belinelli",null,null,null,null],["0041400166",243,3,12,2,"10:36 PM","6:13",null,null,"Jordan Free Throw 2 of 2 (11 PTS)","36 - 45","9"],["0041400166",245,2,1,2,"10:37 PM","5:48","MISS Leonard 14' Jump Shot",null,null,null,null],["0041400166",246,4,0,2,"10:37 PM","5:47","Diaw REBOUND (Off:2 Def:0)",null,null,null,null],["0041400166",253,5,41,2,"10:37 PM","5:46","Diaw Poss Lost Ball Turnover (P1.T9)",null,"Paul STEAL (4 STL)",null,null],["0041400166",247,2,1,2,"10:37 PM","5:40",null,null,"MISS Redick 24' 3PT Jump Shot",null,null],["0041400166",248,4,0,2,"10:37 PM","5:39","Parker REBOUND (Off:0 Def:4)",null,null,null,null],["0041400166",249,2,5,2,"10:37 PM","5:31","MISS Parker 1' Layup",null,"Griffin BLOCK (2 BLK)",null,null],["0041400166",250,4,0,2,"10:37 PM","5:29",null,null,"Jordan REBOUND (Off:2 Def:6)",null,null],["0041400166",251,5,1,2,"10:37 PM","5:29",null,null,"Jordan Bad Pass Turnover (P2.T7)",null,null],["0041400166",252,9,4,2,"10:37 PM","5:29",null,null,null,null,null],["0041400166",254,18,0,2,"10:38 PM","5:29",null,null,null,null,null],["0041400166",256,2,1,2,"10:41 PM","5:21","MISS Diaw 25' 3PT Jump Shot",null,null,null,null],["0041400166",257,4,0,2,"10:41 PM","5:20",null,null,"Barnes REBOUND (Off:1 Def:1)",null,null],["0041400166",258,1,52,2,"10:41 PM","5:12",null,null,"Jordan  Alley Oop Dunk (13 PTS) (Griffin 1 AST)","38 - 45","7"],["0041400166",259,1,78,2,"10:42 PM","4:46","Parker 9' Floating Jump Shot (4 PTS) (Diaw 2 AST)",null,null,"38 - 47","9"],["0041400166",260,7,5,2,"10:42 PM","4:29","Diaw Violation:Kicked Ball (D.Crawford)",null,null,null,null],["0041400166",261,2,1,2,"10:43 PM","4:14",null,null,"MISS Redick  3PT Jump Shot",null,null],["0041400166",262,4,0,2,"10:43 PM","4:13",null,null,"Barnes REBOUND (Off:2 Def:1)",null,null],["0041400166",263,1,1,2,"10:43 PM","3:59",null,null,"Jordan 3' Jump Shot (15 PTS) (Paul 7 AST)","40 - 47","7"],["0041400166",264,6,2,2,"10:43 PM","3:59","Duncan S.FOUL (P3.PN) (D.Crawford)",null,null,null,null],["0041400166",265,8,0,2,"10:43 PM","3:59","SUB: Splitter FOR Duncan",null,null,null,null],["0041400166",267,8,0,2,"10:43 PM","3:59","SUB: Bonner FOR Diaw",null,null,null,null],["0041400166",268,3,10,2,"10:44 PM","3:59",null,null,"MISS Jordan Free Throw 1 of 1",null,null],["0041400166",270,4,0,2,"10:44 PM","3:57","Leonard REBOUND (Off:0 Def:2)",null,null,null,null],["0041400166",271,2,5,2,"10:45 PM","3:41","MISS Parker 1' Layup",null,"Jordan BLOCK (2 BLK)",null,null],["0041400166",272,4,0,2,"10:45 PM","3:39",null,null,"Paul REBOUND (Off:0 Def:1)",null,null],["0041400166",273,1,5,2,"10:45 PM","3:32",null,null,"Griffin 3' Layup (8 PTS)","42 - 47","5"],["0041400166",274,9,1,2,"10:45 PM","3:23","SPURS Timeout: Regular (Full 2 Short 0)",null,null,null,null],["0041400166",276,7,5,2,"10:48 PM","3:16",null,null,"Jordan Violation:Kicked Ball (Z.Zarba)",null,null],["0041400166",277,2,1,2,"10:49 PM","3:06","MISS Ginobili 19' Jump Shot",null,null,null,null],["0041400166",278,4,0,2,"10:49 PM","3:05",null,null,"Griffin REBOUND (Off:1 Def:4)",null,null],["0041400166",279,6,2,2,"10:49 PM","2:57","Parker S.FOUL (P3.PN) (M.Davis)",null,null,null,null],["0041400166",280,3,11,2,"10:49 PM","2:57",null,null,"Paul Free Throw 1 of 2 (1 PTS)","43 - 47","4"],["0041400166",282,8,0,2,"10:49 PM","2:57","SUB: Belinelli FOR Ginobili",null,null,null,null],["0041400166",283,8,0,2,"10:49 PM","2:57","SUB: Mills FOR Parker",null,null,null,null],["0041400166",284,3,12,2,"10:50 PM","2:57",null,null,"Paul Free Throw 2 of 2 (2 PTS)","44 - 47","3"],["0041400166",286,6,1,2,"10:50 PM","2:43",null,null,"Jordan P.FOUL (P2.T3) (D.Crawford)",null,null],["0041400166",287,8,0,2,"10:50 PM","2:43","SUB: Diaw FOR Bonner",null,null,null,null],["0041400166",288,2,1,2,"10:51 PM","2:31","MISS Belinelli 27' 3PT Jump Shot",null,null,null,null],["0041400166",289,4,0,2,"10:51 PM","2:30",null,null,"Jordan REBOUND (Off:2 Def:7)",null,null],["0041400166",290,2,46,2,"10:51 PM","2:21",null,null,"MISS Paul 9' Running Jump Shot",null,null],["0041400166",291,4,0,2,"10:51 PM","2:20","SPURS Rebound",null,null,null,null],["0041400166",292,2,1,2,"10:51 PM","2:03","MISS Mills 24' 3PT Jump Shot",null,null,null,null],["0041400166",293,4,0,2,"10:51 PM","2:02",null,null,"Jordan REBOUND (Off:2 Def:8)",null,null],["0041400166",294,1,1,2,"10:52 PM","1:42",null,null,"Barnes 25' 3PT Jump Shot (5 PTS) (Griffin 2 AST)","47 - 47","TIE"],["0041400166",295,6,1,2,"10:52 PM","1:33",null,null,"Barnes P.FOUL (P1.T4) (M.Davis)",null,null],["0041400166",296,8,0,2,"10:52 PM","1:33",null,null,"SUB: Crawford FOR Redick",null,null],["0041400166",297,1,1,2,"10:52 PM","1:19","Leonard 5' Jump Shot (8 PTS)",null,null,"47 - 49","2"],["0041400166",298,1,1,2,"10:53 PM","1:04",null,null,"Crawford 5' Jump Shot (4 PTS) (Paul 8 AST)","49 - 49","TIE"],["0041400166",299,1,1,2,"10:53 PM","0:42","Leonard 14' Jump Shot (10 PTS)",null,null,"49 - 51","2"],["0041400166",300,6,1,2,"10:53 PM","0:36","Leonard P.FOUL (P2.PN) (D.Crawford)",null,null,null,null],["0041400166",301,3,11,2,"10:54 PM","0:36",null,null,"Paul Free Throw 1 of 2 (3 PTS)","50 - 51","1"],["0041400166",303,8,0,2,"10:54 PM","0:36",null,null,"SUB: Davis FOR Jordan",null,null],["0041400166",304,3,12,2,"10:54 PM","0:36",null,null,"Paul Free Throw 2 of 2 (4 PTS)","51 - 51","TIE"],["0041400166",306,5,1,2,"10:55 PM","0:23","Leonard Bad Pass Turnover (P4.T10)",null,null,null,null],["0041400166",307,9,2,2,"10:55 PM","0:23",null,null,"Clippers Timeout: Short (Reg.2 Short 1)",null,null],["0041400166",308,8,0,2,"10:56 PM","0:23","SUB: Green FOR Leonard",null,null,null,null],["0041400166",309,8,0,2,"10:56 PM","0:23",null,null,"SUB: Redick FOR Davis",null,null],["0041400166",310,2,1,2,"10:56 PM","0:03",null,null,"MISS Griffin 14' Jump Shot",null,null],["0041400166",311,4,0,2,"10:56 PM","0:02","Mills REBOUND (Off:0 Def:1)",null,null,null,null],["0041400166",312,2,46,2,"10:56 PM","0:00","MISS Belinelli 29' 3PT Running Jump Shot",null,null,null,null],["0041400166",313,4,0,2,"10:56 PM","0:00","SPURS Rebound",null,null,null,null],["0041400166",314,13,0,2,"10:56 PM","0:00",null,null,null,"51 - 51","TIE"],["0041400166",316,12,0,3,"11:14 PM","12:00",null,null,null,"51 - 51","TIE"],["0041400166",317,2,5,3,"11:15 PM","11:44",null,null,"MISS Griffin 3' Layup",null,null],["0041400166",318,4,0,3,"11:15 PM","11:43","Duncan REBOUND (Off:2 Def:6)",null,null,null,null],["0041400166",319,2,1,3,"11:15 PM","11:27","MISS Green  3PT Jump Shot",null,null,null,null],["0041400166",320,4,0,3,"11:15 PM","11:25",null,null,"Griffin REBOUND (Off:1 Def:5)",null,null],["0041400166",321,1,1,3,"11:15 PM","11:12",null,null,"Griffin 13' Jump Shot (10 PTS) (Paul 9 AST)","53 - 51","-2"],["0041400166",322,2,1,3,"11:15 PM","10:57","MISS Leonard 11' Jump Shot",null,null,null,null],["0041400166",323,4,0,3,"11:15 PM","10:56",null,null,"Jordan REBOUND (Off:2 Def:9)",null,null],["0041400166",324,2,1,3,"11:16 PM","10:44",null,null,"MISS Griffin 16' Jump Shot",null,null],["0041400166",325,4,0,3,"11:16 PM","10:43",null,null,"Jordan REBOUND (Off:3 Def:9)",null,null],["0041400166",326,1,1,3,"11:16 PM","10:38",null,null,"Redick 18' Jump Shot (16 PTS)","55 - 51","-4"],["0041400166",327,6,1,3,"11:16 PM","10:22",null,null,"Griffin P.FOUL (P2.T1) (Z.Zarba)",null,null],["0041400166",328,2,1,3,"11:16 PM","10:11","MISS Parker 15' Jump Shot",null,null,null,null],["0041400166",329,4,0,3,"11:16 PM","10:10",null,null,"Barnes REBOUND (Off:2 Def:2)",null,null],["0041400166",330,7,5,3,"11:17 PM","9:59","Leonard Violation:Kicked Ball (D.Crawford)",null,null,null,null],["0041400166",331,2,1,3,"11:17 PM","9:48",null,null,"MISS Redick 20' Jump Shot",null,null],["0041400166",332,4,0,3,"11:17 PM","9:47","Splitter REBOUND (Off:4 Def:3)",null,null,null,null],["0041400166",333,2,1,3,"11:17 PM","9:41","MISS Green 25' 3PT Jump Shot",null,null,null,null],["0041400166",334,4,0,3,"11:17 PM","9:40",null,null,"Paul REBOUND (Off:0 Def:2)",null,null],["0041400166",335,1,5,3,"11:17 PM","9:33",null,null,"Griffin 2' Layup (12 PTS) (Paul 10 AST)","57 - 51","-6"],["0041400166",336,1,5,3,"11:18 PM","9:18","Green 2' Layup (7 PTS) (Duncan 2 AST)",null,null,"57 - 53","-4"],["0041400166",337,2,1,3,"11:18 PM","8:52",null,null,"MISS Griffin 5' Jump Shot",null,null],["0041400166",339,4,0,3,"11:18 PM","8:50",null,null,"Griffin REBOUND (Off:2 Def:5)",null,null],["0041400166",338,1,4,3,"11:18 PM","8:50",null,null,"Griffin 1' Tip Shot (14 PTS)","59 - 53","-6"],["0041400166",340,2,5,3,"11:18 PM","8:33","MISS Splitter 2' Layup",null,"Griffin BLOCK (3 BLK)",null,null],["0041400166",341,4,0,3,"11:18 PM","8:32",null,null,"Jordan REBOUND (Off:3 Def:10)",null,null],["0041400166",342,2,63,3,"11:19 PM","8:20",null,null,"MISS Paul 14' Fadeaway Jumper",null,null],["0041400166",343,4,0,3,"11:19 PM","8:19","Splitter REBOUND (Off:4 Def:4)",null,null,null,null],["0041400166",344,2,1,3,"11:19 PM","7:57","MISS Duncan 17' Jump Shot",null,null,null,null],["0041400166",345,4,0,3,"11:19 PM","7:56",null,null,"Griffin REBOUND (Off:2 Def:6)",null,null],["0041400166",346,1,1,3,"11:19 PM","7:44",null,null,"Barnes 24' 3PT Jump Shot (8 PTS) (Griffin 3 AST)","62 - 53","-9"],["0041400166",347,9,1,3,"11:19 PM","7:44","SPURS Timeout: Regular (Full 3 Short 0)",null,null,null,null],["0041400166",348,8,0,3,"11:22 PM","7:44","SUB: Diaw FOR Splitter",null,null,null,null],["0041400166",349,8,0,3,"11:22 PM","7:44","SUB: Belinelli FOR Leonard",null,null,null,null],["0041400166",350,1,1,3,"11:23 PM","7:21","Diaw 25' 3PT Jump Shot (7 PTS) (Belinelli 1 AST)",null,null,"62 - 56","-6"],["0041400166",352,1,1,3,"11:24 PM","6:57",null,null,"Griffin 17' Jump Shot (16 PTS) (Paul 11 AST)","64 - 56","-8"],["0041400166",353,6,2,3,"11:24 PM","6:41",null,null,"Barnes S.FOUL (P2.T2) (D.Crawford)",null,null],["0041400166",354,3,13,3,"11:24 PM","6:41","MISS Belinelli Free Throw 1 of 3",null,null,null,null],["0041400166",355,4,1,3,"11:24 PM","6:41","SPURS Rebound",null,null,null,null],["0041400166",356,3,14,3,"11:24 PM","6:41","Belinelli Free Throw 2 of 3 (13 PTS)",null,null,"64 - 57","-7"],["0041400166",358,3,15,3,"11:25 PM","6:41","Belinelli Free Throw 3 of 3 (14 PTS)",null,null,"64 - 58","-6"],["0041400166",360,2,5,3,"11:25 PM","6:28","Green BLOCK (1 BLK)",null,"MISS Griffin 1' Layup",null,null],["0041400166",361,4,0,3,"11:25 PM","6:28",null,null,"Clippers Rebound",null,null],["0041400166",362,1,80,3,"11:26 PM","6:18",null,null,"Griffin 14' Step Back Jump Shot (18 PTS)","66 - 58","-8"],["0041400166",364,5,40,3,"11:26 PM","5:57","Green Out of Bounds Lost Ball Turnover (P1.T11)",null,null,null,null],["0041400166",365,2,1,3,"11:27 PM","5:45",null,null,"MISS Griffin 18' Jump Shot",null,null],["0041400166",366,4,0,3,"11:27 PM","5:44","Duncan REBOUND (Off:2 Def:7)",null,null,null,null],["0041400166",367,1,1,3,"11:27 PM","5:24","Belinelli 29' 3PT Jump Shot (17 PTS) (Diaw 3 AST)",null,null,"66 - 61","-5"],["0041400166",368,2,1,3,"11:27 PM","5:07",null,null,"MISS Redick 19' Jump Shot",null,null],["0041400166",369,4,0,3,"11:27 PM","5:06","Duncan REBOUND (Off:2 Def:8)",null,null,null,null],["0041400166",370,2,1,3,"11:27 PM","4:57","MISS Diaw 25' 3PT Jump Shot",null,null,null,null],["0041400166",371,4,0,3,"11:28 PM","4:56",null,null,"Jordan REBOUND (Off:3 Def:11)",null,null],["0041400166",372,9,1,3,"11:28 PM","4:56",null,null,"Clippers Timeout: Regular (Reg.3 Short 1)",null,null],["0041400166",374,8,0,3,"11:30 PM","4:56",null,null,"SUB: Crawford FOR Barnes",null,null],["0041400166",375,8,0,3,"11:30 PM","4:56","SUB: Leonard FOR Green",null,null,null,null],["0041400166",376,6,1,3,"11:31 PM","4:56","Belinelli P.FOUL (P3.T1) (D.Crawford)",null,null,null,null],["0041400166",377,1,1,3,"11:32 PM","4:43",null,null,"Paul 18' Jump Shot (6 PTS)","68 - 61","-7"],["0041400166",378,2,1,3,"11:32 PM","4:20","MISS Leonard 16' Jump Shot",null,null,null,null],["0041400166",379,4,0,3,"11:32 PM","4:19",null,null,"Paul REBOUND (Off:0 Def:3)",null,null],["0041400166",380,2,1,3,"11:32 PM","3:57",null,null,"MISS Paul 26' 3PT Jump Shot",null,null],["0041400166",381,4,0,3,"11:32 PM","3:56","Belinelli REBOUND (Off:0 Def:2)",null,null,null,null],["0041400166",382,1,80,3,"11:33 PM","3:46","Diaw 9' Step Back Jump Shot (9 PTS)",null,null,"68 - 63","-5"],["0041400166",383,1,1,3,"11:33 PM","3:23",null,null,"Paul 18' Jump Shot (8 PTS)","70 - 63","-7"],["0041400166",384,1,78,3,"11:33 PM","3:04","Parker 6' Floating Jump Shot (6 PTS)",null,null,"70 - 65","-5"],["0041400166",385,6,1,3,"11:33 PM","2:51","Diaw P.FOUL (P3.T2) (D.Crawford)",null,null,null,null],["0041400166",386,8,0,3,"11:34 PM","2:51","SUB: Mills FOR Parker",null,null,null,null],["0041400166",387,8,0,3,"11:34 PM","2:51","SUB: Splitter FOR Duncan",null,null,null,null],["0041400166",388,8,0,3,"11:34 PM","2:51",null,null,"SUB: Davis FOR Griffin",null,null],["0041400166",389,5,1,3,"11:34 PM","2:41",null,null,"Crawford Bad Pass Turnover (P2.T8)",null,null],["0041400166",390,8,0,3,"11:34 PM","2:41",null,null,"SUB: Rivers FOR Redick",null,null],["0041400166",391,1,66,3,"11:34 PM","2:26","Diaw 13' Jump Bank Shot (11 PTS) (Splitter 2 AST)",null,null,"70 - 67","-3"],["0041400166",392,2,1,3,"11:35 PM","2:05",null,null,"MISS Rivers 20' Jump Shot",null,null],["0041400166",393,4,0,3,"11:35 PM","2:05",null,null,"Clippers Rebound",null,null],["0041400166",394,6,3,3,"11:35 PM","2:05","Splitter L.B.FOUL (P2.T3) (D.Crawford)",null,null,null,null],["0041400166",395,2,1,3,"11:35 PM","2:02",null,null,"MISS Crawford 11' Jump Shot",null,null],["0041400166",396,4,0,3,"11:35 PM","2:00","Leonard REBOUND (Off:0 Def:3)",null,null,null,null],["0041400166",397,6,4,3,"11:36 PM","1:47","Diaw OFF.Foul (P4) (D.Crawford)",null,null,null,null],["0041400166",398,5,5,3,"11:36 PM","1:47","Diaw Foul Turnover (P2.T12)",null,null,null,null],["0041400166",399,8,0,3,"11:36 PM","1:47","SUB: Bonner FOR Diaw",null,null,null,null],["0041400166",400,6,26,3,"11:37 PM","1:35",null,null,"Davis Offensive Charge Foul (P3.T3) (M.Davis)",null,null],["0041400166",401,5,5,3,"11:37 PM","1:35",null,null,"Davis Foul Turnover (P2.T9)",null,null],["0041400166",402,8,0,3,"11:37 PM","1:35",null,null,"SUB: Turkoglu FOR Jordan",null,null],["0041400166",403,8,0,3,"11:37 PM","1:35","SUB: Ginobili FOR Bonner",null,null,null,null],["0041400166",404,2,1,3,"11:37 PM","1:19","MISS Leonard 6' Jump Shot",null,null,null,null],["0041400166",405,4,0,3,"11:37 PM","1:18","Splitter REBOUND (Off:5 Def:4)",null,null,null,null],["0041400166",406,1,1,3,"11:38 PM","1:13","Mills 25' 3PT Jump Shot (5 PTS) (Splitter 3 AST)",null,null,"70 - 70","TIE"],["0041400166",407,1,1,3,"11:38 PM","0:56",null,null,"Paul 15' Jump Shot (10 PTS)","72 - 70","-2"],["0041400166",408,6,29,3,"11:38 PM","0:43",null,null,"Davis Shooting Block Foul (P4.PN) (D.Crawford)",null,null],["0041400166",409,3,11,3,"11:38 PM","0:43","Leonard Free Throw 1 of 2 (11 PTS)",null,null,"72 - 71","-1"],["0041400166",411,3,12,3,"11:39 PM","0:43","Leonard Free Throw 2 of 2 (12 PTS)",null,null,"72 - 72","TIE"],["0041400166",413,1,1,3,"11:39 PM","0:38",null,null,"Paul 16' Jump Shot (12 PTS)","74 - 72","-2"],["0041400166",414,6,1,3,"11:39 PM","0:33",null,null,"Turkoglu P.FOUL (P1.PN) (Z.Zarba)",null,null],["0041400166",415,3,11,3,"11:40 PM","0:33","MISS Splitter Free Throw 1 of 2",null,null,null,null],["0041400166",416,4,1,3,"11:40 PM","0:33","SPURS Rebound",null,null,null,null],["0041400166",417,3,12,3,"11:40 PM","0:33","MISS Splitter Free Throw 2 of 2",null,null,null,null],["0041400166",419,4,0,3,"11:40 PM","0:32",null,null,"Turkoglu REBOUND (Off:0 Def:1)",null,null],["0041400166",420,1,7,3,"11:41 PM","0:12",null,null,"Davis  Dunk (2 PTS) (Paul 12 AST)","76 - 72","-4"],["0041400166",421,2,77,3,"11:41 PM","0:00","MISS Ginobili 9' Driving Jump Shot",null,null,null,null],["0041400166",422,4,0,3,"11:41 PM","0:00","SPURS Rebound",null,null,null,null],["0041400166",423,13,0,3,"11:41 PM","0:00",null,null,null,"76 - 72","-4"],["0041400166",425,12,0,4,"11:45 PM","12:00",null,null,null,"76 - 72","-4"],["0041400166",426,5,40,4,"11:45 PM","11:52","Mills Out of Bounds Lost Ball Turnover (P1.T13)",null,null,null,null],["0041400166",427,1,1,4,"11:45 PM","11:35",null,null,"Rivers 19' Jump Shot (3 PTS)","78 - 72","-6"],["0041400166",428,6,1,4,"11:46 PM","11:12",null,null,"Crawford P.FOUL (P2.T1) (M.Davis)",null,null],["0041400166",429,6,1,4,"11:46 PM","11:08",null,null,"Davis P.FOUL (P5.T2) (Z.Zarba)",null,null],["0041400166",430,3,11,4,"11:46 PM","11:08","Splitter Free Throw 1 of 2 (6 PTS)",null,null,"78 - 73","-5"],["0041400166",432,8,0,4,"11:47 PM","11:08",null,null,"SUB: Griffin FOR Davis",null,null],["0041400166",433,3,12,4,"11:47 PM","11:08","Splitter Free Throw 2 of 2 (7 PTS)",null,null,"78 - 74","-4"],["0041400166",435,1,1,4,"11:48 PM","10:56",null,null,"Crawford 17' Jump Shot (6 PTS) (Griffin 4 AST)","80 - 74","-6"],["0041400166",436,1,7,4,"11:48 PM","10:41","Splitter  Dunk (9 PTS) (Ginobili 1 AST)",null,null,"80 - 76","-4"],["0041400166",437,2,46,4,"11:48 PM","10:10",null,null,"MISS Rivers 7' Running Jump Shot",null,null],["0041400166",438,4,0,4,"11:49 PM","10:09","Mills REBOUND (Off:0 Def:2)",null,null,null,null],["0041400166",439,2,66,4,"11:49 PM","10:02","MISS Ginobili 25' 3PT Jump Bank Shot",null,null,null,null],["0041400166",440,4,0,4,"11:49 PM","10:01",null,null,"Turkoglu REBOUND (Off:0 Def:2)",null,null],["0041400166",441,2,1,4,"11:49 PM","9:47",null,null,"MISS Turkoglu 26' 3PT Jump Shot",null,null],["0041400166",442,4,0,4,"11:49 PM","9:46","Mills REBOUND (Off:0 Def:3)",null,null,null,null],["0041400166",443,2,5,4,"11:49 PM","9:24","MISS Splitter 2' Layup",null,null,null,null],["0041400166",444,4,0,4,"11:49 PM","9:24",null,null,"Griffin REBOUND (Off:2 Def:7)",null,null],["0041400166",445,6,3,4,"11:49 PM","9:24","Ginobili L.B.FOUL (P3.T1) (D.Crawford)",null,null,null,null],["0041400166",446,8,0,4,"11:49 PM","9:24",null,null,"SUB: Barnes FOR Turkoglu",null,null],["0041400166",447,8,0,4,"11:50 PM","9:24",null,null,"SUB: Redick FOR Rivers",null,null],["0041400166",448,2,80,4,"11:50 PM","9:11",null,null,"MISS Paul 15' Step Back Jump Shot",null,null],["0041400166",449,4,0,4,"11:50 PM","9:10","Leonard REBOUND (Off:0 Def:4)",null,null,null,null],["0041400166",450,2,1,4,"11:50 PM","8:57","MISS Leonard 7' Jump Shot",null,null,null,null],["0041400166",451,4,0,4,"11:50 PM","8:56",null,null,"Barnes REBOUND (Off:2 Def:3)",null,null],["0041400166",452,2,1,4,"11:50 PM","8:42",null,null,"MISS Crawford 16' Jump Shot",null,null],["0041400166",453,4,0,4,"11:50 PM","8:41","Splitter REBOUND (Off:5 Def:5)",null,null,null,null],["0041400166",454,6,29,4,"11:51 PM","8:30",null,null,"Barnes Shooting Block Foul (P3.T3) (M.Davis)",null,null],["0041400166",455,9,4,4,"11:51 PM","8:30",null,null,null,null,null],["0041400166",457,8,0,4,"11:53 PM","8:30","SUB: Parker FOR Belinelli",null,null,null,null],["0041400166",458,8,0,4,"11:53 PM","8:30","SUB: Green FOR Ginobili",null,null,null,null],["0041400166",460,3,11,4,"11:54 PM","8:30","MISS Splitter Free Throw 1 of 2",null,null,null,null],["0041400166",461,4,1,4,"11:54 PM","8:30","SPURS Rebound",null,null,null,null],["0041400166",463,8,0,4,"11:54 PM","8:30","SUB: Diaw FOR Mills",null,null,null,null],["0041400166",464,3,12,4,"11:54 PM","8:30","MISS Splitter Free Throw 2 of 2",null,null,null,null],["0041400166",466,4,0,4,"11:54 PM","8:30",null,null,"Barnes REBOUND (Off:2 Def:4)",null,null],["0041400166",467,2,1,4,"11:55 PM","8:13",null,null,"MISS Crawford 25' 3PT Jump Shot",null,null],["0041400166",468,4,0,4,"11:55 PM","8:12","Leonard REBOUND (Off:0 Def:5)",null,null,null,null],["0041400166",469,2,77,4,"11:55 PM","7:57","MISS Parker 5' Driving Jump Shot",null,null,null,null],["0041400166",470,4,0,4,"11:55 PM","7:56",null,null,"Barnes REBOUND (Off:2 Def:5)",null,null],["0041400166",471,1,63,4,"11:55 PM","7:43",null,null,"Paul 14' Fadeaway Jumper (14 PTS)","82 - 76","-6"],["0041400166",472,1,1,4,"11:56 PM","7:23","Parker 7' Jump Shot (8 PTS)",null,null,"82 - 78","-4"],["0041400166",473,1,1,4,"11:56 PM","7:07",null,null,"Paul  3PT Jump Shot (17 PTS) (Griffin 5 AST)","85 - 78","-7"],["0041400166",474,9,1,4,"11:56 PM","7:07","SPURS Timeout: Regular (Full 4 Short 0)",null,null,null,null],["0041400166",475,8,0,4,"11:59 PM","7:07","SUB: Duncan FOR Splitter",null,null,null,null],["0041400166",476,2,1,4,"12:00 AM","6:51","MISS Green 25' 3PT Jump Shot",null,null,null,null],["0041400166",477,4,0,4,"12:00 AM","6:50",null,null,"Griffin REBOUND (Off:2 Def:8)",null,null],["0041400166",478,6,1,4,"12:00 AM","6:50","Green P.FOUL (P1.T2) (D.Crawford)",null,null,null,null],["0041400166",479,2,1,4,"12:00 AM","6:35",null,null,"MISS Paul 24' 3PT Jump Shot",null,null],["0041400166",480,4,0,4,"12:00 AM","6:34","Leonard REBOUND (Off:0 Def:6)",null,null,null,null],["0041400166",481,6,1,4,"12:01 AM","6:27",null,null,"Barnes P.FOUL (P4.T4) (Z.Zarba)",null,null],["0041400166",482,8,0,4,"12:01 AM","6:27",null,null,"SUB: Jordan FOR Barnes",null,null],["0041400166",483,1,1,4,"12:01 AM","6:20","Diaw 17' Jump Shot (13 PTS) (Parker 6 AST)",null,null,"85 - 80","-5"],["0041400166",484,1,1,4,"12:02 AM","6:02",null,null,"Griffin 18' Jump Shot (20 PTS) (Paul 13 AST)","87 - 80","-7"],["0041400166",485,2,77,4,"12:02 AM","5:49","MISS Duncan 4' Driving Jump Shot",null,null,null,null],["0041400166",486,4,0,4,"12:02 AM","5:48",null,null,"Griffin REBOUND (Off:2 Def:9)",null,null],["0041400166",487,6,1,4,"12:02 AM","5:38","Parker P.FOUL (P4.T3) (Z.Zarba)",null,null,null,null],["0041400166",488,5,2,4,"12:02 AM","5:35","Green STEAL (1 STL)",null,"Redick Lost Ball Turnover (P2.T10)",null,null],["0041400166",489,2,5,4,"12:02 AM","5:32","MISS Green 2' Layup",null,"Griffin BLOCK (4 BLK)",null,null],["0041400166",490,4,0,4,"12:03 AM","5:31","SPURS Rebound",null,null,null,null],["0041400166",491,1,50,4,"12:03 AM","5:23","Duncan  Running Dunk (8 PTS) (Parker 7 AST)",null,null,"87 - 82","-5"],["0041400166",492,1,66,4,"12:03 AM","4:56",null,null,"Griffin 11' Jump Bank Shot (22 PTS) (Paul 14 AST)","89 - 82","-7"],["0041400166",493,2,41,4,"12:04 AM","4:45","MISS Parker 2' Running Layup",null,"Jordan BLOCK (3 BLK)",null,null],["0041400166",494,4,0,4,"12:04 AM","4:45","SPURS Rebound",null,null,null,null],["0041400166",495,9,1,4,"12:04 AM","4:45",null,null,"Clippers Timeout: Regular (Reg.4 Short 1)",null,null],["0041400166",497,1,80,4,"12:07 AM","4:32","Diaw 13' Step Back Jump Shot (15 PTS) (Duncan 3 AST)",null,null,"89 - 84","-5"],["0041400166",498,2,66,4,"12:08 AM","3:57",null,null,"MISS Paul 34' 3PT Jump Bank Shot",null,null],["0041400166",499,4,0,4,"12:08 AM","3:56","Duncan REBOUND (Off:2 Def:9)",null,null,null,null],["0041400166",500,1,1,4,"12:08 AM","3:44","Duncan 4' Jump Shot (10 PTS) (Diaw 4 AST)",null,null,"89 - 86","-3"],["0041400166",501,1,1,4,"12:08 AM","3:27",null,null,"Redick 24' 3PT Jump Shot (19 PTS) (Griffin 6 AST)","92 - 86","-6"],["0041400166",502,2,1,4,"12:09 AM","3:10","MISS Leonard 9' Jump Shot",null,null,null,null],["0041400166",503,4,0,4,"12:09 AM","3:08","Duncan REBOUND (Off:3 Def:9)",null,null,null,null],["0041400166",504,1,1,4,"12:09 AM","3:02","Duncan 3' Jump Shot (12 PTS) (Diaw 5 AST)",null,null,"92 - 88","-4"],["0041400166",505,6,1,4,"12:09 AM","2:44","Green P.FOUL (P2.T4) (Z.Zarba)",null,null,null,null],["0041400166",506,6,28,4,"12:10 AM","2:43","Duncan Personal Take Foul (P4.PN) (M.Davis)",null,null,null,null],["0041400166",507,3,11,4,"12:10 AM","2:43",null,null,"MISS Jordan Free Throw 1 of 2",null,null],["0041400166",508,4,1,4,"12:10 AM","2:43",null,null,"Clippers Rebound",null,null],["0041400166",509,3,12,4,"12:10 AM","2:43",null,null,"MISS Jordan Free Throw 2 of 2",null,null],["0041400166",511,4,0,4,"12:11 AM","2:43","Diaw REBOUND (Off:2 Def:1)",null,null,null,null],["0041400166",512,2,1,4,"12:11 AM","2:29","MISS Diaw 25' 3PT Jump Shot",null,null,null,null],["0041400166",513,4,0,4,"12:11 AM","2:28",null,null,"Crawford REBOUND (Off:0 Def:1)",null,null],["0041400166",514,1,5,4,"12:11 AM","2:21",null,null,"Griffin 2' Layup (24 PTS) (Paul 15 AST)","94 - 88","-6"],["0041400166",515,2,1,4,"12:11 AM","2:11","MISS Parker 14' Jump Shot",null,null,null,null],["0041400166",516,4,0,4,"12:11 AM","2:10",null,null,"Paul REBOUND (Off:0 Def:4)",null,null],["0041400166",517,9,2,4,"12:11 AM","2:07",null,null,"Clippers Timeout: Short (Reg.4 Short 2)",null,null],["0041400166",519,8,0,4,"12:12 AM","2:07",null,null,"SUB: Barnes FOR Jordan",null,null],["0041400166",520,2,1,4,"12:13 AM","1:53",null,null,"MISS Paul 17' Jump Shot",null,null],["0041400166",521,4,0,4,"12:13 AM","1:52","Duncan REBOUND (Off:3 Def:10)",null,null,null,null],["0041400166",522,1,85,4,"12:13 AM","1:42","Diaw 6' Turnaround Bank Shot (17 PTS)",null,null,"94 - 90","-4"],["0041400166",523,1,1,4,"12:13 AM","1:26",null,null,"Crawford 18' Jump Shot (8 PTS)","96 - 90","-6"],["0041400166",524,9,1,4,"12:13 AM","1:26","SPURS Timeout: Regular (Full 5 Short 0)",null,null,null,null],["0041400166",526,8,0,4,"12:15 AM","1:26",null,null,"SUB: Jordan FOR Crawford",null,null],["0041400166",527,8,0,4,"12:15 AM","1:26","SUB: Belinelli FOR Green",null,null,null,null],["0041400166",528,8,0,4,"12:15 AM","1:26","SUB: Mills FOR Parker",null,null,null,null],["0041400166",529,2,1,4,"12:16 AM","1:23","MISS Belinelli 24' 3PT Jump Shot",null,null,null,null],["0041400166",530,4,0,4,"12:16 AM","1:22","Leonard REBOUND (Off:1 Def:6)",null,null,null,null],["0041400166",531,1,1,4,"12:16 AM","1:19","Belinelli 24' 3PT Jump Shot (20 PTS) (Leonard 2 AST)",null,null,"96 - 93","-3"],["0041400166",532,2,1,4,"12:16 AM","0:54",null,null,"MISS Paul 26' 3PT Jump Shot",null,null],["0041400166",533,4,0,4,"12:16 AM","0:53","Diaw REBOUND (Off:2 Def:2)",null,null,null,null],["0041400166",534,2,1,4,"12:17 AM","0:39","MISS Leonard 24' 3PT Jump Shot",null,null,null,null],["0041400166",535,4,0,4,"12:17 AM","0:39",null,null,"Griffin REBOUND (Off:2 Def:10)",null,null],["0041400166",536,9,1,4,"12:17 AM","0:39",null,null,"Clippers Timeout: Regular (Reg.5 Short 2)",null,null],["0041400166",538,8,0,4,"12:18 AM","0:39",null,null,"SUB: Crawford FOR Barnes",null,null],["0041400166",539,1,77,4,"12:19 AM","0:21",null,null,"Paul 7' Driving Jump Shot (19 PTS)","98 - 93","-5"],["0041400166",540,1,1,4,"12:19 AM","0:14","Belinelli 26' 3PT Jump Shot (23 PTS) (Mills 3 AST)",null,null,"98 - 96","-2"],["0041400166",541,18,0,4,"12:20 AM","0:14",null,null,null,null,null],["0041400166",542,9,2,4,"12:21 AM","0:14",null,null,"Clippers Timeout: Short (Reg.5 Short 3)",null,null],["0041400166",543,8,0,4,"12:21 AM","0:14",null,null,"SUB: Barnes FOR Jordan",null,null],["0041400166",544,8,0,4,"12:21 AM","0:14","SUB: Green FOR Duncan",null,null,null,null],["0041400166",545,6,1,4,"12:22 AM","0:10","Belinelli P.FOUL (P4.PN) (Z.Zarba)",null,null,null,null],["0041400166",546,3,11,4,"12:22 AM","0:10",null,null,"Crawford Free Throw 1 of 2 (9 PTS)","99 - 96","-3"],["0041400166",548,8,0,4,"12:22 AM","0:10","SUB: Duncan FOR Green",null,null,null,null],["0041400166",549,3,12,4,"12:23 AM","0:10",null,null,"Crawford Free Throw 2 of 2 (10 PTS)","100 - 96","-4"],["0041400166",551,9,2,4,"12:23 AM","0:10","SPURS Timeout: Short (Full 5 Short 1)",null,null,null,null],["0041400166",555,5,15,4,"12:26 AM","0:01","Diaw Offensive Goaltending Turnover (P3.T14)",null,null,null,null],["0041400166",554,18,1,4,"12:27 AM","0:01",null,null,null,null,null],["0041400166",557,6,9,4,"12:27 AM","0:01","Diaw C.P.FOUL (P5.PN) (D.Crawford)",null,null,null,null],["0041400166",558,18,0,4,"12:27 AM","0:01",null,null,null,null,null],["0041400166",559,3,25,4,"12:28 AM","0:01",null,null,"Griffin Free Throw Clear Path 1 of 2 (25 PTS)","101 - 96","-5"],["0041400166",562,3,26,4,"12:28 AM","0:01",null,null,"Griffin Free Throw Clear Path 2 of 2 (26 PTS)","102 - 96","-6"],["0041400166",565,13,0,4,"12:29 AM","0:00",null,null,null,"102 - 96","-6"]]},{"name":"AvailableVideo","headers":["VIDEO_AVAILABLE_FLAG"],"rowSet":[[1]]}]}