{"resource":"playbyplay","parameters":{"GameID":"0041400155","StartPeriod":0,"EndPeriod":14},"resultSets":[{"name":"PlayByPlay","headers":["GAME_ID","EVENTNUM","EVENTMSGTYPE","EVENTMSGACTIONTYPE","PERIOD","WCTIMESTRING","PCTIMESTRING","HOMEDESCRIPTION","NEUTRALDESCRIPTION","VISITORDESCRIPTION","SCORE","SCOREMARGIN"],"rowSet":[["0041400155",0,12,0,1,"8:11 PM","12:00",null,null,null,null,null],["0041400155",1,10,0,1,"8:11 PM","12:00","Jump Ball Howard vs. Chandler: Tip to Ariza",null,null,null,null],["0041400155",2,1,41,1,"8:11 PM","11:44","Terry 1' Running Layup (2 PTS) (Ariza 1 AST)",null,null,"0 - 2","2"],["0041400155",3,2,5,1,"8:12 PM","11:30","Howard BLOCK (1 BLK)",null,"MISS Barea  Layup",null,null],["0041400155",4,4,0,1,"8:12 PM","11:28","Ariza REBOUND (Off:0 Def:1)",null,null,null,null],["0041400155",5,2,79,1,"8:12 PM","11:24","MISS Terry 12' Pullup Jump Shot",null,null,null,null],["0041400155",6,4,0,1,"8:12 PM","11:23",null,null,"Nowitzki REBOUND (Off:0 Def:1)",null,null],["0041400155",7,2,1,1,"8:12 PM","11:11",null,null,"MISS Nowitzki 25' 3PT Jump Shot",null,null],["0041400155",8,4,0,1,"8:12 PM","11:10","Howard REBOUND (Off:0 Def:1)",null,null,null,null],["0041400155",9,5,1,1,"8:12 PM","11:00","Harden Bad Pass Turnover (P1.T1)",null,"Barea STEAL (1 STL)",null,null],["0041400155",10,1,79,1,"8:12 PM","10:55",null,null,"Ellis 17' Pullup Jump Shot (2 PTS) (Barea 1 AST)","2 - 2","TIE"],["0041400155",11,1,65,1,"8:13 PM","10:36","Howard 6' Jump Hook Shot (2 PTS) (Harden 1 AST)",null,null,"2 - 4","2"],["0041400155",12,1,1,1,"8:13 PM","10:21",null,null,"Aminu 25' 3PT Jump Shot (3 PTS) (Barea 2 AST)","5 - 4","-1"],["0041400155",13,5,1,1,"8:13 PM","10:13","Terry Bad Pass Turnover (P1.T2)",null,"Aminu STEAL (1 STL)",null,null],["0041400155",14,1,42,1,"8:13 PM","10:09",null,null,"Ellis  Driving Layup (4 PTS) (Aminu 1 AST)","7 - 4","-3"],["0041400155",16,2,1,1,"8:13 PM","9:53","MISS Ariza 25' 3PT Jump Shot",null,null,null,null],["0041400155",17,4,0,1,"8:13 PM","9:50","Howard REBOUND (Off:1 Def:1)",null,null,null,null],["0041400155",18,1,1,1,"8:13 PM","9:45","Ariza 25' 3PT Jump Shot (3 PTS) (Harden 2 AST)",null,null,"7 - 7","TIE"],["0041400155",19,2,79,1,"8:14 PM","9:37",null,null,"MISS Ellis 25' 3PT Pullup Jump Shot",null,null],["0041400155",20,4,0,1,"8:14 PM","9:37","Jones REBOUND (Off:0 Def:1)",null,null,null,null],["0041400155",21,6,2,1,"8:14 PM","9:23",null,null,"Nowitzki S.FOUL (P1.T1) (T.Brothers)",null,null],["0041400155",22,3,11,1,"8:14 PM","9:23","MISS Jones Free Throw 1 of 2",null,null,null,null],["0041400155",23,4,1,1,"8:14 PM","9:23","ROCKETS Rebound",null,null,null,null],["0041400155",24,3,12,1,"8:14 PM","9:23","MISS Jones Free Throw 2 of 2",null,null,null,null],["0041400155",26,4,0,1,"8:14 PM","9:23",null,null,"Chandler REBOUND (Off:0 Def:1)",null,null],["0041400155",27,2,78,1,"8:15 PM","9:08",null,null,"MISS Barea 9' Floating Jump Shot",null,null],["0041400155",28,4,0,1,"8:15 PM","9:07","Howard REBOUND (Off:1 Def:2)",null,null,null,null],["0041400155",29,1,80,1,"8:15 PM","8:46","Harden 18' Step Back Jump Shot (2 PTS)",null,null,"7 - 9","2"],["0041400155",32,1,42,1,"8:16 PM","8:24",null,null,"Ellis 1' Driving Layup (6 PTS)","9 - 9","TIE"],["0041400155",33,2,1,1,"8:16 PM","8:15","MISS Ariza 24' 3PT Jump Shot",null,null,null,null],["0041400155",34,4,0,1,"8:16 PM","8:13",null,null,"Aminu REBOUND (Off:0 Def:1)",null,null],["0041400155",35,1,8,1,"8:16 PM","8:08",null,null,"Chandler  Slam Dunk (2 PTS) (Barea 3 AST)","11 - 9","-2"],["0041400155",36,1,42,1,"8:16 PM","7:43","Howard  Driving Layup (4 PTS) (Ariza 2 AST)",null,null,"11 - 11","TIE"],["0041400155",37,2,86,1,"8:17 PM","7:25",null,null,"MISS Nowitzki 15' Turnaround Fadeaway Shot",null,null],["0041400155",38,4,0,1,"8:17 PM","7:25","Howard REBOUND (Off:1 Def:3)",null,null,null,null],["0041400155",39,6,26,1,"8:17 PM","7:16","Harden Offensive Charge Foul (P1.T1) (T.Brothers)",null,null,null,null],["0041400155",40,5,5,1,"8:17 PM","7:16","Harden Foul Turnover (P2.T3)",null,null,null,null],["0041400155",42,2,86,1,"8:18 PM","6:57",null,null,"MISS Nowitzki 13' Turnaround Fadeaway Shot",null,null],["0041400155",43,4,0,1,"8:18 PM","6:57","Ariza REBOUND (Off:0 Def:2)",null,null,null,null],["0041400155",44,2,1,1,"8:18 PM","6:36","MISS Howard 6' Jump Shot",null,null,null,null],["0041400155",45,4,0,1,"8:18 PM","6:35",null,null,"Nowitzki REBOUND (Off:0 Def:2)",null,null],["0041400155",46,2,1,1,"8:18 PM","6:28",null,null,"MISS Nowitzki 24' 3PT Jump Shot",null,null],["0041400155",47,4,0,1,"8:18 PM","6:26","Howard REBOUND (Off:1 Def:4)",null,null,null,null],["0041400155",48,1,78,1,"8:18 PM","6:10","Harden 6' Floating Jump Shot (4 PTS)",null,null,"11 - 13","2"],["0041400155",49,5,1,1,"8:18 PM","6:01","Howard STEAL (1 STL)",null,"Ellis Bad Pass Turnover (P1.T1)",null,null],["0041400155",50,1,1,1,"8:19 PM","5:56","Harden 24' 3PT Jump Shot (7 PTS) (Terry 1 AST)",null,null,"11 - 16","5"],["0041400155",51,9,1,1,"8:19 PM","5:55",null,null,"Mavericks Timeout: Regular (Reg.1 Short 0)",null,null],["0041400155",54,8,0,1,"8:21 PM","5:55","SUB: Smith FOR Jones",null,null,null,null],["0041400155",55,8,0,1,"8:22 PM","5:55",null,null,"SUB: Villanueva FOR Nowitzki",null,null],["0041400155",56,6,2,1,"8:22 PM","5:48","Ariza S.FOUL (P1.T2) (Z.Zarba)",null,null,null,null],["0041400155",57,3,11,1,"8:22 PM","5:48",null,null,"MISS Chandler Free Throw 1 of 2",null,null],["0041400155",58,4,1,1,"8:22 PM","5:48",null,null,"Mavericks Rebound",null,null],["0041400155",59,3,12,1,"8:23 PM","5:48",null,null,"Chandler Free Throw 2 of 2 (3 PTS)","12 - 16","4"],["0041400155",61,2,1,1,"8:23 PM","5:38","MISS Harden 25' 3PT Jump Shot",null,null,null,null],["0041400155",62,4,0,1,"8:23 PM","5:37","Ariza REBOUND (Off:1 Def:2)",null,null,null,null],["0041400155",63,1,1,1,"8:23 PM","5:30","Smith 24' 3PT Jump Shot (3 PTS) (Terry 2 AST)",null,null,"12 - 19","7"],["0041400155",64,1,79,1,"8:23 PM","5:17",null,null,"Ellis 19' Pullup Jump Shot (8 PTS)","14 - 19","5"],["0041400155",65,6,1,1,"8:24 PM","5:12",null,null,"Chandler P.FOUL (P1.T2) (Z.Zarba)",null,null],["0041400155",66,8,0,1,"8:24 PM","5:12","SUB: Prigioni FOR Terry",null,null,null,null],["0041400155",67,8,0,1,"8:24 PM","5:12","SUB: Capela FOR Howard",null,null,null,null],["0041400155",68,8,0,1,"8:24 PM","5:12",null,null,"SUB: Stoudemire FOR Chandler",null,null],["0041400155",69,2,1,1,"8:24 PM","5:03","MISS Capela 8' Jump Shot",null,"Villanueva BLOCK (1 BLK)",null,null],["0041400155",70,4,0,1,"8:24 PM","5:02",null,null,"Villanueva REBOUND (Off:0 Def:1)",null,null],["0041400155",71,1,42,1,"8:24 PM","4:59",null,null,"Ellis 2' Driving Layup (10 PTS) (Villanueva 1 AST)","16 - 19","3"],["0041400155",72,2,1,1,"8:25 PM","4:41","MISS Smith 25' 3PT Jump Shot",null,null,null,null],["0041400155",73,4,0,1,"8:25 PM","4:40",null,null,"Stoudemire REBOUND (Off:0 Def:1)",null,null],["0041400155",74,6,1,1,"8:25 PM","4:36","Prigioni P.FOUL (P1.T3) (J.Goble)",null,null,null,null],["0041400155",75,5,2,1,"8:25 PM","4:25","Prigioni STEAL (1 STL)",null,"Stoudemire Lost Ball Turnover (P1.T2)",null,null],["0041400155",76,2,79,1,"8:25 PM","4:19","MISS Ariza 25' 3PT Pullup Jump Shot",null,null,null,null],["0041400155",77,4,0,1,"8:25 PM","4:18","ROCKETS Rebound",null,null,null,null],["0041400155",78,1,52,1,"8:26 PM","4:12","Capela  Alley Oop Dunk (2 PTS) (Harden 3 AST)",null,null,"16 - 21","5"],["0041400155",79,5,1,1,"8:26 PM","4:08",null,null,"Aminu Bad Pass Turnover (P1.T3)",null,null],["0041400155",80,5,2,1,"8:26 PM","4:04","Harden Lost Ball Turnover (P3.T4)",null,"Stoudemire STEAL (1 STL)",null,null],["0041400155",81,5,41,1,"8:26 PM","3:56","Smith STEAL (1 STL)",null,"Stoudemire Poss Lost Ball Turnover (P2.T4)",null,null],["0041400155",82,1,7,1,"8:26 PM","3:52","Harden  Dunk (9 PTS) (Smith 1 AST)",null,null,"16 - 23","7"],["0041400155",83,9,2,1,"8:26 PM","3:50",null,null,"Mavericks Timeout: Short (Reg.1 Short 1)",null,null],["0041400155",84,8,0,1,"8:27 PM","3:50",null,null,"SUB: Harris FOR Barea",null,null],["0041400155",86,2,1,1,"8:27 PM","3:39",null,null,"MISS Ellis 21' Jump Shot",null,null],["0041400155",87,4,0,1,"8:27 PM","3:38","Smith REBOUND (Off:0 Def:1)",null,null,null,null],["0041400155",88,5,2,1,"8:28 PM","3:32","Ariza Lost Ball Turnover (P1.T5)",null,"Ellis STEAL (1 STL)",null,null],["0041400155",89,1,88,1,"8:28 PM","3:27",null,null,"Aminu  Driving Slam Dunk (5 PTS) (Ellis 1 AST)","18 - 23","5"],["0041400155",90,6,1,1,"8:28 PM","3:17",null,null,"Aminu P.FOUL (P1.T3) (J.Goble)",null,null],["0041400155",91,8,0,1,"8:28 PM","3:17","SUB: Brewer FOR Ariza",null,null,null,null],["0041400155",92,5,2,1,"8:28 PM","3:08","Smith Lost Ball Turnover (P1.T6)",null,"Aminu STEAL (2 STL)",null,null],["0041400155",93,1,88,1,"8:28 PM","3:03",null,null,"Aminu  Driving Slam Dunk (7 PTS)","20 - 23","3"],["0041400155",94,6,4,1,"8:29 PM","2:56","Capela OFF.Foul (P1) (J.Goble)",null,null,null,null],["0041400155",95,5,5,1,"8:29 PM","2:56","Capela Foul Turnover (P1.T7)",null,null,null,null],["0041400155",96,9,1,1,"8:29 PM","2:56","ROCKETS Timeout: Regular (Full 1 Short 0)",null,null,null,null],["0041400155",100,2,1,1,"8:32 PM","2:45",null,null,"MISS Villanueva 24' 3PT Jump Shot",null,null],["0041400155",101,4,0,1,"8:32 PM","2:44","Brewer REBOUND (Off:0 Def:1)",null,null,null,null],["0041400155",102,1,66,1,"8:32 PM","2:38","Smith 25' 3PT Jump Bank Shot (6 PTS) (Brewer 1 AST)",null,null,"20 - 26","6"],["0041400155",103,6,26,1,"8:33 PM","2:20",null,null,"Stoudemire Offensive Charge Foul (P1.T4) (J.Goble)",null,null],["0041400155",104,5,5,1,"8:33 PM","2:20",null,null,"Stoudemire Foul Turnover (P3.T5)",null,null],["0041400155",105,8,0,1,"8:33 PM","2:20",null,null,"SUB: Nowitzki FOR Villanueva",null,null],["0041400155",106,8,0,1,"8:33 PM","2:20",null,null,"SUB: Barea FOR Aminu",null,null],["0041400155",108,2,1,1,"8:33 PM","2:04","MISS Harden 15' Jump Shot",null,null,null,null],["0041400155",109,4,0,1,"8:33 PM","2:03","Smith REBOUND (Off:1 Def:1)",null,null,null,null],["0041400155",110,1,65,1,"8:34 PM","2:00","Smith 4' Jump Hook Shot (8 PTS)",null,null,"20 - 28","8"],["0041400155",111,2,42,1,"8:34 PM","1:50",null,null,"MISS Ellis 1' Driving Layup",null,null],["0041400155",112,4,0,1,"8:34 PM","1:49","Brewer REBOUND (Off:0 Def:2)",null,null,null,null],["0041400155",113,2,5,1,"8:34 PM","1:44","MISS Brewer 1' Layup",null,null,null,null],["0041400155",114,4,0,1,"8:34 PM","1:43",null,null,"Nowitzki REBOUND (Off:0 Def:3)",null,null],["0041400155",115,6,1,1,"8:34 PM","1:32","Brewer P.FOUL (P1.T4) (Z.Zarba)",null,null,null,null],["0041400155",116,8,0,1,"8:34 PM","1:32","SUB: Howard FOR Capela",null,null,null,null],["0041400155",117,2,44,1,"8:35 PM","1:19",null,null,"MISS Stoudemire 1' Reverse Layup",null,null],["0041400155",118,4,0,1,"8:35 PM","1:19","Howard REBOUND (Off:1 Def:5)",null,null,null,null],["0041400155",119,1,1,1,"8:35 PM","1:08","Brewer  3PT Jump Shot (3 PTS) (Harden 4 AST)",null,null,"20 - 31","11"],["0041400155",120,1,1,1,"8:35 PM","0:53",null,null,"Nowitzki 14' Jump Shot (2 PTS) (Barea 4 AST)","22 - 31","9"],["0041400155",121,6,2,1,"8:35 PM","0:37",null,null,"Harris S.FOUL (P1.PN) (Z.Zarba)",null,null],["0041400155",122,3,11,1,"8:36 PM","0:37","MISS Smith Free Throw 1 of 2",null,null,null,null],["0041400155",123,4,1,1,"8:36 PM","0:37","ROCKETS Rebound",null,null,null,null],["0041400155",124,3,12,1,"8:36 PM","0:37","MISS Smith Free Throw 2 of 2",null,null,null,null],["0041400155",126,4,0,1,"8:36 PM","0:37",null,null,"Ellis REBOUND (Off:0 Def:1)",null,null],["0041400155",127,2,1,1,"8:36 PM","0:22",null,null,"MISS Barea 24' 3PT Jump Shot",null,null],["0041400155",128,4,0,1,"8:37 PM","0:22","Howard REBOUND (Off:1 Def:6)",null,null,null,null],["0041400155",129,2,5,1,"8:37 PM","0:11","MISS Harden 2' Layup",null,null,null,null],["0041400155",130,4,0,1,"8:37 PM","0:10",null,null,"Barea REBOUND (Off:0 Def:1)",null,null],["0041400155",131,2,86,1,"8:37 PM","0:00",null,null,"MISS Nowitzki 15' Turnaround Fadeaway Shot",null,null],["0041400155",132,4,0,1,"8:37 PM","0:00","Smith REBOUND (Off:1 Def:2)",null,null,null,null],["0041400155",133,13,0,1,"8:37 PM","0:00",null,null,null,"22 - 31","9"],["0041400155",135,12,0,2,"8:41 PM","12:00",null,null,null,"22 - 31","9"],["0041400155",136,2,1,2,"8:41 PM","11:41",null,null,"MISS Nowitzki  3PT Jump Shot",null,null],["0041400155",137,4,0,2,"8:41 PM","11:40","Brewer REBOUND (Off:0 Def:3)",null,null,null,null],["0041400155",138,2,3,2,"8:41 PM","11:28","MISS Howard 6' Hook Shot",null,null,null,null],["0041400155",139,4,0,2,"8:41 PM","11:27",null,null,"Nowitzki REBOUND (Off:0 Def:4)",null,null],["0041400155",140,6,29,2,"8:41 PM","11:24","Brewer Shooting Block Foul (P2.T1) (J.Goble)",null,null,null,null],["0041400155",141,3,11,2,"8:42 PM","11:24",null,null,"Harris Free Throw 1 of 2 (1 PTS)","23 - 31","8"],["0041400155",143,3,12,2,"8:42 PM","11:24",null,null,"Harris Free Throw 2 of 2 (2 PTS)","24 - 31","7"],["0041400155",145,1,52,2,"8:42 PM","11:11","Howard  Alley Oop Dunk (6 PTS) (Smith 2 AST)",null,null,"24 - 33","9"],["0041400155",146,2,1,2,"8:43 PM","10:55",null,null,"MISS Harris 25' 3PT Jump Shot",null,null],["0041400155",147,4,0,2,"8:43 PM","10:54","Smith REBOUND (Off:1 Def:3)",null,null,null,null],["0041400155",148,2,1,2,"8:43 PM","10:33","MISS Smith 24' 3PT Jump Shot",null,null,null,null],["0041400155",149,4,0,2,"8:43 PM","10:32","Smith REBOUND (Off:2 Def:3)",null,null,null,null],["0041400155",150,1,65,2,"8:43 PM","10:27","Smith 5' Jump Hook Shot (10 PTS)",null,null,"24 - 35","11"],["0041400155",151,1,63,2,"8:43 PM","10:15",null,null,"Barea 9' Fadeaway Jumper (2 PTS)","26 - 35","9"],["0041400155",152,5,1,2,"8:43 PM","10:03","Brewer Bad Pass Turnover (P1.T8)",null,"Aminu STEAL (3 STL)",null,null],["0041400155",153,1,42,2,"8:44 PM","9:57",null,null,"Barea 2' Driving Layup (4 PTS)","28 - 35","7"],["0041400155",154,1,58,2,"8:44 PM","9:36","Howard 7' Turnaround Hook Shot (8 PTS)",null,null,"28 - 37","9"],["0041400155",155,1,7,2,"8:44 PM","9:28",null,null,"Stoudemire  Dunk (2 PTS) (Barea 5 AST)","30 - 37","7"],["0041400155",156,2,1,2,"8:44 PM","9:11","MISS Prigioni 25' 3PT Jump Shot",null,null,null,null],["0041400155",157,4,0,2,"8:44 PM","9:10",null,null,"Aminu REBOUND (Off:0 Def:2)",null,null],["0041400155",158,2,86,2,"8:45 PM","8:59",null,null,"MISS Nowitzki 16' Turnaround Fadeaway Shot",null,null],["0041400155",159,4,0,2,"8:45 PM","8:58",null,null,"Stoudemire REBOUND (Off:1 Def:1)",null,null],["0041400155",160,2,1,2,"8:45 PM","8:54",null,null,"MISS Nowitzki 25' 3PT Jump Shot",null,null],["0041400155",161,4,0,2,"8:45 PM","8:53","Howard REBOUND (Off:1 Def:7)",null,null,null,null],["0041400155",162,1,79,2,"8:45 PM","8:48","Prigioni 25' 3PT Pullup Jump Shot (3 PTS) (Ariza 3 AST)",null,null,"30 - 40","10"],["0041400155",163,6,17,2,"8:45 PM","8:32","ROCKETS T.Foul (Def. 3 Sec Howard ) (T.Brothers)",null,null,null,null],["0041400155",164,9,4,2,"8:45 PM","8:32",null,null,null,null,null],["0041400155",166,8,0,2,"8:47 PM","8:32","SUB: Jones FOR Smith",null,null,null,null],["0041400155",167,8,0,2,"8:47 PM","8:32","SUB: Terry FOR Prigioni",null,null,null,null],["0041400155",168,8,0,2,"8:48 PM","8:32",null,null,"SUB: Chandler FOR Stoudemire",null,null],["0041400155",169,3,16,2,"8:48 PM","8:32",null,null,"MISS Nowitzki Free Throw Technical",null,null],["0041400155",170,4,1,2,"8:48 PM","8:32",null,null,"Mavericks Rebound",null,null],["0041400155",171,2,1,2,"8:49 PM","8:19","Howard BLOCK (2 BLK)",null,"MISS Harris 6' Jump Shot",null,null],["0041400155",172,4,0,2,"8:49 PM","8:18",null,null,"Mavericks Rebound",null,null],["0041400155",173,5,11,2,"8:49 PM","8:18",null,null,"Mavericks Turnover: Shot Clock (T#6)",null,null],["0041400155",174,6,4,2,"8:49 PM","8:03","Howard OFF.Foul (P1) (T.Brothers)",null,null,null,null],["0041400155",175,5,5,2,"8:49 PM","8:03","Howard Foul Turnover (P1.T9)",null,null,null,null],["0041400155",176,8,0,2,"8:50 PM","8:03",null,null,"SUB: Ellis FOR Harris",null,null],["0041400155",177,8,0,2,"8:50 PM","8:03",null,null,"SUB: Villanueva FOR Nowitzki",null,null],["0041400155",178,1,5,2,"8:50 PM","7:46",null,null,"Chandler 1' Layup (5 PTS) (Ellis 2 AST)","32 - 40","8"],["0041400155",179,6,4,2,"8:50 PM","7:41","Howard OFF.Foul (P2) (Z.Zarba)",null,null,null,null],["0041400155",180,5,5,2,"8:50 PM","7:41","Howard Foul Turnover (P2.T10)",null,null,null,null],["0041400155",181,5,1,2,"8:51 PM","7:30","Howard STEAL (2 STL)",null,"Barea Bad Pass Turnover (P1.T7)",null,null],["0041400155",182,5,1,2,"8:51 PM","7:27","Terry Bad Pass Turnover (P2.T11)",null,"Ellis STEAL (2 STL)",null,null],["0041400155",183,2,1,2,"8:51 PM","7:24",null,null,"MISS Ellis 17' Jump Shot",null,null],["0041400155",184,4,0,2,"8:51 PM","7:23",null,null,"Mavericks Rebound",null,null],["0041400155",185,2,79,2,"8:51 PM","7:01",null,null,"MISS Barea 21' Pullup Jump Shot",null,null],["0041400155",186,4,0,2,"8:51 PM","6:59",null,null,"Aminu REBOUND (Off:1 Def:2)",null,null],["0041400155",187,2,1,2,"8:51 PM","6:57",null,null,"MISS Aminu 4' Jump Shot",null,null],["0041400155",188,4,0,2,"8:51 PM","6:56",null,null,"Aminu REBOUND (Off:2 Def:2)",null,null],["0041400155",189,2,63,2,"8:51 PM","6:54",null,null,"MISS Aminu 7' Fadeaway Jumper",null,null],["0041400155",190,4,0,2,"8:51 PM","6:53","Howard REBOUND (Off:1 Def:8)",null,null,null,null],["0041400155",191,2,5,2,"8:52 PM","6:49","MISS Terry 1' Layup",null,null,null,null],["0041400155",192,4,0,2,"8:52 PM","6:48",null,null,"Mavericks Rebound",null,null],["0041400155",193,6,3,2,"8:52 PM","6:48","Brewer L.B.FOUL (P3.T2) (Z.Zarba)",null,null,null,null],["0041400155",194,8,0,2,"8:52 PM","6:48","SUB: Harden FOR Brewer",null,null,null,null],["0041400155",195,5,1,2,"8:52 PM","6:35","Howard STEAL (3 STL)",null,"Ellis Bad Pass Turnover (P2.T8)",null,null],["0041400155",196,6,1,2,"8:52 PM","6:32",null,null,"Villanueva P.FOUL (P1.T1) (Z.Zarba)",null,null],["0041400155",197,18,0,2,"8:53 PM","6:32",null,null,null,null,null],["0041400155",198,5,2,2,"8:55 PM","6:23","Jones Lost Ball Turnover (P1.T12)",null,"Aminu STEAL (4 STL)",null,null],["0041400155",199,6,2,2,"8:55 PM","6:19","Jones S.FOUL (P1.T3) (J.Goble)",null,null,null,null],["0041400155",200,3,11,2,"8:55 PM","6:19",null,null,"Aminu Free Throw 1 of 2 (8 PTS)","33 - 40","7"],["0041400155",202,3,12,2,"8:55 PM","6:19",null,null,"MISS Aminu Free Throw 2 of 2",null,null],["0041400155",204,4,0,2,"8:56 PM","6:19","Ariza REBOUND (Off:1 Def:3)",null,null,null,null],["0041400155",205,2,1,2,"8:56 PM","6:02","MISS Terry 25' 3PT Jump Shot",null,null,null,null],["0041400155",206,4,0,2,"8:56 PM","6:01",null,null,"Mavericks Rebound",null,null],["0041400155",207,2,1,2,"8:56 PM","5:46",null,null,"MISS Ellis 25' 3PT Jump Shot",null,null],["0041400155",208,4,0,2,"8:56 PM","5:45","Howard REBOUND (Off:1 Def:9)",null,null,null,null],["0041400155",209,1,42,2,"8:57 PM","5:34","Harden 1' Driving Layup (11 PTS)",null,null,"33 - 42","9"],["0041400155",210,6,1,2,"8:57 PM","5:25","Jones P.FOUL (P2.T4) (J.Goble)",null,null,null,null],["0041400155",211,9,1,2,"8:57 PM","5:25","ROCKETS Timeout: Regular (Full 2 Short 0)",null,null,null,null],["0041400155",214,8,0,2,"8:59 PM","5:25",null,null,"SUB: Nowitzki FOR Villanueva",null,null],["0041400155",215,2,79,2,"9:00 PM","5:10",null,null,"MISS Ellis 18' Pullup Jump Shot",null,null],["0041400155",216,4,0,2,"9:00 PM","5:09","Ariza REBOUND (Off:1 Def:4)",null,null,null,null],["0041400155",217,2,65,2,"9:01 PM","4:58","MISS Jones 5' Jump Hook Shot",null,null,null,null],["0041400155",218,4,0,2,"9:01 PM","4:57",null,null,"Barea REBOUND (Off:0 Def:2)",null,null],["0041400155",219,6,14,2,"9:01 PM","4:52",null,null,"Barea FLAGRANT.FOUL.TYPE1 (P1.T2) (J.Goble)",null,null],["0041400155",220,5,5,2,"9:01 PM","4:52",null,null,"Barea Foul Turnover (P2.T9)",null,null],["0041400155",221,18,0,2,"9:01 PM","4:52",null,null,null,null,null],["0041400155",222,3,18,2,"9:03 PM","4:52","Terry Free Throw Flagrant 1 of 2 (3 PTS)",null,null,"33 - 43","10"],["0041400155",224,3,19,2,"9:03 PM","4:52","MISS Terry Free Throw Flagrant 2 of 2",null,null,null,null],["0041400155",226,4,0,2,"9:03 PM","4:52","ROCKETS Rebound",null,null,null,null],["0041400155",227,1,42,2,"9:04 PM","4:40","Jones 1' Driving Layup (2 PTS)",null,null,"33 - 45","12"],["0041400155",229,6,1,2,"9:04 PM","4:29","Terry P.FOUL (P1.PN) (Z.Zarba)",null,null,null,null],["0041400155",230,3,11,2,"9:04 PM","4:29",null,null,"Nowitzki Free Throw 1 of 2 (3 PTS)","34 - 45","11"],["0041400155",232,8,0,2,"9:05 PM","4:29",null,null,"SUB: Harris FOR Barea",null,null],["0041400155",234,3,12,2,"9:05 PM","4:29",null,null,"Nowitzki Free Throw 2 of 2 (4 PTS)","35 - 45","10"],["0041400155",237,5,1,2,"9:05 PM","4:14","Harden Bad Pass Turnover (P4.T13)",null,"Harris STEAL (1 STL)",null,null],["0041400155",239,6,2,2,"9:05 PM","4:02","Jones S.FOUL (P3.PN) (Z.Zarba)",null,null,null,null],["0041400155",240,3,11,2,"9:06 PM","4:02",null,null,"Nowitzki Free Throw 1 of 2 (5 PTS)","36 - 45","9"],["0041400155",242,8,0,2,"9:06 PM","4:02","SUB: Smith FOR Jones",null,null,null,null],["0041400155",244,3,12,2,"9:06 PM","4:02",null,null,"Nowitzki Free Throw 2 of 2 (6 PTS)","37 - 45","8"],["0041400155",246,5,1,2,"9:06 PM","3:55","Howard Bad Pass Turnover (P3.T14)",null,"Ellis STEAL (3 STL)",null,null],["0041400155",247,2,5,2,"9:06 PM","3:52",null,null,"MISS Ellis 1' Layup",null,null],["0041400155",248,4,0,2,"9:06 PM","3:51","Harden REBOUND (Off:0 Def:1)",null,null,null,null],["0041400155",249,1,5,2,"9:07 PM","3:46","Smith 1' Layup (12 PTS) (Harden 5 AST)",null,null,"37 - 47","10"],["0041400155",250,6,1,2,"9:07 PM","3:36","Ariza P.FOUL (P2.PN) (J.Goble)",null,null,null,null],["0041400155",251,3,11,2,"9:07 PM","3:36",null,null,"MISS Nowitzki Free Throw 1 of 2",null,null],["0041400155",252,4,1,2,"9:07 PM","3:36",null,null,"Mavericks Rebound",null,null],["0041400155",253,3,12,2,"9:07 PM","3:36",null,null,"Nowitzki Free Throw 2 of 2 (7 PTS)","38 - 47","9"],["0041400155",256,2,1,2,"9:08 PM","3:23","MISS Smith 25' 3PT Jump Shot",null,null,null,null],["0041400155",257,4,0,2,"9:08 PM","3:20",null,null,"Chandler REBOUND (Off:0 Def:2)",null,null],["0041400155",258,2,86,2,"9:08 PM","3:04",null,null,"MISS Nowitzki 13' Turnaround Fadeaway Shot",null,null],["0041400155",259,4,0,2,"9:08 PM","3:03","Smith REBOUND (Off:2 Def:4)",null,null,null,null],["0041400155",260,2,1,2,"9:08 PM","2:55","MISS Ariza 24' 3PT Jump Shot",null,null,null,null],["0041400155",261,4,0,2,"9:08 PM","2:54",null,null,"Harris REBOUND (Off:0 Def:1)",null,null],["0041400155",262,2,46,2,"9:08 PM","2:36",null,null,"MISS Aminu 6' Running Jump Shot",null,null],["0041400155",264,4,0,2,"9:08 PM","2:35",null,null,"Chandler REBOUND (Off:1 Def:2)",null,null],["0041400155",263,1,87,2,"9:08 PM","2:35",null,null,"Chandler  Putback Dunk (7 PTS)","40 - 47","7"],["0041400155",265,6,4,2,"9:09 PM","2:26","Howard OFF.Foul (P3) (J.Goble)",null,null,null,null],["0041400155",266,5,5,2,"9:09 PM","2:26","Howard Foul Turnover (P4.T15)",null,null,null,null],["0041400155",267,6,11,2,"9:09 PM","2:26","Howard T.FOUL (P3.PN) (T.Brothers)",null,null,null,null],["0041400155",268,9,1,2,"9:09 PM","2:26",null,null,"Mavericks Timeout: Regular (Reg.2 Short 1)",null,null],["0041400155",270,8,0,2,"9:11 PM","2:26","SUB: Capela FOR Howard",null,null,null,null],["0041400155",272,3,16,2,"9:12 PM","2:26",null,null,"Nowitzki Free Throw Technical (8 PTS)","41 - 47","6"],["0041400155",274,1,86,2,"9:13 PM","2:07",null,null,"Nowitzki 12' Turnaround Fadeaway (10 PTS)","43 - 47","4"],["0041400155",275,6,2,2,"9:13 PM","1:58",null,null,"Nowitzki S.FOUL (P2.T3) (T.Brothers)",null,null],["0041400155",276,3,11,2,"9:13 PM","1:58","MISS Capela Free Throw 1 of 2",null,null,null,null],["0041400155",277,4,1,2,"9:13 PM","1:58","ROCKETS Rebound",null,null,null,null],["0041400155",278,3,12,2,"9:13 PM","1:58","MISS Capela Free Throw 2 of 2",null,null,null,null],["0041400155",280,4,0,2,"9:14 PM","1:57",null,null,"Mavericks Rebound",null,null],["0041400155",281,2,1,2,"9:14 PM","1:43",null,null,"MISS Harris 24' 3PT Jump Shot",null,null],["0041400155",282,4,0,2,"9:14 PM","1:42","Smith REBOUND (Off:2 Def:5)",null,null,null,null],["0041400155",283,1,49,2,"9:14 PM","1:30","Harden  Driving Dunk (13 PTS)",null,null,"43 - 49","6"],["0041400155",285,2,1,2,"9:15 PM","1:11",null,null,"MISS Ellis 25' 3PT Jump Shot",null,null],["0041400155",286,4,0,2,"9:15 PM","1:09",null,null,"Chandler REBOUND (Off:2 Def:2)",null,null],["0041400155",287,1,1,2,"9:15 PM","1:06",null,null,"Ellis 5' Jump Shot (12 PTS) (Harris 1 AST)","45 - 49","4"],["0041400155",288,6,29,2,"9:15 PM","1:06","Smith Shooting Block Foul (P1.PN) (T.Brothers)",null,null,null,null],["0041400155",289,8,0,2,"9:15 PM","1:06",null,null,"SUB: Powell FOR Nowitzki",null,null],["0041400155",290,8,0,2,"9:15 PM","1:06","SUB: Jones FOR Capela",null,null,null,null],["0041400155",291,3,10,2,"9:15 PM","1:06",null,null,"Ellis Free Throw 1 of 1 (13 PTS)","46 - 49","3"],["0041400155",293,6,28,2,"9:16 PM","1:06",null,null,"Powell Personal Take Foul (P1.PN) (J.Goble)",null,null],["0041400155",294,3,11,2,"9:16 PM","1:06","MISS Smith Free Throw 1 of 2",null,null,null,null],["0041400155",295,4,1,2,"9:16 PM","1:06","ROCKETS Rebound",null,null,null,null],["0041400155",296,8,0,2,"9:16 PM","1:06",null,null,"SUB: Nowitzki FOR Powell",null,null],["0041400155",297,8,0,2,"9:16 PM","1:06","SUB: Capela FOR Jones",null,null,null,null],["0041400155",298,3,12,2,"9:16 PM","1:06","Smith Free Throw 2 of 2 (13 PTS)",null,null,"46 - 50","4"],["0041400155",300,1,79,2,"9:17 PM","0:55",null,null,"Harris 22' Pullup Jump Shot (4 PTS)","48 - 50","2"],["0041400155",301,1,5,2,"9:17 PM","0:41","Smith 1' Layup (15 PTS) (Ariza 4 AST)",null,null,"48 - 52","4"],["0041400155",302,6,27,2,"9:17 PM","0:35","Smith Personal Block Foul (P2.PN) (T.Brothers)",null,null,null,null],["0041400155",303,3,11,2,"9:17 PM","0:35",null,null,"Harris Free Throw 1 of 2 (5 PTS)","49 - 52","3"],["0041400155",305,8,0,2,"9:18 PM","0:35","SUB: Jones FOR Capela",null,null,null,null],["0041400155",306,3,12,2,"9:18 PM","0:35",null,null,"Harris Free Throw 2 of 2 (6 PTS)","50 - 52","2"],["0041400155",309,6,28,2,"9:18 PM","0:34",null,null,"Ellis Personal Take Foul (P1.PN) (Z.Zarba)",null,null],["0041400155",310,3,11,2,"9:18 PM","0:34","Smith Free Throw 1 of 2 (16 PTS)",null,null,"50 - 53","3"],["0041400155",312,8,0,2,"9:19 PM","0:34","SUB: Capela FOR Jones",null,null,null,null],["0041400155",313,3,12,2,"9:19 PM","0:34","MISS Smith Free Throw 2 of 2",null,null,null,null],["0041400155",315,4,0,2,"9:19 PM","0:33","Capela REBOUND (Off:1 Def:0)",null,null,null,null],["0041400155",316,1,1,2,"9:19 PM","0:30","Harden 24' 3PT Jump Shot (16 PTS) (Capela 1 AST)",null,null,"50 - 56","6"],["0041400155",317,5,40,2,"9:19 PM","0:22",null,null,"Ellis Out of Bounds Lost Ball Turnover (P3.T10)",null,null],["0041400155",318,2,42,2,"9:20 PM","0:02","MISS Harden 1' Driving Layup",null,null,null,null],["0041400155",319,4,0,2,"9:20 PM","0:01",null,null,"Nowitzki REBOUND (Off:0 Def:5)",null,null],["0041400155",320,2,1,2,"9:20 PM","0:00",null,null,"MISS Harris 61' 3PT Jump Shot",null,null],["0041400155",321,4,0,2,"9:20 PM","0:00",null,null,"Mavericks Rebound",null,null],["0041400155",322,13,0,2,"9:20 PM","0:00",null,null,null,"50 - 56","6"],["0041400155",324,12,0,3,"9:37 PM","12:00",null,null,null,"50 - 56","6"],["0041400155",325,1,47,3,"9:38 PM","11:45",null,null,"Ellis 8' Turnaround Jump Shot (15 PTS)","52 - 56","4"],["0041400155",326,2,1,3,"9:38 PM","11:33","MISS Terry 25' 3PT Jump Shot",null,null,null,null],["0041400155",327,4,0,3,"9:38 PM","11:32",null,null,"Ellis REBOUND (Off:0 Def:2)",null,null],["0041400155",328,1,79,3,"9:38 PM","11:25",null,null,"Ellis 25' 3PT Pullup Jump Shot (18 PTS)","55 - 56","1"],["0041400155",329,1,1,3,"9:38 PM","11:02","Harden 26' 3PT Jump Shot (19 PTS) (Jones 1 AST)",null,null,"55 - 59","4"],["0041400155",330,2,79,3,"9:39 PM","10:49",null,null,"MISS Ellis 18' Pullup Jump Shot",null,null],["0041400155",331,4,0,3,"9:39 PM","10:48",null,null,"Chandler REBOUND (Off:3 Def:2)",null,null],["0041400155",332,1,86,3,"9:39 PM","10:36",null,null,"Nowitzki 14' Turnaround Fadeaway (12 PTS)","57 - 59","2"],["0041400155",333,2,80,3,"9:39 PM","10:20","MISS Harden 19' Step Back Jump Shot",null,null,null,null],["0041400155",334,4,0,3,"9:39 PM","10:19",null,null,"Nowitzki REBOUND (Off:0 Def:6)",null,null],["0041400155",335,5,1,3,"9:39 PM","10:13","Terry STEAL (1 STL)",null,"Barea Bad Pass Turnover (P3.T11)",null,null],["0041400155",336,6,27,3,"9:39 PM","10:02",null,null,"Aminu Personal Block Foul (P2.T1) (Z.Zarba)",null,null],["0041400155",337,2,5,3,"9:40 PM","9:51","MISS Jones 1' Layup",null,null,null,null],["0041400155",338,4,0,3,"9:40 PM","9:50",null,null,"Nowitzki REBOUND (Off:0 Def:7)",null,null],["0041400155",339,2,1,3,"9:40 PM","9:40",null,null,"MISS Nowitzki 24' 3PT Jump Shot",null,null],["0041400155",340,4,0,3,"9:40 PM","9:39",null,null,"Aminu REBOUND (Off:3 Def:2)",null,null],["0041400155",341,6,2,3,"9:40 PM","9:37","Harden S.FOUL (P2.T1) (T.Brothers)",null,null,null,null],["0041400155",342,3,11,3,"9:40 PM","9:37",null,null,"MISS Chandler Free Throw 1 of 2",null,null],["0041400155",343,4,1,3,"9:40 PM","9:37",null,null,"Mavericks Rebound",null,null],["0041400155",344,3,12,3,"9:41 PM","9:37",null,null,"MISS Chandler Free Throw 2 of 2",null,null],["0041400155",346,4,0,3,"9:41 PM","9:37","Howard REBOUND (Off:1 Def:10)",null,null,null,null],["0041400155",347,1,73,3,"9:41 PM","9:18","Howard 1' Driving Reverse Layup (10 PTS)",null,null,"57 - 61","4"],["0041400155",348,2,79,3,"9:41 PM","9:10",null,null,"MISS Ellis 25' 3PT Pullup Jump Shot",null,null],["0041400155",349,4,0,3,"9:41 PM","9:09","Howard REBOUND (Off:1 Def:11)",null,null,null,null],["0041400155",350,6,2,3,"9:41 PM","9:03",null,null,"Nowitzki S.FOUL (P3.T2) (T.Brothers)",null,null],["0041400155",351,3,11,3,"9:42 PM","9:03","MISS Jones Free Throw 1 of 2",null,null,null,null],["0041400155",352,4,1,3,"9:42 PM","9:03","ROCKETS Rebound",null,null,null,null],["0041400155",353,3,12,3,"9:42 PM","9:03","MISS Jones Free Throw 2 of 2",null,null,null,null],["0041400155",355,4,0,3,"9:42 PM","9:03",null,null,"Nowitzki REBOUND (Off:0 Def:8)",null,null],["0041400155",356,2,1,3,"9:42 PM","8:51",null,null,"MISS Nowitzki 25' 3PT Jump Shot",null,null],["0041400155",357,4,0,3,"9:42 PM","8:50","Howard REBOUND (Off:1 Def:12)",null,null,null,null],["0041400155",358,2,1,3,"9:42 PM","8:43","MISS Harden 24' 3PT Jump Shot",null,null,null,null],["0041400155",360,4,0,3,"9:42 PM","8:41","Howard REBOUND (Off:2 Def:12)",null,null,null,null],["0041400155",359,1,92,3,"9:42 PM","8:41","Howard  Putback Slam Dunk (12 PTS)",null,null,"57 - 63","6"],["0041400155",361,2,1,3,"9:43 PM","8:30",null,null,"MISS Barea 25' 3PT Jump Shot",null,null],["0041400155",362,4,0,3,"9:43 PM","8:28","Ariza REBOUND (Off:1 Def:5)",null,null,null,null],["0041400155",363,1,5,3,"9:43 PM","8:16","Jones 1' Layup (4 PTS) (Harden 6 AST)",null,null,"57 - 65","8"],["0041400155",364,6,2,3,"9:43 PM","8:16",null,null,"Chandler S.FOUL (P2.T3) (Z.Zarba)",null,null],["0041400155",365,9,1,3,"9:43 PM","8:16",null,null,"Mavericks Timeout: Regular (Reg.3 Short 1)",null,null],["0041400155",368,3,10,3,"9:46 PM","8:16","Jones Free Throw 1 of 1 (5 PTS)",null,null,"57 - 66","9"],["0041400155",370,1,1,3,"9:47 PM","7:59",null,null,"Nowitzki 18' Jump Shot (14 PTS) (Aminu 2 AST)","59 - 66","7"],["0041400155",371,2,42,3,"9:47 PM","7:43","MISS Jones 2' Driving Layup",null,null,null,null],["0041400155",372,4,0,3,"9:47 PM","7:42","Ariza REBOUND (Off:2 Def:5)",null,null,null,null],["0041400155",373,1,42,3,"9:47 PM","7:36","Ariza 1' Driving Layup (5 PTS) (Terry 3 AST)",null,null,"59 - 68","9"],["0041400155",374,1,79,3,"9:47 PM","7:17",null,null,"Ellis 14' Pullup Jump Shot (20 PTS)","61 - 68","7"],["0041400155",375,6,2,3,"9:48 PM","7:04",null,null,"Aminu S.FOUL (P3.T4) (J.Goble)",null,null],["0041400155",376,3,11,3,"9:48 PM","7:04","Harden Free Throw 1 of 2 (20 PTS)",null,null,"61 - 69","8"],["0041400155",378,3,12,3,"9:48 PM","7:04","Harden Free Throw 2 of 2 (21 PTS)",null,null,"61 - 70","9"],["0041400155",381,6,1,3,"9:49 PM","6:53","Ariza P.FOUL (P3.T2) (T.Brothers)",null,null,null,null],["0041400155",382,2,86,3,"9:49 PM","6:40",null,null,"MISS Nowitzki 11' Turnaround Fadeaway Shot",null,null],["0041400155",383,4,0,3,"9:49 PM","6:40","Ariza REBOUND (Off:2 Def:6)",null,null,null,null],["0041400155",384,6,2,3,"9:50 PM","6:28",null,null,"Ellis S.FOUL (P2.PN) (T.Brothers)",null,null],["0041400155",385,3,11,3,"9:50 PM","6:28","Terry Free Throw 1 of 2 (4 PTS)",null,null,"61 - 71","10"],["0041400155",387,3,12,3,"9:50 PM","6:28","Terry Free Throw 2 of 2 (5 PTS)",null,null,"61 - 72","11"],["0041400155",390,2,1,3,"9:51 PM","6:12",null,null,"MISS Ellis 19' Jump Shot",null,null],["0041400155",391,4,0,3,"9:51 PM","6:10","Jones REBOUND (Off:0 Def:2)",null,null,null,null],["0041400155",392,2,80,3,"9:51 PM","6:01","MISS Harden 18' Step Back Jump Shot",null,null,null,null],["0041400155",393,4,0,3,"9:51 PM","6:00",null,null,"Barea REBOUND (Off:0 Def:3)",null,null],["0041400155",394,6,1,3,"9:51 PM","5:57","Terry P.FOUL (P2.T3) (Z.Zarba)",null,null,null,null],["0041400155",395,2,1,3,"9:51 PM","5:46",null,null,"MISS Barea 25' 3PT Jump Shot",null,null],["0041400155",396,4,0,3,"9:51 PM","5:45","Howard REBOUND (Off:2 Def:13)",null,null,null,null],["0041400155",397,6,2,3,"9:52 PM","5:42",null,null,"Barea S.FOUL (P2.PN) (Z.Zarba)",null,null],["0041400155",398,3,11,3,"9:52 PM","5:42","Harden Free Throw 1 of 2 (22 PTS)",null,null,"61 - 73","12"],["0041400155",400,8,0,3,"9:52 PM","5:42",null,null,"SUB: Villanueva FOR Nowitzki",null,null],["0041400155",401,8,0,3,"9:52 PM","5:42",null,null,"SUB: Harris FOR Barea",null,null],["0041400155",402,3,12,3,"9:52 PM","5:42","Harden Free Throw 2 of 2 (23 PTS)",null,null,"61 - 74","13"],["0041400155",404,2,1,3,"9:53 PM","5:22",null,null,"MISS Ellis 4' Jump Shot",null,null],["0041400155",405,4,0,3,"9:53 PM","5:21","ROCKETS Rebound",null,null,null,null],["0041400155",406,6,28,3,"9:53 PM","5:21",null,null,"Harris Personal Take Foul (P2.PN) (Z.Zarba)",null,null],["0041400155",407,3,11,3,"9:54 PM","5:21","Howard Free Throw 1 of 2 (13 PTS)",null,null,"61 - 75","14"],["0041400155",409,3,12,3,"9:54 PM","5:21","MISS Howard Free Throw 2 of 2",null,null,null,null],["0041400155",411,4,0,3,"9:54 PM","5:20",null,null,"Aminu REBOUND (Off:3 Def:3)",null,null],["0041400155",412,6,2,3,"9:54 PM","5:07","Harden S.FOUL (P3.T4) (Z.Zarba)",null,null,null,null],["0041400155",413,3,11,3,"9:54 PM","5:07",null,null,"Aminu Free Throw 1 of 2 (9 PTS)","62 - 75","13"],["0041400155",415,3,12,3,"9:55 PM","5:07",null,null,"Aminu Free Throw 2 of 2 (10 PTS)","63 - 75","12"],["0041400155",417,6,28,3,"9:55 PM","5:05",null,null,"Villanueva Personal Take Foul (P2.PN) (J.Goble)",null,null],["0041400155",418,3,11,3,"9:55 PM","5:05","MISS Howard Free Throw 1 of 2",null,null,null,null],["0041400155",419,4,1,3,"9:55 PM","5:05","ROCKETS Rebound",null,null,null,null],["0041400155",420,3,12,3,"9:56 PM","5:05","Howard Free Throw 2 of 2 (14 PTS)",null,null,"63 - 76","13"],["0041400155",423,1,1,3,"9:56 PM","4:50",null,null,"Villanueva 25' 3PT Jump Shot (3 PTS) (Ellis 3 AST)","66 - 76","10"],["0041400155",424,6,2,3,"9:57 PM","4:27",null,null,"Ellis S.FOUL (P3.PN) (T.Brothers)",null,null],["0041400155",425,3,11,3,"9:57 PM","4:27","MISS Howard Free Throw 1 of 2",null,null,null,null],["0041400155",426,4,1,3,"9:57 PM","4:27","ROCKETS Rebound",null,null,null,null],["0041400155",427,8,0,3,"9:57 PM","4:27","SUB: Smith FOR Jones",null,null,null,null],["0041400155",428,3,12,3,"9:57 PM","4:27","MISS Howard Free Throw 2 of 2",null,null,null,null],["0041400155",430,4,0,3,"9:57 PM","4:27",null,null,"Aminu REBOUND (Off:3 Def:4)",null,null],["0041400155",431,2,1,3,"9:58 PM","4:09",null,null,"MISS Ellis 16' Jump Shot",null,null],["0041400155",432,4,0,3,"9:58 PM","4:07","Terry REBOUND (Off:0 Def:1)",null,null,null,null],["0041400155",433,2,43,3,"9:58 PM","4:01","MISS Howard 1' Alley Oop Layup",null,null,null,null],["0041400155",434,4,0,3,"9:58 PM","4:00",null,null,"Aminu REBOUND (Off:3 Def:5)",null,null],["0041400155",435,2,5,3,"9:58 PM","3:40","Harden BLOCK (1 BLK)",null,"MISS Chandler 1' Layup",null,null],["0041400155",437,4,0,3,"9:58 PM","3:40","ROCKETS Rebound",null,null,null,null],["0041400155",436,8,0,3,"9:58 PM","3:40",null,null,"SUB: Nowitzki FOR Villanueva",null,null],["0041400155",438,10,0,3,"9:59 PM","3:40","Jump Ball Howard vs. Chandler: Tip to Ariza",null,null,null,null],["0041400155",441,2,1,3,"9:59 PM","3:21","MISS Harden 5' Jump Shot",null,null,null,null],["0041400155",443,4,0,3,"9:59 PM","3:20",null,null,"Harris REBOUND (Off:0 Def:2)",null,null],["0041400155",444,2,1,3,"9:59 PM","3:15","Terry BLOCK (1 BLK)",null,"MISS Aminu 8' Jump Shot",null,null],["0041400155",445,4,0,3,"9:59 PM","3:13","Ariza REBOUND (Off:2 Def:7)",null,null,null,null],["0041400155",446,2,1,3,"9:59 PM","3:04","MISS Ariza 25' 3PT Jump Shot",null,null,null,null],["0041400155",447,4,0,3,"9:59 PM","3:03","Harden REBOUND (Off:1 Def:1)",null,null,null,null],["0041400155",448,2,43,3,"9:59 PM","3:01","MISS Howard 2' Alley Oop Layup",null,null,null,null],["0041400155",449,4,0,3,"9:59 PM","3:00",null,null,"Nowitzki REBOUND (Off:0 Def:9)",null,null],["0041400155",450,2,1,3,"9:59 PM","2:52",null,null,"MISS Harris 25' 3PT Jump Shot",null,null],["0041400155",451,4,0,3,"9:59 PM","2:51","Smith REBOUND (Off:2 Def:6)",null,null,null,null],["0041400155",452,9,1,3,"10:00 PM","2:43","ROCKETS Timeout: Regular (Full 3 Short 0)",null,null,null,null],["0041400155",455,8,0,3,"10:02 PM","2:43",null,null,"SUB: Stoudemire FOR Chandler",null,null],["0041400155",456,6,28,3,"10:03 PM","2:43",null,null,"Stoudemire Personal Take Foul (P2.PN) (Z.Zarba)",null,null],["0041400155",457,3,11,3,"10:03 PM","2:43","Howard Free Throw 1 of 2 (15 PTS)",null,null,"66 - 77","11"],["0041400155",459,8,0,3,"10:03 PM","2:43","SUB: Prigioni FOR Ariza",null,null,null,null],["0041400155",460,8,0,3,"10:03 PM","2:43","SUB: Brewer FOR Terry",null,null,null,null],["0041400155",461,3,12,3,"10:03 PM","2:43","MISS Howard Free Throw 2 of 2",null,null,null,null],["0041400155",463,4,0,3,"10:04 PM","2:43",null,null,"Harris REBOUND (Off:0 Def:3)",null,null],["0041400155",464,1,1,3,"10:04 PM","2:19",null,null,"Harris 11' Jump Shot (8 PTS) (Ellis 4 AST)","68 - 77","9"],["0041400155",465,6,28,3,"10:04 PM","2:10",null,null,"Stoudemire Personal Take Foul (P3.PN) (Z.Zarba)",null,null],["0041400155",466,3,11,3,"10:04 PM","2:10","Howard Free Throw 1 of 2 (16 PTS)",null,null,"68 - 78","10"],["0041400155",468,3,12,3,"10:05 PM","2:10","MISS Howard Free Throw 2 of 2",null,null,null,null],["0041400155",470,4,0,3,"10:05 PM","2:10",null,null,"Nowitzki REBOUND (Off:0 Def:10)",null,null],["0041400155",471,2,1,3,"10:05 PM","1:54",null,null,"MISS Stoudemire 5' Jump Shot",null,null],["0041400155",472,4,0,3,"10:05 PM","1:53","Howard REBOUND (Off:2 Def:14)",null,null,null,null],["0041400155",473,2,42,3,"10:05 PM","1:40","MISS Smith 1' Driving Layup",null,null,null,null],["0041400155",475,4,0,3,"10:05 PM","1:39","Howard REBOUND (Off:3 Def:14)",null,null,null,null],["0041400155",474,1,92,3,"10:05 PM","1:39","Howard  Putback Slam Dunk (18 PTS)",null,null,"68 - 80","12"],["0041400155",476,1,1,3,"10:06 PM","1:18",null,null,"Nowitzki 12' Jump Shot (16 PTS) (Ellis 5 AST)","70 - 80","10"],["0041400155",477,5,2,3,"10:06 PM","1:05","Harden Lost Ball Turnover (P5.T16)",null,"Aminu STEAL (5 STL)",null,null],["0041400155",478,6,9,3,"10:06 PM","1:05","Harden C.P.FOUL (P4.PN) (Z.Zarba)",null,null,null,null],["0041400155",479,18,0,3,"10:06 PM","1:05",null,null,null,null,null],["0041400155",480,3,25,3,"10:09 PM","1:05",null,null,"Aminu Free Throw Clear Path 1 of 2 (11 PTS)","71 - 80","9"],["0041400155",482,3,26,3,"10:09 PM","1:05",null,null,"Aminu Free Throw Clear Path 2 of 2 (12 PTS)","72 - 80","8"],["0041400155",484,8,0,3,"10:09 PM","1:05",null,null,"SUB: Barea FOR Aminu",null,null],["0041400155",485,8,0,3,"10:09 PM","1:05","SUB: Ariza FOR Howard",null,null,null,null],["0041400155",486,8,0,3,"10:09 PM","1:05","SUB: Jones FOR Harden",null,null,null,null],["0041400155",487,2,1,3,"10:10 PM","0:54",null,null,"MISS Stoudemire 19' Jump Shot",null,null],["0041400155",488,4,0,3,"10:10 PM","0:52",null,null,"Harris REBOUND (Off:1 Def:3)",null,null],["0041400155",489,2,1,3,"10:10 PM","0:47",null,null,"MISS Ellis 18' Jump Shot",null,null],["0041400155",490,4,0,3,"10:10 PM","0:46",null,null,"Stoudemire REBOUND (Off:2 Def:1)",null,null],["0041400155",491,2,4,3,"10:10 PM","0:46",null,null,"MISS Stoudemire  Tip Shot",null,null],["0041400155",492,4,0,3,"10:10 PM","0:45","ROCKETS Rebound",null,null,null,null],["0041400155",493,6,3,3,"10:10 PM","0:45",null,null,"Stoudemire L.B.FOUL (P4.PN) (J.Goble)",null,null],["0041400155",494,3,11,3,"10:10 PM","0:45","Smith Free Throw 1 of 2 (17 PTS)",null,null,"72 - 81","9"],["0041400155",496,3,12,3,"10:11 PM","0:45","Smith Free Throw 2 of 2 (18 PTS)",null,null,"72 - 82","10"],["0041400155",498,1,1,3,"10:11 PM","0:34",null,null,"Ellis 25' 3PT Jump Shot (23 PTS) (Barea 6 AST)","75 - 82","7"],["0041400155",499,2,79,3,"10:11 PM","0:20","MISS Brewer 9' Pullup Jump Shot",null,null,null,null],["0041400155",500,4,0,3,"10:11 PM","0:19",null,null,"Barea REBOUND (Off:0 Def:4)",null,null],["0041400155",501,5,4,3,"10:12 PM","0:01",null,null,"Ellis Traveling Turnover (P4.T12)",null,null],["0041400155",503,8,0,3,"10:12 PM","0:01",null,null,"SUB: Villanueva FOR Nowitzki",null,null],["0041400155",504,8,0,3,"10:12 PM","0:01",null,null,"SUB: Chandler FOR Stoudemire",null,null],["0041400155",505,13,0,3,"10:12 PM","0:00",null,null,null,"75 - 82","7"],["0041400155",507,12,0,4,"10:16 PM","12:00",null,null,null,"75 - 82","7"],["0041400155",508,5,2,4,"10:16 PM","11:46","Smith Lost Ball Turnover (P2.T17)",null,"Nowitzki STEAL (1 STL)",null,null],["0041400155",509,6,3,4,"10:16 PM","11:46","Smith L.B.FOUL (P3.T1) (J.Goble)",null,null,null,null],["0041400155",510,5,40,4,"10:17 PM","11:27",null,null,"Harris Out of Bounds Lost Ball Turnover (P1.T13)",null,null],["0041400155",511,5,1,4,"10:17 PM","11:18","Smith Bad Pass Turnover (P3.T18)",null,null,null,null],["0041400155",512,1,86,4,"10:18 PM","10:58",null,null,"Nowitzki 15' Turnaround Fadeaway (18 PTS)","77 - 82","5"],["0041400155",513,1,42,4,"10:18 PM","10:41","Smith 1' Driving Layup (20 PTS)",null,null,"77 - 84","7"],["0041400155",514,2,1,4,"10:18 PM","10:25",null,null,"MISS Nowitzki 22' Jump Shot",null,null],["0041400155",515,4,0,4,"10:18 PM","10:24","Howard REBOUND (Off:3 Def:15)",null,null,null,null],["0041400155",516,5,40,4,"10:18 PM","10:14","Smith Out of Bounds Lost Ball Turnover (P4.T19)",null,null,null,null],["0041400155",517,7,5,4,"10:19 PM","10:07","Ariza Violation:Kicked Ball (Z.Zarba)",null,null,null,null],["0041400155",518,1,75,4,"10:19 PM","10:01",null,null,"Ellis  Driving Finger Roll Layup (25 PTS) (Barea 7 AST)","79 - 84","5"],["0041400155",519,2,5,4,"10:19 PM","9:43","MISS Howard 2' Layup",null,null,null,null],["0041400155",520,4,0,4,"10:19 PM","9:43",null,null,"Nowitzki REBOUND (Off:0 Def:11)",null,null],["0041400155",521,5,1,4,"10:19 PM","9:39",null,null,"Ellis Bad Pass Turnover (P5.T14)",null,null],["0041400155",522,2,1,4,"10:20 PM","9:26","MISS Howard 5' Jump Shot",null,null,null,null],["0041400155",523,4,0,4,"10:20 PM","9:25",null,null,"Nowitzki REBOUND (Off:0 Def:12)",null,null],["0041400155",524,2,5,4,"10:20 PM","9:22","Howard BLOCK (3 BLK)",null,"MISS Barea 1' Layup",null,null],["0041400155",525,4,0,4,"10:20 PM","9:21",null,null,"Mavericks Rebound",null,null],["0041400155",526,2,1,4,"10:20 PM","9:11",null,null,"MISS Nowitzki 16' Jump Shot",null,null],["0041400155",527,4,0,4,"10:20 PM","9:10","Ariza REBOUND (Off:2 Def:8)",null,null,null,null],["0041400155",528,1,42,4,"10:20 PM","9:02","Prigioni 1' Driving Layup (5 PTS)",null,null,"79 - 86","7"],["0041400155",529,9,1,4,"10:20 PM","9:02",null,null,"Mavericks Timeout: Regular (Reg.4 Short 1)",null,null],["0041400155",531,8,0,4,"10:23 PM","9:02","SUB: Jones FOR Smith",null,null,null,null],["0041400155",533,6,4,4,"10:24 PM","8:43",null,null,"Nowitzki OFF.Foul (P4) (Z.Zarba)",null,null],["0041400155",534,5,5,4,"10:24 PM","8:43",null,null,"Nowitzki Foul Turnover (P1.T15)",null,null],["0041400155",535,2,58,4,"10:24 PM","8:26","MISS Howard 4' Turnaround Hook Shot",null,null,null,null],["0041400155",536,4,0,4,"10:24 PM","8:25",null,null,"Nowitzki REBOUND (Off:0 Def:13)",null,null],["0041400155",537,6,1,4,"10:25 PM","8:20","Prigioni P.FOUL (P2.T2) (J.Goble)",null,null,null,null],["0041400155",538,2,1,4,"10:25 PM","8:06",null,null,"MISS Ellis 25' 3PT Jump Shot",null,null],["0041400155",539,4,0,4,"10:25 PM","8:05","Brewer REBOUND (Off:0 Def:4)",null,null,null,null],["0041400155",540,1,42,4,"10:25 PM","8:00","Brewer 2' Driving Layup (5 PTS)",null,null,"79 - 88","9"],["0041400155",541,1,79,4,"10:25 PM","7:48",null,null,"Nowitzki 20' Pullup Jump Shot (20 PTS) (Ellis 6 AST)","81 - 88","7"],["0041400155",542,2,1,4,"10:26 PM","7:34","MISS Brewer 25' 3PT Jump Shot",null,null,null,null],["0041400155",543,4,0,4,"10:26 PM","7:33","Prigioni REBOUND (Off:1 Def:0)",null,null,null,null],["0041400155",544,2,1,4,"10:26 PM","7:17","MISS Brewer 11' Jump Shot",null,"Ellis BLOCK (1 BLK)",null,null],["0041400155",545,4,0,4,"10:26 PM","7:15",null,null,"Ellis REBOUND (Off:0 Def:3)",null,null],["0041400155",546,5,1,4,"10:26 PM","7:14","Howard STEAL (4 STL)",null,"Ellis Bad Pass Turnover (P6.T16)",null,null],["0041400155",547,2,1,4,"10:26 PM","6:56","MISS Ariza 25' 3PT Jump Shot",null,null,null,null],["0041400155",548,4,0,4,"10:26 PM","6:56",null,null,"Nowitzki REBOUND (Off:0 Def:14)",null,null],["0041400155",549,2,1,4,"10:26 PM","6:42","Howard BLOCK (4 BLK)",null,"MISS Barea 8' Jump Shot",null,null],["0041400155",550,4,0,4,"10:26 PM","6:40","Howard REBOUND (Off:3 Def:16)",null,null,null,null],["0041400155",551,2,42,4,"10:27 PM","6:34","MISS Jones 2' Driving Layup",null,null,null,null],["0041400155",552,4,0,4,"10:27 PM","6:32",null,null,"Nowitzki REBOUND (Off:0 Def:15)",null,null],["0041400155",553,1,8,4,"10:27 PM","6:12",null,null,"Chandler  Slam Dunk (9 PTS) (Barea 8 AST)","83 - 88","5"],["0041400155",554,9,1,4,"10:27 PM","6:03","ROCKETS Timeout: Regular (Full 4 Short 0)",null,null,null,null],["0041400155",556,8,0,4,"10:29 PM","6:03","SUB: Smith FOR Ariza",null,null,null,null],["0041400155",557,8,0,4,"10:29 PM","6:03","SUB: Harden FOR Howard",null,null,null,null],["0041400155",558,8,0,4,"10:30 PM","6:03",null,null,"SUB: Aminu FOR Harris",null,null],["0041400155",559,2,1,4,"10:31 PM","5:54","MISS Harden 25' 3PT Jump Shot",null,null,null,null],["0041400155",560,4,0,4,"10:31 PM","5:53","Jones REBOUND (Off:1 Def:2)",null,null,null,null],["0041400155",561,6,1,4,"10:31 PM","5:53",null,null,"Aminu P.FOUL (P4.T1) (Z.Zarba)",null,null],["0041400155",562,2,1,4,"10:31 PM","5:38","MISS Smith  3PT Jump Shot",null,null,null,null],["0041400155",563,4,0,4,"10:31 PM","5:37",null,null,"Aminu REBOUND (Off:3 Def:6)",null,null],["0041400155",564,1,1,4,"10:32 PM","5:19",null,null,"Barea 21' Jump Shot (6 PTS) (Ellis 7 AST)","85 - 88","3"],["0041400155",565,1,5,4,"10:32 PM","5:07","Jones  Layup (7 PTS) (Brewer 2 AST)",null,null,"85 - 90","5"],["0041400155",566,6,2,4,"10:32 PM","5:07",null,null,"Nowitzki S.FOUL (P5.T2) (T.Brothers)",null,null],["0041400155",567,8,0,4,"10:32 PM","5:07",null,null,"SUB: Harris FOR Ellis",null,null],["0041400155",568,3,10,4,"10:32 PM","5:07","Jones Free Throw 1 of 1 (8 PTS)",null,null,"85 - 91","6"],["0041400155",571,2,1,4,"10:33 PM","4:51",null,null,"MISS Aminu 5' Jump Shot",null,null],["0041400155",572,4,0,4,"10:33 PM","4:49","Jones REBOUND (Off:1 Def:3)",null,null,null,null],["0041400155",573,1,1,4,"10:33 PM","4:28","Jones 24' 3PT Jump Shot (11 PTS) (Prigioni 1 AST)",null,null,"85 - 94","9"],["0041400155",574,9,1,4,"10:33 PM","4:26",null,null,"Mavericks Timeout: Regular (Reg.5 Short 1)",null,null],["0041400155",576,8,0,4,"10:35 PM","4:26","SUB: Howard FOR Smith",null,null,null,null],["0041400155",577,8,0,4,"10:36 PM","4:26",null,null,"SUB: Ellis FOR Harris",null,null],["0041400155",578,6,1,4,"10:37 PM","4:15","Prigioni P.FOUL (P3.T3) (J.Goble)",null,null,null,null],["0041400155",579,6,26,4,"10:37 PM","4:02",null,null,"Aminu Offensive Charge Foul (P5.T3) (J.Goble)",null,null],["0041400155",580,5,5,4,"10:37 PM","4:02",null,null,"Aminu Foul Turnover (P2.T17)",null,null],["0041400155",581,2,1,4,"10:38 PM","3:50","MISS Harden 25' 3PT Jump Shot",null,null,null,null],["0041400155",582,4,0,4,"10:38 PM","3:48","ROCKETS Rebound",null,null,null,null],["0041400155",583,5,1,4,"10:38 PM","3:32","Harden Bad Pass Turnover (P6.T20)",null,"Barea STEAL (2 STL)",null,null],["0041400155",584,6,2,4,"10:38 PM","3:28","Brewer S.FOUL (P4.T4) (Z.Zarba)",null,null,null,null],["0041400155",585,3,11,4,"10:39 PM","3:28",null,null,"Aminu Free Throw 1 of 2 (13 PTS)","86 - 94","8"],["0041400155",587,3,12,4,"10:39 PM","3:28",null,null,"Aminu Free Throw 2 of 2 (14 PTS)","87 - 94","7"],["0041400155",590,5,2,4,"10:39 PM","3:06","Brewer Lost Ball Turnover (P2.T21)",null,"Ellis STEAL (4 STL)",null,null],["0041400155",591,1,5,4,"10:39 PM","3:01",null,null,"Nowitzki  Layup (22 PTS) (Barea 9 AST)","89 - 94","5"],["0041400155",592,9,1,4,"10:40 PM","3:01","ROCKETS Timeout: Regular (Full 5 Short 0)",null,null,null,null],["0041400155",597,1,80,4,"10:42 PM","2:38","Harden 24' 3PT Step Back Jump Shot (26 PTS)",null,null,"89 - 97","8"],["0041400155",598,5,1,4,"10:42 PM","2:29","Prigioni STEAL (2 STL)",null,"Chandler Bad Pass Turnover (P1.T18)",null,null],["0041400155",599,6,1,4,"10:43 PM","2:11",null,null,"Aminu P.FOUL (P6.T4) (J.Goble)",null,null],["0041400155",600,8,0,4,"10:43 PM","2:11",null,null,"SUB: Harris FOR Aminu",null,null],["0041400155",601,2,1,4,"10:43 PM","1:57","MISS Jones 24' 3PT Jump Shot",null,null,null,null],["0041400155",602,4,0,4,"10:43 PM","1:56",null,null,"Barea REBOUND (Off:0 Def:5)",null,null],["0041400155",603,2,5,4,"10:43 PM","1:51",null,null,"MISS Barea 1' Layup",null,null],["0041400155",605,4,0,4,"10:43 PM","1:50",null,null,"Chandler REBOUND (Off:4 Def:2)",null,null],["0041400155",604,1,7,4,"10:43 PM","1:49",null,null,"Chandler  Dunk (11 PTS)","91 - 97","6"],["0041400155",606,2,1,4,"10:44 PM","1:31","MISS Prigioni 24' 3PT Jump Shot",null,null,null,null],["0041400155",607,4,0,4,"10:44 PM","1:30",null,null,"Barea REBOUND (Off:0 Def:6)",null,null],["0041400155",608,5,1,4,"10:44 PM","1:13","Harden STEAL (1 STL)",null,"Nowitzki Bad Pass Turnover (P2.T19)",null,null],["0041400155",609,1,7,4,"10:44 PM","1:09","Jones  Dunk (13 PTS) (Harden 7 AST)",null,null,"91 - 99","8"],["0041400155",610,9,1,4,"10:44 PM","1:09",null,null,"Mavericks Timeout: Regular (Reg.6 Short 1)",null,null],["0041400155",611,8,0,4,"10:46 PM","1:09","SUB: Ariza FOR Prigioni",null,null,null,null],["0041400155",612,8,0,4,"10:46 PM","1:09",null,null,"SUB: Villanueva FOR Ellis",null,null],["0041400155",613,2,86,4,"10:47 PM","1:00",null,null,"MISS Nowitzki 14' Turnaround Fadeaway Shot",null,null],["0041400155",614,4,0,4,"10:47 PM","0:57","Ariza REBOUND (Off:2 Def:9)",null,null,null,null],["0041400155",615,1,7,4,"10:47 PM","0:51","Jones  Dunk (15 PTS) (Harden 8 AST)",null,null,"91 - 101","10"],["0041400155",616,2,1,4,"10:47 PM","0:44",null,null,"MISS Villanueva 25' 3PT Jump Shot",null,null],["0041400155",617,4,0,4,"10:47 PM","0:44","Jones REBOUND (Off:1 Def:4)",null,null,null,null],["0041400155",618,6,28,4,"10:47 PM","0:42",null,null,"Harris Personal Take Foul (P3.PN) (T.Brothers)",null,null],["0041400155",619,8,0,4,"10:48 PM","0:42",null,null,"SUB: Smith FOR Chandler",null,null],["0041400155",620,8,0,4,"10:48 PM","0:42",null,null,"SUB: Powell FOR Nowitzki",null,null],["0041400155",621,6,28,4,"10:48 PM","0:41",null,null,"Harris Personal Take Foul (P4.PN) (Z.Zarba)",null,null],["0041400155",623,3,11,4,"10:48 PM","0:41","Harden Free Throw 1 of 2 (27 PTS)",null,null,"91 - 102","11"],["0041400155",625,8,0,4,"10:49 PM","0:41","SUB: Capela FOR Ariza",null,null,null,null],["0041400155",626,8,0,4,"10:49 PM","0:41","SUB: Papanikolaou FOR Howard",null,null,null,null],["0041400155",627,8,0,4,"10:49 PM","0:41","SUB: Johnson FOR Brewer",null,null,null,null],["0041400155",628,3,12,4,"10:49 PM","0:41","Harden Free Throw 2 of 2 (28 PTS)",null,null,"91 - 103","12"],["0041400155",630,9,2,4,"10:49 PM","0:41",null,null,"Mavericks Timeout: Short (Reg.6 Short 2)",null,null],["0041400155",633,8,0,4,"10:50 PM","0:41","SUB: Dorsey FOR Harden",null,null,null,null],["0041400155",634,2,1,4,"10:50 PM","0:37",null,null,"MISS Villanueva 26' 3PT Jump Shot",null,null],["0041400155",635,4,0,4,"10:51 PM","0:35","Johnson REBOUND (Off:0 Def:1)",null,null,null,null],["0041400155",637,2,79,4,"10:51 PM","0:17","MISS Johnson 25' 3PT Pullup Jump Shot",null,null,null,null],["0041400155",638,4,0,4,"10:51 PM","0:16",null,null,"Mavericks Rebound",null,null],["0041400155",639,1,1,4,"10:51 PM","0:09",null,null,"Villanueva 26' 3PT Jump Shot (6 PTS) (Powell 1 AST)","94 - 103","9"],["0041400155",640,13,0,4,"10:52 PM","0:00",null,null,null,"94 - 103","9"]]},{"name":"AvailableVideo","headers":["VIDEO_AVAILABLE_FLAG"],"rowSet":[[1]]}]}