{"resource":"playbyplay","parameters":{"GameID":"0041400162","StartPeriod":0,"EndPeriod":14},"resultSets":[{"name":"PlayByPlay","headers":["GAME_ID","EVENTNUM","EVENTMSGTYPE","EVENTMSGACTIONTYPE","PERIOD","WCTIMESTRING","PCTIMESTRING","HOMEDESCRIPTION","NEUTRALDESCRIPTION","VISITORDESCRIPTION","SCORE","SCOREMARGIN"],"rowSet":[["0041400162",0,12,0,1,"10:43 PM","12:00",null,null,null,null,null],["0041400162",1,10,0,1,"10:43 PM","12:00","Jump Ball Jordan vs. Duncan: Tip to Parker",null,null,null,null],["0041400162",2,2,1,1,"10:43 PM","11:42",null,null,"MISS Parker 20' Jump Shot",null,null],["0041400162",3,4,0,1,"10:43 PM","11:41","Jordan REBOUND (Off:0 Def:1)",null,null,null,null],["0041400162",4,2,1,1,"10:44 PM","11:25","MISS Griffin 4' Jump Shot",null,null,null,null],["0041400162",6,4,0,1,"10:44 PM","11:24","Jordan REBOUND (Off:1 Def:1)",null,null,null,null],["0041400162",5,2,4,1,"10:44 PM","11:24","MISS Jordan 3' Tip Shot",null,null,null,null],["0041400162",7,4,0,1,"10:44 PM","11:21",null,null,"Leonard REBOUND (Off:0 Def:1)",null,null],["0041400162",8,2,42,1,"10:44 PM","11:10",null,null,"MISS Leonard 4' Driving Layup",null,null],["0041400162",9,4,0,1,"10:44 PM","11:07","Griffin REBOUND (Off:0 Def:1)",null,null,null,null],["0041400162",10,1,63,1,"10:44 PM","10:58","Paul 19' Fadeaway Jumper (2 PTS)",null,null,"0 - 2","2"],["0041400162",11,1,78,1,"10:44 PM","10:42",null,null,"Duncan 8' Floating Jump Shot (2 PTS) (Parker 1 AST)","2 - 2","TIE"],["0041400162",12,2,49,1,"10:45 PM","10:20","MISS Barnes  Driving Dunk",null,null,null,null],["0041400162",13,4,0,1,"10:45 PM","10:19",null,null,"Duncan REBOUND (Off:0 Def:1)",null,null],["0041400162",14,2,1,1,"10:45 PM","10:11",null,null,"MISS Parker 18' Jump Shot",null,null],["0041400162",15,4,0,1,"10:45 PM","10:10","Barnes REBOUND (Off:0 Def:1)",null,null,null,null],["0041400162",16,1,3,1,"10:45 PM","9:53","Jordan 4' Hook Shot (2 PTS) (Griffin 1 AST)",null,null,"2 - 4","2"],["0041400162",17,6,2,1,"10:46 PM","9:41","Griffin S.FOUL (P1.T1) (S.Wright)",null,null,null,null],["0041400162",19,3,11,1,"10:46 PM","9:41",null,null,"Splitter Free Throw 1 of 2 (1 PTS)","3 - 4","1"],["0041400162",21,3,12,1,"10:46 PM","9:41",null,null,"MISS Splitter Free Throw 2 of 2",null,null],["0041400162",23,4,0,1,"10:46 PM","9:41","Paul REBOUND (Off:0 Def:1)",null,null,null,null],["0041400162",24,5,13,1,"10:47 PM","9:26","CLIPPERS Turnover: Backcourt (T#1)",null,null,null,null],["0041400162",26,2,74,1,"10:47 PM","9:17","Jordan BLOCK (1 BLK)",null,"MISS Parker 1' Running Reverse Layup",null,null],["0041400162",27,4,0,1,"10:47 PM","9:17",null,null,"Spurs Rebound",null,null],["0041400162",28,1,44,1,"10:48 PM","9:08",null,null,"Duncan 3' Reverse Layup (4 PTS) (Splitter 1 AST)","5 - 4","-1"],["0041400162",30,2,80,1,"10:48 PM","8:46","MISS Griffin 18' Step Back Jump Shot",null,null,null,null],["0041400162",31,4,0,1,"10:48 PM","8:43",null,null,"Duncan REBOUND (Off:0 Def:2)",null,null],["0041400162",33,1,56,1,"10:49 PM","8:28",null,null,"Duncan 9' Running Hook Shot (6 PTS)","7 - 4","-3"],["0041400162",34,6,2,1,"10:49 PM","8:28","Jordan S.FOUL (P1.T2) (J.Crawford)",null,null,null,null],["0041400162",35,3,10,1,"10:49 PM","8:28",null,null,"MISS Duncan Free Throw 1 of 1",null,null],["0041400162",37,4,0,1,"10:49 PM","8:27","Jordan REBOUND (Off:1 Def:2)",null,null,null,null],["0041400162",38,2,1,1,"10:49 PM","8:10","MISS Redick 25' 3PT Jump Shot",null,null,null,null],["0041400162",40,4,0,1,"10:49 PM","8:09","Griffin REBOUND (Off:1 Def:1)",null,null,null,null],["0041400162",39,1,92,1,"10:49 PM","8:09","Griffin  Putback Slam Dunk (2 PTS)",null,null,"7 - 6","-1"],["0041400162",41,2,1,1,"10:50 PM","7:51","Barnes BLOCK (1 BLK)",null,"MISS Leonard 14' Jump Shot",null,null],["0041400162",43,4,0,1,"10:50 PM","7:48",null,null,"Leonard REBOUND (Off:1 Def:1)",null,null],["0041400162",42,1,1,1,"10:50 PM","7:48",null,null,"Leonard 9' Jump Shot (2 PTS)","9 - 6","-3"],["0041400162",44,1,46,1,"10:50 PM","7:41","Paul 10' Running Jump Shot (4 PTS)",null,null,"9 - 8","-1"],["0041400162",45,1,85,1,"10:50 PM","7:18",null,null,"Duncan 7' Turnaround Bank Shot (8 PTS)","11 - 8","-3"],["0041400162",46,6,1,1,"10:51 PM","7:09",null,null,"Leonard P.FOUL (P1.T1) (R.Garretson)",null,null],["0041400162",47,8,0,1,"10:51 PM","7:09",null,null,"SUB: Diaw FOR Splitter",null,null],["0041400162",48,1,1,1,"10:51 PM","6:59","Redick 28' 3PT Jump Shot (3 PTS) (Paul 1 AST)",null,null,"11 - 11","TIE"],["0041400162",49,2,1,1,"10:52 PM","6:39","Jordan BLOCK (2 BLK)",null,"MISS Green 5' Jump Shot",null,null],["0041400162",50,4,0,1,"10:52 PM","6:37","Griffin REBOUND (Off:1 Def:2)",null,null,null,null],["0041400162",51,2,1,1,"10:52 PM","6:15","MISS Redick 19' Jump Shot",null,null,null,null],["0041400162",52,4,0,1,"10:52 PM","6:14",null,null,"Parker REBOUND (Off:0 Def:1)",null,null],["0041400162",53,2,1,1,"10:52 PM","5:59",null,null,"MISS Green  3PT Jump Shot",null,null],["0041400162",54,4,0,1,"10:52 PM","5:58","Barnes REBOUND (Off:0 Def:2)",null,null,null,null],["0041400162",55,1,88,1,"10:52 PM","5:53","Griffin  Driving Slam Dunk (4 PTS)",null,null,"11 - 13","2"],["0041400162",56,9,1,1,"10:53 PM","5:53",null,null,"Spurs Timeout: Regular (Reg.1 Short 0)",null,null],["0041400162",58,1,1,1,"10:56 PM","5:35",null,null,"Green  3PT Jump Shot (3 PTS) (Duncan 1 AST)","14 - 13","-1"],["0041400162",59,2,1,1,"10:56 PM","5:15","MISS Redick 21' Jump Shot",null,null,null,null],["0041400162",60,4,0,1,"10:56 PM","5:14",null,null,"Diaw REBOUND (Off:0 Def:1)",null,null],["0041400162",61,1,95,1,"10:57 PM","4:55",null,null,"Diaw 5' Running Bank Hook Shot (2 PTS) (Leonard 1 AST)","16 - 13","-3"],["0041400162",62,2,1,1,"10:57 PM","4:25","MISS Paul 26' 3PT Jump Shot",null,null,null,null],["0041400162",64,4,0,1,"10:57 PM","4:23","Jordan REBOUND (Off:2 Def:2)",null,null,null,null],["0041400162",63,1,4,1,"10:57 PM","4:23","Jordan 3' Tip Shot (4 PTS)",null,null,"16 - 15","-1"],["0041400162",65,1,86,1,"10:57 PM","4:05",null,null,"Diaw 16' Turnaround Fadeaway (4 PTS)","18 - 15","-3"],["0041400162",66,5,1,1,"10:58 PM","3:47","Griffin Bad Pass Turnover (P1.T2)",null,"Duncan STEAL (1 STL)",null,null],["0041400162",67,2,1,1,"10:58 PM","3:33",null,null,"MISS Green 4' Jump Shot",null,null],["0041400162",68,4,0,1,"10:58 PM","3:32","Barnes REBOUND (Off:0 Def:3)",null,null,null,null],["0041400162",69,1,1,1,"10:58 PM","3:24","Paul 26' 3PT Jump Shot (7 PTS) (Griffin 2 AST)",null,null,"18 - 18","TIE"],["0041400162",70,1,1,1,"10:58 PM","3:05",null,null,"Leonard  3PT Jump Shot (5 PTS) (Green 1 AST)","21 - 18","-3"],["0041400162",71,1,3,1,"10:59 PM","2:51","Griffin 11' Hook Shot (6 PTS) (Paul 2 AST)",null,null,"21 - 20","-1"],["0041400162",72,1,44,1,"10:59 PM","2:38",null,null,"Diaw 3' Reverse Layup (6 PTS) (Duncan 2 AST)","23 - 20","-3"],["0041400162",73,2,1,1,"10:59 PM","2:16","MISS Barnes  3PT Jump Shot",null,null,null,null],["0041400162",74,4,0,1,"10:59 PM","2:15","CLIPPERS Rebound",null,null,null,null],["0041400162",75,6,3,1,"10:59 PM","2:15",null,null,"Parker L.B.FOUL (P1.T2) (R.Garretson)",null,null],["0041400162",76,9,1,1,"10:59 PM","2:15","CLIPPERS Timeout: Regular (Full 1 Short 0)",null,null,null,null],["0041400162",78,8,0,1,"11:02 PM","2:15","SUB: Crawford FOR Redick",null,null,null,null],["0041400162",79,8,0,1,"11:02 PM","2:15","SUB: Davis FOR Griffin",null,null,null,null],["0041400162",81,8,0,1,"11:02 PM","2:15",null,null,"SUB: Ginobili FOR Green",null,null],["0041400162",85,8,0,1,"11:02 PM","2:15",null,null,"SUB: Mills FOR Parker",null,null],["0041400162",82,5,1,1,"11:03 PM","2:09","Paul Bad Pass Turnover (P1.T3)",null,"Mills STEAL (1 STL)",null,null],["0041400162",83,6,2,1,"11:03 PM","2:06","Barnes S.FOUL (P1.T3) (R.Garretson)",null,null,null,null],["0041400162",84,18,0,1,"11:04 PM","2:06",null,null,null,null,null],["0041400162",86,3,11,1,"11:04 PM","2:06",null,null,"Ginobili Free Throw 1 of 2 (1 PTS)","24 - 20","-4"],["0041400162",88,3,12,1,"11:05 PM","2:06",null,null,"Ginobili Free Throw 2 of 2 (2 PTS)","25 - 20","-5"],["0041400162",90,1,78,1,"11:05 PM","1:43","Paul 7' Floating Jump Shot (9 PTS)",null,null,"25 - 22","-3"],["0041400162",91,1,81,1,"11:06 PM","1:24",null,null,"Leonard 8' Pullup Bank Shot (7 PTS) (Diaw 1 AST)","27 - 22","-5"],["0041400162",92,6,27,1,"11:06 PM","1:15",null,null,"Mills Personal Block Foul (P1.T3) (S.Wright)",null,null],["0041400162",93,8,0,1,"11:06 PM","1:15",null,null,"SUB: Belinelli FOR Leonard",null,null],["0041400162",94,8,0,1,"11:06 PM","1:15","SUB: Rivers FOR Barnes",null,null,null,null],["0041400162",95,8,0,1,"11:06 PM","1:15",null,null,"SUB: Splitter FOR Duncan",null,null],["0041400162",96,2,1,1,"11:06 PM","1:03","MISS Davis 19' Jump Shot",null,null,null,null],["0041400162",97,4,0,1,"11:07 PM","1:02",null,null,"Belinelli REBOUND (Off:0 Def:1)",null,null],["0041400162",98,5,1,1,"11:07 PM","0:51",null,null,"Ginobili Bad Pass Turnover (P1.T1)",null,null],["0041400162",99,1,88,1,"11:07 PM","0:46","Jordan  Driving Slam Dunk (6 PTS) (Paul 3 AST)",null,null,"27 - 24","-3"],["0041400162",100,2,44,1,"11:07 PM","0:29",null,null,"MISS Diaw 2' Reverse Layup",null,null],["0041400162",101,4,0,1,"11:07 PM","0:25","Jordan REBOUND (Off:2 Def:3)",null,null,null,null],["0041400162",102,2,1,1,"11:08 PM","0:08","MISS Crawford 8' Jump Shot",null,"Ginobili BLOCK (1 BLK)",null,null],["0041400162",103,4,0,1,"11:08 PM","0:06",null,null,"Belinelli REBOUND (Off:0 Def:2)",null,null],["0041400162",104,6,2,1,"11:08 PM","0:03","Paul S.FOUL (P1.T4) (J.Crawford)",null,null,null,null],["0041400162",105,3,11,1,"11:08 PM","0:03",null,null,"MISS Belinelli Free Throw 1 of 2",null,null],["0041400162",106,4,1,1,"11:08 PM","0:03",null,null,"Spurs Rebound",null,null],["0041400162",107,8,0,1,"11:08 PM","0:03","SUB: Redick FOR Davis",null,null,null,null],["0041400162",108,8,0,1,"11:08 PM","0:03",null,null,"SUB: Leonard FOR Splitter",null,null],["0041400162",109,3,12,1,"11:09 PM","0:03",null,null,"Belinelli Free Throw 2 of 2 (1 PTS)","28 - 24","-4"],["0041400162",111,2,1,1,"11:09 PM","0:00","MISS Crawford 45' 3PT Jump Shot",null,null,null,null],["0041400162",112,4,0,1,"11:09 PM","0:00","CLIPPERS Rebound",null,null,null,null],["0041400162",113,13,0,1,"11:09 PM","0:00",null,null,null,"28 - 24","-4"],["0041400162",115,12,0,2,"11:13 PM","12:00",null,null,null,"28 - 24","-4"],["0041400162",116,1,42,2,"11:13 PM","11:54","Griffin 2' Driving Layup (8 PTS)",null,null,"28 - 26","-2"],["0041400162",117,2,1,2,"11:13 PM","11:40",null,null,"MISS Diaw 20' Jump Shot",null,null],["0041400162",118,4,0,2,"11:13 PM","11:39",null,null,"Splitter REBOUND (Off:1 Def:0)",null,null],["0041400162",119,2,1,2,"11:13 PM","11:25",null,null,"MISS Diaw 27' 3PT Jump Shot",null,null],["0041400162",120,4,0,2,"11:13 PM","11:24","Crawford REBOUND (Off:0 Def:1)",null,null,null,null],["0041400162",121,2,1,2,"11:14 PM","11:06","MISS Griffin 18' Jump Shot",null,null,null,null],["0041400162",122,4,0,2,"11:14 PM","11:05",null,null,"Diaw REBOUND (Off:0 Def:2)",null,null],["0041400162",123,1,42,2,"11:14 PM","10:52",null,null,"Ginobili 1' Driving Layup (4 PTS) (Mills 1 AST)","30 - 26","-4"],["0041400162",124,6,2,2,"11:14 PM","10:52","Davis S.FOUL (P1.T1) (J.Crawford)",null,null,null,null],["0041400162",125,3,10,2,"11:14 PM","10:52",null,null,"Ginobili Free Throw 1 of 1 (5 PTS)","31 - 26","-5"],["0041400162",127,6,1,2,"11:15 PM","10:43",null,null,"Mills P.FOUL (P2.T1) (J.Crawford)",null,null],["0041400162",128,1,3,2,"11:15 PM","10:31","Griffin 10' Hook Shot (10 PTS)",null,null,"31 - 28","-3"],["0041400162",129,2,1,2,"11:15 PM","10:18",null,null,"MISS Ginobili 5' Jump Shot",null,null],["0041400162",130,4,0,2,"11:15 PM","10:17","Redick REBOUND (Off:0 Def:1)",null,null,null,null],["0041400162",131,6,1,2,"11:16 PM","10:08",null,null,"Mills P.FOUL (P3.T2) (J.Crawford)",null,null],["0041400162",132,8,0,2,"11:16 PM","10:08",null,null,"SUB: Joseph FOR Mills",null,null],["0041400162",133,2,46,2,"11:16 PM","9:58","MISS Rivers 6' Running Jump Shot",null,"Joseph BLOCK (1 BLK)",null,null],["0041400162",134,4,0,2,"11:16 PM","9:57",null,null,"Ginobili REBOUND (Off:0 Def:1)",null,null],["0041400162",135,6,11,2,"11:16 PM","9:55",null,null,null,null,null],["0041400162",136,3,16,2,"11:16 PM","9:55",null,null,"Belinelli Free Throw Technical (2 PTS)","32 - 28","-4"],["0041400162",140,2,1,2,"11:17 PM","9:41",null,null,"MISS Ginobili 26' 3PT Jump Shot",null,null],["0041400162",141,4,0,2,"11:17 PM","9:40","Crawford REBOUND (Off:0 Def:2)",null,null,null,null],["0041400162",142,1,52,2,"11:17 PM","9:27","Griffin  Alley Oop Dunk (12 PTS) (Crawford 1 AST)",null,null,"32 - 30","-2"],["0041400162",143,9,1,2,"11:17 PM","9:27",null,null,"Spurs Timeout: Regular (Reg.2 Short 0)",null,null],["0041400162",145,8,0,2,"11:21 PM","9:27",null,null,"SUB: Green FOR Joseph",null,null],["0041400162",146,2,1,2,"11:21 PM","9:13",null,null,"MISS Belinelli 27' 3PT Jump Shot",null,null],["0041400162",147,4,0,2,"11:21 PM","9:12","Crawford REBOUND (Off:0 Def:3)",null,null,null,null],["0041400162",148,1,78,2,"11:21 PM","8:53","Rivers 20' Floating Jump Shot (2 PTS) (Redick 1 AST)",null,null,"32 - 32","TIE"],["0041400162",149,2,1,2,"11:21 PM","8:37",null,null,"MISS Belinelli 25' 3PT Jump Shot",null,null],["0041400162",150,4,0,2,"11:22 PM","8:35",null,null,"Belinelli REBOUND (Off:1 Def:2)",null,null],["0041400162",151,2,1,2,"11:22 PM","8:29",null,null,"MISS Ginobili 26' 3PT Jump Shot",null,null],["0041400162",152,4,0,2,"11:22 PM","8:28","Griffin REBOUND (Off:1 Def:3)",null,null,null,null],["0041400162",153,1,86,2,"11:22 PM","8:15","Crawford 10' Turnaround Fadeaway (2 PTS) (Griffin 3 AST)",null,null,"32 - 34","2"],["0041400162",154,5,39,2,"11:22 PM","8:01",null,null,"Splitter Step Out of Bounds Turnover (P1.T2)",null,null],["0041400162",155,1,79,2,"11:23 PM","7:46","Crawford 16' Pullup Jump Shot (4 PTS)",null,null,"32 - 36","4"],["0041400162",156,6,2,2,"11:23 PM","7:26","Crawford S.FOUL (P1.T2) (R.Garretson)",null,null,null,null],["0041400162",157,3,11,2,"11:23 PM","7:26",null,null,"MISS Splitter Free Throw 1 of 2",null,null],["0041400162",158,4,1,2,"11:23 PM","7:26",null,null,"Spurs Rebound",null,null],["0041400162",159,8,0,2,"11:23 PM","7:26","SUB: Jordan FOR Davis",null,null,null,null],["0041400162",160,8,0,2,"11:23 PM","7:26",null,null,"SUB: Duncan FOR Diaw",null,null],["0041400162",161,3,12,2,"11:24 PM","7:26",null,null,"Splitter Free Throw 2 of 2 (2 PTS)","33 - 36","3"],["0041400162",163,2,1,2,"11:24 PM","7:11","MISS Crawford 25' 3PT Jump Shot",null,null,null,null],["0041400162",164,4,0,2,"11:24 PM","7:10",null,null,"Splitter REBOUND (Off:1 Def:1)",null,null],["0041400162",165,1,44,2,"11:24 PM","7:04",null,null,"Ginobili 2' Reverse Layup (7 PTS)","35 - 36","1"],["0041400162",166,6,2,2,"11:24 PM","7:04","Jordan S.FOUL (P2.T3) (S.Wright)",null,null,null,null],["0041400162",167,8,0,2,"11:24 PM","7:04",null,null,"SUB: Bonner FOR Splitter",null,null],["0041400162",168,3,10,2,"11:25 PM","7:04",null,null,"MISS Ginobili Free Throw 1 of 1",null,null],["0041400162",170,4,0,2,"11:25 PM","7:03","Jordan REBOUND (Off:2 Def:4)",null,null,null,null],["0041400162",171,1,52,2,"11:25 PM","6:44","Jordan  Alley Oop Dunk (8 PTS) (Griffin 4 AST)",null,null,"35 - 38","3"],["0041400162",172,1,78,2,"11:25 PM","6:26",null,null,"Duncan 4' Floating Jump Shot (10 PTS) (Green 2 AST)","37 - 38","1"],["0041400162",173,6,2,2,"11:26 PM","6:08",null,null,"Ginobili S.FOUL (P1.T3) (S.Wright)",null,null],["0041400162",174,3,11,2,"11:26 PM","6:08","Griffin Free Throw 1 of 2 (13 PTS)",null,null,"37 - 39","2"],["0041400162",176,8,0,2,"11:26 PM","6:08","SUB: Paul FOR Rivers",null,null,null,null],["0041400162",177,8,0,2,"11:26 PM","6:08",null,null,"SUB: Leonard FOR Ginobili",null,null],["0041400162",178,8,0,2,"11:26 PM","6:08",null,null,"SUB: Parker FOR Green",null,null],["0041400162",179,3,12,2,"11:26 PM","6:08","MISS Griffin Free Throw 2 of 2",null,null,null,null],["0041400162",181,4,0,2,"11:27 PM","6:07",null,null,"Bonner REBOUND (Off:0 Def:1)",null,null],["0041400162",182,1,1,2,"11:27 PM","5:52",null,null,"Belinelli 28' 3PT Jump Shot (5 PTS) (Duncan 3 AST)","40 - 39","-1"],["0041400162",183,9,1,2,"11:27 PM","5:52","CLIPPERS Timeout: Regular (Full 2 Short 0)",null,null,null,null],["0041400162",185,5,1,2,"11:31 PM","5:31","Jordan Bad Pass Turnover (P1.T4)",null,null,null,null],["0041400162",186,6,2,2,"11:31 PM","5:19","Crawford S.FOUL (P2.T4) (S.Wright)",null,null,null,null],["0041400162",187,3,11,2,"11:32 PM","5:19",null,null,"Leonard Free Throw 1 of 2 (8 PTS)","41 - 39","-2"],["0041400162",189,8,0,2,"11:32 PM","5:19","SUB: Barnes FOR Crawford",null,null,null,null],["0041400162",190,3,12,2,"11:32 PM","5:19",null,null,"Leonard Free Throw 2 of 2 (9 PTS)","42 - 39","-3"],["0041400162",192,2,1,2,"11:32 PM","5:06","MISS Barnes  3PT Jump Shot",null,null,null,null],["0041400162",193,4,0,2,"11:32 PM","5:05",null,null,"Leonard REBOUND (Off:1 Def:2)",null,null],["0041400162",194,2,1,2,"11:32 PM","4:47",null,null,"MISS Belinelli 28' 3PT Jump Shot",null,null],["0041400162",195,4,0,2,"11:33 PM","4:45","Barnes REBOUND (Off:0 Def:4)",null,null,null,null],["0041400162",196,5,1,2,"11:33 PM","4:44","Barnes Bad Pass Turnover (P1.T5)",null,"Belinelli STEAL (1 STL)",null,null],["0041400162",197,1,42,2,"11:33 PM","4:41",null,null,"Belinelli 2' Driving Layup (7 PTS)","44 - 39","-5"],["0041400162",199,6,1,2,"11:33 PM","4:25",null,null,"Belinelli P.FOUL (P1.T4) (R.Garretson)",null,null],["0041400162",201,2,1,2,"11:34 PM","4:17","MISS Paul 17' Jump Shot",null,null,null,null],["0041400162",202,4,0,2,"11:34 PM","4:16",null,null,"Leonard REBOUND (Off:1 Def:3)",null,null],["0041400162",203,1,3,2,"11:34 PM","4:05",null,null,"Leonard 5' Hook Shot (11 PTS)","46 - 39","-7"],["0041400162",204,1,1,2,"11:34 PM","3:49","Paul 16' Jump Shot (11 PTS)",null,null,"46 - 41","-5"],["0041400162",206,2,1,2,"11:35 PM","3:34",null,null,"MISS Bonner 26' 3PT Jump Shot",null,null],["0041400162",207,4,0,2,"11:35 PM","3:33","Jordan REBOUND (Off:2 Def:5)",null,null,null,null],["0041400162",208,1,42,2,"11:35 PM","3:22","Griffin 2' Driving Layup (15 PTS) (Paul 4 AST)",null,null,"46 - 43","-3"],["0041400162",209,1,65,2,"11:35 PM","3:03",null,null,"Duncan 4' Jump Hook Shot (12 PTS) (Parker 2 AST)","48 - 43","-5"],["0041400162",210,5,1,2,"11:35 PM","2:52","Griffin Bad Pass Turnover (P2.T6)",null,"Duncan STEAL (2 STL)",null,null],["0041400162",211,5,1,2,"11:35 PM","2:40",null,null,"Leonard Bad Pass Turnover (P1.T3)",null,null],["0041400162",213,9,4,2,"11:36 PM","2:40",null,null,null,null,null],["0041400162",215,8,0,2,"11:39 PM","2:40",null,null,"SUB: Ginobili FOR Belinelli",null,null],["0041400162",216,8,0,2,"11:39 PM","2:40",null,null,"SUB: Diaw FOR Bonner",null,null],["0041400162",217,2,1,2,"11:39 PM","2:26","MISS Griffin 4' Jump Shot",null,null,null,null],["0041400162",218,4,0,2,"11:39 PM","2:25","Barnes REBOUND (Off:1 Def:4)",null,null,null,null],["0041400162",219,1,42,2,"11:39 PM","2:23","Griffin 3' Driving Layup (17 PTS) (Barnes 1 AST)",null,null,"48 - 45","-3"],["0041400162",220,2,1,2,"11:39 PM","2:06","Griffin BLOCK (1 BLK)",null,"MISS Duncan 8' Jump Shot",null,null],["0041400162",221,4,0,2,"11:40 PM","2:04","Barnes REBOUND (Off:1 Def:5)",null,null,null,null],["0041400162",222,2,73,2,"11:40 PM","1:50","MISS Barnes 3' Driving Reverse Layup",null,"Diaw BLOCK (1 BLK)",null,null],["0041400162",223,4,0,2,"11:40 PM","1:47","Barnes REBOUND (Off:2 Def:5)",null,null,null,null],["0041400162",224,2,1,2,"11:40 PM","1:43","MISS Barnes 27' 3PT Jump Shot",null,null,null,null],["0041400162",225,4,0,2,"11:40 PM","1:42",null,null,"Duncan REBOUND (Off:0 Def:3)",null,null],["0041400162",226,1,47,2,"11:40 PM","1:18",null,null,"Duncan 11' Turnaround Jump Shot (14 PTS) (Parker 3 AST)","50 - 45","-5"],["0041400162",227,1,1,2,"11:41 PM","1:00","Griffin 16' Jump Shot (19 PTS) (Paul 5 AST)",null,null,"50 - 47","-3"],["0041400162",228,1,3,2,"11:41 PM","0:44",null,null,"Duncan 7' Hook Shot (16 PTS)","52 - 47","-5"],["0041400162",229,9,2,2,"11:41 PM","0:44","CLIPPERS Timeout: Short (Full 2 Short 1)",null,null,null,null],["0041400162",230,8,0,2,"11:42 PM","0:44","SUB: Davis FOR Jordan",null,null,null,null],["0041400162",231,8,0,2,"11:42 PM","0:44","SUB: Crawford FOR Barnes",null,null,null,null],["0041400162",233,2,46,2,"11:43 PM","0:35","MISS Paul 13' Running Jump Shot",null,null,null,null],["0041400162",234,4,0,2,"11:43 PM","0:34",null,null,"Duncan REBOUND (Off:0 Def:4)",null,null],["0041400162",235,2,1,2,"11:43 PM","0:23",null,null,"MISS Parker 21' Jump Shot",null,null],["0041400162",236,4,0,2,"11:43 PM","0:22","Paul REBOUND (Off:0 Def:2)",null,null,null,null],["0041400162",237,2,1,2,"11:43 PM","0:01","MISS Paul 16' Jump Shot",null,null,null,null],["0041400162",238,4,0,2,"11:43 PM","0:00",null,null,"Ginobili REBOUND (Off:0 Def:2)",null,null],["0041400162",239,2,1,2,"11:43 PM","0:00",null,null,"MISS Ginobili 59' 3PT Jump Shot",null,null],["0041400162",240,4,0,2,"11:43 PM","0:00",null,null,"Spurs Rebound",null,null],["0041400162",241,13,0,2,"11:43 PM","0:00",null,null,null,"52 - 47","-5"],["0041400162",243,12,0,3,"12:01 AM","12:00",null,null,null,"52 - 47","-5"],["0041400162",244,5,4,3,"12:01 AM","11:42","Paul Traveling Turnover (P2.T7)",null,null,null,null],["0041400162",245,1,67,3,"12:02 AM","11:20",null,null,"Duncan 4' Hook Bank Shot (18 PTS)","54 - 47","-7"],["0041400162",246,2,1,3,"12:02 AM","10:59","MISS Redick 27' 3PT Jump Shot",null,null,null,null],["0041400162",247,4,0,3,"12:02 AM","10:59",null,null,"Spurs Rebound",null,null],["0041400162",248,6,2,3,"12:03 AM","10:47","Paul S.FOUL (P2.T1) (J.Crawford)",null,null,null,null],["0041400162",249,3,11,3,"12:03 AM","10:47",null,null,"Parker Free Throw 1 of 2 (1 PTS)","55 - 47","-8"],["0041400162",251,3,12,3,"12:03 AM","10:47",null,null,"MISS Parker Free Throw 2 of 2",null,null],["0041400162",253,4,0,3,"12:03 AM","10:46",null,null,"Parker REBOUND (Off:1 Def:1)",null,null],["0041400162",254,1,66,3,"12:03 AM","10:35",null,null,"Duncan 6' Jump Bank Shot (20 PTS) (Parker 4 AST)","57 - 47","-10"],["0041400162",255,2,1,3,"12:04 AM","10:13","MISS Griffin 21' Jump Shot",null,null,null,null],["0041400162",256,4,0,3,"12:04 AM","10:13","CLIPPERS Rebound",null,null,null,null],["0041400162",257,9,2,3,"12:04 AM","10:07","CLIPPERS Timeout: Short (Full 2 Short 2)",null,null,null,null],["0041400162",259,1,8,3,"12:05 AM","9:58","Jordan  Slam Dunk (10 PTS) (Griffin 5 AST)",null,null,"57 - 49","-8"],["0041400162",260,6,2,3,"12:05 AM","9:58",null,null,"Splitter S.FOUL (P1.T1) (J.Crawford)",null,null],["0041400162",262,8,0,3,"12:06 AM","9:58",null,null,"SUB: Belinelli FOR Green",null,null],["0041400162",263,3,10,3,"12:06 AM","9:58","MISS Jordan Free Throw 1 of 1",null,null,null,null],["0041400162",265,4,0,3,"12:06 AM","9:56",null,null,"Splitter REBOUND (Off:1 Def:2)",null,null],["0041400162",266,2,1,3,"12:06 AM","9:44",null,null,"MISS Leonard 27' 3PT Jump Shot",null,null],["0041400162",267,4,0,3,"12:06 AM","9:43","Redick REBOUND (Off:0 Def:2)",null,null,null,null],["0041400162",268,1,1,3,"12:06 AM","9:27","Barnes 27' 3PT Jump Shot (3 PTS) (Griffin 6 AST)",null,null,"57 - 52","-5"],["0041400162",269,2,1,3,"12:07 AM","9:06",null,null,"MISS Leonard 21' Jump Shot",null,null],["0041400162",270,4,0,3,"12:07 AM","9:05","Griffin REBOUND (Off:1 Def:4)",null,null,null,null],["0041400162",271,2,1,3,"12:07 AM","8:58","MISS Barnes 25' 3PT Jump Shot",null,"Leonard BLOCK (1 BLK)",null,null],["0041400162",272,4,0,3,"12:07 AM","8:57",null,null,"Splitter REBOUND (Off:1 Def:3)",null,null],["0041400162",273,6,27,3,"12:07 AM","8:57","Redick Personal Block Foul (P1.T2) (S.Wright)",null,null,null,null],["0041400162",274,2,66,3,"12:08 AM","8:41",null,null,"MISS Duncan 6' Jump Bank Shot",null,null],["0041400162",275,4,0,3,"12:08 AM","8:38","Jordan REBOUND (Off:2 Def:6)",null,null,null,null],["0041400162",276,6,2,3,"12:08 AM","8:37",null,null,"Parker S.FOUL (P2.T2) (R.Garretson)",null,null],["0041400162",277,3,11,3,"12:08 AM","8:37","Griffin Free Throw 1 of 2 (20 PTS)",null,null,"57 - 53","-4"],["0041400162",279,3,12,3,"12:09 AM","8:37","MISS Griffin Free Throw 2 of 2",null,null,null,null],["0041400162",281,4,0,3,"12:09 AM","8:35",null,null,"Leonard REBOUND (Off:1 Def:4)",null,null],["0041400162",282,5,2,3,"12:09 AM","8:14","Griffin STEAL (1 STL)",null,"Splitter Lost Ball Turnover (P2.T4)",null,null],["0041400162",283,2,1,3,"12:09 AM","7:59","MISS Paul 11' Jump Shot",null,null,null,null],["0041400162",285,4,0,3,"12:09 AM","7:58","Jordan REBOUND (Off:3 Def:6)",null,null,null,null],["0041400162",284,2,4,3,"12:09 AM","7:58","MISS Jordan 1' Tip Shot",null,null,null,null],["0041400162",286,4,0,3,"12:10 AM","7:55",null,null,"Leonard REBOUND (Off:1 Def:5)",null,null],["0041400162",287,5,2,3,"12:10 AM","7:54","Paul STEAL (1 STL)",null,"Leonard Lost Ball Turnover (P2.T5)",null,null],["0041400162",288,2,1,3,"12:10 AM","7:49","MISS Redick  3PT Jump Shot",null,null,null,null],["0041400162",289,4,0,3,"12:10 AM","7:47","Barnes REBOUND (Off:3 Def:5)",null,null,null,null],["0041400162",290,2,1,3,"12:10 AM","7:40","MISS Griffin 20' Jump Shot",null,null,null,null],["0041400162",291,4,0,3,"12:10 AM","7:38",null,null,"Splitter REBOUND (Off:1 Def:4)",null,null],["0041400162",292,2,1,3,"12:10 AM","7:23",null,null,"MISS Parker 15' Jump Shot",null,null],["0041400162",293,4,0,3,"12:10 AM","7:22",null,null,"Leonard REBOUND (Off:2 Def:5)",null,null],["0041400162",294,1,3,3,"12:10 AM","7:20",null,null,"Leonard  Hook Shot (13 PTS)","59 - 53","-6"],["0041400162",295,1,1,3,"12:11 AM","6:54","Paul 26' 3PT Jump Shot (14 PTS) (Griffin 7 AST)",null,null,"59 - 56","-3"],["0041400162",296,9,1,3,"12:11 AM","6:52",null,null,"Spurs Timeout: Regular (Reg.3 Short 0)",null,null],["0041400162",298,8,0,3,"12:14 AM","6:52",null,null,"SUB: Diaw FOR Splitter",null,null],["0041400162",299,5,1,3,"12:14 AM","6:37",null,null,"Leonard Bad Pass Turnover (P3.T6)",null,null],["0041400162",300,6,1,3,"12:15 AM","6:26",null,null,"Diaw P.FOUL (P1.T3) (J.Crawford)",null,null],["0041400162",301,5,1,3,"12:15 AM","6:22","Redick Bad Pass Turnover (P1.T8)",null,"Leonard STEAL (1 STL)",null,null],["0041400162",302,6,1,3,"12:15 AM","6:14","Barnes P.FOUL (P2.T3) (S.Wright)",null,null,null,null],["0041400162",303,2,1,3,"12:16 AM","6:00",null,null,"MISS Belinelli  3PT Jump Shot",null,null],["0041400162",304,4,0,3,"12:16 AM","5:59","Jordan REBOUND (Off:3 Def:7)",null,null,null,null],["0041400162",305,1,80,3,"12:16 AM","5:45","Paul 16' Step Back Jump Shot (16 PTS)",null,null,"59 - 58","-1"],["0041400162",306,6,1,3,"12:16 AM","5:24","Paul P.FOUL (P3.T4) (J.Crawford)",null,null,null,null],["0041400162",307,8,0,3,"12:17 AM","5:24",null,null,"SUB: Ginobili FOR Belinelli",null,null],["0041400162",308,1,1,3,"12:17 AM","5:15",null,null,"Leonard 8' Jump Shot (15 PTS) (Ginobili 1 AST)","61 - 58","-3"],["0041400162",309,6,1,3,"12:17 AM","5:02",null,null,"Ginobili P.FOUL (P2.T4) (J.Crawford)",null,null],["0041400162",310,8,0,3,"12:17 AM","5:02","SUB: Crawford FOR Redick",null,null,null,null],["0041400162",311,2,1,3,"12:18 AM","4:54","MISS Crawford 27' 3PT Jump Shot",null,null,null,null],["0041400162",312,4,0,3,"12:18 AM","4:53",null,null,"Diaw REBOUND (Off:0 Def:3)",null,null],["0041400162",314,7,2,3,"12:18 AM","4:35","Jordan Violation:Defensive Goaltending (S.Wright)",null,null,null,null],["0041400162",313,1,47,3,"12:18 AM","4:35",null,null,"Duncan 6' Turnaround Jump Shot (22 PTS)","63 - 58","-5"],["0041400162",315,2,1,3,"12:18 AM","4:23","MISS Crawford 25' 3PT Jump Shot",null,null,null,null],["0041400162",316,4,0,3,"12:19 AM","4:22",null,null,"Duncan REBOUND (Off:0 Def:5)",null,null],["0041400162",317,1,44,3,"12:19 AM","4:17",null,null,"Diaw 2' Reverse Layup (8 PTS) (Parker 5 AST)","65 - 58","-7"],["0041400162",318,1,44,3,"12:19 AM","4:07","Griffin 3' Reverse Layup (22 PTS)",null,null,"65 - 60","-5"],["0041400162",319,6,2,3,"12:19 AM","4:07",null,null,"Duncan S.FOUL (P1.PN) (S.Wright)",null,null],["0041400162",320,3,10,3,"12:19 AM","4:07","Griffin Free Throw 1 of 1 (23 PTS)",null,null,"65 - 61","-4"],["0041400162",321,1,1,3,"12:20 AM","3:43",null,null,"Leonard 25' 3PT Jump Shot (18 PTS) (Diaw 2 AST)","68 - 61","-7"],["0041400162",322,1,5,3,"12:20 AM","3:23","Jordan 3' Layup (12 PTS) (Griffin 8 AST)",null,null,"68 - 63","-5"],["0041400162",323,2,1,3,"12:20 AM","3:04","Paul BLOCK (1 BLK)",null,"MISS Duncan 8' Jump Shot",null,null],["0041400162",324,4,0,3,"12:20 AM","3:02","Paul REBOUND (Off:0 Def:3)",null,null,null,null],["0041400162",325,1,1,3,"12:20 AM","2:57","Crawford 25' 3PT Jump Shot (7 PTS) (Paul 6 AST)",null,null,"68 - 66","-2"],["0041400162",326,6,1,3,"12:21 AM","2:41","Barnes P.FOUL (P3.PN) (J.Crawford)",null,null,null,null],["0041400162",327,9,1,3,"12:21 AM","2:41","CLIPPERS Timeout: Regular (Full 3 Short 2)",null,null,null,null],["0041400162",329,3,11,3,"12:24 AM","2:41",null,null,"MISS Leonard Free Throw 1 of 2",null,null],["0041400162",330,4,1,3,"12:24 AM","2:41",null,null,"Spurs Rebound",null,null],["0041400162",331,3,12,3,"12:24 AM","2:41",null,null,"Leonard Free Throw 2 of 2 (19 PTS)","69 - 66","-3"],["0041400162",333,6,28,3,"12:24 AM","2:41",null,null,"Parker Personal Take Foul (P3.PN) (R.Garretson)",null,null],["0041400162",334,3,11,3,"12:25 AM","2:41","Jordan Free Throw 1 of 2 (13 PTS)",null,null,"69 - 67","-2"],["0041400162",336,8,0,3,"12:25 AM","2:41",null,null,"SUB: Bonner FOR Diaw",null,null],["0041400162",337,8,0,3,"12:25 AM","2:41",null,null,"SUB: Mills FOR Parker",null,null],["0041400162",338,3,12,3,"12:25 AM","2:41","Jordan Free Throw 2 of 2 (14 PTS)",null,null,"69 - 68","-1"],["0041400162",340,2,80,3,"12:26 AM","2:24",null,null,"MISS Mills 24' 3PT Step Back Jump Shot",null,null],["0041400162",341,4,0,3,"12:26 AM","2:21",null,null,"Duncan REBOUND (Off:1 Def:5)",null,null],["0041400162",342,2,1,3,"12:26 AM","2:07",null,null,"MISS Bonner 21' Jump Shot",null,null],["0041400162",343,4,0,3,"12:26 AM","2:05","Crawford REBOUND (Off:0 Def:4)",null,null,null,null],["0041400162",344,6,28,3,"12:26 AM","2:02",null,null,"Bonner Personal Take Foul (P1.PN) (J.Crawford)",null,null],["0041400162",345,3,11,3,"12:26 AM","2:02","MISS Jordan Free Throw 1 of 2",null,null,null,null],["0041400162",346,4,1,3,"12:26 AM","2:02","CLIPPERS Rebound",null,null,null,null],["0041400162",347,8,0,3,"12:27 AM","2:02","SUB: Rivers FOR Barnes",null,null,null,null],["0041400162",348,8,0,3,"12:27 AM","2:02",null,null,"SUB: Green FOR Leonard",null,null],["0041400162",349,3,12,3,"12:27 AM","2:02","MISS Jordan Free Throw 2 of 2",null,null,null,null],["0041400162",351,4,0,3,"12:27 AM","2:01",null,null,"Duncan REBOUND (Off:1 Def:6)",null,null],["0041400162",352,6,2,3,"12:28 AM","1:48","Rivers S.FOUL (P1.PN) (S.Wright)",null,null,null,null],["0041400162",353,3,11,3,"12:28 AM","1:48",null,null,"Ginobili Free Throw 1 of 2 (8 PTS)","70 - 68","-2"],["0041400162",355,8,0,3,"12:28 AM","1:48","SUB: Davis FOR Jordan",null,null,null,null],["0041400162",357,8,0,3,"12:28 AM","1:48",null,null,"SUB: Diaw FOR Bonner",null,null],["0041400162",358,3,12,3,"12:28 AM","1:48",null,null,"Ginobili Free Throw 2 of 2 (9 PTS)","71 - 68","-3"],["0041400162",360,6,1,3,"12:29 AM","1:37",null,null,"Ginobili P.FOUL (P3.PN) (R.Garretson)",null,null],["0041400162",361,3,11,3,"12:29 AM","1:37","Crawford Free Throw 1 of 2 (8 PTS)",null,null,"71 - 69","-2"],["0041400162",364,8,0,3,"12:29 AM","1:37","SUB: Redick FOR Paul",null,null,null,null],["0041400162",366,8,0,3,"12:30 AM","1:37",null,null,"SUB: Splitter FOR Duncan",null,null],["0041400162",367,3,12,3,"12:30 AM","1:37","Crawford Free Throw 2 of 2 (9 PTS)",null,null,"71 - 70","-1"],["0041400162",369,2,1,3,"12:30 AM","1:17",null,null,"MISS Mills 26' 3PT Jump Shot",null,null],["0041400162",370,4,0,3,"12:30 AM","1:16","Griffin REBOUND (Off:1 Def:5)",null,null,null,null],["0041400162",371,2,79,3,"12:30 AM","1:05","MISS Crawford 15' Pullup Jump Shot",null,null,null,null],["0041400162",372,4,0,3,"12:30 AM","1:03",null,null,"Splitter REBOUND (Off:1 Def:5)",null,null],["0041400162",373,2,75,3,"12:31 AM","0:50",null,null,"MISS Diaw 4' Driving Finger Roll Layup",null,null],["0041400162",374,4,0,3,"12:31 AM","0:49","Redick REBOUND (Off:0 Def:3)",null,null,null,null],["0041400162",375,6,1,3,"12:31 AM","0:46",null,null,"Green P.FOUL (P1.PN) (J.Crawford)",null,null],["0041400162",376,3,11,3,"12:31 AM","0:46","Redick Free Throw 1 of 2 (4 PTS)",null,null,"71 - 71","TIE"],["0041400162",379,8,0,3,"12:31 AM","0:46","SUB: Turkoglu FOR Griffin",null,null,null,null],["0041400162",380,3,12,3,"12:31 AM","0:46","Redick Free Throw 2 of 2 (5 PTS)",null,null,"71 - 72","1"],["0041400162",382,1,1,3,"12:32 AM","0:34",null,null,"Mills 26' 3PT Jump Shot (3 PTS) (Splitter 2 AST)","74 - 72","-2"],["0041400162",383,1,75,3,"12:32 AM","0:15","Crawford 3' Driving Finger Roll Layup (11 PTS)",null,null,"74 - 74","TIE"],["0041400162",384,1,1,3,"12:33 AM","0:02",null,null,"Mills  3PT Jump Shot (6 PTS) (Diaw 3 AST)","77 - 74","-3"],["0041400162",385,2,1,3,"12:33 AM","0:00","MISS Davis 54' 3PT Jump Shot",null,null,null,null],["0041400162",386,4,0,3,"12:33 AM","0:00","CLIPPERS Rebound",null,null,null,null],["0041400162",387,13,0,3,"12:33 AM","0:00",null,null,null,"77 - 74","-3"],["0041400162",389,12,0,4,"12:36 AM","12:00",null,null,null,"77 - 74","-3"],["0041400162",390,2,3,4,"12:37 AM","11:37",null,null,"MISS Splitter 6' Hook Shot",null,null],["0041400162",391,4,0,4,"12:37 AM","11:36","Davis REBOUND (Off:0 Def:1)",null,null,null,null],["0041400162",392,2,1,4,"12:37 AM","11:25","MISS Rivers 19' Jump Shot",null,null,null,null],["0041400162",393,4,0,4,"12:37 AM","11:24",null,null,"Diaw REBOUND (Off:0 Def:4)",null,null],["0041400162",394,7,5,4,"12:37 AM","11:16","Crawford Violation:Kicked Ball (J.Crawford)",null,null,null,null],["0041400162",395,1,1,4,"12:38 AM","11:09",null,null,"Green 24' 3PT Jump Shot (6 PTS) (Ginobili 2 AST)","80 - 74","-6"],["0041400162",396,1,1,4,"12:38 AM","10:50","Turkoglu 20' Jump Shot (2 PTS) (Rivers 1 AST)",null,null,"80 - 76","-4"],["0041400162",397,2,1,4,"12:38 AM","10:39",null,null,"MISS Mills 6' Jump Shot",null,null],["0041400162",398,4,0,4,"12:38 AM","10:38",null,null,"Splitter REBOUND (Off:2 Def:5)",null,null],["0041400162",399,2,1,4,"12:38 AM","10:31",null,null,"MISS Diaw 5' Jump Shot",null,null],["0041400162",400,4,0,4,"12:38 AM","10:31","Rivers REBOUND (Off:0 Def:1)",null,null,null,null],["0041400162",401,6,1,4,"12:38 AM","10:31",null,null,"Diaw P.FOUL (P2.T1) (J.Crawford)",null,null],["0041400162",402,8,0,4,"12:38 AM","10:31",null,null,"SUB: Duncan FOR Splitter",null,null],["0041400162",403,8,0,4,"12:38 AM","10:31","SUB: Jordan FOR Davis",null,null,null,null],["0041400162",404,2,1,4,"12:39 AM","10:18","MISS Crawford 27' 3PT Jump Shot",null,"Green BLOCK (1 BLK)",null,null],["0041400162",405,4,0,4,"12:39 AM","10:16",null,null,"Mills REBOUND (Off:0 Def:1)",null,null],["0041400162",406,1,1,4,"12:39 AM","10:14",null,null,"Mills 21' Jump Shot (8 PTS)","82 - 76","-6"],["0041400162",407,1,42,4,"12:39 AM","10:00","Rivers 2' Driving Layup (4 PTS)",null,null,"82 - 78","-4"],["0041400162",408,6,1,4,"12:39 AM","9:47","Redick P.FOUL (P2.T1) (S.Wright)",null,null,null,null],["0041400162",409,8,0,4,"12:40 AM","9:47","SUB: Paul FOR Rivers",null,null,null,null],["0041400162",410,8,0,4,"12:40 AM","9:47",null,null,"SUB: Parker FOR Mills",null,null],["0041400162",411,1,78,4,"12:40 AM","9:38",null,null,"Diaw 11' Floating Jump Shot (10 PTS) (Ginobili 3 AST)","84 - 78","-6"],["0041400162",412,2,42,4,"12:40 AM","9:18","MISS Crawford 4' Driving Layup",null,null,null,null],["0041400162",413,4,0,4,"12:40 AM","9:15",null,null,"Duncan REBOUND (Off:1 Def:7)",null,null],["0041400162",414,1,85,4,"12:41 AM","8:55",null,null,"Duncan 5' Turnaround Bank Shot (24 PTS)","86 - 78","-8"],["0041400162",415,6,1,4,"12:41 AM","8:45",null,null,"Ginobili P.FOUL (P4.T2) (J.Crawford)",null,null],["0041400162",416,9,4,4,"12:41 AM","8:45",null,null,null,null,null],["0041400162",418,8,0,4,"12:44 AM","8:45","SUB: Griffin FOR Turkoglu",null,null,null,null],["0041400162",420,2,1,4,"12:44 AM","8:30","MISS Paul 29' 3PT Jump Shot",null,null,null,null],["0041400162",421,4,0,4,"12:44 AM","8:29",null,null,"Duncan REBOUND (Off:1 Def:8)",null,null],["0041400162",422,7,5,4,"12:45 AM","8:17","Jordan Violation:Kicked Ball (J.Crawford)",null,null,null,null],["0041400162",424,2,3,4,"12:45 AM","8:06",null,null,"MISS Diaw 5' Hook Shot",null,null],["0041400162",425,4,0,4,"12:45 AM","8:04",null,null,"Diaw REBOUND (Off:1 Def:4)",null,null],["0041400162",426,2,1,4,"12:45 AM","7:59",null,null,"MISS Diaw 6' Jump Shot",null,null],["0041400162",427,4,0,4,"12:45 AM","7:58","Paul REBOUND (Off:0 Def:4)",null,null,null,null],["0041400162",428,2,1,4,"12:45 AM","7:48","MISS Crawford 26' 3PT Jump Shot",null,null,null,null],["0041400162",429,4,0,4,"12:45 AM","7:46","Griffin REBOUND (Off:2 Def:5)",null,null,null,null],["0041400162",430,5,1,4,"12:45 AM","7:44","Griffin Bad Pass Turnover (P3.T9)",null,"Parker STEAL (1 STL)",null,null],["0041400162",431,2,63,4,"12:46 AM","7:23",null,null,"MISS Parker 6' Fadeaway Jumper",null,null],["0041400162",432,4,0,4,"12:46 AM","7:22","Paul REBOUND (Off:0 Def:5)",null,null,null,null],["0041400162",433,2,1,4,"12:46 AM","7:08","MISS Griffin 17' Jump Shot",null,null,null,null],["0041400162",434,4,0,4,"12:46 AM","7:07","CLIPPERS Rebound",null,null,null,null],["0041400162",435,8,0,4,"12:46 AM","7:07",null,null,"SUB: Leonard FOR Ginobili",null,null],["0041400162",436,2,5,4,"12:47 AM","6:57","MISS Griffin  Layup",null,null,null,null],["0041400162",437,4,0,4,"12:47 AM","6:55",null,null,"Duncan REBOUND (Off:1 Def:9)",null,null],["0041400162",438,1,47,4,"12:47 AM","6:41",null,null,"Leonard 16' Turnaround Jump Shot (21 PTS)","88 - 78","-10"],["0041400162",439,9,1,4,"12:47 AM","6:32","CLIPPERS Timeout: Regular (Full 4 Short 2)",null,null,null,null],["0041400162",450,8,0,4,"12:47 AM","6:32","SUB: Barnes FOR Crawford",null,null,null,null],["0041400162",441,1,52,4,"12:51 AM","6:22","Jordan  Alley Oop Dunk (16 PTS) (Griffin 9 AST)",null,null,"88 - 80","-8"],["0041400162",442,2,1,4,"12:51 AM","5:56",null,null,"MISS Duncan 9' Jump Shot",null,null],["0041400162",443,4,0,4,"12:51 AM","5:55","Jordan REBOUND (Off:3 Def:8)",null,null,null,null],["0041400162",444,6,2,4,"12:52 AM","5:44",null,null,"Duncan S.FOUL (P2.T3) (R.Garretson)",null,null],["0041400162",445,3,11,4,"12:52 AM","5:44","MISS Jordan Free Throw 1 of 2",null,null,null,null],["0041400162",446,4,1,4,"12:52 AM","5:44","CLIPPERS Rebound",null,null,null,null],["0041400162",447,3,12,4,"12:52 AM","5:44","MISS Jordan Free Throw 2 of 2",null,null,null,null],["0041400162",449,4,0,4,"12:53 AM","5:43",null,null,"Leonard REBOUND (Off:2 Def:6)",null,null],["0041400162",451,2,5,4,"12:53 AM","5:27",null,null,"MISS Duncan 2' Layup",null,null],["0041400162",452,4,0,4,"12:53 AM","5:25","Jordan REBOUND (Off:3 Def:9)",null,null,null,null],["0041400162",453,6,1,4,"12:53 AM","5:23",null,null,"Green P.FOUL (P2.T4) (R.Garretson)",null,null],["0041400162",454,1,1,4,"12:53 AM","5:17","Redick 27' 3PT Jump Shot (8 PTS) (Griffin 10 AST)",null,null,"88 - 83","-5"],["0041400162",455,9,1,4,"12:54 AM","5:10",null,null,"Spurs Timeout: Regular (Reg.4 Short 0)",null,null],["0041400162",457,6,11,4,"12:54 AM","5:10",null,null,null,null,null],["0041400162",459,8,0,4,"12:57 AM","5:10",null,null,"SUB: Mills FOR Parker",null,null],["0041400162",460,3,16,4,"12:57 AM","5:10","MISS Redick Free Throw Technical",null,null,null,null],["0041400162",461,4,1,4,"12:57 AM","5:10",null,null,"Spurs Rebound",null,null],["0041400162",462,2,1,4,"12:58 AM","4:51",null,null,"MISS Diaw 25' 3PT Jump Shot",null,null],["0041400162",463,4,0,4,"12:58 AM","4:51","CLIPPERS Rebound",null,null,null,null],["0041400162",464,6,28,4,"12:58 AM","4:51",null,null,"Duncan Personal Take Foul (P3.PN) (S.Wright)",null,null],["0041400162",465,3,11,4,"12:59 AM","4:51","MISS Jordan Free Throw 1 of 2",null,null,null,null],["0041400162",466,4,1,4,"12:59 AM","4:51","CLIPPERS Rebound",null,null,null,null],["0041400162",467,8,0,4,"12:59 AM","4:51",null,null,"SUB: Ginobili FOR Green",null,null],["0041400162",468,3,12,4,"12:59 AM","4:51","MISS Jordan Free Throw 2 of 2",null,null,null,null],["0041400162",470,4,0,4,"12:59 AM","4:48","Griffin REBOUND (Off:3 Def:5)",null,null,null,null],["0041400162",472,2,1,4,"1:00 AM","4:28","MISS Griffin 21' Jump Shot",null,null,null,null],["0041400162",474,4,0,4,"1:00 AM","4:27","Jordan REBOUND (Off:4 Def:9)",null,null,null,null],["0041400162",473,2,4,4,"1:00 AM","4:27","MISS Jordan 3' Tip Shot",null,null,null,null],["0041400162",475,4,0,4,"1:00 AM","4:24","Paul REBOUND (Off:1 Def:5)",null,null,null,null],["0041400162",476,6,28,4,"1:00 AM","4:23",null,null,"Ginobili Personal Take Foul (P5.PN) (R.Garretson)",null,null],["0041400162",477,3,11,4,"1:01 AM","4:23","MISS Jordan Free Throw 1 of 2",null,null,null,null],["0041400162",478,4,1,4,"1:01 AM","4:23","CLIPPERS Rebound",null,null,null,null],["0041400162",479,3,12,4,"1:01 AM","4:23","Jordan Free Throw 2 of 2 (17 PTS)",null,null,"88 - 84","-4"],["0041400162",481,2,1,4,"1:01 AM","4:06",null,null,"MISS Leonard 6' Jump Shot",null,null],["0041400162",482,4,0,4,"1:02 AM","4:05","Griffin REBOUND (Off:3 Def:6)",null,null,null,null],["0041400162",483,6,28,4,"1:02 AM","4:01",null,null,"Duncan Personal Take Foul (P4.PN) (J.Crawford)",null,null],["0041400162",484,3,11,4,"1:02 AM","4:01","Jordan Free Throw 1 of 2 (18 PTS)",null,null,"88 - 85","-3"],["0041400162",486,3,12,4,"1:02 AM","4:01","Jordan Free Throw 2 of 2 (19 PTS)",null,null,"88 - 86","-2"],["0041400162",488,5,1,4,"1:03 AM","3:52","Barnes STEAL (1 STL)",null,"Ginobili Bad Pass Turnover (P2.T7)",null,null],["0041400162",489,6,28,4,"1:03 AM","3:52",null,null,"Ginobili Personal Take Foul (P6.PN) (S.Wright)",null,null],["0041400162",490,8,0,4,"1:03 AM","3:52",null,null,"SUB: Belinelli FOR Ginobili",null,null],["0041400162",491,18,0,4,"1:03 AM","3:52",null,null,null,null,null],["0041400162",493,3,11,4,"1:04 AM","3:52","Barnes Free Throw 1 of 2 (4 PTS)",null,null,"88 - 87","-1"],["0041400162",495,3,12,4,"1:05 AM","3:52","MISS Barnes Free Throw 2 of 2",null,null,null,null],["0041400162",497,4,0,4,"1:05 AM","3:51",null,null,"Diaw REBOUND (Off:1 Def:5)",null,null],["0041400162",498,2,5,4,"1:05 AM","3:28",null,null,"MISS Duncan 3' Layup",null,null],["0041400162",500,4,0,4,"1:05 AM","3:26",null,null,"Diaw REBOUND (Off:2 Def:5)",null,null],["0041400162",499,1,4,4,"1:05 AM","3:26",null,null,"Diaw 2' Tip Shot (12 PTS)","90 - 87","-3"],["0041400162",501,6,1,4,"1:06 AM","3:17",null,null,"Diaw P.FOUL (P3.PN) (J.Crawford)",null,null],["0041400162",502,3,11,4,"1:06 AM","3:17","Jordan Free Throw 1 of 2 (20 PTS)",null,null,"90 - 88","-2"],["0041400162",504,3,12,4,"1:06 AM","3:17","MISS Jordan Free Throw 2 of 2",null,null,null,null],["0041400162",506,4,0,4,"1:07 AM","3:14","Jordan REBOUND (Off:5 Def:9)",null,null,null,null],["0041400162",507,6,2,4,"1:07 AM","3:12",null,null,"Duncan S.FOUL (P5.PN) (R.Garretson)",null,null],["0041400162",508,3,11,4,"1:07 AM","3:12","MISS Barnes Free Throw 1 of 2",null,null,null,null],["0041400162",509,4,1,4,"1:07 AM","3:12","CLIPPERS Rebound",null,null,null,null],["0041400162",510,3,12,4,"1:07 AM","3:12","MISS Barnes Free Throw 2 of 2",null,null,null,null],["0041400162",512,4,0,4,"1:08 AM","3:10","Barnes REBOUND (Off:4 Def:5)",null,null,null,null],["0041400162",513,2,1,4,"1:08 AM","3:07","MISS Barnes 6' Jump Shot",null,null,null,null],["0041400162",514,4,0,4,"1:08 AM","3:05","Barnes REBOUND (Off:5 Def:5)",null,null,null,null],["0041400162",515,2,5,4,"1:08 AM","3:02","MISS Barnes 1' Layup",null,"Duncan BLOCK (1 BLK)",null,null],["0041400162",516,4,0,4,"1:08 AM","3:00",null,null,"Mills REBOUND (Off:0 Def:2)",null,null],["0041400162",517,2,1,4,"1:08 AM","2:51",null,null,"MISS Belinelli 25' 3PT Jump Shot",null,null],["0041400162",518,4,0,4,"1:08 AM","2:51","CLIPPERS Rebound",null,null,null,null],["0041400162",519,6,28,4,"1:08 AM","2:50",null,null,"Diaw Personal Take Foul (P4.PN) (S.Wright)",null,null],["0041400162",521,3,11,4,"1:09 AM","2:50","MISS Jordan Free Throw 1 of 2",null,null,null,null],["0041400162",522,4,1,4,"1:09 AM","2:50","CLIPPERS Rebound",null,null,null,null],["0041400162",523,3,12,4,"1:09 AM","2:50","MISS Jordan Free Throw 2 of 2",null,null,null,null],["0041400162",525,4,0,4,"1:09 AM","2:48",null,null,"Duncan REBOUND (Off:1 Def:10)",null,null],["0041400162",526,2,1,4,"1:10 AM","2:29",null,null,"MISS Mills 25' 3PT Jump Shot",null,null],["0041400162",527,4,0,4,"1:10 AM","2:29","Paul REBOUND (Off:1 Def:6)",null,null,null,null],["0041400162",528,2,1,4,"1:10 AM","2:23","MISS Redick 21' Jump Shot",null,null,null,null],["0041400162",529,4,0,4,"1:10 AM","2:21",null,null,"Diaw REBOUND (Off:2 Def:6)",null,null],["0041400162",530,5,1,4,"1:10 AM","2:07","Redick STEAL (1 STL)",null,"Duncan Bad Pass Turnover (P1.T8)",null,null],["0041400162",532,6,2,4,"1:10 AM","2:03",null,null,"Belinelli S.FOUL (P2.PN) (R.Garretson)",null,null],["0041400162",533,3,11,4,"1:10 AM","2:03","Redick Free Throw 1 of 2 (9 PTS)",null,null,"90 - 89","-1"],["0041400162",536,3,12,4,"1:11 AM","2:03","Redick Free Throw 2 of 2 (10 PTS)",null,null,"90 - 90","TIE"],["0041400162",539,6,1,4,"1:11 AM","1:48","Jordan P.FOUL (P3.T2) (J.Crawford)",null,null,null,null],["0041400162",540,1,63,4,"1:12 AM","1:36",null,null,"Belinelli 20' Fadeaway Jumper (9 PTS) (Duncan 4 AST)","92 - 90","-2"],["0041400162",541,1,5,4,"1:12 AM","1:20","Griffin 2' Layup (25 PTS)",null,null,"92 - 92","TIE"],["0041400162",542,2,58,4,"1:13 AM","0:59","Jordan BLOCK (3 BLK)",null,"MISS Duncan 7' Turnaround Hook Shot",null,null],["0041400162",543,4,0,4,"1:13 AM","0:57","Redick REBOUND (Off:0 Def:4)",null,null,null,null],["0041400162",544,6,1,4,"1:13 AM","0:50",null,null,"Mills P.FOUL (P4.PN) (R.Garretson)",null,null],["0041400162",545,3,11,4,"1:13 AM","0:50","Paul Free Throw 1 of 2 (17 PTS)",null,null,"92 - 93","1"],["0041400162",546,3,12,4,"1:13 AM","0:50","Paul Free Throw 2 of 2 (18 PTS)",null,null,"92 - 94","2"],["0041400162",548,9,2,4,"1:14 AM","0:50",null,null,"Spurs Timeout: Short (Reg.4 Short 1)",null,null],["0041400162",550,2,1,4,"1:15 AM","0:46",null,null,"MISS Leonard 12' Jump Shot",null,null],["0041400162",551,4,0,4,"1:15 AM","0:43",null,null,"Mills REBOUND (Off:1 Def:2)",null,null],["0041400162",552,5,1,4,"1:15 AM","0:32","Barnes STEAL (2 STL)",null,"Belinelli Bad Pass Turnover (P1.T9)",null,null],["0041400162",553,5,2,4,"1:16 AM","0:11","Griffin Lost Ball Turnover (P4.T10)",null,"Diaw STEAL (1 STL)",null,null],["0041400162",554,6,2,4,"1:16 AM","0:08","Paul S.FOUL (P4.PN) (J.Crawford)",null,null,null,null],["0041400162",555,3,11,4,"1:16 AM","0:08",null,null,"Mills Free Throw 1 of 2 (9 PTS)","93 - 94","1"],["0041400162",557,3,12,4,"1:16 AM","0:08",null,null,"Mills Free Throw 2 of 2 (10 PTS)","94 - 94","TIE"],["0041400162",559,9,1,4,"1:17 AM","0:08","CLIPPERS Timeout: Regular (Full 5 Short 2)",null,null,null,null],["0041400162",561,8,0,4,"1:18 AM","0:08",null,null,"SUB: Joseph FOR Diaw",null,null],["0041400162",562,8,0,4,"1:18 AM","0:08",null,null,"SUB: Green FOR Belinelli",null,null],["0041400162",563,8,0,4,"1:18 AM","0:08","SUB: Crawford FOR Jordan",null,null,null,null],["0041400162",564,2,1,4,"1:19 AM","0:01","MISS Paul 19' Jump Shot",null,null,null,null],["0041400162",566,4,0,4,"1:19 AM","0:00","Griffin REBOUND (Off:4 Def:6)",null,null,null,null],["0041400162",565,2,4,4,"1:19 AM","0:00","MISS Griffin 1' Tip Shot",null,null,null,null],["0041400162",567,4,0,4,"1:19 AM","0:00","CLIPPERS Rebound",null,null,null,null],["0041400162",568,13,0,4,"1:19 AM","0:00",null,null,null,"94 - 94","TIE"],["0041400162",570,12,0,5,"1:22 AM","5:00",null,null,null,"94 - 94","TIE"],["0041400162",571,10,0,5,"1:22 AM","5:00","Jump Ball Jordan vs. Duncan: Tip to Paul",null,null,null,null],["0041400162",572,2,1,5,"1:23 AM","4:35","MISS Redick 24' 3PT Jump Shot",null,null,null,null],["0041400162",573,4,0,5,"1:23 AM","4:34",null,null,"Green REBOUND (Off:0 Def:1)",null,null],["0041400162",574,1,1,5,"1:23 AM","4:18",null,null,"Green 24' 3PT Jump Shot (9 PTS) (Leonard 2 AST)","97 - 94","-3"],["0041400162",575,2,3,5,"1:23 AM","3:57","MISS Griffin 6' Hook Shot",null,null,null,null],["0041400162",576,4,0,5,"1:23 AM","3:56","Griffin REBOUND (Off:5 Def:6)",null,null,null,null],["0041400162",577,6,2,5,"1:23 AM","3:56",null,null,"Leonard S.FOUL (P2.T1) (J.Crawford)",null,null],["0041400162",578,3,11,5,"1:23 AM","3:56","Griffin Free Throw 1 of 2 (26 PTS)",null,null,"97 - 95","-2"],["0041400162",580,3,12,5,"1:24 AM","3:56","Griffin Free Throw 2 of 2 (27 PTS)",null,null,"97 - 96","-1"],["0041400162",582,1,1,5,"1:24 AM","3:46",null,null,"Mills 20' Jump Shot (12 PTS)","99 - 96","-3"],["0041400162",583,1,88,5,"1:25 AM","3:22","Griffin  Driving Slam Dunk (29 PTS) (Redick 2 AST)",null,null,"99 - 98","-1"],["0041400162",584,1,58,5,"1:25 AM","3:02",null,null,"Duncan 10' Turnaround Hook Shot (26 PTS) (Diaw 4 AST)","101 - 98","-3"],["0041400162",585,5,1,5,"1:26 AM","2:46","Paul Bad Pass Turnover (P3.T11)",null,null,null,null],["0041400162",586,2,1,5,"1:26 AM","2:38",null,null,"MISS Leonard 3' Jump Shot",null,null],["0041400162",587,4,0,5,"1:26 AM","2:36","Paul REBOUND (Off:1 Def:7)",null,null,null,null],["0041400162",588,1,1,5,"1:26 AM","2:31","Redick 27' 3PT Jump Shot (13 PTS) (Paul 7 AST)",null,null,"101 - 101","TIE"],["0041400162",589,2,1,5,"1:26 AM","2:10",null,null,"MISS Duncan 7' Jump Shot",null,null],["0041400162",590,4,0,5,"1:26 AM","2:08","Jordan REBOUND (Off:5 Def:10)",null,null,null,null],["0041400162",593,2,45,5,"1:27 AM","1:56","MISS Griffin 5' Jump Shot",null,null,null,null],["0041400162",609,4,0,5,"1:27 AM","1:42",null,null,"Spurs Rebound",null,null],["0041400162",605,6,3,5,"1:27 AM","1:42","Griffin L.B.FOUL (P2.T1) (J.Crawford)",null,null,null,null],["0041400162",596,1,1,5,"1:27 AM","1:42",null,null,"Duncan 13' Jump Shot (28 PTS) (Diaw 5 AST)","103 - 101","-2"],["0041400162",597,2,1,5,"1:28 AM","1:28","MISS Barnes 26' 3PT Jump Shot",null,null,null,null],["0041400162",599,4,0,5,"1:28 AM","1:26",null,null,"Leonard REBOUND (Off:2 Def:7)",null,null],["0041400162",600,1,42,5,"1:28 AM","1:24",null,null,"Mills 1' Driving Layup (14 PTS) (Leonard 3 AST)","105 - 101","-4"],["0041400162",601,9,1,5,"1:28 AM","1:24","CLIPPERS Timeout: Regular (Full 6 Short 2)",null,null,null,null],["0041400162",604,5,1,5,"1:31 AM","1:11","Griffin Bad Pass Turnover (P5.T12)",null,"Diaw STEAL (2 STL)",null,null],["0041400162",606,1,5,5,"1:31 AM","0:56",null,null,"Leonard 2' Layup (23 PTS) (Diaw 6 AST)","107 - 101","-6"],["0041400162",607,9,2,5,"1:31 AM","0:56","CLIPPERS Timeout: Short (Full 6 Short 3)",null,null,null,null],["0041400162",608,8,0,5,"1:32 AM","0:56","SUB: Crawford FOR Barnes",null,null,null,null],["0041400162",611,1,1,5,"1:32 AM","0:44","Paul 27' 3PT Jump Shot (21 PTS)",null,null,"107 - 104","-3"],["0041400162",612,2,1,5,"1:33 AM","0:19",null,null,"MISS Duncan 28' 3PT Jump Shot",null,null],["0041400162",613,4,0,5,"1:33 AM","0:18","Griffin REBOUND (Off:5 Def:7)",null,null,null,null],["0041400162",615,2,1,5,"1:33 AM","0:13","MISS Redick 28' 3PT Jump Shot",null,null,null,null],["0041400162",616,4,0,5,"1:33 AM","0:12",null,null,"Diaw REBOUND (Off:2 Def:7)",null,null],["0041400162",617,6,28,5,"1:33 AM","0:11","Paul Personal Take Foul (P5.PN) (S.Wright)",null,null,null,null],["0041400162",619,3,11,5,"1:33 AM","0:11",null,null,"Mills Free Throw 1 of 2 (15 PTS)","108 - 104","-4"],["0041400162",622,3,12,5,"1:34 AM","0:11",null,null,"Mills Free Throw 2 of 2 (16 PTS)","109 - 104","-5"],["0041400162",624,9,2,5,"1:34 AM","0:11","CLIPPERS Timeout: Short (Full 6 Short 4)",null,null,null,null],["0041400162",627,8,0,5,"1:35 AM","0:11",null,null,"SUB: Joseph FOR Mills",null,null],["0041400162",629,6,1,5,"1:36 AM","0:09",null,null,"Green P.FOUL (P3.T2) (S.Wright)",null,null],["0041400162",630,1,1,5,"1:36 AM","0:05","Redick 27' 3PT Jump Shot (16 PTS) (Griffin 11 AST)",null,null,"109 - 107","-2"],["0041400162",631,9,1,5,"1:36 AM","0:05",null,null,"Spurs Timeout: Regular (Reg.5 Short 1)",null,null],["0041400162",633,8,0,5,"1:38 AM","0:05",null,null,"SUB: Mills FOR Joseph",null,null],["0041400162",634,8,0,5,"1:38 AM","0:05","SUB: Jones FOR Paul",null,null,null,null],["0041400162",635,6,28,5,"1:38 AM","0:04","Jones Personal Take Foul (P1.PN) (J.Crawford)",null,null,null,null],["0041400162",636,3,11,5,"1:38 AM","0:04",null,null,"Mills Free Throw 1 of 2 (17 PTS)","110 - 107","-3"],["0041400162",638,8,0,5,"1:39 AM","0:04",null,null,"SUB: Joseph FOR Duncan",null,null],["0041400162",639,8,0,5,"1:39 AM","0:04","SUB: Paul FOR Jones",null,null,null,null],["0041400162",640,8,0,5,"1:39 AM","0:04","SUB: Barnes FOR Jordan",null,null,null,null],["0041400162",641,3,12,5,"1:39 AM","0:04",null,null,"Mills Free Throw 2 of 2 (18 PTS)","111 - 107","-4"],["0041400162",643,2,1,5,"1:39 AM","0:02","MISS Griffin 25' 3PT Jump Shot",null,null,null,null],["0041400162",644,4,0,5,"1:39 AM","0:00","CLIPPERS Rebound",null,null,null,null],["0041400162",645,13,0,5,"1:39 AM","0:00",null,null,null,"111 - 107","-4"]]},{"name":"AvailableVideo","headers":["VIDEO_AVAILABLE_FLAG"],"rowSet":[[1]]}]}