{"resource":"playbyplay","parameters":{"GameID":"0041400103","StartPeriod":0,"EndPeriod":14},"resultSets":[{"name":"PlayByPlay","headers":["GAME_ID","EVENTNUM","EVENTMSGTYPE","EVENTMSGACTIONTYPE","PERIOD","WCTIMESTRING","PCTIMESTRING","HOMEDESCRIPTION","NEUTRALDESCRIPTION","VISITORDESCRIPTION","SCORE","SCOREMARGIN"],"rowSet":[["0041400103",0,12,0,1,"3:11 PM","12:00",null,null,null,null,null],["0041400103",1,10,0,1,"3:11 PM","12:00","Jump Ball Lopez vs. Horford: Tip to D. Williams",null,null,null,null],["0041400103",2,2,73,1,"3:12 PM","11:43","MISS D. Williams 2' Driving Reverse Layup",null,null,null,null],["0041400103",3,4,0,1,"3:12 PM","11:42",null,null,"Millsap REBOUND (Off:0 Def:1)",null,null],["0041400103",4,1,73,1,"3:12 PM","11:19",null,null,"Horford 3' Driving Reverse Layup (2 PTS) (Teague 1 AST)","2 - 0","-2"],["0041400103",5,2,46,1,"3:13 PM","10:51","MISS Johnson 4' Running Jump Shot",null,null,null,null],["0041400103",6,4,0,1,"3:13 PM","10:50","Lopez REBOUND (Off:1 Def:0)",null,null,null,null],["0041400103",7,2,5,1,"3:13 PM","10:49","MISS Lopez 1' Layup",null,"Korver BLOCK (1 BLK)",null,null],["0041400103",8,4,0,1,"3:13 PM","10:48","Lopez REBOUND (Off:2 Def:0)",null,null,null,null],["0041400103",9,2,40,1,"3:13 PM","10:47","MISS Lopez 2' Layup",null,"Korver BLOCK (2 BLK)",null,null],["0041400103",10,4,0,1,"3:13 PM","10:45","Johnson REBOUND (Off:1 Def:0)",null,null,null,null],["0041400103",11,1,1,1,"3:13 PM","10:42","Bogdanovic 25' 3PT Jump Shot (3 PTS) (Johnson 1 AST)",null,null,"2 - 3","1"],["0041400103",12,2,5,1,"3:13 PM","10:36",null,null,"MISS Millsap 2' Layup",null,null],["0041400103",13,4,0,1,"3:13 PM","10:35","D. Williams REBOUND (Off:0 Def:1)",null,null,null,null],["0041400103",14,1,46,1,"3:13 PM","10:26","Young 10' Running Jump Shot (2 PTS) (D. Williams 1 AST)",null,null,"2 - 5","3"],["0041400103",15,2,1,1,"3:13 PM","10:10",null,null,"MISS Horford 17' Jump Shot",null,null],["0041400103",16,4,0,1,"3:13 PM","10:09","D. Williams REBOUND (Off:0 Def:2)",null,null,null,null],["0041400103",17,1,1,1,"3:13 PM","10:00","Johnson 20' Jump Shot (2 PTS) (D. Williams 2 AST)",null,null,"2 - 7","5"],["0041400103",18,2,1,1,"3:14 PM","9:34",null,null,"MISS Horford  3PT Jump Shot",null,null],["0041400103",19,4,0,1,"3:14 PM","9:32",null,null,"Hawks Rebound",null,null],["0041400103",20,10,0,1,"3:14 PM","9:32","Jump Ball Lopez vs. Horford: Tip to Millsap",null,null,null,null],["0041400103",21,2,82,1,"3:14 PM","9:22",null,null,"MISS Millsap 5' Driving Bank Shot",null,null],["0041400103",22,4,0,1,"3:14 PM","9:21","Lopez REBOUND (Off:2 Def:1)",null,null,null,null],["0041400103",23,1,1,1,"3:15 PM","9:13","D. Williams 25' 3PT Jump Shot (3 PTS) (Bogdanovic 1 AST)",null,null,"2 - 10","8"],["0041400103",24,9,1,1,"3:15 PM","9:13",null,null,"Hawks Timeout: Regular (Reg.1 Short 0)",null,null],["0041400103",26,5,1,1,"3:18 PM","8:50","D. Williams STEAL (1 STL)",null,"Carroll Bad Pass Turnover (P1.T1)",null,null],["0041400103",27,2,1,1,"3:18 PM","8:42","MISS Bogdanovic  3PT Jump Shot",null,null,null,null],["0041400103",28,4,0,1,"3:18 PM","8:41",null,null,"Korver REBOUND (Off:0 Def:1)",null,null],["0041400103",29,5,2,1,"3:19 PM","8:30","Johnson STEAL (1 STL)",null,"Horford Lost Ball Turnover (P1.T2)",null,null],["0041400103",30,6,2,1,"3:19 PM","8:13",null,null,"Teague S.FOUL (P1.T1) (R.Garretson)",null,null],["0041400103",31,3,11,1,"3:19 PM","8:13","MISS Lopez Free Throw 1 of 2",null,null,null,null],["0041400103",32,4,1,1,"3:19 PM","8:13","NETS Rebound",null,null,null,null],["0041400103",33,3,12,1,"3:19 PM","8:13","Lopez Free Throw 2 of 2 (1 PTS)",null,null,"2 - 11","9"],["0041400103",35,5,1,1,"3:20 PM","8:00",null,null,"Teague Bad Pass Turnover (P1.T3)",null,null],["0041400103",36,5,1,1,"3:20 PM","7:51","D. Williams Bad Pass Turnover (P1.T1)",null,null,null,null],["0041400103",37,6,1,1,"3:21 PM","7:41","Young P.FOUL (P1.T1) (T.Brown)",null,null,null,null],["0041400103",38,3,11,1,"3:21 PM","7:41",null,null,"MISS Horford Free Throw 1 of 2",null,null],["0041400103",39,4,1,1,"3:21 PM","7:41",null,null,"Hawks Rebound",null,null],["0041400103",40,3,12,1,"3:21 PM","7:41",null,null,"Horford Free Throw 2 of 2 (3 PTS)","3 - 11","8"],["0041400103",42,1,5,1,"3:21 PM","7:31","Lopez 3' Layup (3 PTS) (D. Williams 3 AST)",null,null,"3 - 13","10"],["0041400103",43,6,2,1,"3:21 PM","7:31",null,null,"Millsap S.FOUL (P1.T2) (J.Crawford)",null,null],["0041400103",44,3,10,1,"3:22 PM","7:31","Lopez Free Throw 1 of 1 (4 PTS)",null,null,"3 - 14","11"],["0041400103",46,2,42,1,"3:22 PM","7:25",null,null,"MISS Teague 2' Driving Layup",null,null],["0041400103",47,4,0,1,"3:22 PM","7:23",null,null,"Horford REBOUND (Off:1 Def:0)",null,null],["0041400103",48,2,1,1,"3:22 PM","7:21",null,null,"MISS Horford 4' Jump Shot",null,null],["0041400103",49,4,0,1,"3:22 PM","7:20",null,null,"Teague REBOUND (Off:1 Def:0)",null,null],["0041400103",50,2,78,1,"3:22 PM","6:57",null,null,"MISS Carroll 7' Floating Jump Shot",null,null],["0041400103",51,4,0,1,"3:22 PM","6:56","Lopez REBOUND (Off:2 Def:2)",null,null,null,null],["0041400103",52,2,1,1,"3:23 PM","6:43","MISS Johnson 25' 3PT Jump Shot",null,null,null,null],["0041400103",53,4,0,1,"3:23 PM","6:42","Bogdanovic REBOUND (Off:1 Def:0)",null,null,null,null],["0041400103",54,2,1,1,"3:23 PM","6:32","MISS Young 16' Jump Shot",null,null,null,null],["0041400103",55,4,0,1,"3:23 PM","6:31",null,null,"Millsap REBOUND (Off:0 Def:2)",null,null],["0041400103",56,1,5,1,"3:23 PM","6:26",null,null,"Carroll 2' Layup (2 PTS) (Millsap 1 AST)","5 - 14","9"],["0041400103",57,1,80,1,"3:23 PM","6:08","Bogdanovic 17' Step Back Jump Shot (5 PTS)",null,null,"5 - 16","11"],["0041400103",58,2,1,1,"3:24 PM","5:47",null,null,"MISS Horford 15' Jump Shot",null,null],["0041400103",59,4,0,1,"3:24 PM","5:46","D. Williams REBOUND (Off:0 Def:3)",null,null,null,null],["0041400103",60,2,1,1,"3:24 PM","5:34","MISS Johnson 25' 3PT Jump Shot",null,null,null,null],["0041400103",61,4,0,1,"3:24 PM","5:33",null,null,"Millsap REBOUND (Off:0 Def:3)",null,null],["0041400103",62,6,1,1,"3:24 PM","5:25","Bogdanovic P.FOUL (P1.T2) (J.Crawford)",null,null,null,null],["0041400103",63,8,0,1,"3:24 PM","5:25",null,null,"SUB: Antic FOR Horford",null,null],["0041400103",64,1,1,1,"3:25 PM","5:11",null,null,"Carroll  3PT Jump Shot (5 PTS) (Korver 1 AST)","8 - 16","8"],["0041400103",65,2,1,1,"3:25 PM","4:54","MISS D. Williams 25' 3PT Jump Shot",null,null,null,null],["0041400103",66,4,0,1,"3:25 PM","4:53",null,null,"Korver REBOUND (Off:0 Def:2)",null,null],["0041400103",68,8,0,1,"3:25 PM","4:44",null,null,"SUB: Bazemore FOR Korver",null,null],["0041400103",69,1,75,1,"3:25 PM","4:39",null,null,"Antic 2' Driving Finger Roll Layup (2 PTS) (Bazemore 1 AST)","10 - 16","6"],["0041400103",70,5,2,1,"3:26 PM","4:19","Lopez Lost Ball Turnover (P1.T2)",null,"Millsap STEAL (1 STL)",null,null],["0041400103",71,5,2,1,"3:26 PM","4:09","Johnson STEAL (2 STL)",null,"Bazemore Lost Ball Turnover (P1.T4)",null,null],["0041400103",72,2,42,1,"3:26 PM","4:02","MISS Lopez 3' Driving Layup",null,null,null,null],["0041400103",73,4,0,1,"3:26 PM","4:01",null,null,"Millsap REBOUND (Off:0 Def:4)",null,null],["0041400103",74,1,5,1,"3:26 PM","3:46",null,null,"Bazemore 3' Layup (2 PTS) (Teague 2 AST)","12 - 16","4"],["0041400103",75,1,1,1,"3:27 PM","3:30","Bogdanovic 27' 3PT Jump Shot (8 PTS) (Johnson 2 AST)",null,null,"12 - 19","7"],["0041400103",76,2,78,1,"3:27 PM","3:22",null,null,"MISS Teague 5' Floating Jump Shot",null,null],["0041400103",77,4,0,1,"3:27 PM","3:21",null,null,"Carroll REBOUND (Off:1 Def:0)",null,null],["0041400103",78,1,72,1,"3:27 PM","3:19",null,null,"Carroll 2' Putback Layup (7 PTS)","14 - 19","5"],["0041400103",79,9,1,1,"3:27 PM","3:19","NETS Timeout: Regular (Full 1 Short 0)",null,null,null,null],["0041400103",81,8,0,1,"3:30 PM","3:19","SUB: Anderson FOR Johnson",null,null,null,null],["0041400103",82,8,0,1,"3:30 PM","3:19",null,null,"SUB: Schroder FOR Teague",null,null],["0041400103",83,8,0,1,"3:31 PM","3:19",null,null,"SUB: Korver FOR Carroll",null,null],["0041400103",84,1,1,1,"3:31 PM","2:54","Bogdanovic  3PT Jump Shot (11 PTS) (Anderson 1 AST)",null,null,"14 - 22","8"],["0041400103",85,6,2,1,"3:31 PM","2:48","Bogdanovic S.FOUL (P2.T3) (T.Brown)",null,null,null,null],["0041400103",86,3,11,1,"3:32 PM","2:48",null,null,"Bazemore Free Throw 1 of 2 (3 PTS)","15 - 22","7"],["0041400103",88,8,0,1,"3:32 PM","2:48","SUB: Jack FOR Bogdanovic",null,null,null,null],["0041400103",89,3,12,1,"3:32 PM","2:48",null,null,"Bazemore Free Throw 2 of 2 (4 PTS)","16 - 22","6"],["0041400103",91,5,40,1,"3:32 PM","2:42","D. Williams Out of Bounds Lost Ball Turnover (P2.T3)",null,null,null,null],["0041400103",92,2,1,1,"3:32 PM","2:33",null,null,"MISS Korver 13' Jump Shot",null,null],["0041400103",93,4,0,1,"3:32 PM","2:32",null,null,"Millsap REBOUND (Off:1 Def:4)",null,null],["0041400103",94,2,4,1,"3:32 PM","2:31",null,null,"MISS Millsap 2' Tip Shot",null,null],["0041400103",95,4,0,1,"3:32 PM","2:30","Lopez REBOUND (Off:2 Def:3)",null,null,null,null],["0041400103",96,1,73,1,"3:32 PM","2:21","Anderson 2' Driving Reverse Layup (2 PTS) (Young 1 AST)",null,null,"16 - 24","8"],["0041400103",97,5,1,1,"3:33 PM","2:03","Young STEAL (1 STL)",null,"Bazemore Bad Pass Turnover (P2.T5)",null,null],["0041400103",98,6,2,1,"3:33 PM","1:51",null,null,"Bazemore S.FOUL (P1.T3) (J.Crawford)",null,null],["0041400103",99,3,11,1,"3:33 PM","1:51","MISS Lopez Free Throw 1 of 2",null,null,null,null],["0041400103",100,4,1,1,"3:33 PM","1:51","NETS Rebound",null,null,null,null],["0041400103",101,8,0,1,"3:33 PM","1:51",null,null,"SUB: Horford FOR Millsap",null,null],["0041400103",102,3,12,1,"3:34 PM","1:51","Lopez Free Throw 2 of 2 (5 PTS)",null,null,"16 - 25","9"],["0041400103",104,2,1,1,"3:34 PM","1:35",null,null,"MISS Schroder 25' 3PT Jump Shot",null,null],["0041400103",105,4,0,1,"3:34 PM","1:33","Young REBOUND (Off:0 Def:1)",null,null,null,null],["0041400103",106,1,5,1,"3:34 PM","1:21","Young 3' Layup (4 PTS)",null,null,"16 - 27","11"],["0041400103",107,2,42,1,"3:34 PM","1:13",null,null,"MISS Schroder 2' Driving Layup",null,null],["0041400103",108,4,0,1,"3:35 PM","1:12","Lopez REBOUND (Off:2 Def:4)",null,null,null,null],["0041400103",109,6,2,1,"3:35 PM","1:03",null,null,"Korver S.FOUL (P1.PN) (R.Garretson)",null,null],["0041400103",110,3,11,1,"3:35 PM","1:03","Young Free Throw 1 of 2 (5 PTS)",null,null,"16 - 28","12"],["0041400103",112,3,12,1,"3:35 PM","1:03","Young Free Throw 2 of 2 (6 PTS)",null,null,"16 - 29","13"],["0041400103",114,2,1,1,"3:36 PM","0:37",null,null,"MISS Bazemore  3PT Jump Shot",null,null],["0041400103",115,4,0,1,"3:36 PM","0:37","D. Williams REBOUND (Off:0 Def:4)",null,null,null,null],["0041400103",116,1,7,1,"3:36 PM","0:26","Lopez  Dunk (7 PTS) (Jack 1 AST)",null,null,"16 - 31","15"],["0041400103",117,2,1,1,"3:36 PM","0:07",null,null,"MISS Antic 27' 3PT Jump Shot",null,null],["0041400103",118,4,0,1,"3:36 PM","0:05","Lopez REBOUND (Off:2 Def:5)",null,null,null,null],["0041400103",119,2,1,1,"3:37 PM","0:01","MISS D. Williams 30' 3PT Jump Shot",null,null,null,null],["0041400103",120,4,0,1,"3:37 PM","0:00","NETS Rebound",null,null,null,null],["0041400103",121,13,0,1,"3:37 PM","0:00",null,null,null,"16 - 31","15"],["0041400103",123,12,0,2,"3:41 PM","12:00",null,null,null,"16 - 31","15"],["0041400103",124,2,1,2,"3:41 PM","11:47",null,null,"MISS Scott 25' 3PT Jump Shot",null,null],["0041400103",125,4,0,2,"3:41 PM","11:46",null,null,"Horford REBOUND (Off:2 Def:0)",null,null],["0041400103",126,1,1,2,"3:41 PM","11:41",null,null,"Korver 8' Jump Shot (2 PTS) (Horford 1 AST)","18 - 31","13"],["0041400103",127,2,47,2,"3:41 PM","11:21","MISS Johnson 8' Turnaround Jump Shot",null,null,null,null],["0041400103",128,4,0,2,"3:41 PM","11:19",null,null,"Scott REBOUND (Off:0 Def:1)",null,null],["0041400103",129,6,2,2,"3:42 PM","11:11","Teletovic S.FOUL (P1.T1) (T.Brown)",null,null,null,null],["0041400103",130,3,11,2,"3:42 PM","11:11",null,null,"MISS Schroder Free Throw 1 of 2",null,null],["0041400103",131,4,1,2,"3:42 PM","11:11",null,null,"Hawks Rebound",null,null],["0041400103",132,3,12,2,"3:42 PM","11:11",null,null,"Schroder Free Throw 2 of 2 (1 PTS)","19 - 31","12"],["0041400103",134,2,78,2,"3:42 PM","11:03","MISS Jack 13' Floating Jump Shot",null,null,null,null],["0041400103",135,4,0,2,"3:42 PM","11:02",null,null,"Hawks Rebound",null,null],["0041400103",136,2,1,2,"3:43 PM","10:54",null,null,"MISS Scott 25' 3PT Jump Shot",null,null],["0041400103",137,4,0,2,"3:43 PM","10:53","Johnson REBOUND (Off:1 Def:1)",null,null,null,null],["0041400103",138,1,1,2,"3:43 PM","10:38","Anderson 18' Jump Shot (4 PTS)",null,null,"19 - 33","14"],["0041400103",139,6,1,2,"3:43 PM","10:30","Anderson P.FOUL (P1.T2) (J.Crawford)",null,null,null,null],["0041400103",140,6,1,2,"3:44 PM","10:25","Plumlee P.FOUL (P1.T3) (J.Crawford)",null,null,null,null],["0041400103",141,1,5,2,"3:44 PM","10:22",null,null,"Horford 2' Layup (5 PTS) (Korver 2 AST)","21 - 33","12"],["0041400103",142,2,1,2,"3:44 PM","10:08","MISS Teletovic 26' 3PT Jump Shot",null,null,null,null],["0041400103",143,4,0,2,"3:44 PM","10:07","Plumlee REBOUND (Off:1 Def:0)",null,null,null,null],["0041400103",144,2,1,2,"3:44 PM","9:57","MISS Teletovic 24' 3PT Jump Shot",null,null,null,null],["0041400103",145,4,0,2,"3:44 PM","9:56",null,null,"Horford REBOUND (Off:2 Def:1)",null,null],["0041400103",146,2,1,2,"3:44 PM","9:42",null,null,"MISS Korver 27' 3PT Jump Shot",null,null],["0041400103",147,4,0,2,"3:44 PM","9:41","Teletovic REBOUND (Off:0 Def:1)",null,null,null,null],["0041400103",148,5,1,2,"3:45 PM","9:25","Anderson Bad Pass Turnover (P1.T4)",null,null,null,null],["0041400103",149,8,0,2,"3:45 PM","9:25",null,null,"SUB: Carroll FOR Bazemore",null,null],["0041400103",150,2,1,2,"3:45 PM","9:10",null,null,"MISS Schroder 24' 3PT Jump Shot",null,null],["0041400103",151,4,0,2,"3:45 PM","9:09","Johnson REBOUND (Off:1 Def:2)",null,null,null,null],["0041400103",152,2,63,2,"3:45 PM","8:52","MISS Teletovic 10' Fadeaway Jumper",null,null,null,null],["0041400103",153,4,0,2,"3:45 PM","8:51",null,null,"Scott REBOUND (Off:0 Def:2)",null,null],["0041400103",154,1,42,2,"3:46 PM","8:44",null,null,"Schroder 2' Driving Layup (3 PTS)","23 - 33","10"],["0041400103",155,2,42,2,"3:46 PM","8:25","MISS Plumlee 3' Driving Layup",null,"Horford BLOCK (1 BLK)",null,null],["0041400103",156,4,0,2,"3:46 PM","8:23",null,null,"Carroll REBOUND (Off:1 Def:1)",null,null],["0041400103",157,1,5,2,"3:46 PM","8:17",null,null,"Scott 2' Layup (2 PTS) (Korver 3 AST)","25 - 33","8"],["0041400103",158,9,1,2,"3:46 PM","8:15","NETS Timeout: Regular (Full 2 Short 0)",null,null,null,null],["0041400103",159,8,0,2,"3:49 PM","8:15","SUB: Lopez FOR Plumlee",null,null,null,null],["0041400103",160,8,0,2,"3:49 PM","8:15","SUB: Young FOR Teletovic",null,null,null,null],["0041400103",161,5,4,2,"3:50 PM","8:00","Lopez Traveling Turnover (P2.T5)",null,null,null,null],["0041400103",162,6,4,2,"3:50 PM","7:54",null,null,"Carroll OFF.Foul (P1) (R.Garretson)",null,null],["0041400103",163,5,5,2,"3:50 PM","7:54",null,null,"Carroll Foul Turnover (P2.T6)",null,null],["0041400103",164,8,0,2,"3:50 PM","7:54",null,null,"SUB: Teague FOR Korver",null,null],["0041400103",165,8,0,2,"3:50 PM","7:54","SUB: D. Williams FOR Anderson",null,null,null,null],["0041400103",166,2,1,2,"3:51 PM","7:31","MISS Johnson 27' 3PT Jump Shot",null,null,null,null],["0041400103",167,4,0,2,"3:51 PM","7:28",null,null,"Teague REBOUND (Off:1 Def:1)",null,null],["0041400103",168,2,1,2,"3:51 PM","7:23",null,null,"MISS Scott 26' 3PT Jump Shot",null,null],["0041400103",169,4,0,2,"3:51 PM","7:22","Young REBOUND (Off:0 Def:2)",null,null,null,null],["0041400103",170,1,57,2,"3:51 PM","7:09","Young 5' Driving Hook Shot (8 PTS) (D. Williams 4 AST)",null,null,"25 - 35","10"],["0041400103",172,1,1,2,"3:52 PM","6:46",null,null,"Carroll 25' 3PT Jump Shot (10 PTS) (Horford 2 AST)","28 - 35","7"],["0041400103",173,2,78,2,"3:52 PM","6:31","MISS Johnson 5' Floating Jump Shot",null,null,null,null],["0041400103",174,4,0,2,"3:52 PM","6:30","Young REBOUND (Off:1 Def:2)",null,null,null,null],["0041400103",175,1,1,2,"3:52 PM","6:22","Johnson 24' 3PT Jump Shot (5 PTS) (Jack 2 AST)",null,null,"28 - 38","10"],["0041400103",176,5,2,2,"3:53 PM","6:12","D. Williams STEAL (2 STL)",null,"Carroll Lost Ball Turnover (P3.T7)",null,null],["0041400103",177,2,5,2,"3:53 PM","6:05","MISS Young 3' Layup",null,null,null,null],["0041400103",178,4,0,2,"3:53 PM","6:04",null,null,"Scott REBOUND (Off:0 Def:3)",null,null],["0041400103",179,2,1,2,"3:53 PM","5:58",null,null,"MISS Teague 25' 3PT Jump Shot",null,null],["0041400103",180,4,0,2,"3:53 PM","5:56","Johnson REBOUND (Off:1 Def:3)",null,null,null,null],["0041400103",181,2,1,2,"3:53 PM","5:46","MISS D. Williams 25' 3PT Jump Shot",null,null,null,null],["0041400103",182,4,0,2,"3:53 PM","5:44","Johnson REBOUND (Off:2 Def:3)",null,null,null,null],["0041400103",183,6,2,2,"3:53 PM","5:43",null,null,"Carroll S.FOUL (P2.T1) (J.Crawford)",null,null],["0041400103",184,9,4,2,"3:54 PM","5:43",null,null,null,null,null],["0041400103",185,8,0,2,"3:56 PM","5:43","SUB: Bogdanovic FOR Jack",null,null,null,null],["0041400103",186,8,0,2,"3:56 PM","5:43",null,null,"SUB: Antic FOR Scott",null,null],["0041400103",187,8,0,2,"3:56 PM","5:43",null,null,"SUB: Millsap FOR Horford",null,null],["0041400103",188,3,11,2,"3:57 PM","5:43","Johnson Free Throw 1 of 2 (6 PTS)",null,null,"28 - 39","11"],["0041400103",190,3,12,2,"3:57 PM","5:43","MISS Johnson Free Throw 2 of 2",null,null,null,null],["0041400103",192,4,0,2,"3:57 PM","5:42",null,null,"Antic REBOUND (Off:0 Def:1)",null,null],["0041400103",193,1,1,2,"3:57 PM","5:27",null,null,"Antic 25' 3PT Jump Shot (5 PTS) (Millsap 2 AST)","31 - 39","8"],["0041400103",194,2,47,2,"3:58 PM","5:05","MISS Bogdanovic 11' Turnaround Jump Shot",null,null,null,null],["0041400103",195,4,0,2,"3:58 PM","5:04",null,null,"Millsap REBOUND (Off:1 Def:5)",null,null],["0041400103",196,1,1,2,"3:58 PM","4:44",null,null,"Millsap 11' Jump Shot (2 PTS) (Schroder 1 AST)","33 - 39","6"],["0041400103",197,2,78,2,"3:58 PM","4:33","MISS Lopez 11' Floating Jump Shot",null,null,null,null],["0041400103",198,4,0,2,"3:58 PM","4:32",null,null,"Carroll REBOUND (Off:1 Def:2)",null,null],["0041400103",199,2,86,2,"3:58 PM","4:15",null,null,"MISS Millsap 13' Turnaround Fadeaway Shot",null,null],["0041400103",200,4,0,2,"3:58 PM","4:14","Lopez REBOUND (Off:2 Def:6)",null,null,null,null],["0041400103",201,6,2,2,"3:59 PM","4:07",null,null,"Antic S.FOUL (P1.T2) (T.Brown)",null,null],["0041400103",202,3,11,2,"3:59 PM","4:07","Lopez Free Throw 1 of 2 (8 PTS)",null,null,"33 - 40","7"],["0041400103",204,3,12,2,"3:59 PM","4:07","Lopez Free Throw 2 of 2 (9 PTS)",null,null,"33 - 41","8"],["0041400103",206,5,40,2,"4:00 PM","3:57",null,null,"Schroder Out of Bounds Lost Ball Turnover (P1.T8)",null,null],["0041400103",207,5,2,2,"4:00 PM","3:39","Young Lost Ball Turnover (P1.T6)",null,"Millsap STEAL (2 STL)",null,null],["0041400103",209,7,2,2,"4:00 PM","3:35","Young Violation:Defensive Goaltending (T.Brown)",null,null,null,null],["0041400103",208,1,42,2,"4:00 PM","3:35",null,null,"Teague 2' Driving Layup (2 PTS) (Millsap 3 AST)","35 - 41","6"],["0041400103",210,1,57,2,"4:01 PM","3:18","Young 4' Driving Hook Shot (10 PTS) (Johnson 3 AST)",null,null,"35 - 43","8"],["0041400103",211,6,26,2,"4:01 PM","3:13",null,null,"Teague Offensive Charge Foul (P2.T3) (R.Garretson)",null,null],["0041400103",212,5,5,2,"4:01 PM","3:13",null,null,"Teague Foul Turnover (P2.T9)",null,null],["0041400103",213,7,1,2,"4:01 PM","3:13",null,null,"Hawks Violation: Delay of game Violation",null,null],["0041400103",214,2,42,2,"4:01 PM","2:58","MISS Young 2' Driving Layup",null,null,null,null],["0041400103",215,4,0,2,"4:01 PM","2:57",null,null,"Hawks Rebound",null,null],["0041400103",216,9,1,2,"4:02 PM","2:57",null,null,"Hawks Timeout: Regular (Reg.2 Short 0)",null,null],["0041400103",218,8,0,2,"4:04 PM","2:57",null,null,"SUB: Korver FOR Schroder",null,null],["0041400103",219,8,0,2,"4:04 PM","2:57",null,null,"SUB: Horford FOR Antic",null,null],["0041400103",220,1,1,2,"4:05 PM","2:38",null,null,"Millsap  3PT Jump Shot (5 PTS) (Korver 4 AST)","38 - 43","5"],["0041400103",221,6,1,2,"4:06 PM","2:19",null,null,"Korver P.FOUL (P2.T4) (J.Crawford)",null,null],["0041400103",222,2,5,2,"4:06 PM","2:06","MISS Lopez 2' Layup",null,"Millsap BLOCK (1 BLK)",null,null],["0041400103",223,4,0,2,"4:06 PM","2:05",null,null,"Millsap REBOUND (Off:1 Def:6)",null,null],["0041400103",224,6,1,2,"4:06 PM","2:04","Lopez P.FOUL (P1.T4) (T.Brown)",null,null,null,null],["0041400103",225,8,0,2,"4:06 PM","2:04","SUB: Anderson FOR Bogdanovic",null,null,null,null],["0041400103",226,2,1,2,"4:07 PM","1:53",null,null,"MISS Teague 26' 3PT Jump Shot",null,null],["0041400103",227,4,0,2,"4:07 PM","1:52","NETS Rebound",null,null,null,null],["0041400103",228,6,3,2,"4:07 PM","1:52",null,null,"Carroll L.B.FOUL (P3.PN) (T.Brown)",null,null],["0041400103",229,8,0,2,"4:07 PM","1:52",null,null,"SUB: Bazemore FOR Carroll",null,null],["0041400103",230,8,0,2,"4:07 PM","1:52","SUB: Jack FOR D. Williams",null,null,null,null],["0041400103",232,2,1,2,"4:08 PM","1:31","MISS Johnson 9' Jump Shot",null,null,null,null],["0041400103",233,4,0,2,"4:08 PM","1:30",null,null,"Horford REBOUND (Off:2 Def:2)",null,null],["0041400103",234,5,40,2,"4:08 PM","1:21",null,null,"Teague Out of Bounds Lost Ball Turnover (P3.T10)",null,null],["0041400103",235,1,1,2,"4:08 PM","1:03","Young 17' Jump Shot (12 PTS)",null,null,"38 - 45","7"],["0041400103",236,2,1,2,"4:09 PM","0:47",null,null,"MISS Teague 25' 3PT Jump Shot",null,null],["0041400103",237,4,0,2,"4:09 PM","0:46",null,null,"Millsap REBOUND (Off:2 Def:6)",null,null],["0041400103",241,2,55,2,"4:09 PM","0:45",null,null,"MISS Millsap 4' Hook Shot",null,null],["0041400103",240,4,0,2,"4:09 PM","0:44",null,null,"Millsap REBOUND (Off:3 Def:6)",null,null],["0041400103",238,6,2,2,"4:09 PM","0:43","Johnson S.FOUL (P1.PN) (J.Crawford)",null,null,null,null],["0041400103",239,3,11,2,"4:09 PM","0:43",null,null,"Millsap Free Throw 1 of 2 (6 PTS)","39 - 45","6"],["0041400103",243,8,0,2,"4:09 PM","0:43",null,null,"SUB: Schroder FOR Teague",null,null],["0041400103",244,8,0,2,"4:09 PM","0:43",null,null,"SUB: Mack FOR Korver",null,null],["0041400103",245,3,12,2,"4:09 PM","0:43",null,null,"Millsap Free Throw 2 of 2 (7 PTS)","40 - 45","5"],["0041400103",247,1,79,2,"4:10 PM","0:28","Anderson 13' Pullup Jump Shot (6 PTS) (Young 2 AST)",null,null,"40 - 47","7"],["0041400103",248,9,2,2,"4:10 PM","0:26",null,null,"Hawks Timeout: Short (Reg.2 Short 1)",null,null],["0041400103",250,8,0,2,"4:11 PM","0:26","SUB: Plumlee FOR Lopez",null,null,null,null],["0041400103",251,8,0,2,"4:11 PM","0:26",null,null,"SUB: Korver FOR Mack",null,null],["0041400103",252,5,11,2,"4:12 PM","0:04",null,null,"Hawks Turnover: Shot Clock (T#11)",null,null],["0041400103",253,9,2,2,"4:12 PM","0:04","NETS Timeout: Short (Full 2 Short 1)",null,null,null,null],["0041400103",255,8,0,2,"4:13 PM","0:04",null,null,"SUB: Antic FOR Korver",null,null],["0041400103",256,8,0,2,"4:13 PM","0:04","SUB: Lopez FOR Plumlee",null,null,null,null],["0041400103",259,8,0,2,"4:13 PM","0:04","SUB: Bogdanovic FOR Young",null,null,null,null],["0041400103",257,2,1,2,"4:13 PM","0:00","MISS Johnson 29' 3PT Jump Shot",null,null,null,null],["0041400103",258,4,0,2,"4:13 PM","0:00","NETS Rebound",null,null,null,null],["0041400103",260,13,0,2,"4:13 PM","0:00",null,null,null,"40 - 47","7"],["0041400103",262,12,0,3,"4:31 PM","12:00",null,null,null,"40 - 47","7"],["0041400103",263,2,1,3,"4:31 PM","11:39",null,null,"MISS Carroll 25' 3PT Jump Shot",null,null],["0041400103",264,4,0,3,"4:31 PM","11:38",null,null,"Hawks Rebound",null,null],["0041400103",265,6,3,3,"4:31 PM","11:38","Johnson L.B.FOUL (P2.T1) (R.Garretson)",null,null,null,null],["0041400103",266,2,42,3,"4:32 PM","11:28",null,null,"MISS Millsap 1' Driving Layup",null,null],["0041400103",267,4,0,3,"4:32 PM","11:27",null,null,"Millsap REBOUND (Off:4 Def:6)",null,null],["0041400103",268,2,4,3,"4:32 PM","11:26",null,null,"MISS Millsap 2' Tip Shot",null,null],["0041400103",269,4,0,3,"4:32 PM","11:25","Johnson REBOUND (Off:2 Def:4)",null,null,null,null],["0041400103",270,5,2,3,"4:32 PM","11:03","Johnson Lost Ball Turnover (P1.T7)",null,"Horford STEAL (1 STL)",null,null],["0041400103",271,6,1,3,"4:32 PM","11:02","D. Williams P.FOUL (P1.T2) (J.Crawford)",null,null,null,null],["0041400103",272,2,42,3,"4:33 PM","10:56",null,null,"MISS Teague 3' Driving Layup",null,null],["0041400103",273,4,0,3,"4:33 PM","10:55",null,null,"Teague REBOUND (Off:2 Def:1)",null,null],["0041400103",274,1,7,3,"4:33 PM","10:52",null,null,"Millsap  Dunk (9 PTS) (Teague 3 AST)","42 - 47","5"],["0041400103",275,2,66,3,"4:33 PM","10:35","MISS Young 14' Jump Bank Shot",null,null,null,null],["0041400103",276,4,0,3,"4:33 PM","10:34","Lopez REBOUND (Off:3 Def:6)",null,null,null,null],["0041400103",277,2,5,3,"4:33 PM","10:22","MISS Young 2' Layup",null,null,null,null],["0041400103",278,4,0,3,"4:33 PM","10:20",null,null,"Horford REBOUND (Off:2 Def:3)",null,null],["0041400103",279,1,5,3,"4:33 PM","10:17",null,null,"Carroll 3' Layup (12 PTS) (Horford 3 AST)","44 - 47","3"],["0041400103",280,9,1,3,"4:33 PM","10:17","NETS Timeout: Regular (Full 3 Short 1)",null,null,null,null],["0041400103",281,6,2,3,"4:37 PM","10:05",null,null,"Horford S.FOUL (P1.T1) (J.Crawford)",null,null],["0041400103",282,3,11,3,"4:37 PM","10:05","Lopez Free Throw 1 of 2 (10 PTS)",null,null,"44 - 48","4"],["0041400103",284,3,12,3,"4:38 PM","10:05","MISS Lopez Free Throw 2 of 2",null,null,null,null],["0041400103",286,4,0,3,"4:38 PM","10:04",null,null,"Carroll REBOUND (Off:1 Def:3)",null,null],["0041400103",287,1,1,3,"4:38 PM","9:41",null,null,"Carroll 24' 3PT Jump Shot (15 PTS) (Horford 4 AST)","47 - 48","1"],["0041400103",288,1,1,3,"4:38 PM","9:26","Bogdanovic 17' Jump Shot (13 PTS) (Johnson 4 AST)",null,null,"47 - 50","3"],["0041400103",289,5,40,3,"4:39 PM","9:01",null,null,"Carroll Out of Bounds Lost Ball Turnover (P4.T12)",null,null],["0041400103",290,6,2,3,"4:39 PM","8:51",null,null,"Horford S.FOUL (P2.T2) (T.Brown)",null,null],["0041400103",291,3,11,3,"4:40 PM","8:51","Lopez Free Throw 1 of 2 (11 PTS)",null,null,"47 - 51","4"],["0041400103",293,3,12,3,"4:40 PM","8:51","Lopez Free Throw 2 of 2 (12 PTS)",null,null,"47 - 52","5"],["0041400103",295,2,1,3,"4:40 PM","8:41",null,null,"MISS Korver 24' 3PT Jump Shot",null,null],["0041400103",296,4,0,3,"4:40 PM","8:40","D. Williams REBOUND (Off:0 Def:5)",null,null,null,null],["0041400103",297,2,78,3,"4:40 PM","8:33","MISS D. Williams 9' Floating Jump Shot",null,null,null,null],["0041400103",298,4,0,3,"4:40 PM","8:32",null,null,"Millsap REBOUND (Off:4 Def:7)",null,null],["0041400103",299,6,2,3,"4:40 PM","8:29","Johnson S.FOUL (P3.T3) (R.Garretson)",null,null,null,null],["0041400103",300,3,11,3,"4:41 PM","8:29",null,null,"Teague Free Throw 1 of 2 (3 PTS)","48 - 52","4"],["0041400103",302,3,12,3,"4:41 PM","8:29",null,null,"Teague Free Throw 2 of 2 (4 PTS)","49 - 52","3"],["0041400103",304,5,2,3,"4:41 PM","8:15","Young Lost Ball Turnover (P2.T8)",null,"Teague STEAL (1 STL)",null,null],["0041400103",305,1,7,3,"4:41 PM","8:10",null,null,"Carroll  Dunk (17 PTS) (Teague 4 AST)","51 - 52","1"],["0041400103",306,2,1,3,"4:42 PM","7:56","MISS D. Williams 18' Jump Shot",null,null,null,null],["0041400103",307,4,0,3,"4:42 PM","7:55",null,null,"Carroll REBOUND (Off:1 Def:4)",null,null],["0041400103",308,2,1,3,"4:42 PM","7:48",null,null,"MISS Horford 13' Jump Shot",null,null],["0041400103",309,4,0,3,"4:42 PM","7:47","Bogdanovic REBOUND (Off:1 Def:1)",null,null,null,null],["0041400103",310,2,1,3,"4:42 PM","7:33","MISS Bogdanovic 25' 3PT Jump Shot",null,null,null,null],["0041400103",311,4,0,3,"4:42 PM","7:32",null,null,"Hawks Rebound",null,null],["0041400103",312,2,42,3,"4:42 PM","7:14",null,null,"MISS Horford 1' Driving Layup",null,null],["0041400103",313,4,0,3,"4:42 PM","7:12","D. Williams REBOUND (Off:0 Def:6)",null,null,null,null],["0041400103",314,1,1,3,"4:43 PM","7:07","Johnson 15' Jump Shot (8 PTS) (D. Williams 5 AST)",null,null,"51 - 54","3"],["0041400103",316,8,0,3,"4:43 PM","6:55",null,null,"SUB: Bazemore FOR Carroll",null,null],["0041400103",317,8,0,3,"4:43 PM","6:55","SUB: Anderson FOR Johnson",null,null,null,null],["0041400103",318,2,1,3,"4:44 PM","6:45",null,null,"MISS Millsap 6' Jump Shot",null,null],["0041400103",319,4,0,3,"4:44 PM","6:43","D. Williams REBOUND (Off:0 Def:7)",null,null,null,null],["0041400103",320,1,49,3,"4:44 PM","6:32","Bogdanovic  Driving Dunk (15 PTS) (Young 3 AST)",null,null,"51 - 56","5"],["0041400103",321,2,1,3,"4:44 PM","6:22",null,null,"MISS Bazemore  3PT Jump Shot",null,null],["0041400103",322,4,0,3,"4:44 PM","6:21","Anderson REBOUND (Off:0 Def:1)",null,null,null,null],["0041400103",323,1,1,3,"4:44 PM","6:01","Lopez 18' Jump Shot (14 PTS) (D. Williams 6 AST)",null,null,"51 - 58","7"],["0041400103",324,1,1,3,"4:45 PM","5:49",null,null,"Teague 18' Jump Shot (6 PTS)","53 - 58","5"],["0041400103",325,6,2,3,"4:45 PM","5:49","D. Williams S.FOUL (P2.T4) (J.Crawford)",null,null,null,null],["0041400103",326,8,0,3,"4:45 PM","5:49",null,null,"SUB: Carroll FOR Korver",null,null],["0041400103",327,8,0,3,"4:45 PM","5:49",null,null,"SUB: Antic FOR Horford",null,null],["0041400103",328,3,10,3,"4:45 PM","5:49",null,null,"Teague Free Throw 1 of 1 (7 PTS)","54 - 58","4"],["0041400103",330,5,1,3,"4:45 PM","5:36","Anderson Bad Pass Turnover (P2.T9)",null,"Millsap STEAL (3 STL)",null,null],["0041400103",331,2,1,3,"4:45 PM","5:24",null,null,"MISS Teague 12' Jump Shot",null,null],["0041400103",332,4,0,3,"4:45 PM","5:23","Bogdanovic REBOUND (Off:1 Def:2)",null,null,null,null],["0041400103",333,2,63,3,"4:46 PM","5:00","MISS Lopez 15' Fadeaway Jumper",null,null,null,null],["0041400103",334,4,0,3,"4:46 PM","4:59",null,null,"Bazemore REBOUND (Off:0 Def:1)",null,null],["0041400103",335,1,42,3,"4:46 PM","4:53",null,null,"Carroll 1' Driving Layup (19 PTS)","56 - 58","2"],["0041400103",337,8,0,3,"4:46 PM","4:35","SUB: Johnson FOR Bogdanovic",null,null,null,null],["0041400103",338,8,0,3,"4:46 PM","4:35",null,null,"SUB: Schroder FOR Teague",null,null],["0041400103",340,2,1,3,"4:47 PM","4:29","MISS D. Williams 18' Jump Shot",null,null,null,null],["0041400103",341,4,0,3,"4:47 PM","4:28",null,null,"Millsap REBOUND (Off:4 Def:8)",null,null],["0041400103",342,1,52,3,"4:47 PM","4:24",null,null,"Bazemore  Alley Oop Dunk (6 PTS) (Schroder 2 AST)","58 - 58","TIE"],["0041400103",343,5,1,3,"4:47 PM","4:14","D. Williams Bad Pass Turnover (P3.T10)",null,"Millsap STEAL (4 STL)",null,null],["0041400103",344,1,42,3,"4:47 PM","4:10",null,null,"Millsap 2' Driving Layup (11 PTS)","60 - 58","-2"],["0041400103",345,9,2,3,"4:48 PM","4:00","NETS Timeout: Short (Full 3 Short 2)",null,null,null,null],["0041400103",347,8,0,3,"4:49 PM","4:00","SUB: Jack FOR D. Williams",null,null,null,null],["0041400103",348,2,1,3,"4:49 PM","3:45","MISS Anderson  3PT Jump Shot",null,null,null,null],["0041400103",349,4,0,3,"4:49 PM","3:44",null,null,"Bazemore REBOUND (Off:0 Def:2)",null,null],["0041400103",350,5,40,3,"4:50 PM","3:37",null,null,"Millsap Out of Bounds Lost Ball Turnover (P1.T13)",null,null],["0041400103",351,2,1,3,"4:50 PM","3:16","MISS Johnson 19' Jump Shot",null,null,null,null],["0041400103",352,4,0,3,"4:50 PM","3:15","Young REBOUND (Off:2 Def:2)",null,null,null,null],["0041400103",353,2,4,3,"4:50 PM","3:14","MISS Young 2' Tip Shot",null,null,null,null],["0041400103",354,4,0,3,"4:50 PM","3:13",null,null,"Antic REBOUND (Off:0 Def:2)",null,null],["0041400103",356,8,0,3,"4:50 PM","3:05","SUB: Bogdanovic FOR Anderson",null,null,null,null],["0041400103",357,2,78,3,"4:50 PM","2:59",null,null,"MISS Schroder 10' Floating Jump Shot",null,null],["0041400103",358,4,0,3,"4:51 PM","2:58",null,null,"Hawks Rebound",null,null],["0041400103",359,6,3,3,"4:51 PM","2:58","Lopez L.B.FOUL (P2.PN) (T.Brown)",null,null,null,null],["0041400103",360,9,1,3,"4:51 PM","2:58",null,null,"Hawks Timeout: Regular (Reg.3 Short 1)",null,null],["0041400103",362,8,0,3,"4:54 PM","2:58",null,null,"SUB: Korver FOR Carroll",null,null],["0041400103",363,3,11,3,"4:54 PM","2:58",null,null,"Antic Free Throw 1 of 2 (6 PTS)","61 - 58","-3"],["0041400103",365,3,12,3,"4:54 PM","2:58",null,null,"Antic Free Throw 2 of 2 (7 PTS)","62 - 58","-4"],["0041400103",367,2,1,3,"4:55 PM","2:43","MISS Jack 9' Jump Shot",null,null,null,null],["0041400103",368,4,0,3,"4:55 PM","2:41","Young REBOUND (Off:3 Def:2)",null,null,null,null],["0041400103",369,1,66,3,"4:55 PM","2:38","Young 4' Jump Bank Shot (14 PTS)",null,null,"62 - 60","-2"],["0041400103",370,2,1,3,"4:55 PM","2:21",null,null,"MISS Antic 26' 3PT Jump Shot",null,null],["0041400103",371,4,0,3,"4:55 PM","2:20","Young REBOUND (Off:3 Def:3)",null,null,null,null],["0041400103",372,6,1,3,"4:55 PM","2:16",null,null,"Antic P.FOUL (P2.T3) (J.Crawford)",null,null],["0041400103",373,1,1,3,"4:56 PM","2:07","Young 4' Jump Shot (16 PTS) (Jack 3 AST)",null,null,"62 - 62","TIE"],["0041400103",374,2,75,3,"4:56 PM","1:41",null,null,"MISS Antic 3' Driving Finger Roll Layup",null,null],["0041400103",375,4,0,3,"4:56 PM","1:39","Young REBOUND (Off:3 Def:4)",null,null,null,null],["0041400103",376,2,5,3,"4:56 PM","1:33","MISS Young 2' Layup",null,null,null,null],["0041400103",377,4,0,3,"4:56 PM","1:32","Young REBOUND (Off:4 Def:4)",null,null,null,null],["0041400103",378,2,4,3,"4:56 PM","1:31","MISS Young 2' Tip Shot",null,null,null,null],["0041400103",379,4,0,3,"4:56 PM","1:30",null,null,"Schroder REBOUND (Off:0 Def:1)",null,null],["0041400103",380,2,1,3,"4:56 PM","1:23",null,null,"MISS Bazemore  3PT Jump Shot",null,null],["0041400103",381,4,0,3,"4:56 PM","1:22","Jack REBOUND (Off:0 Def:1)",null,null,null,null],["0041400103",382,1,85,3,"4:56 PM","1:14","Young 7' Turnaround Bank Shot (18 PTS) (Jack 4 AST)",null,null,"62 - 64","2"],["0041400103",385,2,80,3,"4:57 PM","0:52",null,null,"MISS Millsap 25' 3PT Step Back Jump Shot",null,null],["0041400103",386,4,0,3,"4:57 PM","0:51",null,null,"Antic REBOUND (Off:1 Def:2)",null,null],["0041400103",387,2,5,3,"4:57 PM","0:49","Lopez BLOCK (1 BLK)",null,"MISS Antic 2' Layup",null,null],["0041400103",388,4,0,3,"4:57 PM","0:47","Jack REBOUND (Off:0 Def:2)",null,null,null,null],["0041400103",389,1,1,3,"4:57 PM","0:40","Johnson  3PT Jump Shot (11 PTS) (Jack 5 AST)",null,null,"62 - 67","5"],["0041400103",390,2,42,3,"4:57 PM","0:31",null,null,"MISS Schroder 2' Driving Layup",null,null],["0041400103",391,4,0,3,"4:57 PM","0:30","Jack REBOUND (Off:0 Def:3)",null,null,null,null],["0041400103",392,2,1,3,"4:58 PM","0:06","MISS Johnson 25' 3PT Jump Shot",null,null,null,null],["0041400103",393,4,0,3,"4:58 PM","0:05",null,null,"Antic REBOUND (Off:1 Def:3)",null,null],["0041400103",394,2,42,3,"4:58 PM","0:01",null,null,"MISS Schroder 2' Driving Layup",null,null],["0041400103",395,4,0,3,"4:58 PM","0:00","Johnson REBOUND (Off:2 Def:5)",null,null,null,null],["0041400103",396,13,0,3,"4:58 PM","0:00",null,null,null,"62 - 67","5"],["0041400103",398,12,0,4,"5:02 PM","12:00",null,null,null,"62 - 67","5"],["0041400103",399,2,1,4,"5:02 PM","11:43","MISS Bogdanovic 20' Jump Shot",null,null,null,null],["0041400103",400,4,0,4,"5:03 PM","11:42",null,null,"Horford REBOUND (Off:2 Def:4)",null,null],["0041400103",401,2,1,4,"5:03 PM","11:29",null,null,"MISS Horford 18' Jump Shot",null,null],["0041400103",402,4,0,4,"5:03 PM","11:28","Young REBOUND (Off:4 Def:5)",null,null,null,null],["0041400103",403,1,1,4,"5:03 PM","11:12","Johnson 4' Jump Shot (13 PTS)",null,null,"62 - 69","7"],["0041400103",404,6,2,4,"5:03 PM","11:12",null,null,"Carroll S.FOUL (P4.T1) (T.Brown)",null,null],["0041400103",405,3,10,4,"5:03 PM","11:12","Johnson Free Throw 1 of 1 (14 PTS)",null,null,"62 - 70","8"],["0041400103",407,5,2,4,"5:04 PM","10:56","Bogdanovic STEAL (1 STL)",null,"Horford Lost Ball Turnover (P2.T14)",null,null],["0041400103",408,7,5,4,"5:04 PM","10:45",null,null,"Schroder Violation:Kicked Ball (R.Garretson)",null,null],["0041400103",409,1,1,4,"5:05 PM","10:30","Lopez 19' Jump Shot (16 PTS) (Jack 6 AST)",null,null,"62 - 72","10"],["0041400103",410,2,79,4,"5:05 PM","10:20",null,null,"MISS Korver 16' Pullup Jump Shot",null,null],["0041400103",411,4,0,4,"5:05 PM","10:19","Jack REBOUND (Off:0 Def:4)",null,null,null,null],["0041400103",412,1,5,4,"5:05 PM","10:11","Lopez 3' Layup (18 PTS) (Jack 7 AST)",null,null,"62 - 74","12"],["0041400103",413,6,2,4,"5:05 PM","10:11",null,null,"Korver S.FOUL (P3.T2) (R.Garretson)",null,null],["0041400103",414,3,10,4,"5:05 PM","10:11","MISS Lopez Free Throw 1 of 1",null,null,null,null],["0041400103",416,4,0,4,"5:06 PM","10:10",null,null,"Horford REBOUND (Off:2 Def:5)",null,null],["0041400103",417,2,1,4,"5:06 PM","9:56",null,null,"MISS Schroder 17' Jump Shot",null,null],["0041400103",418,4,0,4,"5:06 PM","9:55","Lopez REBOUND (Off:3 Def:7)",null,null,null,null],["0041400103",419,6,1,4,"5:06 PM","9:39",null,null,"Korver P.FOUL (P4.T3) (J.Crawford)",null,null],["0041400103",420,8,0,4,"5:06 PM","9:39","SUB: Anderson FOR Young",null,null,null,null],["0041400103",421,8,0,4,"5:06 PM","9:39",null,null,"SUB: Bazemore FOR Carroll",null,null],["0041400103",422,6,1,4,"5:07 PM","9:32",null,null,"Horford P.FOUL (P3.T4) (T.Brown)",null,null],["0041400103",423,2,1,4,"5:07 PM","9:24","MISS Bogdanovic 25' 3PT Jump Shot",null,null,null,null],["0041400103",424,4,0,4,"5:07 PM","9:23",null,null,"Bazemore REBOUND (Off:0 Def:3)",null,null],["0041400103",425,2,1,4,"5:08 PM","9:07",null,null,"MISS Korver  3PT Jump Shot",null,null],["0041400103",426,4,0,4,"5:08 PM","9:06","Johnson REBOUND (Off:2 Def:6)",null,null,null,null],["0041400103",427,1,73,4,"5:08 PM","8:53","Lopez 2' Driving Reverse Layup (20 PTS) (Johnson 5 AST)",null,null,"62 - 76","14"],["0041400103",428,9,1,4,"5:08 PM","8:53",null,null,"Hawks Timeout: Regular (Reg.4 Short 1)",null,null],["0041400103",430,5,1,4,"5:11 PM","8:42","Bogdanovic STEAL (2 STL)",null,"Schroder Bad Pass Turnover (P2.T15)",null,null],["0041400103",431,2,1,4,"5:12 PM","8:25","MISS Bogdanovic 24' 3PT Jump Shot",null,null,null,null],["0041400103",432,4,0,4,"5:12 PM","8:24",null,null,"Bazemore REBOUND (Off:0 Def:4)",null,null],["0041400103",433,2,1,4,"5:12 PM","8:13",null,null,"MISS Horford 17' Jump Shot",null,null],["0041400103",434,4,0,4,"5:12 PM","8:12","Johnson REBOUND (Off:2 Def:7)",null,null,null,null],["0041400103",435,2,73,4,"5:12 PM","7:57","MISS Lopez 2' Driving Reverse Layup",null,"Horford BLOCK (2 BLK)",null,null],["0041400103",436,4,0,4,"5:12 PM","7:56",null,null,"Horford REBOUND (Off:2 Def:6)",null,null],["0041400103",437,2,42,4,"5:12 PM","7:47",null,null,"MISS Schroder 2' Driving Layup",null,null],["0041400103",438,4,0,4,"5:12 PM","7:46",null,null,"Scott REBOUND (Off:1 Def:3)",null,null],["0041400103",439,1,4,4,"5:12 PM","7:45",null,null,"Scott 1' Tip Shot (4 PTS)","64 - 76","12"],["0041400103",440,2,1,4,"5:13 PM","7:26","MISS Lopez 19' Jump Shot",null,null,null,null],["0041400103",441,4,0,4,"5:13 PM","7:25",null,null,"Bazemore REBOUND (Off:0 Def:5)",null,null],["0041400103",442,2,1,4,"5:13 PM","7:15",null,null,"MISS Korver  3PT Jump Shot",null,null],["0041400103",443,4,0,4,"5:13 PM","7:14","Lopez REBOUND (Off:3 Def:8)",null,null,null,null],["0041400103",444,2,77,4,"5:13 PM","6:58","MISS Lopez 2' Driving Jump Shot",null,null,null,null],["0041400103",445,4,0,4,"5:13 PM","6:57","Lopez REBOUND (Off:4 Def:8)",null,null,null,null],["0041400103",446,2,5,4,"5:13 PM","6:56","MISS Lopez 2' Layup",null,null,null,null],["0041400103",447,4,0,4,"5:13 PM","6:55",null,null,"Scott REBOUND (Off:1 Def:4)",null,null],["0041400103",448,1,5,4,"5:13 PM","6:48",null,null,"Scott 2' Layup (6 PTS) (Horford 5 AST)","66 - 76","10"],["0041400103",449,9,1,4,"5:13 PM","6:38","NETS Timeout: Regular (Full 4 Short 2)",null,null,null,null],["0041400103",451,8,0,4,"5:16 PM","6:38",null,null,"SUB: Carroll FOR Bazemore",null,null],["0041400103",452,8,0,4,"5:16 PM","6:38",null,null,"SUB: Teague FOR Schroder",null,null],["0041400103",453,8,0,4,"5:16 PM","6:38",null,null,"SUB: Millsap FOR Scott",null,null],["0041400103",454,8,0,4,"5:16 PM","6:38","SUB: Young FOR Bogdanovic",null,null,null,null],["0041400103",457,2,47,4,"5:19 PM","6:21","MISS Johnson 16' Turnaround Jump Shot",null,null,null,null],["0041400103",458,4,0,4,"5:19 PM","6:20",null,null,"Millsap REBOUND (Off:4 Def:9)",null,null],["0041400103",459,1,52,4,"5:19 PM","6:14",null,null,"Horford 1' Alley Oop Dunk (7 PTS) (Teague 5 AST)","68 - 76","8"],["0041400103",460,2,47,4,"5:19 PM","5:46","MISS Lopez 15' Turnaround Jump Shot",null,null,null,null],["0041400103",461,4,0,4,"5:19 PM","5:45",null,null,"Millsap REBOUND (Off:4 Def:10)",null,null],["0041400103",462,2,1,4,"5:19 PM","5:27","Lopez BLOCK (2 BLK)",null,"MISS Horford 15' Jump Shot",null,null],["0041400103",463,4,0,4,"5:19 PM","5:26","Young REBOUND (Off:4 Def:6)",null,null,null,null],["0041400103",464,6,1,4,"5:20 PM","5:15",null,null,"Teague P.FOUL (P3.PN) (T.Brown)",null,null],["0041400103",465,3,11,4,"5:20 PM","5:15","Jack Free Throw 1 of 2 (1 PTS)",null,null,"68 - 77","9"],["0041400103",467,8,0,4,"5:20 PM","5:15","SUB: Plumlee FOR Lopez",null,null,null,null],["0041400103",468,8,0,4,"5:20 PM","5:15",null,null,"SUB: Antic FOR Horford",null,null],["0041400103",469,3,12,4,"5:20 PM","5:15","Jack Free Throw 2 of 2 (2 PTS)",null,null,"68 - 78","10"],["0041400103",471,6,2,4,"5:21 PM","5:09","Jack S.FOUL (P1.T1) (R.Garretson)",null,null,null,null],["0041400103",472,3,11,4,"5:21 PM","5:09",null,null,"MISS Teague Free Throw 1 of 2",null,null],["0041400103",473,4,1,4,"5:21 PM","5:09",null,null,"Hawks Rebound",null,null],["0041400103",474,8,0,4,"5:21 PM","5:09","SUB: Bogdanovic FOR Plumlee",null,null,null,null],["0041400103",475,3,12,4,"5:21 PM","5:09",null,null,"Teague Free Throw 2 of 2 (8 PTS)","69 - 78","9"],["0041400103",477,1,1,4,"5:22 PM","4:52","Jack 26' 3PT Jump Shot (5 PTS)",null,null,"69 - 81","12"],["0041400103",478,6,1,4,"5:22 PM","4:38","Johnson P.FOUL (P4.T2) (J.Crawford)",null,null,null,null],["0041400103",479,6,2,4,"5:23 PM","4:31","Bogdanovic S.FOUL (P3.T3) (T.Brown)",null,null,null,null],["0041400103",480,3,11,4,"5:23 PM","4:31",null,null,"MISS Carroll Free Throw 1 of 2",null,null],["0041400103",481,4,1,4,"5:23 PM","4:31",null,null,"Hawks Rebound",null,null],["0041400103",482,8,0,4,"5:23 PM","4:31","SUB: Lopez FOR Anderson",null,null,null,null],["0041400103",483,3,12,4,"5:23 PM","4:31",null,null,"Carroll Free Throw 2 of 2 (20 PTS)","70 - 81","11"],["0041400103",485,5,2,4,"5:24 PM","4:09","Johnson Lost Ball Turnover (P2.T11)",null,"Teague STEAL (2 STL)",null,null],["0041400103",486,6,1,4,"5:24 PM","4:09","Jack P.FOUL (P2.T4) (J.Crawford)",null,null,null,null],["0041400103",487,1,42,4,"5:24 PM","3:53",null,null,"Millsap 2' Driving Layup (13 PTS) (Korver 5 AST)","72 - 81","9"],["0041400103",488,1,77,4,"5:25 PM","3:36","Bogdanovic 17' Driving Jump Shot (17 PTS) (Jack 8 AST)",null,null,"72 - 83","11"],["0041400103",489,5,41,4,"5:25 PM","3:25","Bogdanovic STEAL (3 STL)",null,"Teague Poss Lost Ball Turnover (P4.T16)",null,null],["0041400103",497,5,41,4,"5:25 PM","3:23","Young Poss Lost Ball Turnover (P3.T12)",null,"Millsap STEAL (5 STL)",null,null],["0041400103",492,2,5,4,"5:25 PM","3:18",null,null,"MISS Teague 2' Layup",null,null],["0041400103",507,4,0,4,"5:25 PM","3:17",null,null,"Millsap REBOUND (Off:5 Def:10)",null,null],["0041400103",506,2,53,4,"5:25 PM","3:16",null,null,"MISS Millsap 1' Tip Shot",null,null],["0041400103",493,4,0,4,"5:25 PM","3:15","Lopez REBOUND (Off:4 Def:9)",null,null,null,null],["0041400103",494,5,2,4,"5:25 PM","3:10","Jack Lost Ball Turnover (P1.T13)",null,"Teague STEAL (3 STL)",null,null],["0041400103",495,2,42,4,"5:25 PM","3:06",null,null,"MISS Teague 2' Driving Layup",null,null],["0041400103",496,4,0,4,"5:25 PM","3:05","Johnson REBOUND (Off:2 Def:8)",null,null,null,null],["0041400103",498,2,63,4,"5:26 PM","2:43","MISS Johnson 19' Fadeaway Jumper",null,null,null,null],["0041400103",499,4,0,4,"5:26 PM","2:41",null,null,"Millsap REBOUND (Off:5 Def:11)",null,null],["0041400103",500,1,1,4,"5:26 PM","2:25",null,null,"Millsap 25' 3PT Jump Shot (16 PTS) (Teague 6 AST)","75 - 83","8"],["0041400103",501,1,47,4,"5:26 PM","2:06","Lopez 7' Turnaround Jump Shot (22 PTS)",null,null,"75 - 85","10"],["0041400103",502,2,1,4,"5:26 PM","1:53",null,null,"MISS Korver 24' 3PT Jump Shot",null,null],["0041400103",503,4,0,4,"5:26 PM","1:52","Young REBOUND (Off:4 Def:7)",null,null,null,null],["0041400103",504,6,2,4,"5:27 PM","1:32",null,null,"Millsap S.FOUL (P2.PN) (J.Crawford)",null,null],["0041400103",505,9,4,4,"5:27 PM","1:32",null,null,null,null,null],["0041400103",508,8,0,4,"5:29 PM","1:32","SUB: Anderson FOR Lopez",null,null,null,null],["0041400103",509,3,11,4,"5:30 PM","1:32","Bogdanovic Free Throw 1 of 2 (18 PTS)",null,null,"75 - 86","11"],["0041400103",511,3,12,4,"5:30 PM","1:32","Bogdanovic Free Throw 2 of 2 (19 PTS)",null,null,"75 - 87","12"],["0041400103",514,2,80,4,"5:31 PM","1:17",null,null,"MISS Antic 25' 3PT Step Back Jump Shot",null,null],["0041400103",515,4,0,4,"5:31 PM","1:16",null,null,"Millsap REBOUND (Off:6 Def:11)",null,null],["0041400103",516,1,5,4,"5:31 PM","1:16",null,null,"Millsap 2' Layup (18 PTS)","77 - 87","10"],["0041400103",517,5,1,4,"5:31 PM","0:55","Jack Bad Pass Turnover (P2.T14)",null,"Antic STEAL (1 STL)",null,null],["0041400103",518,1,42,4,"5:31 PM","0:50",null,null,"Teague 2' Driving Layup (10 PTS)","79 - 87","8"],["0041400103",519,5,1,4,"5:31 PM","0:44","Young Bad Pass Turnover (P4.T15)",null,"Carroll STEAL (1 STL)",null,null],["0041400103",520,2,1,4,"5:31 PM","0:39",null,null,"MISS Carroll 25' 3PT Jump Shot",null,null],["0041400103",521,4,0,4,"5:31 PM","0:37","Jack REBOUND (Off:0 Def:5)",null,null,null,null],["0041400103",522,6,1,4,"5:32 PM","0:20",null,null,"Millsap P.FOUL (P3.PN) (R.Garretson)",null,null],["0041400103",523,3,11,4,"5:32 PM","0:20","Johnson Free Throw 1 of 2 (15 PTS)",null,null,"79 - 88","9"],["0041400103",525,3,12,4,"5:32 PM","0:20","Johnson Free Throw 2 of 2 (16 PTS)",null,null,"79 - 89","10"],["0041400103",527,1,42,4,"5:32 PM","0:15",null,null,"Teague 2' Driving Layup (12 PTS)","81 - 89","8"],["0041400103",528,6,1,4,"5:33 PM","0:14",null,null,"Carroll P.FOUL (P5.PN) (R.Garretson)",null,null],["0041400103",529,3,11,4,"5:33 PM","0:14","Anderson Free Throw 1 of 2 (7 PTS)",null,null,"81 - 90","9"],["0041400103",531,3,12,4,"5:33 PM","0:14","Anderson Free Throw 2 of 2 (8 PTS)",null,null,"81 - 91","10"],["0041400103",533,2,1,4,"5:33 PM","0:07",null,null,"MISS Millsap 27' 3PT Jump Shot",null,null],["0041400103",534,4,0,4,"5:33 PM","0:06",null,null,"Carroll REBOUND (Off:2 Def:4)",null,null],["0041400103",535,1,5,4,"5:33 PM","0:05",null,null,"Carroll 1' Layup (22 PTS)","83 - 91","8"],["0041400103",536,13,0,4,"5:34 PM","0:00",null,null,null,"83 - 91","8"]]},{"name":"AvailableVideo","headers":["VIDEO_AVAILABLE_FLAG"],"rowSet":[[1]]}]}