{"resource":"playbyplay","parameters":{"GameID":"0041400237","StartPeriod":0,"EndPeriod":14},"resultSets":[{"name":"PlayByPlay","headers":["GAME_ID","EVENTNUM","EVENTMSGTYPE","EVENTMSGACTIONTYPE","PERIOD","WCTIMESTRING","PCTIMESTRING","HOMEDESCRIPTION","NEUTRALDESCRIPTION","VISITORDESCRIPTION","SCORE","SCOREMARGIN"],"rowSet":[["0041400237",0,12,0,1,"3:34 PM","12:00",null,null,null,null,null],["0041400237",1,10,0,1,"3:34 PM","12:00","Jump Ball Howard vs. Jordan: Tip to Terry",null,null,null,null],["0041400237",2,5,1,1,"3:34 PM","11:48","Smith Bad Pass Turnover (P1.T1)",null,"Jordan STEAL (1 STL)",null,null],["0041400237",3,5,39,1,"3:34 PM","11:38",null,null,"Barnes Step Out of Bounds Turnover (P1.T1)",null,null],["0041400237",4,1,1,1,"3:35 PM","11:24","Ariza 24' 3PT Jump Shot (3 PTS) (Harden 1 AST)",null,null,"0 - 3","3"],["0041400237",5,1,1,1,"3:35 PM","11:02",null,null,"Redick  3PT Jump Shot (3 PTS) (Griffin 1 AST)","3 - 3","TIE"],["0041400237",6,1,8,1,"3:35 PM","10:41","Smith  Slam Dunk (2 PTS) (Harden 2 AST)",null,null,"3 - 5","2"],["0041400237",7,5,1,1,"3:36 PM","10:25","Howard STEAL (1 STL)",null,"Paul Bad Pass Turnover (P1.T2)",null,null],["0041400237",8,1,44,1,"3:36 PM","10:18","Smith 1' Reverse Layup (4 PTS) (Howard 1 AST)",null,null,"3 - 7","4"],["0041400237",9,6,1,1,"3:36 PM","10:11","Smith P.FOUL (P1.T1) (M.Callahan)",null,null,null,null],["0041400237",10,2,1,1,"3:36 PM","10:04",null,null,"MISS Redick 25' 3PT Jump Shot",null,null],["0041400237",11,4,0,1,"3:36 PM","10:03","Harden REBOUND (Off:0 Def:1)",null,null,null,null],["0041400237",12,2,1,1,"3:37 PM","9:53","MISS Terry 24' 3PT Jump Shot",null,null,null,null],["0041400237",13,4,0,1,"3:37 PM","9:52",null,null,"Clippers Rebound",null,null],["0041400237",14,2,1,1,"3:37 PM","9:44",null,null,"MISS Barnes  3PT Jump Shot",null,null],["0041400237",15,4,0,1,"3:37 PM","9:43",null,null,"Jordan REBOUND (Off:1 Def:0)",null,null],["0041400237",16,2,1,1,"3:37 PM","9:40",null,null,"MISS Jordan 4' Jump Shot",null,null],["0041400237",17,4,0,1,"3:37 PM","9:39","Harden REBOUND (Off:0 Def:2)",null,null,null,null],["0041400237",18,5,1,1,"3:37 PM","9:31","Harden Bad Pass Turnover (P1.T2)",null,null,null,null],["0041400237",19,1,1,1,"3:37 PM","9:19",null,null,"Griffin 21' Jump Shot (2 PTS) (Barnes 1 AST)","5 - 7","2"],["0041400237",20,6,26,1,"3:38 PM","9:07","Howard Offensive Charge Foul (P1.T2) (T.Brothers)",null,null,null,null],["0041400237",21,5,5,1,"3:38 PM","9:07","Howard Foul Turnover (P1.T3)",null,null,null,null],["0041400237",22,2,46,1,"3:38 PM","8:43",null,null,"MISS Paul 11' Running Jump Shot",null,null],["0041400237",23,4,0,1,"3:38 PM","8:42","Smith REBOUND (Off:0 Def:1)",null,null,null,null],["0041400237",24,2,1,1,"3:38 PM","8:36","MISS Ariza  3PT Jump Shot",null,null,null,null],["0041400237",25,4,0,1,"3:38 PM","8:35",null,null,"Griffin REBOUND (Off:0 Def:1)",null,null],["0041400237",26,2,1,1,"3:38 PM","8:27",null,null,"MISS Griffin 20' Jump Shot",null,null],["0041400237",27,4,0,1,"3:38 PM","8:26","Howard REBOUND (Off:0 Def:1)",null,null,null,null],["0041400237",28,2,1,1,"3:39 PM","8:19","MISS Smith 25' 3PT Jump Shot",null,null,null,null],["0041400237",29,4,0,1,"3:39 PM","8:18",null,null,"Redick REBOUND (Off:0 Def:1)",null,null],["0041400237",30,1,5,1,"3:39 PM","8:10",null,null,"Griffin 2' Layup (4 PTS) (Redick 1 AST)","7 - 7","TIE"],["0041400237",31,6,2,1,"3:39 PM","7:54",null,null,"Griffin S.FOUL (P1.T1) (T.Brothers)",null,null],["0041400237",32,3,11,1,"3:39 PM","7:54","Harden Free Throw 1 of 2 (1 PTS)",null,null,"7 - 8","1"],["0041400237",34,3,12,1,"3:40 PM","7:54","Harden Free Throw 2 of 2 (2 PTS)",null,null,"7 - 9","2"],["0041400237",36,5,39,1,"3:40 PM","7:47",null,null,"Redick Step Out of Bounds Turnover (P1.T3)",null,null],["0041400237",38,5,1,1,"3:40 PM","7:41","Harden Bad Pass Turnover (P2.T4)",null,"Barnes STEAL (1 STL)",null,null],["0041400237",39,5,1,1,"3:40 PM","7:35","Harden STEAL (1 STL)",null,"Redick Bad Pass Turnover (P2.T4)",null,null],["0041400237",40,1,1,1,"3:41 PM","7:26","Harden 26' 3PT Jump Shot (5 PTS) (Terry 1 AST)",null,null,"7 - 12","5"],["0041400237",41,5,2,1,"3:41 PM","7:10","Terry STEAL (1 STL)",null,"Paul Lost Ball Turnover (P2.T5)",null,null],["0041400237",42,1,5,1,"3:41 PM","7:05","Harden 2' Layup (7 PTS) (Ariza 1 AST)",null,null,"7 - 14","7"],["0041400237",43,9,1,1,"3:41 PM","6:59",null,null,"Clippers Timeout: Regular (Reg.1 Short 0)",null,null],["0041400237",45,2,5,1,"3:45 PM","6:43",null,null,"MISS Barnes 1' Layup",null,null],["0041400237",46,4,0,1,"3:45 PM","6:42","Howard REBOUND (Off:0 Def:2)",null,null,null,null],["0041400237",47,2,80,1,"3:45 PM","6:30","MISS Harden 13' Step Back Jump Shot",null,null,null,null],["0041400237",48,4,0,1,"3:45 PM","6:29",null,null,"Griffin REBOUND (Off:0 Def:2)",null,null],["0041400237",49,1,79,1,"3:45 PM","6:19",null,null,"Paul 16' Pullup Jump Shot (2 PTS)","9 - 14","5"],["0041400237",50,5,1,1,"3:45 PM","6:09","Harden Bad Pass Turnover (P3.T5)",null,"Paul STEAL (1 STL)",null,null],["0041400237",51,1,42,1,"3:45 PM","6:04",null,null,"Paul 2' Driving Layup (4 PTS)","11 - 14","3"],["0041400237",53,2,86,1,"3:46 PM","5:38","MISS Smith 13' Turnaround Fadeaway Shot",null,null,null,null],["0041400237",54,4,0,1,"3:46 PM","5:37",null,null,"Redick REBOUND (Off:0 Def:2)",null,null],["0041400237",56,5,1,1,"3:46 PM","5:31","Harden STEAL (2 STL)",null,"Redick Bad Pass Turnover (P3.T6)",null,null],["0041400237",57,5,1,1,"3:46 PM","5:29","Ariza Bad Pass Turnover (P1.T6)",null,"Jordan STEAL (2 STL)",null,null],["0041400237",58,1,7,1,"3:47 PM","5:21",null,null,"Griffin  Dunk (6 PTS) (Redick 2 AST)","13 - 14","1"],["0041400237",59,5,1,1,"3:47 PM","5:02","Terry Bad Pass Turnover (P1.T7)",null,"Jordan STEAL (3 STL)",null,null],["0041400237",60,6,1,1,"3:47 PM","5:02","Terry P.FOUL (P1.T3) (K.Mauer)",null,null,null,null],["0041400237",62,8,0,1,"3:47 PM","5:02",null,null,"SUB: Crawford FOR Barnes",null,null],["0041400237",63,8,0,1,"3:47 PM","5:02","SUB: Jones FOR Smith",null,null,null,null],["0041400237",64,8,0,1,"3:47 PM","5:02","SUB: Prigioni FOR Terry",null,null,null,null],["0041400237",65,2,1,1,"3:47 PM","4:53",null,null,"MISS Redick 21' Jump Shot",null,null],["0041400237",66,4,0,1,"3:47 PM","4:52","Howard REBOUND (Off:0 Def:3)",null,null,null,null],["0041400237",68,6,2,1,"3:48 PM","4:32",null,null,"Redick S.FOUL (P1.T2) (K.Mauer)",null,null],["0041400237",69,3,11,1,"3:48 PM","4:32","Howard Free Throw 1 of 2 (1 PTS)",null,null,"13 - 15","2"],["0041400237",71,8,0,1,"3:48 PM","4:32","SUB: Brewer FOR Ariza",null,null,null,null],["0041400237",72,3,12,1,"3:49 PM","4:32","MISS Howard Free Throw 2 of 2",null,null,null,null],["0041400237",74,4,0,1,"3:49 PM","4:32",null,null,"Jordan REBOUND (Off:1 Def:1)",null,null],["0041400237",75,2,1,1,"3:49 PM","4:17",null,null,"MISS Crawford 25' 3PT Jump Shot",null,null],["0041400237",76,4,0,1,"3:49 PM","4:16","Jones REBOUND (Off:0 Def:1)",null,null,null,null],["0041400237",77,1,1,1,"3:49 PM","4:06","Jones 8' Jump Shot (2 PTS) (Harden 3 AST)",null,null,"13 - 17","4"],["0041400237",78,5,1,1,"3:49 PM","4:02","Prigioni STEAL (1 STL)",null,"Griffin Bad Pass Turnover (P1.T7)",null,null],["0041400237",79,1,42,1,"3:49 PM","3:57","Harden 1' Driving Layup (9 PTS)",null,null,"13 - 19","6"],["0041400237",81,2,1,1,"3:50 PM","3:34",null,null,"MISS Paul 24' 3PT Jump Shot",null,null],["0041400237",82,4,0,1,"3:50 PM","3:33",null,null,"Jordan REBOUND (Off:2 Def:1)",null,null],["0041400237",83,6,2,1,"3:50 PM","3:32","Howard S.FOUL (P2.T4) (T.Brothers)",null,null,null,null],["0041400237",84,3,11,1,"3:50 PM","3:32",null,null,"MISS Jordan Free Throw 1 of 2",null,null],["0041400237",85,4,1,1,"3:50 PM","3:32",null,null,"Clippers Rebound",null,null],["0041400237",86,8,0,1,"3:51 PM","3:32",null,null,"SUB: Rivers FOR Redick",null,null],["0041400237",87,8,0,1,"3:51 PM","3:32","SUB: Capela FOR Howard",null,null,null,null],["0041400237",88,3,12,1,"3:51 PM","3:32",null,null,"MISS Jordan Free Throw 2 of 2",null,null],["0041400237",90,4,0,1,"3:51 PM","3:32","Capela REBOUND (Off:0 Def:1)",null,null,null,null],["0041400237",91,1,80,1,"3:52 PM","3:09","Harden 26' 3PT Step Back Jump Shot (12 PTS)",null,null,"13 - 22","9"],["0041400237",92,1,42,1,"3:52 PM","3:00",null,null,"Rivers 2' Driving Layup (2 PTS)","15 - 22","7"],["0041400237",93,6,27,1,"3:52 PM","2:49",null,null,"Paul Personal Block Foul (P1.T3) (M.Callahan)",null,null],["0041400237",94,9,1,1,"3:52 PM","2:49","ROCKETS Timeout: Regular (Full 1 Short 0)",null,null,null,null],["0041400237",96,8,0,1,"3:54 PM","2:49",null,null,"SUB: Davis FOR Griffin",null,null],["0041400237",98,2,1,1,"3:56 PM","2:41","MISS Harden 25' 3PT Jump Shot",null,null,null,null],["0041400237",99,4,0,1,"3:56 PM","2:40",null,null,"Rivers REBOUND (Off:0 Def:1)",null,null],["0041400237",100,2,46,1,"3:56 PM","2:21",null,null,"MISS Crawford 13' Running Jump Shot",null,null],["0041400237",101,4,0,1,"3:56 PM","2:20",null,null,"Davis REBOUND (Off:1 Def:0)",null,null],["0041400237",102,2,1,1,"3:56 PM","2:15",null,null,"MISS Rivers 25' 3PT Jump Shot",null,null],["0041400237",103,4,0,1,"3:56 PM","2:14",null,null,"Jordan REBOUND (Off:3 Def:1)",null,null],["0041400237",104,1,87,1,"3:56 PM","2:12",null,null,"Jordan  Putback Dunk (2 PTS)","17 - 22","5"],["0041400237",105,2,1,1,"3:57 PM","1:57","MISS Jones 21' Jump Shot",null,null,null,null],["0041400237",106,4,0,1,"3:57 PM","1:56",null,null,"Jordan REBOUND (Off:3 Def:2)",null,null],["0041400237",107,2,79,1,"3:57 PM","1:37",null,null,"MISS Crawford 15' Pullup Jump Shot",null,null],["0041400237",108,4,0,1,"3:57 PM","1:36","Harden REBOUND (Off:0 Def:3)",null,null,null,null],["0041400237",110,6,29,1,"3:57 PM","1:31",null,null,"Rivers Shooting Block Foul (P1.T4) (K.Mauer)",null,null],["0041400237",111,3,11,1,"3:57 PM","1:31","Capela Free Throw 1 of 2 (1 PTS)",null,null,"17 - 23","6"],["0041400237",113,8,0,1,"3:58 PM","1:31",null,null,"SUB: Griffin FOR Jordan",null,null],["0041400237",114,3,12,1,"3:58 PM","1:31","Capela Free Throw 2 of 2 (2 PTS)",null,null,"17 - 24","7"],["0041400237",116,1,5,1,"3:58 PM","1:18",null,null,"Davis 1' Layup (2 PTS) (Griffin 2 AST)","19 - 24","5"],["0041400237",117,5,39,1,"3:58 PM","1:03","Capela Step Out of Bounds Turnover (P1.T8)",null,null,null,null],["0041400237",118,8,0,1,"3:59 PM","1:03",null,null,"SUB: Redick FOR Paul",null,null],["0041400237",119,2,3,1,"3:59 PM","0:50","Jones BLOCK (1 BLK)",null,"MISS Griffin 5' Hook Shot",null,null],["0041400237",120,4,0,1,"3:59 PM","0:50","Brewer REBOUND (Off:0 Def:1)",null,null,null,null],["0041400237",122,1,52,1,"3:59 PM","0:44","Jones  Alley Oop Dunk (4 PTS) (Brewer 1 AST)",null,null,"19 - 26","7"],["0041400237",124,2,40,1,"3:59 PM","0:26","Capela BLOCK (1 BLK)",null,"MISS Davis 4' Layup",null,null],["0041400237",125,4,0,1,"3:59 PM","0:24",null,null,"Davis REBOUND (Off:2 Def:0)",null,null],["0041400237",126,2,1,1,"4:00 PM","0:21","Harden BLOCK (1 BLK)",null,"MISS Crawford 26' 3PT Jump Shot",null,null],["0041400237",127,4,0,1,"4:00 PM","0:20","Jones REBOUND (Off:0 Def:2)",null,null,null,null],["0041400237",128,1,5,1,"4:00 PM","0:16","Jones 2' Layup (6 PTS) (Brewer 2 AST)",null,null,"19 - 28","9"],["0041400237",129,6,2,1,"4:00 PM","0:16",null,null,"Rivers S.FOUL (P2.PN) (K.Mauer)",null,null],["0041400237",130,8,0,1,"4:00 PM","0:16","SUB: Ariza FOR Harden",null,null,null,null],["0041400237",131,8,0,1,"4:00 PM","0:16",null,null,"SUB: Hawes FOR Davis",null,null],["0041400237",132,3,10,1,"4:00 PM","0:16","MISS Jones Free Throw 1 of 1",null,null,null,null],["0041400237",134,4,0,1,"4:01 PM","0:16",null,null,"Griffin REBOUND (Off:0 Def:3)",null,null],["0041400237",136,1,46,1,"4:01 PM","0:00",null,null,"Crawford 12' Running Jump Shot (2 PTS)","21 - 28","7"],["0041400237",137,13,0,1,"4:01 PM","0:00",null,null,null,"21 - 28","7"],["0041400237",139,12,0,2,"4:05 PM","12:00",null,null,null,"21 - 28","7"],["0041400237",140,2,1,2,"4:05 PM","11:37",null,null,"MISS Griffin 19' Jump Shot",null,null],["0041400237",141,4,0,2,"4:05 PM","11:36","Brewer REBOUND (Off:0 Def:2)",null,null,null,null],["0041400237",142,2,5,2,"4:05 PM","11:31","MISS Brewer 3' Layup",null,null,null,null],["0041400237",144,4,0,2,"4:05 PM","11:30","Howard REBOUND (Off:1 Def:3)",null,null,null,null],["0041400237",143,1,87,2,"4:05 PM","11:30","Howard  Putback Dunk (3 PTS)",null,null,"21 - 30","9"],["0041400237",145,2,1,2,"4:05 PM","11:17",null,null,"MISS Redick  3PT Jump Shot",null,null],["0041400237",146,4,0,2,"4:05 PM","11:16",null,null,"Hawes REBOUND (Off:1 Def:0)",null,null],["0041400237",147,2,1,2,"4:06 PM","11:09",null,null,"MISS Redick 24' 3PT Jump Shot",null,null],["0041400237",148,4,0,2,"4:06 PM","11:08","Howard REBOUND (Off:1 Def:4)",null,null,null,null],["0041400237",149,2,79,2,"4:06 PM","10:53","MISS Brewer 19' Pullup Jump Shot",null,null,null,null],["0041400237",150,4,0,2,"4:06 PM","10:52",null,null,"Hawes REBOUND (Off:1 Def:1)",null,null],["0041400237",151,2,1,2,"4:06 PM","10:41",null,null,"MISS Hawes 26' 3PT Jump Shot",null,null],["0041400237",152,4,0,2,"4:06 PM","10:40","Howard REBOUND (Off:1 Def:5)",null,null,null,null],["0041400237",153,2,5,2,"4:06 PM","10:29","MISS Prigioni 2' Layup",null,null,null,null],["0041400237",155,4,0,2,"4:06 PM","10:28","Howard REBOUND (Off:2 Def:5)",null,null,null,null],["0041400237",154,1,72,2,"4:06 PM","10:28","Howard 2' Putback Layup (5 PTS)",null,null,"21 - 32","11"],["0041400237",156,6,2,2,"4:06 PM","10:28",null,null,"Hawes S.FOUL (P1.T1) (K.Mauer)",null,null],["0041400237",157,8,0,2,"4:07 PM","10:28",null,null,"SUB: Jordan FOR Hawes",null,null],["0041400237",158,3,10,2,"4:07 PM","10:28","Howard Free Throw 1 of 1 (6 PTS)",null,null,"21 - 33","12"],["0041400237",160,6,4,2,"4:07 PM","10:19",null,null,"Rivers OFF.Foul (P3) (M.Callahan)",null,null],["0041400237",161,5,5,2,"4:07 PM","10:19",null,null,"Rivers Foul Turnover (P1.T8)",null,null],["0041400237",162,8,0,2,"4:07 PM","10:19",null,null,"SUB: Paul FOR Rivers",null,null],["0041400237",163,8,0,2,"4:07 PM","10:19","SUB: Smith FOR Jones",null,null,null,null],["0041400237",164,1,1,2,"4:08 PM","10:08","Brewer 26' 3PT Jump Shot (3 PTS) (Prigioni 1 AST)",null,null,"21 - 36","15"],["0041400237",165,2,1,2,"4:08 PM","9:56",null,null,"MISS Crawford 11' Jump Shot",null,null],["0041400237",167,4,0,2,"4:08 PM","9:55",null,null,"Griffin REBOUND (Off:1 Def:3)",null,null],["0041400237",166,1,5,2,"4:08 PM","9:55",null,null,"Griffin 1' Layup (8 PTS)","23 - 36","13"],["0041400237",168,6,26,2,"4:08 PM","9:45","Brewer Offensive Charge Foul (P1.T1) (K.Mauer)",null,null,null,null],["0041400237",169,5,5,2,"4:08 PM","9:45","Brewer Foul Turnover (P1.T9)",null,null,null,null],["0041400237",170,1,79,2,"4:09 PM","9:31",null,null,"Crawford 25' 3PT Pullup Jump Shot (5 PTS)","26 - 36","10"],["0041400237",171,1,79,2,"4:09 PM","9:22","Smith 26' 3PT Pullup Jump Shot (7 PTS)",null,null,"26 - 39","13"],["0041400237",172,6,2,2,"4:09 PM","9:09","Ariza S.FOUL (P1.T2) (K.Mauer)",null,null,null,null],["0041400237",173,3,11,2,"4:10 PM","9:09",null,null,"Crawford Free Throw 1 of 2 (6 PTS)","27 - 39","12"],["0041400237",175,3,12,2,"4:10 PM","9:09",null,null,"Crawford Free Throw 2 of 2 (7 PTS)","28 - 39","11"],["0041400237",177,1,73,2,"4:11 PM","8:56","Smith 1' Driving Reverse Layup (9 PTS)",null,null,"28 - 41","13"],["0041400237",178,1,79,2,"4:11 PM","8:38",null,null,"Crawford 25' 3PT Pullup Jump Shot (10 PTS)","31 - 41","10"],["0041400237",179,1,52,2,"4:11 PM","8:24","Howard  Alley Oop Dunk (8 PTS) (Brewer 3 AST)",null,null,"31 - 43","12"],["0041400237",180,1,8,2,"4:11 PM","8:09",null,null,"Griffin  Slam Dunk (10 PTS) (Crawford 1 AST)","33 - 43","10"],["0041400237",181,9,1,2,"4:11 PM","8:01","ROCKETS Timeout: Regular (Full 2 Short 0)",null,null,null,null],["0041400237",183,2,1,2,"4:15 PM","7:49","MISS Ariza 18' Jump Shot",null,null,null,null],["0041400237",184,4,0,2,"4:15 PM","7:48",null,null,"Griffin REBOUND (Off:1 Def:4)",null,null],["0041400237",185,6,1,2,"4:15 PM","7:43","Prigioni P.FOUL (P1.T3) (T.Brothers)",null,null,null,null],["0041400237",186,8,0,2,"4:15 PM","7:43","SUB: Terry FOR Prigioni",null,null,null,null],["0041400237",187,8,0,2,"4:16 PM","7:43","SUB: Harden FOR Brewer",null,null,null,null],["0041400237",188,2,79,2,"4:16 PM","7:33",null,null,"MISS Crawford 12' Pullup Jump Shot",null,null],["0041400237",189,4,0,2,"4:16 PM","7:30","ROCKETS Rebound",null,null,null,null],["0041400237",190,1,1,2,"4:16 PM","7:17","Ariza 25' 3PT Jump Shot (6 PTS) (Harden 4 AST)",null,null,"33 - 46","13"],["0041400237",191,2,63,2,"4:17 PM","7:02",null,null,"MISS Paul 9' Fadeaway Jumper",null,null],["0041400237",192,4,0,2,"4:17 PM","7:01",null,null,"Jordan REBOUND (Off:4 Def:2)",null,null],["0041400237",193,2,43,2,"4:17 PM","6:52",null,null,"MISS Jordan 2' Alley Oop Layup",null,null],["0041400237",194,4,0,2,"4:17 PM","6:51","Howard REBOUND (Off:2 Def:6)",null,null,null,null],["0041400237",195,2,79,2,"4:17 PM","6:45","MISS Smith 25' 3PT Pullup Jump Shot",null,null,null,null],["0041400237",196,4,0,2,"4:17 PM","6:44",null,null,"Jordan REBOUND (Off:4 Def:3)",null,null],["0041400237",197,2,5,2,"4:17 PM","6:38",null,null,"MISS Griffin 3' Layup",null,null],["0041400237",201,4,0,2,"4:17 PM","6:37",null,null,"Griffin REBOUND (Off:2 Def:4)",null,null],["0041400237",209,2,53,2,"4:17 PM","6:37",null,null,"MISS Griffin 2' Tip Shot",null,null],["0041400237",198,4,0,2,"4:17 PM","6:36","Howard REBOUND (Off:2 Def:7)",null,null,null,null],["0041400237",199,2,1,2,"4:17 PM","6:18","MISS Terry 25' 3PT Jump Shot",null,null,null,null],["0041400237",200,4,0,2,"4:17 PM","6:16",null,null,"Redick REBOUND (Off:0 Def:3)",null,null],["0041400237",202,2,1,2,"4:18 PM","6:00",null,null,"MISS Griffin 19' Jump Shot",null,null],["0041400237",204,4,0,2,"4:18 PM","5:59","Ariza REBOUND (Off:0 Def:1)",null,null,null,null],["0041400237",206,1,79,2,"4:18 PM","5:48","Terry 17' Pullup Jump Shot (2 PTS)",null,null,"33 - 48","15"],["0041400237",207,9,1,2,"4:18 PM","5:47",null,null,"Clippers Timeout: Regular (Reg.2 Short 0)",null,null],["0041400237",210,8,0,2,"4:20 PM","5:47",null,null,"SUB: Barnes FOR Crawford",null,null],["0041400237",211,8,0,2,"4:20 PM","5:47","SUB: Capela FOR Howard",null,null,null,null],["0041400237",212,1,1,2,"4:22 PM","5:35",null,null,"Redick 24' 3PT Jump Shot (6 PTS) (Griffin 3 AST)","36 - 48","12"],["0041400237",213,6,1,2,"4:22 PM","5:19",null,null,"Barnes P.FOUL (P1.T2) (M.Callahan)",null,null],["0041400237",214,2,1,2,"4:22 PM","5:11","MISS Smith 11' Jump Shot",null,null,null,null],["0041400237",215,4,0,2,"4:22 PM","5:10",null,null,"Paul REBOUND (Off:0 Def:1)",null,null],["0041400237",216,5,1,2,"4:22 PM","5:02",null,null,"Redick Bad Pass Turnover (P4.T9)",null,null],["0041400237",217,2,80,2,"4:23 PM","4:44","MISS Harden 25' 3PT Step Back Jump Shot",null,null,null,null],["0041400237",218,4,0,2,"4:23 PM","4:43",null,null,"Barnes REBOUND (Off:0 Def:1)",null,null],["0041400237",219,1,79,2,"4:23 PM","4:33",null,null,"Paul 18' Pullup Jump Shot (6 PTS)","38 - 48","10"],["0041400237",220,2,1,2,"4:23 PM","4:16","MISS Ariza 25' 3PT Jump Shot",null,null,null,null],["0041400237",221,4,0,2,"4:23 PM","4:16",null,null,"Clippers Rebound",null,null],["0041400237",222,1,52,2,"4:24 PM","3:57",null,null,"Jordan  Alley Oop Dunk (4 PTS) (Griffin 4 AST)","40 - 48","8"],["0041400237",224,9,2,2,"4:24 PM","3:56","ROCKETS Timeout: Short (Full 2 Short 1)",null,null,null,null],["0041400237",226,8,0,2,"4:25 PM","3:56","SUB: Howard FOR Smith",null,null,null,null],["0041400237",227,8,0,2,"4:25 PM","3:56","SUB: Jones FOR Capela",null,null,null,null],["0041400237",229,2,5,2,"4:26 PM","3:33","MISS Jones 4' Layup",null,"Jordan BLOCK (1 BLK)",null,null],["0041400237",230,4,0,2,"4:26 PM","3:31",null,null,"Jordan REBOUND (Off:4 Def:4)",null,null],["0041400237",231,2,1,2,"4:26 PM","3:27",null,null,"MISS Redick 24' 3PT Jump Shot",null,null],["0041400237",232,4,0,2,"4:26 PM","3:26","Terry REBOUND (Off:0 Def:1)",null,null,null,null],["0041400237",233,2,42,2,"4:26 PM","3:22","MISS Terry 3' Driving Layup",null,"Jordan BLOCK (2 BLK)",null,null],["0041400237",234,4,0,2,"4:26 PM","3:22","ROCKETS Rebound",null,null,null,null],["0041400237",235,1,8,2,"4:27 PM","3:18","Howard  Slam Dunk (10 PTS) (Ariza 2 AST)",null,null,"40 - 50","10"],["0041400237",236,2,46,2,"4:27 PM","2:53",null,null,"MISS Paul 10' Running Jump Shot",null,null],["0041400237",237,4,0,2,"4:27 PM","2:52","Terry REBOUND (Off:0 Def:2)",null,null,null,null],["0041400237",238,2,42,2,"4:27 PM","2:48","MISS Harden 3' Driving Layup",null,"Redick BLOCK (1 BLK)",null,null],["0041400237",239,4,0,2,"4:27 PM","2:48","ROCKETS Rebound",null,null,null,null],["0041400237",241,1,1,2,"4:30 PM","2:40","Jones 20' Jump Shot (8 PTS) (Ariza 3 AST)",null,null,"40 - 52","12"],["0041400237",242,1,79,2,"4:31 PM","2:23",null,null,"Paul 16' Pullup Jump Shot (8 PTS)","42 - 52","10"],["0041400237",243,2,79,2,"4:31 PM","2:11","MISS Ariza 26' 3PT Pullup Jump Shot",null,null,null,null],["0041400237",244,4,0,2,"4:31 PM","2:10",null,null,"Paul REBOUND (Off:0 Def:2)",null,null],["0041400237",245,1,1,2,"4:31 PM","2:00",null,null,"Griffin 19' Jump Shot (12 PTS) (Paul 1 AST)","44 - 52","8"],["0041400237",246,2,1,2,"4:31 PM","1:42","MISS Ariza 24' 3PT Jump Shot",null,null,null,null],["0041400237",247,4,0,2,"4:31 PM","1:41",null,null,"Clippers Rebound",null,null],["0041400237",248,6,2,2,"4:32 PM","1:29","Terry S.FOUL (P2.T4) (K.Mauer)",null,null,null,null],["0041400237",249,3,11,2,"4:32 PM","1:29",null,null,"Paul Free Throw 1 of 2 (9 PTS)","45 - 52","7"],["0041400237",251,3,12,2,"4:32 PM","1:29",null,null,"Paul Free Throw 2 of 2 (10 PTS)","46 - 52","6"],["0041400237",253,6,1,2,"4:33 PM","1:16",null,null,"Griffin P.FOUL (P2.T3) (T.Brothers)",null,null],["0041400237",254,2,80,2,"4:33 PM","1:01","MISS Harden 17' Step Back Jump Shot",null,null,null,null],["0041400237",255,4,0,2,"4:33 PM","1:00",null,null,"Jordan REBOUND (Off:4 Def:5)",null,null],["0041400237",256,2,78,2,"4:33 PM","0:51",null,null,"MISS Paul 7' Floating Jump Shot",null,null],["0041400237",257,4,0,2,"4:33 PM","0:50","Howard REBOUND (Off:2 Def:8)",null,null,null,null],["0041400237",258,6,1,2,"4:33 PM","0:48",null,null,"Redick P.FOUL (P2.PN) (T.Brothers)",null,null],["0041400237",259,3,11,2,"4:34 PM","0:48","Terry Free Throw 1 of 2 (3 PTS)",null,null,"46 - 53","7"],["0041400237",261,3,12,2,"4:34 PM","0:48","Terry Free Throw 2 of 2 (4 PTS)",null,null,"46 - 54","8"],["0041400237",263,9,2,2,"4:34 PM","0:48",null,null,"Clippers Timeout: Short (Reg.2 Short 1)",null,null],["0041400237",266,8,0,2,"4:35 PM","0:48",null,null,"SUB: Crawford FOR Barnes",null,null],["0041400237",267,2,78,2,"4:36 PM","0:38",null,null,"MISS Griffin 7' Floating Jump Shot",null,null],["0041400237",268,4,0,2,"4:36 PM","0:37","Howard REBOUND (Off:2 Def:9)",null,null,null,null],["0041400237",269,1,52,2,"4:36 PM","0:28","Howard  Alley Oop Dunk (12 PTS) (Harden 5 AST)",null,null,"46 - 56","10"],["0041400237",270,2,63,2,"4:36 PM","0:03",null,null,"MISS Crawford 18' Fadeaway Jumper",null,null],["0041400237",271,4,0,2,"4:36 PM","0:02","Jones REBOUND (Off:0 Def:3)",null,null,null,null],["0041400237",272,2,66,2,"4:37 PM","0:00","MISS Jones 25' 3PT Jump Bank Shot",null,null,null,null],["0041400237",274,4,0,2,"4:37 PM","0:00","ROCKETS Rebound",null,null,null,null],["0041400237",273,13,0,2,"4:37 PM","0:00",null,null,null,"46 - 56","10"],["0041400237",276,12,0,3,"4:54 PM","12:00",null,null,null,"46 - 56","10"],["0041400237",277,6,2,3,"4:54 PM","11:47","Smith S.FOUL (P2.T1) (M.Callahan)",null,null,null,null],["0041400237",278,3,11,3,"4:54 PM","11:47",null,null,"Jordan Free Throw 1 of 2 (5 PTS)","47 - 56","9"],["0041400237",280,3,12,3,"4:54 PM","11:47",null,null,"Jordan Free Throw 2 of 2 (6 PTS)","48 - 56","8"],["0041400237",282,2,1,3,"4:55 PM","11:26","MISS Harden 5' Jump Shot",null,"Redick BLOCK (2 BLK)",null,null],["0041400237",283,4,0,3,"4:55 PM","11:25",null,null,"Redick REBOUND (Off:0 Def:4)",null,null],["0041400237",284,5,1,3,"4:55 PM","11:23","Ariza STEAL (1 STL)",null,"Redick Bad Pass Turnover (P5.T10)",null,null],["0041400237",285,1,1,3,"4:55 PM","11:20","Ariza 25' 3PT Jump Shot (9 PTS)",null,null,"48 - 59","11"],["0041400237",286,1,1,3,"4:56 PM","10:57",null,null,"Paul 26' 3PT Jump Shot (13 PTS) (Griffin 5 AST)","51 - 59","8"],["0041400237",287,2,85,3,"4:56 PM","10:29","MISS Howard 10' Turnaround Bank Shot",null,null,null,null],["0041400237",288,4,0,3,"4:56 PM","10:28",null,null,"Griffin REBOUND (Off:2 Def:5)",null,null],["0041400237",289,1,79,3,"4:56 PM","10:19",null,null,"Paul 7' Pullup Jump Shot (15 PTS)","53 - 59","6"],["0041400237",290,2,1,3,"4:57 PM","9:57","MISS Ariza 25' 3PT Jump Shot",null,null,null,null],["0041400237",291,4,0,3,"4:57 PM","9:56",null,null,"Griffin REBOUND (Off:2 Def:6)",null,null],["0041400237",292,6,27,3,"4:57 PM","9:51","Ariza Personal Block Foul (P2.T2) (T.Brothers)",null,null,null,null],["0041400237",293,5,1,3,"4:57 PM","9:46","Howard STEAL (2 STL)",null,"Griffin Bad Pass Turnover (P2.T11)",null,null],["0041400237",294,6,2,3,"4:57 PM","9:34",null,null,"Jordan S.FOUL (P1.T1) (T.Brothers)",null,null],["0041400237",295,3,11,3,"4:58 PM","9:34","MISS Smith Free Throw 1 of 2",null,null,null,null],["0041400237",296,4,1,3,"4:58 PM","9:34","ROCKETS Rebound",null,null,null,null],["0041400237",297,3,12,3,"4:58 PM","9:34","Smith Free Throw 2 of 2 (10 PTS)",null,null,"53 - 60","7"],["0041400237",299,6,4,3,"4:58 PM","9:29",null,null,"Jordan OFF.Foul (P2) (K.Mauer)",null,null],["0041400237",300,5,5,3,"4:58 PM","9:29",null,null,"Jordan Foul Turnover (P1.T12)",null,null],["0041400237",301,2,1,3,"4:59 PM","9:04","MISS Harden 23' Jump Shot",null,"Redick BLOCK (3 BLK)",null,null],["0041400237",302,4,0,3,"4:59 PM","9:04","ROCKETS Rebound",null,null,null,null],["0041400237",309,5,11,3,"4:59 PM","9:04","ROCKETS Turnover: Shot Clock (T#10)",null,null,null,null],["0041400237",304,6,1,3,"4:59 PM","9:01","Terry P.FOUL (P3.T3) (K.Mauer)",null,null,null,null],["0041400237",305,1,1,3,"5:00 PM","8:52",null,null,"Griffin 18' Jump Shot (14 PTS) (Paul 2 AST)","55 - 60","5"],["0041400237",306,5,2,3,"5:00 PM","8:36","Terry Lost Ball Turnover (P2.T11)",null,"Paul STEAL (2 STL)",null,null],["0041400237",307,1,5,3,"5:00 PM","8:32",null,null,"Redick 1' Layup (8 PTS) (Paul 3 AST)","57 - 60","3"],["0041400237",308,9,1,3,"5:00 PM","8:32","ROCKETS Timeout: Regular (Full 3 Short 1)",null,null,null,null],["0041400237",311,1,88,3,"5:04 PM","8:17","Harden  Driving Slam Dunk (14 PTS)",null,null,"57 - 62","5"],["0041400237",313,2,57,3,"5:04 PM","8:01",null,null,"MISS Griffin 6' Driving Hook Shot",null,null],["0041400237",314,4,0,3,"5:04 PM","8:00","Harden REBOUND (Off:0 Def:4)",null,null,null,null],["0041400237",315,1,1,3,"5:05 PM","7:53","Smith 26' 3PT Jump Shot (13 PTS) (Harden 6 AST)",null,null,"57 - 65","8"],["0041400237",316,6,1,3,"5:05 PM","7:40","Howard P.FOUL (P3.T4) (T.Brothers)",null,null,null,null],["0041400237",317,2,3,3,"5:05 PM","7:32","Smith BLOCK (1 BLK)",null,"MISS Griffin 5' Hook Shot",null,null],["0041400237",318,4,0,3,"5:05 PM","7:31","Harden REBOUND (Off:0 Def:5)",null,null,null,null],["0041400237",319,2,1,3,"5:05 PM","7:25","MISS Terry 25' 3PT Jump Shot",null,null,null,null],["0041400237",320,4,0,3,"5:05 PM","7:24",null,null,"Jordan REBOUND (Off:4 Def:6)",null,null],["0041400237",321,6,2,3,"5:06 PM","7:17","Smith S.FOUL (P3.PN) (M.Callahan)",null,null,null,null],["0041400237",322,3,11,3,"5:06 PM","7:17",null,null,"MISS Jordan Free Throw 1 of 2",null,null],["0041400237",323,4,1,3,"5:06 PM","7:17",null,null,"Clippers Rebound",null,null],["0041400237",324,3,12,3,"5:06 PM","7:17",null,null,"MISS Jordan Free Throw 2 of 2",null,null],["0041400237",326,4,0,3,"5:07 PM","7:17","Howard REBOUND (Off:2 Def:10)",null,null,null,null],["0041400237",328,6,2,3,"5:07 PM","6:58",null,null,"Redick S.FOUL (P3.T2) (K.Mauer)",null,null],["0041400237",329,3,11,3,"5:08 PM","6:58","MISS Harden Free Throw 1 of 2",null,null,null,null],["0041400237",330,4,1,3,"5:08 PM","6:58","ROCKETS Rebound",null,null,null,null],["0041400237",331,3,12,3,"5:08 PM","6:58","Harden Free Throw 2 of 2 (15 PTS)",null,null,"57 - 66","9"],["0041400237",333,6,1,3,"5:09 PM","6:46","Terry P.FOUL (P4.PN) (T.Brothers)",null,null,null,null],["0041400237",334,3,11,3,"5:09 PM","6:46",null,null,"Paul Free Throw 1 of 2 (16 PTS)","58 - 66","8"],["0041400237",336,8,0,3,"5:09 PM","6:46","SUB: Prigioni FOR Terry",null,null,null,null],["0041400237",337,3,12,3,"5:09 PM","6:46",null,null,"Paul Free Throw 2 of 2 (17 PTS)","59 - 66","7"],["0041400237",339,6,2,3,"5:10 PM","6:30",null,null,"Barnes S.FOUL (P2.T3) (K.Mauer)",null,null],["0041400237",340,3,11,3,"5:10 PM","6:30","MISS Howard Free Throw 1 of 2",null,null,null,null],["0041400237",341,4,1,3,"5:10 PM","6:30","ROCKETS Rebound",null,null,null,null],["0041400237",342,3,12,3,"5:10 PM","6:30","Howard Free Throw 2 of 2 (13 PTS)",null,null,"59 - 67","8"],["0041400237",344,2,79,3,"5:11 PM","6:20",null,null,"MISS Paul 16' Pullup Jump Shot",null,null],["0041400237",345,4,0,3,"5:11 PM","6:18",null,null,"Jordan REBOUND (Off:5 Def:6)",null,null],["0041400237",346,5,1,3,"5:11 PM","6:11",null,null,"Paul Bad Pass Turnover (P3.T13)",null,null],["0041400237",347,6,1,3,"5:11 PM","5:59",null,null,"Barnes P.FOUL (P3.T4) (K.Mauer)",null,null],["0041400237",348,8,0,3,"5:11 PM","5:59",null,null,"SUB: Crawford FOR Barnes",null,null],["0041400237",349,5,8,3,"5:12 PM","5:46","Howard 3 Second Violation Turnover (P2.T12)",null,null,null,null],["0041400237",350,5,1,3,"5:12 PM","5:45","Prigioni STEAL (2 STL)",null,"Griffin Bad Pass Turnover (P3.T14)",null,null],["0041400237",351,1,1,3,"5:12 PM","5:26","Prigioni 27' 3PT Jump Shot (3 PTS) (Howard 2 AST)",null,null,"59 - 70","11"],["0041400237",352,1,56,3,"5:13 PM","5:01",null,null,"Griffin 6' Running Hook Shot (16 PTS)","61 - 70","9"],["0041400237",353,5,40,3,"5:13 PM","4:42","Ariza Out of Bounds Lost Ball Turnover (P2.T13)",null,null,null,null],["0041400237",354,8,0,3,"5:13 PM","4:42",null,null,"SUB: Rivers FOR Redick",null,null],["0041400237",356,2,79,3,"5:14 PM","4:26",null,null,"MISS Crawford 9' Pullup Jump Shot",null,null],["0041400237",357,4,0,3,"5:14 PM","4:25","Ariza REBOUND (Off:0 Def:2)",null,null,null,null],["0041400237",358,1,56,3,"5:14 PM","4:13","Smith 6' Running Hook Shot (15 PTS)",null,null,"61 - 72","11"],["0041400237",359,1,52,3,"5:14 PM","3:58",null,null,"Jordan  Alley Oop Dunk (8 PTS) (Griffin 6 AST)","63 - 72","9"],["0041400237",360,2,80,3,"5:14 PM","3:43","MISS Harden 14' Step Back Jump Shot",null,null,null,null],["0041400237",361,4,0,3,"5:14 PM","3:42",null,null,"Jordan REBOUND (Off:5 Def:7)",null,null],["0041400237",362,2,1,3,"5:15 PM","3:34",null,null,"MISS Paul 19' Jump Shot",null,null],["0041400237",363,4,0,3,"5:15 PM","3:33","Howard REBOUND (Off:2 Def:11)",null,null,null,null],["0041400237",364,5,1,3,"5:15 PM","3:14","Harden Bad Pass Turnover (P4.T14)",null,"Paul STEAL (3 STL)",null,null],["0041400237",366,2,1,3,"5:15 PM","3:06",null,null,"MISS Crawford 26' 3PT Jump Shot",null,null],["0041400237",367,4,0,3,"5:15 PM","3:05","Ariza REBOUND (Off:0 Def:3)",null,null,null,null],["0041400237",368,9,2,3,"5:15 PM","2:59","ROCKETS Timeout: Short (Full 3 Short 2)",null,null,null,null],["0041400237",370,9,1,3,"5:16 PM","2:59",null,null,"Clippers Timeout: Regular (Reg.3 Short 1)",null,null],["0041400237",372,8,0,3,"5:18 PM","2:59","SUB: Brewer FOR Howard",null,null,null,null],["0041400237",373,8,0,3,"5:18 PM","2:59","SUB: Jones FOR Smith",null,null,null,null],["0041400237",375,8,0,3,"5:19 PM","2:59",null,null,"SUB: Davis FOR Jordan",null,null],["0041400237",376,2,1,3,"5:19 PM","2:48","MISS Jones 4' Jump Shot",null,"Griffin BLOCK (1 BLK)",null,null],["0041400237",377,4,0,3,"5:20 PM","2:48","ROCKETS Rebound",null,null,null,null],["0041400237",378,6,2,3,"5:20 PM","2:43",null,null,"Crawford S.FOUL (P1.PN) (M.Callahan)",null,null],["0041400237",379,3,11,3,"5:20 PM","2:43","Harden Free Throw 1 of 2 (16 PTS)",null,null,"63 - 73","10"],["0041400237",381,3,12,3,"5:21 PM","2:43","Harden Free Throw 2 of 2 (17 PTS)",null,null,"63 - 74","11"],["0041400237",383,1,1,3,"5:21 PM","2:21",null,null,"Crawford  3PT Jump Shot (13 PTS) (Davis 1 AST)","66 - 74","8"],["0041400237",384,2,3,3,"5:22 PM","1:54","MISS Jones 8' Hook Shot",null,null,null,null],["0041400237",385,4,0,3,"5:22 PM","1:53","Prigioni REBOUND (Off:1 Def:0)",null,null,null,null],["0041400237",386,1,1,3,"5:22 PM","1:49","Ariza  3PT Jump Shot (12 PTS) (Prigioni 2 AST)",null,null,"66 - 77","11"],["0041400237",387,2,1,3,"5:22 PM","1:28",null,null,"MISS Crawford 27' 3PT Jump Shot",null,null],["0041400237",388,4,0,3,"5:22 PM","1:27","ROCKETS Rebound",null,null,null,null],["0041400237",389,6,3,3,"5:22 PM","1:27",null,null,"Davis L.B.FOUL (P1.PN) (K.Mauer)",null,null],["0041400237",390,3,11,3,"5:23 PM","1:27","Ariza Free Throw 1 of 2 (13 PTS)",null,null,"66 - 78","12"],["0041400237",392,3,12,3,"5:23 PM","1:27","Ariza Free Throw 2 of 2 (14 PTS)",null,null,"66 - 79","13"],["0041400237",395,5,2,3,"5:23 PM","1:16","Ariza STEAL (2 STL)",null,"Griffin Lost Ball Turnover (P4.T15)",null,null],["0041400237",396,1,42,3,"5:23 PM","1:11","Harden 1' Driving Layup (19 PTS)",null,null,"66 - 81","15"],["0041400237",397,5,2,3,"5:23 PM","0:59","Prigioni STEAL (3 STL)",null,"Griffin Lost Ball Turnover (P5.T16)",null,null],["0041400237",398,6,2,3,"5:24 PM","0:56",null,null,"Paul S.FOUL (P2.PN) (M.Callahan)",null,null],["0041400237",399,3,11,3,"5:24 PM","0:56","MISS Prigioni Free Throw 1 of 2",null,null,null,null],["0041400237",400,4,1,3,"5:24 PM","0:56","ROCKETS Rebound",null,null,null,null],["0041400237",401,3,12,3,"5:24 PM","0:56","Prigioni Free Throw 2 of 2 (4 PTS)",null,null,"66 - 82","16"],["0041400237",403,2,79,3,"5:25 PM","0:40",null,null,"MISS Paul 26' 3PT Pullup Jump Shot",null,null],["0041400237",404,4,0,3,"5:25 PM","0:39","Ariza REBOUND (Off:0 Def:4)",null,null,null,null],["0041400237",405,6,1,3,"5:25 PM","0:32",null,null,"Davis P.FOUL (P2.PN) (M.Callahan)",null,null],["0041400237",406,3,11,3,"5:25 PM","0:32","Harden Free Throw 1 of 2 (20 PTS)",null,null,"66 - 83","17"],["0041400237",408,8,0,3,"5:26 PM","0:32",null,null,"SUB: Redick FOR Davis",null,null],["0041400237",409,3,12,3,"5:26 PM","0:32","MISS Harden Free Throw 2 of 2",null,null,null,null],["0041400237",411,4,0,3,"5:27 PM","0:32",null,null,"Griffin REBOUND (Off:2 Def:7)",null,null],["0041400237",412,1,42,3,"5:27 PM","0:21",null,null,"Crawford 4' Driving Layup (15 PTS)","68 - 83","15"],["0041400237",414,1,80,3,"5:27 PM","0:00","Harden 18' Step Back Jump Shot (22 PTS)",null,null,"68 - 85","17"],["0041400237",415,13,0,3,"5:27 PM","0:00",null,null,null,"68 - 85","17"],["0041400237",417,12,0,4,"5:31 PM","12:00",null,null,null,"68 - 85","17"],["0041400237",418,1,5,4,"5:31 PM","11:50","Howard 3' Layup (15 PTS) (Prigioni 3 AST)",null,null,"68 - 87","19"],["0041400237",419,6,2,4,"5:31 PM","11:50",null,null,"Crawford S.FOUL (P2.T1) (T.Brothers)",null,null],["0041400237",420,3,10,4,"5:32 PM","11:50","Howard Free Throw 1 of 1 (16 PTS)",null,null,"68 - 88","20"],["0041400237",422,2,52,4,"5:32 PM","11:39",null,null,"MISS Jordan  Alley Oop Dunk",null,null],["0041400237",423,4,0,4,"5:32 PM","11:38",null,null,"Paul REBOUND (Off:1 Def:2)",null,null],["0041400237",424,6,1,4,"5:32 PM","11:37","Harden P.FOUL (P1.T1) (T.Brothers)",null,null,null,null],["0041400237",425,1,79,4,"5:33 PM","11:30",null,null,"Paul 15' Pullup Jump Shot (19 PTS)","70 - 88","18"],["0041400237",427,1,80,4,"5:33 PM","11:06","Brewer 18' Step Back Jump Shot (5 PTS) (Prigioni 4 AST)",null,null,"70 - 90","20"],["0041400237",428,2,46,4,"5:34 PM","10:54",null,null,"MISS Rivers 12' Running Jump Shot",null,null],["0041400237",429,4,0,4,"5:34 PM","10:53","Howard REBOUND (Off:2 Def:12)",null,null,null,null],["0041400237",430,2,5,4,"5:34 PM","10:32","MISS Ariza 3' Layup",null,"Jordan BLOCK (3 BLK)",null,null],["0041400237",431,4,0,4,"5:34 PM","10:32","ROCKETS Rebound",null,null,null,null],["0041400237",432,2,3,4,"5:35 PM","10:29","MISS Howard 3' Hook Shot",null,null,null,null],["0041400237",433,4,0,4,"5:35 PM","10:28",null,null,"Jordan REBOUND (Off:5 Def:8)",null,null],["0041400237",434,1,79,4,"5:35 PM","10:19",null,null,"Paul 17' Pullup Jump Shot (21 PTS)","72 - 90","18"],["0041400237",435,5,2,4,"5:35 PM","10:02","Harden Lost Ball Turnover (P5.T15)",null,"Crawford STEAL (1 STL)",null,null],["0041400237",436,2,1,4,"5:35 PM","9:56",null,null,"MISS Redick 26' 3PT Jump Shot",null,null],["0041400237",437,4,0,4,"5:35 PM","9:55","Ariza REBOUND (Off:0 Def:5)",null,null,null,null],["0041400237",438,2,1,4,"5:35 PM","9:50","MISS Harden 4' Jump Shot",null,null,null,null],["0041400237",439,4,0,4,"5:35 PM","9:49",null,null,"Rivers REBOUND (Off:0 Def:2)",null,null],["0041400237",440,6,1,4,"5:35 PM","9:47","Prigioni P.FOUL (P2.T2) (T.Brothers)",null,null,null,null],["0041400237",441,8,0,4,"5:36 PM","9:47",null,null,"SUB: Griffin FOR Jordan",null,null],["0041400237",442,2,5,4,"5:36 PM","9:38",null,null,"MISS Griffin 3' Layup",null,null],["0041400237",443,4,0,4,"5:36 PM","9:37",null,null,"Griffin REBOUND (Off:3 Def:7)",null,null],["0041400237",444,1,5,4,"5:36 PM","9:35",null,null,"Griffin 1' Layup (18 PTS)","74 - 90","16"],["0041400237",446,2,80,4,"5:36 PM","9:13","MISS Harden 25' 3PT Step Back Jump Shot",null,null,null,null],["0041400237",447,4,0,4,"5:36 PM","9:12","ROCKETS Rebound",null,null,null,null],["0041400237",448,6,3,4,"5:36 PM","9:12",null,null,"Griffin L.B.FOUL (P3.T2) (M.Callahan)",null,null],["0041400237",449,9,1,4,"5:37 PM","9:12","ROCKETS Timeout: Regular (Full 4 Short 2)",null,null,null,null],["0041400237",453,6,28,4,"5:40 PM","9:11",null,null,"Crawford Personal Take Foul (P3.T3) (M.Callahan)",null,null],["0041400237",454,8,0,4,"5:40 PM","9:11",null,null,"SUB: Jones FOR Crawford",null,null],["0041400237",455,6,28,4,"5:41 PM","9:10",null,null,"Jones Personal Take Foul (P1.T4) (M.Callahan)",null,null],["0041400237",456,8,0,4,"5:41 PM","9:10","SUB: Jones FOR Howard",null,null,null,null],["0041400237",457,8,0,4,"5:41 PM","9:10",null,null,"SUB: Crawford FOR Jones",null,null],["0041400237",458,6,1,4,"5:42 PM","8:57",null,null,"Crawford P.FOUL (P4.PN) (M.Callahan)",null,null],["0041400237",459,3,11,4,"5:42 PM","8:57","Harden Free Throw 1 of 2 (23 PTS)",null,null,"74 - 91","17"],["0041400237",461,3,12,4,"5:42 PM","8:57","Harden Free Throw 2 of 2 (24 PTS)",null,null,"74 - 92","18"],["0041400237",463,2,79,4,"5:43 PM","8:38",null,null,"MISS Paul 17' Pullup Jump Shot",null,null],["0041400237",464,4,0,4,"5:43 PM","8:37",null,null,"Griffin REBOUND (Off:4 Def:7)",null,null],["0041400237",465,1,5,4,"5:43 PM","8:36",null,null,"Griffin 1' Layup (20 PTS)","76 - 92","16"],["0041400237",466,1,42,4,"5:43 PM","8:14","Brewer 4' Driving Layup (7 PTS)",null,null,"76 - 94","18"],["0041400237",467,6,1,4,"5:44 PM","7:58","Ariza P.FOUL (P3.T3) (M.Callahan)",null,null,null,null],["0041400237",468,8,0,4,"5:44 PM","7:58",null,null,"SUB: Barnes FOR Crawford",null,null],["0041400237",469,8,0,4,"5:44 PM","7:58",null,null,"SUB: Jordan FOR Rivers",null,null],["0041400237",470,8,0,4,"5:44 PM","7:58","SUB: Howard FOR Prigioni",null,null,null,null],["0041400237",471,5,1,4,"5:45 PM","7:47","Harden STEAL (3 STL)",null,"Redick Bad Pass Turnover (P6.T17)",null,null],["0041400237",472,2,1,4,"5:45 PM","7:36","MISS Jones 6' Jump Shot",null,"Redick BLOCK (4 BLK)",null,null],["0041400237",473,4,0,4,"5:45 PM","7:36","ROCKETS Rebound",null,null,null,null],["0041400237",474,8,0,4,"5:45 PM","7:36","SUB: Terry FOR Howard",null,null,null,null],["0041400237",475,8,0,4,"5:45 PM","7:36",null,null,"SUB: Jones FOR Jordan",null,null],["0041400237",476,2,80,4,"5:46 PM","7:26","MISS Harden 25' 3PT Step Back Jump Shot",null,null,null,null],["0041400237",477,4,0,4,"5:46 PM","7:24","Brewer REBOUND (Off:1 Def:2)",null,null,null,null],["0041400237",478,2,5,4,"5:46 PM","7:21","MISS Brewer 3' Layup",null,"Barnes BLOCK (1 BLK)",null,null],["0041400237",479,4,0,4,"5:46 PM","7:20",null,null,"Jones REBOUND (Off:0 Def:1)",null,null],["0041400237",480,6,1,4,"5:46 PM","7:16","Jones P.FOUL (P1.T4) (T.Brothers)",null,null,null,null],["0041400237",481,8,0,4,"5:47 PM","7:16",null,null,"SUB: Jordan FOR Jones",null,null],["0041400237",482,8,0,4,"5:47 PM","7:16","SUB: Howard FOR Terry",null,null,null,null],["0041400237",483,6,2,4,"5:47 PM","7:10","Ariza S.FOUL (P4.PN) (K.Mauer)",null,null,null,null],["0041400237",484,3,11,4,"5:47 PM","7:10",null,null,"Paul Free Throw 1 of 2 (22 PTS)","77 - 94","17"],["0041400237",486,8,0,4,"5:48 PM","7:10","SUB: Terry FOR Howard",null,null,null,null],["0041400237",487,3,12,4,"5:48 PM","7:10",null,null,"Paul Free Throw 2 of 2 (23 PTS)","78 - 94","16"],["0041400237",489,1,1,4,"5:48 PM","6:55","Ariza 25' 3PT Jump Shot (17 PTS) (Harden 7 AST)",null,null,"78 - 97","19"],["0041400237",490,1,79,4,"5:48 PM","6:46",null,null,"Paul 25' 3PT Pullup Jump Shot (26 PTS)","81 - 97","16"],["0041400237",491,6,1,4,"5:49 PM","6:33",null,null,"Jordan P.FOUL (P3.PN) (M.Callahan)",null,null],["0041400237",492,3,11,4,"5:49 PM","6:33","Harden Free Throw 1 of 2 (25 PTS)",null,null,"81 - 98","17"],["0041400237",494,3,12,4,"5:50 PM","6:33","Harden Free Throw 2 of 2 (26 PTS)",null,null,"81 - 99","18"],["0041400237",496,1,52,4,"5:50 PM","6:26",null,null,"Jordan  Alley Oop Dunk (10 PTS) (Paul 4 AST)","83 - 99","16"],["0041400237",497,2,1,4,"5:50 PM","6:15","MISS Terry  3PT Jump Shot",null,null,null,null],["0041400237",498,4,0,4,"5:50 PM","6:14",null,null,"Paul REBOUND (Off:1 Def:3)",null,null],["0041400237",499,2,79,4,"5:50 PM","6:09",null,null,"MISS Paul 26' 3PT Pullup Jump Shot",null,null],["0041400237",500,4,0,4,"5:50 PM","6:08","Harden REBOUND (Off:0 Def:6)",null,null,null,null],["0041400237",502,2,79,4,"5:51 PM","5:48","MISS Harden 25' 3PT Pullup Jump Shot",null,null,null,null],["0041400237",503,4,0,4,"5:51 PM","5:47",null,null,"Redick REBOUND (Off:0 Def:5)",null,null],["0041400237",504,2,1,4,"5:51 PM","5:30",null,null,"MISS Paul 25' 3PT Jump Shot",null,null],["0041400237",505,4,0,4,"5:51 PM","5:28",null,null,"Barnes REBOUND (Off:1 Def:1)",null,null],["0041400237",506,6,4,4,"5:51 PM","5:23",null,null,"Paul OFF.Foul (P3) (T.Brothers)",null,null],["0041400237",507,5,5,4,"5:51 PM","5:23",null,null,"Paul Foul Turnover (P4.T18)",null,null],["0041400237",508,9,4,4,"5:51 PM","5:23",null,null,null,null,null],["0041400237",510,1,1,4,"5:55 PM","5:03","Brewer 22' Jump Shot (9 PTS) (Harden 8 AST)",null,null,"83 - 101","18"],["0041400237",511,1,7,4,"5:55 PM","4:49",null,null,"Jordan  Dunk (12 PTS) (Paul 5 AST)","85 - 101","16"],["0041400237",512,2,80,4,"5:55 PM","4:28","MISS Harden 17' Step Back Jump Shot",null,null,null,null],["0041400237",513,4,0,4,"5:55 PM","4:27",null,null,"Redick REBOUND (Off:0 Def:6)",null,null],["0041400237",514,2,1,4,"5:56 PM","4:21",null,null,"MISS Redick 25' 3PT Jump Shot",null,null],["0041400237",515,4,0,4,"5:56 PM","4:20","Harden REBOUND (Off:0 Def:7)",null,null,null,null],["0041400237",516,6,1,4,"5:56 PM","4:20",null,null,"Barnes P.FOUL (P4.PN) (M.Callahan)",null,null],["0041400237",517,3,11,4,"5:57 PM","4:20","Harden Free Throw 1 of 2 (27 PTS)",null,null,"85 - 102","17"],["0041400237",519,8,0,4,"5:57 PM","4:20",null,null,"SUB: Crawford FOR Barnes",null,null],["0041400237",520,3,12,4,"5:57 PM","4:20","MISS Harden Free Throw 2 of 2",null,null,null,null],["0041400237",522,4,0,4,"5:57 PM","4:20",null,null,"Jordan REBOUND (Off:5 Def:9)",null,null],["0041400237",523,2,1,4,"5:58 PM","4:06",null,null,"MISS Crawford 24' 3PT Jump Shot",null,null],["0041400237",524,4,0,4,"5:58 PM","4:04",null,null,"Paul REBOUND (Off:2 Def:3)",null,null],["0041400237",525,1,7,4,"5:58 PM","4:00",null,null,"Jordan  Dunk (14 PTS) (Paul 6 AST)","87 - 102","15"],["0041400237",526,2,1,4,"5:58 PM","3:38","MISS Ariza 25' 3PT Jump Shot",null,null,null,null],["0041400237",527,4,0,4,"5:58 PM","3:37",null,null,"Jordan REBOUND (Off:5 Def:10)",null,null],["0041400237",528,6,1,4,"5:58 PM","3:32","Ariza P.FOUL (P5.PN) (T.Brothers)",null,null,null,null],["0041400237",529,3,11,4,"5:59 PM","3:32",null,null,"MISS Griffin Free Throw 1 of 2",null,null],["0041400237",530,4,1,4,"5:59 PM","3:32",null,null,"Clippers Rebound",null,null],["0041400237",531,3,12,4,"5:59 PM","3:32",null,null,"Griffin Free Throw 2 of 2 (21 PTS)","88 - 102","14"],["0041400237",533,2,5,4,"6:00 PM","3:11","MISS Brewer 3' Layup",null,null,null,null],["0041400237",534,4,0,4,"6:00 PM","3:10",null,null,"Jordan REBOUND (Off:5 Def:11)",null,null],["0041400237",535,1,5,4,"6:00 PM","3:04",null,null,"Griffin 4' Layup (23 PTS) (Paul 7 AST)","90 - 102","12"],["0041400237",536,5,1,4,"6:00 PM","2:35","Harden Bad Pass Turnover (P6.T16)",null,"Jordan STEAL (4 STL)",null,null],["0041400237",537,1,46,4,"6:00 PM","2:25",null,null,"Redick 11' Running Jump Shot (10 PTS) (Paul 8 AST)","92 - 102","10"],["0041400237",538,9,1,4,"6:00 PM","2:24","ROCKETS Timeout: Regular (Full 5 Short 2)",null,null,null,null],["0041400237",540,18,1,4,"6:02 PM","2:24",null,null,null,null,null],["0041400237",542,5,1,4,"6:03 PM","2:10","Harden Bad Pass Turnover (P7.T17)",null,"Paul STEAL (4 STL)",null,null],["0041400237",543,1,7,4,"6:04 PM","2:06",null,null,"Griffin  Dunk (25 PTS) (Paul 9 AST)","94 - 102","8"],["0041400237",544,6,2,4,"6:05 PM","1:40",null,null,"Redick S.FOUL (P4.PN) (K.Mauer)",null,null],["0041400237",545,3,11,4,"6:05 PM","1:40","Harden Free Throw 1 of 2 (28 PTS)",null,null,"94 - 103","9"],["0041400237",547,8,0,4,"6:05 PM","1:40","SUB: Howard FOR Brewer",null,null,null,null],["0041400237",550,3,12,4,"6:06 PM","1:40","Harden Free Throw 2 of 2 (29 PTS)",null,null,"94 - 104","10"],["0041400237",552,1,8,4,"6:06 PM","1:26",null,null,"Jordan  Slam Dunk (16 PTS) (Redick 3 AST)","96 - 104","8"],["0041400237",553,6,2,4,"6:06 PM","1:26","Jones S.FOUL (P2.PN) (K.Mauer)",null,null,null,null],["0041400237",554,3,10,4,"6:06 PM","1:26",null,null,"MISS Jordan Free Throw 1 of 1",null,null],["0041400237",556,4,0,4,"6:07 PM","1:26","Howard REBOUND (Off:2 Def:13)",null,null,null,null],["0041400237",557,6,3,4,"6:07 PM","1:26",null,null,"Paul L.B.FOUL (P4.PN) (K.Mauer)",null,null],["0041400237",558,3,11,4,"6:07 PM","1:26","MISS Howard Free Throw 1 of 2",null,null,null,null],["0041400237",559,4,1,4,"6:07 PM","1:26","ROCKETS Rebound",null,null,null,null],["0041400237",560,3,12,4,"6:08 PM","1:26","MISS Howard Free Throw 2 of 2",null,null,null,null],["0041400237",562,4,0,4,"6:08 PM","1:26",null,null,"Jordan REBOUND (Off:5 Def:12)",null,null],["0041400237",563,9,2,4,"6:08 PM","1:25",null,null,"Clippers Timeout: Short (Reg.3 Short 2)",null,null],["0041400237",565,2,1,4,"6:10 PM","1:14",null,null,"MISS Redick 26' 3PT Jump Shot",null,null],["0041400237",566,4,0,4,"6:10 PM","1:13","Ariza REBOUND (Off:0 Def:6)",null,null,null,null],["0041400237",567,1,1,4,"6:10 PM","0:55","Ariza 24' 3PT Jump Shot (20 PTS) (Jones 1 AST)",null,null,"96 - 107","11"],["0041400237",568,9,1,4,"6:10 PM","0:55",null,null,"Clippers Timeout: Regular (Reg.4 Short 2)",null,null],["0041400237",571,1,63,4,"6:12 PM","0:52",null,null,"Crawford 10' Fadeaway Jumper (17 PTS) (Paul 10 AST)","98 - 107","9"],["0041400237",572,6,1,4,"6:12 PM","0:45",null,null,"Paul P.FOUL (P5.PN) (M.Callahan)",null,null],["0041400237",573,3,11,4,"6:13 PM","0:45","Harden Free Throw 1 of 2 (30 PTS)",null,null,"98 - 108","10"],["0041400237",575,8,0,4,"6:13 PM","0:45",null,null,"SUB: Rivers FOR Jordan",null,null],["0041400237",576,8,0,4,"6:13 PM","0:45","SUB: Brewer FOR Jones",null,null,null,null],["0041400237",577,3,12,4,"6:14 PM","0:45","Harden Free Throw 2 of 2 (31 PTS)",null,null,"98 - 109","11"],["0041400237",579,2,1,4,"6:14 PM","0:39",null,null,"MISS Crawford 26' 3PT Jump Shot",null,null],["0041400237",580,4,0,4,"6:14 PM","0:37","Ariza REBOUND (Off:0 Def:7)",null,null,null,null],["0041400237",581,6,28,4,"6:14 PM","0:36",null,null,"Crawford Personal Take Foul (P5.PN) (K.Mauer)",null,null],["0041400237",582,3,11,4,"6:14 PM","0:36","Ariza Free Throw 1 of 2 (21 PTS)",null,null,"98 - 110","12"],["0041400237",584,3,12,4,"6:15 PM","0:36","Ariza Free Throw 2 of 2 (22 PTS)",null,null,"98 - 111","13"],["0041400237",586,1,1,4,"6:15 PM","0:28",null,null,"Griffin 22' Jump Shot (27 PTS) (Rivers 1 AST)","100 - 111","11"],["0041400237",587,6,28,4,"6:15 PM","0:18",null,null,"Rivers Personal Take Foul (P4.PN) (K.Mauer)",null,null],["0041400237",588,3,11,4,"6:16 PM","0:18","Brewer Free Throw 1 of 2 (10 PTS)",null,null,"100 - 112","12"],["0041400237",590,8,0,4,"6:16 PM","0:18",null,null,"SUB: Hudson FOR Paul",null,null],["0041400237",591,8,0,4,"6:16 PM","0:18",null,null,"SUB: Davis FOR Griffin",null,null],["0041400237",592,8,0,4,"6:16 PM","0:18","SUB: Capela FOR Howard",null,null,null,null],["0041400237",593,8,0,4,"6:16 PM","0:18","SUB: Johnson FOR Harden",null,null,null,null],["0041400237",594,8,0,4,"6:16 PM","0:18",null,null,"SUB: Jones FOR Redick",null,null],["0041400237",595,8,0,4,"6:17 PM","0:18","SUB: Papanikolaou FOR Ariza",null,null,null,null],["0041400237",596,3,12,4,"6:17 PM","0:18","Brewer Free Throw 2 of 2 (11 PTS)",null,null,"100 - 113","13"],["0041400237",598,2,79,4,"6:17 PM","0:12",null,null,"MISS Rivers 28' 3PT Pullup Jump Shot",null,null],["0041400237",599,4,0,4,"6:17 PM","0:11","ROCKETS Rebound",null,null,null,null],["0041400237",601,13,0,4,"6:18 PM","0:00",null,null,null,"100 - 113","13"]]},{"name":"AvailableVideo","headers":["VIDEO_AVAILABLE_FLAG"],"rowSet":[[1]]}]}