{"resource":"playbyplay","parameters":{"GameID":"0041400403","StartPeriod":0,"EndPeriod":14},"resultSets":[{"name":"PlayByPlay","headers":["GAME_ID","EVENTNUM","EVENTMSGTYPE","EVENTMSGACTIONTYPE","PERIOD","WCTIMESTRING","PCTIMESTRING","HOMEDESCRIPTION","NEUTRALDESCRIPTION","VISITORDESCRIPTION","SCORE","SCOREMARGIN"],"rowSet":[["0041400403",0,12,0,1,"9:11 PM","12:00",null,null,null,null,null],["0041400403",1,10,0,1,"9:11 PM","12:00","Jump Ball Mozgov vs. Bogut: Tip to Thompson",null,null,null,null],["0041400403",2,1,42,1,"9:12 PM","11:48","James 2' Driving Layup (2 PTS)",null,null,"0 - 2","2"],["0041400403",3,5,41,1,"9:12 PM","11:30",null,null,"Barnes Poss Lost Ball Turnover (P1.T1)",null,null],["0041400403",4,2,66,1,"9:12 PM","11:02","MISS Dellavedova 13' Jump Bank Shot",null,null,null,null],["0041400403",5,4,0,1,"9:12 PM","11:00",null,null,"Green REBOUND (Off:0 Def:1)",null,null],["0041400403",6,2,1,1,"9:13 PM","10:49",null,null,"MISS Green 26' 3PT Jump Shot",null,null],["0041400403",7,4,0,1,"9:13 PM","10:48","James REBOUND (Off:0 Def:1)",null,null,null,null],["0041400403",8,2,1,1,"9:13 PM","10:40","MISS James 3' Jump Shot",null,null,null,null],["0041400403",9,4,0,1,"9:13 PM","10:39","Thompson REBOUND (Off:1 Def:0)",null,null,null,null],["0041400403",10,1,7,1,"9:13 PM","10:33","Thompson  Dunk (2 PTS)",null,null,"0 - 4","4"],["0041400403",11,1,1,1,"9:13 PM","10:28",null,null,"Curry 25' 3PT Jump Shot (3 PTS)","3 - 4","1"],["0041400403",12,1,84,1,"9:13 PM","10:05","Dellavedova 8' Running Bank Shot (2 PTS)",null,null,"3 - 6","3"],["0041400403",13,2,78,1,"9:14 PM","9:56",null,null,"MISS Curry 5' Floating Jump Shot",null,null],["0041400403",14,4,0,1,"9:14 PM","9:55","Thompson REBOUND (Off:1 Def:1)",null,null,null,null],["0041400403",15,6,1,1,"9:14 PM","9:45",null,null,"Barnes P.FOUL (P1.T1) (D.Stafford)",null,null],["0041400403",16,2,46,1,"9:14 PM","9:39","MISS James 6' Running Jump Shot",null,null,null,null],["0041400403",17,4,0,1,"9:14 PM","9:36",null,null,"Warriors Rebound",null,null],["0041400403",18,1,66,1,"9:14 PM","9:27",null,null,"Thompson 6' Jump Bank Shot (2 PTS) (Curry 1 AST)","5 - 6","1"],["0041400403",19,2,80,1,"9:15 PM","9:08","MISS James 21' Step Back Jump Shot",null,null,null,null],["0041400403",20,4,0,1,"9:15 PM","9:06",null,null,"Curry REBOUND (Off:0 Def:1)",null,null],["0041400403",21,5,2,1,"9:15 PM","8:44","James STEAL (1 STL)",null,"Barnes Lost Ball Turnover (P2.T2)",null,null],["0041400403",22,6,1,1,"9:15 PM","8:43",null,null,"Curry P.FOUL (P1.T2) (M.Davis)",null,null],["0041400403",23,1,5,1,"9:16 PM","8:24","James 1' Layup (4 PTS)",null,null,"5 - 8","3"],["0041400403",24,2,79,1,"9:16 PM","8:11",null,null,"MISS Thompson 12' Pullup Jump Shot",null,null],["0041400403",25,4,0,1,"9:16 PM","8:09","Thompson REBOUND (Off:1 Def:2)",null,null,null,null],["0041400403",26,2,46,1,"9:16 PM","8:03","MISS James 8' Running Jump Shot",null,null,null,null],["0041400403",27,4,0,1,"9:16 PM","8:01","Thompson REBOUND (Off:2 Def:2)",null,null,null,null],["0041400403",28,2,1,1,"9:16 PM","7:59","MISS Dellavedova 25' 3PT Jump Shot",null,null,null,null],["0041400403",29,4,0,1,"9:16 PM","7:57",null,null,"Bogut REBOUND (Off:0 Def:1)",null,null],["0041400403",30,2,1,1,"9:16 PM","7:46",null,null,"MISS Thompson 19' Jump Shot",null,null],["0041400403",31,4,0,1,"9:16 PM","7:45","Thompson REBOUND (Off:2 Def:3)",null,null,null,null],["0041400403",32,1,78,1,"9:17 PM","7:33","Dellavedova 8' Floating Jump Shot (4 PTS)",null,null,"5 - 10","5"],["0041400403",33,9,1,1,"9:17 PM","7:30",null,null,"Warriors Timeout: Regular (Reg.1 Short 0)",null,null],["0041400403",38,2,1,1,"9:20 PM","7:13",null,null,"MISS Curry 26' 3PT Jump Shot",null,null],["0041400403",39,4,0,1,"9:20 PM","7:11","Thompson REBOUND (Off:2 Def:4)",null,null,null,null],["0041400403",40,1,88,1,"9:20 PM","6:59","James  Driving Slam Dunk (6 PTS)",null,null,"5 - 12","7"],["0041400403",41,6,1,1,"9:21 PM","6:49","Dellavedova P.FOUL (P1.T1) (D.Stafford)",null,null,null,null],["0041400403",42,8,0,1,"9:21 PM","6:49",null,null,"SUB: Iguodala FOR Barnes",null,null],["0041400403",43,2,1,1,"9:21 PM","6:38",null,null,"MISS Thompson 26' 3PT Jump Shot",null,null],["0041400403",44,4,0,1,"9:21 PM","6:36",null,null,"Green REBOUND (Off:1 Def:1)",null,null],["0041400403",45,2,1,1,"9:21 PM","6:22",null,null,"MISS Iguodala 26' 3PT Jump Shot",null,null],["0041400403",46,4,0,1,"9:21 PM","6:20","James REBOUND (Off:0 Def:2)",null,null,null,null],["0041400403",47,5,4,1,"9:21 PM","6:16","James Traveling Turnover (P1.T1)",null,null,null,null],["0041400403",48,1,42,1,"9:22 PM","6:04",null,null,"Green 1' Driving Layup (2 PTS) (Iguodala 1 AST)","7 - 12","5"],["0041400403",49,6,2,1,"9:22 PM","6:04","Thompson S.FOUL (P1.T2) (D.Crawford)",null,null,null,null],["0041400403",50,8,0,1,"9:22 PM","6:04",null,null,"SUB: Ezeli FOR Bogut",null,null],["0041400403",51,8,0,1,"9:22 PM","6:04","SUB: Smith FOR Dellavedova",null,null,null,null],["0041400403",52,3,10,1,"9:22 PM","6:04",null,null,"Green Free Throw 1 of 1 (3 PTS)","8 - 12","4"],["0041400403",54,1,1,1,"9:23 PM","5:48","Smith 13' Jump Shot (2 PTS)",null,null,"8 - 14","6"],["0041400403",55,1,1,1,"9:23 PM","5:39",null,null,"Thompson 18' Jump Shot (4 PTS) (Iguodala 2 AST)","10 - 14","4"],["0041400403",56,1,5,1,"9:23 PM","5:17","Mozgov 1' Layup (2 PTS) (Smith 1 AST)",null,null,"10 - 16","6"],["0041400403",57,6,1,1,"9:23 PM","5:10","Shumpert P.FOUL (P1.T3) (D.Stafford)",null,null,null,null],["0041400403",58,1,49,1,"9:24 PM","5:02",null,null,"Iguodala  Driving Dunk (2 PTS) (Curry 2 AST)","12 - 16","4"],["0041400403",59,9,1,1,"9:24 PM","4:53","CAVALIERS Timeout: Regular (Full 1 Short 0)",null,null,null,null],["0041400403",62,8,0,1,"9:28 PM","4:53","SUB: Dellavedova FOR Shumpert",null,null,null,null],["0041400403",63,1,65,1,"9:28 PM","4:38","Thompson 8' Jump Hook Shot (4 PTS)",null,null,"12 - 18","6"],["0041400403",64,1,58,1,"9:28 PM","4:22",null,null,"Ezeli  Turnaround Hook Shot (2 PTS) (Thompson 1 AST)","14 - 18","4"],["0041400403",66,8,0,1,"9:29 PM","4:02",null,null,"SUB: Livingston FOR Thompson",null,null],["0041400403",67,8,0,1,"9:29 PM","4:02","SUB: Jones FOR Mozgov",null,null,null,null],["0041400403",68,2,1,1,"9:29 PM","3:56","MISS Dellavedova 15' Jump Shot",null,null,null,null],["0041400403",69,4,0,1,"9:29 PM","3:55",null,null,"Ezeli REBOUND (Off:0 Def:1)",null,null],["0041400403",70,2,1,1,"9:29 PM","3:44",null,null,"MISS Iguodala 26' 3PT Jump Shot",null,null],["0041400403",71,4,0,1,"9:29 PM","3:43",null,null,"Livingston REBOUND (Off:1 Def:0)",null,null],["0041400403",72,1,5,1,"9:30 PM","3:28",null,null,"Livingston 1' Layup (2 PTS) (Curry 3 AST)","16 - 18","2"],["0041400403",73,1,1,1,"9:30 PM","3:13","Jones 26' 3PT Jump Shot (3 PTS) (James 1 AST)",null,null,"16 - 21","5"],["0041400403",74,6,2,1,"9:30 PM","3:13",null,null,"Green S.FOUL (P1.T3) (M.Davis)",null,null],["0041400403",75,8,0,1,"9:30 PM","3:13",null,null,"SUB: Barnes FOR Green",null,null],["0041400403",76,3,10,1,"9:31 PM","3:13","Jones Free Throw 1 of 1 (4 PTS)",null,null,"16 - 22","6"],["0041400403",81,2,78,1,"9:31 PM","3:01",null,null,"MISS Curry 15' Floating Jump Shot",null,null],["0041400403",78,4,0,1,"9:31 PM","3:00","Jones REBOUND (Off:0 Def:1)",null,null,null,null],["0041400403",79,2,66,1,"9:31 PM","2:48","MISS James 3' Jump Bank Shot",null,null,null,null],["0041400403",80,4,0,1,"9:31 PM","2:45",null,null,"Ezeli REBOUND (Off:0 Def:2)",null,null],["0041400403",82,2,80,1,"9:31 PM","2:31",null,null,"MISS Barnes 13' Step Back Jump Shot",null,null],["0041400403",83,4,0,1,"9:31 PM","2:28",null,null,"Ezeli REBOUND (Off:1 Def:2)",null,null],["0041400403",84,1,7,1,"9:31 PM","2:24",null,null,"Iguodala  Dunk (4 PTS) (Livingston 1 AST)","18 - 22","4"],["0041400403",87,5,1,1,"9:32 PM","2:12","James Bad Pass Turnover (P2.T2)",null,"Curry STEAL (1 STL)",null,null],["0041400403",89,6,1,1,"9:32 PM","2:12","Jones P.FOUL (P1.T4) (M.Davis)",null,null,null,null],["0041400403",91,2,1,1,"9:32 PM","1:52",null,null,"MISS Barnes 18' Jump Shot",null,null],["0041400403",92,4,0,1,"9:32 PM","1:51","James REBOUND (Off:0 Def:3)",null,null,null,null],["0041400403",93,2,1,1,"9:33 PM","1:38","MISS James 7' Jump Shot",null,null,null,null],["0041400403",94,4,0,1,"9:33 PM","1:37",null,null,"Curry REBOUND (Off:0 Def:2)",null,null],["0041400403",95,2,1,1,"9:33 PM","1:33",null,null,"MISS Curry 26' 3PT Jump Shot",null,null],["0041400403",97,4,0,1,"9:33 PM","1:32",null,null,"Barnes REBOUND (Off:1 Def:0)",null,null],["0041400403",96,2,4,1,"9:33 PM","1:32",null,null,"MISS Barnes 3' Tip Shot",null,null],["0041400403",99,4,0,1,"9:33 PM","1:31",null,null,"Barnes REBOUND (Off:2 Def:0)",null,null],["0041400403",98,2,4,1,"9:33 PM","1:31",null,null,"MISS Barnes 2' Tip Shot",null,null],["0041400403",100,4,0,1,"9:33 PM","1:26",null,null,"Curry REBOUND (Off:1 Def:2)",null,null],["0041400403",101,5,1,1,"9:33 PM","1:24",null,null,"Ezeli Bad Pass Turnover (P1.T3)",null,null],["0041400403",102,6,27,1,"9:34 PM","1:11",null,null,"Livingston Personal Block Foul (P1.T4) (M.Davis)",null,null],["0041400403",103,2,5,1,"9:34 PM","0:57","MISS James 1' Layup",null,null,null,null],["0041400403",104,4,0,1,"9:34 PM","0:57","Thompson REBOUND (Off:3 Def:4)",null,null,null,null],["0041400403",105,5,11,1,"9:34 PM","0:57","CAVALIERS Turnover: Shot Clock (T#3)",null,null,null,null],["0041400403",106,8,0,1,"9:34 PM","0:57","SUB: Miller FOR James",null,null,null,null],["0041400403",107,1,1,1,"9:35 PM","0:37",null,null,"Ezeli 13' Jump Shot (4 PTS) (Iguodala 3 AST)","20 - 22","2"],["0041400403",109,2,78,1,"9:35 PM","0:31","MISS Dellavedova 6' Floating Jump Shot",null,"Ezeli BLOCK (1 BLK)",null,null],["0041400403",110,4,0,1,"9:35 PM","0:31","CAVALIERS Rebound",null,null,null,null],["0041400403",113,1,3,1,"9:36 PM","0:25","Thompson 2' Hook Shot (6 PTS) (Dellavedova 1 AST)",null,null,"20 - 24","4"],["0041400403",114,5,1,1,"9:36 PM","0:00","Miller STEAL (1 STL)",null,"Curry Bad Pass Turnover (P1.T4)",null,null],["0041400403",115,2,1,1,"9:36 PM","0:00","MISS Dellavedova 20' Jump Shot",null,"Curry BLOCK (1 BLK)",null,null],["0041400403",116,4,0,1,"9:36 PM","0:00","CAVALIERS Rebound",null,null,null,null],["0041400403",118,6,4,1,"9:37 PM","0:00","Jones OFF.Foul (P2) (D.Crawford)",null,null,null,null],["0041400403",119,5,5,1,"9:37 PM","0:00","Jones Foul Turnover (P1.T4)",null,null,null,null],["0041400403",120,13,0,1,"9:37 PM","0:00",null,null,null,"20 - 24","4"],["0041400403",122,12,0,2,"9:41 PM","12:00",null,null,null,"20 - 24","4"],["0041400403",123,1,1,2,"9:41 PM","11:37",null,null,"Livingston 16' Jump Shot (4 PTS) (Ezeli 1 AST)","22 - 24","2"],["0041400403",124,6,4,2,"9:42 PM","11:24","Mozgov OFF.Foul (P1) (D.Crawford)",null,null,null,null],["0041400403",125,5,5,2,"9:42 PM","11:24","Mozgov Foul Turnover (P1.T5)",null,null,null,null],["0041400403",126,6,2,2,"9:42 PM","11:11","Jones S.FOUL (P3.T1) (D.Crawford)",null,null,null,null],["0041400403",127,3,11,2,"9:42 PM","11:11",null,null,"Ezeli Free Throw 1 of 2 (5 PTS)","23 - 24","1"],["0041400403",129,8,0,2,"9:43 PM","11:11","SUB: Thompson FOR Jones",null,null,null,null],["0041400403",130,8,0,2,"9:43 PM","11:11",null,null,"SUB: Green FOR Barnes",null,null],["0041400403",131,3,12,2,"9:43 PM","11:11",null,null,"MISS Ezeli Free Throw 2 of 2",null,null],["0041400403",133,4,0,2,"9:43 PM","11:10","Smith REBOUND (Off:0 Def:1)",null,null,null,null],["0041400403",134,1,1,2,"9:43 PM","10:53","Smith 20' Jump Shot (4 PTS)",null,null,"23 - 26","3"],["0041400403",135,1,1,2,"9:44 PM","10:37",null,null,"Iguodala 24' 3PT Jump Shot (7 PTS) (Livingston 2 AST)","26 - 26","TIE"],["0041400403",136,6,1,2,"9:44 PM","10:21",null,null,"Ezeli P.FOUL (P1.T1) (M.Davis)",null,null],["0041400403",137,1,42,2,"9:45 PM","10:08","James 1' Driving Layup (8 PTS)",null,null,"26 - 28","2"],["0041400403",138,2,84,2,"9:45 PM","9:49",null,null,"MISS Barbosa 7' Running Bank Shot",null,null],["0041400403",139,4,0,2,"9:45 PM","9:48","James REBOUND (Off:0 Def:4)",null,null,null,null],["0041400403",140,1,1,2,"9:45 PM","9:28","Smith 26' 3PT Jump Shot (7 PTS) (Mozgov 1 AST)",null,null,"26 - 31","5"],["0041400403",141,9,1,2,"9:45 PM","9:23",null,null,"Warriors Timeout: Regular (Reg.2 Short 0)",null,null],["0041400403",144,8,0,2,"9:49 PM","9:23",null,null,"SUB: Bogut FOR Ezeli",null,null],["0041400403",145,8,0,2,"9:49 PM","9:23",null,null,"SUB: Thompson FOR Barbosa",null,null],["0041400403",146,5,1,2,"9:49 PM","9:13","Mozgov STEAL (1 STL)",null,"Livingston Bad Pass Turnover (P1.T5)",null,null],["0041400403",147,2,47,2,"9:49 PM","8:58","MISS James 15' Turnaround Jump Shot",null,null,null,null],["0041400403",148,4,0,2,"9:49 PM","8:55",null,null,"Bogut REBOUND (Off:0 Def:2)",null,null],["0041400403",149,2,1,2,"9:50 PM","8:41",null,null,"MISS Iguodala 26' 3PT Jump Shot",null,null],["0041400403",150,4,0,2,"9:50 PM","8:40","James REBOUND (Off:0 Def:5)",null,null,null,null],["0041400403",151,2,5,2,"9:50 PM","8:17","MISS Mozgov 2' Layup",null,"Bogut BLOCK (1 BLK)",null,null],["0041400403",152,4,0,2,"9:50 PM","8:15",null,null,"Bogut REBOUND (Off:0 Def:3)",null,null],["0041400403",153,2,1,2,"9:50 PM","8:08","Smith BLOCK (1 BLK)",null,"MISS Thompson 7' Jump Shot",null,null],["0041400403",154,4,0,2,"9:50 PM","8:06",null,null,"Thompson REBOUND (Off:1 Def:0)",null,null],["0041400403",155,1,1,2,"9:50 PM","8:04",null,null,"Thompson 10' Jump Shot (6 PTS)","28 - 31","3"],["0041400403",156,6,1,2,"9:51 PM","7:46",null,null,"Thompson P.FOUL (P1.T2) (M.Davis)",null,null],["0041400403",157,8,0,2,"9:51 PM","7:46","SUB: Dellavedova FOR Miller",null,null,null,null],["0041400403",158,8,0,2,"9:51 PM","7:46",null,null,"SUB: Curry FOR Livingston",null,null],["0041400403",159,2,1,2,"9:51 PM","7:38","MISS Thompson 13' Jump Shot",null,null,null,null],["0041400403",160,4,0,2,"9:51 PM","7:38","CAVALIERS Rebound",null,null,null,null],["0041400403",161,6,3,2,"9:51 PM","7:38",null,null,"Green L.B.FOUL (P2.T3) (D.Crawford)",null,null],["0041400403",162,6,2,2,"9:52 PM","7:28",null,null,"Iguodala S.FOUL (P1.T4) (M.Davis)",null,null],["0041400403",163,3,11,2,"9:52 PM","7:28","James Free Throw 1 of 2 (9 PTS)",null,null,"28 - 32","4"],["0041400403",165,3,12,2,"9:52 PM","7:28","MISS James Free Throw 2 of 2",null,null,null,null],["0041400403",167,4,0,2,"9:53 PM","7:27",null,null,"Green REBOUND (Off:1 Def:2)",null,null],["0041400403",168,2,1,2,"9:53 PM","7:12",null,null,"MISS Thompson 26' 3PT Jump Shot",null,null],["0041400403",169,4,0,2,"9:53 PM","7:11","Mozgov REBOUND (Off:0 Def:1)",null,null,null,null],["0041400403",170,1,42,2,"9:53 PM","7:01","James 1' Driving Layup (11 PTS)",null,null,"28 - 34","6"],["0041400403",171,2,77,2,"9:53 PM","6:49","Mozgov BLOCK (1 BLK)",null,"MISS Green 5' Driving Jump Shot",null,null],["0041400403",172,4,0,2,"9:53 PM","6:48","James REBOUND (Off:0 Def:6)",null,null,null,null],["0041400403",173,2,1,2,"9:53 PM","6:41","MISS Dellavedova 24' 3PT Jump Shot",null,null,null,null],["0041400403",174,4,0,2,"9:53 PM","6:40",null,null,"Thompson REBOUND (Off:1 Def:1)",null,null],["0041400403",175,2,1,2,"9:54 PM","6:19",null,null,"MISS Green 26' 3PT Jump Shot",null,null],["0041400403",176,4,0,2,"9:54 PM","6:18","Dellavedova REBOUND (Off:0 Def:1)",null,null,null,null],["0041400403",177,2,1,2,"9:54 PM","6:12","MISS Smith 25' 3PT Jump Shot",null,null,null,null],["0041400403",178,4,0,2,"9:54 PM","6:10",null,null,"Warriors Rebound",null,null],["0041400403",179,1,1,2,"9:55 PM","5:55",null,null,"Green 25' 3PT Jump Shot (6 PTS) (Bogut 1 AST)","31 - 34","3"],["0041400403",180,2,1,2,"9:55 PM","5:31","MISS Dellavedova 26' 3PT Jump Shot",null,null,null,null],["0041400403",181,4,0,2,"9:55 PM","5:31","CAVALIERS Rebound",null,null,null,null],["0041400403",182,6,3,2,"9:55 PM","5:31",null,null,"Bogut L.B.FOUL (P1.PN) (D.Stafford)",null,null],["0041400403",183,9,4,2,"9:55 PM","5:31",null,null,null,null,null],["0041400403",185,8,0,2,"9:58 PM","5:31",null,null,"SUB: Lee FOR Bogut",null,null],["0041400403",186,8,0,2,"9:58 PM","5:31","SUB: Shumpert FOR Smith",null,null,null,null],["0041400403",187,3,11,2,"9:58 PM","5:31","MISS Thompson Free Throw 1 of 2",null,null,null,null],["0041400403",188,4,1,2,"9:58 PM","5:31","CAVALIERS Rebound",null,null,null,null],["0041400403",189,3,12,2,"9:59 PM","5:31","Thompson Free Throw 2 of 2 (7 PTS)",null,null,"31 - 35","4"],["0041400403",191,2,78,2,"9:59 PM","5:21",null,null,"MISS Green 7' Floating Jump Shot",null,null],["0041400403",192,4,0,2,"9:59 PM","5:18","James REBOUND (Off:0 Def:7)",null,null,null,null],["0041400403",193,2,47,2,"10:00 PM","5:01","MISS Mozgov 15' Turnaround Jump Shot",null,null,null,null],["0041400403",194,4,0,2,"10:00 PM","4:58",null,null,"Thompson REBOUND (Off:1 Def:2)",null,null],["0041400403",195,2,1,2,"10:00 PM","4:50",null,null,"MISS Iguodala 25' 3PT Jump Shot",null,null],["0041400403",196,4,0,2,"10:00 PM","4:49","Mozgov REBOUND (Off:0 Def:2)",null,null,null,null],["0041400403",197,1,1,2,"10:00 PM","4:37","Shumpert 25' 3PT Jump Shot (3 PTS) (James 2 AST)",null,null,"31 - 38","7"],["0041400403",198,1,7,2,"10:00 PM","4:21",null,null,"Lee  Dunk (2 PTS) (Iguodala 4 AST)","33 - 38","5"],["0041400403",199,7,5,2,"10:01 PM","4:09",null,null,"Iguodala Violation:Kicked Ball (M.Davis)",null,null],["0041400403",200,5,1,2,"10:01 PM","4:01","Dellavedova Bad Pass Turnover (P1.T6)",null,"Lee STEAL (1 STL)",null,null],["0041400403",201,6,2,2,"10:01 PM","3:52","Mozgov S.FOUL (P2.T2) (M.Davis)",null,null,null,null],["0041400403",202,3,11,2,"10:01 PM","3:52",null,null,"MISS Green Free Throw 1 of 2",null,null],["0041400403",203,4,1,2,"10:01 PM","3:52",null,null,"Warriors Rebound",null,null],["0041400403",204,8,0,2,"10:02 PM","3:52","SUB: Smith FOR Mozgov",null,null,null,null],["0041400403",205,3,12,2,"10:02 PM","3:52",null,null,"Green Free Throw 2 of 2 (7 PTS)","34 - 38","4"],["0041400403",208,5,15,2,"10:03 PM","3:30","Thompson Offensive Goaltending Turnover (P1.T7)",null,null,null,null],["0041400403",209,2,1,2,"10:03 PM","3:19",null,null,"MISS Curry 26' 3PT Jump Shot",null,null],["0041400403",210,4,0,2,"10:03 PM","3:18","Shumpert REBOUND (Off:0 Def:1)",null,null,null,null],["0041400403",211,2,42,2,"10:03 PM","2:55","MISS James 3' Driving Layup",null,"Iguodala BLOCK (1 BLK)",null,null],["0041400403",213,4,0,2,"10:03 PM","2:51","James REBOUND (Off:1 Def:7)",null,null,null,null],["0041400403",212,1,5,2,"10:03 PM","2:51","James 1' Layup (13 PTS)",null,null,"34 - 40","6"],["0041400403",214,6,2,2,"10:04 PM","2:44","Smith S.FOUL (P1.T3) (M.Davis)",null,null,null,null],["0041400403",215,9,1,2,"10:04 PM","2:44","CAVALIERS Timeout: Regular (Full 2 Short 0)",null,null,null,null],["0041400403",218,8,0,2,"10:07 PM","2:44",null,null,"SUB: Ezeli FOR Green",null,null],["0041400403",219,8,0,2,"10:07 PM","2:44",null,null,"SUB: Barnes FOR Lee",null,null],["0041400403",220,3,11,2,"10:07 PM","2:44",null,null,"Iguodala Free Throw 1 of 2 (8 PTS)","35 - 40","5"],["0041400403",222,3,12,2,"10:07 PM","2:44",null,null,"MISS Iguodala Free Throw 2 of 2",null,null],["0041400403",224,4,0,2,"10:08 PM","2:40","Shumpert REBOUND (Off:0 Def:2)",null,null,null,null],["0041400403",225,2,80,2,"10:08 PM","2:21","MISS Smith 20' Step Back Jump Shot",null,null,null,null],["0041400403",226,4,0,2,"10:08 PM","2:20",null,null,"Iguodala REBOUND (Off:0 Def:1)",null,null],["0041400403",227,1,49,2,"10:08 PM","2:16",null,null,"Iguodala  Driving Dunk (10 PTS)","37 - 40","3"],["0041400403",228,6,2,2,"10:08 PM","2:00",null,null,"Thompson S.FOUL (P2.PN) (M.Davis)",null,null],["0041400403",229,3,11,2,"10:09 PM","2:00","Dellavedova Free Throw 1 of 2 (5 PTS)",null,null,"37 - 41","4"],["0041400403",231,3,12,2,"10:09 PM","2:00","MISS Dellavedova Free Throw 2 of 2",null,null,null,null],["0041400403",233,4,0,2,"10:09 PM","1:59",null,null,"Iguodala REBOUND (Off:0 Def:2)",null,null],["0041400403",234,2,1,2,"10:09 PM","1:41",null,null,"MISS Ezeli 8' Jump Shot",null,null],["0041400403",235,4,0,2,"10:09 PM","1:41","CAVALIERS Rebound",null,null,null,null],["0041400403",236,2,1,2,"10:10 PM","1:20","MISS James 7' Jump Shot",null,null,null,null],["0041400403",237,4,0,2,"10:10 PM","1:19",null,null,"Iguodala REBOUND (Off:0 Def:3)",null,null],["0041400403",238,2,1,2,"10:10 PM","1:11",null,null,"MISS Barnes 20' Jump Shot",null,null],["0041400403",239,4,0,2,"10:10 PM","1:10","James REBOUND (Off:1 Def:8)",null,null,null,null],["0041400403",240,2,1,2,"10:10 PM","0:57","MISS Shumpert  3PT Jump Shot",null,null,null,null],["0041400403",241,4,0,2,"10:10 PM","0:55",null,null,"Thompson REBOUND (Off:1 Def:3)",null,null],["0041400403",242,2,1,2,"10:10 PM","0:48",null,null,"MISS Barnes 7' Jump Shot",null,null],["0041400403",244,4,0,2,"10:10 PM","0:47",null,null,"Ezeli REBOUND (Off:2 Def:2)",null,null],["0041400403",243,2,4,2,"10:10 PM","0:47",null,null,"MISS Ezeli 1' Tip Shot",null,null],["0041400403",245,4,0,2,"10:10 PM","0:44",null,null,"Barnes REBOUND (Off:3 Def:0)",null,null],["0041400403",246,5,2,2,"10:10 PM","0:41","Shumpert STEAL (1 STL)",null,"Barnes Lost Ball Turnover (P3.T6)",null,null],["0041400403",248,2,77,2,"10:11 PM","0:25","MISS James 3' Driving Jump Shot",null,null,null,null],["0041400403",249,4,0,2,"10:11 PM","0:24",null,null,"Iguodala REBOUND (Off:0 Def:4)",null,null],["0041400403",250,2,1,2,"10:11 PM","0:18",null,null,"MISS Thompson 24' 3PT Jump Shot",null,null],["0041400403",251,4,0,2,"10:11 PM","0:17",null,null,"Curry REBOUND (Off:2 Def:2)",null,null],["0041400403",252,5,1,2,"10:11 PM","0:15",null,null,"Curry Bad Pass Turnover (P2.T7)",null,null],["0041400403",253,9,2,2,"10:11 PM","0:15","CAVALIERS Timeout: Short (Full 2 Short 1)",null,null,null,null],["0041400403",255,8,0,2,"10:12 PM","0:15",null,null,"SUB: Livingston FOR Thompson",null,null],["0041400403",256,8,0,2,"10:12 PM","0:15","SUB: Jones FOR Thompson",null,null,null,null],["0041400403",257,1,1,2,"10:13 PM","0:00","Jones 24' 3PT Jump Shot (7 PTS) (James 3 AST)",null,null,"37 - 44","7"],["0041400403",258,2,1,2,"10:13 PM","0:00",null,null,"MISS Livingston 73' 3PT Jump Shot",null,null],["0041400403",259,4,0,2,"10:13 PM","0:00",null,null,"Warriors Rebound",null,null],["0041400403",260,13,0,2,"10:13 PM","0:00",null,null,null,"37 - 44","7"],["0041400403",262,12,0,3,"10:30 PM","12:00",null,null,null,"37 - 44","7"],["0041400403",263,2,5,3,"10:31 PM","11:47",null,null,"MISS Bogut 1' Layup",null,null],["0041400403",265,4,0,3,"10:31 PM","11:45",null,null,"Bogut REBOUND (Off:1 Def:3)",null,null],["0041400403",264,1,4,3,"10:31 PM","11:45",null,null,"Bogut  Tip Shot (2 PTS)","39 - 44","5"],["0041400403",266,1,42,3,"10:31 PM","11:24","James 1' Driving Layup (15 PTS) (Thompson 1 AST)",null,null,"39 - 46","7"],["0041400403",267,2,1,3,"10:31 PM","11:14",null,null,"MISS Curry 9' Jump Shot",null,null],["0041400403",268,4,0,3,"10:31 PM","11:13","Mozgov REBOUND (Off:0 Def:3)",null,null,null,null],["0041400403",269,5,2,3,"10:31 PM","11:01","Mozgov Lost Ball Turnover (P2.T8)",null,"Green STEAL (1 STL)",null,null],["0041400403",270,1,84,3,"10:32 PM","10:49",null,null,"Bogut 7' Running Bank Shot (4 PTS) (Curry 4 AST)","41 - 46","5"],["0041400403",271,1,1,3,"10:32 PM","10:33","Dellavedova 27' 3PT Jump Shot (8 PTS) (James 4 AST)",null,null,"41 - 49","8"],["0041400403",272,2,1,3,"10:32 PM","10:15",null,null,"MISS Thompson 26' 3PT Jump Shot",null,null],["0041400403",273,4,0,3,"10:32 PM","10:14","Mozgov REBOUND (Off:0 Def:4)",null,null,null,null],["0041400403",274,1,78,3,"10:32 PM","10:00","Dellavedova 11' Floating Jump Shot (10 PTS)",null,null,"41 - 51","10"],["0041400403",275,9,1,3,"10:33 PM","10:00",null,null,"Warriors Timeout: Regular (Reg.3 Short 0)",null,null],["0041400403",279,1,88,3,"10:37 PM","9:36",null,null,"Thompson  Driving Slam Dunk (8 PTS)","43 - 51","8"],["0041400403",280,6,1,3,"10:37 PM","9:11",null,null,"Green P.FOUL (P3.T1) (D.Stafford)",null,null],["0041400403",281,2,1,3,"10:37 PM","8:58","MISS James 24' 3PT Jump Shot",null,null,null,null],["0041400403",282,4,0,3,"10:38 PM","8:57",null,null,"Warriors Rebound",null,null],["0041400403",283,6,4,3,"10:38 PM","8:41",null,null,"Green OFF.Foul (P4) (D.Crawford)",null,null],["0041400403",284,5,5,3,"10:38 PM","8:41",null,null,"Green Foul Turnover (P1.T8)",null,null],["0041400403",285,1,45,3,"10:39 PM","8:23","James 15' Jump Shot (17 PTS) (Dellavedova 2 AST)",null,null,"43 - 53","10"],["0041400403",286,5,2,3,"10:39 PM","8:06","Shumpert STEAL (2 STL)",null,"Thompson Lost Ball Turnover (P1.T9)",null,null],["0041400403",287,2,1,3,"10:39 PM","7:42","MISS James 16' Jump Shot",null,null,null,null],["0041400403",288,4,0,3,"10:39 PM","7:41",null,null,"Bogut REBOUND (Off:1 Def:4)",null,null],["0041400403",289,2,1,3,"10:39 PM","7:31","Mozgov BLOCK (2 BLK)",null,"MISS Green 14' Jump Shot",null,null],["0041400403",290,4,0,3,"10:39 PM","7:29",null,null,"Green REBOUND (Off:2 Def:2)",null,null],["0041400403",291,1,1,3,"10:40 PM","7:24",null,null,"Thompson 24' 3PT Jump Shot (11 PTS) (Green 1 AST)","46 - 53","7"],["0041400403",292,2,1,3,"10:40 PM","7:06","MISS Dellavedova 26' 3PT Jump Shot",null,null,null,null],["0041400403",293,4,0,3,"10:40 PM","7:06",null,null,"Green REBOUND (Off:2 Def:3)",null,null],["0041400403",294,2,1,3,"10:40 PM","7:00",null,null,"MISS Barnes 26' 3PT Jump Shot",null,null],["0041400403",295,4,0,3,"10:40 PM","6:57","Thompson REBOUND (Off:3 Def:5)",null,null,null,null],["0041400403",296,1,1,3,"10:40 PM","6:36","Dellavedova 26' 3PT Jump Shot (13 PTS) (James 5 AST)",null,null,"46 - 56","10"],["0041400403",297,1,1,3,"10:41 PM","6:22",null,null,"Curry 18' Jump Shot (5 PTS) (Green 2 AST)","48 - 56","8"],["0041400403",298,2,1,3,"10:41 PM","5:58","MISS Thompson 10' Jump Shot",null,null,null,null],["0041400403",299,4,0,3,"10:41 PM","5:57",null,null,"Bogut REBOUND (Off:1 Def:5)",null,null],["0041400403",300,5,2,3,"10:41 PM","5:51","Shumpert STEAL (3 STL)",null,"Curry Lost Ball Turnover (P3.T10)",null,null],["0041400403",301,1,1,3,"10:41 PM","5:44","James 25' 3PT Jump Shot (20 PTS) (Dellavedova 3 AST)",null,null,"48 - 59","11"],["0041400403",302,2,1,3,"10:41 PM","5:29","Mozgov BLOCK (3 BLK)",null,"MISS Green 7' Jump Shot",null,null],["0041400403",303,4,0,3,"10:41 PM","5:29","Thompson REBOUND (Off:3 Def:6)",null,null,null,null],["0041400403",304,6,1,3,"10:42 PM","5:29",null,null,"Bogut P.FOUL (P2.T2) (D.Crawford)",null,null],["0041400403",305,8,0,3,"10:42 PM","5:29","SUB: Smith FOR Shumpert",null,null,null,null],["0041400403",306,8,0,3,"10:42 PM","5:29",null,null,"SUB: Iguodala FOR Green",null,null],["0041400403",307,1,80,3,"10:42 PM","5:07","James 7' Step Back Jump Shot (22 PTS)",null,null,"48 - 61","13"],["0041400403",308,2,1,3,"10:43 PM","4:49",null,null,"MISS Barnes 19' Jump Shot",null,null],["0041400403",309,4,0,3,"10:43 PM","4:47","James REBOUND (Off:1 Def:9)",null,null,null,null],["0041400403",310,9,1,3,"10:43 PM","4:41","CAVALIERS Timeout: Regular (Full 3 Short 1)",null,null,null,null],["0041400403",313,8,0,3,"10:47 PM","4:41",null,null,"SUB: Livingston FOR Barnes",null,null],["0041400403",314,8,0,3,"10:47 PM","4:41",null,null,"SUB: Ezeli FOR Bogut",null,null],["0041400403",315,2,1,3,"10:47 PM","4:31","MISS James 25' 3PT Jump Shot",null,null,null,null],["0041400403",316,4,0,3,"10:47 PM","4:29",null,null,"Ezeli REBOUND (Off:2 Def:3)",null,null],["0041400403",317,2,1,3,"10:47 PM","4:11","Mozgov BLOCK (4 BLK)",null,"MISS Ezeli 6' Jump Shot",null,null],["0041400403",318,4,0,3,"10:47 PM","4:09",null,null,"Livingston REBOUND (Off:2 Def:0)",null,null],["0041400403",319,2,65,3,"10:48 PM","4:07",null,null,"MISS Livingston 3' Jump Hook Shot",null,null],["0041400403",320,4,0,3,"10:48 PM","4:06","Thompson REBOUND (Off:3 Def:7)",null,null,null,null],["0041400403",323,2,45,3,"10:48 PM","3:50","MISS Mozgov 4' Jump Shot",null,"Ezeli BLOCK (2 BLK)",null,null],["0041400403",333,4,0,3,"10:48 PM","3:49","Dellavedova REBOUND (Off:1 Def:1)",null,null,null,null],["0041400403",321,1,66,3,"10:48 PM","3:48","Dellavedova 8' Jump Bank Shot (15 PTS)",null,null,"48 - 63","15"],["0041400403",322,2,47,3,"10:48 PM","3:35",null,null,"MISS Curry 8' Turnaround Jump Shot",null,null],["0041400403",324,4,0,3,"10:48 PM","3:33","Dellavedova REBOUND (Off:1 Def:2)",null,null,null,null],["0041400403",325,1,1,3,"10:48 PM","3:27","Smith  3PT Jump Shot (10 PTS) (James 6 AST)",null,null,"48 - 66","18"],["0041400403",326,2,1,3,"10:48 PM","3:13","James BLOCK (1 BLK)",null,"MISS Thompson 5' Jump Shot",null,null],["0041400403",327,4,0,3,"10:48 PM","3:10","Mozgov REBOUND (Off:0 Def:5)",null,null,null,null],["0041400403",328,1,7,3,"10:49 PM","2:52","Mozgov  Dunk (4 PTS) (James 7 AST)",null,null,"48 - 68","20"],["0041400403",329,1,1,3,"10:49 PM","2:40",null,null,"Curry 28' 3PT Jump Shot (8 PTS)","51 - 68","17"],["0041400403",330,5,2,3,"10:49 PM","2:22","Dellavedova Lost Ball Turnover (P2.T9)",null,"Curry STEAL (2 STL)",null,null],["0041400403",334,8,0,3,"10:50 PM","2:17",null,null,"SUB: Barbosa FOR Thompson",null,null],["0041400403",335,8,0,3,"10:50 PM","2:17","SUB: Jones FOR Dellavedova",null,null,null,null],["0041400403",336,8,0,3,"10:50 PM","2:17","SUB: Shumpert FOR Mozgov",null,null,null,null],["0041400403",337,5,2,3,"10:50 PM","2:07","James STEAL (2 STL)",null,"Ezeli Lost Ball Turnover (P2.T11)",null,null],["0041400403",339,6,1,3,"10:50 PM","2:02",null,null,"Livingston P.FOUL (P2.T3) (M.Davis)",null,null],["0041400403",341,6,1,3,"10:51 PM","1:53",null,null,"Barbosa P.FOUL (P1.T4) (M.Davis)",null,null],["0041400403",342,1,80,3,"10:51 PM","1:41","James 6' Step Back Jump Shot (24 PTS)",null,null,"51 - 70","19"],["0041400403",343,1,79,3,"10:52 PM","1:29",null,null,"Curry 9' Pullup Jump Shot (10 PTS)","53 - 70","17"],["0041400403",344,6,26,3,"10:52 PM","1:17","Shumpert Offensive Charge Foul (P2.T1) (M.Davis)",null,null,null,null],["0041400403",345,5,5,3,"10:52 PM","1:17","Shumpert Foul Turnover (P1.T10)",null,null,null,null],["0041400403",346,1,1,3,"10:52 PM","1:06",null,null,"Barbosa 20' Jump Shot (2 PTS) (Curry 5 AST)","55 - 70","15"],["0041400403",348,6,2,3,"10:53 PM","0:42",null,null,"Livingston S.FOUL (P3.PN) (D.Crawford)",null,null],["0041400403",349,3,11,3,"10:53 PM","0:42","James Free Throw 1 of 2 (25 PTS)",null,null,"55 - 71","16"],["0041400403",351,3,12,3,"10:53 PM","0:42","James Free Throw 2 of 2 (26 PTS)",null,null,"55 - 72","17"],["0041400403",353,2,1,3,"10:54 PM","0:32",null,null,"MISS Barbosa 20' Jump Shot",null,null],["0041400403",354,4,0,3,"10:54 PM","0:29",null,null,"Ezeli REBOUND (Off:3 Def:3)",null,null],["0041400403",355,2,7,3,"10:54 PM","0:27","James BLOCK (2 BLK)",null,"MISS Ezeli  Dunk",null,null],["0041400403",356,4,0,3,"10:54 PM","0:25","Thompson REBOUND (Off:3 Def:8)",null,null,null,null],["0041400403",357,2,1,3,"10:54 PM","0:05","MISS James 26' 3PT Jump Shot",null,null,null,null],["0041400403",358,4,0,3,"10:54 PM","0:04",null,null,"Ezeli REBOUND (Off:3 Def:4)",null,null],["0041400403",361,18,0,3,"10:55 PM","0:00",null,null,null,"55 - 72","17"],["0041400403",359,13,0,3,"10:55 PM","0:00",null,null,null,"55 - 72","17"],["0041400403",362,12,0,4,"10:59 PM","12:00",null,null,null,"55 - 72","17"],["0041400403",363,2,1,4,"10:59 PM","11:37","MISS Dellavedova 13' Jump Shot",null,"Barbosa BLOCK (1 BLK)",null,null],["0041400403",364,4,0,4,"10:59 PM","11:35",null,null,"Barbosa REBOUND (Off:0 Def:1)",null,null],["0041400403",365,2,5,4,"10:59 PM","11:31","Smith BLOCK (2 BLK)",null,"MISS Barbosa 1' Layup",null,null],["0041400403",366,4,0,4,"10:59 PM","11:28",null,null,"Iguodala REBOUND (Off:1 Def:4)",null,null],["0041400403",367,1,7,4,"10:59 PM","11:27",null,null,"Iguodala  Dunk (12 PTS)","57 - 72","15"],["0041400403",368,2,46,4,"11:00 PM","11:06","MISS Dellavedova 20' Running Jump Shot",null,null,null,null],["0041400403",369,4,0,4,"11:00 PM","11:06",null,null,"Warriors Rebound",null,null],["0041400403",370,6,1,4,"11:00 PM","10:57","Dellavedova P.FOUL (P2.T1) (D.Stafford)",null,null,null,null],["0041400403",371,8,0,4,"11:00 PM","10:57","SUB: James FOR Dellavedova",null,null,null,null],["0041400403",372,1,1,4,"11:01 PM","10:43",null,null,"Thompson 27' 3PT Jump Shot (14 PTS)","60 - 72","12"],["0041400403",373,5,1,4,"11:01 PM","10:23","James Bad Pass Turnover (P3.T11)",null,"Barbosa STEAL (1 STL)",null,null],["0041400403",374,2,1,4,"11:01 PM","10:18",null,null,"MISS Thompson 25' 3PT Jump Shot",null,null],["0041400403",375,4,0,4,"11:01 PM","10:17","James REBOUND (Off:1 Def:10)",null,null,null,null],["0041400403",376,5,1,4,"11:01 PM","10:05","James Bad Pass Turnover (P4.T12)",null,null,null,null],["0041400403",377,1,1,4,"11:02 PM","9:52",null,null,"Iguodala  3PT Jump Shot (15 PTS) (Lee 1 AST)","63 - 72","9"],["0041400403",378,9,1,4,"11:02 PM","9:52","CAVALIERS Timeout: Regular (Full 4 Short 1)",null,null,null,null],["0041400403",382,1,43,4,"11:06 PM","9:40","Mozgov 1' Alley Oop Layup (6 PTS) (James 8 AST)",null,null,"63 - 74","11"],["0041400403",387,7,2,4,"11:07 PM","9:29","Mozgov Violation:Defensive Goaltending (D.Stafford)",null,null,null,null],["0041400403",385,1,42,4,"11:07 PM","9:29",null,null,"Lee  Driving Layup (4 PTS) (Curry 6 AST)","65 - 74","9"],["0041400403",386,6,29,4,"11:07 PM","9:29","James Shooting Block Foul (P1.T2) (D.Stafford)",null,null,null,null],["0041400403",388,3,10,4,"11:07 PM","9:29",null,null,"Lee Free Throw 1 of 1 (5 PTS)","66 - 74","8"],["0041400403",390,6,4,4,"11:07 PM","9:19","Mozgov OFF.Foul (P3) (D.Stafford)",null,null,null,null],["0041400403",391,5,5,4,"11:07 PM","9:19","Mozgov Foul Turnover (P3.T13)",null,null,null,null],["0041400403",392,8,0,4,"11:07 PM","9:19","SUB: Thompson FOR Mozgov",null,null,null,null],["0041400403",393,6,1,4,"11:08 PM","9:10","Shumpert P.FOUL (P3.T3) (M.Davis)",null,null,null,null],["0041400403",394,8,0,4,"11:08 PM","9:10","SUB: Dellavedova FOR Jones",null,null,null,null],["0041400403",395,1,40,4,"11:08 PM","9:00",null,null,"Barbosa 5' Layup (4 PTS) (Lee 2 AST)","68 - 74","6"],["0041400403",396,6,29,4,"11:09 PM","8:47",null,null,"Lee Shooting Block Foul (P1.T1) (D.Crawford)",null,null],["0041400403",397,3,11,4,"11:09 PM","8:47","MISS James Free Throw 1 of 2",null,null,null,null],["0041400403",398,4,1,4,"11:09 PM","8:47","CAVALIERS Rebound",null,null,null,null],["0041400403",399,3,12,4,"11:09 PM","8:47","James Free Throw 2 of 2 (27 PTS)",null,null,"68 - 75","7"],["0041400403",401,2,78,4,"11:10 PM","8:26",null,null,"MISS Barbosa 11' Floating Jump Shot",null,null],["0041400403",403,4,0,4,"11:10 PM","8:25",null,null,"Lee REBOUND (Off:1 Def:0)",null,null],["0041400403",402,1,87,4,"11:10 PM","8:25",null,null,"Lee  Putback Dunk (7 PTS)","70 - 75","5"],["0041400403",404,2,1,4,"11:11 PM","7:52","MISS Smith 27' 3PT Jump Shot",null,null,null,null],["0041400403",405,4,0,4,"11:11 PM","7:52","CAVALIERS Rebound",null,null,null,null],["0041400403",406,6,3,4,"11:11 PM","7:52",null,null,"Lee L.B.FOUL (P2.T2) (M.Davis)",null,null],["0041400403",407,2,78,4,"11:11 PM","7:37","MISS James 7' Floating Jump Shot",null,null,null,null],["0041400403",409,4,0,4,"11:11 PM","7:35","Thompson REBOUND (Off:4 Def:8)",null,null,null,null],["0041400403",408,1,87,4,"11:11 PM","7:35","Thompson  Putback Dunk (9 PTS)",null,null,"70 - 77","7"],["0041400403",410,1,1,4,"11:11 PM","7:24",null,null,"Curry 25' 3PT Jump Shot (13 PTS)","73 - 77","4"],["0041400403",412,1,42,4,"11:12 PM","7:10","James 1' Driving Layup (29 PTS)",null,null,"73 - 79","6"],["0041400403",413,2,46,4,"11:12 PM","6:54",null,null,"MISS Barbosa 7' Running Jump Shot",null,null],["0041400403",414,4,0,4,"11:12 PM","6:54","Dellavedova REBOUND (Off:1 Def:3)",null,null,null,null],["0041400403",415,2,47,4,"11:13 PM","6:30","MISS James 25' 3PT Turnaround Jump Shot",null,null,null,null],["0041400403",416,4,0,4,"11:13 PM","6:30","CAVALIERS Rebound",null,null,null,null],["0041400403",417,5,11,4,"11:13 PM","6:30","CAVALIERS Turnover: Shot Clock (T#14)",null,null,null,null],["0041400403",418,9,1,4,"11:13 PM","6:30",null,null,"Warriors Timeout: Regular (Reg.4 Short 0)",null,null],["0041400403",423,6,2,4,"11:16 PM","6:18","Shumpert S.FOUL (P4.T4) (M.Davis)",null,null,null,null],["0041400403",424,3,11,4,"11:17 PM","6:18",null,null,"Lee Free Throw 1 of 2 (8 PTS)","74 - 79","5"],["0041400403",426,8,0,4,"11:17 PM","6:18",null,null,"SUB: Green FOR Barbosa",null,null],["0041400403",427,3,12,4,"11:17 PM","6:18",null,null,"MISS Lee Free Throw 2 of 2",null,null],["0041400403",429,4,0,4,"11:17 PM","6:17","Smith REBOUND (Off:0 Def:2)",null,null,null,null],["0041400403",430,2,1,4,"11:18 PM","5:53","MISS James 12' Jump Shot",null,null,null,null],["0041400403",431,4,0,4,"11:18 PM","5:52",null,null,"Lee REBOUND (Off:1 Def:1)",null,null],["0041400403",432,1,44,4,"11:18 PM","5:40",null,null,"Curry 1' Reverse Layup (15 PTS)","76 - 79","3"],["0041400403",433,6,29,4,"11:18 PM","5:18",null,null,"Lee Shooting Block Foul (P3.T3) (D.Stafford)",null,null],["0041400403",434,3,11,4,"11:18 PM","5:18","MISS Shumpert Free Throw 1 of 2",null,null,null,null],["0041400403",435,4,1,4,"11:18 PM","5:18","CAVALIERS Rebound",null,null,null,null],["0041400403",436,8,0,4,"11:19 PM","5:18",null,null,"SUB: Ezeli FOR Lee",null,null],["0041400403",437,3,12,4,"11:19 PM","5:18","MISS Shumpert Free Throw 2 of 2",null,null,null,null],["0041400403",439,4,0,4,"11:19 PM","5:17",null,null,"Green REBOUND (Off:2 Def:4)",null,null],["0041400403",440,2,80,4,"11:19 PM","4:58",null,null,"MISS Curry 25' 3PT Step Back Jump Shot",null,null],["0041400403",441,4,0,4,"11:19 PM","4:57","Thompson REBOUND (Off:4 Def:9)",null,null,null,null],["0041400403",442,2,1,4,"11:20 PM","4:33","MISS Smith 25' 3PT Jump Shot",null,null,null,null],["0041400403",443,4,0,4,"11:20 PM","4:32",null,null,"Thompson REBOUND (Off:1 Def:4)",null,null],["0041400403",444,2,46,4,"11:20 PM","4:24",null,null,"MISS Thompson 5' Running Jump Shot",null,null],["0041400403",445,4,0,4,"11:20 PM","4:20","James REBOUND (Off:1 Def:11)",null,null,null,null],["0041400403",446,1,52,4,"11:20 PM","4:10","James  Alley Oop Dunk (31 PTS) (Dellavedova 4 AST)",null,null,"76 - 81","5"],["0041400403",447,2,1,4,"11:20 PM","3:56",null,null,"MISS Iguodala  3PT Jump Shot",null,null],["0041400403",448,4,0,4,"11:20 PM","3:55","Smith REBOUND (Off:0 Def:3)",null,null,null,null],["0041400403",449,9,1,4,"11:20 PM","3:51","CAVALIERS Timeout: Regular (Full 5 Short 1)",null,null,null,null],["0041400403",451,8,0,4,"11:24 PM","3:51","SUB: Mozgov FOR Shumpert",null,null,null,null],["0041400403",452,8,0,4,"11:24 PM","3:51",null,null,"SUB: Lee FOR Ezeli",null,null],["0041400403",453,2,63,4,"11:24 PM","3:31","MISS James 14' Fadeaway Jumper",null,null,null,null],["0041400403",454,4,0,4,"11:24 PM","3:29",null,null,"Curry REBOUND (Off:2 Def:3)",null,null],["0041400403",455,6,1,4,"11:25 PM","3:17","Dellavedova P.FOUL (P3.PN) (D.Crawford)",null,null,null,null],["0041400403",456,3,11,4,"11:25 PM","3:17",null,null,"Lee Free Throw 1 of 2 (9 PTS)","77 - 81","4"],["0041400403",458,3,12,4,"11:25 PM","3:17",null,null,"MISS Lee Free Throw 2 of 2",null,null],["0041400403",460,4,0,4,"11:25 PM","3:14","Smith REBOUND (Off:0 Def:4)",null,null,null,null],["0041400403",461,2,1,4,"11:26 PM","2:57","MISS Smith 22' Jump Shot",null,"Thompson BLOCK (1 BLK)",null,null],["0041400403",462,4,0,4,"11:26 PM","2:55",null,null,"Lee REBOUND (Off:1 Def:2)",null,null],["0041400403",463,1,1,4,"11:26 PM","2:45",null,null,"Curry 25' 3PT Jump Shot (18 PTS) (Green 3 AST)","80 - 81","1"],["0041400403",464,1,84,4,"11:26 PM","2:27","Dellavedova 12' Running Bank Shot (17 PTS)",null,null,"80 - 83","3"],["0041400403",465,6,2,4,"11:26 PM","2:27",null,null,"Curry S.FOUL (P2.T4) (M.Davis)",null,null],["0041400403",467,8,0,4,"11:27 PM","2:27","SUB: Shumpert FOR Smith",null,null,null,null],["0041400403",468,3,10,4,"11:27 PM","2:27","Dellavedova Free Throw 1 of 1 (18 PTS)",null,null,"80 - 84","4"],["0041400403",470,2,1,4,"11:27 PM","2:14",null,null,"MISS Green 9' Jump Shot",null,null],["0041400403",471,4,0,4,"11:27 PM","2:11",null,null,"Green REBOUND (Off:3 Def:4)",null,null],["0041400403",472,5,1,4,"11:27 PM","2:04",null,null,"Curry Bad Pass Turnover (P4.T12)",null,null],["0041400403",473,1,1,4,"11:28 PM","1:44","James 26' 3PT Jump Shot (34 PTS)",null,null,"80 - 87","7"],["0041400403",474,9,1,4,"11:28 PM","1:40",null,null,"Warriors Timeout: Regular (Reg.5 Short 0)",null,null],["0041400403",478,2,1,4,"11:30 PM","1:31",null,null,"MISS Green 26' 3PT Jump Shot",null,null],["0041400403",479,4,0,4,"11:30 PM","1:31","CAVALIERS Rebound",null,null,null,null],["0041400403",480,6,3,4,"11:31 PM","1:31",null,null,"Lee L.B.FOUL (P4.PN) (D.Stafford)",null,null],["0041400403",481,3,11,4,"11:31 PM","1:31","MISS Thompson Free Throw 1 of 2",null,null,null,null],["0041400403",482,4,1,4,"11:31 PM","1:31","CAVALIERS Rebound",null,null,null,null],["0041400403",483,3,12,4,"11:31 PM","1:31","Thompson Free Throw 2 of 2 (10 PTS)",null,null,"80 - 88","8"],["0041400403",485,1,1,4,"11:31 PM","1:24",null,null,"Curry 29' 3PT Jump Shot (21 PTS)","83 - 88","5"],["0041400403",486,2,1,4,"11:32 PM","1:00","MISS James 14' Jump Shot",null,null,null,null],["0041400403",487,4,0,4,"11:32 PM","0:59",null,null,"Curry REBOUND (Off:2 Def:4)",null,null],["0041400403",488,5,2,4,"11:33 PM","0:53","James STEAL (3 STL)",null,"Curry Lost Ball Turnover (P5.T13)",null,null],["0041400403",489,6,1,4,"11:33 PM","0:51",null,null,"Lee P.FOUL (P5.PN) (D.Crawford)",null,null],["0041400403",490,3,11,4,"11:33 PM","0:51","Dellavedova Free Throw 1 of 2 (19 PTS)",null,null,"83 - 89","6"],["0041400403",492,3,12,4,"11:33 PM","0:51","Dellavedova Free Throw 2 of 2 (20 PTS)",null,null,"83 - 90","7"],["0041400403",494,9,2,4,"11:33 PM","0:51",null,null,"Warriors Timeout: Short (Reg.5 Short 1)",null,null],["0041400403",498,5,1,4,"11:35 PM","0:51","James STEAL (4 STL)",null,"Curry Bad Pass Turnover (P6.T14)",null,null],["0041400403",499,6,1,4,"11:35 PM","0:51",null,null,"Thompson P.FOUL (P3.PN) (D.Crawford)",null,null],["0041400403",500,3,11,4,"11:35 PM","0:51","James Free Throw 1 of 2 (35 PTS)",null,null,"83 - 91","8"],["0041400403",502,3,12,4,"11:36 PM","0:51","James Free Throw 2 of 2 (36 PTS)",null,null,"83 - 92","9"],["0041400403",504,2,1,4,"11:36 PM","0:40",null,null,"MISS Curry 34' 3PT Jump Shot",null,null],["0041400403",506,4,0,4,"11:36 PM","0:40",null,null,"Lee REBOUND (Off:2 Def:2)",null,null],["0041400403",505,1,4,4,"11:36 PM","0:40",null,null,"Lee 1' Tip Shot (11 PTS)","85 - 92","7"],["0041400403",507,5,1,4,"11:36 PM","0:39","Shumpert Bad Pass Turnover (P2.T15)",null,"Curry STEAL (3 STL)",null,null],["0041400403",508,2,1,4,"11:37 PM","0:37",null,null,"MISS Curry 25' 3PT Jump Shot",null,null],["0041400403",509,4,0,4,"11:37 PM","0:34","Dellavedova REBOUND (Off:1 Def:4)",null,null,null,null],["0041400403",510,10,0,4,"11:37 PM","0:34","Jump Ball Dellavedova vs. Thompson: Tip to Mozgov",null,null,null,null],["0041400403",512,5,1,4,"11:37 PM","0:29","Mozgov Bad Pass Turnover (P4.T16)",null,null,null,null],["0041400403",513,9,2,4,"11:38 PM","0:29",null,null,"Warriors Timeout: Short (Reg.5 Short 2)",null,null],["0041400403",517,1,1,4,"11:39 PM","0:27",null,null,"Curry  3PT Jump Shot (24 PTS) (Iguodala 5 AST)","88 - 92","4"],["0041400403",518,9,1,4,"11:39 PM","0:27","CAVALIERS Timeout: Regular (Full 6 Short 1)",null,null,null,null],["0041400403",519,18,0,4,"11:39 PM","0:27",null,null,null,null,null],["0041400403",521,8,0,4,"11:41 PM","0:27","SUB: Miller FOR Thompson",null,null,null,null],["0041400403",522,8,0,4,"11:41 PM","0:27","SUB: Jones FOR Mozgov",null,null,null,null],["0041400403",523,8,0,4,"11:41 PM","0:27","SUB: Smith FOR Shumpert",null,null,null,null],["0041400403",525,8,0,4,"11:41 PM","0:27",null,null,"SUB: Barnes FOR Lee",null,null],["0041400403",526,6,1,4,"11:42 PM","0:27",null,null,"Thompson P.FOUL (P4.PN) (M.Davis)",null,null],["0041400403",527,3,11,4,"11:42 PM","0:27","James Free Throw 1 of 2 (37 PTS)",null,null,"88 - 93","5"],["0041400403",529,8,0,4,"11:42 PM","0:27",null,null,"SUB: Lee FOR Barnes",null,null],["0041400403",530,8,0,4,"11:42 PM","0:27","SUB: Shumpert FOR Smith",null,null,null,null],["0041400403",531,8,0,4,"11:42 PM","0:27","SUB: Thompson FOR Jones",null,null,null,null],["0041400403",532,8,0,4,"11:42 PM","0:27","SUB: Mozgov FOR Miller",null,null,null,null],["0041400403",533,3,12,4,"11:42 PM","0:27","James Free Throw 2 of 2 (38 PTS)",null,null,"88 - 94","6"],["0041400403",535,1,1,4,"11:43 PM","0:18",null,null,"Curry 29' 3PT Jump Shot (27 PTS)","91 - 94","3"],["0041400403",536,9,2,4,"11:43 PM","0:18","CAVALIERS Timeout: Short (Full 6 Short 2)",null,null,null,null],["0041400403",538,8,0,4,"11:44 PM","0:18","SUB: Miller FOR Thompson",null,null,null,null],["0041400403",539,8,0,4,"11:44 PM","0:18","SUB: Jones FOR Mozgov",null,null,null,null],["0041400403",540,8,0,4,"11:44 PM","0:18","SUB: Smith FOR Shumpert",null,null,null,null],["0041400403",541,8,0,4,"11:44 PM","0:18",null,null,"SUB: Barnes FOR Lee",null,null],["0041400403",545,18,1,4,"11:46 PM","0:17",null,null,null,null,null],["0041400403",549,6,1,4,"11:48 PM","0:16",null,null,"Barnes P.FOUL (P2.PN) (M.Davis)",null,null],["0041400403",551,3,11,4,"11:48 PM","0:16","James Free Throw 1 of 2 (39 PTS)",null,null,"91 - 95","4"],["0041400403",554,8,0,4,"11:48 PM","0:16",null,null,"SUB: Lee FOR Barnes",null,null],["0041400403",555,8,0,4,"11:48 PM","0:16","SUB: Thompson FOR Jones",null,null,null,null],["0041400403",556,8,0,4,"11:48 PM","0:16","SUB: Shumpert FOR Miller",null,null,null,null],["0041400403",557,3,12,4,"11:48 PM","0:16","James Free Throw 2 of 2 (40 PTS)",null,null,"91 - 96","5"],["0041400403",559,2,1,4,"11:49 PM","0:05",null,null,"MISS Iguodala  3PT Jump Shot",null,null],["0041400403",560,4,0,4,"11:49 PM","0:03","Shumpert REBOUND (Off:0 Def:3)",null,null,null,null],["0041400403",561,13,0,4,"11:49 PM","0:00",null,null,null,"91 - 96","5"]]},{"name":"AvailableVideo","headers":["VIDEO_AVAILABLE_FLAG"],"rowSet":[[1]]}]}