{"resource":"playbyplay","parameters":{"GameID":"0041400174","StartPeriod":0,"EndPeriod":14},"resultSets":[{"name":"PlayByPlay","headers":["GAME_ID","EVENTNUM","EVENTMSGTYPE","EVENTMSGACTIONTYPE","PERIOD","WCTIMESTRING","PCTIMESTRING","HOMEDESCRIPTION","NEUTRALDESCRIPTION","VISITORDESCRIPTION","SCORE","SCOREMARGIN"],"rowSet":[["0041400174",0,12,0,1,"10:48 PM","12:00",null,null,null,null,null],["0041400174",1,10,0,1,"10:48 PM","12:00","Jump Ball Lopez vs. Gasol: Tip to Gasol",null,null,null,null],["0041400174",2,5,1,1,"10:48 PM","11:45",null,null,"Randolph Bad Pass Turnover (P1.T1)",null,null],["0041400174",3,2,47,1,"10:49 PM","11:26","MISS Aldridge 12' Turnaround Jump Shot",null,null,null,null],["0041400174",4,4,0,1,"10:49 PM","11:25",null,null,"Allen REBOUND (Off:0 Def:1)",null,null],["0041400174",5,1,1,1,"10:49 PM","11:13",null,null,"Calathes 25' 3PT Jump Shot (3 PTS) (Lee 1 AST)","3 - 0","-3"],["0041400174",6,2,1,1,"10:49 PM","10:54","MISS Lopez 19' Jump Shot",null,null,null,null],["0041400174",7,4,0,1,"10:49 PM","10:52",null,null,"Allen REBOUND (Off:0 Def:2)",null,null],["0041400174",8,2,1,1,"10:50 PM","10:30",null,null,"MISS Randolph 21' Jump Shot",null,null],["0041400174",9,4,0,1,"10:50 PM","10:30","Batum REBOUND (Off:0 Def:1)",null,null,null,null],["0041400174",10,2,42,1,"10:50 PM","10:16","MISS Aldridge 3' Driving Layup",null,null,null,null],["0041400174",11,4,0,1,"10:50 PM","10:15",null,null,"Grizzlies Rebound",null,null],["0041400174",12,1,79,1,"10:50 PM","10:01",null,null,"Calathes 25' 3PT Pullup Jump Shot (6 PTS)","6 - 0","-6"],["0041400174",13,1,79,1,"10:50 PM","9:44","Lillard 18' Pullup Jump Shot (2 PTS)",null,null,"6 - 2","-4"],["0041400174",14,2,1,1,"10:51 PM","9:26",null,null,"MISS Calathes 22' Jump Shot",null,null],["0041400174",15,4,0,1,"10:51 PM","9:25","Aldridge REBOUND (Off:0 Def:1)",null,null,null,null],["0041400174",16,2,79,1,"10:51 PM","9:18","MISS Lillard 20' Pullup Jump Shot",null,null,null,null],["0041400174",17,4,0,1,"10:51 PM","9:17",null,null,"Randolph REBOUND (Off:0 Def:1)",null,null],["0041400174",18,2,63,1,"10:51 PM","9:05",null,null,"MISS Gasol 11' Fadeaway Jumper",null,null],["0041400174",19,4,0,1,"10:51 PM","9:04","Aldridge REBOUND (Off:0 Def:2)",null,null,null,null],["0041400174",20,2,46,1,"10:51 PM","8:49","MISS Afflalo 6' Running Jump Shot",null,null,null,null],["0041400174",21,4,0,1,"10:51 PM","8:48",null,null,"Calathes REBOUND (Off:0 Def:1)",null,null],["0041400174",22,1,79,1,"10:52 PM","8:31",null,null,"Lee 19' Pullup Jump Shot (2 PTS) (Allen 1 AST)","8 - 2","-6"],["0041400174",23,5,1,1,"10:52 PM","8:17","Batum Bad Pass Turnover (P1.T1)",null,"Calathes STEAL (1 STL)",null,null],["0041400174",24,2,1,1,"10:52 PM","8:08",null,null,"MISS Lee 17' Jump Shot",null,null],["0041400174",25,4,0,1,"10:52 PM","8:07","Afflalo REBOUND (Off:0 Def:1)",null,null,null,null],["0041400174",27,1,1,1,"10:53 PM","7:49","Lillard 23' Jump Shot (4 PTS)",null,null,"8 - 4","-4"],["0041400174",28,6,2,1,"10:53 PM","7:24","Lillard S.FOUL (P1.T1) (D.Collins)",null,null,null,null],["0041400174",29,3,11,1,"10:53 PM","7:24",null,null,"Gasol Free Throw 1 of 2 (1 PTS)","9 - 4","-5"],["0041400174",31,3,12,1,"10:53 PM","7:24",null,null,"Gasol Free Throw 2 of 2 (2 PTS)","10 - 4","-6"],["0041400174",33,6,1,1,"10:54 PM","7:05",null,null,"Calathes P.FOUL (P1.T1) (M.Davis)",null,null],["0041400174",34,2,1,1,"10:54 PM","6:59","MISS Batum 25' 3PT Jump Shot",null,null,null,null],["0041400174",35,4,0,1,"10:54 PM","6:58",null,null,"Allen REBOUND (Off:0 Def:3)",null,null],["0041400174",36,1,1,1,"10:55 PM","6:49",null,null,"Gasol 20' Jump Shot (4 PTS) (Calathes 1 AST)","12 - 4","-8"],["0041400174",37,9,1,1,"10:55 PM","6:46","TRAIL BLAZERS Timeout: Regular (Full 1 Short 0)",null,null,null,null],["0041400174",39,2,1,1,"10:58 PM","6:29","MISS Aldridge 15' Jump Shot",null,null,null,null],["0041400174",41,4,0,1,"10:58 PM","6:28","Lopez REBOUND (Off:1 Def:0)",null,null,null,null],["0041400174",40,1,4,1,"10:58 PM","6:28","Lopez 1' Tip Shot (2 PTS)",null,null,"12 - 6","-6"],["0041400174",42,2,1,1,"10:59 PM","6:05",null,null,"MISS Randolph 17' Jump Shot",null,null],["0041400174",43,4,0,1,"10:59 PM","6:04","Lillard REBOUND (Off:0 Def:1)",null,null,null,null],["0041400174",44,2,1,1,"10:59 PM","5:55","MISS Afflalo 15' Jump Shot",null,null,null,null],["0041400174",45,4,0,1,"10:59 PM","5:52",null,null,"Allen REBOUND (Off:0 Def:4)",null,null],["0041400174",46,2,1,1,"10:59 PM","5:42",null,null,"MISS Lee  3PT Jump Shot",null,null],["0041400174",47,4,0,1,"10:59 PM","5:41","Batum REBOUND (Off:0 Def:2)",null,null,null,null],["0041400174",48,2,1,1,"10:59 PM","5:31","MISS Batum 18' Jump Shot",null,null,null,null],["0041400174",49,4,0,1,"10:59 PM","5:30",null,null,"Lee REBOUND (Off:0 Def:1)",null,null],["0041400174",50,2,44,1,"10:59 PM","5:14",null,null,"MISS Calathes 2' Reverse Layup",null,null],["0041400174",51,4,0,1,"10:59 PM","5:13","Lillard REBOUND (Off:0 Def:2)",null,null,null,null],["0041400174",52,1,5,1,"10:59 PM","5:09","Batum 2' Layup (2 PTS) (Lillard 1 AST)",null,null,"12 - 8","-4"],["0041400174",53,1,86,1,"11:00 PM","4:45",null,null,"Gasol 9' Turnaround Fadeaway (6 PTS)","14 - 8","-6"],["0041400174",54,1,42,1,"11:00 PM","4:35","Lillard 1' Driving Layup (6 PTS)",null,null,"14 - 10","-4"],["0041400174",55,5,1,1,"11:00 PM","4:19",null,null,"Calathes Bad Pass Turnover (P1.T2)",null,null],["0041400174",56,8,0,1,"11:00 PM","4:19",null,null,"SUB: Udrih FOR Allen",null,null],["0041400174",57,8,0,1,"11:01 PM","4:19","SUB: McCollum FOR Lopez",null,null,null,null],["0041400174",58,8,0,1,"11:01 PM","4:19","SUB: Leonard FOR Afflalo",null,null,null,null],["0041400174",59,8,0,1,"11:01 PM","4:19",null,null,"SUB: Green FOR Calathes",null,null],["0041400174",60,2,1,1,"11:01 PM","4:05","MISS Lillard 22' Jump Shot",null,null,null,null],["0041400174",61,4,0,1,"11:01 PM","4:05","Leonard REBOUND (Off:1 Def:0)",null,null,null,null],["0041400174",62,1,1,1,"11:01 PM","3:53","Aldridge 3' Jump Shot (2 PTS)",null,null,"14 - 12","-2"],["0041400174",63,9,1,1,"11:01 PM","3:45",null,null,"Grizzlies Timeout: Regular (Reg.1 Short 0)",null,null],["0041400174",65,2,1,1,"11:05 PM","3:31",null,null,"MISS Gasol 13' Jump Shot",null,null],["0041400174",66,4,0,1,"11:05 PM","3:30","Leonard REBOUND (Off:1 Def:1)",null,null,null,null],["0041400174",67,2,1,1,"11:05 PM","3:19","MISS Aldridge  3PT Jump Shot",null,null,null,null],["0041400174",68,4,0,1,"11:05 PM","3:17","Leonard REBOUND (Off:2 Def:1)",null,null,null,null],["0041400174",69,1,1,1,"11:05 PM","3:14","McCollum 25' 3PT Jump Shot (3 PTS) (Leonard 1 AST)",null,null,"14 - 15","1"],["0041400174",70,2,3,1,"11:06 PM","2:57",null,null,"MISS Green 5' Hook Shot",null,null],["0041400174",71,4,0,1,"11:06 PM","2:56","Batum REBOUND (Off:0 Def:3)",null,null,null,null],["0041400174",72,2,42,1,"11:06 PM","2:50","MISS McCollum 2' Driving Layup",null,null,null,null],["0041400174",74,4,0,1,"11:06 PM","2:48","Aldridge REBOUND (Off:1 Def:2)",null,null,null,null],["0041400174",73,1,72,1,"11:06 PM","2:48","Aldridge 1' Putback Layup (4 PTS)",null,null,"14 - 17","3"],["0041400174",75,2,65,1,"11:06 PM","2:25",null,null,"MISS Randolph 7' Jump Hook Shot",null,null],["0041400174",76,4,0,1,"11:06 PM","2:24","Batum REBOUND (Off:0 Def:4)",null,null,null,null],["0041400174",77,2,1,1,"11:06 PM","2:18","MISS Batum 26' 3PT Jump Shot",null,null,null,null],["0041400174",78,4,0,1,"11:06 PM","2:17",null,null,"Randolph REBOUND (Off:0 Def:2)",null,null],["0041400174",79,6,2,1,"11:07 PM","2:03","Aldridge S.FOUL (P1.T2) (D.Collins)",null,null,null,null],["0041400174",80,3,11,1,"11:07 PM","2:03",null,null,"Gasol Free Throw 1 of 2 (7 PTS)","15 - 17","2"],["0041400174",82,8,0,1,"11:07 PM","2:03","SUB: Lopez FOR Aldridge",null,null,null,null],["0041400174",83,8,0,1,"11:07 PM","2:03",null,null,"SUB: Koufos FOR Randolph",null,null],["0041400174",84,3,12,1,"11:07 PM","2:03",null,null,"Gasol Free Throw 2 of 2 (8 PTS)","16 - 17","1"],["0041400174",86,2,41,1,"11:08 PM","1:56","MISS Lillard 2' Running Layup",null,null,null,null],["0041400174",87,4,0,1,"11:08 PM","1:54",null,null,"Koufos REBOUND (Off:0 Def:1)",null,null],["0041400174",88,1,79,1,"11:08 PM","1:47",null,null,"Udrih 18' Pullup Jump Shot (2 PTS)","18 - 17","-1"],["0041400174",89,1,1,1,"11:08 PM","1:28","Lopez 8' Jump Shot (4 PTS) (Lillard 2 AST)",null,null,"18 - 19","1"],["0041400174",90,1,1,1,"11:08 PM","1:10",null,null,"Udrih 21' Jump Shot (4 PTS)","20 - 19","-1"],["0041400174",91,1,1,1,"11:09 PM","1:00","Batum 24' 3PT Jump Shot (5 PTS) (McCollum 1 AST)",null,null,"20 - 22","2"],["0041400174",92,1,46,1,"11:09 PM","0:41",null,null,"Lee 5' Running Jump Shot (4 PTS)","22 - 22","TIE"],["0041400174",93,1,1,1,"11:09 PM","0:31","Leonard 24' 3PT Jump Shot (3 PTS) (Lillard 3 AST)",null,null,"22 - 25","3"],["0041400174",94,5,1,1,"11:10 PM","0:09","Batum STEAL (1 STL)",null,"Udrih Bad Pass Turnover (P1.T3)",null,null],["0041400174",95,1,75,1,"11:10 PM","0:02","Lillard 1' Driving Finger Roll Layup (8 PTS) (Batum 1 AST)",null,null,"22 - 27","5"],["0041400174",96,2,66,1,"11:10 PM","0:00",null,null,"MISS Gasol 45' 3PT Jump Bank Shot",null,null],["0041400174",97,4,0,1,"11:10 PM","0:00",null,null,"Grizzlies Rebound",null,null],["0041400174",98,13,0,1,"11:10 PM","0:00",null,null,null,"22 - 27","5"],["0041400174",101,12,0,2,"11:14 PM","12:00",null,null,null,"22 - 27","5"],["0041400174",102,2,80,2,"11:14 PM","11:41","MISS McCollum 20' Step Back Jump Shot",null,null,null,null],["0041400174",103,4,0,2,"11:14 PM","11:40",null,null,"Green REBOUND (Off:0 Def:1)",null,null],["0041400174",104,1,79,2,"11:14 PM","11:27",null,null,"Carter 19' Pullup Jump Shot (2 PTS)","24 - 27","3"],["0041400174",105,2,1,2,"11:15 PM","11:03","MISS Aldridge 9' Jump Shot",null,null,null,null],["0041400174",106,4,0,2,"11:15 PM","11:03",null,null,"Grizzlies Rebound",null,null],["0041400174",107,6,3,2,"11:15 PM","11:03","Leonard L.B.FOUL (P1.T1) (D.Collins)",null,null,null,null],["0041400174",108,8,0,2,"11:15 PM","11:03","SUB: Blake FOR Lillard",null,null,null,null],["0041400174",109,2,42,2,"11:15 PM","10:47",null,null,"MISS Carter 3' Driving Layup",null,null],["0041400174",110,4,0,2,"11:15 PM","10:46",null,null,"Carter REBOUND (Off:1 Def:0)",null,null],["0041400174",111,1,65,2,"11:16 PM","10:38",null,null,"Koufos 5' Jump Hook Shot (2 PTS)","26 - 27","1"],["0041400174",112,5,1,2,"11:16 PM","10:26","Blake Bad Pass Turnover (P1.T2)",null,"Green STEAL (1 STL)",null,null],["0041400174",113,1,5,2,"11:16 PM","10:21",null,null,"Udrih 1' Layup (6 PTS) (Green 1 AST)","28 - 27","-1"],["0041400174",114,2,1,2,"11:16 PM","9:54","MISS Afflalo 21' Jump Shot",null,null,null,null],["0041400174",115,4,0,2,"11:16 PM","9:54","TRAIL BLAZERS Rebound",null,null,null,null],["0041400174",116,6,3,2,"11:16 PM","9:54",null,null,"Green L.B.FOUL (P1.T1) (D.Collins)",null,null],["0041400174",117,1,3,2,"11:17 PM","9:40","Leonard 10' Hook Shot (5 PTS) (Aldridge 1 AST)",null,null,"28 - 29","1"],["0041400174",118,5,4,2,"11:17 PM","9:27",null,null,"Green Traveling Turnover (P1.T4)",null,null],["0041400174",119,2,47,2,"11:18 PM","9:11","MISS Aldridge 14' Turnaround Jump Shot",null,null,null,null],["0041400174",120,4,0,2,"11:18 PM","9:10",null,null,"Allen REBOUND (Off:0 Def:5)",null,null],["0041400174",121,2,79,2,"11:18 PM","9:02",null,null,"MISS Udrih 16' Pullup Jump Shot",null,null],["0041400174",122,4,0,2,"11:18 PM","9:01",null,null,"Udrih REBOUND (Off:1 Def:0)",null,null],["0041400174",123,2,1,2,"11:18 PM","8:54",null,null,"MISS Green 22' Jump Shot",null,null],["0041400174",124,4,0,2,"11:18 PM","8:53","Leonard REBOUND (Off:2 Def:2)",null,null,null,null],["0041400174",125,1,1,2,"11:18 PM","8:45","Leonard 27' 3PT Jump Shot (8 PTS) (Blake 1 AST)",null,null,"28 - 32","4"],["0041400174",126,1,1,2,"11:18 PM","8:23",null,null,"Green 20' Jump Shot (2 PTS) (Udrih 1 AST)","30 - 32","2"],["0041400174",127,1,1,2,"11:19 PM","8:09","Leonard 25' 3PT Jump Shot (11 PTS) (Afflalo 1 AST)",null,null,"30 - 35","5"],["0041400174",128,2,1,2,"11:19 PM","7:51",null,null,"MISS Allen  3PT Jump Shot",null,null],["0041400174",129,4,0,2,"11:19 PM","7:50","Blake REBOUND (Off:0 Def:1)",null,null,null,null],["0041400174",130,2,1,2,"11:19 PM","7:41","MISS Afflalo  3PT Jump Shot",null,null,null,null],["0041400174",131,4,0,2,"11:19 PM","7:40",null,null,"Allen REBOUND (Off:0 Def:6)",null,null],["0041400174",132,9,1,2,"11:19 PM","7:30",null,null,"Grizzlies Timeout: Regular (Reg.2 Short 0)",null,null],["0041400174",134,8,0,2,"11:22 PM","7:30",null,null,"SUB: Randolph FOR Koufos",null,null],["0041400174",135,8,0,2,"11:22 PM","7:30",null,null,"SUB: Gasol FOR Green",null,null],["0041400174",136,1,66,2,"11:23 PM","7:25",null,null,"Udrih 25' 3PT Jump Bank Shot (9 PTS) (Gasol 1 AST)","33 - 35","2"],["0041400174",137,7,1,2,"11:23 PM","7:23",null,null,"Grizzlies Violation: Delay of game Violation",null,null],["0041400174",138,5,2,2,"11:23 PM","7:07","McCollum Lost Ball Turnover (P1.T3)",null,"Allen STEAL (1 STL)",null,null],["0041400174",140,2,58,2,"11:24 PM","6:50",null,null,"MISS Randolph 11' Turnaround Hook Shot",null,null],["0041400174",141,4,0,2,"11:24 PM","6:50","McCollum REBOUND (Off:0 Def:1)",null,null,null,null],["0041400174",142,2,1,2,"11:24 PM","6:41","MISS Blake  3PT Jump Shot",null,null,null,null],["0041400174",143,4,0,2,"11:24 PM","6:40","Aldridge REBOUND (Off:2 Def:2)",null,null,null,null],["0041400174",144,1,42,2,"11:24 PM","6:31","McCollum 1' Driving Layup (5 PTS) (Leonard 2 AST)",null,null,"33 - 37","4"],["0041400174",145,6,2,2,"11:25 PM","6:10","Blake S.FOUL (P1.T2) (M.Davis)",null,null,null,null],["0041400174",146,3,11,2,"11:25 PM","6:10",null,null,"Udrih Free Throw 1 of 2 (10 PTS)","34 - 37","3"],["0041400174",148,8,0,2,"11:25 PM","6:10",null,null,"SUB: Green FOR Carter",null,null],["0041400174",149,8,0,2,"11:25 PM","6:10","SUB: Batum FOR Afflalo",null,null,null,null],["0041400174",150,3,12,2,"11:25 PM","6:10",null,null,"Udrih Free Throw 2 of 2 (11 PTS)","35 - 37","2"],["0041400174",152,1,86,2,"11:26 PM","5:49","Aldridge 15' Turnaround Fadeaway (6 PTS)",null,null,"35 - 39","4"],["0041400174",153,2,1,2,"11:26 PM","5:33",null,null,"MISS Udrih 25' 3PT Jump Shot",null,null],["0041400174",154,4,0,2,"11:26 PM","5:32",null,null,"Green REBOUND (Off:1 Def:1)",null,null],["0041400174",155,2,1,2,"11:26 PM","5:18",null,null,"MISS Green 19' Jump Shot",null,null],["0041400174",156,4,0,2,"11:26 PM","5:17",null,null,"Allen REBOUND (Off:1 Def:6)",null,null],["0041400174",158,5,1,2,"11:27 PM","5:08","Leonard STEAL (1 STL)",null,"Gasol Bad Pass Turnover (P1.T5)",null,null],["0041400174",160,9,4,2,"11:27 PM","5:08",null,null,null,null,null],["0041400174",162,8,0,2,"11:29 PM","5:08",null,null,"SUB: Calathes FOR Udrih",null,null],["0041400174",163,8,0,2,"11:30 PM","5:08","SUB: Lillard FOR Blake",null,null,null,null],["0041400174",164,5,1,2,"11:30 PM","4:51","McCollum Bad Pass Turnover (P2.T4)",null,"Allen STEAL (2 STL)",null,null],["0041400174",165,1,42,2,"11:30 PM","4:47",null,null,"Green 1' Driving Layup (4 PTS)","37 - 39","2"],["0041400174",166,6,1,2,"11:30 PM","4:40",null,null,"Calathes P.FOUL (P2.T2) (D.Collins)",null,null],["0041400174",167,2,1,2,"11:31 PM","4:25","MISS Batum 25' 3PT Jump Shot",null,null,null,null],["0041400174",168,4,0,2,"11:31 PM","4:25","TRAIL BLAZERS Rebound",null,null,null,null],["0041400174",169,6,3,2,"11:31 PM","4:25",null,null,"Green L.B.FOUL (P2.T3) (M.Davis)",null,null],["0041400174",170,2,79,2,"11:31 PM","4:19","MISS Lillard 24' 3PT Pullup Jump Shot",null,null,null,null],["0041400174",171,4,0,2,"11:31 PM","4:19","Aldridge REBOUND (Off:3 Def:2)",null,null,null,null],["0041400174",172,6,1,2,"11:31 PM","4:19",null,null,"Randolph P.FOUL (P1.T4) (D.Crawford)",null,null],["0041400174",173,1,75,2,"11:32 PM","4:12","Lillard  Driving Finger Roll Layup (10 PTS)",null,null,"37 - 41","4"],["0041400174",174,6,1,2,"11:32 PM","3:53","Leonard P.FOUL (P2.T3) (D.Crawford)",null,null,null,null],["0041400174",175,6,1,2,"11:33 PM","3:50","Batum P.FOUL (P1.T4) (D.Crawford)",null,null,null,null],["0041400174",176,2,80,2,"11:33 PM","3:35",null,null,"MISS Calathes 21' Step Back Jump Shot",null,null],["0041400174",177,4,0,2,"11:33 PM","3:35","McCollum REBOUND (Off:0 Def:2)",null,null,null,null],["0041400174",178,8,0,2,"11:33 PM","3:24",null,null,"SUB: Lee FOR Allen",null,null],["0041400174",179,10,0,2,"11:34 PM","3:24","Jump Ball McCollum vs. Gasol: Tip to Aldridge",null,null,null,null],["0041400174",180,1,5,2,"11:34 PM","3:22","Aldridge 1' Layup (8 PTS) (McCollum 2 AST)",null,null,"37 - 43","6"],["0041400174",181,6,4,2,"11:34 PM","3:06",null,null,"Randolph OFF.Foul (P2) (D.Crawford)",null,null],["0041400174",182,5,5,2,"11:34 PM","3:06",null,null,"Randolph Foul Turnover (P2.T6)",null,null],["0041400174",183,9,1,2,"11:34 PM","3:06","TRAIL BLAZERS Timeout: Regular (Full 2 Short 0)",null,null,null,null],["0041400174",185,1,80,2,"11:38 PM","2:49","Lillard 19' Step Back Jump Shot (12 PTS) (Batum 2 AST)",null,null,"37 - 45","8"],["0041400174",186,1,1,2,"11:38 PM","2:28",null,null,"Calathes  3PT Jump Shot (9 PTS) (Green 2 AST)","40 - 45","5"],["0041400174",187,6,2,2,"11:38 PM","2:19",null,null,"Calathes S.FOUL (P3.PN) (D.Collins)",null,null],["0041400174",188,3,11,2,"11:38 PM","2:19","Lillard Free Throw 1 of 2 (13 PTS)",null,null,"40 - 46","6"],["0041400174",191,8,0,2,"11:39 PM","2:19",null,null,"SUB: Udrih FOR Calathes",null,null],["0041400174",192,8,0,2,"11:39 PM","2:19",null,null,"SUB: Allen FOR Green",null,null],["0041400174",193,3,12,2,"11:39 PM","2:19","Lillard Free Throw 2 of 2 (14 PTS)",null,null,"40 - 47","7"],["0041400174",195,2,1,2,"11:40 PM","2:03",null,null,"MISS Gasol 12' Jump Shot",null,null],["0041400174",196,4,0,2,"11:40 PM","2:02","Aldridge REBOUND (Off:3 Def:3)",null,null,null,null],["0041400174",197,1,5,2,"11:40 PM","1:49","Leonard 3' Layup (13 PTS) (Batum 3 AST)",null,null,"40 - 49","9"],["0041400174",198,2,44,2,"11:40 PM","1:29",null,null,"MISS Randolph 1' Reverse Layup",null,null],["0041400174",199,4,0,2,"11:40 PM","1:27",null,null,"Randolph REBOUND (Off:1 Def:2)",null,null],["0041400174",200,1,72,2,"11:40 PM","1:26",null,null,"Randolph 3' Putback Layup (2 PTS)","42 - 49","7"],["0041400174",201,1,41,2,"11:40 PM","1:15","McCollum 2' Running Layup (7 PTS) (Lillard 4 AST)",null,null,"42 - 51","9"],["0041400174",202,1,49,2,"11:41 PM","0:59",null,null,"Allen  Driving Dunk (2 PTS) (Gasol 2 AST)","44 - 51","7"],["0041400174",203,1,5,2,"11:41 PM","0:46","Aldridge 1' Layup (10 PTS) (Lillard 5 AST)",null,null,"44 - 53","9"],["0041400174",204,1,79,2,"11:41 PM","0:36",null,null,"Udrih 15' Pullup Jump Shot (13 PTS)","46 - 53","7"],["0041400174",205,1,73,2,"11:41 PM","0:29","Lillard 1' Driving Reverse Layup (16 PTS)",null,null,"46 - 55","9"],["0041400174",206,1,42,2,"11:42 PM","0:07",null,null,"Lee 1' Driving Layup (6 PTS) (Randolph 1 AST)","48 - 55","7"],["0041400174",207,2,1,2,"11:42 PM","0:00","MISS Lillard 7' Jump Shot",null,"Allen BLOCK (1 BLK)",null,null],["0041400174",208,4,0,2,"11:42 PM","0:00","Aldridge REBOUND (Off:4 Def:3)",null,null,null,null],["0041400174",209,13,0,2,"11:42 PM","0:00",null,null,null,"48 - 55","7"],["0041400174",211,12,0,3,"12:00 AM","12:00",null,null,null,"48 - 55","7"],["0041400174",212,2,5,3,"12:00 AM","11:46","MISS Batum 1' Layup",null,"Allen BLOCK (2 BLK)",null,null],["0041400174",213,4,0,3,"12:00 AM","11:44",null,null,"Randolph REBOUND (Off:1 Def:3)",null,null],["0041400174",214,1,7,3,"12:01 AM","11:28",null,null,"Gasol  Dunk (10 PTS) (Lee 2 AST)","50 - 55","5"],["0041400174",216,2,1,3,"12:01 AM","11:15","MISS Aldridge 18' Jump Shot",null,null,null,null],["0041400174",217,4,0,3,"12:01 AM","11:14",null,null,"Gasol REBOUND (Off:0 Def:1)",null,null],["0041400174",218,2,1,3,"12:01 AM","11:00",null,null,"MISS Gasol 20' Jump Shot",null,null],["0041400174",220,4,0,3,"12:01 AM","10:58",null,null,"Randolph REBOUND (Off:2 Def:3)",null,null],["0041400174",219,1,4,3,"12:01 AM","10:58",null,null,"Randolph 1' Tip Shot (4 PTS)","52 - 55","3"],["0041400174",221,2,5,3,"12:01 AM","10:45","MISS Aldridge 2' Layup",null,"Gasol BLOCK (1 BLK)",null,null],["0041400174",222,4,0,3,"12:02 AM","10:42","Aldridge REBOUND (Off:5 Def:3)",null,null,null,null],["0041400174",223,6,2,3,"12:02 AM","10:42",null,null,"Gasol S.FOUL (P1.T1) (M.Davis)",null,null],["0041400174",224,3,11,3,"12:02 AM","10:42","Aldridge Free Throw 1 of 2 (11 PTS)",null,null,"52 - 56","4"],["0041400174",226,3,12,3,"12:02 AM","10:42","Aldridge Free Throw 2 of 2 (12 PTS)",null,null,"52 - 57","5"],["0041400174",228,1,5,3,"12:03 AM","10:21",null,null,"Randolph 2' Layup (6 PTS) (Gasol 3 AST)","54 - 57","3"],["0041400174",229,2,80,3,"12:03 AM","10:04","MISS Aldridge  3PT Step Back Jump Shot",null,null,null,null],["0041400174",230,4,0,3,"12:03 AM","10:03",null,null,"Calathes REBOUND (Off:0 Def:2)",null,null],["0041400174",231,2,1,3,"12:03 AM","9:50",null,null,"MISS Randolph 8' Jump Shot",null,null],["0041400174",232,4,0,3,"12:03 AM","9:49","Lopez REBOUND (Off:1 Def:1)",null,null,null,null],["0041400174",233,2,80,3,"12:03 AM","9:40","MISS Lillard 18' Step Back Jump Shot",null,null,null,null],["0041400174",234,4,0,3,"12:03 AM","9:39",null,null,"Randolph REBOUND (Off:2 Def:4)",null,null],["0041400174",235,6,2,3,"12:04 AM","9:35","Lillard S.FOUL (P2.T1) (D.Collins)",null,null,null,null],["0041400174",236,3,11,3,"12:04 AM","9:35",null,null,"Gasol Free Throw 1 of 2 (11 PTS)","55 - 57","2"],["0041400174",238,3,12,3,"12:04 AM","9:35",null,null,"MISS Gasol Free Throw 2 of 2",null,null],["0041400174",240,4,0,3,"12:04 AM","9:34","Batum REBOUND (Off:0 Def:5)",null,null,null,null],["0041400174",241,5,1,3,"12:05 AM","9:32","Batum Bad Pass Turnover (P2.T5)",null,"Calathes STEAL (2 STL)",null,null],["0041400174",242,2,56,3,"12:05 AM","9:22",null,null,"MISS Randolph 7' Running Hook Shot",null,null],["0041400174",243,4,0,3,"12:05 AM","9:20","Batum REBOUND (Off:0 Def:6)",null,null,null,null],["0041400174",244,5,40,3,"12:05 AM","9:15","Lillard Out of Bounds Lost Ball Turnover (P1.T6)",null,null,null,null],["0041400174",245,1,1,3,"12:05 AM","9:01",null,null,"Lee 24' 3PT Jump Shot (9 PTS) (Gasol 4 AST)","58 - 57","-1"],["0041400174",246,9,1,3,"12:05 AM","9:01","TRAIL BLAZERS Timeout: Regular (Full 3 Short 0)",null,null,null,null],["0041400174",248,2,1,3,"12:09 AM","8:36","MISS Aldridge 25' 3PT Jump Shot",null,null,null,null],["0041400174",249,4,0,3,"12:09 AM","8:35",null,null,"Allen REBOUND (Off:1 Def:7)",null,null],["0041400174",250,2,3,3,"12:09 AM","8:11",null,null,"MISS Randolph 3' Hook Shot",null,null],["0041400174",251,4,0,3,"12:09 AM","8:10","Lopez REBOUND (Off:1 Def:2)",null,null,null,null],["0041400174",252,2,1,3,"12:10 AM","7:58","MISS Aldridge 4' Jump Shot",null,null,null,null],["0041400174",253,4,0,3,"12:10 AM","7:56",null,null,"Randolph REBOUND (Off:2 Def:5)",null,null],["0041400174",254,6,2,3,"12:10 AM","7:54","Lillard S.FOUL (P3.T2) (M.Davis)",null,null,null,null],["0041400174",255,3,11,3,"12:10 AM","7:54",null,null,"Allen Free Throw 1 of 2 (3 PTS)","59 - 57","-2"],["0041400174",257,3,12,3,"12:10 AM","7:54",null,null,"Allen Free Throw 2 of 2 (4 PTS)","60 - 57","-3"],["0041400174",259,5,1,3,"12:11 AM","7:32","Batum Bad Pass Turnover (P3.T7)",null,null,null,null],["0041400174",260,1,79,3,"12:11 AM","7:14",null,null,"Lee 17' Pullup Jump Shot (11 PTS)","62 - 57","-5"],["0041400174",261,2,1,3,"12:12 AM","7:00","MISS Afflalo  3PT Jump Shot",null,null,null,null],["0041400174",262,4,0,3,"12:12 AM","6:59",null,null,"Gasol REBOUND (Off:0 Def:2)",null,null],["0041400174",263,5,1,3,"12:12 AM","6:43","Lillard STEAL (1 STL)",null,"Calathes Bad Pass Turnover (P2.T7)",null,null],["0041400174",264,6,28,3,"12:12 AM","6:42",null,null,"Allen Personal Take Foul (P1.T2) (D.Collins)",null,null],["0041400174",265,8,0,3,"12:12 AM","6:42","SUB: Leonard FOR Lopez",null,null,null,null],["0041400174",266,8,0,3,"12:12 AM","6:42","SUB: McCollum FOR Afflalo",null,null,null,null],["0041400174",267,2,3,3,"12:13 AM","6:27","MISS Aldridge 5' Hook Shot",null,null,null,null],["0041400174",268,4,0,3,"12:13 AM","6:26",null,null,"Randolph REBOUND (Off:2 Def:6)",null,null],["0041400174",269,2,1,3,"12:13 AM","6:02",null,null,"MISS Randolph 25' 3PT Jump Shot",null,null],["0041400174",270,4,0,3,"12:13 AM","6:00","Leonard REBOUND (Off:2 Def:3)",null,null,null,null],["0041400174",271,6,1,3,"12:13 AM","5:56",null,null,"Allen P.FOUL (P2.T3) (M.Davis)",null,null],["0041400174",272,2,1,3,"12:14 AM","5:48","MISS Batum 25' 3PT Jump Shot",null,null,null,null],["0041400174",273,4,0,3,"12:14 AM","5:47",null,null,"Allen REBOUND (Off:1 Def:8)",null,null],["0041400174",274,7,5,3,"12:14 AM","5:44","Aldridge Violation:Kicked Ball (M.Davis)",null,null,null,null],["0041400174",275,6,2,3,"12:15 AM","5:32","McCollum S.FOUL (P1.T3) (D.Crawford)",null,null,null,null],["0041400174",276,3,11,3,"12:15 AM","5:32",null,null,"Lee Free Throw 1 of 2 (12 PTS)","63 - 57","-6"],["0041400174",278,3,12,3,"12:15 AM","5:32",null,null,"Lee Free Throw 2 of 2 (13 PTS)","64 - 57","-7"],["0041400174",280,1,42,3,"12:16 AM","5:18","McCollum 1' Driving Layup (9 PTS)",null,null,"64 - 59","-5"],["0041400174",281,2,1,3,"12:16 AM","4:59",null,null,"MISS Gasol 15' Jump Shot",null,null],["0041400174",283,4,0,3,"12:16 AM","4:58",null,null,"Randolph REBOUND (Off:3 Def:6)",null,null],["0041400174",282,2,4,3,"12:16 AM","4:58",null,null,"MISS Randolph 2' Tip Shot",null,null],["0041400174",284,4,0,3,"12:16 AM","4:57",null,null,"Grizzlies Rebound",null,null],["0041400174",285,1,1,3,"12:16 AM","4:40",null,null,"Calathes 25' 3PT Jump Shot (12 PTS) (Gasol 5 AST)","67 - 59","-8"],["0041400174",286,1,1,3,"12:17 AM","4:21","Batum 24' 3PT Jump Shot (8 PTS) (Lillard 6 AST)",null,null,"67 - 62","-5"],["0041400174",287,5,2,3,"12:17 AM","4:01","McCollum STEAL (1 STL)",null,"Randolph Lost Ball Turnover (P3.T8)",null,null],["0041400174",288,5,2,3,"12:17 AM","3:57","McCollum Lost Ball Turnover (P3.T8)",null,"Calathes STEAL (3 STL)",null,null],["0041400174",289,1,7,3,"12:17 AM","3:53",null,null,"Randolph  Dunk (8 PTS) (Calathes 2 AST)","69 - 62","-7"],["0041400174",290,2,1,3,"12:18 AM","3:33","MISS Aldridge 20' Jump Shot",null,null,null,null],["0041400174",291,4,0,3,"12:18 AM","3:32",null,null,"Allen REBOUND (Off:1 Def:9)",null,null],["0041400174",292,2,47,3,"12:18 AM","3:11",null,null,"MISS Gasol 19' Turnaround Jump Shot",null,null],["0041400174",293,4,0,3,"12:18 AM","3:10","Batum REBOUND (Off:0 Def:7)",null,null,null,null],["0041400174",294,1,80,3,"12:18 AM","3:01","Lillard 21' Step Back Jump Shot (18 PTS)",null,null,"69 - 64","-5"],["0041400174",296,9,1,3,"12:18 AM","2:55",null,null,"Grizzlies Timeout: Regular (Reg.3 Short 0)",null,null],["0041400174",298,8,0,3,"12:22 AM","2:55",null,null,"SUB: Green FOR Calathes",null,null],["0041400174",299,8,0,3,"12:22 AM","2:55",null,null,"SUB: Udrih FOR Allen",null,null],["0041400174",300,8,0,3,"12:22 AM","2:55","SUB: Lopez FOR Aldridge",null,null,null,null],["0041400174",301,1,1,3,"12:22 AM","2:44",null,null,"Randolph 20' Jump Shot (10 PTS)","71 - 64","-7"],["0041400174",302,1,42,3,"12:22 AM","2:28","Lillard 1' Driving Layup (20 PTS)",null,null,"71 - 66","-5"],["0041400174",303,2,63,3,"12:23 AM","2:10",null,null,"MISS Randolph 19' Fadeaway Jumper",null,null],["0041400174",304,4,0,3,"12:23 AM","2:09","Batum REBOUND (Off:0 Def:8)",null,null,null,null],["0041400174",305,1,75,3,"12:23 AM","1:48","McCollum 2' Driving Finger Roll Layup (11 PTS)",null,null,"71 - 68","-3"],["0041400174",306,1,1,3,"12:23 AM","1:24",null,null,"Gasol 17' Jump Shot (13 PTS) (Udrih 2 AST)","73 - 68","-5"],["0041400174",307,2,79,3,"12:24 AM","1:13","MISS Lillard 15' Pullup Jump Shot",null,null,null,null],["0041400174",309,4,0,3,"12:24 AM","1:12","Leonard REBOUND (Off:3 Def:3)",null,null,null,null],["0041400174",308,2,4,3,"12:24 AM","1:12","MISS Leonard 1' Tip Shot",null,null,null,null],["0041400174",310,4,0,3,"12:24 AM","1:10",null,null,"Gasol REBOUND (Off:0 Def:3)",null,null],["0041400174",311,1,46,3,"12:24 AM","0:53",null,null,"Lee 17' Running Jump Shot (15 PTS) (Udrih 3 AST)","75 - 68","-7"],["0041400174",312,2,3,3,"12:24 AM","0:33","MISS Lopez 6' Hook Shot",null,null,null,null],["0041400174",313,4,0,3,"12:24 AM","0:33",null,null,"Green REBOUND (Off:1 Def:2)",null,null],["0041400174",314,2,1,3,"12:25 AM","0:10",null,null,"MISS Randolph 21' Jump Shot",null,null],["0041400174",315,4,0,3,"12:25 AM","0:09","McCollum REBOUND (Off:0 Def:3)",null,null,null,null],["0041400174",316,2,1,3,"12:25 AM","0:00","MISS McCollum 5' Jump Shot",null,null,null,null],["0041400174",317,4,0,3,"12:25 AM","0:00",null,null,"Gasol REBOUND (Off:0 Def:4)",null,null],["0041400174",318,13,0,3,"12:25 AM","0:00",null,null,null,"75 - 68","-7"],["0041400174",320,12,0,4,"12:29 AM","12:00",null,null,null,"75 - 68","-7"],["0041400174",321,1,79,4,"12:29 AM","11:38",null,null,"Lee 14' Pullup Jump Shot (17 PTS) (Gasol 6 AST)","77 - 68","-9"],["0041400174",322,2,47,4,"12:29 AM","11:19","MISS Batum 14' Turnaround Jump Shot",null,null,null,null],["0041400174",323,4,0,4,"12:29 AM","11:19",null,null,"Green REBOUND (Off:1 Def:3)",null,null],["0041400174",324,2,1,4,"12:30 AM","11:11",null,null,"MISS Green 19' Jump Shot",null,null],["0041400174",325,4,0,4,"12:30 AM","11:10","Leonard REBOUND (Off:3 Def:4)",null,null,null,null],["0041400174",326,6,2,4,"12:30 AM","11:04",null,null,"Lee S.FOUL (P1.T1) (D.Crawford)",null,null],["0041400174",327,3,11,4,"12:30 AM","11:04","Lopez Free Throw 1 of 2 (5 PTS)",null,null,"77 - 69","-8"],["0041400174",329,3,12,4,"12:30 AM","11:04","Lopez Free Throw 2 of 2 (6 PTS)",null,null,"77 - 70","-7"],["0041400174",331,2,1,4,"12:31 AM","10:40",null,null,"MISS Udrih 20' Jump Shot",null,null],["0041400174",332,4,0,4,"12:31 AM","10:40","Leonard REBOUND (Off:3 Def:5)",null,null,null,null],["0041400174",333,2,1,4,"12:31 AM","10:24","MISS Batum 25' 3PT Jump Shot",null,null,null,null],["0041400174",334,4,0,4,"12:31 AM","10:23",null,null,"Gasol REBOUND (Off:0 Def:5)",null,null],["0041400174",335,2,1,4,"12:31 AM","10:11",null,null,"MISS Udrih 19' Jump Shot",null,null],["0041400174",336,4,0,4,"12:31 AM","10:11","Batum REBOUND (Off:0 Def:9)",null,null,null,null],["0041400174",337,2,1,4,"12:32 AM","9:54","MISS Blake 25' 3PT Jump Shot",null,null,null,null],["0041400174",338,4,0,4,"12:32 AM","9:53",null,null,"Gasol REBOUND (Off:0 Def:6)",null,null],["0041400174",339,2,1,4,"12:32 AM","9:31",null,null,"MISS Gasol 3' Jump Shot",null,null],["0041400174",340,4,0,4,"12:32 AM","9:30","Batum REBOUND (Off:0 Def:10)",null,null,null,null],["0041400174",341,2,63,4,"12:32 AM","9:14","MISS Batum 12' Fadeaway Jumper",null,null,null,null],["0041400174",343,4,0,4,"12:32 AM","9:13","McCollum REBOUND (Off:1 Def:3)",null,null,null,null],["0041400174",342,2,4,4,"12:32 AM","9:13","MISS McCollum 1' Tip Shot",null,null,null,null],["0041400174",344,4,0,4,"12:32 AM","9:11",null,null,"Koufos REBOUND (Off:0 Def:2)",null,null],["0041400174",345,1,79,4,"12:33 AM","8:48",null,null,"Green 25' 3PT Pullup Jump Shot (7 PTS)","80 - 70","-10"],["0041400174",346,9,1,4,"12:33 AM","8:48","TRAIL BLAZERS Timeout: Regular (Full 4 Short 0)",null,null,null,null],["0041400174",348,8,0,4,"12:35 AM","8:48",null,null,"SUB: Leuer FOR Lee",null,null],["0041400174",349,8,0,4,"12:35 AM","8:48",null,null,"SUB: Carter FOR Gasol",null,null],["0041400174",350,8,0,4,"12:35 AM","8:48","SUB: Lillard FOR Blake",null,null,null,null],["0041400174",351,8,0,4,"12:35 AM","8:48","SUB: Aldridge FOR Lopez",null,null,null,null],["0041400174",352,6,1,4,"12:36 AM","8:41",null,null,"Leuer P.FOUL (P1.T2) (D.Collins)",null,null],["0041400174",353,5,39,4,"12:36 AM","8:35","Lillard Step Out of Bounds Turnover (P2.T9)",null,null,null,null],["0041400174",354,2,1,4,"12:37 AM","8:18",null,null,"MISS Green 21' Jump Shot",null,null],["0041400174",355,4,0,4,"12:37 AM","8:18","Leonard REBOUND (Off:3 Def:6)",null,null,null,null],["0041400174",356,1,1,4,"12:37 AM","8:09","Lillard 17' Jump Shot (22 PTS)",null,null,"80 - 72","-8"],["0041400174",357,2,46,4,"12:37 AM","7:50",null,null,"MISS Green 5' Running Jump Shot",null,null],["0041400174",358,4,0,4,"12:37 AM","7:50","Batum REBOUND (Off:0 Def:11)",null,null,null,null],["0041400174",359,2,1,4,"12:37 AM","7:43","MISS Lillard 26' 3PT Jump Shot",null,null,null,null],["0041400174",360,4,0,4,"12:37 AM","7:41",null,null,"Carter REBOUND (Off:1 Def:1)",null,null],["0041400174",361,2,1,4,"12:38 AM","7:25",null,null,"MISS Udrih 21' Jump Shot",null,null],["0041400174",362,4,0,4,"12:38 AM","7:25","Leonard REBOUND (Off:3 Def:7)",null,null,null,null],["0041400174",363,2,42,4,"12:38 AM","7:13","MISS Lillard 3' Driving Layup",null,null,null,null],["0041400174",365,4,0,4,"12:38 AM","7:11","Aldridge REBOUND (Off:6 Def:3)",null,null,null,null],["0041400174",364,2,4,4,"12:38 AM","7:11","MISS Aldridge 1' Tip Shot",null,null,null,null],["0041400174",367,4,0,4,"12:38 AM","7:10","Aldridge REBOUND (Off:7 Def:3)",null,null,null,null],["0041400174",366,2,4,4,"12:38 AM","7:10","MISS Aldridge 2' Tip Shot",null,null,null,null],["0041400174",368,4,0,4,"12:38 AM","7:08","TRAIL BLAZERS Rebound",null,null,null,null],["0041400174",369,7,5,4,"12:38 AM","7:08",null,null,"Udrih Violation:Kicked Ball (D.Crawford)",null,null],["0041400174",370,6,2,4,"12:39 AM","7:04",null,null,"Carter S.FOUL (P1.T3) (M.Davis)",null,null],["0041400174",371,3,11,4,"12:39 AM","7:04","Batum Free Throw 1 of 2 (9 PTS)",null,null,"80 - 73","-7"],["0041400174",373,3,12,4,"12:39 AM","7:04","Batum Free Throw 2 of 2 (10 PTS)",null,null,"80 - 74","-6"],["0041400174",375,2,47,4,"12:40 AM","6:43",null,null,"MISS Green 9' Turnaround Jump Shot",null,null],["0041400174",376,4,0,4,"12:40 AM","6:42","Leonard REBOUND (Off:3 Def:8)",null,null,null,null],["0041400174",377,1,79,4,"12:40 AM","6:32","Lillard 18' Pullup Jump Shot (24 PTS)",null,null,"80 - 76","-4"],["0041400174",378,9,1,4,"12:40 AM","6:30",null,null,"Grizzlies Timeout: Regular (Reg.4 Short 0)",null,null],["0041400174",380,8,0,4,"12:42 AM","6:30",null,null,"SUB: Randolph FOR Green",null,null],["0041400174",381,8,0,4,"12:42 AM","6:30",null,null,"SUB: Allen FOR Koufos",null,null],["0041400174",382,8,0,4,"12:42 AM","6:30",null,null,"SUB: Gasol FOR Carter",null,null],["0041400174",383,8,0,4,"12:42 AM","6:30",null,null,"SUB: Lee FOR Leuer",null,null],["0041400174",384,1,73,4,"12:44 AM","6:10",null,null,"Gasol 2' Driving Reverse Layup (15 PTS)","82 - 76","-6"],["0041400174",385,9,1,4,"12:44 AM","5:59","TRAIL BLAZERS Timeout: Regular (Full 5 Short 0)",null,null,null,null],["0041400174",387,6,2,4,"12:47 AM","5:47",null,null,"Randolph S.FOUL (P3.T4) (M.Davis)",null,null],["0041400174",388,3,11,4,"12:47 AM","5:47","Aldridge Free Throw 1 of 2 (13 PTS)",null,null,"82 - 77","-5"],["0041400174",390,3,12,4,"12:48 AM","5:47","Aldridge Free Throw 2 of 2 (14 PTS)",null,null,"82 - 78","-4"],["0041400174",392,2,56,4,"12:48 AM","5:25",null,null,"MISS Randolph 7' Running Hook Shot",null,null],["0041400174",393,4,0,4,"12:48 AM","5:24","McCollum REBOUND (Off:1 Def:4)",null,null,null,null],["0041400174",394,6,2,4,"12:49 AM","5:10",null,null,"Gasol S.FOUL (P2.PN) (D.Crawford)",null,null],["0041400174",395,3,11,4,"12:49 AM","5:10","Aldridge Free Throw 1 of 2 (15 PTS)",null,null,"82 - 79","-3"],["0041400174",397,3,12,4,"12:49 AM","5:10","Aldridge Free Throw 2 of 2 (16 PTS)",null,null,"82 - 80","-2"],["0041400174",399,5,2,4,"12:50 AM","4:56","McCollum STEAL (2 STL)",null,"Gasol Lost Ball Turnover (P2.T9)",null,null],["0041400174",400,1,42,4,"12:50 AM","4:50","McCollum 1' Driving Layup (13 PTS)",null,null,"82 - 82","TIE"],["0041400174",401,6,1,4,"12:50 AM","4:37","Leonard P.FOUL (P3.T1) (M.Davis)",null,null,null,null],["0041400174",402,8,0,4,"12:50 AM","4:37",null,null,"SUB: Calathes FOR Udrih",null,null],["0041400174",403,2,1,4,"12:51 AM","4:24",null,null,"MISS Calathes 25' 3PT Jump Shot",null,null],["0041400174",404,4,0,4,"12:51 AM","4:24","Leonard REBOUND (Off:3 Def:9)",null,null,null,null],["0041400174",405,2,1,4,"12:51 AM","4:13","MISS Batum 24' 3PT Jump Shot",null,null,null,null],["0041400174",406,4,0,4,"12:51 AM","4:12",null,null,"Calathes REBOUND (Off:0 Def:3)",null,null],["0041400174",407,2,42,4,"12:51 AM","4:00",null,null,"MISS Calathes 2' Driving Layup",null,null],["0041400174",408,4,0,4,"12:51 AM","3:58","Leonard REBOUND (Off:3 Def:10)",null,null,null,null],["0041400174",409,2,63,4,"12:51 AM","3:49","MISS Lillard 25' 3PT Fadeaway Jumper",null,null,null,null],["0041400174",410,4,0,4,"12:51 AM","3:48",null,null,"Lee REBOUND (Off:0 Def:2)",null,null],["0041400174",411,1,58,4,"12:52 AM","3:27",null,null,"Gasol 5' Turnaround Hook Shot (17 PTS)","84 - 82","-2"],["0041400174",412,2,47,4,"12:52 AM","3:06","MISS Aldridge 11' Turnaround Jump Shot",null,null,null,null],["0041400174",413,4,0,4,"12:52 AM","3:06",null,null,"Gasol REBOUND (Off:0 Def:7)",null,null],["0041400174",414,6,1,4,"12:52 AM","2:59","McCollum P.FOUL (P2.T2) (D.Crawford)",null,null,null,null],["0041400174",415,2,86,4,"12:53 AM","2:44",null,null,"MISS Gasol 17' Turnaround Fadeaway Shot",null,null],["0041400174",416,4,0,4,"12:53 AM","2:43","Batum REBOUND (Off:0 Def:12)",null,null,null,null],["0041400174",417,1,42,4,"12:53 AM","2:36","McCollum  Driving Layup (15 PTS) (Batum 4 AST)",null,null,"84 - 84","TIE"],["0041400174",418,6,2,4,"12:53 AM","2:11","Leonard S.FOUL (P4.T3) (D.Crawford)",null,null,null,null],["0041400174",419,3,11,4,"12:54 AM","2:11",null,null,"Gasol Free Throw 1 of 2 (18 PTS)","85 - 84","-1"],["0041400174",421,3,12,4,"12:54 AM","2:11",null,null,"Gasol Free Throw 2 of 2 (19 PTS)","86 - 84","-2"],["0041400174",423,1,1,4,"12:55 AM","1:58","Lillard 25' 3PT Jump Shot (27 PTS)",null,null,"86 - 87","1"],["0041400174",424,6,2,4,"12:55 AM","1:58",null,null,"Allen S.FOUL (P3.PN) (M.Davis)",null,null],["0041400174",425,3,10,4,"12:55 AM","1:58","Lillard Free Throw 1 of 1 (28 PTS)",null,null,"86 - 88","2"],["0041400174",427,1,5,4,"12:56 AM","1:40",null,null,"Randolph 3' Layup (12 PTS)","88 - 88","TIE"],["0041400174",428,1,1,4,"12:56 AM","1:20","McCollum 25' 3PT Jump Shot (18 PTS) (Lillard 7 AST)",null,null,"88 - 91","3"],["0041400174",429,2,5,4,"12:56 AM","1:10",null,null,"MISS Calathes 2' Layup",null,null],["0041400174",430,4,0,4,"12:56 AM","1:10",null,null,"Grizzlies Rebound",null,null],["0041400174",431,6,1,4,"12:56 AM","1:10","Batum P.FOUL (P2.T4) (D.Collins)",null,null,null,null],["0041400174",432,8,0,4,"12:57 AM","1:10",null,null,"SUB: Green FOR Allen",null,null],["0041400174",433,2,46,4,"12:57 AM","0:51",null,null,"MISS Randolph 7' Running Jump Shot",null,null],["0041400174",434,4,0,4,"12:57 AM","0:50","Aldridge REBOUND (Off:7 Def:4)",null,null,null,null],["0041400174",435,2,80,4,"12:58 AM","0:29","MISS Lillard 26' 3PT Step Back Jump Shot",null,null,null,null],["0041400174",436,4,0,4,"12:58 AM","0:28","TRAIL BLAZERS Rebound",null,null,null,null],["0041400174",437,6,3,4,"12:58 AM","0:28",null,null,"Green L.B.FOUL (P3.PN) (D.Collins)",null,null],["0041400174",440,3,11,4,"1:00 AM","0:28","MISS Batum Free Throw 1 of 2",null,null,null,null],["0041400174",441,4,1,4,"1:00 AM","0:28","TRAIL BLAZERS Rebound",null,null,null,null],["0041400174",442,3,12,4,"1:00 AM","0:28","Batum Free Throw 2 of 2 (11 PTS)",null,null,"88 - 92","4"],["0041400174",444,1,42,4,"1:00 AM","0:19",null,null,"Lee 1' Driving Layup (19 PTS) (Calathes 3 AST)","90 - 92","2"],["0041400174",445,6,28,4,"1:01 AM","0:15",null,null,"Green Personal Take Foul (P4.PN) (D.Collins)",null,null],["0041400174",446,3,11,4,"1:01 AM","0:15","Lillard Free Throw 1 of 2 (29 PTS)",null,null,"90 - 93","3"],["0041400174",448,3,12,4,"1:01 AM","0:15","Lillard Free Throw 2 of 2 (30 PTS)",null,null,"90 - 94","4"],["0041400174",450,9,1,4,"1:01 AM","0:15",null,null,"Grizzlies Timeout: Regular (Reg.5 Short 0)",null,null],["0041400174",452,8,0,4,"1:03 AM","0:15",null,null,"SUB: Carter FOR Calathes",null,null],["0041400174",453,1,7,4,"1:04 AM","0:08",null,null,"Gasol  Dunk (21 PTS) (Carter 1 AST)","92 - 94","2"],["0041400174",454,6,28,4,"1:04 AM","0:08",null,null,"Green Personal Take Foul (P5.PN) (M.Davis)",null,null],["0041400174",455,3,11,4,"1:04 AM","0:08","Lillard Free Throw 1 of 2 (31 PTS)",null,null,"92 - 95","3"],["0041400174",457,3,12,4,"1:04 AM","0:08","Lillard Free Throw 2 of 2 (32 PTS)",null,null,"92 - 96","4"],["0041400174",459,9,2,4,"1:04 AM","0:08",null,null,"Grizzlies Timeout: Short (Reg.5 Short 1)",null,null],["0041400174",461,2,1,4,"1:06 AM","0:02",null,null,"MISS Lee 25' 3PT Jump Shot",null,null],["0041400174",462,4,0,4,"1:06 AM","0:01","Batum REBOUND (Off:0 Def:13)",null,null,null,null],["0041400174",463,6,28,4,"1:06 AM","0:00",null,null,"Randolph Personal Take Foul (P4.PN) (D.Collins)",null,null],["0041400174",464,3,11,4,"1:06 AM","0:00","Batum Free Throw 1 of 2 (12 PTS)",null,null,"92 - 97","5"],["0041400174",466,3,12,4,"1:06 AM","0:00","MISS Batum Free Throw 2 of 2",null,null,null,null],["0041400174",468,4,0,4,"1:06 AM","0:00","Aldridge REBOUND (Off:8 Def:4)",null,null,null,null],["0041400174",469,1,5,4,"1:06 AM","0:00","Aldridge 1' Layup (18 PTS)",null,null,"92 - 99","7"],["0041400174",470,18,0,4,"1:07 AM","0:00",null,null,null,null,null],["0041400174",471,13,0,4,"1:07 AM","0:00",null,null,null,"92 - 99","7"]]},{"name":"AvailableVideo","headers":["VIDEO_AVAILABLE_FLAG"],"rowSet":[[1]]}]}