{"resource":"playbyplay","parameters":{"GameID":"0041400171","StartPeriod":0,"EndPeriod":14},"resultSets":[{"name":"PlayByPlay","headers":["GAME_ID","EVENTNUM","EVENTMSGTYPE","EVENTMSGACTIONTYPE","PERIOD","WCTIMESTRING","PCTIMESTRING","HOMEDESCRIPTION","NEUTRALDESCRIPTION","VISITORDESCRIPTION","SCORE","SCOREMARGIN"],"rowSet":[["0041400171",0,12,0,1,"8:11 PM","12:00",null,null,null,null,null],["0041400171",1,10,0,1,"8:11 PM","12:00","Jump Ball Gasol vs. Lopez: Tip to Lillard",null,null,null,null],["0041400171",2,2,1,1,"8:11 PM","11:44",null,null,"MISS McCollum 26' 3PT Jump Shot",null,null],["0041400171",3,4,0,1,"8:11 PM","11:43","Randolph REBOUND (Off:0 Def:1)",null,null,null,null],["0041400171",4,5,1,1,"8:11 PM","11:30","Conley Bad Pass Turnover (P1.T1)",null,null,null,null],["0041400171",5,5,40,1,"8:12 PM","11:17",null,null,"Batum Out of Bounds Lost Ball Turnover (P1.T1)",null,null],["0041400171",6,1,5,1,"8:12 PM","10:59","Randolph 1' Layup (2 PTS)",null,null,"0 - 2","2"],["0041400171",7,2,1,1,"8:12 PM","10:45",null,null,"MISS Lillard 28' 3PT Jump Shot",null,null],["0041400171",8,4,0,1,"8:12 PM","10:44","Randolph REBOUND (Off:0 Def:2)",null,null,null,null],["0041400171",9,1,73,1,"8:13 PM","10:30","Gasol 1' Driving Reverse Layup (2 PTS)",null,null,"0 - 4","4"],["0041400171",10,2,80,1,"8:13 PM","10:08",null,null,"MISS Aldridge 14' Step Back Jump Shot",null,null],["0041400171",12,4,0,1,"8:13 PM","10:06",null,null,"Lopez REBOUND (Off:1 Def:0)",null,null],["0041400171",11,2,4,1,"8:13 PM","10:06",null,null,"MISS Lopez 1' Tip Shot",null,null],["0041400171",13,4,0,1,"8:13 PM","10:03","Green REBOUND (Off:0 Def:1)",null,null,null,null],["0041400171",14,2,1,1,"8:13 PM","9:54","MISS Randolph 16' Jump Shot",null,null,null,null],["0041400171",15,4,0,1,"8:13 PM","9:53",null,null,"Batum REBOUND (Off:0 Def:1)",null,null],["0041400171",16,2,1,1,"8:13 PM","9:44",null,null,"MISS Aldridge 19' Jump Shot",null,null],["0041400171",17,4,0,1,"8:13 PM","9:43","Gasol REBOUND (Off:0 Def:1)",null,null,null,null],["0041400171",18,2,1,1,"8:14 PM","9:33","MISS Randolph 5' Jump Shot",null,"Aldridge BLOCK (1 BLK)",null,null],["0041400171",19,4,0,1,"8:14 PM","9:31",null,null,"Lillard REBOUND (Off:0 Def:1)",null,null],["0041400171",20,2,1,1,"8:14 PM","9:25",null,null,"MISS Batum 17' Jump Shot",null,null],["0041400171",21,4,0,1,"8:14 PM","9:24","Randolph REBOUND (Off:0 Def:3)",null,null,null,null],["0041400171",22,1,1,1,"8:14 PM","9:14","Gasol 21' Jump Shot (4 PTS) (Conley 1 AST)",null,null,"0 - 6","6"],["0041400171",23,1,5,1,"8:14 PM","8:53",null,null,"Aldridge 1' Layup (2 PTS) (Lillard 1 AST)","2 - 6","4"],["0041400171",24,6,2,1,"8:15 PM","8:31",null,null,"McCollum S.FOUL (P1.T1) (E.Lewis)",null,null],["0041400171",27,3,11,1,"8:16 PM","8:31","MISS Gasol Free Throw 1 of 2",null,null,null,null],["0041400171",28,4,1,1,"8:16 PM","8:31","GRIZZLIES Rebound",null,null,null,null],["0041400171",29,3,12,1,"8:16 PM","8:31","Gasol Free Throw 2 of 2 (5 PTS)",null,null,"2 - 7","5"],["0041400171",31,2,80,1,"8:17 PM","8:08",null,null,"MISS Aldridge 25' 3PT Step Back Jump Shot",null,null],["0041400171",32,4,0,1,"8:17 PM","8:07","Lee REBOUND (Off:0 Def:1)",null,null,null,null],["0041400171",34,1,1,1,"8:17 PM","7:48","Lee 24' 3PT Jump Shot (3 PTS) (Green 1 AST)",null,null,"2 - 10","8"],["0041400171",35,2,1,1,"8:17 PM","7:34",null,null,"MISS Lillard 27' 3PT Jump Shot",null,null],["0041400171",36,4,0,1,"8:17 PM","7:33","Gasol REBOUND (Off:0 Def:2)",null,null,null,null],["0041400171",37,2,41,1,"8:18 PM","7:26","MISS Conley  Running Layup",null,null,null,null],["0041400171",38,4,0,1,"8:18 PM","7:23",null,null,"Lopez REBOUND (Off:1 Def:1)",null,null],["0041400171",39,2,5,1,"8:18 PM","7:17",null,null,"MISS Aldridge 1' Layup",null,null],["0041400171",41,4,0,1,"8:18 PM","7:15",null,null,"Aldridge REBOUND (Off:1 Def:0)",null,null],["0041400171",40,1,5,1,"8:18 PM","7:15",null,null,"Aldridge  Layup (4 PTS)","4 - 10","6"],["0041400171",42,2,79,1,"8:18 PM","6:55","MISS Green 20' Pullup Jump Shot",null,null,null,null],["0041400171",43,4,0,1,"8:18 PM","6:53","Randolph REBOUND (Off:1 Def:3)",null,null,null,null],["0041400171",44,2,1,1,"8:18 PM","6:47","MISS Conley 25' 3PT Jump Shot",null,null,null,null],["0041400171",45,4,0,1,"8:18 PM","6:46",null,null,"McCollum REBOUND (Off:0 Def:1)",null,null],["0041400171",46,1,79,1,"8:18 PM","6:36",null,null,"McCollum 16' Pullup Jump Shot (2 PTS)","6 - 10","4"],["0041400171",47,2,1,1,"8:19 PM","6:12","MISS Randolph 4' Jump Shot",null,"Aldridge BLOCK (2 BLK)",null,null],["0041400171",48,4,0,1,"8:19 PM","6:09","Randolph REBOUND (Off:2 Def:3)",null,null,null,null],["0041400171",49,2,1,1,"8:19 PM","6:05","MISS Gasol 21' Jump Shot",null,null,null,null],["0041400171",50,4,0,1,"8:19 PM","6:04",null,null,"Batum REBOUND (Off:0 Def:2)",null,null],["0041400171",51,2,1,1,"8:19 PM","5:52",null,null,"MISS Aldridge 18' Jump Shot",null,null],["0041400171",52,4,0,1,"8:19 PM","5:49",null,null,"Lopez REBOUND (Off:2 Def:1)",null,null],["0041400171",53,1,7,1,"8:19 PM","5:45",null,null,"Aldridge  Dunk (6 PTS) (Lopez 1 AST)","8 - 10","2"],["0041400171",54,2,5,1,"8:20 PM","5:24","MISS Lee  Layup",null,null,null,null],["0041400171",55,4,0,1,"8:20 PM","5:23",null,null,"McCollum REBOUND (Off:0 Def:2)",null,null],["0041400171",56,2,1,1,"8:20 PM","5:15",null,null,"MISS Lillard  3PT Jump Shot",null,null],["0041400171",57,4,0,1,"8:20 PM","5:14",null,null,"Batum REBOUND (Off:1 Def:2)",null,null],["0041400171",58,2,46,1,"8:20 PM","5:05",null,null,"MISS Batum 11' Running Jump Shot",null,null],["0041400171",59,4,0,1,"8:20 PM","5:04","Gasol REBOUND (Off:0 Def:3)",null,null,null,null],["0041400171",60,1,42,1,"8:20 PM","4:57","Conley 1' Driving Layup (2 PTS)",null,null,"8 - 12","4"],["0041400171",61,9,1,1,"8:20 PM","4:56",null,null,"Trail Blazers Timeout: Regular (Reg.1 Short 0)",null,null],["0041400171",63,8,0,1,"8:23 PM","4:56","SUB: Allen FOR Green",null,null,null,null],["0041400171",64,8,0,1,"8:23 PM","4:56",null,null,"SUB: Kaman FOR Batum",null,null],["0041400171",65,8,0,1,"8:23 PM","4:56",null,null,"SUB: Crabbe FOR Lopez",null,null],["0041400171",66,2,1,1,"8:24 PM","4:36",null,null,"MISS Lillard 22' Jump Shot",null,null],["0041400171",67,4,0,1,"8:24 PM","4:35","Allen REBOUND (Off:0 Def:1)",null,null,null,null],["0041400171",68,2,1,1,"8:24 PM","4:15","MISS Gasol 7' Jump Shot",null,null,null,null],["0041400171",69,4,0,1,"8:24 PM","4:13",null,null,"Lillard REBOUND (Off:0 Def:2)",null,null],["0041400171",70,2,42,1,"8:24 PM","4:05",null,null,"MISS McCollum 2' Driving Layup",null,null],["0041400171",71,4,0,1,"8:24 PM","4:03","Gasol REBOUND (Off:0 Def:4)",null,null,null,null],["0041400171",72,2,5,1,"8:24 PM","3:57","MISS Allen 1' Layup",null,null,null,null],["0041400171",73,4,0,1,"8:24 PM","3:56","Randolph REBOUND (Off:3 Def:3)",null,null,null,null],["0041400171",74,2,72,1,"8:25 PM","3:54","MISS Randolph 1' Putback Layup",null,null,null,null],["0041400171",75,4,0,1,"8:25 PM","3:52",null,null,"McCollum REBOUND (Off:0 Def:3)",null,null],["0041400171",76,6,2,1,"8:25 PM","3:48","Lee S.FOUL (P1.T1) (J.Capers)",null,null,null,null],["0041400171",77,3,11,1,"8:25 PM","3:48",null,null,"MISS Lillard Free Throw 1 of 2",null,null],["0041400171",78,4,1,1,"8:25 PM","3:48",null,null,"Trail Blazers Rebound",null,null],["0041400171",79,8,0,1,"8:25 PM","3:48","SUB: Udrih FOR Conley",null,null,null,null],["0041400171",80,3,12,1,"8:25 PM","3:48",null,null,"Lillard Free Throw 2 of 2 (1 PTS)","9 - 12","3"],["0041400171",82,6,2,1,"8:26 PM","3:34",null,null,"McCollum S.FOUL (P2.T2) (T.Washington)",null,null],["0041400171",84,3,11,1,"8:26 PM","3:34","Lee Free Throw 1 of 2 (4 PTS)",null,null,"9 - 13","4"],["0041400171",86,8,0,1,"8:26 PM","3:34",null,null,"SUB: Blake FOR Lillard",null,null],["0041400171",88,8,0,1,"8:26 PM","3:34",null,null,"SUB: Batum FOR McCollum",null,null],["0041400171",87,3,12,1,"8:26 PM","3:34","Lee Free Throw 2 of 2 (5 PTS)",null,null,"9 - 14","5"],["0041400171",89,2,86,1,"8:27 PM","3:16",null,null,"MISS Aldridge 15' Turnaround Fadeaway Shot",null,null],["0041400171",90,4,0,1,"8:27 PM","3:14","Udrih REBOUND (Off:0 Def:1)",null,null,null,null],["0041400171",91,5,1,1,"8:27 PM","3:11","Allen Bad Pass Turnover (P1.T2)",null,"Crabbe STEAL (1 STL)",null,null],["0041400171",92,2,47,1,"8:27 PM","2:51",null,null,"MISS Aldridge 5' Turnaround Jump Shot",null,null],["0041400171",93,4,0,1,"8:27 PM","2:50",null,null,"Kaman REBOUND (Off:1 Def:0)",null,null],["0041400171",95,6,4,1,"8:27 PM","2:49",null,null,"Kaman OFF.Foul (P1) (T.Washington)",null,null],["0041400171",96,5,5,1,"8:27 PM","2:49",null,null,"Kaman Foul Turnover (P1.T2)",null,null],["0041400171",97,6,11,1,"8:28 PM","2:49",null,null,"Aldridge T.FOUL (P0.T2) (J.Capers)",null,null],["0041400171",98,9,1,1,"8:28 PM","2:49","GRIZZLIES Timeout: Regular (Full 1 Short 0)",null,null,null,null],["0041400171",101,3,16,1,"8:31 PM","2:49","Lee Free Throw Technical (6 PTS)",null,null,"9 - 15","6"],["0041400171",103,1,1,1,"8:31 PM","2:34","Gasol 17' Jump Shot (7 PTS) (Lee 1 AST)",null,null,"9 - 17","8"],["0041400171",104,6,1,1,"8:32 PM","2:13","Lee P.FOUL (P2.T2) (E.Lewis)",null,null,null,null],["0041400171",105,8,0,1,"8:32 PM","2:13","SUB: Carter FOR Lee",null,null,null,null],["0041400171",106,1,1,1,"8:32 PM","2:05",null,null,"Batum 18' Jump Shot (2 PTS) (Blake 1 AST)","11 - 17","6"],["0041400171",107,1,1,1,"8:33 PM","1:47","Udrih 21' Jump Shot (2 PTS) (Gasol 1 AST)",null,null,"11 - 19","8"],["0041400171",108,1,44,1,"8:33 PM","1:32",null,null,"Crabbe  Reverse Layup (2 PTS) (Kaman 1 AST)","13 - 19","6"],["0041400171",109,2,1,1,"8:33 PM","1:21","MISS Gasol 20' Jump Shot",null,null,null,null],["0041400171",110,4,0,1,"8:33 PM","1:20",null,null,"Crabbe REBOUND (Off:0 Def:1)",null,null],["0041400171",111,6,2,1,"8:33 PM","1:12","Carter S.FOUL (P1.T3) (J.Capers)",null,null,null,null],["0041400171",112,3,11,1,"8:33 PM","1:12",null,null,"Aldridge Free Throw 1 of 2 (7 PTS)","14 - 19","5"],["0041400171",114,8,0,1,"8:34 PM","1:12","SUB: Koufos FOR Randolph",null,null,null,null],["0041400171",115,3,12,1,"8:34 PM","1:12",null,null,"Aldridge Free Throw 2 of 2 (8 PTS)","15 - 19","4"],["0041400171",117,1,79,1,"8:34 PM","1:00","Udrih 16' Pullup Jump Shot (4 PTS)",null,null,"15 - 21","6"],["0041400171",118,5,1,1,"8:34 PM","0:54","Allen STEAL (1 STL)",null,"Blake Bad Pass Turnover (P1.T3)",null,null],["0041400171",119,1,79,1,"8:35 PM","0:48","Udrih 13' Pullup Jump Shot (6 PTS) (Allen 1 AST)",null,null,"15 - 23","8"],["0041400171",120,2,46,1,"8:35 PM","0:30",null,null,"MISS Aldridge 8' Running Jump Shot",null,null],["0041400171",121,4,0,1,"8:35 PM","0:29",null,null,"Trail Blazers Rebound",null,null],["0041400171",122,5,1,1,"8:35 PM","0:26","Koufos STEAL (1 STL)",null,"Batum Bad Pass Turnover (P2.T4)",null,null],["0041400171",124,8,0,1,"8:36 PM","0:20","SUB: Lee FOR Allen",null,null,null,null],["0041400171",125,8,0,1,"8:36 PM","0:20","SUB: Green FOR Koufos",null,null,null,null],["0041400171",126,1,79,1,"8:36 PM","0:04","Udrih 13' Pullup Jump Shot (8 PTS)",null,null,"15 - 25","10"],["0041400171",127,2,41,1,"8:36 PM","0:00",null,null,"MISS Blake 1' Running Layup",null,null],["0041400171",130,4,0,1,"8:36 PM","0:00",null,null,"Trail Blazers Rebound",null,null],["0041400171",129,13,0,1,"8:36 PM","0:00",null,null,null,"15 - 25","10"],["0041400171",132,12,0,2,"8:40 PM","12:00",null,null,null,"15 - 25","10"],["0041400171",133,2,3,2,"8:40 PM","11:49","MISS Green 8' Hook Shot",null,null,null,null],["0041400171",134,4,0,2,"8:40 PM","11:47",null,null,"Leonard REBOUND (Off:0 Def:1)",null,null],["0041400171",135,1,1,2,"8:41 PM","11:36",null,null,"Batum 26' 3PT Jump Shot (5 PTS) (Blake 2 AST)","18 - 25","7"],["0041400171",136,2,5,2,"8:41 PM","11:17","MISS Green 3' Layup",null,"Leonard BLOCK (1 BLK)",null,null],["0041400171",137,4,0,2,"8:41 PM","11:17","GRIZZLIES Rebound",null,null,null,null],["0041400171",138,1,5,2,"8:41 PM","11:13","Green 1' Layup (2 PTS) (Allen 2 AST)",null,null,"18 - 27","9"],["0041400171",139,2,42,2,"8:42 PM","10:55",null,null,"MISS Lillard 1' Driving Layup",null,null],["0041400171",140,4,0,2,"8:42 PM","10:54","Carter REBOUND (Off:0 Def:1)",null,null,null,null],["0041400171",141,1,1,2,"8:42 PM","10:46","Udrih 27' 3PT Jump Shot (11 PTS) (Carter 1 AST)",null,null,"18 - 30","12"],["0041400171",142,2,1,2,"8:42 PM","10:29",null,null,"MISS Blake 26' 3PT Jump Shot",null,null],["0041400171",143,4,0,2,"8:42 PM","10:28","Koufos REBOUND (Off:0 Def:1)",null,null,null,null],["0041400171",144,1,78,2,"8:42 PM","10:12","Koufos 12' Floating Jump Shot (2 PTS) (Udrih 1 AST)",null,null,"18 - 32","14"],["0041400171",145,9,1,2,"8:42 PM","10:11",null,null,"Trail Blazers Timeout: Regular (Reg.2 Short 0)",null,null],["0041400171",148,8,0,2,"8:46 PM","10:11",null,null,"SUB: McCollum FOR Leonard",null,null],["0041400171",149,2,79,2,"8:46 PM","10:00","Green BLOCK (1 BLK)",null,"MISS Batum 11' Pullup Jump Shot",null,null],["0041400171",150,4,0,2,"8:46 PM","9:58","Green REBOUND (Off:0 Def:2)",null,null,null,null],["0041400171",151,1,47,2,"8:46 PM","9:48","Udrih 6' Turnaround Jump Shot (13 PTS)",null,null,"18 - 34","16"],["0041400171",152,2,1,2,"8:46 PM","9:33",null,null,"MISS Blake 26' 3PT Jump Shot",null,null],["0041400171",153,4,0,2,"8:46 PM","9:32","Udrih REBOUND (Off:0 Def:2)",null,null,null,null],["0041400171",154,2,1,2,"8:47 PM","9:11","MISS Carter 25' 3PT Jump Shot",null,null,null,null],["0041400171",155,4,0,2,"8:47 PM","9:09","Udrih REBOUND (Off:1 Def:2)",null,null,null,null],["0041400171",156,6,1,2,"8:47 PM","9:00",null,null,"Blake P.FOUL (P1.T1) (J.Capers)",null,null],["0041400171",157,8,0,2,"8:47 PM","9:00",null,null,"SUB: Aldridge FOR Blake",null,null],["0041400171",158,1,41,2,"8:47 PM","8:54","Green 1' Running Layup (4 PTS) (Udrih 2 AST)",null,null,"18 - 36","18"],["0041400171",159,6,2,2,"8:48 PM","8:32","Koufos S.FOUL (P1.T1) (J.Capers)",null,null,null,null],["0041400171",160,3,11,2,"8:48 PM","8:32",null,null,"Lopez Free Throw 1 of 2 (1 PTS)","19 - 36","17"],["0041400171",162,3,12,2,"8:48 PM","8:32",null,null,"Lopez Free Throw 2 of 2 (2 PTS)","20 - 36","16"],["0041400171",164,2,46,2,"8:49 PM","8:16","MISS Udrih 5' Running Jump Shot",null,null,null,null],["0041400171",165,4,0,2,"8:49 PM","8:14",null,null,"Lopez REBOUND (Off:2 Def:2)",null,null],["0041400171",166,5,2,2,"8:49 PM","8:04","Allen STEAL (2 STL)",null,"Lopez Lost Ball Turnover (P1.T5)",null,null],["0041400171",167,6,3,2,"8:49 PM","8:04",null,null,"Lopez L.B.FOUL (P1.T2) (T.Washington)",null,null],["0041400171",168,8,0,2,"8:49 PM","8:04","SUB: Lee FOR Allen",null,null,null,null],["0041400171",169,1,1,2,"8:49 PM","7:53","Carter 15' Jump Shot (2 PTS) (Udrih 3 AST)",null,null,"20 - 38","18"],["0041400171",170,2,5,2,"8:50 PM","7:33",null,null,"MISS Aldridge  Layup",null,null],["0041400171",172,4,0,2,"8:50 PM","7:32",null,null,"Lopez REBOUND (Off:3 Def:2)",null,null],["0041400171",171,2,4,2,"8:50 PM","7:32",null,null,"MISS Lopez 1' Tip Shot",null,null],["0041400171",174,4,0,2,"8:50 PM","7:31",null,null,"Aldridge REBOUND (Off:2 Def:0)",null,null],["0041400171",173,1,72,2,"8:50 PM","7:31",null,null,"Aldridge 1' Putback Layup (10 PTS)","22 - 38","16"],["0041400171",175,6,2,2,"8:50 PM","7:31","Koufos S.FOUL (P2.T2) (T.Washington)",null,null,null,null],["0041400171",176,8,0,2,"8:50 PM","7:31","SUB: Conley FOR Udrih",null,null,null,null],["0041400171",177,8,0,2,"8:50 PM","7:31",null,null,"SUB: Kaman FOR Lopez",null,null],["0041400171",178,8,0,2,"8:50 PM","7:31",null,null,"SUB: Crabbe FOR Batum",null,null],["0041400171",179,3,10,2,"8:50 PM","7:31",null,null,"MISS Aldridge Free Throw 1 of 1",null,null],["0041400171",181,4,0,2,"8:50 PM","7:29","Green REBOUND (Off:0 Def:3)",null,null,null,null],["0041400171",182,2,1,2,"8:51 PM","7:19","MISS Green 15' Jump Shot",null,null,null,null],["0041400171",184,4,0,2,"8:51 PM","7:18","Koufos REBOUND (Off:1 Def:1)",null,null,null,null],["0041400171",183,2,4,2,"8:51 PM","7:18","MISS Koufos  Tip Shot",null,null,null,null],["0041400171",185,4,0,2,"8:51 PM","7:15",null,null,"Lillard REBOUND (Off:0 Def:3)",null,null],["0041400171",186,2,44,2,"8:51 PM","7:10",null,null,"MISS Lillard  Reverse Layup",null,null],["0041400171",187,4,0,2,"8:51 PM","7:07","Lee REBOUND (Off:0 Def:2)",null,null,null,null],["0041400171",188,5,39,2,"8:51 PM","7:04","Conley Step Out of Bounds Turnover (P2.T3)",null,null,null,null],["0041400171",189,2,1,2,"8:52 PM","6:44",null,null,"MISS Aldridge 14' Jump Shot",null,null],["0041400171",190,4,0,2,"8:52 PM","6:43",null,null,"Kaman REBOUND (Off:2 Def:0)",null,null],["0041400171",191,1,72,2,"8:52 PM","6:43",null,null,"Kaman 1' Putback Layup (2 PTS)","24 - 38","14"],["0041400171",192,6,2,2,"8:52 PM","6:43","Carter S.FOUL (P2.T3) (J.Capers)",null,null,null,null],["0041400171",193,8,0,2,"8:52 PM","6:43","SUB: Randolph FOR Koufos",null,null,null,null],["0041400171",194,8,0,2,"8:52 PM","6:43","SUB: Gasol FOR Carter",null,null,null,null],["0041400171",195,3,10,2,"8:52 PM","6:43",null,null,"Kaman Free Throw 1 of 1 (3 PTS)","25 - 38","13"],["0041400171",197,6,2,2,"8:53 PM","6:32",null,null,"Lillard S.FOUL (P1.T3) (E.Lewis)",null,null],["0041400171",198,3,11,2,"8:53 PM","6:32","Conley Free Throw 1 of 2 (3 PTS)",null,null,"25 - 39","14"],["0041400171",200,3,12,2,"8:53 PM","6:32","Conley Free Throw 2 of 2 (4 PTS)",null,null,"25 - 40","15"],["0041400171",202,1,41,2,"8:54 PM","6:20",null,null,"Lillard 1' Running Layup (3 PTS)","27 - 40","13"],["0041400171",203,2,71,2,"8:54 PM","6:03","MISS Green 1' Finger Roll Layup",null,null,null,null],["0041400171",204,4,0,2,"8:54 PM","6:01",null,null,"Kaman REBOUND (Off:2 Def:1)",null,null],["0041400171",205,1,5,2,"8:54 PM","5:53",null,null,"Kaman 1' Layup (5 PTS) (Lillard 2 AST)","29 - 40","11"],["0041400171",206,9,1,2,"8:54 PM","5:41","GRIZZLIES Timeout: Regular (Full 2 Short 0)",null,null,null,null],["0041400171",208,2,44,2,"8:58 PM","5:24","MISS Randolph 1' Reverse Layup",null,"Aldridge BLOCK (3 BLK)",null,null],["0041400171",209,4,0,2,"8:58 PM","5:23",null,null,"Lillard REBOUND (Off:0 Def:4)",null,null],["0041400171",210,2,5,2,"8:58 PM","5:16","Gasol BLOCK (1 BLK)",null,"MISS Aldridge 1' Layup",null,null],["0041400171",211,4,0,2,"8:58 PM","5:13","Green REBOUND (Off:0 Def:4)",null,null,null,null],["0041400171",212,6,2,2,"8:59 PM","5:11",null,null,"Crabbe S.FOUL (P1.T4) (T.Washington)",null,null],["0041400171",213,3,11,2,"8:59 PM","5:11","Green Free Throw 1 of 2 (5 PTS)",null,null,"29 - 41","12"],["0041400171",215,3,12,2,"8:59 PM","5:11","Green Free Throw 2 of 2 (6 PTS)",null,null,"29 - 42","13"],["0041400171",218,8,0,2,"9:00 PM","4:49",null,null,"SUB: Batum FOR Crabbe",null,null],["0041400171",219,1,43,2,"9:00 PM","4:47",null,null,"Lillard  Alley Oop Layup (5 PTS) (Batum 1 AST)","31 - 42","11"],["0041400171",220,6,1,2,"9:00 PM","4:31",null,null,"Batum P.FOUL (P1.PN) (E.Lewis)",null,null],["0041400171",221,3,11,2,"9:01 PM","4:31","Green Free Throw 1 of 2 (7 PTS)",null,null,"31 - 43","12"],["0041400171",223,3,12,2,"9:01 PM","4:31","Green Free Throw 2 of 2 (8 PTS)",null,null,"31 - 44","13"],["0041400171",225,2,84,2,"9:02 PM","4:14",null,null,"MISS Batum 9' Running Bank Shot",null,null],["0041400171",227,4,0,2,"9:02 PM","4:12",null,null,"Aldridge REBOUND (Off:3 Def:0)",null,null],["0041400171",226,1,72,2,"9:02 PM","4:12",null,null,"Aldridge 1' Putback Layup (12 PTS)","33 - 44","11"],["0041400171",228,2,1,2,"9:02 PM","4:01","MISS Lee 16' Jump Shot",null,null,null,null],["0041400171",229,4,0,2,"9:02 PM","4:00",null,null,"Kaman REBOUND (Off:2 Def:2)",null,null],["0041400171",230,2,79,2,"9:02 PM","3:52",null,null,"MISS Lillard 19' Pullup Jump Shot",null,null],["0041400171",232,4,0,2,"9:02 PM","3:50",null,null,"Kaman REBOUND (Off:3 Def:2)",null,null],["0041400171",231,1,66,2,"9:02 PM","3:50",null,null,"Kaman 4' Jump Bank Shot (7 PTS)","35 - 44","9"],["0041400171",233,2,1,2,"9:02 PM","3:29","MISS Randolph 13' Jump Shot",null,null,null,null],["0041400171",234,4,0,2,"9:02 PM","3:28",null,null,"Kaman REBOUND (Off:3 Def:3)",null,null],["0041400171",235,2,66,2,"9:03 PM","3:16",null,null,"MISS Kaman 11' Jump Bank Shot",null,null],["0041400171",236,4,0,2,"9:03 PM","3:13","Green REBOUND (Off:0 Def:5)",null,null,null,null],["0041400171",237,1,3,2,"9:03 PM","3:05","Gasol 8' Hook Shot (9 PTS)",null,null,"35 - 46","11"],["0041400171",238,2,1,2,"9:03 PM","2:47",null,null,"MISS Batum 25' 3PT Jump Shot",null,null],["0041400171",239,4,0,2,"9:03 PM","2:46","Conley REBOUND (Off:0 Def:1)",null,null,null,null],["0041400171",240,1,41,2,"9:03 PM","2:40","Conley 2' Running Layup (6 PTS)",null,null,"35 - 48","13"],["0041400171",241,6,2,2,"9:03 PM","2:40",null,null,"Lillard S.FOUL (P2.PN) (T.Washington)",null,null],["0041400171",242,9,1,2,"9:04 PM","2:40",null,null,null,null,null],["0041400171",244,8,0,2,"9:06 PM","2:40","SUB: Allen FOR Green",null,null,null,null],["0041400171",246,3,10,2,"9:07 PM","2:40","Conley Free Throw 1 of 1 (7 PTS)",null,null,"35 - 49","14"],["0041400171",248,1,52,2,"9:07 PM","2:28",null,null,"Aldridge  Alley Oop Dunk (14 PTS) (Kaman 2 AST)","37 - 49","12"],["0041400171",249,2,1,2,"9:07 PM","2:13","MISS Gasol 19' Jump Shot",null,null,null,null],["0041400171",250,4,0,2,"9:07 PM","2:12",null,null,"Trail Blazers Rebound",null,null],["0041400171",251,2,5,2,"9:08 PM","1:57","Gasol BLOCK (2 BLK)",null,"MISS Kaman  Layup",null,null],["0041400171",252,4,0,2,"9:08 PM","1:57","GRIZZLIES Rebound",null,null,null,null],["0041400171",253,1,1,2,"9:08 PM","1:39","Lee 26' 3PT Jump Shot (9 PTS) (Gasol 2 AST)",null,null,"37 - 52","15"],["0041400171",254,5,1,2,"9:08 PM","1:19","Conley STEAL (1 STL)",null,"Kaman Bad Pass Turnover (P2.T6)",null,null],["0041400171",255,1,5,2,"9:09 PM","1:16","Conley 1' Layup (9 PTS)",null,null,"37 - 54","17"],["0041400171",256,9,2,2,"9:09 PM","1:15",null,null,"Trail Blazers Timeout: Short (Reg.2 Short 1)",null,null],["0041400171",258,8,0,2,"9:09 PM","1:15",null,null,"SUB: Lopez FOR Kaman",null,null],["0041400171",259,2,42,2,"9:10 PM","1:02",null,null,"MISS Lillard  Driving Layup",null,null],["0041400171",260,4,0,2,"9:10 PM","0:59","Allen REBOUND (Off:0 Def:2)",null,null,null,null],["0041400171",261,1,42,2,"9:10 PM","0:44","Gasol  Driving Layup (11 PTS)",null,null,"37 - 56","19"],["0041400171",262,6,2,2,"9:10 PM","0:44",null,null,"Batum S.FOUL (P2.PN) (T.Washington)",null,null],["0041400171",263,3,10,2,"9:11 PM","0:44","MISS Gasol Free Throw 1 of 1",null,null,null,null],["0041400171",265,4,0,2,"9:11 PM","0:43",null,null,"Aldridge REBOUND (Off:3 Def:1)",null,null],["0041400171",266,2,80,2,"9:11 PM","0:28",null,null,"MISS Lillard 21' Step Back Jump Shot",null,null],["0041400171",267,4,0,2,"9:11 PM","0:28","GRIZZLIES Rebound",null,null,null,null],["0041400171",268,6,3,2,"9:11 PM","0:28",null,null,"Aldridge L.B.FOUL (P1.PN) (J.Capers)",null,null],["0041400171",269,3,11,2,"9:11 PM","0:28","Randolph Free Throw 1 of 2 (3 PTS)",null,null,"37 - 57","20"],["0041400171",271,3,12,2,"9:12 PM","0:28","Randolph Free Throw 2 of 2 (4 PTS)",null,null,"37 - 58","21"],["0041400171",273,1,86,2,"9:12 PM","0:07",null,null,"Aldridge 7' Turnaround Fadeaway (16 PTS)","39 - 58","19"],["0041400171",274,2,79,2,"9:12 PM","0:04","MISS Conley 15' Pullup Jump Shot",null,null,null,null],["0041400171",276,4,0,2,"9:13 PM","0:00",null,null,"McCollum REBOUND (Off:0 Def:4)",null,null],["0041400171",277,13,0,2,"9:13 PM","0:00",null,null,null,"39 - 58","19"],["0041400171",279,12,0,3,"9:31 PM","12:00",null,null,null,"39 - 58","19"],["0041400171",280,1,41,3,"9:31 PM","11:45","Conley  Running Layup (11 PTS)",null,null,"39 - 60","21"],["0041400171",281,6,2,3,"9:31 PM","11:45",null,null,"Lopez S.FOUL (P2.T1) (J.Capers)",null,null],["0041400171",282,3,10,3,"9:31 PM","11:45","MISS Conley Free Throw 1 of 1",null,null,null,null],["0041400171",284,4,0,3,"9:31 PM","11:44",null,null,"Batum REBOUND (Off:1 Def:3)",null,null],["0041400171",285,2,1,3,"9:32 PM","11:35",null,null,"MISS McCollum 26' 3PT Jump Shot",null,null],["0041400171",286,4,0,3,"9:32 PM","11:34","Gasol REBOUND (Off:0 Def:5)",null,null,null,null],["0041400171",287,2,1,3,"9:32 PM","11:24","MISS Randolph 19' Jump Shot",null,null,null,null],["0041400171",288,4,0,3,"9:32 PM","11:23",null,null,"Batum REBOUND (Off:1 Def:4)",null,null],["0041400171",289,2,1,3,"9:32 PM","11:16",null,null,"MISS Lillard 27' 3PT Jump Shot",null,null],["0041400171",290,4,0,3,"9:32 PM","11:14","GRIZZLIES Rebound",null,null,null,null],["0041400171",291,2,1,3,"9:32 PM","11:01","MISS Conley 26' 3PT Jump Shot",null,null,null,null],["0041400171",292,4,0,3,"9:32 PM","11:00",null,null,"Lillard REBOUND (Off:0 Def:5)",null,null],["0041400171",293,1,86,3,"9:32 PM","10:49",null,null,"Batum 14' Turnaround Fadeaway (7 PTS)","41 - 60","19"],["0041400171",294,1,78,3,"9:33 PM","10:29","Conley 9' Floating Jump Shot (13 PTS) (Gasol 3 AST)",null,null,"41 - 62","21"],["0041400171",295,1,52,3,"9:33 PM","10:09",null,null,"Lillard  Alley Oop Dunk (7 PTS) (Batum 2 AST)","43 - 62","19"],["0041400171",296,1,5,3,"9:33 PM","9:51","Randolph 2' Layup (6 PTS)",null,null,"43 - 64","21"],["0041400171",297,1,47,3,"9:34 PM","9:35",null,null,"Aldridge 12' Turnaround Jump Shot (18 PTS)","45 - 64","19"],["0041400171",298,2,78,3,"9:34 PM","9:08","MISS Conley 14' Floating Jump Shot",null,null,null,null],["0041400171",299,4,0,3,"9:34 PM","9:05",null,null,"McCollum REBOUND (Off:0 Def:5)",null,null],["0041400171",300,2,42,3,"9:34 PM","8:59","Green BLOCK (2 BLK)",null,"MISS McCollum 1' Driving Layup",null,null],["0041400171",301,4,0,3,"9:34 PM","8:56",null,null,"Batum REBOUND (Off:2 Def:4)",null,null],["0041400171",302,6,1,3,"9:34 PM","8:51","Randolph P.FOUL (P1.T1) (J.Capers)",null,null,null,null],["0041400171",303,2,46,3,"9:35 PM","8:40",null,null,"MISS McCollum 9' Running Jump Shot",null,null],["0041400171",304,4,0,3,"9:35 PM","8:37","Gasol REBOUND (Off:0 Def:6)",null,null,null,null],["0041400171",305,5,1,3,"9:35 PM","8:32","Lee Bad Pass Turnover (P1.T4)",null,"McCollum STEAL (1 STL)",null,null],["0041400171",306,2,1,3,"9:35 PM","8:22",null,null,"MISS Aldridge 11' Jump Shot",null,null],["0041400171",307,4,0,3,"9:35 PM","8:20",null,null,"Lillard REBOUND (Off:1 Def:5)",null,null],["0041400171",308,1,1,3,"9:35 PM","8:16",null,null,"Batum 25' 3PT Jump Shot (10 PTS) (Lillard 3 AST)","48 - 64","16"],["0041400171",309,9,1,3,"9:35 PM","8:16","GRIZZLIES Timeout: Regular (Full 3 Short 0)",null,null,null,null],["0041400171",311,1,1,3,"9:39 PM","7:56","Randolph 15' Jump Shot (8 PTS) (Lee 2 AST)",null,null,"48 - 66","18"],["0041400171",312,2,86,3,"9:39 PM","7:32",null,null,"MISS Aldridge 14' Turnaround Fadeaway Shot",null,null],["0041400171",313,4,0,3,"9:39 PM","7:31",null,null,"Trail Blazers Rebound",null,null],["0041400171",314,6,3,3,"9:40 PM","7:31","Gasol L.B.FOUL (P1.T2) (E.Lewis)",null,null,null,null],["0041400171",315,6,4,3,"9:40 PM","7:14",null,null,"Aldridge OFF.Foul (P2) (T.Washington)",null,null],["0041400171",316,5,5,3,"9:40 PM","7:14",null,null,"Aldridge Foul Turnover (P1.T7)",null,null],["0041400171",317,6,1,3,"9:41 PM","6:58",null,null,"Lopez P.FOUL (P3.T2) (E.Lewis)",null,null],["0041400171",321,1,1,3,"9:42 PM","6:47","Green 22' Jump Shot (10 PTS) (Gasol 4 AST)",null,null,"48 - 68","20"],["0041400171",322,2,78,3,"9:42 PM","6:28",null,null,"MISS Lillard 8' Floating Jump Shot",null,null],["0041400171",323,4,0,3,"9:42 PM","6:26","Randolph REBOUND (Off:3 Def:4)",null,null,null,null],["0041400171",324,6,2,3,"9:43 PM","6:20",null,null,"Batum S.FOUL (P3.T3) (J.Capers)",null,null],["0041400171",325,3,11,3,"9:43 PM","6:20","Green Free Throw 1 of 2 (11 PTS)",null,null,"48 - 69","21"],["0041400171",327,3,12,3,"9:43 PM","6:20","MISS Green Free Throw 2 of 2",null,null,null,null],["0041400171",329,4,0,3,"9:43 PM","6:19",null,null,"Aldridge REBOUND (Off:3 Def:2)",null,null],["0041400171",330,2,1,3,"9:44 PM","6:01",null,null,"MISS Batum 25' 3PT Jump Shot",null,null],["0041400171",331,4,0,3,"9:44 PM","6:00","Lee REBOUND (Off:0 Def:3)",null,null,null,null],["0041400171",332,2,5,3,"9:44 PM","5:52","MISS Randolph 2' Layup",null,null,null,null],["0041400171",334,4,0,3,"9:44 PM","5:49","Gasol REBOUND (Off:1 Def:6)",null,null,null,null],["0041400171",333,1,44,3,"9:44 PM","5:49","Gasol 1' Reverse Layup (13 PTS)",null,null,"48 - 71","23"],["0041400171",335,5,1,3,"9:44 PM","5:31",null,null,"Batum Bad Pass Turnover (P3.T8)",null,null],["0041400171",336,8,0,3,"9:44 PM","5:31",null,null,"SUB: Kaman FOR Lopez",null,null],["0041400171",337,1,63,3,"9:45 PM","5:12","Randolph 13' Fadeaway Jumper (10 PTS)",null,null,"48 - 73","25"],["0041400171",338,9,1,3,"9:45 PM","5:11",null,null,"Trail Blazers Timeout: Regular (Reg.3 Short 1)",null,null],["0041400171",340,8,0,3,"9:47 PM","5:11","SUB: Allen FOR Green",null,null,null,null],["0041400171",341,8,0,3,"9:48 PM","5:11",null,null,"SUB: Crabbe FOR McCollum",null,null],["0041400171",342,1,1,3,"9:48 PM","4:56",null,null,"Aldridge 25' 3PT Jump Shot (21 PTS) (Batum 3 AST)","51 - 73","22"],["0041400171",343,1,5,3,"9:49 PM","4:34","Randolph 2' Layup (12 PTS) (Gasol 5 AST)",null,null,"51 - 75","24"],["0041400171",344,1,79,3,"9:49 PM","4:23",null,null,"Lillard 10' Pullup Jump Shot (9 PTS)","53 - 75","22"],["0041400171",345,1,42,3,"9:49 PM","4:08","Conley 1' Driving Layup (15 PTS)",null,null,"53 - 77","24"],["0041400171",346,6,2,3,"9:49 PM","4:08",null,null,"Kaman S.FOUL (P2.T4) (T.Washington)",null,null],["0041400171",347,3,10,3,"9:49 PM","4:08","Conley Free Throw 1 of 1 (16 PTS)",null,null,"53 - 78","25"],["0041400171",349,6,2,3,"9:50 PM","3:55","Gasol S.FOUL (P2.T3) (T.Washington)",null,null,null,null],["0041400171",350,3,11,3,"9:50 PM","3:55",null,null,"MISS Lillard Free Throw 1 of 2",null,null],["0041400171",351,4,1,3,"9:50 PM","3:55",null,null,"Trail Blazers Rebound",null,null],["0041400171",352,8,0,3,"9:50 PM","3:55","SUB: Udrih FOR Conley",null,null,null,null],["0041400171",353,3,12,3,"9:50 PM","3:55",null,null,"MISS Lillard Free Throw 2 of 2",null,null],["0041400171",355,4,0,3,"9:51 PM","3:54","Gasol REBOUND (Off:1 Def:7)",null,null,null,null],["0041400171",356,2,86,3,"9:51 PM","3:35","MISS Gasol 10' Turnaround Fadeaway Shot",null,null,null,null],["0041400171",357,4,0,3,"9:51 PM","3:33",null,null,"Lillard REBOUND (Off:1 Def:6)",null,null],["0041400171",358,2,46,3,"9:51 PM","3:28",null,null,"MISS Kaman 8' Running Jump Shot",null,null],["0041400171",359,4,0,3,"9:51 PM","3:26","Gasol REBOUND (Off:1 Def:8)",null,null,null,null],["0041400171",360,2,1,3,"9:51 PM","3:13","MISS Lee 22' Jump Shot",null,null,null,null],["0041400171",361,4,0,3,"9:51 PM","3:12",null,null,"Aldridge REBOUND (Off:3 Def:3)",null,null],["0041400171",362,2,1,3,"9:52 PM","3:03",null,null,"MISS Lillard 26' 3PT Jump Shot",null,null],["0041400171",363,4,0,3,"9:52 PM","3:01","Udrih REBOUND (Off:1 Def:3)",null,null,null,null],["0041400171",364,1,5,3,"9:52 PM","2:49","Udrih  Layup (15 PTS) (Gasol 6 AST)",null,null,"53 - 80","27"],["0041400171",365,6,1,3,"9:52 PM","2:33","Randolph P.FOUL (P2.T4) (E.Lewis)",null,null,null,null],["0041400171",366,8,0,3,"9:52 PM","2:33",null,null,"SUB: McCollum FOR Batum",null,null],["0041400171",367,8,0,3,"9:52 PM","2:33","SUB: Koufos FOR Gasol",null,null,null,null],["0041400171",368,8,0,3,"9:52 PM","2:33",null,null,"SUB: Blake FOR Lillard",null,null],["0041400171",370,8,0,3,"9:53 PM","2:28",null,null,"SUB: Leonard FOR Kaman",null,null],["0041400171",371,2,1,3,"9:53 PM","2:17",null,null,"MISS Blake 26' 3PT Jump Shot",null,null],["0041400171",372,4,0,3,"9:53 PM","2:16","Randolph REBOUND (Off:3 Def:5)",null,null,null,null],["0041400171",373,2,41,3,"9:53 PM","2:04","MISS Randolph 2' Running Layup",null,null,null,null],["0041400171",374,4,0,3,"9:53 PM","2:01","Randolph REBOUND (Off:4 Def:5)",null,null,null,null],["0041400171",375,6,1,3,"9:54 PM","1:56",null,null,"Aldridge P.FOUL (P3.PN) (E.Lewis)",null,null],["0041400171",376,3,11,3,"9:54 PM","1:56","Randolph Free Throw 1 of 2 (13 PTS)",null,null,"53 - 81","28"],["0041400171",378,3,12,3,"9:54 PM","1:56","Randolph Free Throw 2 of 2 (14 PTS)",null,null,"53 - 82","29"],["0041400171",380,1,5,3,"9:55 PM","1:47",null,null,"Aldridge 1' Layup (23 PTS) (Blake 3 AST)","55 - 82","27"],["0041400171",381,6,2,3,"9:55 PM","1:47","Allen S.FOUL (P1.PN) (E.Lewis)",null,null,null,null],["0041400171",382,3,10,3,"9:55 PM","1:47",null,null,"Aldridge Free Throw 1 of 1 (24 PTS)","56 - 82","26"],["0041400171",384,2,46,3,"9:55 PM","1:31","MISS Randolph 7' Running Jump Shot",null,null,null,null],["0041400171",385,4,0,3,"9:55 PM","1:29",null,null,"Aldridge REBOUND (Off:3 Def:4)",null,null],["0041400171",386,2,1,3,"9:56 PM","1:23",null,null,"MISS Aldridge 25' 3PT Jump Shot",null,null],["0041400171",387,4,0,3,"9:56 PM","1:22","Udrih REBOUND (Off:1 Def:4)",null,null,null,null],["0041400171",388,1,5,3,"9:56 PM","1:15","Udrih 1' Layup (17 PTS)",null,null,"56 - 84","28"],["0041400171",389,1,1,3,"9:56 PM","0:56",null,null,"Leonard 25' 3PT Jump Shot (3 PTS) (Blake 4 AST)","59 - 84","25"],["0041400171",390,6,1,3,"9:56 PM","0:45",null,null,"Leonard P.FOUL (P1.PN) (E.Lewis)",null,null],["0041400171",391,3,11,3,"9:57 PM","0:45","MISS Udrih Free Throw 1 of 2",null,null,null,null],["0041400171",392,4,1,3,"9:57 PM","0:45","GRIZZLIES Rebound",null,null,null,null],["0041400171",393,8,0,3,"9:57 PM","0:45","SUB: Green FOR Lee",null,null,null,null],["0041400171",394,8,0,3,"9:57 PM","0:45",null,null,"SUB: Lillard FOR Crabbe",null,null],["0041400171",395,3,12,3,"9:57 PM","0:45","Udrih Free Throw 2 of 2 (18 PTS)",null,null,"59 - 85","26"],["0041400171",397,2,42,3,"9:57 PM","0:30",null,null,"MISS Lillard  Driving Layup",null,null],["0041400171",398,4,0,3,"9:57 PM","0:28",null,null,"Aldridge REBOUND (Off:4 Def:4)",null,null],["0041400171",399,1,72,3,"9:57 PM","0:28",null,null,"Aldridge 1' Putback Layup (26 PTS)","61 - 85","24"],["0041400171",400,6,2,3,"9:57 PM","0:28","Randolph S.FOUL (P3.PN) (E.Lewis)",null,null,null,null],["0041400171",401,8,0,3,"9:58 PM","0:28",null,null,"SUB: Crabbe FOR Lillard",null,null],["0041400171",402,8,0,3,"9:58 PM","0:28","SUB: Gasol FOR Randolph",null,null,null,null],["0041400171",403,3,10,3,"9:58 PM","0:28",null,null,"Aldridge Free Throw 1 of 1 (27 PTS)","62 - 85","23"],["0041400171",405,6,1,3,"9:58 PM","0:14",null,null,"Leonard P.FOUL (P2.PN) (E.Lewis)",null,null],["0041400171",406,3,11,3,"9:59 PM","0:14","MISS Koufos Free Throw 1 of 2",null,null,null,null],["0041400171",407,4,1,3,"9:59 PM","0:14","GRIZZLIES Rebound",null,null,null,null],["0041400171",408,8,0,3,"9:59 PM","0:14",null,null,"SUB: Lillard FOR Crabbe",null,null],["0041400171",409,3,12,3,"9:59 PM","0:14","Koufos Free Throw 2 of 2 (3 PTS)",null,null,"62 - 86","24"],["0041400171",411,2,46,3,"9:59 PM","0:01","Koufos BLOCK (1 BLK)",null,"MISS Aldridge 6' Running Jump Shot",null,null],["0041400171",413,4,0,3,"9:59 PM","0:00",null,null,"Trail Blazers Rebound",null,null],["0041400171",412,13,0,3,"9:59 PM","0:00",null,null,null,"62 - 86","24"],["0041400171",415,12,0,4,"10:03 PM","12:00",null,null,null,"62 - 86","24"],["0041400171",416,6,1,4,"10:03 PM","11:50","Koufos P.FOUL (P3.T1) (J.Capers)",null,null,null,null],["0041400171",417,2,1,4,"10:04 PM","11:45",null,null,"MISS Lillard 26' 3PT Jump Shot",null,null],["0041400171",418,4,0,4,"10:04 PM","11:44","Udrih REBOUND (Off:1 Def:5)",null,null,null,null],["0041400171",419,2,86,4,"10:04 PM","11:26","MISS Green 9' Turnaround Fadeaway Shot",null,null,null,null],["0041400171",420,4,0,4,"10:04 PM","11:26",null,null,"Trail Blazers Rebound",null,null],["0041400171",421,6,3,4,"10:04 PM","11:24","Koufos L.B.FOUL (P4.T2) (J.Capers)",null,null,null,null],["0041400171",422,2,80,4,"10:04 PM","11:13",null,null,"MISS Aldridge 21' Step Back Jump Shot",null,null],["0041400171",423,4,0,4,"10:05 PM","11:11","Allen REBOUND (Off:0 Def:3)",null,null,null,null],["0041400171",424,2,46,4,"10:05 PM","10:51","MISS Gasol 6' Running Jump Shot",null,null,null,null],["0041400171",425,4,0,4,"10:05 PM","10:49",null,null,"Aldridge REBOUND (Off:4 Def:5)",null,null],["0041400171",426,2,5,4,"10:05 PM","10:33",null,null,"MISS Aldridge 1' Layup",null,null],["0041400171",428,4,0,4,"10:05 PM","10:32",null,null,"Aldridge REBOUND (Off:5 Def:5)",null,null],["0041400171",427,1,4,4,"10:05 PM","10:32",null,null,"Aldridge 2' Tip Shot (29 PTS)","64 - 86","22"],["0041400171",429,1,8,4,"10:05 PM","10:15","Koufos  Slam Dunk (5 PTS) (Udrih 4 AST)",null,null,"64 - 88","24"],["0041400171",430,2,5,4,"10:06 PM","10:05","Koufos BLOCK (2 BLK)",null,"MISS McCollum 2' Layup",null,null],["0041400171",432,4,0,4,"10:06 PM","10:02",null,null,"Aldridge REBOUND (Off:6 Def:5)",null,null],["0041400171",431,2,4,4,"10:06 PM","10:02",null,null,"MISS Aldridge 3' Tip Shot",null,null],["0041400171",434,4,0,4,"10:06 PM","10:01",null,null,"Aldridge REBOUND (Off:7 Def:5)",null,null],["0041400171",433,2,4,4,"10:06 PM","10:01",null,null,"MISS Aldridge 1' Tip Shot",null,null],["0041400171",435,4,0,4,"10:06 PM","9:59","Green REBOUND (Off:0 Def:6)",null,null,null,null],["0041400171",436,1,79,4,"10:06 PM","9:51","Udrih 2' Pullup Jump Shot (20 PTS)",null,null,"64 - 90","26"],["0041400171",437,2,5,4,"10:06 PM","9:37","Allen BLOCK (1 BLK)",null,"MISS Lillard  Layup",null,null],["0041400171",438,4,0,4,"10:06 PM","9:37",null,null,"Trail Blazers Rebound",null,null],["0041400171",439,6,2,4,"10:06 PM","9:37","Allen S.FOUL (P2.T3) (J.Capers)",null,null,null,null],["0041400171",440,3,11,4,"10:07 PM","9:37",null,null,"Lillard Free Throw 1 of 2 (10 PTS)","65 - 90","25"],["0041400171",441,3,12,4,"10:07 PM","9:37",null,null,"Lillard Free Throw 2 of 2 (11 PTS)","66 - 90","24"],["0041400171",443,2,79,4,"10:07 PM","9:17","MISS Green 14' Pullup Jump Shot",null,null,null,null],["0041400171",444,4,0,4,"10:07 PM","9:15",null,null,"Batum REBOUND (Off:2 Def:5)",null,null],["0041400171",445,2,42,4,"10:07 PM","9:11","Koufos BLOCK (3 BLK)",null,"MISS McCollum 1' Driving Layup",null,null],["0041400171",446,4,0,4,"10:08 PM","9:07","Koufos REBOUND (Off:1 Def:2)",null,null,null,null],["0041400171",447,2,1,4,"10:08 PM","8:57","MISS Green 5' Jump Shot",null,null,null,null],["0041400171",448,4,0,4,"10:08 PM","8:55",null,null,"Leonard REBOUND (Off:0 Def:2)",null,null],["0041400171",449,1,1,4,"10:08 PM","8:38",null,null,"Leonard 24' 3PT Jump Shot (6 PTS) (Aldridge 1 AST)","69 - 90","21"],["0041400171",450,2,1,4,"10:08 PM","8:19","MISS Gasol 18' Jump Shot",null,null,null,null],["0041400171",451,4,0,4,"10:08 PM","8:18",null,null,"Lillard REBOUND (Off:1 Def:7)",null,null],["0041400171",452,1,42,4,"10:09 PM","8:11",null,null,"Lillard 1' Driving Layup (13 PTS)","71 - 90","19"],["0041400171",453,6,2,4,"10:09 PM","8:11","Udrih S.FOUL (P1.T4) (J.Capers)",null,null,null,null],["0041400171",454,9,1,4,"10:09 PM","8:11",null,null,null,null,null],["0041400171",456,8,0,4,"10:11 PM","8:11","SUB: Carter FOR Green",null,null,null,null],["0041400171",457,8,0,4,"10:11 PM","8:11","SUB: Randolph FOR Koufos",null,null,null,null],["0041400171",458,3,10,4,"10:12 PM","8:11",null,null,"Lillard Free Throw 1 of 1 (14 PTS)","72 - 90","18"],["0041400171",460,6,1,4,"10:12 PM","8:01",null,null,"Batum P.FOUL (P4.T1) (J.Capers)",null,null],["0041400171",461,2,42,4,"10:12 PM","7:55","MISS Udrih 1' Driving Layup",null,"McCollum BLOCK (1 BLK)",null,null],["0041400171",463,4,0,4,"10:13 PM","7:52","Gasol REBOUND (Off:2 Def:8)",null,null,null,null],["0041400171",462,2,4,4,"10:13 PM","7:52","MISS Gasol  Tip Shot",null,null,null,null],["0041400171",464,4,0,4,"10:13 PM","7:50",null,null,"Aldridge REBOUND (Off:7 Def:6)",null,null],["0041400171",465,2,5,4,"10:13 PM","7:44","Gasol BLOCK (3 BLK)",null,"MISS Lillard 1' Layup",null,null],["0041400171",466,4,0,4,"10:13 PM","7:42","Udrih REBOUND (Off:1 Def:6)",null,null,null,null],["0041400171",467,1,8,4,"10:13 PM","7:37","Allen  Slam Dunk (2 PTS) (Udrih 5 AST)",null,null,"72 - 92","20"],["0041400171",469,2,1,4,"10:13 PM","7:15",null,null,"MISS Aldridge 27' 3PT Jump Shot",null,null],["0041400171",470,4,0,4,"10:13 PM","7:15","GRIZZLIES Rebound",null,null,null,null],["0041400171",471,2,1,4,"10:14 PM","7:01","MISS Carter 25' 3PT Jump Shot",null,null,null,null],["0041400171",472,4,0,4,"10:14 PM","7:00",null,null,"Leonard REBOUND (Off:0 Def:3)",null,null],["0041400171",473,5,1,4,"10:14 PM","6:47","Allen STEAL (3 STL)",null,"McCollum Bad Pass Turnover (P1.T9)",null,null],["0041400171",474,1,63,4,"10:14 PM","6:28","Randolph 16' Fadeaway Jumper (16 PTS) (Udrih 6 AST)",null,null,"72 - 94","22"],["0041400171",475,6,1,4,"10:15 PM","6:17","Carter P.FOUL (P3.PN) (E.Lewis)",null,null,null,null],["0041400171",476,3,11,4,"10:15 PM","6:17",null,null,"Batum Free Throw 1 of 2 (11 PTS)","73 - 94","21"],["0041400171",478,3,12,4,"10:15 PM","6:17",null,null,"Batum Free Throw 2 of 2 (12 PTS)","74 - 94","20"],["0041400171",480,2,1,4,"10:16 PM","6:00","MISS Carter 25' 3PT Jump Shot",null,null,null,null],["0041400171",481,4,0,4,"10:16 PM","5:59",null,null,"Leonard REBOUND (Off:0 Def:4)",null,null],["0041400171",482,2,1,4,"10:16 PM","5:51",null,null,"MISS Aldridge 21' Jump Shot",null,null],["0041400171",483,4,0,4,"10:16 PM","5:50","GRIZZLIES Rebound",null,null,null,null],["0041400171",484,6,3,4,"10:16 PM","5:50",null,null,"Leonard L.B.FOUL (P3.T2) (J.Capers)",null,null],["0041400171",486,9,1,4,"10:16 PM","5:50","GRIZZLIES Timeout: Regular (Full 4 Short 0)",null,null,null,null],["0041400171",487,5,8,4,"10:20 PM","5:33","Gasol 3 Second Violation Turnover (P1.T5)",null,null,null,null],["0041400171",488,1,1,4,"10:20 PM","5:15",null,null,"Batum 25' 3PT Jump Shot (15 PTS) (Leonard 1 AST)","77 - 94","17"],["0041400171",489,1,5,4,"10:21 PM","5:00","Allen 1' Layup (4 PTS) (Gasol 7 AST)",null,null,"77 - 96","19"],["0041400171",490,6,2,4,"10:21 PM","5:00",null,null,"McCollum S.FOUL (P3.T3) (E.Lewis)",null,null],["0041400171",491,3,10,4,"10:21 PM","5:00","MISS Allen Free Throw 1 of 1",null,null,null,null],["0041400171",493,4,0,4,"10:21 PM","4:59",null,null,"Leonard REBOUND (Off:0 Def:5)",null,null],["0041400171",494,2,1,4,"10:21 PM","4:48",null,null,"MISS Batum 25' 3PT Jump Shot",null,null],["0041400171",495,4,0,4,"10:21 PM","4:47","Randolph REBOUND (Off:4 Def:6)",null,null,null,null],["0041400171",496,6,1,4,"10:22 PM","4:40",null,null,"Leonard P.FOUL (P4.T4) (T.Washington)",null,null],["0041400171",497,2,47,4,"10:22 PM","4:27","MISS Randolph 5' Turnaround Jump Shot",null,"Aldridge BLOCK (4 BLK)",null,null],["0041400171",498,4,0,4,"10:22 PM","4:27","GRIZZLIES Rebound",null,null,null,null],["0041400171",499,2,1,4,"10:22 PM","4:25","MISS Udrih 6' Jump Shot",null,null,null,null],["0041400171",500,4,0,4,"10:22 PM","4:24",null,null,"Leonard REBOUND (Off:0 Def:6)",null,null],["0041400171",501,5,2,4,"10:23 PM","4:12","Gasol STEAL (1 STL)",null,"Aldridge Lost Ball Turnover (P2.T10)",null,null],["0041400171",502,2,63,4,"10:23 PM","3:54","MISS Randolph 15' Fadeaway Jumper",null,null,null,null],["0041400171",503,4,0,4,"10:23 PM","3:52",null,null,"Leonard REBOUND (Off:0 Def:7)",null,null],["0041400171",504,5,1,4,"10:23 PM","3:51",null,null,"Leonard Bad Pass Turnover (P1.T11)",null,null],["0041400171",505,2,1,4,"10:23 PM","3:46","MISS Udrih 17' Jump Shot",null,null,null,null],["0041400171",506,4,0,4,"10:23 PM","3:45","GRIZZLIES Rebound",null,null,null,null],["0041400171",507,2,41,4,"10:24 PM","3:30","MISS Gasol 2' Running Layup",null,"Leonard BLOCK (2 BLK)",null,null],["0041400171",508,4,0,4,"10:24 PM","3:28",null,null,"Aldridge REBOUND (Off:7 Def:7)",null,null],["0041400171",509,1,1,4,"10:24 PM","3:19",null,null,"Aldridge 26' 3PT Jump Shot (32 PTS) (Batum 4 AST)","80 - 96","16"],["0041400171",510,1,1,4,"10:24 PM","3:03","Gasol 15' Jump Shot (15 PTS) (Udrih 7 AST)",null,null,"80 - 98","18"],["0041400171",512,9,1,4,"10:24 PM","3:02",null,null,"Trail Blazers Timeout: Regular (Reg.4 Short 1)",null,null],["0041400171",514,8,0,4,"10:27 PM","3:02",null,null,"SUB: Freeland FOR Batum",null,null],["0041400171",515,8,0,4,"10:27 PM","3:02",null,null,"SUB: Crabbe FOR Aldridge",null,null],["0041400171",516,8,0,4,"10:27 PM","3:02",null,null,"SUB: Gee FOR McCollum",null,null],["0041400171",517,8,0,4,"10:27 PM","3:02",null,null,"SUB: Frazier FOR Lillard",null,null],["0041400171",518,8,0,4,"10:27 PM","3:02","SUB: Calathes FOR Allen",null,null,null,null],["0041400171",519,6,1,4,"10:27 PM","2:50","Gasol P.FOUL (P3.PN) (J.Capers)",null,null,null,null],["0041400171",520,3,11,4,"10:28 PM","2:50",null,null,"Leonard Free Throw 1 of 2 (7 PTS)","81 - 98","17"],["0041400171",522,3,12,4,"10:28 PM","2:50",null,null,"MISS Leonard Free Throw 2 of 2",null,null],["0041400171",524,4,0,4,"10:28 PM","2:49","Carter REBOUND (Off:0 Def:2)",null,null,null,null],["0041400171",525,2,8,4,"10:28 PM","2:37","MISS Carter  Slam Dunk",null,null,null,null],["0041400171",526,4,0,4,"10:28 PM","2:35",null,null,"Gee REBOUND (Off:0 Def:1)",null,null],["0041400171",527,1,1,4,"10:28 PM","2:29",null,null,"Crabbe 25' 3PT Jump Shot (5 PTS) (Gee 1 AST)","84 - 98","14"],["0041400171",528,2,44,4,"10:29 PM","2:05","MISS Udrih 3' Reverse Layup",null,null,null,null],["0041400171",529,4,0,4,"10:29 PM","2:04",null,null,"Leonard REBOUND (Off:0 Def:8)",null,null],["0041400171",531,2,1,4,"10:29 PM","1:52",null,null,"MISS Leonard 22' Jump Shot",null,null],["0041400171",532,4,0,4,"10:29 PM","1:51","Randolph REBOUND (Off:4 Def:7)",null,null,null,null],["0041400171",533,2,1,4,"10:29 PM","1:38","MISS Randolph 26' 3PT Jump Shot",null,null,null,null],["0041400171",534,4,0,4,"10:29 PM","1:37",null,null,"Leonard REBOUND (Off:0 Def:9)",null,null],["0041400171",535,5,2,4,"10:30 PM","1:35","Calathes STEAL (1 STL)",null,"Leonard Lost Ball Turnover (P2.T12)",null,null],["0041400171",536,5,1,4,"10:30 PM","1:32","Calathes Bad Pass Turnover (P1.T6)",null,"Freeland STEAL (1 STL)",null,null],["0041400171",537,2,44,4,"10:30 PM","1:26",null,null,"MISS Frazier  Reverse Layup",null,null],["0041400171",538,4,0,4,"10:30 PM","1:23","Gasol REBOUND (Off:2 Def:9)",null,null,null,null],["0041400171",539,9,2,4,"10:30 PM","1:23","GRIZZLIES Timeout: Short (Full 4 Short 1)",null,null,null,null],["0041400171",541,8,0,4,"10:31 PM","1:23","SUB: Leuer FOR Randolph",null,null,null,null],["0041400171",542,8,0,4,"10:31 PM","1:23","SUB: Adams FOR Gasol",null,null,null,null],["0041400171",543,8,0,4,"10:31 PM","1:23","SUB: Green FOR Carter",null,null,null,null],["0041400171",544,5,1,4,"10:31 PM","1:12","Calathes Bad Pass Turnover (P2.T7)",null,"Leonard STEAL (1 STL)",null,null],["0041400171",545,5,2,4,"10:31 PM","1:09","Adams STEAL (1 STL)",null,"Frazier Lost Ball Turnover (P1.T13)",null,null],["0041400171",546,1,78,4,"10:31 PM","0:56","Calathes 10' Floating Jump Shot (2 PTS)",null,null,"84 - 100","16"],["0041400171",547,2,1,4,"10:32 PM","0:41",null,null,"MISS Leonard 25' 3PT Jump Shot",null,null],["0041400171",548,4,0,4,"10:32 PM","0:40","Leuer REBOUND (Off:0 Def:1)",null,null,null,null],["0041400171",549,5,2,4,"10:32 PM","0:20","Calathes Lost Ball Turnover (P3.T8)",null,"Crabbe STEAL (2 STL)",null,null],["0041400171",550,1,7,4,"10:32 PM","0:17",null,null,"Crabbe  Dunk (7 PTS) (Leonard 2 AST)","86 - 100","14"],["0041400171",552,13,0,4,"10:32 PM","0:00",null,null,null,"86 - 100","14"]]},{"name":"AvailableVideo","headers":["VIDEO_AVAILABLE_FLAG"],"rowSet":[[1]]}]}