{"resource":"playbyplay","parameters":{"GameID":"0041400402","StartPeriod":0,"EndPeriod":14},"resultSets":[{"name":"PlayByPlay","headers":["GAME_ID","EVENTNUM","EVENTMSGTYPE","EVENTMSGACTIONTYPE","PERIOD","WCTIMESTRING","PCTIMESTRING","HOMEDESCRIPTION","NEUTRALDESCRIPTION","VISITORDESCRIPTION","SCORE","SCOREMARGIN"],"rowSet":[["0041400402",0,12,0,1,"8:11 PM","12:00",null,null,null,null,null],["0041400402",1,10,0,1,"8:11 PM","12:00","Jump Ball Bogut vs. Mozgov: Tip to Green",null,null,null,null],["0041400402",2,2,1,1,"8:11 PM","11:43","MISS Green 24' 3PT Jump Shot",null,null,null,null],["0041400402",3,4,0,1,"8:11 PM","11:42",null,null,"Shumpert REBOUND (Off:0 Def:1)",null,null],["0041400402",4,5,2,1,"8:12 PM","11:27","Thompson STEAL (1 STL)",null,"James Lost Ball Turnover (P1.T1)",null,null],["0041400402",5,2,79,1,"8:12 PM","11:17","MISS Thompson 26' 3PT Pullup Jump Shot",null,null,null,null],["0041400402",6,4,0,1,"8:12 PM","11:16",null,null,"James REBOUND (Off:0 Def:1)",null,null],["0041400402",7,2,58,1,"8:12 PM","11:07",null,null,"MISS James 9' Turnaround Hook Shot",null,null],["0041400402",8,4,0,1,"8:12 PM","11:06","Green REBOUND (Off:0 Def:1)",null,null,null,null],["0041400402",9,1,63,1,"8:12 PM","10:44","Thompson 14' Fadeaway Jumper (2 PTS)",null,null,"0 - 2","2"],["0041400402",10,2,1,1,"8:13 PM","10:22",null,null,"MISS James 12' Jump Shot",null,null],["0041400402",11,4,0,1,"8:13 PM","10:21","Bogut REBOUND (Off:0 Def:1)",null,null,null,null],["0041400402",12,2,5,1,"8:13 PM","10:09","MISS Bogut 1' Layup",null,"Thompson BLOCK (1 BLK)",null,null],["0041400402",13,4,0,1,"8:13 PM","10:08",null,null,"Shumpert REBOUND (Off:0 Def:2)",null,null],["0041400402",14,2,1,1,"8:13 PM","10:05",null,null,"MISS Dellavedova 26' 3PT Jump Shot",null,null],["0041400402",15,4,0,1,"8:13 PM","10:03","Bogut REBOUND (Off:0 Def:2)",null,null,null,null],["0041400402",16,1,78,1,"8:13 PM","9:57","Thompson 9' Floating Jump Shot (4 PTS)",null,null,"0 - 4","4"],["0041400402",17,1,42,1,"8:13 PM","9:38",null,null,"Shumpert 1' Driving Layup (2 PTS)","2 - 4","2"],["0041400402",18,2,1,1,"8:14 PM","9:20","MISS Barnes 25' 3PT Jump Shot",null,null,null,null],["0041400402",19,4,0,1,"8:14 PM","9:19",null,null,"Mozgov REBOUND (Off:0 Def:1)",null,null],["0041400402",20,1,5,1,"8:14 PM","9:14",null,null,"James 2' Layup (2 PTS) (Shumpert 1 AST)","4 - 4","TIE"],["0041400402",21,6,2,1,"8:14 PM","9:01",null,null,"Dellavedova S.FOUL (P1.T1) (S.Foster)",null,null],["0041400402",22,3,11,1,"8:14 PM","9:01","Green Free Throw 1 of 2 (1 PTS)",null,null,"4 - 5","1"],["0041400402",24,3,12,1,"8:15 PM","9:01","Green Free Throw 2 of 2 (2 PTS)",null,null,"4 - 6","2"],["0041400402",26,1,86,1,"8:15 PM","8:41",null,null,"James 17' Turnaround Fadeaway (4 PTS)","6 - 6","TIE"],["0041400402",27,1,79,1,"8:15 PM","8:28","Thompson 27' 3PT Pullup Jump Shot (7 PTS) (Green 1 AST)",null,null,"6 - 9","3"],["0041400402",28,6,1,1,"8:15 PM","8:16","Thompson P.FOUL (P1.T1) (Z.Zarba)",null,null,null,null],["0041400402",29,2,5,1,"8:16 PM","8:01",null,null,"MISS Shumpert 2' Layup",null,null],["0041400402",30,4,0,1,"8:16 PM","8:00",null,null,"Cavaliers Rebound",null,null],["0041400402",31,2,46,1,"8:16 PM","7:56",null,null,"MISS Thompson 11' Running Jump Shot",null,null],["0041400402",32,4,0,1,"8:16 PM","7:55","Bogut REBOUND (Off:0 Def:3)",null,null,null,null],["0041400402",33,1,86,1,"8:17 PM","7:43","Thompson 16' Turnaround Fadeaway (9 PTS)",null,null,"6 - 11","5"],["0041400402",34,1,1,1,"8:17 PM","7:28",null,null,"James 17' Jump Shot (6 PTS)","8 - 11","3"],["0041400402",35,2,1,1,"8:17 PM","7:22","MISS Thompson  3PT Jump Shot",null,null,null,null],["0041400402",36,4,0,1,"8:17 PM","7:21","Barnes REBOUND (Off:1 Def:0)",null,null,null,null],["0041400402",37,5,1,1,"8:17 PM","7:12","Curry Bad Pass Turnover (P1.T1)",null,"Thompson STEAL (1 STL)",null,null],["0041400402",38,6,2,1,"8:17 PM","7:09","Thompson S.FOUL (P2.T2) (T.Brothers)",null,null,null,null],["0041400402",39,3,11,1,"8:18 PM","7:09",null,null,"Shumpert Free Throw 1 of 2 (3 PTS)","9 - 11","2"],["0041400402",41,8,0,1,"8:18 PM","7:09","SUB: Barbosa FOR Thompson",null,null,null,null],["0041400402",42,8,0,1,"8:18 PM","7:09",null,null,"SUB: Smith FOR Dellavedova",null,null],["0041400402",43,3,12,1,"8:18 PM","7:09",null,null,"Shumpert Free Throw 2 of 2 (4 PTS)","10 - 11","1"],["0041400402",46,6,1,1,"8:18 PM","7:01",null,null,"Thompson P.FOUL (P1.T2) (S.Foster)",null,null],["0041400402",47,3,11,1,"8:19 PM","7:01","Curry Free Throw 1 of 2 (1 PTS)",null,null,"10 - 12","2"],["0041400402",49,3,12,1,"8:19 PM","7:01","Curry Free Throw 2 of 2 (2 PTS)",null,null,"10 - 13","3"],["0041400402",51,6,4,1,"8:19 PM","6:44",null,null,"Mozgov OFF.Foul (P1) (S.Foster)",null,null],["0041400402",52,5,5,1,"8:19 PM","6:44",null,null,"Mozgov Foul Turnover (P1.T2)",null,null],["0041400402",53,2,1,1,"8:20 PM","6:38","MISS Barnes  3PT Jump Shot",null,null,null,null],["0041400402",54,4,0,1,"8:20 PM","6:36","Barbosa REBOUND (Off:1 Def:0)",null,null,null,null],["0041400402",55,1,44,1,"8:20 PM","6:34","Barbosa 2' Reverse Layup (2 PTS)",null,null,"10 - 15","5"],["0041400402",56,6,1,1,"8:20 PM","6:25","Barbosa P.FOUL (P1.T3) (S.Foster)",null,null,null,null],["0041400402",57,2,1,1,"8:21 PM","6:12",null,null,"MISS James 9' Jump Shot",null,null],["0041400402",58,4,0,1,"8:21 PM","6:11","Green REBOUND (Off:0 Def:2)",null,null,null,null],["0041400402",59,5,1,1,"8:21 PM","6:03","Green Bad Pass Turnover (P1.T2)",null,null,null,null],["0041400402",60,1,44,1,"8:21 PM","5:42",null,null,"Smith 2' Reverse Layup (2 PTS)","12 - 15","3"],["0041400402",61,6,1,1,"8:21 PM","5:39",null,null,"Smith P.FOUL (P1.T3) (S.Foster)",null,null],["0041400402",62,9,1,1,"8:22 PM","5:39","WARRIORS Timeout: Regular (Full 1 Short 0)",null,null,null,null],["0041400402",63,8,0,1,"8:25 PM","5:39","SUB: Iguodala FOR Barnes",null,null,null,null],["0041400402",64,2,5,1,"8:25 PM","5:27","MISS Green 2' Layup",null,null,null,null],["0041400402",65,4,0,1,"8:25 PM","5:26","Bogut REBOUND (Off:1 Def:3)",null,null,null,null],["0041400402",66,2,80,1,"8:25 PM","5:19","MISS Curry 29' 3PT Step Back Jump Shot",null,null,null,null],["0041400402",67,4,0,1,"8:25 PM","5:18",null,null,"Smith REBOUND (Off:0 Def:1)",null,null],["0041400402",68,2,1,1,"8:25 PM","5:10","Green BLOCK (1 BLK)",null,"MISS Thompson 3' Jump Shot",null,null],["0041400402",69,4,0,1,"8:26 PM","5:08",null,null,"Thompson REBOUND (Off:1 Def:0)",null,null],["0041400402",70,2,1,1,"8:26 PM","4:57",null,null,"MISS James 10' Jump Shot",null,null],["0041400402",71,4,0,1,"8:26 PM","4:56",null,null,"Mozgov REBOUND (Off:1 Def:1)",null,null],["0041400402",72,2,1,1,"8:26 PM","4:54",null,null,"MISS Mozgov 4' Jump Shot",null,null],["0041400402",73,4,0,1,"8:26 PM","4:51","Bogut REBOUND (Off:1 Def:4)",null,null,null,null],["0041400402",74,2,79,1,"8:26 PM","4:30","MISS Curry 25' 3PT Pullup Jump Shot",null,null,null,null],["0041400402",75,4,0,1,"8:26 PM","4:28",null,null,"Thompson REBOUND (Off:1 Def:1)",null,null],["0041400402",76,2,86,1,"8:26 PM","4:17",null,null,"MISS Smith 14' Turnaround Fadeaway Shot",null,null],["0041400402",77,4,0,1,"8:26 PM","4:15","WARRIORS Rebound",null,null,null,null],["0041400402",78,1,73,1,"8:27 PM","3:52","Curry 3' Driving Reverse Layup (4 PTS) (Bogut 1 AST)",null,null,"12 - 17","5"],["0041400402",79,2,1,1,"8:27 PM","3:26",null,null,"MISS Shumpert  3PT Jump Shot",null,null],["0041400402",80,4,0,1,"8:27 PM","3:24",null,null,"Thompson REBOUND (Off:2 Def:1)",null,null],["0041400402",81,2,5,1,"8:28 PM","3:20","Bogut BLOCK (1 BLK)",null,"MISS Shumpert 3' Layup",null,null],["0041400402",83,4,0,1,"8:28 PM","3:19",null,null,"Thompson REBOUND (Off:3 Def:1)",null,null],["0041400402",82,2,4,1,"8:28 PM","3:19",null,null,"MISS Thompson 1' Tip Shot",null,null],["0041400402",84,4,0,1,"8:28 PM","3:18","Bogut REBOUND (Off:1 Def:5)",null,null,null,null],["0041400402",85,1,79,1,"8:28 PM","3:12","Barbosa  3PT Pullup Jump Shot (5 PTS) (Curry 1 AST)",null,null,"12 - 20","8"],["0041400402",86,9,1,1,"8:28 PM","3:12",null,null,"Cavaliers Timeout: Regular (Reg.1 Short 0)",null,null],["0041400402",87,8,0,1,"8:31 PM","3:12","SUB: Ezeli FOR Bogut",null,null,null,null],["0041400402",88,8,0,1,"8:31 PM","3:12",null,null,"SUB: Dellavedova FOR Shumpert",null,null],["0041400402",89,8,0,1,"8:32 PM","3:12",null,null,"SUB: Jones FOR Thompson",null,null],["0041400402",90,1,42,1,"8:32 PM","3:00",null,null,"James 2' Driving Layup (8 PTS)","14 - 20","6"],["0041400402",91,2,1,1,"8:32 PM","2:43","MISS Curry 15' Jump Shot",null,null,null,null],["0041400402",92,4,0,1,"8:32 PM","2:42",null,null,"James REBOUND (Off:0 Def:2)",null,null],["0041400402",94,1,1,1,"8:32 PM","2:24",null,null,"Mozgov 3' Jump Shot (2 PTS) (Dellavedova 1 AST)","16 - 20","4"],["0041400402",95,2,1,1,"8:33 PM","2:03","MISS Ezeli 13' Jump Shot",null,null,null,null],["0041400402",96,4,0,1,"8:33 PM","2:02",null,null,"James REBOUND (Off:0 Def:3)",null,null],["0041400402",97,1,63,1,"8:33 PM","1:53",null,null,"James 12' Fadeaway Jumper (10 PTS)","18 - 20","2"],["0041400402",98,5,1,1,"8:33 PM","1:39","Green Bad Pass Turnover (P2.T3)",null,"Smith STEAL (1 STL)",null,null],["0041400402",99,6,1,1,"8:34 PM","1:30","Ezeli P.FOUL (P1.T4) (Z.Zarba)",null,null,null,null],["0041400402",100,8,0,1,"8:34 PM","1:30","SUB: Barnes FOR Green",null,null,null,null],["0041400402",101,8,0,1,"8:34 PM","1:30","SUB: Livingston FOR Barbosa",null,null,null,null],["0041400402",102,1,42,1,"8:34 PM","1:21",null,null,"Smith 1' Driving Layup (4 PTS)","20 - 20","TIE"],["0041400402",103,2,79,1,"8:34 PM","1:10","MISS Curry 26' 3PT Pullup Jump Shot",null,null,null,null],["0041400402",104,4,0,1,"8:34 PM","1:08",null,null,"Mozgov REBOUND (Off:1 Def:2)",null,null],["0041400402",105,2,1,1,"8:35 PM","0:52",null,null,"MISS James 7' Jump Shot",null,null],["0041400402",106,4,0,1,"8:35 PM","0:52",null,null,"Cavaliers Rebound",null,null],["0041400402",107,6,3,1,"8:35 PM","0:52","Ezeli L.B.FOUL (P2.PN) (T.Brothers)",null,null,null,null],["0041400402",108,3,11,1,"8:35 PM","0:52",null,null,"MISS Mozgov Free Throw 1 of 2",null,null],["0041400402",109,4,1,1,"8:35 PM","0:52",null,null,"Cavaliers Rebound",null,null],["0041400402",110,8,0,1,"8:35 PM","0:52",null,null,"SUB: Shumpert FOR James",null,null],["0041400402",111,8,0,1,"8:35 PM","0:52","SUB: Speights FOR Ezeli",null,null,null,null],["0041400402",112,3,12,1,"8:35 PM","0:52",null,null,"MISS Mozgov Free Throw 2 of 2",null,null],["0041400402",114,4,0,1,"8:36 PM","0:49","WARRIORS Rebound",null,null,null,null],["0041400402",115,2,44,1,"8:36 PM","0:30","MISS Curry 2' Reverse Layup",null,null,null,null],["0041400402",116,4,0,1,"8:36 PM","0:29",null,null,"Jones REBOUND (Off:0 Def:1)",null,null],["0041400402",117,9,2,1,"8:36 PM","0:23",null,null,"Cavaliers Timeout: Short (Reg.1 Short 1)",null,null],["0041400402",118,7,5,1,"8:38 PM","0:12","Speights Violation:Kicked Ball (Z.Zarba)",null,null,null,null],["0041400402",119,8,0,1,"8:38 PM","0:12","SUB: Barbosa FOR Curry",null,null,null,null],["0041400402",120,2,1,1,"8:39 PM","0:02",null,null,"MISS Smith 10' Jump Shot",null,null],["0041400402",121,4,0,1,"8:39 PM","0:00",null,null,"Cavaliers Rebound",null,null],["0041400402",122,13,0,1,"8:39 PM","0:00",null,null,null,"20 - 20","TIE"],["0041400402",124,12,0,2,"8:42 PM","12:00",null,null,null,"20 - 20","TIE"],["0041400402",125,5,1,2,"8:43 PM","11:42",null,null,"Smith Bad Pass Turnover (P1.T3)",null,null],["0041400402",126,2,80,2,"8:43 PM","11:25","MISS Speights 17' Step Back Jump Shot",null,null,null,null],["0041400402",127,4,0,2,"8:43 PM","11:24",null,null,"Cavaliers Rebound",null,null],["0041400402",128,5,1,2,"8:43 PM","11:12","Barnes STEAL (1 STL)",null,"Dellavedova Bad Pass Turnover (P1.T4)",null,null],["0041400402",129,6,1,2,"8:44 PM","11:11",null,null,"Jones P.FOUL (P1.T1) (Z.Zarba)",null,null],["0041400402",130,5,1,2,"8:44 PM","11:09","Livingston Bad Pass Turnover (P1.T4)",null,null,null,null],["0041400402",131,1,42,2,"8:44 PM","10:55",null,null,"James 3' Driving Layup (12 PTS)","22 - 20","-2"],["0041400402",132,1,79,2,"8:45 PM","10:31","Thompson 26' 3PT Pullup Jump Shot (12 PTS)",null,null,"22 - 23","1"],["0041400402",133,5,1,2,"8:45 PM","10:10","Speights STEAL (1 STL)",null,"James Bad Pass Turnover (P2.T5)",null,null],["0041400402",134,5,1,2,"8:45 PM","10:04","Iguodala Bad Pass Turnover (P1.T5)",null,"Jones STEAL (1 STL)",null,null],["0041400402",135,6,1,2,"8:45 PM","10:02","Iguodala P.FOUL (P1.T1) (Z.Zarba)",null,null,null,null],["0041400402",136,8,0,2,"8:45 PM","10:02","SUB: Bogut FOR Speights",null,null,null,null],["0041400402",137,2,1,2,"8:46 PM","9:50",null,null,"MISS Smith 7' Jump Shot",null,null],["0041400402",138,4,0,2,"8:46 PM","9:49","Bogut REBOUND (Off:1 Def:6)",null,null,null,null],["0041400402",139,5,1,2,"8:46 PM","9:43","Bogut Bad Pass Turnover (P1.T6)",null,"Jones STEAL (2 STL)",null,null],["0041400402",140,2,79,2,"8:46 PM","9:39",null,null,"MISS Dellavedova 24' 3PT Pullup Jump Shot",null,null],["0041400402",141,4,0,2,"8:46 PM","9:38","Bogut REBOUND (Off:1 Def:7)",null,null,null,null],["0041400402",142,1,63,2,"8:46 PM","9:24","Thompson 18' Fadeaway Jumper (14 PTS) (Livingston 1 AST)",null,null,"22 - 25","3"],["0041400402",143,5,1,2,"8:46 PM","9:09","Livingston STEAL (1 STL)",null,"James Bad Pass Turnover (P3.T6)",null,null],["0041400402",144,1,8,2,"8:46 PM","9:03","Livingston  Slam Dunk (2 PTS) (Iguodala 1 AST)",null,null,"22 - 27","5"],["0041400402",145,1,79,2,"8:47 PM","8:39",null,null,"James 26' 3PT Pullup Jump Shot (15 PTS)","25 - 27","2"],["0041400402",146,1,63,2,"8:47 PM","8:21","Thompson 13' Fadeaway Jumper (16 PTS) (Iguodala 2 AST)",null,null,"25 - 29","4"],["0041400402",147,2,80,2,"8:47 PM","7:58",null,null,"MISS Smith 18' Step Back Jump Shot",null,null],["0041400402",148,4,0,2,"8:47 PM","7:56","Thompson REBOUND (Off:0 Def:1)",null,null,null,null],["0041400402",149,2,1,2,"8:48 PM","7:50","MISS Thompson 27' 3PT Jump Shot",null,null,null,null],["0041400402",150,4,0,2,"8:48 PM","7:49",null,null,"Thompson REBOUND (Off:3 Def:2)",null,null],["0041400402",151,2,1,2,"8:48 PM","7:27",null,null,"MISS Dellavedova 24' 3PT Jump Shot",null,null],["0041400402",152,4,0,2,"8:48 PM","7:26","Livingston REBOUND (Off:0 Def:1)",null,null,null,null],["0041400402",153,6,2,2,"8:48 PM","7:10",null,null,"Jones S.FOUL (P2.T2) (T.Brothers)",null,null],["0041400402",154,9,4,2,"8:48 PM","7:10",null,null,null,null,null],["0041400402",156,8,0,2,"8:51 PM","7:10",null,null,"SUB: Shumpert FOR Thompson",null,null],["0041400402",157,8,0,2,"8:51 PM","7:10",null,null,"SUB: Mozgov FOR Smith",null,null],["0041400402",158,8,0,2,"8:52 PM","7:10","SUB: Green FOR Barnes",null,null,null,null],["0041400402",159,3,11,2,"8:52 PM","7:10","Bogut Free Throw 1 of 2 (1 PTS)",null,null,"25 - 30","5"],["0041400402",161,3,12,2,"8:52 PM","7:10","Bogut Free Throw 2 of 2 (2 PTS)",null,null,"25 - 31","6"],["0041400402",163,1,1,2,"8:53 PM","7:01",null,null,"Jones 27' 3PT Jump Shot (3 PTS) (James 1 AST)","28 - 31","3"],["0041400402",164,5,11,2,"8:53 PM","6:34","WARRIORS Turnover: Shot Clock (T#7)",null,null,null,null],["0041400402",165,2,52,2,"8:53 PM","6:25",null,null,"MISS Mozgov  Alley Oop Dunk",null,null],["0041400402",166,4,0,2,"8:53 PM","6:24",null,null,"James REBOUND (Off:1 Def:3)",null,null],["0041400402",167,6,2,2,"8:54 PM","6:24","Iguodala S.FOUL (P2.T2) (T.Brothers)",null,null,null,null],["0041400402",168,3,11,2,"8:54 PM","6:24",null,null,"James Free Throw 1 of 2 (16 PTS)","29 - 31","2"],["0041400402",170,8,0,2,"8:54 PM","6:24","SUB: Barnes FOR Iguodala",null,null,null,null],["0041400402",171,8,0,2,"8:54 PM","6:24","SUB: Curry FOR Livingston",null,null,null,null],["0041400402",172,3,12,2,"8:54 PM","6:24",null,null,"James Free Throw 2 of 2 (17 PTS)","30 - 31","1"],["0041400402",174,9,1,2,"8:54 PM","6:24","WARRIORS Timeout: Regular (Full 2 Short 0)",null,null,null,null],["0041400402",175,1,1,2,"8:58 PM","6:06","Thompson 22' Jump Shot (18 PTS) (Green 2 AST)",null,null,"30 - 33","3"],["0041400402",176,1,79,2,"8:58 PM","5:47",null,null,"Jones 13' Pullup Jump Shot (5 PTS) (James 2 AST)","32 - 33","1"],["0041400402",177,2,79,2,"8:59 PM","5:28","MISS Curry 24' 3PT Pullup Jump Shot",null,null,null,null],["0041400402",178,4,0,2,"8:59 PM","5:27",null,null,"Mozgov REBOUND (Off:1 Def:3)",null,null],["0041400402",179,1,79,2,"8:59 PM","5:17",null,null,"Jones 24' 3PT Pullup Jump Shot (8 PTS) (James 3 AST)","35 - 33","-2"],["0041400402",180,6,1,2,"8:59 PM","5:09",null,null,"Shumpert P.FOUL (P1.T3) (T.Brothers)",null,null],["0041400402",181,2,1,2,"9:00 PM","5:01","MISS Thompson 12' Jump Shot",null,null,null,null],["0041400402",182,4,0,2,"9:00 PM","4:58",null,null,"Mozgov REBOUND (Off:1 Def:4)",null,null],["0041400402",183,1,3,2,"9:00 PM","4:49",null,null,"Mozgov 3' Hook Shot (4 PTS) (James 4 AST)","37 - 33","-4"],["0041400402",184,2,1,2,"9:00 PM","4:22","MISS Curry 24' 3PT Jump Shot",null,null,null,null],["0041400402",185,4,0,2,"9:00 PM","4:21",null,null,"James REBOUND (Off:1 Def:4)",null,null],["0041400402",186,6,2,2,"9:01 PM","4:14","Barnes S.FOUL (P1.T3) (Z.Zarba)",null,null,null,null],["0041400402",187,3,11,2,"9:01 PM","4:14",null,null,"James Free Throw 1 of 2 (18 PTS)","38 - 33","-5"],["0041400402",189,8,0,2,"9:01 PM","4:14","SUB: Iguodala FOR Bogut",null,null,null,null],["0041400402",190,3,12,2,"9:01 PM","4:14",null,null,"James Free Throw 2 of 2 (19 PTS)","39 - 33","-6"],["0041400402",192,2,1,2,"9:02 PM","3:58","MISS Iguodala 25' 3PT Jump Shot",null,null,null,null],["0041400402",193,4,0,2,"9:02 PM","3:57",null,null,"Shumpert REBOUND (Off:0 Def:3)",null,null],["0041400402",194,6,2,2,"9:02 PM","3:51","Barnes S.FOUL (P2.T4) (T.Brothers)",null,null,null,null],["0041400402",195,3,11,2,"9:02 PM","3:51",null,null,"MISS Mozgov Free Throw 1 of 2",null,null],["0041400402",196,4,1,2,"9:02 PM","3:51",null,null,"Cavaliers Rebound",null,null],["0041400402",197,3,12,2,"9:02 PM","3:51",null,null,"Mozgov Free Throw 2 of 2 (5 PTS)","40 - 33","-7"],["0041400402",199,2,5,2,"9:03 PM","3:35","MISS Green 2' Layup",null,null,null,null],["0041400402",200,4,0,2,"9:03 PM","3:34",null,null,"Mozgov REBOUND (Off:1 Def:5)",null,null],["0041400402",201,2,1,2,"9:03 PM","3:28",null,null,"MISS Jones 26' 3PT Jump Shot",null,null],["0041400402",202,4,0,2,"9:03 PM","3:27","Green REBOUND (Off:0 Def:3)",null,null,null,null],["0041400402",203,1,52,2,"9:03 PM","3:22","Iguodala  Alley Oop Dunk (2 PTS) (Thompson 1 AST)",null,null,"40 - 35","-5"],["0041400402",204,1,42,2,"9:04 PM","3:00",null,null,"Mozgov 2' Driving Layup (7 PTS) (James 5 AST)","42 - 35","-7"],["0041400402",205,6,1,2,"9:04 PM","2:51",null,null,"Dellavedova P.FOUL (P2.T4) (Z.Zarba)",null,null],["0041400402",206,9,1,2,"9:04 PM","2:51",null,null,"Cavaliers Timeout: Regular (Reg.2 Short 1)",null,null],["0041400402",207,18,0,2,"9:05 PM","2:51",null,null,null,null,null],["0041400402",209,8,0,2,"9:07 PM","2:51",null,null,"SUB: Smith FOR Dellavedova",null,null],["0041400402",210,6,1,2,"9:08 PM","2:47",null,null,"Jones P.FOUL (P3.PN) (Z.Zarba)",null,null],["0041400402",211,3,11,2,"9:08 PM","2:47","MISS Curry Free Throw 1 of 2",null,null,null,null],["0041400402",212,4,1,2,"9:08 PM","2:47","WARRIORS Rebound",null,null,null,null],["0041400402",213,8,0,2,"9:08 PM","2:47",null,null,"SUB: Thompson FOR Jones",null,null],["0041400402",214,3,12,2,"9:08 PM","2:47","Curry Free Throw 2 of 2 (5 PTS)",null,null,"42 - 36","-6"],["0041400402",216,2,1,2,"9:09 PM","2:33",null,null,"MISS Smith 20' Jump Shot",null,null],["0041400402",217,4,0,2,"9:09 PM","2:32","Green REBOUND (Off:0 Def:4)",null,null,null,null],["0041400402",218,1,79,2,"9:09 PM","2:23","Curry 26' 3PT Pullup Jump Shot (8 PTS)",null,null,"42 - 39","-3"],["0041400402",219,6,2,2,"9:09 PM","2:05","Green S.FOUL (P1.PN) (Z.Zarba)",null,null,null,null],["0041400402",220,3,11,2,"9:09 PM","2:05",null,null,"MISS Mozgov Free Throw 1 of 2",null,null],["0041400402",221,4,1,2,"9:09 PM","2:05",null,null,"Cavaliers Rebound",null,null],["0041400402",222,3,12,2,"9:10 PM","2:05",null,null,"Mozgov Free Throw 2 of 2 (8 PTS)","43 - 39","-4"],["0041400402",224,1,79,2,"9:10 PM","1:54","Iguodala 19' Pullup Jump Shot (4 PTS) (Thompson 2 AST)",null,null,"43 - 41","-2"],["0041400402",225,6,2,2,"9:10 PM","1:54",null,null,"James S.FOUL (P1.PN) (T.Brothers)",null,null],["0041400402",226,3,10,2,"9:11 PM","1:54","MISS Iguodala Free Throw 1 of 1",null,null,null,null],["0041400402",228,4,0,2,"9:11 PM","1:53",null,null,"James REBOUND (Off:1 Def:5)",null,null],["0041400402",229,1,65,2,"9:11 PM","1:42",null,null,"Mozgov 3' Jump Hook Shot (10 PTS) (James 6 AST)","45 - 41","-4"],["0041400402",230,1,8,2,"9:11 PM","1:28","Barnes  Slam Dunk (2 PTS) (Iguodala 3 AST)",null,null,"45 - 43","-2"],["0041400402",231,6,2,2,"9:12 PM","1:21","Iguodala S.FOUL (P3.PN) (T.Brothers)",null,null,null,null],["0041400402",232,3,11,2,"9:12 PM","1:21",null,null,"MISS James Free Throw 1 of 2",null,null],["0041400402",233,4,1,2,"9:12 PM","1:21",null,null,"Cavaliers Rebound",null,null],["0041400402",234,8,0,2,"9:12 PM","1:21","SUB: Bogut FOR Iguodala",null,null,null,null],["0041400402",235,3,12,2,"9:12 PM","1:21",null,null,"James Free Throw 2 of 2 (20 PTS)","46 - 43","-3"],["0041400402",237,1,79,2,"9:13 PM","1:09","Thompson 23' Pullup Jump Shot (20 PTS) (Curry 2 AST)",null,null,"46 - 45","-1"],["0041400402",238,2,66,2,"9:13 PM","0:44",null,null,"MISS Shumpert 14' Jump Bank Shot",null,null],["0041400402",239,4,0,2,"9:13 PM","0:43","Curry REBOUND (Off:0 Def:1)",null,null,null,null],["0041400402",241,9,2,2,"9:13 PM","0:35","WARRIORS Timeout: Short (Full 2 Short 1)",null,null,null,null],["0041400402",243,5,2,2,"9:15 PM","0:29","Curry Lost Ball Turnover (P2.T8)",null,"Shumpert STEAL (1 STL)",null,null],["0041400402",244,2,1,2,"9:15 PM","0:09",null,null,"MISS James 26' 3PT Jump Shot",null,null],["0041400402",245,4,0,2,"9:15 PM","0:07",null,null,"Cavaliers Rebound",null,null],["0041400402",246,6,3,2,"9:15 PM","0:07","Green L.B.FOUL (P2.PN) (T.Brothers)",null,null,null,null],["0041400402",247,3,11,2,"9:16 PM","0:07",null,null,"Mozgov Free Throw 1 of 2 (11 PTS)","47 - 45","-2"],["0041400402",249,8,0,2,"9:16 PM","0:07","SUB: Speights FOR Bogut",null,null,null,null],["0041400402",250,3,12,2,"9:16 PM","0:07",null,null,"MISS Mozgov Free Throw 2 of 2",null,null],["0041400402",252,4,0,2,"9:16 PM","0:07","Green REBOUND (Off:0 Def:5)",null,null,null,null],["0041400402",253,2,1,2,"9:16 PM","0:01","MISS Curry 29' 3PT Jump Shot",null,null,null,null],["0041400402",254,4,0,2,"9:16 PM","0:00","WARRIORS Rebound",null,null,null,null],["0041400402",255,18,0,2,"9:17 PM","0:00",null,null,null,null,null],["0041400402",256,13,0,2,"9:19 PM","0:00",null,null,null,"47 - 45","-2"],["0041400402",258,12,0,3,"9:35 PM","12:00",null,null,null,"47 - 45","-2"],["0041400402",259,1,78,3,"9:35 PM","11:51",null,null,"James 10' Floating Jump Shot (22 PTS)","49 - 45","-4"],["0041400402",260,6,1,3,"9:35 PM","11:27",null,null,"James P.FOUL (P2.T1) (T.Brothers)",null,null],["0041400402",261,1,1,3,"9:36 PM","11:12","Barnes 23' Jump Shot (4 PTS) (Curry 3 AST)",null,null,"49 - 47","-2"],["0041400402",262,5,2,3,"9:36 PM","10:55","Thompson STEAL (2 STL)",null,"Dellavedova Lost Ball Turnover (P2.T7)",null,null],["0041400402",263,2,79,3,"9:36 PM","10:48","MISS Curry 26' 3PT Pullup Jump Shot",null,null,null,null],["0041400402",264,4,0,3,"9:36 PM","10:47",null,null,"James REBOUND (Off:1 Def:6)",null,null],["0041400402",265,2,1,3,"9:36 PM","10:29",null,null,"MISS James 18' Jump Shot",null,null],["0041400402",266,4,0,3,"9:37 PM","10:29","WARRIORS Rebound",null,null,null,null],["0041400402",267,6,3,3,"9:37 PM","10:29",null,null,"Thompson L.B.FOUL (P2.T2) (Z.Zarba)",null,null],["0041400402",268,2,1,3,"9:37 PM","10:09","MISS Thompson 17' Jump Shot",null,null,null,null],["0041400402",269,4,0,3,"9:37 PM","10:08",null,null,"Mozgov REBOUND (Off:1 Def:6)",null,null],["0041400402",270,5,2,3,"9:37 PM","10:05","Green STEAL (1 STL)",null,"Mozgov Lost Ball Turnover (P2.T8)",null,null],["0041400402",271,2,1,3,"9:37 PM","10:03","MISS Thompson 26' 3PT Jump Shot",null,null,null,null],["0041400402",272,4,0,3,"9:37 PM","9:59",null,null,"James REBOUND (Off:1 Def:7)",null,null],["0041400402",273,2,1,3,"9:37 PM","9:49",null,null,"MISS Shumpert 19' Jump Shot",null,null],["0041400402",274,4,0,3,"9:37 PM","9:48","Bogut REBOUND (Off:1 Def:8)",null,null,null,null],["0041400402",275,2,1,3,"9:38 PM","9:40","MISS Barnes  3PT Jump Shot",null,null,null,null],["0041400402",276,4,0,3,"9:38 PM","9:38",null,null,"Mozgov REBOUND (Off:1 Def:7)",null,null],["0041400402",277,2,1,3,"9:38 PM","9:19",null,null,"MISS James 12' Jump Shot",null,null],["0041400402",278,4,0,3,"9:38 PM","9:18","Curry REBOUND (Off:0 Def:2)",null,null,null,null],["0041400402",279,1,75,3,"9:38 PM","9:11","Curry 2' Driving Finger Roll Layup (10 PTS)",null,null,"49 - 49","TIE"],["0041400402",280,5,1,3,"9:38 PM","8:54","Green STEAL (2 STL)",null,"Dellavedova Bad Pass Turnover (P3.T9)",null,null],["0041400402",281,6,1,3,"9:39 PM","8:50",null,null,"Dellavedova P.FOUL (P3.T3) (S.Foster)",null,null],["0041400402",282,2,1,3,"9:39 PM","8:45","MISS Curry 26' 3PT Jump Shot",null,null,null,null],["0041400402",283,4,0,3,"9:39 PM","8:44",null,null,"Mozgov REBOUND (Off:1 Def:8)",null,null],["0041400402",284,2,1,3,"9:39 PM","8:23",null,null,"MISS Shumpert 27' 3PT Jump Shot",null,null],["0041400402",285,4,0,3,"9:39 PM","8:23",null,null,"Cavaliers Rebound",null,null],["0041400402",286,6,3,3,"9:39 PM","8:23","Barnes L.B.FOUL (P3.T1) (Z.Zarba)",null,null,null,null],["0041400402",287,2,1,3,"9:40 PM","8:17",null,null,"MISS James 20' Jump Shot",null,null],["0041400402",288,4,0,3,"9:40 PM","8:15",null,null,"Mozgov REBOUND (Off:2 Def:8)",null,null],["0041400402",289,2,1,3,"9:40 PM","7:59","Bogut BLOCK (2 BLK)",null,"MISS James 8' Jump Shot",null,null],["0041400402",290,4,0,3,"9:40 PM","7:57",null,null,"James REBOUND (Off:2 Def:7)",null,null],["0041400402",291,2,1,3,"9:40 PM","7:57","Green BLOCK (2 BLK)",null,"MISS James 8' Jump Shot",null,null],["0041400402",292,4,0,3,"9:40 PM","7:57",null,null,"Cavaliers Rebound",null,null],["0041400402",293,2,1,3,"9:40 PM","7:53",null,null,"MISS Mozgov 19' Jump Shot",null,null],["0041400402",294,4,0,3,"9:40 PM","7:52","Curry REBOUND (Off:0 Def:3)",null,null,null,null],["0041400402",295,2,79,3,"9:41 PM","7:47","MISS Thompson 25' 3PT Pullup Jump Shot",null,null,null,null],["0041400402",296,4,0,3,"9:41 PM","7:46",null,null,"Thompson REBOUND (Off:3 Def:3)",null,null],["0041400402",297,2,78,3,"9:41 PM","7:26",null,null,"MISS Dellavedova 10' Floating Jump Shot",null,null],["0041400402",298,4,0,3,"9:41 PM","7:24",null,null,"Thompson REBOUND (Off:4 Def:3)",null,null],["0041400402",299,2,1,3,"9:41 PM","7:23",null,null,"MISS Thompson 7' Jump Shot",null,null],["0041400402",300,4,0,3,"9:41 PM","7:21","Bogut REBOUND (Off:1 Def:9)",null,null,null,null],["0041400402",301,2,42,3,"9:41 PM","7:14","MISS Thompson 2' Driving Layup",null,"Shumpert BLOCK (1 BLK)",null,null],["0041400402",306,4,0,3,"9:41 PM","7:12",null,null,"James REBOUND (Off:2 Def:8)",null,null],["0041400402",302,1,1,3,"9:41 PM","6:52",null,null,"Mozgov 12' Jump Shot (13 PTS) (James 7 AST)","51 - 49","-2"],["0041400402",303,9,1,3,"9:42 PM","6:52","WARRIORS Timeout: Regular (Full 3 Short 1)",null,null,null,null],["0041400402",308,8,0,3,"9:45 PM","6:52","SUB: Iguodala FOR Barnes",null,null,null,null],["0041400402",309,8,0,3,"9:45 PM","6:52",null,null,"SUB: Jones FOR James",null,null],["0041400402",310,8,0,3,"9:45 PM","6:52",null,null,"SUB: Smith FOR Thompson",null,null],["0041400402",311,6,2,3,"9:46 PM","6:30",null,null,"Jones S.FOUL (P4.T4) (Z.Zarba)",null,null],["0041400402",312,3,11,3,"9:46 PM","6:30","MISS Bogut Free Throw 1 of 2",null,null,null,null],["0041400402",313,4,1,3,"9:46 PM","6:30","WARRIORS Rebound",null,null,null,null],["0041400402",314,3,12,3,"9:46 PM","6:30","MISS Bogut Free Throw 2 of 2",null,null,null,null],["0041400402",316,4,0,3,"9:47 PM","6:28",null,null,"Smith REBOUND (Off:0 Def:2)",null,null],["0041400402",317,6,2,3,"9:47 PM","6:18","Bogut S.FOUL (P1.T2) (Z.Zarba)",null,null,null,null],["0041400402",318,3,11,3,"9:47 PM","6:18",null,null,"Mozgov Free Throw 1 of 2 (14 PTS)","52 - 49","-3"],["0041400402",320,3,12,3,"9:47 PM","6:18",null,null,"Mozgov Free Throw 2 of 2 (15 PTS)","53 - 49","-4"],["0041400402",322,2,47,3,"9:48 PM","6:05","MISS Green 16' Turnaround Jump Shot",null,null,null,null],["0041400402",323,4,0,3,"9:48 PM","6:04",null,null,"Mozgov REBOUND (Off:2 Def:9)",null,null],["0041400402",324,6,2,3,"9:48 PM","5:54","Bogut S.FOUL (P2.T3) (S.Foster)",null,null,null,null],["0041400402",325,3,11,3,"9:48 PM","5:54",null,null,"Mozgov Free Throw 1 of 2 (16 PTS)","54 - 49","-5"],["0041400402",327,8,0,3,"9:49 PM","5:54","SUB: Ezeli FOR Bogut",null,null,null,null],["0041400402",328,8,0,3,"9:49 PM","5:54",null,null,"SUB: James FOR Jones",null,null],["0041400402",329,3,12,3,"9:49 PM","5:54",null,null,"Mozgov Free Throw 2 of 2 (17 PTS)","55 - 49","-6"],["0041400402",331,1,96,3,"9:49 PM","5:37","Ezeli 7' Turnaround Bank Hook Shot (2 PTS)",null,null,"55 - 51","-4"],["0041400402",332,2,1,3,"9:50 PM","5:12",null,null,"MISS Shumpert 24' 3PT Jump Shot",null,null],["0041400402",333,4,0,3,"9:50 PM","5:12",null,null,"Cavaliers Rebound",null,null],["0041400402",334,6,3,3,"9:50 PM","5:12","Ezeli L.B.FOUL (P3.T4) (T.Brothers)",null,null,null,null],["0041400402",335,2,1,3,"9:50 PM","5:07",null,null,"MISS Dellavedova 27' 3PT Jump Shot",null,null],["0041400402",336,4,0,3,"9:50 PM","5:06","Green REBOUND (Off:0 Def:6)",null,null,null,null],["0041400402",337,5,40,3,"9:51 PM","4:59","Curry Out of Bounds Lost Ball Turnover (P3.T9)",null,null,null,null],["0041400402",338,5,2,3,"9:51 PM","4:47","Iguodala STEAL (1 STL)",null,"Smith Lost Ball Turnover (P2.T10)",null,null],["0041400402",339,5,1,3,"9:51 PM","4:39","Iguodala Bad Pass Turnover (P2.T10)",null,"James STEAL (1 STL)",null,null],["0041400402",340,6,2,3,"9:51 PM","4:35","Thompson S.FOUL (P3.PN) (Z.Zarba)",null,null,null,null],["0041400402",341,3,11,3,"9:51 PM","4:35",null,null,"James Free Throw 1 of 2 (23 PTS)","56 - 51","-5"],["0041400402",343,8,0,3,"9:52 PM","4:35",null,null,"SUB: Miller FOR Dellavedova",null,null],["0041400402",344,3,12,3,"9:52 PM","4:35",null,null,"James Free Throw 2 of 2 (24 PTS)","57 - 51","-6"],["0041400402",346,1,1,3,"9:53 PM","4:16","Thompson 24' 3PT Jump Shot (23 PTS) (Iguodala 4 AST)",null,null,"57 - 54","-3"],["0041400402",347,2,63,3,"9:53 PM","3:55",null,null,"MISS James 17' Fadeaway Jumper",null,null],["0041400402",348,4,0,3,"9:53 PM","3:54","Thompson REBOUND (Off:0 Def:2)",null,null,null,null],["0041400402",349,6,4,3,"9:53 PM","3:51","Green OFF.Foul (P3) (S.Foster)",null,null,null,null],["0041400402",350,5,5,3,"9:53 PM","3:51","Green Foul Turnover (P3.T11)",null,null,null,null],["0041400402",351,1,42,3,"9:54 PM","3:29",null,null,"James 2' Driving Layup (26 PTS)","59 - 54","-5"],["0041400402",352,6,2,3,"9:54 PM","3:13",null,null,"Smith S.FOUL (P2.PN) (Z.Zarba)",null,null],["0041400402",353,3,11,3,"9:54 PM","3:13","Green Free Throw 1 of 2 (3 PTS)",null,null,"59 - 55","-4"],["0041400402",355,8,0,3,"9:55 PM","3:13","SUB: Livingston FOR Curry",null,null,null,null],["0041400402",356,3,12,3,"9:55 PM","3:13","Green Free Throw 2 of 2 (4 PTS)",null,null,"59 - 56","-3"],["0041400402",358,6,16,3,"9:55 PM","3:13",null,null,null,null,null],["0041400402",359,1,79,3,"9:56 PM","2:51",null,null,"Smith 26' 3PT Pullup Jump Shot (7 PTS) (James 8 AST)","62 - 56","-6"],["0041400402",360,2,78,3,"9:56 PM","2:37","MISS Thompson 12' Floating Jump Shot",null,null,null,null],["0041400402",361,4,0,3,"9:56 PM","2:35",null,null,"Smith REBOUND (Off:0 Def:3)",null,null],["0041400402",362,2,1,3,"9:56 PM","2:23",null,null,"MISS Miller 26' 3PT Jump Shot",null,null],["0041400402",363,4,0,3,"9:56 PM","2:22","Thompson REBOUND (Off:0 Def:3)",null,null,null,null],["0041400402",364,5,15,3,"9:57 PM","2:14","Livingston Offensive Goaltending Turnover (P2.T12)",null,null,null,null],["0041400402",365,9,1,3,"9:57 PM","2:14",null,null,"Cavaliers Timeout: Regular (Reg.3 Short 1)",null,null],["0041400402",367,8,0,3,"10:00 PM","2:14","SUB: Speights FOR Ezeli",null,null,null,null],["0041400402",368,2,1,3,"10:01 PM","1:55",null,null,"MISS Smith 28' 3PT Jump Shot",null,null],["0041400402",369,4,0,3,"10:01 PM","1:54","Iguodala REBOUND (Off:0 Def:1)",null,null,null,null],["0041400402",370,6,2,3,"10:01 PM","1:50",null,null,"Miller S.FOUL (P1.PN) (T.Brothers)",null,null],["0041400402",371,3,11,3,"10:01 PM","1:50","MISS Livingston Free Throw 1 of 2",null,null,null,null],["0041400402",372,4,1,3,"10:01 PM","1:50","WARRIORS Rebound",null,null,null,null],["0041400402",373,8,0,3,"10:01 PM","1:50",null,null,"SUB: Thompson FOR Mozgov",null,null],["0041400402",374,3,12,3,"10:01 PM","1:50","Livingston Free Throw 2 of 2 (3 PTS)",null,null,"62 - 57","-5"],["0041400402",376,2,1,3,"10:02 PM","1:28",null,null,"MISS James 7' Jump Shot",null,null],["0041400402",377,4,0,3,"10:02 PM","1:27",null,null,"Thompson REBOUND (Off:5 Def:3)",null,null],["0041400402",378,5,11,3,"10:02 PM","1:26",null,null,"Cavaliers Turnover: Shot Clock (T#11)",null,null],["0041400402",379,2,1,3,"10:03 PM","1:13","MISS Speights 18' Jump Shot",null,null,null,null],["0041400402",380,4,0,3,"10:03 PM","1:12",null,null,"Miller REBOUND (Off:0 Def:1)",null,null],["0041400402",381,2,1,3,"10:03 PM","0:50",null,null,"MISS James 29' 3PT Jump Shot",null,null],["0041400402",382,4,0,3,"10:03 PM","0:50",null,null,"Cavaliers Rebound",null,null],["0041400402",383,5,11,3,"10:03 PM","0:50",null,null,"Cavaliers Turnover: Shot Clock (T#12)",null,null],["0041400402",384,8,0,3,"10:03 PM","0:50",null,null,"SUB: Dellavedova FOR James",null,null],["0041400402",385,1,63,3,"10:04 PM","0:28","Thompson 14' Fadeaway Jumper (25 PTS)",null,null,"62 - 59","-3"],["0041400402",386,5,1,3,"10:04 PM","0:07","Green STEAL (3 STL)",null,"Dellavedova Bad Pass Turnover (P4.T13)",null,null],["0041400402",387,2,7,3,"10:04 PM","0:04","MISS Speights  Dunk",null,null,null,null],["0041400402",388,4,0,3,"10:04 PM","0:03","Iguodala REBOUND (Off:1 Def:1)",null,null,null,null],["0041400402",389,5,1,3,"10:04 PM","0:02","Iguodala Bad Pass Turnover (P3.T13)",null,"Dellavedova STEAL (1 STL)",null,null],["0041400402",390,13,0,3,"10:05 PM","0:00",null,null,null,"62 - 59","-3"],["0041400402",392,12,0,4,"10:09 PM","12:00",null,null,null,"62 - 59","-3"],["0041400402",393,2,1,4,"10:09 PM","11:47","MISS Thompson 10' Jump Shot",null,null,null,null],["0041400402",394,4,0,4,"10:09 PM","11:46","Barnes REBOUND (Off:2 Def:0)",null,null,null,null],["0041400402",395,1,63,4,"10:09 PM","11:39","Thompson 26' 3PT Fadeaway Jumper (28 PTS)",null,null,"62 - 62","TIE"],["0041400402",396,6,2,4,"10:09 PM","11:39",null,null,"Smith S.FOUL (P3.T1) (S.Foster)",null,null],["0041400402",397,3,10,4,"10:09 PM","11:39","MISS Thompson Free Throw 1 of 1",null,null,null,null],["0041400402",399,4,0,4,"10:09 PM","11:38",null,null,"James REBOUND (Off:2 Def:9)",null,null],["0041400402",400,1,78,4,"10:10 PM","11:23",null,null,"Dellavedova 16' Floating Jump Shot (2 PTS) (James 9 AST)","64 - 62","-2"],["0041400402",401,6,4,4,"10:10 PM","11:06","Bogut OFF.Foul (P3) (T.Brothers)",null,null,null,null],["0041400402",402,5,5,4,"10:10 PM","11:06","Bogut Foul Turnover (P2.T14)",null,null,null,null],["0041400402",403,1,78,4,"10:11 PM","10:45",null,null,"Dellavedova 17' Floating Jump Shot (4 PTS)","66 - 62","-4"],["0041400402",404,2,63,4,"10:11 PM","10:34","MISS Livingston 12' Fadeaway Jumper",null,null,null,null],["0041400402",405,4,0,4,"10:11 PM","10:34",null,null,"Dellavedova REBOUND (Off:0 Def:1)",null,null],["0041400402",406,2,1,4,"10:11 PM","10:20",null,null,"MISS Dellavedova 25' 3PT Jump Shot",null,null],["0041400402",407,4,0,4,"10:11 PM","10:19","Thompson REBOUND (Off:0 Def:4)",null,null,null,null],["0041400402",408,6,1,4,"10:11 PM","10:18",null,null,"Thompson P.FOUL (P3.T2) (T.Brothers)",null,null],["0041400402",409,8,0,4,"10:11 PM","10:18","SUB: Curry FOR Iguodala",null,null,null,null],["0041400402",410,8,0,4,"10:12 PM","10:18",null,null,"SUB: Jones FOR Miller",null,null],["0041400402",411,1,63,4,"10:12 PM","10:05","Thompson 16' Fadeaway Jumper (30 PTS)",null,null,"66 - 64","-2"],["0041400402",412,2,1,4,"10:12 PM","9:49",null,null,"MISS James 5' Jump Shot",null,null],["0041400402",413,4,0,4,"10:12 PM","9:49",null,null,"Cavaliers Rebound",null,null],["0041400402",414,6,1,4,"10:13 PM","9:45","Thompson P.FOUL (P4.T1) (Z.Zarba)",null,null,null,null],["0041400402",415,1,80,4,"10:13 PM","9:29",null,null,"James 26' 3PT Step Back Jump Shot (29 PTS)","69 - 64","-5"],["0041400402",416,2,79,4,"10:13 PM","9:21","MISS Thompson 26' 3PT Pullup Jump Shot",null,null,null,null],["0041400402",417,4,0,4,"10:13 PM","9:19",null,null,"James REBOUND (Off:2 Def:10)",null,null],["0041400402",418,2,65,4,"10:13 PM","9:08",null,null,"MISS Jones 9' Jump Hook Shot",null,null],["0041400402",419,4,0,4,"10:13 PM","9:07",null,null,"Thompson REBOUND (Off:6 Def:3)",null,null],["0041400402",420,2,1,4,"10:14 PM","8:44",null,null,"MISS Smith 26' 3PT Jump Shot",null,null],["0041400402",421,4,0,4,"10:14 PM","8:44",null,null,"Cavaliers Rebound",null,null],["0041400402",422,6,3,4,"10:14 PM","8:44","Bogut L.B.FOUL (P4.T2) (Z.Zarba)",null,null,null,null],["0041400402",423,9,4,4,"10:14 PM","8:44",null,null,null,null,null],["0041400402",425,8,0,4,"10:17 PM","8:44","SUB: Iguodala FOR Livingston",null,null,null,null],["0041400402",426,8,0,4,"10:17 PM","8:44","SUB: Green FOR Bogut",null,null,null,null],["0041400402",427,1,80,4,"10:18 PM","8:21",null,null,"Smith 17' Step Back Jump Shot (9 PTS)","71 - 64","-7"],["0041400402",428,6,1,4,"10:18 PM","7:57",null,null,"Thompson P.FOUL (P4.T3) (S.Foster)",null,null],["0041400402",429,1,8,4,"10:19 PM","7:48","Barnes  Slam Dunk (6 PTS) (Curry 4 AST)",null,null,"71 - 66","-5"],["0041400402",430,5,2,4,"10:19 PM","7:27","Green STEAL (4 STL)",null,"Dellavedova Lost Ball Turnover (P5.T14)",null,null],["0041400402",431,2,1,4,"10:19 PM","7:18","MISS Curry 26' 3PT Jump Shot",null,null,null,null],["0041400402",432,4,0,4,"10:19 PM","7:16",null,null,"Thompson REBOUND (Off:6 Def:4)",null,null],["0041400402",433,6,2,4,"10:19 PM","7:01","Green S.FOUL (P4.T3) (S.Foster)",null,null,null,null],["0041400402",434,18,0,4,"10:20 PM","7:01",null,null,null,null,null],["0041400402",435,3,11,4,"10:23 PM","7:01",null,null,"MISS James Free Throw 1 of 2",null,null],["0041400402",436,4,1,4,"10:23 PM","7:01",null,null,"Cavaliers Rebound",null,null],["0041400402",437,3,12,4,"10:24 PM","7:01",null,null,"James Free Throw 2 of 2 (30 PTS)","72 - 66","-6"],["0041400402",439,2,1,4,"10:24 PM","6:50","MISS Thompson 28' 3PT Jump Shot",null,null,null,null],["0041400402",440,4,0,4,"10:24 PM","6:49",null,null,"James REBOUND (Off:2 Def:11)",null,null],["0041400402",441,6,1,4,"10:24 PM","6:39","Iguodala P.FOUL (P4.T4) (T.Brothers)",null,null,null,null],["0041400402",444,2,1,4,"10:25 PM","6:26",null,null,"MISS Jones 16' Jump Shot",null,null],["0041400402",445,4,0,4,"10:25 PM","6:25",null,null,"Cavaliers Rebound",null,null],["0041400402",446,5,11,4,"10:26 PM","6:25",null,null,"Cavaliers Turnover: Shot Clock (T#15)",null,null],["0041400402",447,2,1,4,"10:26 PM","6:09","MISS Curry 13' Jump Shot",null,null,null,null],["0041400402",448,4,0,4,"10:26 PM","6:08","Barnes REBOUND (Off:3 Def:0)",null,null,null,null],["0041400402",449,2,79,4,"10:26 PM","6:02","MISS Curry  3PT Pullup Jump Shot",null,null,null,null],["0041400402",450,4,0,4,"10:26 PM","6:00",null,null,"Thompson REBOUND (Off:6 Def:5)",null,null],["0041400402",451,6,1,4,"10:27 PM","5:47","Curry P.FOUL (P1.PN) (T.Brothers)",null,null,null,null],["0041400402",452,9,1,4,"10:27 PM","5:47","WARRIORS Timeout: Regular (Full 4 Short 1)",null,null,null,null],["0041400402",455,3,11,4,"10:30 PM","5:47",null,null,"Smith Free Throw 1 of 2 (10 PTS)","73 - 66","-7"],["0041400402",457,3,12,4,"10:30 PM","5:47",null,null,"MISS Smith Free Throw 2 of 2",null,null],["0041400402",459,4,0,4,"10:31 PM","5:47",null,null,"Cavaliers Rebound",null,null],["0041400402",460,1,79,4,"10:31 PM","5:29",null,null,"Smith 26' 3PT Pullup Jump Shot (13 PTS) (Jones 1 AST)","76 - 66","-10"],["0041400402",461,6,2,4,"10:31 PM","5:17",null,null,"James S.FOUL (P3.T4) (Z.Zarba)",null,null],["0041400402",462,3,11,4,"10:32 PM","5:17","Thompson Free Throw 1 of 2 (31 PTS)",null,null,"76 - 67","-9"],["0041400402",464,3,12,4,"10:32 PM","5:17","Thompson Free Throw 2 of 2 (32 PTS)",null,null,"76 - 68","-8"],["0041400402",466,1,79,4,"10:32 PM","5:00",null,null,"Dellavedova 26' 3PT Pullup Jump Shot (7 PTS) (James 10 AST)","79 - 68","-11"],["0041400402",467,2,1,4,"10:33 PM","4:40","MISS Thompson 8' Jump Shot",null,null,null,null],["0041400402",468,4,0,4,"10:33 PM","4:38","Barnes REBOUND (Off:4 Def:0)",null,null,null,null],["0041400402",469,1,72,4,"10:33 PM","4:37","Barnes 2' Putback Layup (8 PTS)",null,null,"79 - 70","-9"],["0041400402",470,2,1,4,"10:33 PM","4:13",null,null,"MISS James 5' Jump Shot",null,null],["0041400402",472,4,0,4,"10:33 PM","4:12",null,null,"James REBOUND (Off:3 Def:11)",null,null],["0041400402",471,2,4,4,"10:33 PM","4:12",null,null,"MISS James 2' Tip Shot",null,null],["0041400402",473,4,0,4,"10:33 PM","4:12","WARRIORS Rebound",null,null,null,null],["0041400402",474,6,3,4,"10:33 PM","4:12",null,null,"Thompson L.B.FOUL (P5.PN) (Z.Zarba)",null,null],["0041400402",475,3,11,4,"10:34 PM","4:12","Green Free Throw 1 of 2 (5 PTS)",null,null,"79 - 71","-8"],["0041400402",477,3,12,4,"10:34 PM","4:12","Green Free Throw 2 of 2 (6 PTS)",null,null,"79 - 72","-7"],["0041400402",479,6,1,4,"10:35 PM","3:50","Iguodala P.FOUL (P5.PN) (S.Foster)",null,null,null,null],["0041400402",480,3,11,4,"10:35 PM","3:50",null,null,"James Free Throw 1 of 2 (31 PTS)","80 - 72","-8"],["0041400402",482,3,12,4,"10:35 PM","3:50",null,null,"MISS James Free Throw 2 of 2",null,null],["0041400402",483,4,0,4,"10:36 PM","3:49","Barnes REBOUND (Off:4 Def:1)",null,null,null,null],["0041400402",484,2,79,4,"10:36 PM","3:36","MISS Barnes  3PT Pullup Jump Shot",null,null,null,null],["0041400402",485,4,0,4,"10:36 PM","3:35",null,null,"Thompson REBOUND (Off:6 Def:6)",null,null],["0041400402",486,1,79,4,"10:36 PM","3:14",null,null,"James 28' 3PT Pullup Jump Shot (34 PTS)","83 - 72","-11"],["0041400402",487,9,1,4,"10:37 PM","3:13","WARRIORS Timeout: Regular (Full 5 Short 1)",null,null,null,null],["0041400402",491,1,1,4,"10:40 PM","3:04","Iguodala 26' 3PT Jump Shot (7 PTS) (Curry 5 AST)",null,null,"83 - 75","-8"],["0041400402",492,6,28,4,"10:40 PM","2:57","Curry Personal Take Foul (P2.PN) (Z.Zarba)",null,null,null,null],["0041400402",493,3,11,4,"10:41 PM","2:57",null,null,"MISS Thompson Free Throw 1 of 2",null,null],["0041400402",494,4,1,4,"10:41 PM","2:57",null,null,"Cavaliers Rebound",null,null],["0041400402",495,3,12,4,"10:41 PM","2:57",null,null,"Thompson Free Throw 2 of 2 (1 PTS)","84 - 75","-9"],["0041400402",497,1,79,4,"10:41 PM","2:45","Curry 27' 3PT Pullup Jump Shot (13 PTS)",null,null,"84 - 78","-6"],["0041400402",498,6,28,4,"10:41 PM","2:37","Curry Personal Take Foul (P3.PN) (Z.Zarba)",null,null,null,null],["0041400402",499,3,11,4,"10:42 PM","2:37",null,null,"Thompson Free Throw 1 of 2 (2 PTS)","85 - 78","-7"],["0041400402",501,3,12,4,"10:42 PM","2:37",null,null,"MISS Thompson Free Throw 2 of 2",null,null],["0041400402",503,4,0,4,"10:42 PM","2:36","Curry REBOUND (Off:0 Def:4)",null,null,null,null],["0041400402",504,6,1,4,"10:42 PM","2:35",null,null,"Smith P.FOUL (P4.PN) (T.Brothers)",null,null],["0041400402",505,3,11,4,"10:43 PM","2:35","Curry Free Throw 1 of 2 (14 PTS)",null,null,"85 - 79","-6"],["0041400402",507,8,0,4,"10:43 PM","2:35",null,null,"SUB: Shumpert FOR Thompson",null,null],["0041400402",508,3,12,4,"10:43 PM","2:35","Curry Free Throw 2 of 2 (15 PTS)",null,null,"85 - 80","-5"],["0041400402",510,9,1,4,"10:43 PM","2:35",null,null,"Cavaliers Timeout: Regular (Reg.4 Short 1)",null,null],["0041400402",512,2,80,4,"10:46 PM","2:11",null,null,"MISS James 17' Step Back Jump Shot",null,null],["0041400402",513,4,0,4,"10:46 PM","2:10","Green REBOUND (Off:0 Def:7)",null,null,null,null],["0041400402",514,1,75,4,"10:46 PM","2:01","Thompson 1' Driving Finger Roll Layup (34 PTS)",null,null,"85 - 82","-3"],["0041400402",515,6,1,4,"10:47 PM","1:41","Curry P.FOUL (P4.PN) (Z.Zarba)",null,null,null,null],["0041400402",516,3,11,4,"10:47 PM","1:41",null,null,"James Free Throw 1 of 2 (35 PTS)","86 - 82","-4"],["0041400402",517,8,0,4,"10:47 PM","1:41",null,null,"SUB: Thompson FOR Jones",null,null],["0041400402",518,3,12,4,"10:47 PM","1:41",null,null,"James Free Throw 2 of 2 (36 PTS)","87 - 82","-5"],["0041400402",520,5,2,4,"10:47 PM","1:34","Curry Lost Ball Turnover (P4.T15)",null,"Dellavedova STEAL (2 STL)",null,null],["0041400402",532,5,1,4,"10:47 PM","1:31","Green STEAL (5 STL)",null,"Dellavedova Bad Pass Turnover (P6.T16)",null,null],["0041400402",524,2,79,4,"10:48 PM","1:26","MISS Curry 24' 3PT Pullup Jump Shot",null,null,null,null],["0041400402",521,4,0,4,"10:48 PM","1:25","Iguodala REBOUND (Off:2 Def:1)",null,null,null,null],["0041400402",522,1,8,4,"10:48 PM","1:23","Barnes  Slam Dunk (10 PTS) (Iguodala 5 AST)",null,null,"87 - 84","-3"],["0041400402",523,6,2,4,"10:48 PM","1:23",null,null,"Smith S.FOUL (P5.PN) (Z.Zarba)",null,null],["0041400402",525,3,10,4,"10:48 PM","1:23","Barnes Free Throw 1 of 1 (11 PTS)",null,null,"87 - 85","-2"],["0041400402",527,2,63,4,"10:49 PM","0:59",null,null,"MISS James 26' 3PT Fadeaway Jumper",null,null],["0041400402",528,4,0,4,"10:49 PM","0:58","Thompson REBOUND (Off:0 Def:5)",null,null,null,null],["0041400402",529,2,1,4,"10:49 PM","0:41","MISS Barnes 16' Jump Shot",null,null,null,null],["0041400402",530,4,0,4,"10:49 PM","0:40",null,null,"Dellavedova REBOUND (Off:0 Def:2)",null,null],["0041400402",531,9,1,4,"10:49 PM","0:38",null,null,"Cavaliers Timeout: Regular (Reg.5 Short 1)",null,null],["0041400402",533,2,1,4,"10:52 PM","0:16",null,null,"MISS Shumpert  3PT Jump Shot",null,null],["0041400402",534,4,0,4,"10:52 PM","0:15","Green REBOUND (Off:0 Def:8)",null,null,null,null],["0041400402",535,1,75,4,"10:52 PM","0:08","Curry 3' Driving Finger Roll Layup (17 PTS)",null,null,"87 - 87","TIE"],["0041400402",536,9,2,4,"10:52 PM","0:07",null,null,"Cavaliers Timeout: Short (Reg.5 Short 2)",null,null],["0041400402",538,2,1,4,"10:54 PM","0:02",null,null,"MISS James 4' Jump Shot",null,null],["0041400402",540,4,0,4,"10:54 PM","0:01",null,null,"Thompson REBOUND (Off:7 Def:6)",null,null],["0041400402",539,2,4,4,"10:54 PM","0:01",null,null,"MISS Thompson 2' Tip Shot",null,null],["0041400402",541,4,0,4,"10:54 PM","0:00","Iguodala REBOUND (Off:2 Def:2)",null,null,null,null],["0041400402",542,13,0,4,"10:54 PM","0:00",null,null,null,"87 - 87","TIE"],["0041400402",544,12,0,5,"10:57 PM","5:00",null,null,null,"87 - 87","TIE"],["0041400402",545,10,0,5,"10:57 PM","5:00","Jump Ball Green vs. Thompson: Tip to Barnes",null,null,null,null],["0041400402",546,2,63,5,"10:58 PM","4:38","MISS Iguodala 6' Fadeaway Jumper",null,null,null,null],["0041400402",547,4,0,5,"10:58 PM","4:36",null,null,"Smith REBOUND (Off:0 Def:4)",null,null],["0041400402",548,2,1,5,"10:58 PM","4:14",null,null,"MISS James 21' Jump Shot",null,null],["0041400402",549,4,0,5,"10:58 PM","4:13","Curry REBOUND (Off:0 Def:5)",null,null,null,null],["0041400402",550,2,79,5,"10:58 PM","4:07","MISS Curry 26' 3PT Pullup Jump Shot",null,null,null,null],["0041400402",551,4,0,5,"10:58 PM","4:05",null,null,"Dellavedova REBOUND (Off:0 Def:3)",null,null],["0041400402",552,1,79,5,"10:59 PM","3:47",null,null,"Shumpert 25' 3PT Pullup Jump Shot (7 PTS) (James 11 AST)","90 - 87","-3"],["0041400402",553,2,79,5,"10:59 PM","3:36","MISS Thompson 26' 3PT Pullup Jump Shot",null,null,null,null],["0041400402",554,4,0,5,"10:59 PM","3:35",null,null,"Thompson REBOUND (Off:7 Def:7)",null,null],["0041400402",555,2,1,5,"10:59 PM","3:19",null,null,"MISS Smith 25' 3PT Jump Shot",null,null],["0041400402",556,4,0,5,"10:59 PM","3:17",null,null,"James REBOUND (Off:4 Def:11)",null,null],["0041400402",557,6,1,5,"10:59 PM","3:17","Green P.FOUL (P5.T1) (S.Foster)",null,null,null,null],["0041400402",558,3,11,5,"11:00 PM","3:17",null,null,"James Free Throw 1 of 2 (37 PTS)","91 - 87","-4"],["0041400402",561,9,1,5,"11:00 PM","3:17","WARRIORS Timeout: Regular (Full 6 Short 1)",null,null,null,null],["0041400402",563,3,12,5,"11:02 PM","3:17",null,null,"James Free Throw 2 of 2 (38 PTS)","92 - 87","-5"],["0041400402",565,2,79,5,"11:02 PM","3:03","MISS Curry 26' 3PT Pullup Jump Shot",null,null,null,null],["0041400402",566,4,0,5,"11:02 PM","3:01",null,null,"Dellavedova REBOUND (Off:0 Def:4)",null,null],["0041400402",567,2,1,5,"11:02 PM","2:48",null,null,"MISS James 16' Jump Shot",null,null],["0041400402",568,4,0,5,"11:02 PM","2:47","Curry REBOUND (Off:0 Def:6)",null,null,null,null],["0041400402",569,2,42,5,"11:03 PM","2:40","MISS Curry 2' Driving Layup",null,"James BLOCK (1 BLK)",null,null],["0041400402",571,4,0,5,"11:03 PM","2:39","Green REBOUND (Off:1 Def:8)",null,null,null,null],["0041400402",570,1,72,5,"11:03 PM","2:39","Green 1' Putback Layup (8 PTS)",null,null,"92 - 89","-3"],["0041400402",572,2,78,5,"11:03 PM","2:17",null,null,"MISS Dellavedova 5' Floating Jump Shot",null,null],["0041400402",573,4,0,5,"11:03 PM","2:16","Barnes REBOUND (Off:4 Def:2)",null,null,null,null],["0041400402",574,2,47,5,"11:03 PM","2:01","MISS Green 7' Turnaround Jump Shot",null,null,null,null],["0041400402",576,4,0,5,"11:03 PM","2:00","Green REBOUND (Off:2 Def:8)",null,null,null,null],["0041400402",575,1,72,5,"11:03 PM","2:00","Green 2' Putback Layup (10 PTS)",null,null,"92 - 91","-1"],["0041400402",577,9,1,5,"11:03 PM","1:53",null,null,"Cavaliers Timeout: Regular (Reg.6 Short 2)",null,null],["0041400402",578,5,11,5,"11:06 PM","1:36",null,null,"Cavaliers Turnover: Shot Clock (T#17)",null,null],["0041400402",579,5,1,5,"11:06 PM","1:25","Curry Bad Pass Turnover (P5.T16)",null,"Shumpert STEAL (2 STL)",null,null],["0041400402",580,2,42,5,"11:06 PM","1:21","Thompson BLOCK (1 BLK)",null,"MISS Shumpert 2' Driving Layup",null,null],["0041400402",581,4,0,5,"11:06 PM","1:19","Iguodala REBOUND (Off:2 Def:3)",null,null,null,null],["0041400402",582,9,1,5,"11:07 PM","1:11","WARRIORS Timeout: Regular (Full 7 Short 1)",null,null,null,null],["0041400402",584,5,1,5,"11:09 PM","1:05","Green Bad Pass Turnover (P4.T17)",null,"Dellavedova STEAL (3 STL)",null,null],["0041400402",618,2,45,5,"11:10 PM","0:46","Green BLOCK (3 BLK)",null,"MISS James 5' Jump Shot",null,null],["0041400402",619,4,0,5,"11:10 PM","0:45","WARRIORS Rebound",null,null,null,null],["0041400402",585,10,0,5,"11:10 PM","0:45","Jump Ball Green vs. James: Tip to",null,null,null,null],["0041400402",586,6,1,5,"11:11 PM","0:29",null,null,"Smith P.FOUL (P6.T1) (S.Foster)",null,null],["0041400402",588,18,0,5,"11:12 PM","0:29",null,null,null,null,null],["0041400402",590,8,0,5,"11:13 PM","0:29",null,null,"SUB: Mozgov FOR Smith",null,null],["0041400402",591,3,11,5,"11:13 PM","0:29","Curry Free Throw 1 of 2 (18 PTS)",null,null,"92 - 92","TIE"],["0041400402",592,3,12,5,"11:13 PM","0:29","Curry Free Throw 2 of 2 (19 PTS)",null,null,"92 - 93","1"],["0041400402",594,9,2,5,"11:13 PM","0:29",null,null,"Cavaliers Timeout: Short (Reg.6 Short 3)",null,null],["0041400402",596,8,0,5,"11:14 PM","0:29",null,null,"SUB: Jones FOR Mozgov",null,null],["0041400402",597,2,1,5,"11:15 PM","0:22","Green BLOCK (4 BLK)",null,"MISS James 5' Jump Shot",null,null],["0041400402",598,4,0,5,"11:15 PM","0:20","Iguodala REBOUND (Off:2 Def:4)",null,null,null,null],["0041400402",616,5,1,5,"11:15 PM","0:18","Iguodala Bad Pass Turnover (P4.T18)",null,null,null,null],["0041400402",599,2,1,5,"11:15 PM","0:11",null,null,"MISS Jones 24' 3PT Jump Shot",null,null],["0041400402",600,4,0,5,"11:15 PM","0:10",null,null,"Dellavedova REBOUND (Off:1 Def:4)",null,null],["0041400402",601,6,1,5,"11:15 PM","0:10","Barnes P.FOUL (P4.T2) (S.Foster)",null,null,null,null],["0041400402",602,3,11,5,"11:16 PM","0:10",null,null,"Dellavedova Free Throw 1 of 2 (8 PTS)","93 - 93","TIE"],["0041400402",604,3,12,5,"11:16 PM","0:10",null,null,"Dellavedova Free Throw 2 of 2 (9 PTS)","94 - 93","-1"],["0041400402",606,9,2,5,"11:16 PM","0:10","WARRIORS Timeout: Short (Full 7 Short 2)",null,null,null,null],["0041400402",607,2,1,5,"11:17 PM","0:07","MISS Curry 19' Jump Shot",null,null,null,null],["0041400402",608,4,0,5,"11:17 PM","0:05",null,null,"James REBOUND (Off:4 Def:12)",null,null],["0041400402",609,6,1,5,"11:18 PM","0:04","Barnes P.FOUL (P5.PN) (S.Foster)",null,null,null,null],["0041400402",610,3,11,5,"11:18 PM","0:04",null,null,"MISS James Free Throw 1 of 2",null,null],["0041400402",611,4,1,5,"11:18 PM","0:04",null,null,"Cavaliers Rebound",null,null],["0041400402",612,3,12,5,"11:18 PM","0:04",null,null,"James Free Throw 2 of 2 (39 PTS)","95 - 93","-2"],["0041400402",614,5,1,5,"11:18 PM","0:02","Curry Bad Pass Turnover (P6.T19)",null,"Shumpert STEAL (3 STL)",null,null],["0041400402",615,13,0,5,"11:19 PM","0:00",null,null,null,"95 - 93","-2"]]},{"name":"AvailableVideo","headers":["VIDEO_AVAILABLE_FLAG"],"rowSet":[[1]]}]}