{"resource":"playbyplay","parameters":{"GameID":"0041400214","StartPeriod":0,"EndPeriod":14},"resultSets":[{"name":"PlayByPlay","headers":["GAME_ID","EVENTNUM","EVENTMSGTYPE","EVENTMSGACTIONTYPE","PERIOD","WCTIMESTRING","PCTIMESTRING","HOMEDESCRIPTION","NEUTRALDESCRIPTION","VISITORDESCRIPTION","SCORE","SCOREMARGIN"],"rowSet":[["0041400214",0,12,0,1,"3:33 PM","12:00",null,null,null,null,null],["0041400214",1,10,0,1,"3:33 PM","12:00","Jump Ball Noah vs. Mozgov: Tip to",null,null,null,null],["0041400214",2,2,1,1,"3:34 PM","11:41",null,null,"MISS James 19' Jump Shot",null,null],["0041400214",3,4,0,1,"3:34 PM","11:40","Rose REBOUND (Off:0 Def:1)",null,null,null,null],["0041400214",4,2,5,1,"3:34 PM","11:23","MISS Rose 2' Layup",null,"Mozgov BLOCK (1 BLK)",null,null],["0041400214",5,4,0,1,"3:34 PM","11:21",null,null,"Thompson REBOUND (Off:0 Def:1)",null,null],["0041400214",6,2,1,1,"3:34 PM","11:13",null,null,"MISS Irving 15' Jump Shot",null,null],["0041400214",7,4,0,1,"3:34 PM","11:12","Noah REBOUND (Off:0 Def:1)",null,null,null,null],["0041400214",8,2,5,1,"3:34 PM","10:57","MISS Gibson 2' Layup",null,null,null,null],["0041400214",9,4,0,1,"3:34 PM","10:55",null,null,"Irving REBOUND (Off:0 Def:1)",null,null],["0041400214",10,1,1,1,"3:35 PM","10:46",null,null,"Shumpert  3PT Jump Shot (3 PTS) (James 1 AST)","3 - 0","-3"],["0041400214",11,2,1,1,"3:35 PM","10:33","MISS Dunleavy 25' 3PT Jump Shot",null,null,null,null],["0041400214",12,4,0,1,"3:35 PM","10:32",null,null,"Irving REBOUND (Off:0 Def:2)",null,null],["0041400214",13,1,8,1,"3:35 PM","10:15",null,null,"Mozgov  Slam Dunk (2 PTS) (James 2 AST)","5 - 0","-5"],["0041400214",14,1,86,1,"3:35 PM","9:56","Butler 17' Turnaround Fadeaway (2 PTS)",null,null,"5 - 2","-3"],["0041400214",15,1,1,1,"3:36 PM","9:38",null,null,"James 22' Jump Shot (2 PTS)","7 - 2","-5"],["0041400214",16,1,78,1,"3:36 PM","9:23","Rose 14' Floating Jump Shot (2 PTS)",null,null,"7 - 4","-3"],["0041400214",17,6,2,1,"3:36 PM","9:23",null,null,"Mozgov S.FOUL (P1.T1) (T.Washington)",null,null],["0041400214",18,3,10,1,"3:36 PM","9:23","Rose Free Throw 1 of 1 (3 PTS)",null,null,"7 - 5","-2"],["0041400214",20,2,1,1,"3:37 PM","9:10",null,null,"MISS Irving 15' Jump Shot",null,null],["0041400214",21,4,0,1,"3:37 PM","9:09","Noah REBOUND (Off:0 Def:2)",null,null,null,null],["0041400214",22,2,1,1,"3:37 PM","9:01","MISS Gibson 18' Jump Shot",null,null,null,null],["0041400214",23,4,0,1,"3:37 PM","9:00",null,null,"James REBOUND (Off:0 Def:1)",null,null],["0041400214",24,1,1,1,"3:37 PM","8:52",null,null,"Thompson 11' Jump Shot (2 PTS) (Mozgov 1 AST)","9 - 5","-4"],["0041400214",25,2,1,1,"3:37 PM","8:37","MISS Rose 15' Jump Shot",null,null,null,null],["0041400214",26,4,0,1,"3:37 PM","8:36",null,null,"Shumpert REBOUND (Off:0 Def:1)",null,null],["0041400214",27,2,1,1,"3:37 PM","8:30","Noah BLOCK (1 BLK)",null,"MISS James 6' Jump Shot",null,null],["0041400214",28,4,0,1,"3:37 PM","8:28",null,null,"Shumpert REBOUND (Off:1 Def:1)",null,null],["0041400214",29,2,1,1,"3:38 PM","8:25",null,null,"MISS Shumpert 24' 3PT Jump Shot",null,null],["0041400214",30,4,0,1,"3:38 PM","8:25","Gibson REBOUND (Off:0 Def:1)",null,null,null,null],["0041400214",31,1,1,1,"3:38 PM","8:04","Butler 24' 3PT Jump Shot (5 PTS) (Gibson 1 AST)",null,null,"9 - 8","-1"],["0041400214",32,1,7,1,"3:38 PM","7:49",null,null,"Mozgov  Dunk (4 PTS) (James 3 AST)","11 - 8","-3"],["0041400214",33,1,66,1,"3:38 PM","7:30","Noah 8' Jump Bank Shot (2 PTS)",null,null,"11 - 10","-1"],["0041400214",34,5,1,1,"3:39 PM","7:10","Butler STEAL (1 STL)",null,"James Bad Pass Turnover (P1.T1)",null,null],["0041400214",35,2,41,1,"3:39 PM","7:04","MISS Rose 1' Running Layup",null,null,null,null],["0041400214",36,4,0,1,"3:39 PM","7:02",null,null,"James REBOUND (Off:0 Def:2)",null,null],["0041400214",37,6,2,1,"3:39 PM","6:59","Dunleavy S.FOUL (P1.T1) (T.Washington)",null,null,null,null],["0041400214",38,3,11,1,"3:39 PM","6:59",null,null,"Irving Free Throw 1 of 2 (1 PTS)","12 - 10","-2"],["0041400214",40,3,12,1,"3:40 PM","6:59",null,null,"Irving Free Throw 2 of 2 (2 PTS)","13 - 10","-3"],["0041400214",44,2,1,1,"3:41 PM","6:35","MISS Dunleavy  3PT Jump Shot",null,null,null,null],["0041400214",45,4,0,1,"3:41 PM","6:35","BULLS Rebound",null,null,null,null],["0041400214",46,5,11,1,"3:41 PM","6:35","BULLS Turnover: Shot Clock (T#1)",null,null,null,null],["0041400214",47,2,1,1,"3:41 PM","6:18",null,null,"MISS Shumpert  3PT Jump Shot",null,null],["0041400214",48,4,0,1,"3:41 PM","6:17","Butler REBOUND (Off:0 Def:1)",null,null,null,null],["0041400214",49,5,40,1,"3:41 PM","6:03","Rose Out of Bounds Lost Ball Turnover (P1.T2)",null,null,null,null],["0041400214",50,2,1,1,"3:42 PM","5:51",null,null,"MISS Irving 19' Jump Shot",null,null],["0041400214",51,4,0,1,"3:42 PM","5:51",null,null,"Cavaliers Rebound",null,null],["0041400214",52,9,1,1,"3:42 PM","5:51","BULLS Timeout: Regular (Full 1 Short 0)",null,null,null,null],["0041400214",53,8,0,1,"3:44 PM","5:51",null,null,"SUB: Smith FOR Shumpert",null,null],["0041400214",54,5,2,1,"3:45 PM","5:40","Noah STEAL (1 STL)",null,"James Lost Ball Turnover (P2.T2)",null,null],["0041400214",55,1,5,1,"3:45 PM","5:35","Rose 1' Layup (5 PTS)",null,null,"13 - 12","-1"],["0041400214",56,5,1,1,"3:46 PM","5:22","Butler STEAL (2 STL)",null,"Irving Bad Pass Turnover (P1.T3)",null,null],["0041400214",57,2,1,1,"3:46 PM","5:16","MISS Butler 13' Jump Shot",null,null,null,null],["0041400214",58,4,0,1,"3:46 PM","5:16",null,null,"Cavaliers Rebound",null,null],["0041400214",59,6,3,1,"3:46 PM","5:16","Gibson L.B.FOUL (P1.T2) (J.Phillips)",null,null,null,null],["0041400214",60,5,1,1,"3:46 PM","5:04","Dunleavy STEAL (1 STL)",null,"James Bad Pass Turnover (P3.T4)",null,null],["0041400214",61,1,7,1,"3:46 PM","4:57","Gibson  Dunk (2 PTS)",null,null,"13 - 14","1"],["0041400214",62,5,40,1,"3:47 PM","4:45",null,null,"Smith Out of Bounds Lost Ball Turnover (P1.T5)",null,null],["0041400214",63,1,5,1,"3:47 PM","4:26","Rose 2' Layup (7 PTS)",null,null,"13 - 16","3"],["0041400214",65,1,1,1,"3:47 PM","4:05",null,null,"James 25' 3PT Jump Shot (5 PTS) (Mozgov 2 AST)","16 - 16","TIE"],["0041400214",66,2,5,1,"3:48 PM","3:49","MISS Noah 2' Layup",null,null,null,null],["0041400214",67,4,0,1,"3:48 PM","3:48",null,null,"Smith REBOUND (Off:0 Def:1)",null,null],["0041400214",68,5,1,1,"3:48 PM","3:38","Noah STEAL (2 STL)",null,"James Bad Pass Turnover (P4.T6)",null,null],["0041400214",69,1,1,1,"3:48 PM","3:30","Rose 16' Jump Shot (9 PTS)",null,null,"16 - 18","2"],["0041400214",70,9,1,1,"3:48 PM","3:23",null,null,"Cavaliers Timeout: Regular (Reg.1 Short 0)",null,null],["0041400214",71,8,0,1,"3:51 PM","3:23","SUB: Brooks FOR Rose",null,null,null,null],["0041400214",72,8,0,1,"3:51 PM","3:23","SUB: Mirotic FOR Dunleavy",null,null,null,null],["0041400214",73,8,0,1,"3:51 PM","3:23","SUB: Hinrich FOR Noah",null,null,null,null],["0041400214",74,8,0,1,"3:51 PM","3:23",null,null,"SUB: Dellavedova FOR Irving",null,null],["0041400214",75,8,0,1,"3:52 PM","3:23",null,null,"SUB: Jones FOR Mozgov",null,null],["0041400214",76,2,1,1,"3:52 PM","3:15",null,null,"MISS James 26' 3PT Jump Shot",null,null],["0041400214",77,4,0,1,"3:52 PM","3:13","Brooks REBOUND (Off:0 Def:1)",null,null,null,null],["0041400214",78,1,1,1,"3:52 PM","2:54","Butler 4' Jump Shot (7 PTS)",null,null,"16 - 20","4"],["0041400214",80,1,46,1,"3:53 PM","2:32",null,null,"Smith 14' Running Jump Shot (2 PTS) (Dellavedova 1 AST)","18 - 20","2"],["0041400214",81,1,1,1,"3:53 PM","2:14","Butler 18' Jump Shot (9 PTS)",null,null,"18 - 22","4"],["0041400214",82,1,42,1,"3:53 PM","1:59",null,null,"James 2' Driving Layup (7 PTS)","20 - 22","2"],["0041400214",83,2,1,1,"3:54 PM","1:30","MISS Gibson 16' Jump Shot",null,null,null,null],["0041400214",84,4,0,1,"3:54 PM","1:29",null,null,"James REBOUND (Off:0 Def:3)",null,null],["0041400214",85,2,5,1,"3:54 PM","1:22",null,null,"MISS James 2' Layup",null,null],["0041400214",86,4,0,1,"3:54 PM","1:20",null,null,"James REBOUND (Off:1 Def:3)",null,null],["0041400214",87,2,1,1,"3:54 PM","1:17",null,null,"MISS Smith 24' 3PT Jump Shot",null,null],["0041400214",88,4,0,1,"3:54 PM","1:17",null,null,"Cavaliers Rebound",null,null],["0041400214",89,6,3,1,"3:54 PM","1:17","Gibson L.B.FOUL (P2.T3) (J.Phillips)",null,null,null,null],["0041400214",90,8,0,1,"3:54 PM","1:17","SUB: Noah FOR Gibson",null,null,null,null],["0041400214",91,1,5,1,"3:55 PM","1:12",null,null,"Thompson 2' Layup (4 PTS)","22 - 22","TIE"],["0041400214",92,6,2,1,"3:55 PM","0:52",null,null,"Thompson S.FOUL (P1.T2) (J.Phillips)",null,null],["0041400214",93,3,11,1,"3:55 PM","0:52","Hinrich Free Throw 1 of 2 (1 PTS)",null,null,"22 - 23","1"],["0041400214",96,8,0,1,"3:56 PM","0:52",null,null,"SUB: Shumpert FOR Thompson",null,null],["0041400214",97,3,12,1,"3:56 PM","0:52","MISS Hinrich Free Throw 2 of 2",null,null,null,null],["0041400214",99,4,0,1,"3:56 PM","0:49","Noah REBOUND (Off:1 Def:2)",null,null,null,null],["0041400214",100,1,73,1,"3:56 PM","0:41","Brooks 2' Driving Reverse Layup (2 PTS)",null,null,"22 - 25","3"],["0041400214",101,1,63,1,"3:56 PM","0:28",null,null,"Dellavedova 11' Fadeaway Jumper (2 PTS)","24 - 25","1"],["0041400214",102,1,1,1,"3:57 PM","0:09","Hinrich 24' 3PT Jump Shot (4 PTS) (Brooks 1 AST)",null,null,"24 - 28","4"],["0041400214",103,1,42,1,"3:57 PM","0:03",null,null,"James 2' Driving Layup (9 PTS)","26 - 28","2"],["0041400214",104,2,1,1,"3:57 PM","0:00","MISS Butler 25' 3PT Jump Shot",null,null,null,null],["0041400214",106,4,0,1,"3:57 PM","0:00","BULLS Rebound",null,null,null,null],["0041400214",105,13,0,1,"3:57 PM","0:00",null,null,null,"26 - 28","2"],["0041400214",108,12,0,2,"4:01 PM","12:00",null,null,null,"26 - 28","2"],["0041400214",109,2,5,2,"4:01 PM","11:46","MISS Mirotic 2' Layup",null,null,null,null],["0041400214",110,4,0,2,"4:01 PM","11:45",null,null,"Dellavedova REBOUND (Off:0 Def:1)",null,null],["0041400214",111,2,1,2,"4:01 PM","11:37",null,null,"MISS Irving 24' 3PT Jump Shot",null,null],["0041400214",112,4,0,2,"4:01 PM","11:36","Mirotic REBOUND (Off:0 Def:1)",null,null,null,null],["0041400214",113,2,5,2,"4:02 PM","11:18","MISS Brooks 2' Layup",null,null,null,null],["0041400214",114,4,0,2,"4:02 PM","11:17",null,null,"Mozgov REBOUND (Off:0 Def:1)",null,null],["0041400214",115,6,2,2,"4:02 PM","11:05","Hinrich S.FOUL (P1.T1) (S.Foster)",null,null,null,null],["0041400214",116,3,11,2,"4:02 PM","11:05",null,null,"Irving Free Throw 1 of 2 (3 PTS)","27 - 28","1"],["0041400214",119,8,0,2,"4:03 PM","11:05","SUB: Rose FOR Brooks",null,null,null,null],["0041400214",120,3,12,2,"4:03 PM","11:05",null,null,"Irving Free Throw 2 of 2 (4 PTS)","28 - 28","TIE"],["0041400214",122,1,5,2,"4:03 PM","10:52","Rose 2' Layup (11 PTS) (Hinrich 1 AST)",null,null,"28 - 30","2"],["0041400214",124,6,2,2,"4:03 PM","10:42","Dunleavy S.FOUL (P2.T2) (J.Phillips)",null,null,null,null],["0041400214",125,3,11,2,"4:03 PM","10:42",null,null,"Mozgov Free Throw 1 of 2 (5 PTS)","29 - 30","1"],["0041400214",127,3,12,2,"4:04 PM","10:42",null,null,"MISS Mozgov Free Throw 2 of 2",null,null],["0041400214",129,4,0,2,"4:04 PM","10:40","Mirotic REBOUND (Off:0 Def:2)",null,null,null,null],["0041400214",130,1,1,2,"4:04 PM","10:27","Mirotic 25' 3PT Jump Shot (3 PTS) (Rose 1 AST)",null,null,"29 - 33","4"],["0041400214",131,2,1,2,"4:04 PM","10:12",null,null,"MISS Jones 25' 3PT Jump Shot",null,null],["0041400214",132,4,0,2,"4:04 PM","10:11","Noah REBOUND (Off:1 Def:3)",null,null,null,null],["0041400214",133,2,44,2,"4:05 PM","9:58","MISS Mirotic 2' Reverse Layup",null,null,null,null],["0041400214",135,4,0,2,"4:05 PM","9:57","Noah REBOUND (Off:2 Def:3)",null,null,null,null],["0041400214",134,1,72,2,"4:05 PM","9:57","Noah 2' Putback Layup (4 PTS)",null,null,"29 - 35","6"],["0041400214",136,2,5,2,"4:05 PM","9:39",null,null,"MISS Irving 2' Layup",null,null],["0041400214",137,4,0,2,"4:05 PM","9:39","BULLS Rebound",null,null,null,null],["0041400214",138,2,1,2,"4:05 PM","9:25","MISS Mirotic 18' Jump Shot",null,null,null,null],["0041400214",139,4,0,2,"4:05 PM","9:25","Noah REBOUND (Off:3 Def:3)",null,null,null,null],["0041400214",140,6,1,2,"4:05 PM","9:25",null,null,"Mozgov P.FOUL (P2.T1) (S.Foster)",null,null],["0041400214",141,8,0,2,"4:06 PM","9:25",null,null,"SUB: Thompson FOR Mozgov",null,null],["0041400214",142,8,0,2,"4:06 PM","9:25","SUB: Butler FOR Hinrich",null,null,null,null],["0041400214",143,8,0,2,"4:06 PM","9:25",null,null,"SUB: James FOR Jones",null,null],["0041400214",144,6,1,2,"4:06 PM","9:23",null,null,"Thompson P.FOUL (P2.T2) (S.Foster)",null,null],["0041400214",145,1,7,2,"4:07 PM","9:17","Noah  Dunk (6 PTS) (Rose 2 AST)",null,null,"29 - 37","8"],["0041400214",147,9,1,2,"4:07 PM","9:09",null,null,"Cavaliers Timeout: Regular (Reg.2 Short 0)",null,null],["0041400214",148,8,0,2,"4:10 PM","9:09",null,null,"SUB: Mozgov FOR Dellavedova",null,null],["0041400214",149,6,2,2,"4:11 PM","9:00","Butler S.FOUL (P1.T3) (S.Foster)",null,null,null,null],["0041400214",150,3,11,2,"4:11 PM","9:00",null,null,"James Free Throw 1 of 2 (10 PTS)","30 - 37","7"],["0041400214",152,3,12,2,"4:11 PM","9:00",null,null,"James Free Throw 2 of 2 (11 PTS)","31 - 37","6"],["0041400214",154,2,1,2,"4:11 PM","8:48","MISS Butler 17' Jump Shot",null,null,null,null],["0041400214",155,4,0,2,"4:11 PM","8:47",null,null,"Thompson REBOUND (Off:0 Def:2)",null,null],["0041400214",156,2,5,2,"4:12 PM","8:38",null,null,"MISS James 2' Layup",null,null],["0041400214",157,4,0,2,"4:12 PM","8:37","Noah REBOUND (Off:3 Def:4)",null,null,null,null],["0041400214",158,2,1,2,"4:12 PM","8:28","MISS Mirotic 24' 3PT Jump Shot",null,null,null,null],["0041400214",159,4,0,2,"4:12 PM","8:28",null,null,"Cavaliers Rebound",null,null],["0041400214",160,8,0,2,"4:12 PM","8:28",null,null,"SUB: Shumpert FOR Smith",null,null],["0041400214",161,2,1,2,"4:13 PM","8:04","Mirotic BLOCK (1 BLK)",null,"MISS Shumpert 11' Jump Shot",null,null],["0041400214",162,4,0,2,"4:13 PM","8:04",null,null,"Cavaliers Rebound",null,null],["0041400214",163,6,2,2,"4:13 PM","8:04","Noah S.FOUL (P1.T4) (S.Foster)",null,null,null,null],["0041400214",164,3,11,2,"4:13 PM","8:04",null,null,"Mozgov Free Throw 1 of 2 (6 PTS)","32 - 37","5"],["0041400214",166,3,12,2,"4:14 PM","8:04",null,null,"Mozgov Free Throw 2 of 2 (7 PTS)","33 - 37","4"],["0041400214",168,2,1,2,"4:14 PM","7:52","MISS Mirotic 3' Jump Shot",null,"Shumpert BLOCK (1 BLK)",null,null],["0041400214",169,10,0,2,"4:15 PM","7:50","Jump Ball Mirotic vs. Shumpert: Tip to",null,null,null,null],["0041400214",170,4,0,2,"4:15 PM","7:50","BULLS Rebound",null,null,null,null],["0041400214",171,2,63,2,"4:15 PM","7:43","MISS Mirotic 17' Fadeaway Jumper",null,null,null,null],["0041400214",172,4,0,2,"4:15 PM","7:41","Dunleavy REBOUND (Off:1 Def:0)",null,null,null,null],["0041400214",173,5,15,2,"4:15 PM","7:34","Butler Offensive Goaltending Turnover (P1.T3)",null,null,null,null],["0041400214",174,2,1,2,"4:16 PM","7:15",null,null,"MISS James 22' Jump Shot",null,null],["0041400214",175,4,0,2,"4:16 PM","7:15",null,null,"Cavaliers Rebound",null,null],["0041400214",176,8,0,2,"4:16 PM","7:15","SUB: Gibson FOR Mirotic",null,null,null,null],["0041400214",177,5,8,2,"4:16 PM","7:08",null,null,"Mozgov 3 Second Violation Turnover (P1.T7)",null,null],["0041400214",178,2,1,2,"4:17 PM","6:54","MISS Dunleavy 24' 3PT Jump Shot",null,null,null,null],["0041400214",179,4,0,2,"4:17 PM","6:53",null,null,"Shumpert REBOUND (Off:1 Def:2)",null,null],["0041400214",180,1,1,2,"4:17 PM","6:41",null,null,"Irving 16' Jump Shot (6 PTS) (James 4 AST)","35 - 37","2"],["0041400214",181,2,1,2,"4:17 PM","6:24","MISS Dunleavy 20' Jump Shot",null,null,null,null],["0041400214",182,4,0,2,"4:17 PM","6:22",null,null,"Thompson REBOUND (Off:0 Def:3)",null,null],["0041400214",183,1,1,2,"4:17 PM","6:15",null,null,"James 4' Jump Shot (13 PTS)","37 - 37","TIE"],["0041400214",185,9,1,2,"4:17 PM","6:09","BULLS Timeout: Regular (Full 2 Short 0)",null,null,null,null],["0041400214",188,2,46,2,"4:21 PM","5:51","MISS Dunleavy 7' Running Jump Shot",null,null,null,null],["0041400214",189,4,0,2,"4:21 PM","5:50","Gibson REBOUND (Off:1 Def:1)",null,null,null,null],["0041400214",190,2,72,2,"4:21 PM","5:48","MISS Gibson 2' Putback Layup",null,null,null,null],["0041400214",191,4,0,2,"4:22 PM","5:47",null,null,"Thompson REBOUND (Off:0 Def:4)",null,null],["0041400214",192,1,1,2,"4:22 PM","5:32",null,null,"Thompson 13' Jump Shot (6 PTS) (Mozgov 3 AST)","39 - 37","-2"],["0041400214",193,2,1,2,"4:22 PM","5:06","MISS Butler 19' Jump Shot",null,null,null,null],["0041400214",194,4,0,2,"4:22 PM","5:06","BULLS Rebound",null,null,null,null],["0041400214",195,5,11,2,"4:22 PM","5:06","BULLS Turnover: Shot Clock (T#4)",null,null,null,null],["0041400214",196,2,5,2,"4:23 PM","4:48",null,null,"MISS Irving 3' Layup",null,null],["0041400214",197,4,0,2,"4:23 PM","4:47","Gibson REBOUND (Off:1 Def:2)",null,null,null,null],["0041400214",198,2,1,2,"4:23 PM","4:29","MISS Noah 4' Jump Shot",null,null,null,null],["0041400214",199,4,0,2,"4:23 PM","4:28",null,null,"Thompson REBOUND (Off:0 Def:5)",null,null],["0041400214",200,1,8,2,"4:23 PM","4:16",null,null,"Thompson  Slam Dunk (8 PTS) (Irving 1 AST)","41 - 37","-4"],["0041400214",201,2,1,2,"4:24 PM","3:58","MISS Rose 25' 3PT Jump Shot",null,null,null,null],["0041400214",202,4,0,2,"4:24 PM","3:56",null,null,"James REBOUND (Off:1 Def:4)",null,null],["0041400214",203,2,1,2,"4:24 PM","3:36",null,null,"MISS Thompson 9' Jump Shot",null,null],["0041400214",204,4,0,2,"4:24 PM","3:35","Gibson REBOUND (Off:1 Def:3)",null,null,null,null],["0041400214",205,2,66,2,"4:24 PM","3:26","MISS Butler 13' Jump Bank Shot",null,null,null,null],["0041400214",206,4,0,2,"4:24 PM","3:26","BULLS Rebound",null,null,null,null],["0041400214",207,6,3,2,"4:24 PM","3:26",null,null,"Mozgov L.B.FOUL (P3.T3) (S.Foster)",null,null],["0041400214",208,8,0,2,"4:25 PM","3:26",null,null,"SUB: Jones FOR Mozgov",null,null],["0041400214",209,5,1,2,"4:25 PM","3:15","Dunleavy Bad Pass Turnover (P1.T5)",null,"Irving STEAL (1 STL)",null,null],["0041400214",210,6,1,2,"4:25 PM","3:09","Dunleavy P.FOUL (P3.PN) (T.Washington)",null,null,null,null],["0041400214",211,3,11,2,"4:25 PM","3:09",null,null,"Irving Free Throw 1 of 2 (7 PTS)","42 - 37","-5"],["0041400214",213,8,0,2,"4:26 PM","3:09","SUB: Snell FOR Dunleavy",null,null,null,null],["0041400214",214,8,0,2,"4:26 PM","3:09","SUB: Mirotic FOR Noah",null,null,null,null],["0041400214",215,3,12,2,"4:26 PM","3:09",null,null,"Irving Free Throw 2 of 2 (8 PTS)","43 - 37","-6"],["0041400214",217,2,42,2,"4:26 PM","2:46","MISS Butler 2' Driving Layup",null,null,null,null],["0041400214",218,4,0,2,"4:26 PM","2:45",null,null,"James REBOUND (Off:1 Def:5)",null,null],["0041400214",219,6,2,2,"4:27 PM","2:35","Mirotic S.FOUL (P1.PN) (S.Foster)",null,null,null,null],["0041400214",220,9,1,2,"4:27 PM","2:35",null,null,null,null,null],["0041400214",222,3,11,2,"4:30 PM","2:35",null,null,"Thompson Free Throw 1 of 2 (9 PTS)","44 - 37","-7"],["0041400214",224,3,12,2,"4:30 PM","2:35",null,null,"Thompson Free Throw 2 of 2 (10 PTS)","45 - 37","-8"],["0041400214",226,1,5,2,"4:30 PM","2:21","Snell 1' Layup (2 PTS) (Rose 3 AST)",null,null,"45 - 39","-6"],["0041400214",227,6,2,2,"4:31 PM","2:04","Mirotic S.FOUL (P2.PN) (S.Foster)",null,null,null,null],["0041400214",228,3,11,2,"4:31 PM","2:04",null,null,"Irving Free Throw 1 of 2 (9 PTS)","46 - 39","-7"],["0041400214",230,8,0,2,"4:31 PM","2:04",null,null,"SUB: Perkins FOR Thompson",null,null],["0041400214",231,3,12,2,"4:31 PM","2:04",null,null,"Irving Free Throw 2 of 2 (10 PTS)","47 - 39","-8"],["0041400214",233,6,2,2,"4:32 PM","1:50",null,null,"Shumpert S.FOUL (P1.T4) (S.Foster)",null,null],["0041400214",234,3,11,2,"4:32 PM","1:50","Rose Free Throw 1 of 2 (12 PTS)",null,null,"47 - 40","-7"],["0041400214",236,3,12,2,"4:32 PM","1:50","Rose Free Throw 2 of 2 (13 PTS)",null,null,"47 - 41","-6"],["0041400214",238,2,5,2,"4:33 PM","1:30",null,null,"MISS James 3' Layup",null,null],["0041400214",240,4,0,2,"4:33 PM","1:29",null,null,"Perkins REBOUND (Off:1 Def:0)",null,null],["0041400214",239,1,1,2,"4:33 PM","1:29",null,null,"Perkins 4' Jump Shot (2 PTS)","49 - 41","-8"],["0041400214",241,1,63,2,"4:33 PM","1:17","Rose 17' Fadeaway Jumper (15 PTS)",null,null,"49 - 43","-6"],["0041400214",242,2,1,2,"4:33 PM","0:58",null,null,"MISS Jones 24' 3PT Jump Shot",null,null],["0041400214",243,4,0,2,"4:33 PM","0:57","Snell REBOUND (Off:0 Def:1)",null,null,null,null],["0041400214",244,2,1,2,"4:33 PM","0:49","MISS Snell 26' 3PT Jump Shot",null,null,null,null],["0041400214",245,4,0,2,"4:33 PM","0:48",null,null,"Shumpert REBOUND (Off:1 Def:3)",null,null],["0041400214",246,2,5,2,"4:34 PM","0:31","Gibson BLOCK (1 BLK)",null,"MISS Irving 3' Layup",null,null],["0041400214",247,4,0,2,"4:34 PM","0:30",null,null,"James REBOUND (Off:2 Def:5)",null,null],["0041400214",248,5,2,2,"4:34 PM","0:26","Butler STEAL (3 STL)",null,"Perkins Lost Ball Turnover (P1.T8)",null,null],["0041400214",249,1,50,2,"4:34 PM","0:24","Butler  Running Dunk (11 PTS)",null,null,"49 - 45","-4"],["0041400214",250,9,2,2,"4:34 PM","0:21",null,null,"Cavaliers Timeout: Short (Reg.2 Short 1)",null,null],["0041400214",252,8,0,2,"4:35 PM","0:21","SUB: Noah FOR Gibson",null,null,null,null],["0041400214",253,8,0,2,"4:35 PM","0:21","SUB: Hinrich FOR Mirotic",null,null,null,null],["0041400214",254,8,0,2,"4:35 PM","0:21",null,null,"SUB: Smith FOR Perkins",null,null],["0041400214",255,2,1,2,"4:36 PM","0:02",null,null,"MISS James 24' 3PT Jump Shot",null,null],["0041400214",256,4,0,2,"4:36 PM","0:01","Snell REBOUND (Off:0 Def:2)",null,null,null,null],["0041400214",257,13,0,2,"4:36 PM","0:00",null,null,null,"49 - 45","-4"],["0041400214",258,12,0,3,"4:53 PM","12:00",null,null,null,"49 - 45","-4"],["0041400214",259,2,1,3,"4:53 PM","11:47","MISS Butler 19' Jump Shot",null,null,null,null],["0041400214",260,4,0,3,"4:53 PM","11:46",null,null,"Mozgov REBOUND (Off:0 Def:2)",null,null],["0041400214",261,1,1,3,"4:53 PM","11:32",null,null,"James 15' Jump Shot (15 PTS) (Irving 2 AST)","51 - 45","-6"],["0041400214",262,1,66,3,"4:54 PM","11:13","Rose 16' Jump Bank Shot (17 PTS)",null,null,"51 - 47","-4"],["0041400214",263,2,1,3,"4:54 PM","10:51",null,null,"MISS James 17' Jump Shot",null,null],["0041400214",264,10,0,3,"4:54 PM","10:50","Jump Ball Noah vs. Mozgov: Tip to Rose",null,null,null,null],["0041400214",265,4,0,3,"4:54 PM","10:50","BULLS Rebound",null,null,null,null],["0041400214",266,2,5,3,"4:54 PM","10:42","MISS Butler 2' Layup",null,null,null,null],["0041400214",268,4,0,3,"4:54 PM","10:41","Noah REBOUND (Off:4 Def:4)",null,null,null,null],["0041400214",267,2,4,3,"4:54 PM","10:41","MISS Noah 1' Tip Shot",null,null,null,null],["0041400214",269,4,0,3,"4:55 PM","10:41","BULLS Rebound",null,null,null,null],["0041400214",270,1,66,3,"4:55 PM","10:29","Rose 17' Jump Bank Shot (19 PTS)",null,null,"51 - 49","-2"],["0041400214",271,1,84,3,"4:55 PM","10:08",null,null,"Thompson 6' Running Bank Shot (12 PTS) (James 5 AST)","53 - 49","-4"],["0041400214",272,1,1,3,"4:56 PM","9:56","Dunleavy 25' 3PT Jump Shot (3 PTS) (Butler 1 AST)",null,null,"53 - 52","-1"],["0041400214",273,5,8,3,"4:56 PM","9:37",null,null,"Mozgov 3 Second Violation Turnover (P2.T9)",null,null],["0041400214",274,1,1,3,"4:56 PM","9:24","Rose 24' 3PT Jump Shot (22 PTS)",null,null,"53 - 55","2"],["0041400214",275,5,39,3,"4:57 PM","9:07",null,null,"Mozgov Step Out of Bounds Turnover (P3.T10)",null,null],["0041400214",276,2,5,3,"4:57 PM","8:52","MISS Gibson 3' Layup",null,"James BLOCK (1 BLK)",null,null],["0041400214",277,4,0,3,"4:57 PM","8:50",null,null,"Irving REBOUND (Off:0 Def:3)",null,null],["0041400214",278,1,1,3,"4:57 PM","8:43",null,null,"Irving 18' Jump Shot (12 PTS)","55 - 55","TIE"],["0041400214",279,2,5,3,"4:58 PM","8:24","MISS Dunleavy 2' Layup",null,null,null,null],["0041400214",280,4,0,3,"4:58 PM","8:24",null,null,"Mozgov REBOUND (Off:0 Def:3)",null,null],["0041400214",281,2,1,3,"4:58 PM","8:09",null,null,"MISS Irving 26' 3PT Jump Shot",null,null],["0041400214",282,4,0,3,"4:58 PM","8:08","Noah REBOUND (Off:4 Def:5)",null,null,null,null],["0041400214",283,5,1,3,"4:58 PM","7:52","Gibson Bad Pass Turnover (P1.T6)",null,"Shumpert STEAL (1 STL)",null,null],["0041400214",284,6,2,3,"4:58 PM","7:48","Butler S.FOUL (P2.T1) (T.Washington)",null,null,null,null],["0041400214",285,3,11,3,"4:58 PM","7:48",null,null,"Shumpert Free Throw 1 of 2 (4 PTS)","56 - 55","-1"],["0041400214",287,3,12,3,"4:59 PM","7:48",null,null,"Shumpert Free Throw 2 of 2 (5 PTS)","57 - 55","-2"],["0041400214",289,2,5,3,"4:59 PM","7:33","MISS Noah 2' Layup",null,null,null,null],["0041400214",290,4,0,3,"4:59 PM","7:32",null,null,"Mozgov REBOUND (Off:0 Def:4)",null,null],["0041400214",291,2,1,3,"4:59 PM","7:21",null,null,"MISS Shumpert 25' 3PT Jump Shot",null,null],["0041400214",292,4,0,3,"4:59 PM","7:20","Butler REBOUND (Off:0 Def:2)",null,null,null,null],["0041400214",293,2,1,3,"5:00 PM","7:09","MISS Butler 18' Jump Shot",null,null,null,null],["0041400214",294,4,0,3,"5:00 PM","7:08",null,null,"James REBOUND (Off:2 Def:6)",null,null],["0041400214",295,2,1,3,"5:00 PM","6:52",null,null,"MISS James 25' 3PT Jump Shot",null,null],["0041400214",296,4,0,3,"5:00 PM","6:50","Noah REBOUND (Off:4 Def:6)",null,null,null,null],["0041400214",297,6,1,3,"5:00 PM","6:44",null,null,"James P.FOUL (P1.T1) (J.Phillips)",null,null],["0041400214",298,6,4,3,"5:01 PM","6:41","Dunleavy OFF.Foul (P4) (S.Foster)",null,null,null,null],["0041400214",299,5,5,3,"5:01 PM","6:41","Dunleavy Foul Turnover (P2.T7)",null,null,null,null],["0041400214",303,2,1,3,"5:01 PM","6:24",null,null,"MISS James 26' 3PT Jump Shot",null,null],["0041400214",300,4,0,3,"5:01 PM","6:21",null,null,"Thompson REBOUND (Off:1 Def:5)",null,null],["0041400214",301,2,1,3,"5:01 PM","6:15",null,null,"MISS Shumpert 28' 3PT Jump Shot",null,null],["0041400214",302,4,0,3,"5:01 PM","6:13","Noah REBOUND (Off:4 Def:7)",null,null,null,null],["0041400214",304,2,41,3,"5:01 PM","5:59","MISS Noah 2' Running Layup",null,null,null,null],["0041400214",306,4,0,3,"5:01 PM","5:58","Gibson REBOUND (Off:2 Def:3)",null,null,null,null],["0041400214",305,1,8,3,"5:01 PM","5:58","Gibson  Slam Dunk (4 PTS)",null,null,"57 - 57","TIE"],["0041400214",307,9,1,3,"5:02 PM","5:58",null,null,"Cavaliers Timeout: Regular (Reg.3 Short 1)",null,null],["0041400214",309,8,0,3,"5:04 PM","5:58","SUB: Snell FOR Dunleavy",null,null,null,null],["0041400214",311,2,63,3,"5:06 PM","5:38",null,null,"MISS James 8' Fadeaway Jumper",null,null],["0041400214",312,4,0,3,"5:06 PM","5:37","Noah REBOUND (Off:4 Def:8)",null,null,null,null],["0041400214",313,1,90,3,"5:06 PM","5:21","Noah  Running Slam Dunk (8 PTS) (Snell 1 AST)",null,null,"57 - 59","2"],["0041400214",314,2,1,3,"5:06 PM","5:01",null,null,"MISS James 22' Jump Shot",null,null],["0041400214",315,4,0,3,"5:06 PM","5:00","Snell REBOUND (Off:0 Def:3)",null,null,null,null],["0041400214",316,6,2,3,"5:06 PM","4:53",null,null,"Thompson S.FOUL (P3.T2) (S.Foster)",null,null],["0041400214",317,3,11,3,"5:07 PM","4:53","Rose Free Throw 1 of 2 (23 PTS)",null,null,"57 - 60","3"],["0041400214",319,8,0,3,"5:07 PM","4:53",null,null,"SUB: Dellavedova FOR Irving",null,null],["0041400214",320,8,0,3,"5:07 PM","4:53",null,null,"SUB: Smith FOR Shumpert",null,null],["0041400214",321,3,12,3,"5:07 PM","4:53","Rose Free Throw 2 of 2 (24 PTS)",null,null,"57 - 61","4"],["0041400214",323,2,1,3,"5:08 PM","4:33",null,null,"MISS Smith 19' Jump Shot",null,null],["0041400214",324,4,0,3,"5:08 PM","4:33","BULLS Rebound",null,null,null,null],["0041400214",325,1,1,3,"5:08 PM","4:09","Butler 12' Jump Shot (13 PTS)",null,null,"57 - 63","6"],["0041400214",326,2,1,3,"5:08 PM","3:50",null,null,"MISS Smith 21' Jump Shot",null,null],["0041400214",327,4,0,3,"5:08 PM","3:49","Noah REBOUND (Off:4 Def:9)",null,null,null,null],["0041400214",328,2,1,3,"5:09 PM","3:38","MISS Rose 21' Jump Shot",null,null,null,null],["0041400214",329,4,0,3,"5:09 PM","3:37",null,null,"James REBOUND (Off:2 Def:7)",null,null],["0041400214",330,6,26,3,"5:09 PM","3:36",null,null,"James Offensive Charge Foul (P2.T3) (S.Foster)",null,null],["0041400214",331,5,5,3,"5:09 PM","3:36",null,null,"James Foul Turnover (P5.T11)",null,null],["0041400214",332,9,1,3,"5:09 PM","3:36",null,null,"Cavaliers Timeout: Regular (Reg.4 Short 1)",null,null],["0041400214",333,2,41,3,"5:13 PM","3:16","MISS Noah 2' Running Layup",null,null,null,null],["0041400214",334,4,0,3,"5:13 PM","3:15",null,null,"Smith REBOUND (Off:0 Def:2)",null,null],["0041400214",335,2,5,3,"5:14 PM","3:08",null,null,"MISS James 2' Layup",null,null],["0041400214",336,4,0,3,"5:14 PM","3:07","Butler REBOUND (Off:0 Def:3)",null,null,null,null],["0041400214",337,2,1,3,"5:14 PM","2:51","MISS Rose 24' 3PT Jump Shot",null,null,null,null],["0041400214",338,4,0,3,"5:14 PM","2:50",null,null,"Smith REBOUND (Off:0 Def:3)",null,null],["0041400214",339,2,1,3,"5:14 PM","2:30",null,null,"MISS James 26' 3PT Jump Shot",null,null],["0041400214",340,4,0,3,"5:14 PM","2:28","Snell REBOUND (Off:0 Def:4)",null,null,null,null],["0041400214",341,2,1,3,"5:15 PM","2:12","MISS Snell 16' Jump Shot",null,null,null,null],["0041400214",342,4,0,3,"5:15 PM","2:11",null,null,"James REBOUND (Off:2 Def:8)",null,null],["0041400214",343,2,1,3,"5:15 PM","2:03",null,null,"MISS Dellavedova 27' 3PT Jump Shot",null,null],["0041400214",344,4,0,3,"5:15 PM","2:03","BULLS Rebound",null,null,null,null],["0041400214",345,8,0,3,"5:15 PM","2:03",null,null,"SUB: Irving FOR Mozgov",null,null],["0041400214",346,2,66,3,"5:15 PM","1:39","MISS Rose 14' Jump Bank Shot",null,null,null,null],["0041400214",347,4,0,3,"5:15 PM","1:38",null,null,"Dellavedova REBOUND (Off:0 Def:2)",null,null],["0041400214",348,2,1,3,"5:16 PM","1:33",null,null,"MISS Smith 25' 3PT Jump Shot",null,null],["0041400214",349,4,0,3,"5:16 PM","1:33","BULLS Rebound",null,null,null,null],["0041400214",350,8,0,3,"5:16 PM","1:33","SUB: Mirotic FOR Noah",null,null,null,null],["0041400214",351,8,0,3,"5:16 PM","1:33","SUB: Brooks FOR Rose",null,null,null,null],["0041400214",353,6,2,3,"5:17 PM","1:16",null,null,"Thompson S.FOUL (P4.T4) (J.Phillips)",null,null],["0041400214",354,18,0,3,"5:17 PM","1:16",null,null,null,null,null],["0041400214",361,8,0,3,"5:18 PM","1:16",null,null,"SUB: Mozgov FOR Thompson",null,null],["0041400214",355,3,11,3,"5:18 PM","1:16","Gibson Free Throw 1 of 2 (5 PTS)",null,null,"57 - 64","7"],["0041400214",357,3,12,3,"5:18 PM","1:16","Gibson Free Throw 2 of 2 (6 PTS)",null,null,"57 - 65","8"],["0041400214",359,2,1,3,"5:19 PM","1:03",null,null,"MISS Smith 26' 3PT Jump Shot",null,null],["0041400214",360,4,0,3,"5:19 PM","1:02","Gibson REBOUND (Off:2 Def:4)",null,null,null,null],["0041400214",362,1,1,3,"5:19 PM","0:42","Snell 25' 3PT Jump Shot (5 PTS) (Gibson 2 AST)",null,null,"57 - 68","11"],["0041400214",363,1,41,3,"5:20 PM","0:36",null,null,"James 2' Running Layup (17 PTS)","59 - 68","9"],["0041400214",364,2,1,3,"5:20 PM","0:13","MISS Mirotic 25' 3PT Jump Shot",null,null,null,null],["0041400214",365,4,0,3,"5:20 PM","0:12",null,null,"James REBOUND (Off:2 Def:9)",null,null],["0041400214",366,6,1,3,"5:20 PM","0:06","Butler P.FOUL (P3.T2) (S.Foster)",null,null,null,null],["0041400214",367,8,0,3,"5:21 PM","0:06","SUB: Hinrich FOR Gibson",null,null,null,null],["0041400214",368,1,5,3,"5:21 PM","0:01",null,null,"Mozgov 2' Layup (9 PTS) (James 6 AST)","61 - 68","7"],["0041400214",369,13,0,3,"5:21 PM","0:00",null,null,null,"61 - 68","7"],["0041400214",371,12,0,4,"5:25 PM","12:00",null,null,null,"61 - 68","7"],["0041400214",372,2,1,4,"5:25 PM","11:35",null,null,"MISS James 13' Jump Shot",null,null],["0041400214",373,4,0,4,"5:25 PM","11:34","Butler REBOUND (Off:0 Def:4)",null,null,null,null],["0041400214",374,5,11,4,"5:26 PM","11:10","BULLS Turnover: Shot Clock (T#8)",null,null,null,null],["0041400214",375,8,0,4,"5:26 PM","11:10","SUB: Rose FOR Brooks",null,null,null,null],["0041400214",376,5,4,4,"5:26 PM","10:56",null,null,"James Traveling Turnover (P6.T12)",null,null],["0041400214",377,2,5,4,"5:27 PM","10:43","MISS Noah 3' Layup",null,null,null,null],["0041400214",378,4,0,4,"5:27 PM","10:41",null,null,"James REBOUND (Off:2 Def:10)",null,null],["0041400214",379,1,63,4,"5:27 PM","10:21",null,null,"Smith 19' Fadeaway Jumper (4 PTS)","63 - 68","5"],["0041400214",380,5,2,4,"5:27 PM","9:58","Mirotic Lost Ball Turnover (P1.T9)",null,"James STEAL (1 STL)",null,null],["0041400214",381,6,2,4,"5:28 PM","9:46","Mirotic S.FOUL (P3.T1) (S.Foster)",null,null,null,null],["0041400214",382,3,11,4,"5:28 PM","9:46",null,null,"Mozgov Free Throw 1 of 2 (10 PTS)","64 - 68","4"],["0041400214",384,8,0,4,"5:28 PM","9:46","SUB: Dunleavy FOR Mirotic",null,null,null,null],["0041400214",385,8,0,4,"5:28 PM","9:46",null,null,"SUB: Shumpert FOR James",null,null],["0041400214",386,3,12,4,"5:28 PM","9:46",null,null,"Mozgov Free Throw 2 of 2 (11 PTS)","65 - 68","3"],["0041400214",388,6,1,4,"5:29 PM","9:39",null,null,"Dellavedova P.FOUL (P1.T1) (T.Washington)",null,null],["0041400214",389,2,1,4,"5:29 PM","9:25","MISS Snell 22' Jump Shot",null,"Mozgov BLOCK (2 BLK)",null,null],["0041400214",390,4,0,4,"5:29 PM","9:23","Noah REBOUND (Off:5 Def:9)",null,null,null,null],["0041400214",391,5,11,4,"5:30 PM","9:21","BULLS Turnover: Shot Clock (T#10)",null,null,null,null],["0041400214",392,1,1,4,"5:31 PM","9:09",null,null,"Smith 26' 3PT Jump Shot (7 PTS) (Dellavedova 2 AST)","68 - 68","TIE"],["0041400214",393,2,5,4,"5:31 PM","8:54","MISS Rose 1' Layup",null,null,null,null],["0041400214",394,4,0,4,"5:31 PM","8:54","BULLS Rebound",null,null,null,null],["0041400214",395,6,3,4,"5:31 PM","8:54",null,null,"Dellavedova L.B.FOUL (P2.T2) (J.Phillips)",null,null],["0041400214",396,9,1,4,"5:31 PM","8:54",null,null,null,null,null],["0041400214",398,2,5,4,"5:34 PM","8:39","MISS Butler 2' Layup",null,null,null,null],["0041400214",399,4,0,4,"5:34 PM","8:37","Butler REBOUND (Off:1 Def:4)",null,null,null,null],["0041400214",400,2,1,4,"5:35 PM","8:28","MISS Rose 15' Jump Shot",null,null,null,null],["0041400214",401,4,0,4,"5:35 PM","8:27",null,null,"Irving REBOUND (Off:0 Def:4)",null,null],["0041400214",402,5,1,4,"5:35 PM","8:16","Dunleavy STEAL (2 STL)",null,"Dellavedova Bad Pass Turnover (P1.T13)",null,null],["0041400214",403,1,7,4,"5:35 PM","8:11","Snell  Dunk (7 PTS) (Butler 2 AST)",null,null,"68 - 70","2"],["0041400214",404,2,1,4,"5:35 PM","7:51",null,null,"MISS Dellavedova 25' 3PT Jump Shot",null,null],["0041400214",405,4,0,4,"5:35 PM","7:49","Dunleavy REBOUND (Off:1 Def:1)",null,null,null,null],["0041400214",406,2,1,4,"5:35 PM","7:36","MISS Rose 8' Jump Shot",null,"Mozgov BLOCK (3 BLK)",null,null],["0041400214",407,4,0,4,"5:35 PM","7:34",null,null,"Mozgov REBOUND (Off:0 Def:5)",null,null],["0041400214",408,6,1,4,"5:36 PM","7:30","Dunleavy P.FOUL (P5.T2) (T.Washington)",null,null,null,null],["0041400214",409,8,0,4,"5:36 PM","7:30",null,null,"SUB: James FOR Dellavedova",null,null],["0041400214",410,8,0,4,"5:36 PM","7:30","SUB: Gibson FOR Noah",null,null,null,null],["0041400214",411,1,1,4,"5:36 PM","7:22",null,null,"Smith 26' 3PT Jump Shot (10 PTS) (James 7 AST)","71 - 70","-1"],["0041400214",412,2,1,4,"5:37 PM","6:57","MISS Butler 26' 3PT Jump Shot",null,null,null,null],["0041400214",413,4,0,4,"5:37 PM","6:56",null,null,"James REBOUND (Off:2 Def:11)",null,null],["0041400214",414,1,41,4,"5:37 PM","6:40",null,null,"James 3' Running Layup (19 PTS)","73 - 70","-3"],["0041400214",415,9,1,4,"5:37 PM","6:39","BULLS Timeout: Regular (Full 3 Short 0)",null,null,null,null],["0041400214",419,1,1,4,"5:41 PM","6:21","Butler 24' 3PT Jump Shot (16 PTS) (Rose 4 AST)",null,null,"73 - 73","TIE"],["0041400214",420,1,1,4,"5:41 PM","6:05",null,null,"Smith 27' 3PT Jump Shot (13 PTS) (James 8 AST)","76 - 73","-3"],["0041400214",421,2,1,4,"5:41 PM","5:39","MISS Snell 26' 3PT Jump Shot",null,null,null,null],["0041400214",422,4,0,4,"5:41 PM","5:38",null,null,"James REBOUND (Off:2 Def:12)",null,null],["0041400214",423,2,1,4,"5:42 PM","5:16",null,null,"MISS Shumpert 25' 3PT Jump Shot",null,null],["0041400214",424,4,0,4,"5:42 PM","5:15","Gibson REBOUND (Off:2 Def:5)",null,null,null,null],["0041400214",425,2,5,4,"5:42 PM","5:01","MISS Butler 3' Layup",null,"James BLOCK (2 BLK)",null,null],["0041400214",426,4,0,4,"5:42 PM","4:59",null,null,"Mozgov REBOUND (Off:0 Def:6)",null,null],["0041400214",427,6,2,4,"5:42 PM","4:43","Gibson S.FOUL (P3.T3) (J.Phillips)",null,null,null,null],["0041400214",428,3,11,4,"5:42 PM","4:43",null,null,"Mozgov Free Throw 1 of 2 (12 PTS)","77 - 73","-4"],["0041400214",430,3,12,4,"5:43 PM","4:43",null,null,"Mozgov Free Throw 2 of 2 (13 PTS)","78 - 73","-5"],["0041400214",432,2,1,4,"5:43 PM","4:26","MISS Rose 21' Jump Shot",null,null,null,null],["0041400214",433,4,0,4,"5:43 PM","4:25",null,null,"Mozgov REBOUND (Off:0 Def:7)",null,null],["0041400214",434,2,46,4,"5:44 PM","4:08",null,null,"MISS Shumpert 11' Running Jump Shot",null,null],["0041400214",435,4,0,4,"5:44 PM","4:06",null,null,"Mozgov REBOUND (Off:1 Def:7)",null,null],["0041400214",436,1,5,4,"5:44 PM","4:04",null,null,"Mozgov 1' Layup (15 PTS)","80 - 73","-7"],["0041400214",437,9,1,4,"5:44 PM","4:03","BULLS Timeout: Regular (Full 4 Short 0)",null,null,null,null],["0041400214",439,8,0,4,"5:46 PM","4:03","SUB: Mirotic FOR Snell",null,null,null,null],["0041400214",441,6,4,4,"5:48 PM","3:57","Mirotic OFF.Foul (P4) (J.Phillips)",null,null,null,null],["0041400214",442,5,5,4,"5:48 PM","3:57","Mirotic Foul Turnover (P2.T11)",null,null,null,null],["0041400214",443,6,11,4,"5:48 PM","3:57",null,null,"Smith T.FOUL (P0.T2) (J.Phillips)",null,null],["0041400214",444,3,16,4,"5:48 PM","3:57","Dunleavy Free Throw Technical (4 PTS)",null,null,"80 - 74","-6"],["0041400214",446,2,1,4,"5:48 PM","3:39","Butler BLOCK (1 BLK)",null,"MISS James 11' Jump Shot",null,null],["0041400214",447,4,0,4,"5:48 PM","3:39",null,null,"Cavaliers Rebound",null,null],["0041400214",448,2,63,4,"5:49 PM","3:33",null,null,"MISS James 14' Fadeaway Jumper",null,null],["0041400214",449,4,0,4,"5:49 PM","3:32","Mirotic REBOUND (Off:0 Def:3)",null,null,null,null],["0041400214",450,2,1,4,"5:49 PM","3:22","MISS Mirotic 15' Jump Shot",null,null,null,null],["0041400214",451,4,0,4,"5:49 PM","3:21","Gibson REBOUND (Off:3 Def:5)",null,null,null,null],["0041400214",452,6,1,4,"5:49 PM","3:21",null,null,"Mozgov P.FOUL (P4.T3) (S.Foster)",null,null],["0041400214",453,8,0,4,"5:49 PM","3:21","SUB: Noah FOR Gibson",null,null,null,null],["0041400214",454,5,1,4,"5:50 PM","3:16","Rose Bad Pass Turnover (P2.T12)",null,"Irving STEAL (2 STL)",null,null],["0041400214",455,2,5,4,"5:50 PM","2:57","Mirotic BLOCK (2 BLK)",null,"MISS Mozgov 2' Layup",null,null],["0041400214",456,4,0,4,"5:50 PM","2:56","Rose REBOUND (Off:0 Def:2)",null,null,null,null],["0041400214",457,2,5,4,"5:50 PM","2:51","MISS Butler 2' Layup",null,null,null,null],["0041400214",459,4,0,4,"5:50 PM","2:49","Noah REBOUND (Off:6 Def:9)",null,null,null,null],["0041400214",458,2,4,4,"5:50 PM","2:49","MISS Noah 2' Tip Shot",null,null,null,null],["0041400214",460,4,0,4,"5:50 PM","2:48",null,null,"Mozgov REBOUND (Off:1 Def:8)",null,null],["0041400214",461,6,1,4,"5:50 PM","2:31","Noah P.FOUL (P2.T4) (J.Phillips)",null,null,null,null],["0041400214",462,2,1,4,"5:51 PM","2:16",null,null,"MISS James 30' 3PT Jump Shot",null,null],["0041400214",463,4,0,4,"5:51 PM","2:16","BULLS Rebound",null,null,null,null],["0041400214",464,1,1,4,"5:51 PM","2:01","Rose 25' 3PT Jump Shot (27 PTS) (Dunleavy 1 AST)",null,null,"80 - 77","-3"],["0041400214",465,1,77,4,"5:52 PM","1:42",null,null,"James 4' Driving Jump Shot (21 PTS)","82 - 77","-5"],["0041400214",466,6,2,4,"5:52 PM","1:32",null,null,"Mozgov S.FOUL (P5.T4) (S.Foster)",null,null],["0041400214",467,3,11,4,"5:52 PM","1:32","Rose Free Throw 1 of 2 (28 PTS)",null,null,"82 - 78","-4"],["0041400214",470,8,0,4,"5:53 PM","1:32","SUB: Hinrich FOR Mirotic",null,null,null,null],["0041400214",471,3,12,4,"5:53 PM","1:32","Rose Free Throw 2 of 2 (29 PTS)",null,null,"82 - 79","-3"],["0041400214",476,6,4,4,"5:55 PM","1:13",null,null,"James OFF.Foul (P3) (S.Foster)",null,null],["0041400214",477,5,5,4,"5:55 PM","1:13",null,null,"James Foul Turnover (P7.T14)",null,null],["0041400214",478,9,1,4,"5:55 PM","1:13","BULLS Timeout: Regular (Full 5 Short 0)",null,null,null,null],["0041400214",479,8,0,4,"5:55 PM","1:13","SUB: Mirotic FOR Hinrich",null,null,null,null],["0041400214",480,8,0,4,"5:56 PM","1:13",null,null,"SUB: Thompson FOR Mozgov",null,null],["0041400214",481,8,0,4,"5:56 PM","1:13",null,null,"SUB: Dellavedova FOR Irving",null,null],["0041400214",482,2,1,4,"5:56 PM","1:02","MISS Rose 25' 3PT Jump Shot",null,null,null,null],["0041400214",483,4,0,4,"5:56 PM","1:01",null,null,"Thompson REBOUND (Off:1 Def:6)",null,null],["0041400214",484,6,2,4,"5:56 PM","0:41","Butler S.FOUL (P4.PN) (S.Foster)",null,null,null,null],["0041400214",485,3,11,4,"5:56 PM","0:41",null,null,"James Free Throw 1 of 2 (22 PTS)","83 - 79","-4"],["0041400214",487,3,12,4,"5:57 PM","0:41",null,null,"James Free Throw 2 of 2 (23 PTS)","84 - 79","-5"],["0041400214",489,9,2,4,"5:57 PM","0:41","BULLS Timeout: Short (Full 5 Short 1)",null,null,null,null],["0041400214",491,1,1,4,"5:58 PM","0:27","Butler 24' 3PT Jump Shot (19 PTS)",null,null,"84 - 82","-2"],["0041400214",492,9,1,4,"5:58 PM","0:21",null,null,"Cavaliers Timeout: Regular (Reg.5 Short 1)",null,null],["0041400214",494,8,0,4,"6:00 PM","0:21",null,null,"SUB: Irving FOR Thompson",null,null],["0041400214",495,8,0,4,"6:00 PM","0:21",null,null,"SUB: Jones FOR Shumpert",null,null],["0041400214",496,9,2,4,"6:01 PM","0:18",null,null,"Cavaliers Timeout: Short (Reg.5 Short 2)",null,null],["0041400214",497,9,2,4,"6:02 PM","0:18",null,null,"Cavaliers Timeout: Short (Reg.5 Short 3)",null,null],["0041400214",498,6,4,4,"6:03 PM","0:14",null,null,"James OFF.Foul (P4) (J.Phillips)",null,null],["0041400214",499,5,5,4,"6:03 PM","0:14",null,null,"James Foul Turnover (P8.T15)",null,null],["0041400214",500,8,0,4,"6:04 PM","0:14",null,null,"SUB: Thompson FOR Irving",null,null],["0041400214",501,8,0,4,"6:04 PM","0:14",null,null,"SUB: Shumpert FOR Jones",null,null],["0041400214",502,1,42,4,"6:04 PM","0:09","Rose 2' Driving Layup (31 PTS)",null,null,"84 - 84","TIE"],["0041400214",503,2,5,4,"6:04 PM","0:01","Mirotic BLOCK (3 BLK)",null,"MISS James 3' Layup",null,null],["0041400214",504,4,0,4,"6:04 PM","0:01",null,null,"Cavaliers Rebound",null,null],["0041400214",505,8,0,4,"6:04 PM","0:01","SUB: Snell FOR Mirotic",null,null,null,null],["0041400214",507,8,0,4,"6:04 PM","0:01",null,null,"SUB: Irving FOR Shumpert",null,null],["0041400214",506,1,1,4,"6:07 PM","0:00",null,null,"James 21' Jump Shot (25 PTS) (Dellavedova 3 AST)","86 - 84","-2"],["0041400214",508,13,0,4,"6:08 PM","0:00",null,null,null,"86 - 84","-2"]]},{"name":"AvailableVideo","headers":["VIDEO_AVAILABLE_FLAG"],"rowSet":[[1]]}]}