{"resource":"playbyplay","parameters":{"GameID":"0041400404","StartPeriod":0,"EndPeriod":14},"resultSets":[{"name":"PlayByPlay","headers":["GAME_ID","EVENTNUM","EVENTMSGTYPE","EVENTMSGACTIONTYPE","PERIOD","WCTIMESTRING","PCTIMESTRING","HOMEDESCRIPTION","NEUTRALDESCRIPTION","VISITORDESCRIPTION","SCORE","SCOREMARGIN"],"rowSet":[["0041400404",0,12,0,1,"9:10 PM","12:00",null,null,null,null,null],["0041400404",1,10,0,1,"9:10 PM","12:00","Jump Ball Mozgov vs. Green: Tip to Thompson",null,null,null,null],["0041400404",2,2,63,1,"9:11 PM","11:39","MISS James 9' Fadeaway Jumper",null,null,null,null],["0041400404",4,4,0,1,"9:11 PM","11:37","Thompson REBOUND (Off:1 Def:0)",null,null,null,null],["0041400404",3,1,4,1,"9:11 PM","11:37","Thompson 1' Tip Shot (2 PTS)",null,null,"0 - 2","2"],["0041400404",5,2,1,1,"9:11 PM","11:21",null,null,"MISS Curry 13' Jump Shot",null,null],["0041400404",6,4,0,1,"9:11 PM","11:20","Thompson REBOUND (Off:1 Def:1)",null,null,null,null],["0041400404",7,2,65,1,"9:11 PM","10:59","MISS Mozgov 6' Jump Hook Shot",null,null,null,null],["0041400404",8,4,0,1,"9:11 PM","10:58","Thompson REBOUND (Off:2 Def:1)",null,null,null,null],["0041400404",9,10,0,1,"9:12 PM","10:57","Jump Ball Thompson vs. Thompson: Tip to James",null,null,null,null],["0041400404",11,2,46,1,"9:12 PM","10:35","MISS James 11' Running Jump Shot",null,null,null,null],["0041400404",12,4,0,1,"9:12 PM","10:33",null,null,"Green REBOUND (Off:0 Def:1)",null,null],["0041400404",13,2,1,1,"9:12 PM","10:23",null,null,"MISS Barnes 24' 3PT Jump Shot",null,null],["0041400404",14,4,0,1,"9:12 PM","10:22","Shumpert REBOUND (Off:0 Def:1)",null,null,null,null],["0041400404",15,1,8,1,"9:13 PM","10:15","Mozgov  Slam Dunk (2 PTS) (James 1 AST)",null,null,"0 - 4","4"],["0041400404",16,2,1,1,"9:13 PM","10:00",null,null,"MISS Iguodala 24' 3PT Jump Shot",null,null],["0041400404",17,4,0,1,"9:13 PM","9:59","Shumpert REBOUND (Off:0 Def:2)",null,null,null,null],["0041400404",18,1,1,1,"9:13 PM","9:51","Shumpert 25' 3PT Jump Shot (3 PTS) (Dellavedova 1 AST)",null,null,"0 - 7","7"],["0041400404",19,9,1,1,"9:13 PM","9:43",null,null,"Warriors Timeout: Regular (Reg.1 Short 0)",null,null],["0041400404",23,1,80,1,"9:17 PM","9:36",null,null,"Curry 27' 3PT Step Back Jump Shot (3 PTS)","3 - 7","4"],["0041400404",24,5,39,1,"9:17 PM","9:16","James Step Out of Bounds Turnover (P1.T1)",null,null,null,null],["0041400404",25,1,1,1,"9:17 PM","9:05",null,null,"Iguodala 17' Jump Shot (2 PTS) (Curry 1 AST)","5 - 7","2"],["0041400404",26,1,66,1,"9:18 PM","8:42","Dellavedova 6' Jump Bank Shot (2 PTS)",null,null,"5 - 9","4"],["0041400404",27,1,78,1,"9:18 PM","8:28",null,null,"Green 7' Floating Jump Shot (2 PTS) (Curry 2 AST)","7 - 9","2"],["0041400404",28,1,1,1,"9:18 PM","8:12","James 25' 3PT Jump Shot (3 PTS)",null,null,"7 - 12","5"],["0041400404",29,2,1,1,"9:18 PM","8:03",null,null,"MISS Curry 20' Jump Shot",null,null],["0041400404",30,4,0,1,"9:18 PM","8:02","Thompson REBOUND (Off:2 Def:2)",null,null,null,null],["0041400404",31,1,42,1,"9:19 PM","7:51","James 1' Driving Layup (5 PTS)",null,null,"7 - 14","7"],["0041400404",32,1,88,1,"9:19 PM","7:45",null,null,"Iguodala  Driving Slam Dunk (4 PTS) (Green 1 AST)","9 - 14","5"],["0041400404",33,1,1,1,"9:19 PM","7:28","Mozgov 17' Jump Shot (4 PTS) (Dellavedova 2 AST)",null,null,"9 - 16","7"],["0041400404",34,1,1,1,"9:19 PM","7:16",null,null,"Barnes 24' 3PT Jump Shot (3 PTS) (Green 2 AST)","12 - 16","4"],["0041400404",35,5,2,1,"9:19 PM","6:59","Mozgov Lost Ball Turnover (P1.T2)",null,null,null,null],["0041400404",36,7,5,1,"9:20 PM","6:59","Mozgov Violation:Kicked Ball (J.Crawford)",null,null,null,null],["0041400404",37,8,0,1,"9:20 PM","6:59","SUB: Smith FOR Dellavedova",null,null,null,null],["0041400404",38,2,1,1,"9:20 PM","6:41",null,null,"MISS Barnes 24' 3PT Jump Shot",null,null],["0041400404",39,4,0,1,"9:20 PM","6:40","James REBOUND (Off:0 Def:1)",null,null,null,null],["0041400404",40,2,1,1,"9:20 PM","6:33","MISS Smith 26' 3PT Jump Shot",null,null,null,null],["0041400404",41,4,0,1,"9:20 PM","6:33","CAVALIERS Rebound",null,null,null,null],["0041400404",42,6,3,1,"9:20 PM","6:33",null,null,"Barnes L.B.FOUL (P1.T1) (M.Callahan)",null,null],["0041400404",43,2,1,1,"9:21 PM","6:15","MISS Shumpert 25' 3PT Jump Shot",null,null,null,null],["0041400404",44,4,0,1,"9:21 PM","6:14",null,null,"Barnes REBOUND (Off:0 Def:1)",null,null],["0041400404",45,2,1,1,"9:21 PM","6:06",null,null,"MISS Green 25' 3PT Jump Shot",null,null],["0041400404",46,4,0,1,"9:21 PM","6:05","Mozgov REBOUND (Off:0 Def:1)",null,null,null,null],["0041400404",47,2,84,1,"9:21 PM","5:54","MISS Mozgov 9' Running Bank Shot",null,null,null,null],["0041400404",48,4,0,1,"9:21 PM","5:52",null,null,"Barnes REBOUND (Off:0 Def:2)",null,null],["0041400404",49,6,1,1,"9:22 PM","5:44","Shumpert P.FOUL (P1.T1) (J.Crawford)",null,null,null,null],["0041400404",50,2,1,1,"9:22 PM","5:39",null,null,"MISS Thompson 27' 3PT Jump Shot",null,null],["0041400404",51,4,0,1,"9:22 PM","5:38",null,null,"Barnes REBOUND (Off:1 Def:2)",null,null],["0041400404",52,1,1,1,"9:22 PM","5:33",null,null,"Curry 26' 3PT Jump Shot (6 PTS) (Green 3 AST)","15 - 16","1"],["0041400404",53,1,88,1,"9:22 PM","5:12","Mozgov  Driving Slam Dunk (6 PTS) (Smith 1 AST)",null,null,"15 - 18","3"],["0041400404",54,2,1,1,"9:23 PM","4:53",null,null,"MISS Iguodala 25' 3PT Jump Shot",null,null],["0041400404",56,4,0,1,"9:23 PM","4:52",null,null,"Barnes REBOUND (Off:2 Def:2)",null,null],["0041400404",55,1,87,1,"9:23 PM","4:52",null,null,"Barnes  Putback Dunk (5 PTS)","17 - 18","1"],["0041400404",58,1,5,1,"9:23 PM","4:37","Thompson 1' Layup (4 PTS) (Mozgov 1 AST)",null,null,"17 - 20","3"],["0041400404",59,1,1,1,"9:23 PM","4:29",null,null,"Green 4' Jump Shot (4 PTS) (Curry 3 AST)","19 - 20","1"],["0041400404",60,6,2,1,"9:23 PM","4:29","Mozgov S.FOUL (P1.T2) (K.Mauer)",null,null,null,null],["0041400404",61,3,10,1,"9:24 PM","4:29",null,null,"Green Free Throw 1 of 1 (5 PTS)","20 - 20","TIE"],["0041400404",63,2,46,1,"9:24 PM","4:13","MISS Smith 12' Running Jump Shot",null,null,null,null],["0041400404",64,4,0,1,"9:24 PM","4:10",null,null,"Green REBOUND (Off:0 Def:2)",null,null],["0041400404",65,1,84,1,"9:24 PM","4:03",null,null,"Thompson 7' Running Bank Shot (2 PTS)","22 - 20","-2"],["0041400404",66,9,1,1,"9:24 PM","3:57","CAVALIERS Timeout: Regular (Full 1 Short 0)",null,null,null,null],["0041400404",68,8,0,1,"9:28 PM","3:57","SUB: Jones FOR Mozgov",null,null,null,null],["0041400404",69,8,0,1,"9:28 PM","3:57","SUB: Dellavedova FOR Shumpert",null,null,null,null],["0041400404",70,8,0,1,"9:28 PM","3:57",null,null,"SUB: Lee FOR Green",null,null],["0041400404",71,2,1,1,"9:29 PM","3:37","MISS Dellavedova 25' 3PT Jump Shot",null,null,null,null],["0041400404",72,4,0,1,"9:29 PM","3:36",null,null,"Thompson REBOUND (Off:0 Def:1)",null,null],["0041400404",73,2,1,1,"9:29 PM","3:26",null,null,"MISS Lee 7' Jump Shot",null,null],["0041400404",75,4,0,1,"9:29 PM","3:25",null,null,"Barnes REBOUND (Off:3 Def:2)",null,null],["0041400404",74,2,1,1,"9:29 PM","3:25",null,null,"MISS Barnes 6' Jump Shot",null,null],["0041400404",76,4,0,1,"9:29 PM","3:22",null,null,"Iguodala REBOUND (Off:1 Def:0)",null,null],["0041400404",77,6,1,1,"9:29 PM","3:22","Dellavedova P.FOUL (P1.T3) (J.Crawford)",null,null,null,null],["0041400404",79,6,2,1,"9:30 PM","3:12","Smith S.FOUL (P1.T4) (J.Crawford)",null,null,null,null],["0041400404",80,3,11,1,"9:30 PM","3:12",null,null,"Lee Free Throw 1 of 2 (1 PTS)","23 - 20","-3"],["0041400404",82,3,12,1,"9:30 PM","3:12",null,null,"Lee Free Throw 2 of 2 (2 PTS)","24 - 20","-4"],["0041400404",84,6,1,1,"9:30 PM","3:05",null,null,"Curry P.FOUL (P1.T2) (M.Callahan)",null,null],["0041400404",85,2,80,1,"9:31 PM","2:48","MISS Dellavedova 15' Step Back Jump Shot",null,null,null,null],["0041400404",87,4,0,1,"9:31 PM","2:46","Smith REBOUND (Off:1 Def:0)",null,null,null,null],["0041400404",86,1,5,1,"9:31 PM","2:46","Smith 1' Layup (2 PTS)",null,null,"24 - 22","-2"],["0041400404",88,2,1,1,"9:31 PM","2:38",null,null,"MISS Thompson 26' 3PT Jump Shot",null,null],["0041400404",89,4,0,1,"9:31 PM","2:37","James REBOUND (Off:0 Def:2)",null,null,null,null],["0041400404",91,8,0,1,"9:32 PM","2:17",null,null,"SUB: Livingston FOR Thompson",null,null],["0041400404",92,2,1,1,"9:32 PM","2:13","MISS Jones 15' Jump Shot",null,null,null,null],["0041400404",93,4,0,1,"9:32 PM","2:12",null,null,"Iguodala REBOUND (Off:1 Def:1)",null,null],["0041400404",94,2,1,1,"9:32 PM","2:07","Jones BLOCK (1 BLK)",null,"MISS Iguodala 6' Jump Shot",null,null],["0041400404",95,4,0,1,"9:32 PM","2:07",null,null,"Warriors Rebound",null,null],["0041400404",97,2,75,1,"9:33 PM","1:59",null,null,"MISS Curry 4' Driving Finger Roll Layup",null,null],["0041400404",98,4,0,1,"9:33 PM","1:56","Thompson REBOUND (Off:2 Def:3)",null,null,null,null],["0041400404",99,2,5,1,"9:33 PM","1:50","MISS James 1' Layup",null,null,null,null],["0041400404",100,4,0,1,"9:33 PM","1:48",null,null,"Lee REBOUND (Off:0 Def:1)",null,null],["0041400404",101,1,7,1,"9:33 PM","1:46",null,null,"Iguodala  Dunk (6 PTS) (Livingston 1 AST)","26 - 22","-4"],["0041400404",103,2,1,1,"9:33 PM","1:24","MISS Dellavedova 26' 3PT Jump Shot",null,null,null,null],["0041400404",104,4,0,1,"9:33 PM","1:23",null,null,"Lee REBOUND (Off:0 Def:2)",null,null],["0041400404",105,1,5,1,"9:33 PM","1:11",null,null,"Lee  Layup (4 PTS) (Livingston 2 AST)","28 - 22","-6"],["0041400404",106,2,5,1,"9:34 PM","0:43","MISS Thompson 1' Layup",null,null,null,null],["0041400404",107,4,0,1,"9:34 PM","0:41",null,null,"Barnes REBOUND (Off:3 Def:3)",null,null],["0041400404",108,1,1,1,"9:34 PM","0:31",null,null,"Iguodala 27' 3PT Jump Shot (9 PTS) (Lee 1 AST)","31 - 22","-9"],["0041400404",110,1,47,1,"9:35 PM","0:08","Thompson 8' Turnaround Jump Shot (6 PTS) (Dellavedova 3 AST)",null,null,"31 - 24","-7"],["0041400404",111,2,1,1,"9:35 PM","0:00",null,null,"MISS Curry 31' 3PT Jump Shot",null,null],["0041400404",112,4,0,1,"9:35 PM","0:00",null,null,"Warriors Rebound",null,null],["0041400404",113,13,0,1,"9:35 PM","0:00",null,null,null,"31 - 24","-7"],["0041400404",115,12,0,2,"9:39 PM","12:00",null,null,null,"31 - 24","-7"],["0041400404",116,1,42,2,"9:40 PM","11:42",null,null,"Barbosa 3' Driving Layup (2 PTS) (Lee 2 AST)","33 - 24","-9"],["0041400404",117,2,5,2,"9:40 PM","11:17","MISS Mozgov 1' Layup",null,null,null,null],["0041400404",119,4,0,2,"9:40 PM","11:12","Mozgov REBOUND (Off:1 Def:1)",null,null,null,null],["0041400404",118,1,4,2,"9:40 PM","11:12","Mozgov 1' Tip Shot (8 PTS)",null,null,"33 - 26","-7"],["0041400404",120,6,2,2,"9:41 PM","10:54","Jones S.FOUL (P1.T1) (K.Mauer)",null,null,null,null],["0041400404",121,3,11,2,"9:41 PM","10:54",null,null,"Livingston Free Throw 1 of 2 (1 PTS)","34 - 26","-8"],["0041400404",123,3,12,2,"9:41 PM","10:54",null,null,"Livingston Free Throw 2 of 2 (2 PTS)","35 - 26","-9"],["0041400404",125,2,1,2,"9:42 PM","10:31","MISS Jones 9' Jump Shot",null,null,null,null],["0041400404",126,4,0,2,"9:42 PM","10:30",null,null,"Livingston REBOUND (Off:0 Def:1)",null,null],["0041400404",127,2,5,2,"9:42 PM","10:24",null,null,"MISS Lee 2' Layup",null,null],["0041400404",128,4,0,2,"9:42 PM","10:21","Jones REBOUND (Off:0 Def:1)",null,null,null,null],["0041400404",129,2,3,2,"9:42 PM","10:07","MISS Mozgov 11' Hook Shot",null,null,null,null],["0041400404",130,4,0,2,"9:42 PM","10:04",null,null,"Livingston REBOUND (Off:0 Def:2)",null,null],["0041400404",131,2,42,2,"9:42 PM","10:00",null,null,"MISS Barbosa  Driving Layup",null,null],["0041400404",132,4,0,2,"9:42 PM","9:57","Jones REBOUND (Off:0 Def:2)",null,null,null,null],["0041400404",133,6,2,2,"9:43 PM","9:49",null,null,"Barbosa S.FOUL (P1.T1) (M.Callahan)",null,null],["0041400404",134,3,11,2,"9:43 PM","9:49","Dellavedova Free Throw 1 of 2 (3 PTS)",null,null,"35 - 27","-8"],["0041400404",136,8,0,2,"9:43 PM","9:49",null,null,"SUB: Green FOR Lee",null,null],["0041400404",137,8,0,2,"9:43 PM","9:49","SUB: James FOR Jones",null,null,null,null],["0041400404",138,8,0,2,"9:43 PM","9:49","SUB: Thompson FOR Mozgov",null,null,null,null],["0041400404",139,3,12,2,"9:43 PM","9:49","Dellavedova Free Throw 2 of 2 (4 PTS)",null,null,"35 - 28","-7"],["0041400404",141,9,1,2,"9:44 PM","9:40",null,null,"Warriors Timeout: Regular (Reg.2 Short 0)",null,null],["0041400404",144,8,0,2,"9:47 PM","9:40",null,null,"SUB: Iguodala FOR Barnes",null,null],["0041400404",145,1,1,2,"9:47 PM","9:32",null,null,"Thompson 25' 3PT Jump Shot (5 PTS) (Livingston 3 AST)","38 - 28","-10"],["0041400404",146,2,1,2,"9:48 PM","9:06","MISS Smith 26' 3PT Jump Shot",null,null,null,null],["0041400404",147,4,0,2,"9:48 PM","9:05",null,null,"Iguodala REBOUND (Off:1 Def:2)",null,null],["0041400404",148,2,47,2,"9:48 PM","8:51",null,null,"MISS Livingston 7' Turnaround Jump Shot",null,null],["0041400404",149,4,0,2,"9:48 PM","8:47","Thompson REBOUND (Off:2 Def:4)",null,null,null,null],["0041400404",150,1,1,2,"9:48 PM","8:33","James 6' Jump Shot (7 PTS) (Shumpert 1 AST)",null,null,"38 - 30","-8"],["0041400404",151,2,63,2,"9:48 PM","8:22","Shumpert BLOCK (1 BLK)",null,"MISS Thompson 11' Fadeaway Jumper",null,null],["0041400404",152,4,0,2,"9:48 PM","8:20","Shumpert REBOUND (Off:0 Def:3)",null,null,null,null],["0041400404",153,5,1,2,"9:49 PM","8:11","Dellavedova Bad Pass Turnover (P1.T3)",null,"Green STEAL (1 STL)",null,null],["0041400404",154,6,1,2,"9:49 PM","8:09","James P.FOUL (P1.T2) (M.Callahan)",null,null,null,null],["0041400404",155,8,0,2,"9:49 PM","8:09",null,null,"SUB: Curry FOR Barbosa",null,null],["0041400404",156,2,82,2,"9:49 PM","8:01","Thompson BLOCK (1 BLK)",null,"MISS Green 5' Driving Bank Shot",null,null],["0041400404",157,4,0,2,"9:49 PM","8:00","CAVALIERS Rebound",null,null,null,null],["0041400404",158,2,1,2,"9:50 PM","7:36","MISS Dellavedova 26' 3PT Jump Shot",null,null,null,null],["0041400404",159,4,0,2,"9:50 PM","7:35",null,null,"Iguodala REBOUND (Off:1 Def:3)",null,null],["0041400404",160,1,47,2,"9:50 PM","7:21",null,null,"Livingston 15' Turnaround Jump Shot (4 PTS)","40 - 30","-10"],["0041400404",161,2,1,2,"9:50 PM","6:59","MISS James 26' 3PT Jump Shot",null,null,null,null],["0041400404",162,4,0,2,"9:50 PM","6:58",null,null,"Iguodala REBOUND (Off:1 Def:4)",null,null],["0041400404",163,6,29,2,"9:51 PM","6:51","Smith Shooting Block Foul (P2.T3) (K.Mauer)",null,null,null,null],["0041400404",164,3,11,2,"9:51 PM","6:51",null,null,"Green Free Throw 1 of 2 (6 PTS)","41 - 30","-11"],["0041400404",166,8,0,2,"9:51 PM","6:51","SUB: Mozgov FOR Smith",null,null,null,null],["0041400404",167,8,0,2,"9:51 PM","6:51",null,null,"SUB: Barnes FOR Livingston",null,null],["0041400404",168,3,12,2,"9:51 PM","6:51",null,null,"MISS Green Free Throw 2 of 2",null,null],["0041400404",170,4,0,2,"9:51 PM","6:50","Shumpert REBOUND (Off:0 Def:4)",null,null,null,null],["0041400404",171,2,1,2,"9:52 PM","6:34","MISS Shumpert 25' 3PT Jump Shot",null,null,null,null],["0041400404",172,4,0,2,"9:52 PM","6:33","Thompson REBOUND (Off:3 Def:4)",null,null,null,null],["0041400404",173,1,65,2,"9:52 PM","6:29","Thompson 5' Jump Hook Shot (8 PTS)",null,null,"41 - 32","-9"],["0041400404",174,1,1,2,"9:52 PM","6:06",null,null,"Green 26' 3PT Jump Shot (9 PTS) (Thompson 1 AST)","44 - 32","-12"],["0041400404",175,2,1,2,"9:52 PM","5:53","MISS Dellavedova 27' 3PT Jump Shot",null,null,null,null],["0041400404",176,4,0,2,"9:52 PM","5:52",null,null,"Green REBOUND (Off:0 Def:3)",null,null],["0041400404",177,2,1,2,"9:52 PM","5:43",null,null,"MISS Curry 26' 3PT Jump Shot",null,null],["0041400404",178,4,0,2,"9:52 PM","5:42","CAVALIERS Rebound",null,null,null,null],["0041400404",179,6,3,2,"9:53 PM","5:42",null,null,"Barnes L.B.FOUL (P2.T2) (J.Crawford)",null,null],["0041400404",180,9,4,2,"9:53 PM","5:42",null,null,null,null,null],["0041400404",183,8,0,2,"9:56 PM","5:42",null,null,"SUB: Bogut FOR Barnes",null,null],["0041400404",184,2,66,2,"9:56 PM","5:21","MISS James 13' Jump Bank Shot",null,null,null,null],["0041400404",185,4,0,2,"9:57 PM","5:18",null,null,"Bogut REBOUND (Off:0 Def:1)",null,null],["0041400404",186,5,2,2,"9:57 PM","4:56","Mozgov STEAL (1 STL)",null,"Bogut Lost Ball Turnover (P1.T1)",null,null],["0041400404",187,6,1,2,"9:57 PM","4:53",null,null,"Green P.FOUL (P1.T3) (M.Callahan)",null,null],["0041400404",188,6,2,2,"9:58 PM","4:43",null,null,"Bogut S.FOUL (P1.T4) (K.Mauer)",null,null],["0041400404",189,18,0,2,"9:58 PM","4:43",null,null,null,null,null],["0041400404",191,3,11,2,"10:01 PM","4:43","James Free Throw 1 of 2 (8 PTS)",null,null,"44 - 33","-11"],["0041400404",193,3,12,2,"10:01 PM","4:43","MISS James Free Throw 2 of 2",null,null,null,null],["0041400404",195,4,0,2,"10:01 PM","4:42",null,null,"Warriors Rebound",null,null],["0041400404",197,9,2,2,"10:02 PM","4:33",null,null,"Warriors Timeout: Short (Reg.2 Short 1)",null,null],["0041400404",199,8,0,2,"10:03 PM","4:33","SUB: Smith FOR Dellavedova",null,null,null,null],["0041400404",201,1,79,2,"10:03 PM","4:25",null,null,"Thompson 20' Pullup Jump Shot (7 PTS) (Bogut 1 AST)","46 - 33","-13"],["0041400404",202,6,1,2,"10:04 PM","4:11",null,null,"Bogut P.FOUL (P2.PN) (J.Crawford)",null,null],["0041400404",203,3,11,2,"10:04 PM","4:11","MISS James Free Throw 1 of 2",null,null,null,null],["0041400404",204,4,1,2,"10:04 PM","4:11","CAVALIERS Rebound",null,null,null,null],["0041400404",205,3,12,2,"10:04 PM","4:11","MISS James Free Throw 2 of 2",null,null,null,null],["0041400404",207,4,0,2,"10:04 PM","4:10",null,null,"Green REBOUND (Off:0 Def:4)",null,null],["0041400404",208,1,84,2,"10:05 PM","3:54",null,null,"Green 8' Running Bank Shot (11 PTS) (Curry 4 AST)","48 - 33","-15"],["0041400404",209,2,1,2,"10:05 PM","3:42","MISS James 22' Jump Shot",null,null,null,null],["0041400404",210,4,0,2,"10:05 PM","3:40","Mozgov REBOUND (Off:2 Def:1)",null,null,null,null],["0041400404",211,2,1,2,"10:05 PM","3:38","MISS Smith 25' 3PT Jump Shot",null,null,null,null],["0041400404",212,4,0,2,"10:05 PM","3:38","CAVALIERS Rebound",null,null,null,null],["0041400404",213,6,3,2,"10:05 PM","3:38",null,null,"Bogut L.B.FOUL (P3.PN) (M.Callahan)",null,null],["0041400404",214,3,11,2,"10:05 PM","3:38","MISS Mozgov Free Throw 1 of 2",null,null,null,null],["0041400404",215,4,1,2,"10:05 PM","3:38","CAVALIERS Rebound",null,null,null,null],["0041400404",216,3,12,2,"10:05 PM","3:38","Mozgov Free Throw 2 of 2 (9 PTS)",null,null,"48 - 34","-14"],["0041400404",218,2,1,2,"10:06 PM","3:24",null,null,"MISS Green 25' 3PT Jump Shot",null,null],["0041400404",219,4,0,2,"10:06 PM","3:23","Shumpert REBOUND (Off:0 Def:5)",null,null,null,null],["0041400404",220,1,5,2,"10:06 PM","3:10","Mozgov 2' Layup (11 PTS) (James 2 AST)",null,null,"48 - 36","-12"],["0041400404",221,5,40,2,"10:07 PM","2:56",null,null,"Curry Out of Bounds Lost Ball Turnover (P1.T2)",null,null],["0041400404",222,9,1,2,"10:07 PM","2:56","CAVALIERS Timeout: Regular (Full 2 Short 0)",null,null,null,null],["0041400404",225,8,0,2,"10:10 PM","2:56",null,null,"SUB: Lee FOR Bogut",null,null],["0041400404",226,2,56,2,"10:10 PM","2:44","MISS James 9' Running Hook Shot",null,null,null,null],["0041400404",227,4,0,2,"10:11 PM","2:44","CAVALIERS Rebound",null,null,null,null],["0041400404",228,6,3,2,"10:11 PM","2:44",null,null,"Iguodala L.B.FOUL (P1.PN) (J.Crawford)",null,null],["0041400404",229,3,11,2,"10:11 PM","2:44","Mozgov Free Throw 1 of 2 (12 PTS)",null,null,"48 - 37","-11"],["0041400404",231,3,12,2,"10:11 PM","2:44","Mozgov Free Throw 2 of 2 (13 PTS)",null,null,"48 - 38","-10"],["0041400404",233,2,1,2,"10:11 PM","2:29",null,null,"MISS Curry 14' Jump Shot",null,null],["0041400404",234,4,0,2,"10:11 PM","2:28","James REBOUND (Off:0 Def:3)",null,null,null,null],["0041400404",235,2,5,2,"10:12 PM","2:18","MISS James 2' Layup",null,"Green BLOCK (1 BLK)",null,null],["0041400404",236,4,0,2,"10:12 PM","2:16",null,null,"Iguodala REBOUND (Off:1 Def:5)",null,null],["0041400404",237,2,1,2,"10:12 PM","2:12",null,null,"MISS Thompson  3PT Jump Shot",null,null],["0041400404",238,4,0,2,"10:12 PM","2:09","Mozgov REBOUND (Off:2 Def:2)",null,null,null,null],["0041400404",239,2,80,2,"10:12 PM","1:52","MISS Shumpert 14' Step Back Jump Shot",null,null,null,null],["0041400404",240,4,0,2,"10:12 PM","1:50",null,null,"Lee REBOUND (Off:0 Def:3)",null,null],["0041400404",241,1,65,2,"10:12 PM","1:35",null,null,"Lee 5' Jump Hook Shot (6 PTS)","50 - 38","-12"],["0041400404",242,1,47,2,"10:13 PM","1:10","Thompson 9' Turnaround Jump Shot (10 PTS) (James 3 AST)",null,null,"50 - 40","-10"],["0041400404",243,6,2,2,"10:13 PM","0:58","Mozgov S.FOUL (P2.T4) (J.Crawford)",null,null,null,null],["0041400404",244,3,11,2,"10:13 PM","0:58",null,null,"MISS Green Free Throw 1 of 2",null,null],["0041400404",245,4,1,2,"10:13 PM","0:58",null,null,"Warriors Rebound",null,null],["0041400404",246,8,0,2,"10:14 PM","0:58","SUB: Jones FOR Mozgov",null,null,null,null],["0041400404",248,8,0,2,"10:14 PM","0:58",null,null,"SUB: Barnes FOR Lee",null,null],["0041400404",249,3,12,2,"10:14 PM","0:58",null,null,"Green Free Throw 2 of 2 (12 PTS)","51 - 40","-11"],["0041400404",251,2,1,2,"10:15 PM","0:35","MISS Thompson 16' Jump Shot",null,"Thompson BLOCK (1 BLK)",null,null],["0041400404",252,4,0,2,"10:15 PM","0:35",null,null,"Warriors Rebound",null,null],["0041400404",253,6,3,2,"10:15 PM","0:35","Smith L.B.FOUL (P3.PN) (J.Crawford)",null,null,null,null],["0041400404",254,3,11,2,"10:15 PM","0:35",null,null,"MISS Green Free Throw 1 of 2",null,null],["0041400404",255,4,1,2,"10:15 PM","0:35",null,null,"Warriors Rebound",null,null],["0041400404",256,8,0,2,"10:15 PM","0:35","SUB: Dellavedova FOR Smith",null,null,null,null],["0041400404",258,8,0,2,"10:15 PM","0:35",null,null,"SUB: Livingston FOR Barnes",null,null],["0041400404",259,3,12,2,"10:15 PM","0:35",null,null,"Green Free Throw 2 of 2 (13 PTS)","52 - 40","-12"],["0041400404",262,1,46,2,"10:16 PM","0:24","James 6' Running Jump Shot (10 PTS)",null,null,"52 - 42","-10"],["0041400404",263,1,75,2,"10:17 PM","0:03",null,null,"Curry 1' Driving Finger Roll Layup (8 PTS)","54 - 42","-12"],["0041400404",264,2,1,2,"10:17 PM","0:00","MISS Dellavedova 44' 3PT Jump Shot",null,null,null,null],["0041400404",265,4,0,2,"10:17 PM","0:00","CAVALIERS Rebound",null,null,null,null],["0041400404",268,18,0,2,"10:17 PM","0:00",null,null,null,"54 - 42","-12"],["0041400404",266,13,0,2,"10:17 PM","0:00",null,null,null,"54 - 42","-12"],["0041400404",269,12,0,3,"10:35 PM","12:00",null,null,null,"54 - 42","-12"],["0041400404",270,1,1,3,"10:35 PM","11:39",null,null,"Iguodala 24' 3PT Jump Shot (12 PTS) (Green 4 AST)","57 - 42","-15"],["0041400404",271,1,1,3,"10:35 PM","11:25","Dellavedova 25' 3PT Jump Shot (7 PTS) (James 4 AST)",null,null,"57 - 45","-12"],["0041400404",272,6,2,3,"10:36 PM","11:10","James S.FOUL (P2.T1) (J.Crawford)",null,null,null,null],["0041400404",273,3,11,3,"10:36 PM","11:10",null,null,"Barnes Free Throw 1 of 2 (6 PTS)","58 - 45","-13"],["0041400404",275,3,12,3,"10:36 PM","11:10",null,null,"Barnes Free Throw 2 of 2 (7 PTS)","59 - 45","-14"],["0041400404",277,1,1,3,"10:37 PM","10:59","Dellavedova 24' 3PT Jump Shot (10 PTS) (James 5 AST)",null,null,"59 - 48","-11"],["0041400404",278,2,1,3,"10:37 PM","10:41",null,null,"MISS Iguodala 25' 3PT Jump Shot",null,null],["0041400404",279,4,0,3,"10:37 PM","10:40","James REBOUND (Off:0 Def:4)",null,null,null,null],["0041400404",280,6,1,3,"10:37 PM","10:30",null,null,"Green P.FOUL (P2.T1) (J.Crawford)",null,null],["0041400404",281,5,2,3,"10:38 PM","10:17","Dellavedova Lost Ball Turnover (P2.T4)",null,"Green STEAL (2 STL)",null,null],["0041400404",282,2,5,3,"10:38 PM","10:11",null,null,"MISS Green 1' Layup",null,null],["0041400404",283,4,0,3,"10:38 PM","10:10","James REBOUND (Off:0 Def:5)",null,null,null,null],["0041400404",284,2,1,3,"10:38 PM","10:01","MISS James 24' 3PT Jump Shot",null,null,null,null],["0041400404",285,4,0,3,"10:38 PM","10:00","Thompson REBOUND (Off:4 Def:4)",null,null,null,null],["0041400404",286,1,7,3,"10:38 PM","9:57","Thompson  Dunk (12 PTS)",null,null,"59 - 50","-9"],["0041400404",287,1,78,3,"10:38 PM","9:46",null,null,"Curry 6' Floating Jump Shot (10 PTS)","61 - 50","-11"],["0041400404",288,5,8,3,"10:39 PM","9:34","Mozgov 3 Second Violation Turnover (P2.T5)",null,null,null,null],["0041400404",289,8,0,3,"10:39 PM","9:34","SUB: Smith FOR Dellavedova",null,null,null,null],["0041400404",291,5,40,3,"10:40 PM","9:18",null,null,"Iguodala Out of Bounds Lost Ball Turnover (P1.T3)",null,null],["0041400404",292,2,1,3,"10:40 PM","9:05","MISS Smith 26' 3PT Jump Shot",null,null,null,null],["0041400404",293,4,0,3,"10:40 PM","9:04",null,null,"Thompson REBOUND (Off:0 Def:2)",null,null],["0041400404",294,6,2,3,"10:40 PM","8:54","Smith S.FOUL (P4.T2) (K.Mauer)",null,null,null,null],["0041400404",295,3,11,3,"10:40 PM","8:54",null,null,"Curry Free Throw 1 of 2 (11 PTS)","62 - 50","-12"],["0041400404",297,3,12,3,"10:41 PM","8:54",null,null,"Curry Free Throw 2 of 2 (12 PTS)","63 - 50","-13"],["0041400404",299,1,5,3,"10:41 PM","8:39","Mozgov 2' Layup (15 PTS) (Smith 2 AST)",null,null,"63 - 52","-11"],["0041400404",300,2,1,3,"10:41 PM","8:21",null,null,"MISS Iguodala 25' 3PT Jump Shot",null,null],["0041400404",301,4,0,3,"10:41 PM","8:19","Mozgov REBOUND (Off:2 Def:3)",null,null,null,null],["0041400404",302,6,2,3,"10:42 PM","8:13",null,null,"Iguodala S.FOUL (P2.T2) (K.Mauer)",null,null],["0041400404",303,3,11,3,"10:42 PM","8:13","James Free Throw 1 of 2 (11 PTS)",null,null,"63 - 53","-10"],["0041400404",305,8,0,3,"10:42 PM","8:13","SUB: Dellavedova FOR Smith",null,null,null,null],["0041400404",306,9,1,3,"10:42 PM","8:13",null,null,"Warriors Timeout: Regular (Reg.3 Short 1)",null,null],["0041400404",308,18,0,3,"10:43 PM","8:13",null,null,null,null,null],["0041400404",311,3,12,3,"10:45 PM","8:13","James Free Throw 2 of 2 (12 PTS)",null,null,"63 - 54","-9"],["0041400404",313,2,1,3,"10:46 PM","7:58",null,null,"MISS Barnes  3PT Jump Shot",null,null],["0041400404",314,4,0,3,"10:46 PM","7:56","Shumpert REBOUND (Off:0 Def:6)",null,null,null,null],["0041400404",315,2,1,3,"10:46 PM","7:41","MISS Shumpert 25' 3PT Jump Shot",null,null,null,null],["0041400404",316,4,0,3,"10:46 PM","7:40",null,null,"Curry REBOUND (Off:0 Def:1)",null,null],["0041400404",317,2,84,3,"10:46 PM","7:31",null,null,"MISS Green 7' Running Bank Shot",null,null],["0041400404",318,4,0,3,"10:46 PM","7:30","Mozgov REBOUND (Off:2 Def:4)",null,null,null,null],["0041400404",319,6,2,3,"10:47 PM","7:13",null,null,"Green S.FOUL (P3.T3) (J.Crawford)",null,null],["0041400404",320,3,11,3,"10:47 PM","7:13","Mozgov Free Throw 1 of 2 (16 PTS)",null,null,"63 - 55","-8"],["0041400404",322,8,0,3,"10:47 PM","7:13",null,null,"SUB: Lee FOR Green",null,null],["0041400404",323,3,12,3,"10:47 PM","7:13","Mozgov Free Throw 2 of 2 (17 PTS)",null,null,"63 - 56","-7"],["0041400404",326,2,5,3,"10:50 PM","6:54",null,null,"MISS Lee 2' Layup",null,null],["0041400404",327,4,0,3,"10:50 PM","6:53","Thompson REBOUND (Off:4 Def:5)",null,null,null,null],["0041400404",328,1,1,3,"10:50 PM","6:32","Shumpert 17' Jump Shot (5 PTS) (James 6 AST)",null,null,"63 - 58","-5"],["0041400404",329,6,2,3,"10:50 PM","6:23","Mozgov S.FOUL (P3.T3) (J.Crawford)",null,null,null,null],["0041400404",330,3,11,3,"10:50 PM","6:23",null,null,"Barnes Free Throw 1 of 2 (8 PTS)","64 - 58","-6"],["0041400404",332,3,12,3,"10:51 PM","6:23",null,null,"Barnes Free Throw 2 of 2 (9 PTS)","65 - 58","-7"],["0041400404",334,2,1,3,"10:51 PM","6:13","MISS Dellavedova 25' 3PT Jump Shot",null,null,null,null],["0041400404",335,4,0,3,"10:51 PM","6:12",null,null,"Lee REBOUND (Off:0 Def:4)",null,null],["0041400404",336,2,79,3,"10:51 PM","6:00",null,null,"MISS Barnes 19' Pullup Jump Shot",null,null],["0041400404",337,4,0,3,"10:51 PM","5:56","James REBOUND (Off:0 Def:6)",null,null,null,null],["0041400404",338,5,2,3,"10:51 PM","5:52","Dellavedova Lost Ball Turnover (P3.T6)",null,"Curry STEAL (1 STL)",null,null],["0041400404",339,5,1,3,"10:52 PM","5:45",null,null,"Curry Bad Pass Turnover (P2.T4)",null,null],["0041400404",341,1,5,3,"10:52 PM","5:25","James  Layup (14 PTS)",null,null,"65 - 60","-5"],["0041400404",342,5,1,3,"10:53 PM","5:15","Dellavedova STEAL (1 STL)",null,"Curry Bad Pass Turnover (P3.T5)",null,null],["0041400404",343,1,52,3,"10:53 PM","5:11","James  Alley Oop Dunk (16 PTS) (Dellavedova 4 AST)",null,null,"65 - 62","-3"],["0041400404",344,9,1,3,"10:53 PM","5:03",null,null,"Warriors Timeout: Regular (Reg.4 Short 1)",null,null],["0041400404",348,1,1,3,"10:57 PM","4:54",null,null,"Barnes 24' 3PT Jump Shot (12 PTS) (Curry 5 AST)","68 - 62","-6"],["0041400404",349,2,1,3,"10:57 PM","4:35","MISS James 18' Jump Shot",null,null,null,null],["0041400404",350,4,0,3,"10:57 PM","4:34","Mozgov REBOUND (Off:3 Def:4)",null,null,null,null],["0041400404",351,1,44,3,"10:57 PM","4:33","Mozgov 1' Reverse Layup (19 PTS)",null,null,"68 - 64","-4"],["0041400404",352,6,2,3,"10:58 PM","4:29","Thompson S.FOUL (P1.T4) (J.Crawford)",null,null,null,null],["0041400404",353,3,11,3,"10:58 PM","4:29",null,null,"MISS Lee Free Throw 1 of 2",null,null],["0041400404",354,4,1,3,"10:58 PM","4:29",null,null,"Warriors Rebound",null,null],["0041400404",355,8,0,3,"10:58 PM","4:29",null,null,"SUB: Livingston FOR Thompson",null,null],["0041400404",356,3,12,3,"10:58 PM","4:29",null,null,"Lee Free Throw 2 of 2 (7 PTS)","69 - 64","-5"],["0041400404",358,6,2,3,"10:59 PM","4:21",null,null,"Iguodala S.FOUL (P3.T4) (J.Crawford)",null,null],["0041400404",359,3,11,3,"10:59 PM","4:21","MISS James Free Throw 1 of 2",null,null,null,null],["0041400404",360,4,1,3,"10:59 PM","4:21","CAVALIERS Rebound",null,null,null,null],["0041400404",361,3,12,3,"10:59 PM","4:21","James Free Throw 2 of 2 (17 PTS)",null,null,"69 - 65","-4"],["0041400404",363,2,1,3,"11:00 PM","4:05",null,null,"MISS Iguodala 18' Jump Shot",null,null],["0041400404",364,4,0,3,"11:00 PM","4:02","Thompson REBOUND (Off:4 Def:6)",null,null,null,null],["0041400404",365,2,5,3,"11:00 PM","3:37","MISS Mozgov 1' Layup",null,"Barnes BLOCK (1 BLK)",null,null],["0041400404",366,4,0,3,"11:00 PM","3:35","Mozgov REBOUND (Off:4 Def:4)",null,null,null,null],["0041400404",367,2,5,3,"11:00 PM","3:34","MISS Mozgov 1' Layup",null,null,null,null],["0041400404",368,4,0,3,"11:00 PM","3:33","Mozgov REBOUND (Off:5 Def:4)",null,null,null,null],["0041400404",369,2,1,3,"11:00 PM","3:24","MISS Thompson 5' Jump Shot",null,null,null,null],["0041400404",370,4,0,3,"11:00 PM","3:22",null,null,"Barnes REBOUND (Off:3 Def:4)",null,null],["0041400404",371,2,79,3,"11:00 PM","3:15",null,null,"MISS Curry 15' Pullup Jump Shot",null,null],["0041400404",372,4,0,3,"11:01 PM","3:11","Thompson REBOUND (Off:4 Def:7)",null,null,null,null],["0041400404",374,9,1,3,"11:01 PM","3:01","CAVALIERS Timeout: Regular (Full 3 Short 0)",null,null,null,null],["0041400404",377,8,0,3,"11:03 PM","3:01",null,null,"SUB: Green FOR Lee",null,null],["0041400404",378,2,80,3,"11:03 PM","2:51","MISS James 8' Step Back Jump Shot",null,null,null,null],["0041400404",379,4,0,3,"11:03 PM","2:48",null,null,"Iguodala REBOUND (Off:1 Def:6)",null,null],["0041400404",380,1,1,3,"11:04 PM","2:31",null,null,"Iguodala 13' Jump Shot (14 PTS)","71 - 65","-6"],["0041400404",381,1,5,3,"11:04 PM","2:05","Mozgov  Layup (21 PTS) (James 7 AST)",null,null,"71 - 67","-4"],["0041400404",382,2,1,3,"11:04 PM","1:51",null,null,"MISS Iguodala 24' 3PT Jump Shot",null,null],["0041400404",383,4,0,3,"11:04 PM","1:50","James REBOUND (Off:0 Def:7)",null,null,null,null],["0041400404",384,2,1,3,"11:05 PM","1:32","MISS Dellavedova 11' Jump Shot",null,"Livingston BLOCK (1 BLK)",null,null],["0041400404",385,4,0,3,"11:05 PM","1:31",null,null,"Livingston REBOUND (Off:0 Def:3)",null,null],["0041400404",386,6,2,3,"11:05 PM","1:29","James S.FOUL (P3.PN) (K.Mauer)",null,null,null,null],["0041400404",387,3,11,3,"11:05 PM","1:29",null,null,"Iguodala Free Throw 1 of 2 (15 PTS)","72 - 67","-5"],["0041400404",389,8,0,3,"11:05 PM","1:29","SUB: Jones FOR Mozgov",null,null,null,null],["0041400404",390,3,12,3,"11:05 PM","1:29",null,null,"Iguodala Free Throw 2 of 2 (16 PTS)","73 - 67","-6"],["0041400404",392,2,5,3,"11:06 PM","1:12","MISS James 1' Layup",null,null,null,null],["0041400404",393,4,0,3,"11:06 PM","1:10","Thompson REBOUND (Off:5 Def:7)",null,null,null,null],["0041400404",394,2,5,3,"11:06 PM","1:08","MISS Thompson 2' Layup",null,null,null,null],["0041400404",395,4,0,3,"11:06 PM","1:07","James REBOUND (Off:1 Def:7)",null,null,null,null],["0041400404",396,1,5,3,"11:06 PM","1:03","James  Layup (19 PTS)",null,null,"73 - 69","-4"],["0041400404",397,5,13,3,"11:06 PM","0:56",null,null,"Livingston Backcourt Turnover (P1.T6)",null,null],["0041400404",399,2,1,3,"11:07 PM","0:34","MISS Shumpert 24' 3PT Jump Shot",null,null,null,null],["0041400404",400,4,0,3,"11:07 PM","0:34","James REBOUND (Off:2 Def:7)",null,null,null,null],["0041400404",401,6,1,3,"11:07 PM","0:34",null,null,"Livingston P.FOUL (P1.PN) (M.Callahan)",null,null],["0041400404",402,3,11,3,"11:07 PM","0:34","MISS James Free Throw 1 of 2",null,null,null,null],["0041400404",403,4,1,3,"11:07 PM","0:34","CAVALIERS Rebound",null,null,null,null],["0041400404",404,3,12,3,"11:08 PM","0:34","James Free Throw 2 of 2 (20 PTS)",null,null,"73 - 70","-3"],["0041400404",406,1,80,3,"11:08 PM","0:17",null,null,"Curry 25' 3PT Step Back Jump Shot (15 PTS)","76 - 70","-6"],["0041400404",407,2,1,3,"11:09 PM","0:00","MISS James 29' 3PT Jump Shot",null,null,null,null],["0041400404",408,4,0,3,"11:09 PM","0:00","CAVALIERS Rebound",null,null,null,null],["0041400404",409,13,0,3,"11:09 PM","0:00",null,null,null,"76 - 70","-6"],["0041400404",411,12,0,4,"11:13 PM","12:00",null,null,null,"76 - 70","-6"],["0041400404",412,2,80,4,"11:13 PM","11:36","MISS Dellavedova 18' Step Back Jump Shot",null,null,null,null],["0041400404",413,4,0,4,"11:13 PM","11:33",null,null,"Barnes REBOUND (Off:3 Def:5)",null,null],["0041400404",414,1,7,4,"11:13 PM","11:30",null,null,"Green  Dunk (15 PTS) (Curry 6 AST)","78 - 70","-8"],["0041400404",415,5,40,4,"11:14 PM","11:03","Jones Out of Bounds Lost Ball Turnover (P1.T7)",null,null,null,null],["0041400404",416,2,1,4,"11:14 PM","10:47",null,null,"MISS Curry 14' Jump Shot",null,null],["0041400404",417,4,0,4,"11:14 PM","10:46","Smith REBOUND (Off:1 Def:1)",null,null,null,null],["0041400404",418,2,46,4,"11:14 PM","10:37","MISS Smith 8' Running Jump Shot",null,null,null,null],["0041400404",419,4,0,4,"11:15 PM","10:36",null,null,"Green REBOUND (Off:0 Def:5)",null,null],["0041400404",420,6,1,4,"11:15 PM","10:36","Dellavedova P.FOUL (P2.T1) (M.Callahan)",null,null,null,null],["0041400404",421,8,0,4,"11:15 PM","10:36",null,null,"SUB: Lee FOR Green",null,null],["0041400404",422,2,66,4,"11:15 PM","10:27",null,null,"MISS Lee 10' Jump Bank Shot",null,null],["0041400404",423,4,0,4,"11:15 PM","10:24","Dellavedova REBOUND (Off:0 Def:1)",null,null,null,null],["0041400404",424,2,78,4,"11:16 PM","10:17","MISS Dellavedova 7' Floating Jump Shot",null,null,null,null],["0041400404",425,4,0,4,"11:16 PM","10:15",null,null,"Curry REBOUND (Off:0 Def:2)",null,null],["0041400404",426,1,5,4,"11:16 PM","10:12",null,null,"Thompson 1' Layup (9 PTS) (Curry 7 AST)","80 - 70","-10"],["0041400404",427,9,1,4,"11:16 PM","10:12","CAVALIERS Timeout: Regular (Full 4 Short 0)",null,null,null,null],["0041400404",429,8,0,4,"11:19 PM","10:12",null,null,"SUB: Green FOR Lee",null,null],["0041400404",430,8,0,4,"11:19 PM","10:12","SUB: James FOR Dellavedova",null,null,null,null],["0041400404",431,6,1,4,"11:20 PM","9:58",null,null,"Green P.FOUL (P4.T1) (J.Crawford)",null,null],["0041400404",432,8,0,4,"11:20 PM","9:58","SUB: Mozgov FOR Thompson",null,null,null,null],["0041400404",433,2,80,4,"11:20 PM","9:47","MISS James 8' Step Back Jump Shot",null,"Barnes BLOCK (2 BLK)",null,null],["0041400404",434,4,0,4,"11:20 PM","9:45",null,null,"Green REBOUND (Off:0 Def:6)",null,null],["0041400404",435,1,46,4,"11:20 PM","9:39",null,null,"Curry 6' Running Jump Shot (17 PTS) (Green 5 AST)","82 - 70","-12"],["0041400404",436,1,42,4,"11:21 PM","9:15","Smith 1' Driving Layup (4 PTS)",null,null,"82 - 72","-10"],["0041400404",437,2,1,4,"11:21 PM","8:59",null,null,"MISS Thompson 27' 3PT Jump Shot",null,null],["0041400404",438,4,0,4,"11:21 PM","8:58","James REBOUND (Off:2 Def:8)",null,null,null,null],["0041400404",439,2,1,4,"11:21 PM","8:47","MISS Smith 26' 3PT Jump Shot",null,null,null,null],["0041400404",440,4,0,4,"11:21 PM","8:46","Shumpert REBOUND (Off:1 Def:6)",null,null,null,null],["0041400404",441,2,1,4,"11:21 PM","8:35","MISS Shumpert 15' Jump Shot",null,null,null,null],["0041400404",442,4,0,4,"11:21 PM","8:35","CAVALIERS Rebound",null,null,null,null],["0041400404",444,2,1,4,"11:22 PM","8:25","MISS Smith  3PT Jump Shot",null,null,null,null],["0041400404",445,4,0,4,"11:22 PM","8:24","Mozgov REBOUND (Off:6 Def:4)",null,null,null,null],["0041400404",446,2,1,4,"11:22 PM","8:12","MISS Smith  3PT Jump Shot",null,null,null,null],["0041400404",447,4,0,4,"11:22 PM","8:11",null,null,"Livingston REBOUND (Off:0 Def:4)",null,null],["0041400404",448,1,1,4,"11:22 PM","8:01",null,null,"Curry 25' 3PT Jump Shot (20 PTS)","85 - 72","-13"],["0041400404",449,6,2,4,"11:23 PM","7:44",null,null,"Livingston S.FOUL (P2.T2) (K.Mauer)",null,null],["0041400404",450,3,11,4,"11:23 PM","7:44","Mozgov Free Throw 1 of 2 (22 PTS)",null,null,"85 - 73","-12"],["0041400404",452,8,0,4,"11:23 PM","7:44","SUB: Dellavedova FOR Shumpert",null,null,null,null],["0041400404",453,8,0,4,"11:23 PM","7:44","SUB: Thompson FOR Smith",null,null,null,null],["0041400404",454,8,0,4,"11:23 PM","7:44",null,null,"SUB: Iguodala FOR Barnes",null,null],["0041400404",455,3,12,4,"11:23 PM","7:44","Mozgov Free Throw 2 of 2 (23 PTS)",null,null,"85 - 74","-11"],["0041400404",457,1,1,4,"11:24 PM","7:22",null,null,"Iguodala  3PT Jump Shot (19 PTS) (Livingston 4 AST)","88 - 74","-14"],["0041400404",458,6,2,4,"11:24 PM","7:11",null,null,"Green S.FOUL (P5.T3) (J.Crawford)",null,null],["0041400404",459,3,11,4,"11:25 PM","7:11","MISS Mozgov Free Throw 1 of 2",null,null,null,null],["0041400404",460,4,1,4,"11:25 PM","7:11","CAVALIERS Rebound",null,null,null,null],["0041400404",461,8,0,4,"11:25 PM","7:11",null,null,"SUB: Lee FOR Green",null,null],["0041400404",462,3,12,4,"11:25 PM","7:11","Mozgov Free Throw 2 of 2 (24 PTS)",null,null,"88 - 75","-13"],["0041400404",464,2,1,4,"11:26 PM","6:57",null,null,"MISS Curry 28' 3PT Jump Shot",null,null],["0041400404",465,4,0,4,"11:26 PM","6:56",null,null,"Livingston REBOUND (Off:1 Def:4)",null,null],["0041400404",466,1,7,4,"11:26 PM","6:44",null,null,"Lee  Dunk (9 PTS) (Thompson 2 AST)","90 - 75","-15"],["0041400404",467,1,5,4,"11:26 PM","6:32","Mozgov  Layup (26 PTS) (James 8 AST)",null,null,"90 - 77","-13"],["0041400404",469,2,1,4,"11:27 PM","6:07",null,null,"MISS Livingston 12' Jump Shot",null,null],["0041400404",470,4,0,4,"11:27 PM","6:05","Jones REBOUND (Off:0 Def:3)",null,null,null,null],["0041400404",471,2,65,4,"11:27 PM","5:57","MISS Mozgov 7' Jump Hook Shot",null,null,null,null],["0041400404",472,4,0,4,"11:27 PM","5:54",null,null,"Livingston REBOUND (Off:1 Def:5)",null,null],["0041400404",473,9,1,4,"11:27 PM","5:51",null,null,"Warriors Timeout: Regular (Reg.5 Short 1)",null,null],["0041400404",477,8,0,4,"11:30 PM","5:51","SUB: Smith FOR Dellavedova",null,null,null,null],["0041400404",478,8,0,4,"11:30 PM","5:51","SUB: Shumpert FOR Jones",null,null,null,null],["0041400404",479,1,1,4,"11:31 PM","5:35",null,null,"Iguodala 26' 3PT Jump Shot (22 PTS) (Lee 3 AST)","93 - 77","-16"],["0041400404",480,6,1,4,"11:31 PM","5:22",null,null,"Lee P.FOUL (P1.T4) (K.Mauer)",null,null],["0041400404",481,2,1,4,"11:31 PM","5:13","MISS James 16' Jump Shot",null,null,null,null],["0041400404",482,4,0,4,"11:31 PM","5:11","Thompson REBOUND (Off:6 Def:7)",null,null,null,null],["0041400404",483,6,1,4,"11:31 PM","5:10",null,null,"Iguodala P.FOUL (P4.PN) (J.Crawford)",null,null],["0041400404",484,3,11,4,"11:31 PM","5:10","Mozgov Free Throw 1 of 2 (27 PTS)",null,null,"93 - 78","-15"],["0041400404",486,8,0,4,"11:32 PM","5:10","SUB: Dellavedova FOR Thompson",null,null,null,null],["0041400404",487,3,12,4,"11:32 PM","5:10","Mozgov Free Throw 2 of 2 (28 PTS)",null,null,"93 - 79","-14"],["0041400404",489,6,2,4,"11:33 PM","4:49","James S.FOUL (P4.T2) (J.Crawford)",null,null,null,null],["0041400404",490,3,11,4,"11:33 PM","4:49",null,null,"MISS Lee Free Throw 1 of 2",null,null],["0041400404",491,4,1,4,"11:33 PM","4:49",null,null,"Warriors Rebound",null,null],["0041400404",492,3,12,4,"11:33 PM","4:49",null,null,"MISS Lee Free Throw 2 of 2",null,null],["0041400404",494,4,0,4,"11:33 PM","4:48","James REBOUND (Off:2 Def:9)",null,null,null,null],["0041400404",495,2,1,4,"11:34 PM","4:31","MISS Dellavedova 27' 3PT Jump Shot",null,null,null,null],["0041400404",496,4,0,4,"11:34 PM","4:30",null,null,"Lee REBOUND (Off:0 Def:5)",null,null],["0041400404",497,6,1,4,"11:34 PM","4:24","Shumpert P.FOUL (P2.T3) (K.Mauer)",null,null,null,null],["0041400404",498,8,0,4,"11:34 PM","4:24",null,null,"SUB: Green FOR Lee",null,null],["0041400404",499,5,4,4,"11:35 PM","4:19",null,null,"Curry Traveling Turnover (P4.T7)",null,null],["0041400404",500,5,2,4,"11:35 PM","4:12","James Lost Ball Turnover (P2.T8)",null,"Iguodala STEAL (1 STL)",null,null],["0041400404",501,1,43,4,"11:35 PM","3:58",null,null,"Livingston 1' Alley Oop Layup (6 PTS) (Green 6 AST)","95 - 79","-16"],["0041400404",502,5,2,4,"11:36 PM","3:37","Mozgov Lost Ball Turnover (P3.T9)",null,"Livingston STEAL (1 STL)",null,null],["0041400404",503,6,2,4,"11:36 PM","3:33","James S.FOUL (P5.T4) (M.Callahan)",null,null,null,null],["0041400404",504,3,11,4,"11:36 PM","3:33",null,null,"Livingston Free Throw 1 of 2 (7 PTS)","96 - 79","-17"],["0041400404",506,3,12,4,"11:36 PM","3:33",null,null,"MISS Livingston Free Throw 2 of 2",null,null],["0041400404",508,4,0,4,"11:37 PM","3:32","James REBOUND (Off:2 Def:10)",null,null,null,null],["0041400404",509,2,46,4,"11:37 PM","3:16","MISS Shumpert 11' Running Jump Shot",null,null,null,null],["0041400404",510,4,0,4,"11:37 PM","3:15",null,null,"Livingston REBOUND (Off:1 Def:6)",null,null],["0041400404",511,1,71,4,"11:37 PM","3:06",null,null,"Curry 1' Finger Roll Layup (22 PTS)","98 - 79","-19"],["0041400404",512,9,1,4,"11:37 PM","3:06","CAVALIERS Timeout: Regular (Full 5 Short 0)",null,null,null,null],["0041400404",514,8,0,4,"11:40 PM","3:06","SUB: Jones FOR James",null,null,null,null],["0041400404",515,8,0,4,"11:40 PM","3:06","SUB: Perkins FOR Mozgov",null,null,null,null],["0041400404",516,8,0,4,"11:40 PM","3:06","SUB: Harris FOR Shumpert",null,null,null,null],["0041400404",517,8,0,4,"11:40 PM","3:06","SUB: Miller FOR Dellavedova",null,null,null,null],["0041400404",518,8,0,4,"11:40 PM","3:06",null,null,"SUB: Barbosa FOR Curry",null,null],["0041400404",519,2,1,4,"11:41 PM","2:44","MISS Jones 24' 3PT Jump Shot",null,null,null,null],["0041400404",520,4,0,4,"11:41 PM","2:43",null,null,"Green REBOUND (Off:0 Def:7)",null,null],["0041400404",521,1,1,4,"11:41 PM","2:29",null,null,"Green 15' Jump Shot (17 PTS) (Barbosa 1 AST)","100 - 79","-21"],["0041400404",522,2,1,4,"11:42 PM","2:14","MISS Smith 24' 3PT Jump Shot",null,null,null,null],["0041400404",523,4,0,4,"11:42 PM","2:13",null,null,"Iguodala REBOUND (Off:1 Def:7)",null,null],["0041400404",524,9,2,4,"11:42 PM","2:08",null,null,"Warriors Timeout: Short (Reg.5 Short 2)",null,null],["0041400404",525,8,0,4,"11:43 PM","2:08",null,null,"SUB: Speights FOR Iguodala",null,null],["0041400404",526,8,0,4,"11:43 PM","2:08",null,null,"SUB: Holiday FOR Green",null,null],["0041400404",527,8,0,4,"11:43 PM","2:08",null,null,"SUB: Barnes FOR Thompson",null,null],["0041400404",528,2,1,4,"11:43 PM","1:52",null,null,"MISS Speights 16' Jump Shot",null,null],["0041400404",529,4,0,4,"11:43 PM","1:51","CAVALIERS Rebound",null,null,null,null],["0041400404",530,2,65,4,"11:44 PM","1:35","MISS Perkins 6' Jump Hook Shot",null,null,null,null],["0041400404",531,4,0,4,"11:44 PM","1:33",null,null,"Speights REBOUND (Off:0 Def:1)",null,null],["0041400404",532,1,47,4,"11:44 PM","1:17",null,null,"Barnes 16' Turnaround Jump Shot (14 PTS)","102 - 79","-23"],["0041400404",533,6,1,4,"11:44 PM","1:12",null,null,"Livingston P.FOUL (P3.PN) (K.Mauer)",null,null],["0041400404",534,3,11,4,"11:44 PM","1:12","Harris Free Throw 1 of 2 (1 PTS)",null,null,"102 - 80","-22"],["0041400404",536,8,0,4,"11:45 PM","1:12",null,null,"SUB: McAdoo FOR Barnes",null,null],["0041400404",537,3,12,4,"11:45 PM","1:12","MISS Harris Free Throw 2 of 2",null,null,null,null],["0041400404",539,4,0,4,"11:45 PM","1:12",null,null,"McAdoo REBOUND (Off:0 Def:1)",null,null],["0041400404",540,2,1,4,"11:45 PM","0:49",null,null,"MISS Barbosa 30' 3PT Jump Shot",null,null],["0041400404",542,4,0,4,"11:45 PM","0:47",null,null,"Speights REBOUND (Off:1 Def:1)",null,null],["0041400404",541,2,4,4,"11:45 PM","0:47",null,null,"MISS Speights 1' Tip Shot",null,null],["0041400404",543,4,0,4,"11:45 PM","0:46","Perkins REBOUND (Off:0 Def:1)",null,null,null,null],["0041400404",544,6,1,4,"11:45 PM","0:37",null,null,"Speights P.FOUL (P1.PN) (J.Crawford)",null,null],["0041400404",545,3,11,4,"11:46 PM","0:37","Perkins Free Throw 1 of 2 (1 PTS)",null,null,"102 - 81","-21"],["0041400404",547,3,12,4,"11:46 PM","0:37","Perkins Free Throw 2 of 2 (2 PTS)",null,null,"102 - 82","-20"],["0041400404",549,6,1,4,"11:46 PM","0:30","Perkins P.FOUL (P1.PN) (J.Crawford)",null,null,null,null],["0041400404",550,3,11,4,"11:46 PM","0:30",null,null,"MISS Speights Free Throw 1 of 2",null,null],["0041400404",551,4,1,4,"11:46 PM","0:30",null,null,"Warriors Rebound",null,null],["0041400404",552,3,12,4,"11:47 PM","0:30",null,null,"Speights Free Throw 2 of 2 (1 PTS)","103 - 82","-21"],["0041400404",554,2,65,4,"11:47 PM","0:15","MISS Perkins 5' Jump Hook Shot",null,null,null,null],["0041400404",555,4,0,4,"11:47 PM","0:11",null,null,"Livingston REBOUND (Off:1 Def:7)",null,null],["0041400404",556,13,0,4,"11:47 PM","0:00",null,null,null,"103 - 82","-21"]]},{"name":"AvailableVideo","headers":["VIDEO_AVAILABLE_FLAG"],"rowSet":[[1]]}]}