{"resource":"playbyplay","parameters":{"GameID":"0041400124","StartPeriod":0,"EndPeriod":14},"resultSets":[{"name":"PlayByPlay","headers":["GAME_ID","EVENTNUM","EVENTMSGTYPE","EVENTMSGACTIONTYPE","PERIOD","WCTIMESTRING","PCTIMESTRING","HOMEDESCRIPTION","NEUTRALDESCRIPTION","VISITORDESCRIPTION","SCORE","SCOREMARGIN"],"rowSet":[["0041400124",0,12,0,1,"5:45 PM","12:00",null,null,null,null,null],["0041400124",1,10,0,1,"5:46 PM","12:00","Jump Ball Pachulia vs. Gasol: Tip to Carter-Williams",null,null,null,null],["0041400124",2,2,1,1,"5:46 PM","11:48","MISS Pachulia 16' Jump Shot",null,null,null,null],["0041400124",3,4,0,1,"5:46 PM","11:46",null,null,"Butler REBOUND (Off:0 Def:1)",null,null],["0041400124",4,5,1,1,"5:46 PM","11:32","Antetokounmpo STEAL (1 STL)",null,"Gasol Bad Pass Turnover (P1.T1)",null,null],["0041400124",5,2,1,1,"5:46 PM","11:26","MISS Carter-Williams 4' Jump Shot",null,null,null,null],["0041400124",6,4,0,1,"5:46 PM","11:25",null,null,"Noah REBOUND (Off:0 Def:1)",null,null],["0041400124",7,1,1,1,"5:47 PM","11:09",null,null,"Rose 25' 3PT Jump Shot (3 PTS) (Dunleavy 1 AST)","3 - 0","-3"],["0041400124",8,2,5,1,"5:47 PM","10:50","MISS Carter-Williams  Layup",null,null,null,null],["0041400124",9,4,0,1,"5:47 PM","10:49",null,null,"Gasol REBOUND (Off:0 Def:1)",null,null],["0041400124",10,5,2,1,"5:47 PM","10:36","Carter-Williams STEAL (1 STL)",null,"Noah Lost Ball Turnover (P1.T2)",null,null],["0041400124",11,1,1,1,"5:47 PM","10:29","Ilyasova 18' Jump Shot (2 PTS) (Carter-Williams 1 AST)",null,null,"3 - 2","-1"],["0041400124",12,2,1,1,"5:48 PM","10:06",null,null,"MISS Gasol 17' Jump Shot",null,null],["0041400124",13,4,0,1,"5:48 PM","10:05","Antetokounmpo REBOUND (Off:0 Def:1)",null,null,null,null],["0041400124",14,1,1,1,"5:48 PM","9:59","Pachulia 15' Jump Shot (2 PTS) (Antetokounmpo 1 AST)",null,null,"3 - 4","1"],["0041400124",15,2,65,1,"5:48 PM","9:31",null,null,"MISS Rose 5' Jump Hook Shot",null,null],["0041400124",16,4,0,1,"5:48 PM","9:31",null,null,"Bulls Rebound",null,null],["0041400124",17,5,1,1,"5:49 PM","9:23",null,null,"Rose Bad Pass Turnover (P1.T3)",null,null],["0041400124",18,2,1,1,"5:49 PM","9:03","MISS Carter-Williams 12' Jump Shot",null,null,null,null],["0041400124",20,4,0,1,"5:49 PM","9:02","Antetokounmpo REBOUND (Off:1 Def:1)",null,null,null,null],["0041400124",19,2,4,1,"5:49 PM","9:02","MISS Antetokounmpo  Tip Shot",null,null,null,null],["0041400124",21,4,0,1,"5:49 PM","9:02","BUCKS Rebound",null,null,null,null],["0041400124",22,6,3,1,"5:49 PM","9:02",null,null,"Dunleavy L.B.FOUL (P1.T1) (Z.Zarba)",null,null],["0041400124",23,2,1,1,"5:49 PM","8:54","MISS Middleton 26' 3PT Jump Shot",null,null,null,null],["0041400124",24,4,0,1,"5:50 PM","8:52",null,null,"Butler REBOUND (Off:0 Def:2)",null,null],["0041400124",25,6,1,1,"5:50 PM","8:45","Carter-Williams P.FOUL (P1.T1) (J.Phillips)",null,null,null,null],["0041400124",26,5,1,1,"5:50 PM","8:38","Pachulia STEAL (1 STL)",null,"Rose Bad Pass Turnover (P2.T4)",null,null],["0041400124",27,6,2,1,"5:50 PM","8:29",null,null,"Noah S.FOUL (P1.T2) (J.Phillips)",null,null],["0041400124",28,3,11,1,"5:50 PM","8:29","Antetokounmpo Free Throw 1 of 2 (1 PTS)",null,null,"3 - 5","2"],["0041400124",32,3,12,1,"5:51 PM","8:29","Antetokounmpo Free Throw 2 of 2 (2 PTS)",null,null,"3 - 6","3"],["0041400124",34,5,2,1,"5:52 PM","8:14","Ilyasova STEAL (1 STL)",null,"Rose Lost Ball Turnover (P3.T5)",null,null],["0041400124",35,1,48,1,"5:52 PM","8:11","Carter-Williams 1' Dunk (2 PTS) (Antetokounmpo 2 AST)",null,null,"3 - 8","5"],["0041400124",70,1,45,1,"5:52 PM","8:06",null,null,"Butler 24' 3PT Jump Shot (3 PTS) (Rose 1 AST)","6 - 8","2"],["0041400124",46,5,41,1,"5:52 PM","7:47","Antetokounmpo Poss Lost Ball Turnover (P1.T1)",null,"Dunleavy STEAL (1 STL)",null,null],["0041400124",37,1,1,1,"5:52 PM","7:38",null,null,"Dunleavy 27' 3PT Jump Shot (3 PTS) (Noah 1 AST)","9 - 8","-1"],["0041400124",49,2,45,1,"5:52 PM","7:28","MISS Middleton 18' Jump Shot",null,"Gasol BLOCK (1 BLK)",null,null],["0041400124",50,4,0,1,"5:52 PM","7:27",null,null,"Rose REBOUND (Off:0 Def:1)",null,null],["0041400124",38,2,1,1,"5:52 PM","7:18",null,null,"MISS Butler 26' 3PT Jump Shot",null,null],["0041400124",57,4,0,1,"5:52 PM","7:17","Pachulia REBOUND (Off:0 Def:1)",null,null,null,null],["0041400124",40,1,1,1,"5:53 PM","6:58","Ilyasova 27' 3PT Jump Shot (5 PTS)",null,null,"9 - 11","2"],["0041400124",42,6,1,1,"5:53 PM","6:43","Ilyasova P.FOUL (P1.T2) (Z.Zarba)",null,null,null,null],["0041400124",43,1,5,1,"5:54 PM","6:36",null,null,"Dunleavy 1' Layup (5 PTS) (Rose 2 AST)","11 - 11","TIE"],["0041400124",44,2,1,1,"5:54 PM","6:16","MISS Ilyasova 13' Jump Shot",null,null,null,null],["0041400124",45,4,0,1,"5:54 PM","6:16",null,null,"Dunleavy REBOUND (Off:0 Def:1)",null,null],["0041400124",47,6,3,1,"5:55 PM","6:16","Antetokounmpo L.B.FOUL (P1.T3) (J.Phillips)",null,null,null,null],["0041400124",48,18,2,1,"5:55 PM","6:16",null,null,null,null,null],["0041400124",51,6,16,1,"5:57 PM","6:16",null,null,null,null,null],["0041400124",52,5,1,1,"5:58 PM","5:59","Pachulia STEAL (2 STL)",null,"Butler Bad Pass Turnover (P1.T6)",null,null],["0041400124",105,2,45,1,"5:58 PM","5:47","MISS Ilyasova 4' Jump Shot",null,null,null,null],["0041400124",109,4,0,1,"5:58 PM","5:45",null,null,"Bulls Rebound",null,null],["0041400124",56,6,3,1,"5:58 PM","5:45","Pachulia L.B.FOUL (P1.T4) (Z.Zarba)",null,null,null,null],["0041400124",58,9,1,1,"5:58 PM","5:45","BUCKS Timeout: Regular (Full 1 Short 0)",null,null,null,null],["0041400124",59,8,0,1,"6:01 PM","5:45","SUB: Henson FOR Pachulia",null,null,null,null],["0041400124",60,2,1,1,"6:02 PM","5:22",null,null,"MISS Butler 17' Jump Shot",null,null],["0041400124",61,4,0,1,"6:02 PM","5:20","Ilyasova REBOUND (Off:0 Def:1)",null,null,null,null],["0041400124",62,2,1,1,"6:02 PM","5:07","MISS Ilyasova 28' 3PT Jump Shot",null,null,null,null],["0041400124",64,4,0,1,"6:02 PM","5:07","BUCKS Rebound",null,null,null,null],["0041400124",65,8,0,1,"6:02 PM","5:07",null,null,"SUB: Gibson FOR Noah",null,null],["0041400124",66,2,5,1,"6:03 PM","4:59","MISS Carter-Williams 3' Layup",null,null,null,null],["0041400124",67,4,0,1,"6:03 PM","4:58",null,null,"Gasol REBOUND (Off:0 Def:2)",null,null],["0041400124",68,5,1,1,"6:03 PM","4:56","Henson STEAL (1 STL)",null,"Gasol Bad Pass Turnover (P2.T7)",null,null],["0041400124",69,1,5,1,"6:03 PM","4:52","Antetokounmpo  Layup (4 PTS) (Carter-Williams 2 AST)",null,null,"11 - 13","2"],["0041400124",71,1,5,1,"6:03 PM","4:26",null,null,"Butler  Layup (5 PTS)","13 - 13","TIE"],["0041400124",72,5,1,1,"6:03 PM","4:15","Ilyasova Bad Pass Turnover (P1.T2)",null,"Butler STEAL (1 STL)",null,null],["0041400124",73,1,7,1,"6:03 PM","4:12",null,null,"Butler  Dunk (7 PTS)","15 - 13","-2"],["0041400124",74,1,5,1,"6:04 PM","3:52","Carter-Williams 1' Layup (4 PTS)",null,null,"15 - 15","TIE"],["0041400124",75,2,5,1,"6:04 PM","3:42",null,null,"MISS Rose 1' Layup",null,null],["0041400124",76,4,0,1,"6:04 PM","3:40",null,null,"Gibson REBOUND (Off:1 Def:0)",null,null],["0041400124",77,2,5,1,"6:04 PM","3:39",null,null,"MISS Gibson 2' Layup",null,null],["0041400124",78,4,0,1,"6:04 PM","3:38",null,null,"Gasol REBOUND (Off:1 Def:2)",null,null],["0041400124",79,2,5,1,"6:04 PM","3:36",null,null,"MISS Gasol 1' Layup",null,null],["0041400124",80,4,0,1,"6:04 PM","3:35","Antetokounmpo REBOUND (Off:1 Def:2)",null,null,null,null],["0041400124",81,2,1,1,"6:04 PM","3:28","MISS Ilyasova 26' 3PT Jump Shot",null,null,null,null],["0041400124",82,4,0,1,"6:04 PM","3:27",null,null,"Dunleavy REBOUND (Off:0 Def:2)",null,null],["0041400124",84,1,5,1,"6:04 PM","3:17",null,null,"Gasol 1' Layup (2 PTS) (Gibson 1 AST)","17 - 15","-2"],["0041400124",86,2,1,1,"6:04 PM","3:02","MISS Middleton 15' Jump Shot",null,null,null,null],["0041400124",87,4,0,1,"6:04 PM","3:01",null,null,"Rose REBOUND (Off:0 Def:2)",null,null],["0041400124",88,5,2,1,"6:05 PM","2:44","Ilyasova STEAL (2 STL)",null,"Gibson Lost Ball Turnover (P1.T8)",null,null],["0041400124",89,1,5,1,"6:05 PM","2:39","Carter-Williams  Layup (6 PTS) (Middleton 1 AST)",null,null,"17 - 17","TIE"],["0041400124",91,1,1,1,"6:05 PM","2:21",null,null,"Butler 15' Jump Shot (9 PTS) (Gasol 1 AST)","19 - 17","-2"],["0041400124",92,2,1,1,"6:05 PM","2:02","MISS Antetokounmpo 11' Jump Shot",null,null,null,null],["0041400124",93,4,0,1,"6:05 PM","2:01",null,null,"Gasol REBOUND (Off:1 Def:3)",null,null],["0041400124",95,1,42,1,"6:06 PM","1:47",null,null,"Dunleavy  Driving Layup (7 PTS)","21 - 17","-4"],["0041400124",97,9,2,1,"6:06 PM","1:39","BUCKS Timeout: Short (Full 1 Short 1)",null,null,null,null],["0041400124",98,9,1,1,"6:06 PM","1:39",null,null,"Bulls Timeout: Regular (Reg.1 Short 0)",null,null],["0041400124",100,8,0,1,"6:08 PM","1:39",null,null,"SUB: Mirotic FOR Dunleavy",null,null],["0041400124",101,8,0,1,"6:09 PM","1:39","SUB: Mayo FOR Ilyasova",null,null,null,null],["0041400124",102,8,0,1,"6:09 PM","1:39","SUB: Dudley FOR Middleton",null,null,null,null],["0041400124",103,2,1,1,"6:09 PM","1:32","MISS Carter-Williams 17' Jump Shot",null,null,null,null],["0041400124",104,4,0,1,"6:09 PM","1:31","BUCKS Rebound",null,null,null,null],["0041400124",106,2,5,1,"6:10 PM","1:20","MISS Carter-Williams  Layup",null,"Gibson BLOCK (1 BLK)",null,null],["0041400124",107,4,0,1,"6:10 PM","1:17",null,null,"Gibson REBOUND (Off:1 Def:1)",null,null],["0041400124",108,6,2,1,"6:10 PM","1:12","Mayo S.FOUL (P1.PN) (D.Guthrie)",null,null,null,null],["0041400124",110,3,11,1,"6:10 PM","1:12",null,null,"Rose Free Throw 1 of 2 (4 PTS)","22 - 17","-5"],["0041400124",112,8,0,1,"6:10 PM","1:12","SUB: Bayless FOR Carter-Williams",null,null,null,null],["0041400124",113,3,12,1,"6:11 PM","1:12",null,null,"Rose Free Throw 2 of 2 (5 PTS)","23 - 17","-6"],["0041400124",117,8,0,1,"6:11 PM","1:02",null,null,"SUB: Brooks FOR Rose",null,null],["0041400124",118,1,1,1,"6:11 PM","0:48","Mayo 17' Jump Shot (2 PTS)",null,null,"23 - 19","-4"],["0041400124",119,5,13,1,"6:12 PM","0:32",null,null,"Butler Backcourt Turnover (P2.T9)",null,null],["0041400124",120,2,1,1,"6:12 PM","0:24","MISS Bayless 4' Jump Shot",null,null,null,null],["0041400124",121,4,0,1,"6:12 PM","0:23",null,null,"Mirotic REBOUND (Off:0 Def:1)",null,null],["0041400124",122,2,1,1,"6:12 PM","0:03",null,null,"MISS Brooks 3' Jump Shot",null,null],["0041400124",123,4,0,1,"6:12 PM","0:02","Antetokounmpo REBOUND (Off:1 Def:3)",null,null,null,null],["0041400124",124,2,5,1,"6:13 PM","0:00","MISS Mayo 2' Layup",null,"Butler BLOCK (1 BLK)",null,null],["0041400124",125,4,0,1,"6:13 PM","0:00","BUCKS Rebound",null,null,null,null],["0041400124",126,13,0,1,"6:13 PM","0:00",null,null,null,"23 - 19","-4"],["0041400124",128,12,0,2,"6:16 PM","12:00",null,null,null,"23 - 19","-4"],["0041400124",129,1,5,2,"6:17 PM","11:34",null,null,"Gibson 1' Layup (2 PTS) (Mirotic 1 AST)","25 - 19","-6"],["0041400124",130,6,1,2,"6:17 PM","11:23",null,null,"Butler P.FOUL (P1.T1) (Z.Zarba)",null,null],["0041400124",131,8,0,2,"6:17 PM","11:23",null,null,"SUB: Snell FOR Butler",null,null],["0041400124",132,5,2,2,"6:18 PM","11:09","Dudley Lost Ball Turnover (P1.T3)",null,"Brooks STEAL (1 STL)",null,null],["0041400124",133,1,1,2,"6:18 PM","11:02",null,null,"Mirotic 26' 3PT Jump Shot (3 PTS) (Noah 2 AST)","28 - 19","-9"],["0041400124",134,1,1,2,"6:18 PM","10:45","Dudley 25' 3PT Jump Shot (3 PTS) (Mayo 1 AST)",null,null,"28 - 22","-6"],["0041400124",135,2,1,2,"6:18 PM","10:22",null,null,"MISS Mirotic 26' 3PT Jump Shot",null,null],["0041400124",136,4,0,2,"6:18 PM","10:20","Dudley REBOUND (Off:0 Def:1)",null,null,null,null],["0041400124",137,2,1,2,"6:18 PM","10:15","MISS Dudley 25' 3PT Jump Shot",null,null,null,null],["0041400124",138,4,0,2,"6:18 PM","10:13","Henson REBOUND (Off:1 Def:0)",null,null,null,null],["0041400124",139,1,1,2,"6:19 PM","10:03","Mayo 25' 3PT Jump Shot (5 PTS) (Bayless 1 AST)",null,null,"28 - 25","-3"],["0041400124",140,2,1,2,"6:19 PM","9:44",null,null,"MISS Gibson 17' Jump Shot",null,null],["0041400124",141,4,0,2,"6:19 PM","9:43","Mayo REBOUND (Off:0 Def:1)",null,null,null,null],["0041400124",142,2,44,2,"6:19 PM","9:38","MISS Henson 1' Reverse Layup",null,null,null,null],["0041400124",143,4,0,2,"6:19 PM","9:35",null,null,"Snell REBOUND (Off:0 Def:1)",null,null],["0041400124",144,6,14,2,"6:20 PM","9:30","Mayo FLAGRANT.FOUL.TYPE1 (P2.T1) (Z.Zarba)",null,null,null,null],["0041400124",145,18,0,2,"6:20 PM","9:30",null,null,null,null,null],["0041400124",146,3,18,2,"6:21 PM","9:30",null,null,"Gibson Free Throw Flagrant 1 of 2 (3 PTS)","29 - 25","-4"],["0041400124",148,3,19,2,"6:21 PM","9:30",null,null,"MISS Gibson Free Throw Flagrant 2 of 2",null,null],["0041400124",149,4,1,2,"6:21 PM","9:30",null,null,"Bulls Rebound",null,null],["0041400124",150,5,2,2,"6:22 PM","9:24","Mayo STEAL (1 STL)",null,"Brooks Lost Ball Turnover (P1.T10)",null,null],["0041400124",151,1,5,2,"6:22 PM","9:19","Henson  Layup (2 PTS) (Bayless 2 AST)",null,null,"29 - 27","-2"],["0041400124",152,7,5,2,"6:22 PM","9:08","Dudley Violation:Kicked Ball (J.Phillips)",null,null,null,null],["0041400124",153,2,1,2,"6:23 PM","8:52",null,null,"MISS Gibson 16' Jump Shot",null,null],["0041400124",154,4,0,2,"6:23 PM","8:51","Middleton REBOUND (Off:0 Def:1)",null,null,null,null],["0041400124",155,1,42,2,"6:23 PM","8:40","Bayless  Driving Layup (2 PTS)",null,null,"29 - 29","TIE"],["0041400124",156,6,2,2,"6:23 PM","8:18","Henson S.FOUL (P1.T2) (Z.Zarba)",null,null,null,null],["0041400124",157,9,4,2,"6:23 PM","8:18",null,null,null,null,null],["0041400124",159,8,0,2,"6:26 PM","8:18","SUB: Pachulia FOR Henson",null,null,null,null],["0041400124",160,3,11,2,"6:26 PM","8:18",null,null,"MISS Gibson Free Throw 1 of 2",null,null],["0041400124",161,4,1,2,"6:26 PM","8:18",null,null,"Bulls Rebound",null,null],["0041400124",162,3,12,2,"6:27 PM","8:18",null,null,"Gibson Free Throw 2 of 2 (4 PTS)","30 - 29","-1"],["0041400124",165,1,44,2,"6:27 PM","8:08","Middleton  Reverse Layup (2 PTS) (Dudley 1 AST)",null,null,"30 - 31","1"],["0041400124",166,5,11,2,"6:27 PM","7:42",null,null,"Bulls Turnover: Shot Clock (T#11)",null,null],["0041400124",167,6,1,2,"6:28 PM","7:37",null,null,"Brooks P.FOUL (P1.T2) (Z.Zarba)",null,null],["0041400124",169,6,14,2,"6:29 PM","7:33",null,null,"Brooks FLAGRANT.FOUL.TYPE1 (P2.T3) (Z.Zarba)",null,null],["0041400124",177,6,11,2,"6:29 PM","7:33","Bayless T.FOUL (P0.T2) (Z.Zarba)",null,null,null,null],["0041400124",171,18,1,2,"6:30 PM","7:33",null,null,null,null,null],["0041400124",174,3,16,2,"6:31 PM","7:33",null,null,"MISS Brooks Free Throw Technical",null,null],["0041400124",175,4,1,2,"6:31 PM","7:33","BUCKS Rebound",null,null,null,null],["0041400124",176,3,18,2,"6:31 PM","7:33","Bayless Free Throw Flagrant 1 of 2 (3 PTS)",null,null,"30 - 32","2"],["0041400124",179,3,19,2,"6:32 PM","7:33","Bayless Free Throw Flagrant 2 of 2 (4 PTS)",null,null,"30 - 33","3"],["0041400124",181,6,2,2,"6:32 PM","7:24",null,null,"Brooks S.FOUL (P3.T4) (Z.Zarba)",null,null],["0041400124",182,3,11,2,"6:32 PM","7:24","Bayless Free Throw 1 of 2 (5 PTS)",null,null,"30 - 34","4"],["0041400124",184,8,0,2,"6:33 PM","7:24",null,null,"SUB: Rose FOR Brooks",null,null],["0041400124",185,3,12,2,"6:33 PM","7:24","Bayless Free Throw 2 of 2 (6 PTS)",null,null,"30 - 35","5"],["0041400124",187,5,2,2,"6:33 PM","7:09","Mayo STEAL (2 STL)",null,"Snell Lost Ball Turnover (P1.T12)",null,null],["0041400124",188,6,1,2,"6:34 PM","7:09",null,null,"Snell P.FOUL (P1.PN) (D.Guthrie)",null,null],["0041400124",189,18,0,2,"6:34 PM","7:09",null,null,null,null,null],["0041400124",191,8,0,2,"6:34 PM","7:09",null,null,"SUB: Butler FOR Snell",null,null],["0041400124",192,3,11,2,"6:35 PM","7:09","Mayo Free Throw 1 of 2 (6 PTS)",null,null,"30 - 36","6"],["0041400124",193,3,12,2,"6:35 PM","7:09","Mayo Free Throw 2 of 2 (7 PTS)",null,null,"30 - 37","7"],["0041400124",195,5,2,2,"6:35 PM","6:52","Pachulia STEAL (3 STL)",null,"Mirotic Lost Ball Turnover (P1.T13)",null,null],["0041400124",196,2,5,2,"6:35 PM","6:48","MISS Bayless  Layup",null,null,null,null],["0041400124",197,4,0,2,"6:35 PM","6:45","Bayless REBOUND (Off:1 Def:0)",null,null,null,null],["0041400124",198,2,1,2,"6:35 PM","6:42","MISS Mayo 25' 3PT Jump Shot",null,null,null,null],["0041400124",199,4,0,2,"6:35 PM","6:42",null,null,"Gibson REBOUND (Off:1 Def:2)",null,null],["0041400124",200,6,1,2,"6:35 PM","6:42","Bayless P.FOUL (P1.T3) (J.Phillips)",null,null,null,null],["0041400124",201,8,0,2,"6:36 PM","6:42",null,null,"SUB: Dunleavy FOR Mirotic",null,null],["0041400124",202,5,40,2,"6:36 PM","6:21",null,null,"Rose Out of Bounds Lost Ball Turnover (P4.T14)",null,null],["0041400124",203,1,1,2,"6:36 PM","6:08","Mayo 24' 3PT Jump Shot (10 PTS) (Bayless 3 AST)",null,null,"30 - 40","10"],["0041400124",204,6,2,2,"6:37 PM","5:49","Dudley S.FOUL (P1.T4) (J.Phillips)",null,null,null,null],["0041400124",205,9,1,2,"6:37 PM","5:49","BUCKS Timeout: Regular (Full 2 Short 1)",null,null,null,null],["0041400124",207,8,0,2,"6:39 PM","5:49",null,null,"SUB: Gasol FOR Noah",null,null],["0041400124",208,3,11,2,"6:40 PM","5:49",null,null,"Butler Free Throw 1 of 2 (10 PTS)","31 - 40","9"],["0041400124",210,3,12,2,"6:40 PM","5:49",null,null,"Butler Free Throw 2 of 2 (11 PTS)","32 - 40","8"],["0041400124",213,2,1,2,"6:41 PM","5:35","MISS Dudley 14' Jump Shot",null,null,null,null],["0041400124",214,4,0,2,"6:41 PM","5:34",null,null,"Butler REBOUND (Off:0 Def:3)",null,null],["0041400124",216,1,44,2,"6:41 PM","5:17",null,null,"Gibson  Reverse Layup (6 PTS) (Butler 1 AST)","34 - 40","6"],["0041400124",218,1,1,2,"6:41 PM","5:08","Dudley 24' 3PT Jump Shot (6 PTS) (Mayo 2 AST)",null,null,"34 - 43","9"],["0041400124",220,2,1,2,"6:41 PM","4:43",null,null,"MISS Butler 26' 3PT Jump Shot",null,null],["0041400124",221,4,0,2,"6:42 PM","4:42","Bayless REBOUND (Off:1 Def:1)",null,null,null,null],["0041400124",222,5,1,2,"6:42 PM","4:28","Dudley Bad Pass Turnover (P2.T4)",null,"Rose STEAL (1 STL)",null,null],["0041400124",223,2,5,2,"6:42 PM","4:23",null,null,"MISS Butler 1' Layup",null,null],["0041400124",224,4,0,2,"6:42 PM","4:21","Middleton REBOUND (Off:0 Def:2)",null,null,null,null],["0041400124",225,1,1,2,"6:42 PM","4:13","Dudley  3PT Jump Shot (9 PTS) (Mayo 3 AST)",null,null,"34 - 46","12"],["0041400124",226,2,1,2,"6:42 PM","3:58",null,null,"MISS Rose 27' 3PT Jump Shot",null,null],["0041400124",227,4,0,2,"6:42 PM","3:57","BUCKS Rebound",null,null,null,null],["0041400124",228,2,1,2,"6:43 PM","3:45","MISS Bayless 26' 3PT Jump Shot",null,null,null,null],["0041400124",229,4,0,2,"6:43 PM","3:44",null,null,"Dunleavy REBOUND (Off:0 Def:3)",null,null],["0041400124",230,1,1,2,"6:43 PM","3:31",null,null,"Butler 24' 3PT Jump Shot (14 PTS) (Gasol 2 AST)","37 - 46","9"],["0041400124",231,6,2,2,"6:43 PM","3:18",null,null,"Gasol S.FOUL (P1.PN) (D.Guthrie)",null,null],["0041400124",232,3,11,2,"6:44 PM","3:18","MISS Pachulia Free Throw 1 of 2",null,null,null,null],["0041400124",233,4,1,2,"6:44 PM","3:18","BUCKS Rebound",null,null,null,null],["0041400124",234,8,0,2,"6:44 PM","3:18",null,null,"SUB: Mirotic FOR Gibson",null,null],["0041400124",235,3,12,2,"6:44 PM","3:18","MISS Pachulia Free Throw 2 of 2",null,null,null,null],["0041400124",237,4,0,2,"6:44 PM","3:17",null,null,"Gasol REBOUND (Off:1 Def:4)",null,null],["0041400124",238,2,1,2,"6:45 PM","2:57",null,null,"MISS Mirotic 16' Jump Shot",null,null],["0041400124",239,4,0,2,"6:45 PM","2:56","Middleton REBOUND (Off:0 Def:3)",null,null,null,null],["0041400124",240,5,1,2,"6:45 PM","2:48","Mayo Bad Pass Turnover (P1.T5)",null,"Butler STEAL (2 STL)",null,null],["0041400124",241,1,5,2,"6:45 PM","2:43",null,null,"Mirotic 1' Layup (5 PTS) (Butler 2 AST)","39 - 46","7"],["0041400124",242,9,1,2,"6:45 PM","2:41","BUCKS Timeout: Regular (Full 3 Short 1)",null,null,null,null],["0041400124",244,8,0,2,"6:48 PM","2:41","SUB: Henson FOR Pachulia",null,null,null,null],["0041400124",245,8,0,2,"6:48 PM","2:41","SUB: Carter-Williams FOR Mayo",null,null,null,null],["0041400124",247,8,0,2,"6:48 PM","2:37","SUB: Antetokounmpo FOR Dudley",null,null,null,null],["0041400124",248,5,11,2,"6:48 PM","2:18","BUCKS Turnover: Shot Clock (T#6)",null,null,null,null],["0041400124",249,2,5,2,"6:49 PM","2:04","Henson BLOCK (1 BLK)",null,"MISS Rose 2' Layup",null,null],["0041400124",250,4,0,2,"6:49 PM","2:02","Carter-Williams REBOUND (Off:0 Def:1)",null,null,null,null],["0041400124",252,1,1,2,"6:49 PM","1:51","Middleton 8' Jump Shot (4 PTS) (Carter-Williams 3 AST)",null,null,"39 - 48","9"],["0041400124",253,1,1,2,"6:50 PM","1:33",null,null,"Butler 11' Jump Shot (16 PTS) (Mirotic 2 AST)","41 - 48","7"],["0041400124",254,2,5,2,"6:50 PM","1:09","MISS Henson 1' Layup",null,null,null,null],["0041400124",256,4,0,2,"6:50 PM","1:07","Henson REBOUND (Off:2 Def:0)",null,null,null,null],["0041400124",255,1,4,2,"6:50 PM","1:07","Henson 1' Tip Shot (4 PTS)",null,null,"41 - 50","9"],["0041400124",257,6,1,2,"6:50 PM","0:57","Henson P.FOUL (P2.PN) (J.Phillips)",null,null,null,null],["0041400124",258,3,11,2,"6:51 PM","0:57",null,null,"Gasol Free Throw 1 of 2 (3 PTS)","42 - 50","8"],["0041400124",260,3,12,2,"6:51 PM","0:57",null,null,"Gasol Free Throw 2 of 2 (4 PTS)","43 - 50","7"],["0041400124",262,6,1,2,"6:51 PM","0:48",null,null,"Mirotic P.FOUL (P1.PN) (Z.Zarba)",null,null],["0041400124",263,3,11,2,"6:52 PM","0:48","MISS Antetokounmpo Free Throw 1 of 2",null,null,null,null],["0041400124",264,4,1,2,"6:52 PM","0:48","BUCKS Rebound",null,null,null,null],["0041400124",265,3,12,2,"6:52 PM","0:48","MISS Antetokounmpo Free Throw 2 of 2",null,null,null,null],["0041400124",267,4,0,2,"6:52 PM","0:46",null,null,"Gasol REBOUND (Off:1 Def:5)",null,null],["0041400124",268,1,66,2,"6:53 PM","0:28",null,null,"Butler 15' Jump Bank Shot (18 PTS) (Gasol 3 AST)","45 - 50","5"],["0041400124",269,5,1,2,"6:53 PM","0:10","Carter-Williams Bad Pass Turnover (P1.T7)",null,"Mirotic STEAL (1 STL)",null,null],["0041400124",270,6,2,2,"6:53 PM","0:08","Bayless S.FOUL (P2.PN) (D.Guthrie)",null,null,null,null],["0041400124",271,3,11,2,"6:53 PM","0:08",null,null,"Butler Free Throw 1 of 2 (19 PTS)","46 - 50","4"],["0041400124",273,8,0,2,"6:54 PM","0:08",null,null,"SUB: Noah FOR Gasol",null,null],["0041400124",274,8,0,2,"6:54 PM","0:08",null,null,"SUB: Gibson FOR Mirotic",null,null],["0041400124",275,3,12,2,"6:54 PM","0:08",null,null,"Butler Free Throw 2 of 2 (20 PTS)","47 - 50","3"],["0041400124",277,5,1,2,"6:54 PM","0:04","Carter-Williams Bad Pass Turnover (P2.T8)",null,null,null,null],["0041400124",278,8,0,2,"6:54 PM","0:04",null,null,"SUB: Gasol FOR Noah",null,null],["0041400124",279,8,0,2,"6:54 PM","0:04",null,null,"SUB: Mirotic FOR Gibson",null,null],["0041400124",280,1,66,2,"6:55 PM","0:00",null,null,"Butler 26' 3PT Jump Bank Shot (23 PTS)","50 - 50","TIE"],["0041400124",281,13,0,2,"6:55 PM","0:00",null,null,null,"50 - 50","TIE"],["0041400124",283,12,0,3,"7:12 PM","12:00",null,null,null,"50 - 50","TIE"],["0041400124",284,5,1,3,"7:13 PM","11:49","Pachulia STEAL (4 STL)",null,"Dunleavy Bad Pass Turnover (P1.T15)",null,null],["0041400124",285,6,1,3,"7:13 PM","11:40",null,null,"Noah P.FOUL (P2.T1) (Z.Zarba)",null,null],["0041400124",286,2,1,3,"7:13 PM","11:34","MISS Ilyasova 25' 3PT Jump Shot",null,null,null,null],["0041400124",287,4,0,3,"7:13 PM","11:33",null,null,"Gasol REBOUND (Off:1 Def:6)",null,null],["0041400124",288,6,1,3,"7:13 PM","11:24","Antetokounmpo P.FOUL (P2.T1) (D.Guthrie)",null,null,null,null],["0041400124",289,6,4,3,"7:14 PM","11:15",null,null,"Butler OFF.Foul (P2) (Z.Zarba)",null,null],["0041400124",290,5,5,3,"7:14 PM","11:15",null,null,"Butler Foul Turnover (P3.T16)",null,null],["0041400124",291,2,5,3,"7:15 PM","10:59","MISS Middleton 2' Layup",null,null,null,null],["0041400124",292,4,0,3,"7:15 PM","10:57","Ilyasova REBOUND (Off:1 Def:1)",null,null,null,null],["0041400124",293,2,5,3,"7:15 PM","10:55","MISS Ilyasova 2' Layup",null,null,null,null],["0041400124",294,4,0,3,"7:15 PM","10:54",null,null,"Noah REBOUND (Off:0 Def:2)",null,null],["0041400124",295,2,5,3,"7:15 PM","10:47",null,null,"MISS Rose 3' Layup",null,null],["0041400124",296,4,0,3,"7:15 PM","10:47","Carter-Williams REBOUND (Off:0 Def:2)",null,null,null,null],["0041400124",297,6,1,3,"7:15 PM","10:47",null,null,"Noah P.FOUL (P3.T2) (J.Phillips)",null,null],["0041400124",298,6,2,3,"7:15 PM","10:31",null,null,"Dunleavy S.FOUL (P2.T3) (D.Guthrie)",null,null],["0041400124",299,3,11,3,"7:16 PM","10:31","Ilyasova Free Throw 1 of 2 (6 PTS)",null,null,"50 - 51","1"],["0041400124",301,3,12,3,"7:16 PM","10:31","Ilyasova Free Throw 2 of 2 (7 PTS)",null,null,"50 - 52","2"],["0041400124",303,2,1,3,"7:16 PM","10:17",null,null,"MISS Gasol 17' Jump Shot",null,null],["0041400124",304,4,0,3,"7:16 PM","10:16","Antetokounmpo REBOUND (Off:1 Def:4)",null,null,null,null],["0041400124",305,2,1,3,"7:16 PM","10:03","MISS Middleton 27' 3PT Jump Shot",null,null,null,null],["0041400124",306,4,0,3,"7:16 PM","10:02","Pachulia REBOUND (Off:1 Def:1)",null,null,null,null],["0041400124",307,1,5,3,"7:16 PM","10:00","Pachulia 1' Layup (4 PTS)",null,null,"50 - 54","4"],["0041400124",308,1,5,3,"7:17 PM","9:46",null,null,"Noah  Layup (2 PTS) (Gasol 4 AST)","52 - 54","2"],["0041400124",309,2,1,3,"7:17 PM","9:28","MISS Pachulia 13' Jump Shot",null,null,null,null],["0041400124",310,4,0,3,"7:17 PM","9:27",null,null,"Noah REBOUND (Off:0 Def:3)",null,null],["0041400124",311,5,1,3,"7:17 PM","9:08","Pachulia STEAL (5 STL)",null,"Dunleavy Bad Pass Turnover (P2.T17)",null,null],["0041400124",312,1,5,3,"7:17 PM","9:00","Ilyasova  Layup (9 PTS) (Carter-Williams 4 AST)",null,null,"52 - 56","4"],["0041400124",313,1,44,3,"7:18 PM","8:31",null,null,"Gasol  Reverse Layup (6 PTS) (Noah 3 AST)","54 - 56","2"],["0041400124",314,1,5,3,"7:18 PM","8:19","Carter-Williams 3' Layup (8 PTS)",null,null,"54 - 58","4"],["0041400124",315,2,1,3,"7:18 PM","7:58",null,null,"MISS Rose 19' Jump Shot",null,null],["0041400124",316,4,0,3,"7:18 PM","7:57","Antetokounmpo REBOUND (Off:1 Def:5)",null,null,null,null],["0041400124",317,2,5,3,"7:19 PM","7:52","MISS Antetokounmpo  Layup",null,null,null,null],["0041400124",318,4,0,3,"7:19 PM","7:51",null,null,"Butler REBOUND (Off:0 Def:4)",null,null],["0041400124",319,1,1,3,"7:19 PM","7:45",null,null,"Butler 26' 3PT Jump Shot (26 PTS)","57 - 58","1"],["0041400124",320,2,1,3,"7:19 PM","7:27","MISS Carter-Williams 9' Jump Shot",null,null,null,null],["0041400124",322,4,0,3,"7:19 PM","7:27",null,null,"Bulls Rebound",null,null],["0041400124",323,6,3,3,"7:19 PM","7:27","Antetokounmpo L.B.FOUL (P3.T2) (J.Phillips)",null,null,null,null],["0041400124",324,2,1,3,"7:20 PM","7:17",null,null,"MISS Dunleavy 26' 3PT Jump Shot",null,null],["0041400124",325,4,0,3,"7:20 PM","7:15","Pachulia REBOUND (Off:1 Def:2)",null,null,null,null],["0041400124",326,2,1,3,"7:20 PM","7:03","MISS Ilyasova 22' Jump Shot",null,null,null,null],["0041400124",327,4,0,3,"7:20 PM","7:02",null,null,"Butler REBOUND (Off:0 Def:5)",null,null],["0041400124",328,1,5,3,"7:20 PM","6:51",null,null,"Butler 1' Layup (28 PTS) (Noah 4 AST)","59 - 58","-1"],["0041400124",329,1,1,3,"7:20 PM","6:33","Pachulia 13' Jump Shot (6 PTS) (Carter-Williams 5 AST)",null,null,"59 - 60","1"],["0041400124",330,6,2,3,"7:21 PM","6:19","Ilyasova S.FOUL (P2.T3) (Z.Zarba)",null,null,null,null],["0041400124",331,3,11,3,"7:21 PM","6:19",null,null,"MISS Noah Free Throw 1 of 2",null,null],["0041400124",332,4,1,3,"7:21 PM","6:19",null,null,"Bulls Rebound",null,null],["0041400124",333,3,12,3,"7:21 PM","6:19",null,null,"MISS Noah Free Throw 2 of 2",null,null],["0041400124",335,4,0,3,"7:21 PM","6:18","Antetokounmpo REBOUND (Off:1 Def:6)",null,null,null,null],["0041400124",336,2,1,3,"7:21 PM","6:04","MISS Ilyasova 25' 3PT Jump Shot",null,null,null,null],["0041400124",337,4,0,3,"7:22 PM","6:03",null,null,"Bulls Rebound",null,null],["0041400124",338,2,5,3,"7:22 PM","5:51",null,null,"MISS Noah  Layup",null,null],["0041400124",339,4,0,3,"7:22 PM","5:50","Pachulia REBOUND (Off:1 Def:3)",null,null,null,null],["0041400124",340,6,3,3,"7:22 PM","5:50",null,null,"Gasol L.B.FOUL (P2.T4) (D.Guthrie)",null,null],["0041400124",342,9,1,3,"7:23 PM","5:50","BUCKS Timeout: Regular (Full 4 Short 1)",null,null,null,null],["0041400124",344,8,0,3,"7:25 PM","5:50","SUB: Dudley FOR Ilyasova",null,null,null,null],["0041400124",345,2,1,3,"7:25 PM","5:36","MISS Middleton 16' Jump Shot",null,"Dunleavy BLOCK (1 BLK)",null,null],["0041400124",346,4,0,3,"7:25 PM","5:34",null,null,"Dunleavy REBOUND (Off:0 Def:4)",null,null],["0041400124",347,1,1,3,"7:26 PM","5:17",null,null,"Gasol 13' Jump Shot (8 PTS) (Rose 3 AST)","61 - 60","-1"],["0041400124",348,5,1,3,"7:26 PM","4:50","Middleton Bad Pass Turnover (P1.T9)",null,"Butler STEAL (3 STL)",null,null],["0041400124",349,1,1,3,"7:26 PM","4:43",null,null,"Dunleavy 26' 3PT Jump Shot (10 PTS) (Rose 4 AST)","64 - 60","-4"],["0041400124",350,1,5,3,"7:27 PM","4:29","Middleton 1' Layup (6 PTS) (Pachulia 1 AST)",null,null,"64 - 62","-2"],["0041400124",351,6,2,3,"7:27 PM","4:29",null,null,"Dunleavy S.FOUL (P3.PN) (Z.Zarba)",null,null],["0041400124",352,3,10,3,"7:27 PM","4:29","Middleton Free Throw 1 of 1 (7 PTS)",null,null,"64 - 63","-1"],["0041400124",354,2,1,3,"7:27 PM","4:10",null,null,"MISS Rose 17' Jump Shot",null,null],["0041400124",355,4,0,3,"7:27 PM","4:09","Antetokounmpo REBOUND (Off:1 Def:7)",null,null,null,null],["0041400124",356,1,1,3,"7:28 PM","3:52","Antetokounmpo 18' Jump Shot (6 PTS) (Dudley 2 AST)",null,null,"64 - 65","1"],["0041400124",357,1,1,3,"7:28 PM","3:36",null,null,"Gasol 18' Jump Shot (10 PTS) (Rose 5 AST)","66 - 65","-1"],["0041400124",358,6,29,3,"7:28 PM","3:23",null,null,"Gasol Shooting Block Foul (P3.PN) (J.Phillips)",null,null],["0041400124",359,3,11,3,"7:28 PM","3:23","Pachulia Free Throw 1 of 2 (7 PTS)",null,null,"66 - 66","TIE"],["0041400124",361,3,12,3,"7:29 PM","3:23","Pachulia Free Throw 2 of 2 (8 PTS)",null,null,"66 - 67","1"],["0041400124",363,5,1,3,"7:29 PM","3:07","Pachulia STEAL (6 STL)",null,"Rose Bad Pass Turnover (P5.T18)",null,null],["0041400124",364,1,1,3,"7:29 PM","2:54","Antetokounmpo 19' Jump Shot (8 PTS)",null,null,"66 - 69","3"],["0041400124",365,6,1,3,"7:30 PM","2:45","Pachulia P.FOUL (P2.T4) (J.Phillips)",null,null,null,null],["0041400124",366,9,1,3,"7:30 PM","2:45",null,null,"Bulls Timeout: Regular (Reg.2 Short 0)",null,null],["0041400124",368,8,0,3,"7:32 PM","2:45",null,null,"SUB: Gibson FOR Noah",null,null],["0041400124",369,5,1,3,"7:33 PM","2:32","Middleton STEAL (1 STL)",null,"Gasol Bad Pass Turnover (P3.T19)",null,null],["0041400124",370,2,5,3,"7:33 PM","2:29","MISS Middleton  Layup",null,null,null,null],["0041400124",371,4,0,3,"7:33 PM","2:28",null,null,"Butler REBOUND (Off:0 Def:6)",null,null],["0041400124",372,6,1,3,"7:33 PM","2:16","Pachulia P.FOUL (P3.PN) (Z.Zarba)",null,null,null,null],["0041400124",373,3,11,3,"7:34 PM","2:16",null,null,"Gasol Free Throw 1 of 2 (11 PTS)","67 - 69","2"],["0041400124",375,8,0,3,"7:34 PM","2:16",null,null,"SUB: Snell FOR Butler",null,null],["0041400124",376,3,12,3,"7:34 PM","2:16",null,null,"Gasol Free Throw 2 of 2 (12 PTS)","68 - 69","1"],["0041400124",378,5,1,3,"7:34 PM","2:04","Pachulia Bad Pass Turnover (P1.T10)",null,"Gasol STEAL (1 STL)",null,null],["0041400124",379,1,5,3,"7:34 PM","1:58",null,null,"Gibson 1' Layup (8 PTS) (Dunleavy 2 AST)","70 - 69","-1"],["0041400124",380,2,5,3,"7:35 PM","1:42","MISS Antetokounmpo 3' Layup",null,null,null,null],["0041400124",382,4,0,3,"7:35 PM","1:41","Pachulia REBOUND (Off:2 Def:3)",null,null,null,null],["0041400124",381,2,4,3,"7:35 PM","1:41","MISS Pachulia 1' Tip Shot",null,null,null,null],["0041400124",383,4,0,3,"7:35 PM","1:39",null,null,"Rose REBOUND (Off:0 Def:3)",null,null],["0041400124",384,5,1,3,"7:35 PM","1:27","Dudley STEAL (1 STL)",null,"Rose Bad Pass Turnover (P6.T20)",null,null],["0041400124",385,6,2,3,"7:35 PM","1:26",null,null,"Snell S.FOUL (P2.PN) (J.Phillips)",null,null],["0041400124",386,3,11,3,"7:35 PM","1:26","Antetokounmpo Free Throw 1 of 2 (9 PTS)",null,null,"70 - 70","TIE"],["0041400124",388,8,0,3,"7:36 PM","1:26","SUB: Henson FOR Pachulia",null,null,null,null],["0041400124",389,3,12,3,"7:36 PM","1:26","Antetokounmpo Free Throw 2 of 2 (10 PTS)",null,null,"70 - 71","1"],["0041400124",391,5,1,3,"7:36 PM","1:13",null,null,"Gasol Bad Pass Turnover (P4.T21)",null,null],["0041400124",392,2,3,3,"7:37 PM","0:59","MISS Henson 3' Hook Shot",null,null,null,null],["0041400124",393,4,0,3,"7:37 PM","0:58",null,null,"Bulls Rebound",null,null],["0041400124",394,2,1,3,"7:37 PM","0:37",null,null,"MISS Snell 19' Jump Shot",null,null],["0041400124",395,4,0,3,"7:37 PM","0:36",null,null,"Snell REBOUND (Off:1 Def:1)",null,null],["0041400124",396,2,5,3,"7:37 PM","0:34",null,null,"MISS Snell 1' Layup",null,null],["0041400124",397,4,0,3,"7:37 PM","0:32",null,null,"Gasol REBOUND (Off:2 Def:6)",null,null],["0041400124",398,6,2,3,"7:38 PM","0:32","Dudley S.FOUL (P2.PN) (J.Phillips)",null,null,null,null],["0041400124",399,3,11,3,"7:38 PM","0:32",null,null,"MISS Gasol Free Throw 1 of 2",null,null],["0041400124",400,4,1,3,"7:38 PM","0:32",null,null,"Bulls Rebound",null,null],["0041400124",401,8,0,3,"7:38 PM","0:32","SUB: Mayo FOR Antetokounmpo",null,null,null,null],["0041400124",402,3,12,3,"7:38 PM","0:32",null,null,"Gasol Free Throw 2 of 2 (13 PTS)","71 - 71","TIE"],["0041400124",404,1,1,3,"7:39 PM","0:12","Dudley 13' Jump Shot (11 PTS) (Henson 1 AST)",null,null,"71 - 73","2"],["0041400124",405,13,0,3,"7:39 PM","0:00",null,null,null,"71 - 73","2"],["0041400124",407,12,0,4,"7:43 PM","12:00",null,null,null,"71 - 73","2"],["0041400124",408,1,5,4,"7:43 PM","11:40","Henson 1' Layup (6 PTS) (Dudley 3 AST)",null,null,"71 - 75","4"],["0041400124",409,2,1,4,"7:43 PM","11:14",null,null,"MISS Brooks 11' Jump Shot",null,null],["0041400124",410,4,0,4,"7:43 PM","11:13","Henson REBOUND (Off:2 Def:1)",null,null,null,null],["0041400124",411,5,4,4,"7:44 PM","11:04","Henson Traveling Turnover (P1.T11)",null,null,null,null],["0041400124",412,8,0,4,"7:44 PM","11:04",null,null,"SUB: Butler FOR Snell",null,null],["0041400124",413,2,1,4,"7:44 PM","10:40",null,null,"MISS Gibson 15' Jump Shot",null,null],["0041400124",414,4,0,4,"7:44 PM","10:40",null,null,"Bulls Rebound",null,null],["0041400124",415,5,11,4,"7:44 PM","10:40",null,null,"Bulls Turnover: Shot Clock (T#22)",null,null],["0041400124",416,2,1,4,"7:45 PM","10:30","MISS Bayless 4' Jump Shot",null,"Brooks BLOCK (1 BLK)",null,null],["0041400124",417,4,0,4,"7:45 PM","10:30","BUCKS Rebound",null,null,null,null],["0041400124",418,8,0,4,"7:45 PM","10:30",null,null,"SUB: Mirotic FOR Dunleavy",null,null],["0041400124",419,2,1,4,"7:45 PM","10:22","MISS Mayo 16' Jump Shot",null,null,null,null],["0041400124",420,4,0,4,"7:45 PM","10:21",null,null,"Noah REBOUND (Off:0 Def:4)",null,null],["0041400124",421,1,1,4,"7:45 PM","10:04",null,null,"Butler 14' Jump Shot (30 PTS)","73 - 75","2"],["0041400124",422,5,1,4,"7:46 PM","9:54","Mayo Bad Pass Turnover (P2.T12)",null,"Mirotic STEAL (2 STL)",null,null],["0041400124",423,5,2,4,"7:46 PM","9:49","Mayo STEAL (3 STL)",null,"Mirotic Lost Ball Turnover (P2.T23)",null,null],["0041400124",424,2,1,4,"7:46 PM","9:38","MISS Mayo 26' 3PT Jump Shot",null,null,null,null],["0041400124",425,4,0,4,"7:46 PM","9:37","Bayless REBOUND (Off:2 Def:1)",null,null,null,null],["0041400124",426,1,1,4,"7:46 PM","9:32","Mayo 25' 3PT Jump Shot (13 PTS) (Bayless 4 AST)",null,null,"73 - 78","5"],["0041400124",427,5,1,4,"7:46 PM","9:07","Dudley STEAL (2 STL)",null,"Mirotic Bad Pass Turnover (P3.T24)",null,null],["0041400124",428,1,5,4,"7:47 PM","9:03","Mayo 2' Layup (15 PTS) (Bayless 5 AST)",null,null,"73 - 80","7"],["0041400124",429,9,1,4,"7:47 PM","9:02",null,null,"Bulls Timeout: Regular (Reg.3 Short 0)",null,null],["0041400124",431,18,0,4,"7:47 PM","9:02",null,null,null,null,null],["0041400124",432,8,0,4,"7:48 PM","9:02",null,null,"SUB: Rose FOR Brooks",null,null],["0041400124",433,2,1,4,"7:50 PM","8:40","Henson BLOCK (2 BLK)",null,"MISS Mirotic 19' Jump Shot",null,null],["0041400124",434,4,0,4,"7:50 PM","8:40",null,null,"Bulls Rebound",null,null],["0041400124",435,1,5,4,"7:50 PM","8:36",null,null,"Noah 1' Layup (4 PTS) (Gibson 2 AST)","75 - 80","5"],["0041400124",436,5,1,4,"7:51 PM","8:16","Middleton Bad Pass Turnover (P2.T13)",null,"Gibson STEAL (1 STL)",null,null],["0041400124",437,6,3,4,"7:51 PM","8:16","Middleton L.B.FOUL (P1.T1) (Z.Zarba)",null,null,null,null],["0041400124",438,5,2,4,"7:51 PM","7:58","Mayo STEAL (4 STL)",null,"Butler Lost Ball Turnover (P4.T25)",null,null],["0041400124",439,1,1,4,"7:51 PM","7:50","Middleton 24' 3PT Jump Shot (10 PTS) (Dudley 4 AST)",null,null,"75 - 83","8"],["0041400124",440,2,1,4,"7:52 PM","7:34","Dudley BLOCK (1 BLK)",null,"MISS Butler 14' Jump Shot",null,null],["0041400124",441,4,0,4,"7:52 PM","7:34",null,null,"Bulls Rebound",null,null],["0041400124",442,2,1,4,"7:52 PM","7:30",null,null,"MISS Mirotic 25' 3PT Jump Shot",null,null],["0041400124",443,4,0,4,"7:52 PM","7:30","BUCKS Rebound",null,null,null,null],["0041400124",444,5,15,4,"7:53 PM","7:20","Henson Offensive Goaltending Turnover (P2.T14)",null,null,null,null],["0041400124",445,1,5,4,"7:53 PM","7:06",null,null,"Rose  Layup (7 PTS)","77 - 83","6"],["0041400124",446,2,1,4,"7:53 PM","6:43","MISS Middleton  3PT Jump Shot",null,null,null,null],["0041400124",447,4,0,4,"7:53 PM","6:40","Middleton REBOUND (Off:1 Def:3)",null,null,null,null],["0041400124",448,2,1,4,"7:54 PM","6:26","MISS Middleton 25' 3PT Jump Shot",null,null,null,null],["0041400124",449,4,0,4,"7:54 PM","6:25",null,null,"Butler REBOUND (Off:0 Def:7)",null,null],["0041400124",450,2,1,4,"7:54 PM","6:11","Middleton BLOCK (1 BLK)",null,"MISS Noah 10' Jump Shot",null,null],["0041400124",451,4,0,4,"7:54 PM","6:11",null,null,"Bulls Rebound",null,null],["0041400124",452,1,1,4,"7:54 PM","6:01",null,null,"Rose 17' Jump Shot (9 PTS)","79 - 83","4"],["0041400124",453,1,1,4,"7:54 PM","5:51","Bayless 6' Jump Shot (8 PTS)",null,null,"79 - 85","6"],["0041400124",454,6,2,4,"7:54 PM","5:51",null,null,"Rose S.FOUL (P1.T1) (Z.Zarba)",null,null],["0041400124",455,9,4,4,"7:55 PM","5:51",null,null,null,null,null],["0041400124",456,18,0,4,"7:55 PM","5:51",null,null,null,null,null],["0041400124",458,3,10,4,"7:58 PM","5:51","MISS Bayless Free Throw 1 of 1",null,null,null,null],["0041400124",460,4,0,4,"7:58 PM","5:50",null,null,"Rose REBOUND (Off:0 Def:4)",null,null],["0041400124",461,2,1,4,"7:58 PM","5:31","Henson BLOCK (3 BLK)",null,"MISS Noah 5' Jump Shot",null,null],["0041400124",462,4,0,4,"7:58 PM","5:31",null,null,"Bulls Rebound",null,null],["0041400124",463,2,1,4,"7:59 PM","5:28",null,null,"MISS Rose 25' 3PT Jump Shot",null,null],["0041400124",464,4,0,4,"7:59 PM","5:28","BUCKS Rebound",null,null,null,null],["0041400124",465,2,5,4,"7:59 PM","5:20","MISS Bayless  Layup",null,null,null,null],["0041400124",466,4,0,4,"7:59 PM","5:18",null,null,"Noah REBOUND (Off:0 Def:5)",null,null],["0041400124",468,5,1,4,"8:00 PM","4:55",null,null,"Rose Bad Pass Turnover (P7.T26)",null,null],["0041400124",469,1,5,4,"8:00 PM","4:40","Dudley  Layup (13 PTS) (Mayo 4 AST)",null,null,"79 - 87","8"],["0041400124",470,9,1,4,"8:00 PM","4:33",null,null,"Bulls Timeout: Regular (Reg.4 Short 0)",null,null],["0041400124",472,8,0,4,"8:03 PM","4:33",null,null,"SUB: Gasol FOR Noah",null,null],["0041400124",473,8,0,4,"8:03 PM","4:33",null,null,"SUB: Dunleavy FOR Gibson",null,null],["0041400124",474,6,1,4,"8:04 PM","4:28","Mayo P.FOUL (P3.T2) (J.Phillips)",null,null,null,null],["0041400124",475,2,1,4,"8:04 PM","4:20",null,null,"MISS Gasol 15' Jump Shot",null,null],["0041400124",476,4,0,4,"8:04 PM","4:19","Henson REBOUND (Off:2 Def:2)",null,null,null,null],["0041400124",477,6,2,4,"8:04 PM","4:06",null,null,"Gasol S.FOUL (P4.T2) (J.Phillips)",null,null],["0041400124",478,3,11,4,"8:05 PM","4:06","MISS Henson Free Throw 1 of 2",null,null,null,null],["0041400124",479,4,1,4,"8:05 PM","4:06","BUCKS Rebound",null,null,null,null],["0041400124",480,3,12,4,"8:05 PM","4:06","MISS Henson Free Throw 2 of 2",null,null,null,null],["0041400124",482,4,0,4,"8:05 PM","4:04",null,null,"Gasol REBOUND (Off:2 Def:7)",null,null],["0041400124",483,2,5,4,"8:05 PM","3:52","Henson BLOCK (4 BLK)",null,"MISS Gasol 2' Layup",null,null],["0041400124",484,4,0,4,"8:05 PM","3:50",null,null,"Dunleavy REBOUND (Off:1 Def:4)",null,null],["0041400124",485,5,2,4,"8:05 PM","3:43","Middleton STEAL (2 STL)",null,"Gasol Lost Ball Turnover (P5.T27)",null,null],["0041400124",486,2,5,4,"8:05 PM","3:38","MISS Middleton  Layup",null,null,null,null],["0041400124",487,4,0,4,"8:05 PM","3:38",null,null,"Bulls Rebound",null,null],["0041400124",488,1,42,4,"8:06 PM","3:28",null,null,"Rose 1' Driving Layup (11 PTS)","81 - 87","6"],["0041400124",495,5,11,4,"8:06 PM","3:02","BUCKS Turnover: Shot Clock (T#15)",null,null,null,null],["0041400124",490,1,1,4,"8:07 PM","2:38",null,null,"Butler 24' 3PT Jump Shot (33 PTS) (Dunleavy 3 AST)","84 - 87","3"],["0041400124",491,2,5,4,"8:07 PM","2:19","MISS Mayo 1' Layup",null,null,null,null],["0041400124",492,4,0,4,"8:07 PM","2:18","BUCKS Rebound",null,null,null,null],["0041400124",493,18,1,4,"8:07 PM","2:18",null,null,null,null,null],["0041400124",496,6,27,4,"8:09 PM","2:17",null,null,"Mirotic Personal Block Foul (P2.T3) (Z.Zarba)",null,null],["0041400124",499,2,1,4,"8:10 PM","1:56","MISS Bayless 16' Jump Shot",null,null,null,null],["0041400124",500,4,0,4,"8:10 PM","1:55","Dudley REBOUND (Off:1 Def:1)",null,null,null,null],["0041400124",501,2,5,4,"8:10 PM","1:54","MISS Dudley  Layup",null,"Gasol BLOCK (2 BLK)",null,null],["0041400124",502,4,0,4,"8:10 PM","1:48","Mayo REBOUND (Off:1 Def:1)",null,null,null,null],["0041400124",503,2,5,4,"8:10 PM","1:47","MISS Henson 1' Layup",null,"Rose BLOCK (1 BLK)",null,null],["0041400124",504,4,0,4,"8:10 PM","1:44","Henson REBOUND (Off:3 Def:2)",null,null,null,null],["0041400124",505,1,1,4,"8:10 PM","1:42","Mayo 26' 3PT Jump Shot (18 PTS) (Henson 2 AST)",null,null,"84 - 90","6"],["0041400124",506,9,1,4,"8:11 PM","1:42",null,null,"Bulls Timeout: Regular (Reg.5 Short 0)",null,null],["0041400124",508,2,1,4,"8:13 PM","1:32",null,null,"MISS Mirotic 26' 3PT Jump Shot",null,null],["0041400124",509,4,0,4,"8:13 PM","1:30","Mayo REBOUND (Off:1 Def:2)",null,null,null,null],["0041400124",510,2,5,4,"8:13 PM","1:11","MISS Dudley  Layup",null,null,null,null],["0041400124",511,4,0,4,"8:13 PM","1:10",null,null,"Gasol REBOUND (Off:2 Def:8)",null,null],["0041400124",512,6,1,4,"8:13 PM","1:10","Henson P.FOUL (P3.T3) (J.Phillips)",null,null,null,null],["0041400124",514,1,1,4,"8:13 PM","1:05",null,null,"Rose 27' 3PT Jump Shot (14 PTS)","87 - 90","3"],["0041400124",516,2,1,4,"8:14 PM","0:44","MISS Middleton 24' 3PT Jump Shot",null,null,null,null],["0041400124",517,4,0,4,"8:14 PM","0:43",null,null,"Rose REBOUND (Off:0 Def:5)",null,null],["0041400124",518,1,5,4,"8:14 PM","0:38",null,null,"Gasol  Layup (15 PTS) (Rose 6 AST)","89 - 90","1"],["0041400124",519,6,2,4,"8:14 PM","0:38","Dudley S.FOUL (P3.PN) (Z.Zarba)",null,null,null,null],["0041400124",520,3,10,4,"8:14 PM","0:38",null,null,"Gasol Free Throw 1 of 1 (16 PTS)","90 - 90","TIE"],["0041400124",522,9,1,4,"8:15 PM","0:38","BUCKS Timeout: Regular (Full 5 Short 1)",null,null,null,null],["0041400124",524,8,0,4,"8:16 PM","0:38",null,null,"SUB: Gibson FOR Dunleavy",null,null],["0041400124",525,8,0,4,"8:16 PM","0:38",null,null,"SUB: Hinrich FOR Gasol",null,null],["0041400124",526,8,0,4,"8:16 PM","0:38",null,null,"SUB: Noah FOR Mirotic",null,null],["0041400124",527,2,5,4,"8:17 PM","0:22","MISS Bayless  Layup",null,null,null,null],["0041400124",528,4,0,4,"8:17 PM","0:19",null,null,"Gibson REBOUND (Off:1 Def:3)",null,null],["0041400124",529,5,1,4,"8:17 PM","0:01","Middleton STEAL (3 STL)",null,"Rose Bad Pass Turnover (P8.T28)",null,null],["0041400124",530,9,1,4,"8:17 PM","0:01","BUCKS Timeout: Regular (Full 6 Short 1)",null,null,null,null],["0041400124",531,9,2,4,"8:19 PM","0:01","BUCKS Timeout: Short (Full 6 Short 2)",null,null,null,null],["0041400124",532,1,5,4,"8:20 PM","0:00","Bayless 1' Layup (10 PTS) (Dudley 5 AST)",null,null,"90 - 92","2"],["0041400124",533,18,0,4,"8:20 PM","0:00",null,null,null,null,null],["0041400124",535,13,0,4,"8:22 PM","0:00",null,null,null,"90 - 92","2"]]},{"name":"AvailableVideo","headers":["VIDEO_AVAILABLE_FLAG"],"rowSet":[[1]]}]}