{"resource":"playbyplay","parameters":{"GameID":"0041400163","StartPeriod":0,"EndPeriod":14},"resultSets":[{"name":"PlayByPlay","headers":["GAME_ID","EVENTNUM","EVENTMSGTYPE","EVENTMSGACTIONTYPE","PERIOD","WCTIMESTRING","PCTIMESTRING","HOMEDESCRIPTION","NEUTRALDESCRIPTION","VISITORDESCRIPTION","SCORE","SCOREMARGIN"],"rowSet":[["0041400163",0,12,0,1,"9:46 PM","12:00",null,null,null,null,null],["0041400163",1,10,0,1,"9:46 PM","12:00","Jump Ball Duncan vs. Jordan: Tip to Leonard",null,null,null,null],["0041400163",2,2,1,1,"9:46 PM","11:43","MISS Parker 16' Jump Shot",null,null,null,null],["0041400163",3,4,0,1,"9:46 PM","11:42",null,null,"Griffin REBOUND (Off:0 Def:1)",null,null],["0041400163",4,2,1,1,"9:46 PM","11:23",null,null,"MISS Barnes 26' 3PT Jump Shot",null,null],["0041400163",5,4,0,1,"9:46 PM","11:21",null,null,"Griffin REBOUND (Off:1 Def:1)",null,null],["0041400163",6,2,1,1,"9:47 PM","11:10",null,null,"MISS Griffin 6' Jump Shot",null,null],["0041400163",7,4,0,1,"9:47 PM","11:09","Parker REBOUND (Off:0 Def:1)",null,null,null,null],["0041400163",8,2,5,1,"9:47 PM","11:04","MISS Parker 1' Layup",null,"Jordan BLOCK (1 BLK)",null,null],["0041400163",9,4,0,1,"9:47 PM","11:02","Splitter REBOUND (Off:1 Def:0)",null,null,null,null],["0041400163",10,1,1,1,"9:47 PM","10:59","Green 24' 3PT Jump Shot (3 PTS) (Splitter 1 AST)",null,null,"0 - 3","3"],["0041400163",11,6,2,1,"9:47 PM","10:47","Leonard S.FOUL (P1.T1) (B.Spooner)",null,null,null,null],["0041400163",12,3,11,1,"9:47 PM","10:47",null,null,"Redick Free Throw 1 of 2 (1 PTS)","1 - 3","2"],["0041400163",14,3,12,1,"9:47 PM","10:47",null,null,"Redick Free Throw 2 of 2 (2 PTS)","2 - 3","1"],["0041400163",16,1,5,1,"9:48 PM","10:26","Parker 1' Layup (2 PTS)",null,null,"2 - 5","3"],["0041400163",17,5,2,1,"9:48 PM","10:06","Leonard STEAL (1 STL)",null,"Griffin Lost Ball Turnover (P1.T1)",null,null],["0041400163",18,1,5,1,"9:49 PM","9:59","Leonard 1' Layup (2 PTS)",null,null,"2 - 7","5"],["0041400163",19,2,1,1,"9:49 PM","9:51",null,null,"MISS Redick  3PT Jump Shot",null,null],["0041400163",20,4,0,1,"9:49 PM","9:50","Duncan REBOUND (Off:0 Def:1)",null,null,null,null],["0041400163",21,2,1,1,"9:49 PM","9:40","MISS Parker 12' Jump Shot",null,null,null,null],["0041400163",22,4,0,1,"9:49 PM","9:39",null,null,"Jordan REBOUND (Off:0 Def:1)",null,null],["0041400163",23,2,1,1,"9:49 PM","9:28",null,null,"MISS Paul 18' Jump Shot",null,null],["0041400163",24,4,0,1,"9:49 PM","9:27","Splitter REBOUND (Off:1 Def:1)",null,null,null,null],["0041400163",25,1,80,1,"9:49 PM","9:13","Leonard 14' Step Back Jump Shot (4 PTS)",null,null,"2 - 9","7"],["0041400163",26,5,1,1,"9:50 PM","8:58",null,null,"Griffin Bad Pass Turnover (P2.T2)",null,null],["0041400163",27,1,5,1,"9:50 PM","8:45","Green 1' Layup (5 PTS) (Splitter 2 AST)",null,null,"2 - 11","9"],["0041400163",28,2,1,1,"9:50 PM","8:19",null,null,"MISS Griffin 19' Jump Shot",null,null],["0041400163",29,4,0,1,"9:50 PM","8:18","SPURS Rebound",null,null,null,null],["0041400163",31,2,1,1,"9:51 PM","7:54","MISS Green  3PT Jump Shot",null,null,null,null],["0041400163",32,4,0,1,"9:51 PM","7:53",null,null,"Jordan REBOUND (Off:0 Def:2)",null,null],["0041400163",33,1,52,1,"9:51 PM","7:44",null,null,"Jordan  Alley Oop Dunk (2 PTS) (Griffin 1 AST)","4 - 11","7"],["0041400163",34,2,5,1,"9:51 PM","7:24","MISS Duncan 2' Layup",null,null,null,null],["0041400163",35,4,0,1,"9:51 PM","7:23",null,null,"Clippers Rebound",null,null],["0041400163",36,1,1,1,"9:52 PM","7:07",null,null,"Redick 19' Jump Shot (4 PTS) (Griffin 2 AST)","6 - 11","5"],["0041400163",37,5,1,1,"9:52 PM","6:44","Parker Bad Pass Turnover (P1.T1)",null,null,null,null],["0041400163",38,5,1,1,"9:52 PM","6:38","Green STEAL (1 STL)",null,"Paul Bad Pass Turnover (P1.T3)",null,null],["0041400163",39,7,5,1,"9:53 PM","6:32",null,null,"Barnes Violation:Kicked Ball (M.McCutchen)",null,null],["0041400163",40,6,1,1,"9:53 PM","6:24",null,null,"Barnes P.FOUL (P1.T1) (G.Zielinski)",null,null],["0041400163",41,1,47,1,"9:53 PM","6:10","Duncan 9' Turnaround Jump Shot (2 PTS)",null,null,"6 - 13","7"],["0041400163",42,1,5,1,"9:54 PM","5:58",null,null,"Barnes 1' Layup (2 PTS) (Paul 1 AST)","8 - 13","5"],["0041400163",43,9,1,1,"9:54 PM","5:57","SPURS Timeout: Regular (Full 1 Short 0)",null,null,null,null],["0041400163",45,8,0,1,"9:57 PM","5:57","SUB: Diaw FOR Splitter",null,null,null,null],["0041400163",46,2,1,1,"9:57 PM","5:32","MISS Green 24' 3PT Jump Shot",null,null,null,null],["0041400163",47,4,0,1,"9:57 PM","5:31","Diaw REBOUND (Off:1 Def:0)",null,null,null,null],["0041400163",48,1,5,1,"9:57 PM","5:30","Diaw 1' Layup (2 PTS)",null,null,"8 - 15","7"],["0041400163",49,1,1,1,"9:58 PM","4:57",null,null,"Redick 25' 3PT Jump Shot (7 PTS) (Griffin 3 AST)","11 - 15","4"],["0041400163",50,1,1,1,"9:58 PM","4:35","Leonard 26' 3PT Jump Shot (7 PTS) (Diaw 1 AST)",null,null,"11 - 18","7"],["0041400163",51,1,63,1,"9:59 PM","4:15",null,null,"Paul 12' Fadeaway Jumper (2 PTS)","13 - 18","5"],["0041400163",52,1,1,1,"9:59 PM","3:53","Diaw 16' Jump Shot (4 PTS) (Green 1 AST)",null,null,"13 - 20","7"],["0041400163",53,2,1,1,"9:59 PM","3:28",null,null,"MISS Barnes 25' 3PT Jump Shot",null,null],["0041400163",54,4,0,1,"9:59 PM","3:27","Duncan REBOUND (Off:0 Def:2)",null,null,null,null],["0041400163",55,1,1,1,"10:00 PM","3:11","Parker 8' Jump Shot (4 PTS) (Diaw 2 AST)",null,null,"13 - 22","9"],["0041400163",56,2,1,1,"10:00 PM","3:05",null,null,"MISS Paul 25' 3PT Jump Shot",null,null],["0041400163",57,4,0,1,"10:00 PM","3:03","Duncan REBOUND (Off:0 Def:3)",null,null,null,null],["0041400163",58,2,1,1,"10:00 PM","2:53","MISS Diaw 24' 3PT Jump Shot",null,null,null,null],["0041400163",59,4,0,1,"10:00 PM","2:52","Leonard REBOUND (Off:1 Def:0)",null,null,null,null],["0041400163",60,2,1,1,"10:00 PM","2:36","MISS Green 25' 3PT Jump Shot",null,null,null,null],["0041400163",61,4,0,1,"10:00 PM","2:35",null,null,"Griffin REBOUND (Off:1 Def:2)",null,null],["0041400163",62,5,1,1,"10:00 PM","2:29","Leonard STEAL (2 STL)",null,"Paul Bad Pass Turnover (P2.T4)",null,null],["0041400163",63,1,1,1,"10:01 PM","2:05","Leonard 25' 3PT Jump Shot (10 PTS) (Duncan 1 AST)",null,null,"13 - 25","12"],["0041400163",64,9,1,1,"10:01 PM","2:05",null,null,"Clippers Timeout: Regular (Reg.1 Short 0)",null,null],["0041400163",66,8,0,1,"10:03 PM","2:05","SUB: Mills FOR Parker",null,null,null,null],["0041400163",67,8,0,1,"10:03 PM","2:05","SUB: Ginobili FOR Green",null,null,null,null],["0041400163",68,8,0,1,"10:04 PM","2:05",null,null,"SUB: Turkoglu FOR Barnes",null,null],["0041400163",69,8,0,1,"10:04 PM","2:05",null,null,"SUB: Rivers FOR Griffin",null,null],["0041400163",70,8,0,1,"10:04 PM","2:05",null,null,"SUB: Crawford FOR Redick",null,null],["0041400163",71,2,1,1,"10:04 PM","1:50",null,null,"MISS Crawford 26' 3PT Jump Shot",null,null],["0041400163",72,4,0,1,"10:05 PM","1:48",null,null,"Turkoglu REBOUND (Off:1 Def:0)",null,null],["0041400163",73,2,1,1,"10:05 PM","1:35","Diaw BLOCK (1 BLK)",null,"MISS Crawford 6' Jump Shot",null,null],["0041400163",74,4,0,1,"10:05 PM","1:35",null,null,"Clippers Rebound",null,null],["0041400163",75,2,1,1,"10:05 PM","1:32",null,null,"MISS Turkoglu 25' 3PT Jump Shot",null,null],["0041400163",76,4,0,1,"10:05 PM","1:30","Ginobili REBOUND (Off:0 Def:1)",null,null,null,null],["0041400163",77,2,1,1,"10:05 PM","1:12","MISS Duncan 6' Jump Shot",null,null,null,null],["0041400163",78,4,0,1,"10:05 PM","1:10",null,null,"Turkoglu REBOUND (Off:1 Def:1)",null,null],["0041400163",79,2,1,1,"10:06 PM","0:52",null,null,"MISS Turkoglu 25' 3PT Jump Shot",null,null],["0041400163",81,4,0,1,"10:06 PM","0:52",null,null,"Jordan REBOUND (Off:1 Def:2)",null,null],["0041400163",80,1,4,1,"10:06 PM","0:52",null,null,"Jordan 3' Tip Shot (4 PTS)","15 - 25","10"],["0041400163",82,2,1,1,"10:06 PM","0:31","MISS Leonard 25' 3PT Jump Shot",null,null,null,null],["0041400163",83,4,0,1,"10:06 PM","0:29",null,null,"Paul REBOUND (Off:0 Def:1)",null,null],["0041400163",84,6,2,1,"10:07 PM","0:09","Ginobili S.FOUL (P1.T2) (B.Spooner)",null,null,null,null],["0041400163",85,3,11,1,"10:07 PM","0:09",null,null,"Rivers Free Throw 1 of 2 (1 PTS)","16 - 25","9"],["0041400163",87,8,0,1,"10:07 PM","0:09","SUB: Splitter FOR Duncan",null,null,null,null],["0041400163",88,8,0,1,"10:07 PM","0:09",null,null,"SUB: Jones FOR Paul",null,null],["0041400163",90,8,0,1,"10:07 PM","0:09","SUB: Belinelli FOR Leonard",null,null,null,null],["0041400163",91,3,12,1,"10:07 PM","0:09",null,null,"MISS Rivers Free Throw 2 of 2",null,null],["0041400163",93,4,0,1,"10:08 PM","0:06",null,null,"Rivers REBOUND (Off:1 Def:0)",null,null],["0041400163",94,2,1,1,"10:08 PM","0:01",null,null,"MISS Crawford 8' Jump Shot",null,null],["0041400163",95,4,0,1,"10:08 PM","0:00",null,null,"Clippers Rebound",null,null],["0041400163",96,13,0,1,"10:08 PM","0:00",null,null,null,"16 - 25","9"],["0041400163",98,12,0,2,"10:11 PM","12:00",null,null,null,"16 - 25","9"],["0041400163",99,2,78,2,"10:12 PM","11:46",null,null,"MISS Rivers 7' Floating Jump Shot",null,null],["0041400163",100,4,0,2,"10:12 PM","11:46",null,null,"Clippers Rebound",null,null],["0041400163",101,2,1,2,"10:12 PM","11:43",null,null,"MISS Redick 17' Jump Shot",null,null],["0041400163",102,4,0,2,"10:12 PM","11:42","Ginobili REBOUND (Off:0 Def:2)",null,null,null,null],["0041400163",103,5,1,2,"10:12 PM","11:36","Ginobili Bad Pass Turnover (P1.T2)",null,null,null,null],["0041400163",104,1,1,2,"10:13 PM","11:15",null,null,"Rivers 24' 3PT Jump Shot (4 PTS) (Crawford 1 AST)","19 - 25","6"],["0041400163",105,1,1,2,"10:13 PM","10:58","Bonner 25' 3PT Jump Shot (3 PTS) (Ginobili 1 AST)",null,null,"19 - 28","9"],["0041400163",106,2,5,2,"10:13 PM","10:39",null,null,"MISS Davis 1' Layup",null,null],["0041400163",107,4,0,2,"10:13 PM","10:38","Mills REBOUND (Off:0 Def:1)",null,null,null,null],["0041400163",108,1,1,2,"10:13 PM","10:33","Mills 25' 3PT Jump Shot (3 PTS)",null,null,"19 - 31","12"],["0041400163",109,9,1,2,"10:13 PM","10:33",null,null,"Clippers Timeout: Regular (Reg.2 Short 0)",null,null],["0041400163",111,8,0,2,"10:15 PM","10:33",null,null,"SUB: Griffin FOR Turkoglu",null,null],["0041400163",112,6,1,2,"10:17 PM","10:22","Belinelli P.FOUL (P1.T1) (G.Zielinski)",null,null,null,null],["0041400163",113,1,1,2,"10:17 PM","10:14",null,null,"Griffin 17' Jump Shot (2 PTS) (Rivers 1 AST)","21 - 31","10"],["0041400163",114,2,86,2,"10:18 PM","9:53","MISS Splitter 9' Turnaround Fadeaway Shot",null,null,null,null],["0041400163",115,4,0,2,"10:18 PM","9:51",null,null,"Griffin REBOUND (Off:1 Def:3)",null,null],["0041400163",116,2,1,2,"10:18 PM","9:40",null,null,"MISS Crawford 20' Jump Shot",null,null],["0041400163",117,4,0,2,"10:18 PM","9:39","Belinelli REBOUND (Off:0 Def:1)",null,null,null,null],["0041400163",118,2,1,2,"10:18 PM","9:27","MISS Bonner 24' 3PT Jump Shot",null,null,null,null],["0041400163",119,4,0,2,"10:18 PM","9:26",null,null,"Rivers REBOUND (Off:1 Def:1)",null,null],["0041400163",120,2,1,2,"10:18 PM","9:17",null,null,"MISS Griffin 18' Jump Shot",null,null],["0041400163",121,4,0,2,"10:18 PM","9:16","Ginobili REBOUND (Off:0 Def:3)",null,null,null,null],["0041400163",122,2,1,2,"10:18 PM","9:05","MISS Mills 24' 3PT Jump Shot",null,null,null,null],["0041400163",123,4,0,2,"10:18 PM","9:03",null,null,"Davis REBOUND (Off:0 Def:1)",null,null],["0041400163",124,2,44,2,"10:19 PM","8:46",null,null,"MISS Rivers 2' Reverse Layup",null,null],["0041400163",125,4,0,2,"10:19 PM","8:45","Bonner REBOUND (Off:0 Def:1)",null,null,null,null],["0041400163",126,5,2,2,"10:19 PM","8:35","Ginobili Lost Ball Turnover (P2.T3)",null,"Davis STEAL (1 STL)",null,null],["0041400163",127,2,1,2,"10:19 PM","8:29",null,null,"MISS Rivers 26' 3PT Jump Shot",null,null],["0041400163",128,4,0,2,"10:19 PM","8:28","Splitter REBOUND (Off:1 Def:2)",null,null,null,null],["0041400163",129,5,1,2,"10:19 PM","8:26","Splitter Bad Pass Turnover (P1.T4)",null,"Redick STEAL (1 STL)",null,null],["0041400163",130,2,1,2,"10:19 PM","8:20",null,null,"MISS Crawford 25' 3PT Jump Shot",null,null],["0041400163",131,4,0,2,"10:19 PM","8:18","Mills REBOUND (Off:0 Def:2)",null,null,null,null],["0041400163",132,2,1,2,"10:19 PM","8:01","MISS Bonner 24' 3PT Jump Shot",null,null,null,null],["0041400163",133,4,0,2,"10:19 PM","8:00",null,null,"Griffin REBOUND (Off:1 Def:4)",null,null],["0041400163",134,6,2,2,"10:20 PM","7:49","Mills S.FOUL (P1.T2) (M.McCutchen)",null,null,null,null],["0041400163",135,18,1,2,"10:20 PM","7:49",null,null,null,null,null],["0041400163",137,3,13,2,"10:21 PM","7:49",null,null,"Crawford Free Throw 1 of 3 (1 PTS)","22 - 31","9"],["0041400163",139,3,14,2,"10:21 PM","7:49",null,null,"Crawford Free Throw 2 of 3 (2 PTS)","23 - 31","8"],["0041400163",141,8,0,2,"10:22 PM","7:49","SUB: Parker FOR Mills",null,null,null,null],["0041400163",142,8,0,2,"10:22 PM","7:49","SUB: Diaw FOR Bonner",null,null,null,null],["0041400163",143,8,0,2,"10:22 PM","7:49","SUB: Duncan FOR Splitter",null,null,null,null],["0041400163",144,8,0,2,"10:22 PM","7:49",null,null,"SUB: Jordan FOR Davis",null,null],["0041400163",150,8,0,2,"10:22 PM","7:49",null,null,"SUB: Paul FOR Rivers",null,null],["0041400163",145,3,15,2,"10:22 PM","7:49",null,null,"Crawford Free Throw 3 of 3 (3 PTS)","24 - 31","7"],["0041400163",147,1,5,2,"10:22 PM","7:37","Belinelli 1' Layup (2 PTS) (Duncan 2 AST)",null,null,"24 - 33","9"],["0041400163",148,6,4,2,"10:23 PM","7:28",null,null,"Paul OFF.Foul (P1) (G.Zielinski)",null,null],["0041400163",149,5,5,2,"10:23 PM","7:28",null,null,"Paul Foul Turnover (P3.T5)",null,null],["0041400163",151,5,8,2,"10:23 PM","7:11","Duncan 3 Second Violation Turnover (P1.T5)",null,null,null,null],["0041400163",153,2,66,2,"10:24 PM","6:53",null,null,"MISS Griffin 10' Jump Bank Shot",null,null],["0041400163",154,4,0,2,"10:24 PM","6:51","Ginobili REBOUND (Off:0 Def:4)",null,null,null,null],["0041400163",155,6,2,2,"10:24 PM","6:35",null,null,"Jordan S.FOUL (P1.T1) (B.Spooner)",null,null],["0041400163",156,3,11,2,"10:24 PM","6:35","Diaw Free Throw 1 of 2 (5 PTS)",null,null,"24 - 34","10"],["0041400163",158,8,0,2,"10:24 PM","6:35","SUB: Leonard FOR Ginobili",null,null,null,null],["0041400163",159,3,12,2,"10:24 PM","6:35","Diaw Free Throw 2 of 2 (6 PTS)",null,null,"24 - 35","11"],["0041400163",161,1,1,2,"10:25 PM","6:11",null,null,"Paul 25' 3PT Jump Shot (5 PTS)","27 - 35","8"],["0041400163",162,2,1,2,"10:25 PM","5:57","MISS Parker 23' Jump Shot",null,null,null,null],["0041400163",163,4,0,2,"10:25 PM","5:55",null,null,"Redick REBOUND (Off:0 Def:1)",null,null],["0041400163",164,1,44,2,"10:26 PM","5:45",null,null,"Jordan 1' Reverse Layup (6 PTS) (Griffin 4 AST)","29 - 35","6"],["0041400163",165,9,1,2,"10:26 PM","5:45","SPURS Timeout: Regular (Full 2 Short 0)",null,null,null,null],["0041400163",167,8,0,2,"10:28 PM","5:45",null,null,"SUB: Barnes FOR Crawford",null,null],["0041400163",168,8,0,2,"10:28 PM","5:45","SUB: Green FOR Belinelli",null,null,null,null],["0041400163",169,2,43,2,"10:29 PM","5:23","MISS Duncan 2' Alley Oop Layup",null,null,null,null],["0041400163",170,4,0,2,"10:29 PM","5:21",null,null,"Jordan REBOUND (Off:1 Def:3)",null,null],["0041400163",171,2,46,2,"10:30 PM","5:01","Duncan BLOCK (1 BLK)",null,"MISS Griffin 5' Running Jump Shot",null,null],["0041400163",173,4,0,2,"10:30 PM","4:59",null,null,"Griffin REBOUND (Off:2 Def:4)",null,null],["0041400163",172,2,5,2,"10:30 PM","4:59",null,null,"MISS Griffin 2' Layup",null,null],["0041400163",175,4,0,2,"10:30 PM","4:57",null,null,"Jordan REBOUND (Off:2 Def:3)",null,null],["0041400163",174,2,4,2,"10:30 PM","4:57",null,null,"MISS Jordan 2' Tip Shot",null,null],["0041400163",176,4,0,2,"10:30 PM","4:55","Diaw REBOUND (Off:1 Def:1)",null,null,null,null],["0041400163",177,2,1,2,"10:30 PM","4:42","MISS Leonard 20' Jump Shot",null,null,null,null],["0041400163",178,4,0,2,"10:30 PM","4:42","SPURS Rebound",null,null,null,null],["0041400163",181,6,3,2,"10:31 PM","4:41",null,null,"Jordan L.B.FOUL (P2.T2) (B.Spooner)",null,null],["0041400163",182,2,1,2,"10:31 PM","4:34","MISS Parker 18' Jump Shot",null,null,null,null],["0041400163",183,4,0,2,"10:31 PM","4:32",null,null,"Jordan REBOUND (Off:2 Def:4)",null,null],["0041400163",184,2,1,2,"10:31 PM","4:14",null,null,"MISS Redick 17' Jump Shot",null,null],["0041400163",185,4,0,2,"10:31 PM","4:13","Diaw REBOUND (Off:1 Def:2)",null,null,null,null],["0041400163",186,2,79,2,"10:31 PM","4:02","MISS Leonard 12' Pullup Jump Shot",null,null,null,null],["0041400163",187,4,0,2,"10:31 PM","3:59","Leonard REBOUND (Off:2 Def:0)",null,null,null,null],["0041400163",188,2,1,2,"10:31 PM","3:49","MISS Diaw 19' Jump Shot",null,null,null,null],["0041400163",189,4,0,2,"10:31 PM","3:48",null,null,"Paul REBOUND (Off:0 Def:2)",null,null],["0041400163",190,1,5,2,"10:32 PM","3:44",null,null,"Griffin 2' Layup (4 PTS)","31 - 35","4"],["0041400163",191,6,2,2,"10:32 PM","3:44","Diaw S.FOUL (P1.T3) (B.Spooner)",null,null,null,null],["0041400163",192,3,10,2,"10:32 PM","3:44",null,null,"MISS Griffin Free Throw 1 of 1",null,null],["0041400163",194,4,0,2,"10:32 PM","3:43","Diaw REBOUND (Off:1 Def:3)",null,null,null,null],["0041400163",195,6,29,2,"10:33 PM","3:27",null,null,"Barnes Shooting Block Foul (P2.T3) (G.Zielinski)",null,null],["0041400163",197,3,11,2,"10:33 PM","3:27","Leonard Free Throw 1 of 2 (11 PTS)",null,null,"31 - 36","5"],["0041400163",199,3,12,2,"10:33 PM","3:27","Leonard Free Throw 2 of 2 (12 PTS)",null,null,"31 - 37","6"],["0041400163",201,1,5,2,"10:34 PM","3:11",null,null,"Griffin 3' Layup (6 PTS)","33 - 37","4"],["0041400163",202,1,42,2,"10:34 PM","3:01","Diaw 2' Driving Layup (8 PTS) (Parker 1 AST)",null,null,"33 - 39","6"],["0041400163",203,2,5,2,"10:34 PM","2:35","Duncan BLOCK (2 BLK)",null,"MISS Barnes 1' Layup",null,null],["0041400163",204,4,0,2,"10:34 PM","2:34","Parker REBOUND (Off:0 Def:2)",null,null,null,null],["0041400163",205,1,52,2,"10:34 PM","2:28","Leonard  Alley Oop Dunk (14 PTS) (Green 2 AST)",null,null,"33 - 41","8"],["0041400163",207,5,41,2,"10:34 PM","2:14","Green STEAL (2 STL)",null,"Paul Poss Lost Ball Turnover (P4.T6)",null,null],["0041400163",206,9,4,2,"10:35 PM","2:11",null,null,null,null,null],["0041400163",209,10,0,2,"10:39 PM","2:08","Jump Ball Green vs. Paul: Tip to Duncan",null,null,null,null],["0041400163",211,1,1,2,"10:40 PM","1:56","Green 24' 3PT Jump Shot (8 PTS) (Duncan 3 AST)",null,null,"33 - 44","11"],["0041400163",212,5,1,2,"10:40 PM","1:40","Leonard STEAL (3 STL)",null,"Redick Bad Pass Turnover (P1.T7)",null,null],["0041400163",213,1,5,2,"10:40 PM","1:35","Leonard 1' Layup (16 PTS) (Parker 2 AST)",null,null,"33 - 46","13"],["0041400163",214,6,27,2,"10:40 PM","1:32","Parker Personal Block Foul (P1.T4) (G.Zielinski)",null,null,null,null],["0041400163",215,8,0,2,"10:41 PM","1:32",null,null,"SUB: Crawford FOR Barnes",null,null],["0041400163",216,8,0,2,"10:41 PM","1:32",null,null,"SUB: Davis FOR Jordan",null,null],["0041400163",218,6,2,2,"10:41 PM","1:28","Duncan S.FOUL (P1.PN) (B.Spooner)",null,null,null,null],["0041400163",219,3,11,2,"10:41 PM","1:28",null,null,"MISS Davis Free Throw 1 of 2",null,null],["0041400163",220,4,1,2,"10:41 PM","1:28",null,null,"Clippers Rebound",null,null],["0041400163",221,3,12,2,"10:42 PM","1:28",null,null,"Davis Free Throw 2 of 2 (1 PTS)","34 - 46","12"],["0041400163",223,2,5,2,"10:42 PM","1:09","MISS Duncan 3' Layup",null,"Davis BLOCK (1 BLK)",null,null],["0041400163",224,4,0,2,"10:42 PM","1:07",null,null,"Davis REBOUND (Off:0 Def:2)",null,null],["0041400163",225,2,5,2,"10:42 PM","1:00","Leonard BLOCK (1 BLK)",null,"MISS Davis 1' Layup",null,null],["0041400163",226,4,0,2,"10:42 PM","0:58","Leonard REBOUND (Off:2 Def:1)",null,null,null,null],["0041400163",227,5,2,2,"10:42 PM","0:55","Leonard Lost Ball Turnover (P1.T6)",null,"Paul STEAL (1 STL)",null,null],["0041400163",228,1,5,2,"10:43 PM","0:49",null,null,"Griffin 2' Layup (8 PTS)","36 - 46","10"],["0041400163",229,2,1,2,"10:43 PM","0:30","MISS Leonard  3PT Jump Shot",null,null,null,null],["0041400163",230,4,0,2,"10:43 PM","0:30","Duncan REBOUND (Off:1 Def:3)",null,null,null,null],["0041400163",231,6,3,2,"10:43 PM","0:30",null,null,"Redick L.B.FOUL (P1.T4) (B.Spooner)",null,null],["0041400163",232,2,5,2,"10:44 PM","0:17","MISS Diaw 1' Layup",null,"Griffin BLOCK (1 BLK)",null,null],["0041400163",233,4,0,2,"10:44 PM","0:15",null,null,"Paul REBOUND (Off:0 Def:3)",null,null],["0041400163",234,9,2,2,"10:44 PM","0:11",null,null,"Clippers Timeout: Short (Reg.2 Short 1)",null,null],["0041400163",237,1,1,2,"10:45 PM","0:00",null,null,"Griffin 22' Jump Shot (10 PTS) (Paul 2 AST)","38 - 46","8"],["0041400163",241,18,0,2,"10:46 PM","0:00",null,null,null,null,null],["0041400163",242,13,0,2,"10:46 PM","0:00",null,null,null,"38 - 46","8"],["0041400163",244,12,0,3,"11:02 PM","12:00",null,null,null,"38 - 46","8"],["0041400163",245,2,5,3,"11:03 PM","11:48",null,null,"MISS Griffin 4' Layup",null,null],["0041400163",246,4,0,3,"11:03 PM","11:47","Green REBOUND (Off:0 Def:1)",null,null,null,null],["0041400163",247,2,1,3,"11:03 PM","11:26","MISS Parker 10' Jump Shot",null,null,null,null],["0041400163",248,4,0,3,"11:03 PM","11:24",null,null,"Griffin REBOUND (Off:2 Def:5)",null,null],["0041400163",249,5,1,3,"11:03 PM","11:14","Splitter STEAL (1 STL)",null,"Redick Bad Pass Turnover (P2.T8)",null,null],["0041400163",250,1,5,3,"11:03 PM","11:09","Leonard  Layup (18 PTS)",null,null,"38 - 48","10"],["0041400163",251,5,1,3,"11:03 PM","11:06","Green STEAL (3 STL)",null,"Barnes Bad Pass Turnover (P1.T9)",null,null],["0041400163",252,5,1,3,"11:03 PM","10:55","Parker Bad Pass Turnover (P2.T7)",null,"Barnes STEAL (1 STL)",null,null],["0041400163",253,1,46,3,"11:04 PM","10:47",null,null,"Paul 3' Running Jump Shot (7 PTS)","40 - 48","8"],["0041400163",254,1,79,3,"11:04 PM","10:30","Leonard 12' Pullup Jump Shot (20 PTS)",null,null,"40 - 50","10"],["0041400163",255,6,4,3,"11:04 PM","10:10",null,null,"Griffin OFF.Foul (P1) (M.McCutchen)",null,null],["0041400163",256,5,5,3,"11:04 PM","10:10",null,null,"Griffin Foul Turnover (P3.T10)",null,null],["0041400163",257,1,44,3,"11:05 PM","9:45","Splitter  Reverse Layup (2 PTS) (Duncan 4 AST)",null,null,"40 - 52","12"],["0041400163",258,2,5,3,"11:05 PM","9:33",null,null,"MISS Paul 1' Layup",null,null],["0041400163",259,4,0,3,"11:05 PM","9:32","Duncan REBOUND (Off:1 Def:4)",null,null,null,null],["0041400163",260,2,1,3,"11:05 PM","9:14","MISS Parker 24' 3PT Jump Shot",null,null,null,null],["0041400163",261,4,0,3,"11:05 PM","9:12",null,null,"Jordan REBOUND (Off:2 Def:5)",null,null],["0041400163",262,6,1,3,"11:06 PM","9:08","Splitter P.FOUL (P1.T1) (M.McCutchen)",null,null,null,null],["0041400163",263,2,1,3,"11:06 PM","8:53",null,null,"MISS Paul 19' Jump Shot",null,null],["0041400163",264,4,0,3,"11:06 PM","8:52","Parker REBOUND (Off:0 Def:3)",null,null,null,null],["0041400163",265,1,5,3,"11:07 PM","8:32","Leonard  Layup (22 PTS)",null,null,"40 - 54","14"],["0041400163",266,2,1,3,"11:07 PM","8:23",null,null,"MISS Redick 24' 3PT Jump Shot",null,null],["0041400163",267,4,0,3,"11:07 PM","8:21","Duncan REBOUND (Off:1 Def:5)",null,null,null,null],["0041400163",268,1,47,3,"11:07 PM","8:13","Leonard 13' Turnaround Jump Shot (24 PTS)",null,null,"40 - 56","16"],["0041400163",269,9,1,3,"11:07 PM","8:13",null,null,"Clippers Timeout: Regular (Reg.3 Short 1)",null,null],["0041400163",271,1,1,3,"11:10 PM","7:46",null,null,"Barnes  3PT Jump Shot (5 PTS) (Griffin 5 AST)","43 - 56","13"],["0041400163",272,6,1,3,"11:11 PM","7:30",null,null,"Paul P.FOUL (P2.T1) (M.McCutchen)",null,null],["0041400163",273,1,1,3,"11:11 PM","7:23","Leonard 25' 3PT Jump Shot (27 PTS) (Parker 3 AST)",null,null,"43 - 59","16"],["0041400163",274,6,1,3,"11:11 PM","7:06","Splitter P.FOUL (P2.T2) (G.Zielinski)",null,null,null,null],["0041400163",275,2,1,3,"11:12 PM","7:00",null,null,"MISS Redick 25' 3PT Jump Shot",null,null],["0041400163",276,4,0,3,"11:12 PM","6:59","Green REBOUND (Off:0 Def:2)",null,null,null,null],["0041400163",277,5,4,3,"11:12 PM","6:40","Splitter Traveling Turnover (P2.T8)",null,null,null,null],["0041400163",278,8,0,3,"11:12 PM","6:40","SUB: Ginobili FOR Green",null,null,null,null],["0041400163",279,2,1,3,"11:13 PM","6:24",null,null,"MISS Paul 17' Jump Shot",null,null],["0041400163",285,4,0,3,"11:13 PM","6:23",null,null,"Griffin REBOUND (Off:3 Def:5)",null,null],["0041400163",286,2,53,3,"11:13 PM","6:23",null,null,"MISS Griffin 3' Tip Shot",null,null],["0041400163",280,4,0,3,"11:13 PM","6:21","Ginobili REBOUND (Off:0 Def:5)",null,null,null,null],["0041400163",281,2,1,3,"11:13 PM","6:08","MISS Leonard 20' Jump Shot",null,null,null,null],["0041400163",282,4,0,3,"11:13 PM","6:07",null,null,"Griffin REBOUND (Off:3 Def:6)",null,null],["0041400163",283,5,1,3,"11:13 PM","6:00",null,null,"Paul Bad Pass Turnover (P5.T11)",null,null],["0041400163",284,9,1,3,"11:13 PM","6:00","SPURS Timeout: Regular (Full 3 Short 0)",null,null,null,null],["0041400163",288,8,0,3,"11:16 PM","6:00",null,null,"SUB: Crawford FOR Barnes",null,null],["0041400163",289,2,1,3,"11:17 PM","5:42","MISS Parker  3PT Jump Shot",null,null,null,null],["0041400163",290,4,0,3,"11:17 PM","5:41",null,null,"Crawford REBOUND (Off:0 Def:1)",null,null],["0041400163",291,2,5,3,"11:17 PM","5:35","Ginobili BLOCK (1 BLK)",null,"MISS Griffin 1' Layup",null,null],["0041400163",292,4,0,3,"11:17 PM","5:35",null,null,"Clippers Rebound",null,null],["0041400163",293,1,1,3,"11:17 PM","5:24",null,null,"Griffin 7' Jump Shot (12 PTS) (Paul 3 AST)","45 - 59","14"],["0041400163",294,6,1,3,"11:18 PM","5:09",null,null,"Crawford P.FOUL (P1.T2) (G.Zielinski)",null,null],["0041400163",295,8,0,3,"11:18 PM","5:09","SUB: Diaw FOR Splitter",null,null,null,null],["0041400163",296,1,47,3,"11:18 PM","4:58","Leonard 14' Turnaround Jump Shot (29 PTS) (Ginobili 2 AST)",null,null,"45 - 61","16"],["0041400163",297,2,1,3,"11:18 PM","4:48","Leonard BLOCK (2 BLK)",null,"MISS Paul 8' Jump Shot",null,null],["0041400163",298,4,0,3,"11:18 PM","4:48",null,null,"Clippers Rebound",null,null],["0041400163",300,5,15,3,"11:19 PM","4:42",null,null,"Jordan Offensive Goaltending Turnover (P1.T12)",null,null],["0041400163",301,1,79,3,"11:19 PM","4:23","Parker 14' Pullup Jump Shot (6 PTS) (Leonard 1 AST)",null,null,"45 - 63","18"],["0041400163",303,8,0,3,"11:20 PM","4:02","SUB: Mills FOR Parker",null,null,null,null],["0041400163",304,8,0,3,"11:20 PM","4:02",null,null,"SUB: Rivers FOR Redick",null,null],["0041400163",305,8,0,3,"11:20 PM","4:02",null,null,"SUB: Davis FOR Jordan",null,null],["0041400163",306,2,1,3,"11:20 PM","3:55",null,null,"MISS Crawford 25' 3PT Jump Shot",null,null],["0041400163",307,4,0,3,"11:20 PM","3:54","Diaw REBOUND (Off:1 Def:4)",null,null,null,null],["0041400163",308,6,29,3,"11:21 PM","3:48",null,null,"Davis Shooting Block Foul (P1.T3) (M.McCutchen)",null,null],["0041400163",309,3,11,3,"11:21 PM","3:48","MISS Diaw Free Throw 1 of 2",null,null,null,null],["0041400163",310,4,1,3,"11:21 PM","3:48","SPURS Rebound",null,null,null,null],["0041400163",311,8,0,3,"11:21 PM","3:48","SUB: Green FOR Leonard",null,null,null,null],["0041400163",312,3,12,3,"11:21 PM","3:48","Diaw Free Throw 2 of 2 (9 PTS)",null,null,"45 - 64","19"],["0041400163",314,2,46,3,"11:22 PM","3:39","Duncan BLOCK (3 BLK)",null,"MISS Rivers 8' Running Jump Shot",null,null],["0041400163",315,4,0,3,"11:22 PM","3:38",null,null,"Rivers REBOUND (Off:2 Def:1)",null,null],["0041400163",316,2,1,3,"11:22 PM","3:23",null,null,"MISS Paul 25' 3PT Jump Shot",null,null],["0041400163",318,4,0,3,"11:22 PM","3:21",null,null,"Davis REBOUND (Off:1 Def:2)",null,null],["0041400163",317,1,5,3,"11:22 PM","3:21",null,null,"Davis 1' Layup (3 PTS)","47 - 64","17"],["0041400163",319,1,47,3,"11:22 PM","2:54","Duncan 13' Turnaround Jump Shot (4 PTS)",null,null,"47 - 66","19"],["0041400163",320,2,5,3,"11:23 PM","2:31","Ginobili BLOCK (2 BLK)",null,"MISS Davis 2' Layup",null,null],["0041400163",321,4,0,3,"11:23 PM","2:30","Duncan REBOUND (Off:1 Def:6)",null,null,null,null],["0041400163",322,6,1,3,"11:23 PM","2:29",null,null,"Paul P.FOUL (P3.T4) (B.Spooner)",null,null],["0041400163",323,8,0,3,"11:23 PM","2:29",null,null,"SUB: Turkoglu FOR Paul",null,null],["0041400163",324,2,5,3,"11:23 PM","2:16","MISS Green 1' Layup",null,null,null,null],["0041400163",325,4,0,3,"11:23 PM","2:15",null,null,"Davis REBOUND (Off:1 Def:3)",null,null],["0041400163",326,10,0,3,"11:24 PM","2:14","Jump Ball Duncan vs. Davis: Tip to Ginobili",null,null,null,null],["0041400163",327,5,2,3,"11:24 PM","2:14","Duncan STEAL (1 STL)",null,"Davis Lost Ball Turnover (P1.T13)",null,null],["0041400163",328,1,78,3,"11:24 PM","1:56","Diaw 4' Floating Jump Shot (11 PTS) (Ginobili 3 AST)",null,null,"47 - 68","21"],["0041400163",329,2,1,3,"11:25 PM","1:38",null,null,"MISS Crawford 12' Jump Shot",null,null],["0041400163",330,4,0,3,"11:25 PM","1:38","SPURS Rebound",null,null,null,null],["0041400163",331,6,3,3,"11:25 PM","1:38",null,null,"Davis L.B.FOUL (P2.PN) (B.Spooner)",null,null],["0041400163",332,3,11,3,"11:25 PM","1:38","MISS Duncan Free Throw 1 of 2",null,null,null,null],["0041400163",333,4,1,3,"11:25 PM","1:38","SPURS Rebound",null,null,null,null],["0041400163",334,3,12,3,"11:25 PM","1:38","MISS Duncan Free Throw 2 of 2",null,null,null,null],["0041400163",336,4,0,3,"11:26 PM","1:37",null,null,"Griffin REBOUND (Off:3 Def:7)",null,null],["0041400163",337,2,1,3,"11:26 PM","1:14",null,null,"MISS Crawford 19' Jump Shot",null,null],["0041400163",338,4,0,3,"11:26 PM","1:13","Green REBOUND (Off:0 Def:3)",null,null,null,null],["0041400163",339,5,1,3,"11:26 PM","1:01","Diaw Bad Pass Turnover (P1.T9)",null,"Turkoglu STEAL (1 STL)",null,null],["0041400163",340,6,1,3,"11:26 PM","1:01","Ginobili P.FOUL (P2.T3) (M.McCutchen)",null,null,null,null],["0041400163",341,8,0,3,"11:26 PM","1:01","SUB: Bonner FOR Duncan",null,null,null,null],["0041400163",342,6,1,3,"11:27 PM","0:55","Diaw P.FOUL (P2.PN) (M.McCutchen)",null,null,null,null],["0041400163",343,3,11,3,"11:27 PM","0:55",null,null,"Griffin Free Throw 1 of 2 (13 PTS)","48 - 68","20"],["0041400163",345,3,12,3,"11:27 PM","0:55",null,null,"Griffin Free Throw 2 of 2 (14 PTS)","49 - 68","19"],["0041400163",347,2,46,3,"11:28 PM","0:33","MISS Mills 4' Running Jump Shot",null,null,null,null],["0041400163",348,4,0,3,"11:28 PM","0:32","Mills REBOUND (Off:1 Def:2)",null,null,null,null],["0041400163",349,1,5,3,"11:28 PM","0:14","Ginobili 1' Layup (2 PTS)",null,null,"49 - 70","21"],["0041400163",350,2,66,3,"11:29 PM","0:01",null,null,"MISS Crawford 8' Jump Bank Shot",null,null],["0041400163",351,4,0,3,"11:29 PM","0:00","Green REBOUND (Off:0 Def:4)",null,null,null,null],["0041400163",352,13,0,3,"11:29 PM","0:00",null,null,null,"49 - 70","21"],["0041400163",354,12,0,4,"11:32 PM","12:00",null,null,null,"49 - 70","21"],["0041400163",355,2,77,4,"11:33 PM","11:42","MISS Ginobili 5' Driving Jump Shot",null,null,null,null],["0041400163",356,4,0,4,"11:33 PM","11:41",null,null,"Crawford REBOUND (Off:0 Def:2)",null,null],["0041400163",357,6,1,4,"11:33 PM","11:27","Diaw P.FOUL (P3.T1) (B.Spooner)",null,null,null,null],["0041400163",358,1,1,4,"11:33 PM","11:16",null,null,"Crawford 9' Jump Shot (5 PTS)","51 - 70","19"],["0041400163",359,1,5,4,"11:34 PM","10:56","Diaw 1' Layup (13 PTS) (Ginobili 4 AST)",null,null,"51 - 72","21"],["0041400163",360,2,5,4,"11:34 PM","10:44",null,null,"MISS Turkoglu 1' Layup",null,null],["0041400163",361,4,0,4,"11:34 PM","10:43","Bonner REBOUND (Off:0 Def:2)",null,null,null,null],["0041400163",362,1,1,4,"11:34 PM","10:31","Mills 25' 3PT Jump Shot (6 PTS) (Ginobili 5 AST)",null,null,"51 - 75","24"],["0041400163",363,2,1,4,"11:34 PM","10:14",null,null,"MISS Crawford 24' Jump Shot",null,null],["0041400163",364,4,0,4,"11:34 PM","10:13","Ginobili REBOUND (Off:0 Def:6)",null,null,null,null],["0041400163",365,5,2,4,"11:35 PM","10:01","Green Lost Ball Turnover (P1.T10)",null,"Paul STEAL (2 STL)",null,null],["0041400163",366,2,1,4,"11:35 PM","9:52",null,null,"MISS Paul 24' 3PT Jump Shot",null,null],["0041400163",367,4,0,4,"11:35 PM","9:50","Diaw REBOUND (Off:1 Def:5)",null,null,null,null],["0041400163",368,2,1,4,"11:35 PM","9:35","MISS Bonner 25' 3PT Jump Shot",null,null,null,null],["0041400163",369,4,0,4,"11:35 PM","9:34",null,null,"Jordan REBOUND (Off:2 Def:6)",null,null],["0041400163",370,5,1,4,"11:35 PM","9:26","Diaw STEAL (1 STL)",null,"Paul Bad Pass Turnover (P6.T14)",null,null],["0041400163",371,2,1,4,"11:35 PM","9:21","MISS Mills 25' 3PT Jump Shot",null,null,null,null],["0041400163",372,4,0,4,"11:35 PM","9:18","Green REBOUND (Off:1 Def:4)",null,null,null,null],["0041400163",373,1,1,4,"11:35 PM","9:13","Green 25' 3PT Jump Shot (11 PTS) (Ginobili 6 AST)",null,null,"51 - 78","27"],["0041400163",374,9,1,4,"11:36 PM","9:13",null,null,"Clippers Timeout: Regular (Reg.4 Short 1)",null,null],["0041400163",377,8,0,4,"11:37 PM","9:13",null,null,"SUB: Redick FOR Turkoglu",null,null],["0041400163",378,8,0,4,"11:38 PM","9:13","SUB: Belinelli FOR Bonner",null,null,null,null],["0041400163",379,8,0,4,"11:39 PM","9:11","SUB: Leonard FOR Ginobili",null,null,null,null],["0041400163",380,1,52,4,"11:39 PM","9:03",null,null,"Jordan  Alley Oop Dunk (8 PTS) (Paul 4 AST)","53 - 78","25"],["0041400163",381,1,5,4,"11:39 PM","8:44","Belinelli 1' Layup (4 PTS) (Diaw 3 AST)",null,null,"53 - 80","27"],["0041400163",382,1,7,4,"11:40 PM","8:27",null,null,"Jordan  Dunk (10 PTS) (Crawford 2 AST)","55 - 80","25"],["0041400163",383,6,2,4,"11:40 PM","8:05",null,null,"Paul S.FOUL (P4.T1) (M.McCutchen)",null,null],["0041400163",384,3,11,4,"11:40 PM","8:05","Diaw Free Throw 1 of 2 (14 PTS)",null,null,"55 - 81","26"],["0041400163",386,3,12,4,"11:41 PM","8:05","Diaw Free Throw 2 of 2 (15 PTS)",null,null,"55 - 82","27"],["0041400163",388,6,1,4,"11:41 PM","7:55","Green P.FOUL (P1.T2) (M.McCutchen)",null,null,null,null],["0041400163",389,8,0,4,"11:41 PM","7:55",null,null,"SUB: Hudson FOR Paul",null,null],["0041400163",390,8,0,4,"11:41 PM","7:55","SUB: Ayres FOR Diaw",null,null,null,null],["0041400163",391,8,0,4,"11:42 PM","7:55",null,null,"SUB: Hawes FOR Jordan",null,null],["0041400163",392,2,1,4,"11:42 PM","7:46",null,null,"MISS Rivers 26' 3PT Jump Shot",null,null],["0041400163",393,4,0,4,"11:42 PM","7:45","Green REBOUND (Off:1 Def:5)",null,null,null,null],["0041400163",394,1,1,4,"11:42 PM","7:39","Leonard 19' Jump Shot (31 PTS)",null,null,"55 - 84","29"],["0041400163",395,6,2,4,"11:42 PM","7:39",null,null,"Hudson S.FOUL (P1.T2) (B.Spooner)",null,null],["0041400163",396,8,0,4,"11:42 PM","7:39","SUB: Joseph FOR Mills",null,null,null,null],["0041400163",397,8,0,4,"11:42 PM","7:39",null,null,"SUB: Davis FOR Redick",null,null],["0041400163",398,8,0,4,"11:43 PM","7:39","SUB: Bonner FOR Green",null,null,null,null],["0041400163",399,3,10,4,"11:43 PM","7:39","Leonard Free Throw 1 of 1 (32 PTS)",null,null,"55 - 85","30"],["0041400163",401,2,1,4,"11:43 PM","7:25",null,null,"MISS Hawes 25' 3PT Jump Shot",null,null],["0041400163",402,4,0,4,"11:43 PM","7:24","Leonard REBOUND (Off:2 Def:2)",null,null,null,null],["0041400163",403,9,1,4,"11:43 PM","7:19","SPURS Timeout: Regular (Full 4 Short 0)",null,null,null,null],["0041400163",405,8,0,4,"11:45 PM","7:19","SUB: Baynes FOR Leonard",null,null,null,null],["0041400163",406,1,79,4,"11:46 PM","7:11","Joseph 17' Pullup Jump Shot (2 PTS)",null,null,"55 - 87","32"],["0041400163",407,2,3,4,"11:47 PM","6:54",null,null,"MISS Hawes 12' Hook Shot",null,null],["0041400163",408,4,0,4,"11:47 PM","6:51","Baynes REBOUND (Off:0 Def:1)",null,null,null,null],["0041400163",409,2,1,4,"11:47 PM","6:37","MISS Baynes 14' Jump Shot",null,null,null,null],["0041400163",410,4,0,4,"11:47 PM","6:35",null,null,"Hawes REBOUND (Off:0 Def:1)",null,null],["0041400163",411,2,3,4,"11:47 PM","6:21",null,null,"MISS Davis 5' Hook Shot",null,null],["0041400163",412,4,0,4,"11:47 PM","6:18","Ayres REBOUND (Off:0 Def:1)",null,null,null,null],["0041400163",413,1,63,4,"11:47 PM","5:58","Belinelli 16' Fadeaway Jumper (6 PTS) (Ayres 1 AST)",null,null,"55 - 89","34"],["0041400163",414,9,2,4,"11:48 PM","5:58",null,null,"Clippers Timeout: Short (Reg.4 Short 2)",null,null],["0041400163",415,2,1,4,"11:49 PM","5:49",null,null,"MISS Rivers 22' Jump Shot",null,null],["0041400163",416,4,0,4,"11:49 PM","5:48","Ayres REBOUND (Off:0 Def:2)",null,null,null,null],["0041400163",417,1,1,4,"11:49 PM","5:29","Belinelli 26' 3PT Jump Shot (9 PTS) (Bonner 1 AST)",null,null,"55 - 92","37"],["0041400163",418,2,5,4,"11:49 PM","5:09",null,null,"MISS Hawes 1' Layup",null,null],["0041400163",420,4,0,4,"11:49 PM","5:07",null,null,"Davis REBOUND (Off:2 Def:3)",null,null],["0041400163",419,1,92,4,"11:49 PM","5:07",null,null,"Davis  Putback Slam Dunk (5 PTS)","57 - 92","35"],["0041400163",421,5,8,4,"11:50 PM","4:49","Baynes 3 Second Violation Turnover (P1.T11)",null,null,null,null],["0041400163",422,8,0,4,"11:50 PM","4:49",null,null,"SUB: Udoh FOR Crawford",null,null],["0041400163",423,8,0,4,"11:50 PM","4:49",null,null,"SUB: Jones FOR Davis",null,null],["0041400163",424,1,5,4,"11:50 PM","4:36",null,null,"Rivers 1' Layup (6 PTS)","59 - 92","33"],["0041400163",425,2,1,4,"11:51 PM","4:21","MISS Bonner 25' 3PT Jump Shot",null,null,null,null],["0041400163",426,4,0,4,"11:51 PM","4:20",null,null,"Rivers REBOUND (Off:2 Def:2)",null,null],["0041400163",427,1,1,4,"11:51 PM","3:57",null,null,"Rivers 7' Jump Shot (8 PTS)","61 - 92","31"],["0041400163",428,1,66,4,"11:51 PM","3:37","Joseph 7' Jump Bank Shot (4 PTS) (Belinelli 1 AST)",null,null,"61 - 94","33"],["0041400163",429,1,1,4,"11:51 PM","3:28",null,null,"Hudson 25' 3PT Jump Shot (3 PTS)","64 - 94","30"],["0041400163",430,1,1,4,"11:52 PM","3:08","Baynes 19' Jump Shot (2 PTS) (Ayres 2 AST)",null,null,"64 - 96","32"],["0041400163",431,1,1,4,"11:52 PM","2:54",null,null,"Rivers 24' 3PT Jump Shot (11 PTS)","67 - 96","29"],["0041400163",432,2,7,4,"11:52 PM","2:39","MISS Ayres  Dunk",null,"Hawes BLOCK (1 BLK)",null,null],["0041400163",433,4,0,4,"11:52 PM","2:36",null,null,"Hawes REBOUND (Off:0 Def:2)",null,null],["0041400163",434,2,77,4,"11:52 PM","2:26",null,null,"MISS Hawes 5' Driving Jump Shot",null,null],["0041400163",435,4,0,4,"11:52 PM","2:25",null,null,"Clippers Rebound",null,null],["0041400163",436,9,4,4,"11:53 PM","2:25",null,null,null,null,null],["0041400163",439,2,46,4,"11:56 PM","2:18",null,null,"MISS Rivers 7' Running Jump Shot",null,null],["0041400163",440,4,0,4,"11:56 PM","2:16","Baynes REBOUND (Off:0 Def:2)",null,null,null,null],["0041400163",441,1,1,4,"11:56 PM","1:59","Joseph 19' Jump Shot (6 PTS)",null,null,"67 - 98","31"],["0041400163",442,2,46,4,"11:56 PM","1:47",null,null,"MISS Hawes 8' Running Jump Shot",null,null],["0041400163",443,4,0,4,"11:56 PM","1:44","Baynes REBOUND (Off:0 Def:3)",null,null,null,null],["0041400163",444,6,2,4,"11:57 PM","1:37",null,null,"Jones S.FOUL (P1.T3) (B.Spooner)",null,null],["0041400163",445,3,11,4,"11:57 PM","1:37","Baynes Free Throw 1 of 2 (3 PTS)",null,null,"67 - 99","32"],["0041400163",447,3,12,4,"11:57 PM","1:37","Baynes Free Throw 2 of 2 (4 PTS)",null,null,"67 - 100","33"],["0041400163",449,1,5,4,"11:57 PM","1:25",null,null,"Hudson  Layup (5 PTS)","69 - 100","31"],["0041400163",450,2,1,4,"11:58 PM","1:11","MISS Belinelli 22' Jump Shot",null,null,null,null],["0041400163",451,4,0,4,"11:58 PM","1:10",null,null,"Hudson REBOUND (Off:0 Def:1)",null,null],["0041400163",452,1,5,4,"11:58 PM","1:03",null,null,"Hawes  Layup (2 PTS) (Hudson 1 AST)","71 - 100","29"],["0041400163",453,5,2,4,"11:58 PM","0:50","Joseph Lost Ball Turnover (P1.T12)",null,"Jones STEAL (1 STL)",null,null],["0041400163",454,1,7,4,"11:58 PM","0:47",null,null,"Jones  Dunk (2 PTS) (Hudson 2 AST)","73 - 100","27"],["0041400163",455,6,4,4,"11:59 PM","0:26","Bonner OFF.Foul (P1) (B.Spooner)",null,null,null,null],["0041400163",456,5,5,4,"11:59 PM","0:26","Bonner Foul Turnover (P1.T13)",null,null,null,null],["0041400163",457,2,1,4,"11:59 PM","0:11",null,null,"MISS Hudson 25' 3PT Jump Shot",null,null],["0041400163",458,4,0,4,"11:59 PM","0:10","Ayres REBOUND (Off:0 Def:3)",null,null,null,null],["0041400163",459,13,0,4,"11:59 PM","0:00",null,null,null,"73 - 100","27"]]},{"name":"AvailableVideo","headers":["VIDEO_AVAILABLE_FLAG"],"rowSet":[[1]]}]}