{"resource":"playbyplay","parameters":{"GameID":"0041400204","StartPeriod":0,"EndPeriod":14},"resultSets":[{"name":"PlayByPlay","headers":["GAME_ID","EVENTNUM","EVENTMSGTYPE","EVENTMSGACTIONTYPE","PERIOD","WCTIMESTRING","PCTIMESTRING","HOMEDESCRIPTION","NEUTRALDESCRIPTION","VISITORDESCRIPTION","SCORE","SCOREMARGIN"],"rowSet":[["0041400204",0,12,0,1,"7:03 PM","12:00",null,null,null,null,null],["0041400204",1,10,0,1,"7:03 PM","12:00","Jump Ball Gortat vs. Horford: Tip to Nene",null,null,null,null],["0041400204",2,5,4,1,"7:03 PM","11:45","Nene Traveling Turnover (P1.T1)",null,null,null,null],["0041400204",3,2,1,1,"7:04 PM","11:28",null,null,"MISS Korver 25' 3PT Jump Shot",null,null],["0041400204",4,4,0,1,"7:04 PM","11:27","WIZARDS Rebound",null,null,null,null],["0041400204",5,1,1,1,"7:04 PM","11:11","Pierce 26' 3PT Jump Shot (3 PTS) (Beal 1 AST)",null,null,"0 - 3","3"],["0041400204",6,6,1,1,"7:04 PM","11:03","Nene P.FOUL (P1.T1) (K.Mauer)",null,null,null,null],["0041400204",7,1,5,1,"7:04 PM","10:57",null,null,"Horford 1' Layup (2 PTS) (Korver 1 AST)","2 - 3","1"],["0041400204",8,1,1,1,"7:05 PM","10:38","Sessions 28' 3PT Jump Shot (3 PTS) (Nene 1 AST)",null,null,"2 - 6","4"],["0041400204",9,1,5,1,"7:05 PM","10:25",null,null,"Millsap 2' Layup (2 PTS) (Teague 1 AST)","4 - 6","2"],["0041400204",10,2,1,1,"7:05 PM","9:57","MISS Beal 15' Jump Shot",null,"Korver BLOCK (1 BLK)",null,null],["0041400204",11,4,0,1,"7:05 PM","9:57","WIZARDS Rebound",null,null,null,null],["0041400204",12,5,11,1,"7:06 PM","9:57","WIZARDS Turnover: Shot Clock (T#2)",null,null,null,null],["0041400204",14,2,1,1,"7:06 PM","9:44",null,null,"MISS Carroll 18' Jump Shot",null,null],["0041400204",15,4,0,1,"7:06 PM","9:43","Gortat REBOUND (Off:0 Def:1)",null,null,null,null],["0041400204",16,6,1,1,"7:06 PM","9:39",null,null,"Carroll P.FOUL (P1.T1) (K.Mauer)",null,null],["0041400204",17,2,1,1,"7:06 PM","9:30","MISS Beal 20' Jump Shot",null,null,null,null],["0041400204",18,4,0,1,"7:06 PM","9:29",null,null,"Carroll REBOUND (Off:0 Def:1)",null,null],["0041400204",19,2,1,1,"7:07 PM","9:15",null,null,"MISS Millsap 26' 3PT Jump Shot",null,null],["0041400204",20,4,0,1,"7:07 PM","9:14",null,null,"Horford REBOUND (Off:1 Def:0)",null,null],["0041400204",21,1,5,1,"7:07 PM","9:09",null,null,"Millsap 1' Layup (4 PTS) (Korver 2 AST)","6 - 6","TIE"],["0041400204",22,1,1,1,"7:07 PM","8:50","Pierce 25' 3PT Jump Shot (6 PTS) (Beal 2 AST)",null,null,"6 - 9","3"],["0041400204",23,1,44,1,"7:07 PM","8:29",null,null,"Teague 2' Reverse Layup (2 PTS) (Millsap 1 AST)","8 - 9","1"],["0041400204",24,1,1,1,"7:08 PM","8:13","Nene 15' Jump Shot (2 PTS) (Beal 3 AST)",null,null,"8 - 11","3"],["0041400204",25,1,42,1,"7:08 PM","7:53",null,null,"Millsap 2' Driving Layup (6 PTS)","10 - 11","1"],["0041400204",26,2,5,1,"7:08 PM","7:41","MISS Sessions 2' Layup",null,null,null,null],["0041400204",27,4,0,1,"7:08 PM","7:40",null,null,"Millsap REBOUND (Off:0 Def:1)",null,null],["0041400204",28,1,78,1,"7:08 PM","7:34",null,null,"Teague 11' Floating Jump Shot (4 PTS)","12 - 11","-1"],["0041400204",30,5,2,1,"7:09 PM","7:14","Sessions Lost Ball Turnover (P1.T3)",null,"Horford STEAL (1 STL)",null,null],["0041400204",31,2,5,1,"7:09 PM","7:05","Pierce BLOCK (1 BLK)",null,"MISS Carroll 2' Layup",null,null],["0041400204",32,4,0,1,"7:09 PM","7:04","Nene REBOUND (Off:0 Def:1)",null,null,null,null],["0041400204",33,6,2,1,"7:09 PM","7:01",null,null,"Millsap S.FOUL (P1.T2) (K.Mauer)",null,null],["0041400204",34,3,11,1,"7:09 PM","7:01","Sessions Free Throw 1 of 2 (4 PTS)",null,null,"12 - 12","TIE"],["0041400204",36,3,12,1,"7:09 PM","7:01","Sessions Free Throw 2 of 2 (5 PTS)",null,null,"12 - 13","1"],["0041400204",38,2,1,1,"7:10 PM","6:49","Nene BLOCK (1 BLK)",null,"MISS Horford 4' Jump Shot",null,null],["0041400204",39,4,0,1,"7:10 PM","6:46","Pierce REBOUND (Off:0 Def:1)",null,null,null,null],["0041400204",40,5,40,1,"7:10 PM","6:43","Beal Out of Bounds Lost Ball Turnover (P1.T4)",null,null,null,null],["0041400204",41,1,1,1,"7:10 PM","6:35",null,null,"Korver 26' 3PT Jump Shot (3 PTS) (Teague 2 AST)","15 - 13","-2"],["0041400204",42,1,1,1,"7:11 PM","6:16","Pierce 24' 3PT Jump Shot (9 PTS) (Sessions 1 AST)",null,null,"15 - 16","1"],["0041400204",43,9,1,1,"7:11 PM","6:06",null,null,"Hawks Timeout: Regular (Reg.1 Short 0)",null,null],["0041400204",45,8,0,1,"7:14 PM","6:06",null,null,"SUB: Antic FOR Horford",null,null],["0041400204",46,8,0,1,"7:14 PM","6:06",null,null,"SUB: Bazemore FOR Carroll",null,null],["0041400204",47,2,5,1,"7:15 PM","5:53",null,null,"MISS Teague 3' Layup",null,null],["0041400204",48,4,0,1,"7:15 PM","5:52","Gortat REBOUND (Off:0 Def:2)",null,null,null,null],["0041400204",49,2,1,1,"7:15 PM","5:34","MISS Gortat 8' Jump Shot",null,null,null,null],["0041400204",50,4,0,1,"7:15 PM","5:32",null,null,"Antic REBOUND (Off:0 Def:1)",null,null],["0041400204",51,2,1,1,"7:15 PM","5:24",null,null,"MISS Millsap 12' Jump Shot",null,null],["0041400204",52,4,0,1,"7:15 PM","5:23","Pierce REBOUND (Off:0 Def:2)",null,null,null,null],["0041400204",53,2,1,1,"7:15 PM","5:02","MISS Beal  3PT Jump Shot",null,"Teague BLOCK (1 BLK)",null,null],["0041400204",54,4,0,1,"7:15 PM","5:00",null,null,"Millsap REBOUND (Off:0 Def:2)",null,null],["0041400204",55,1,41,1,"7:16 PM","4:56",null,null,"Teague 2' Running Layup (6 PTS) (Millsap 2 AST)","17 - 16","-1"],["0041400204",56,2,1,1,"7:16 PM","4:36","MISS Pierce 12' Jump Shot",null,null,null,null],["0041400204",57,4,0,1,"7:16 PM","4:36",null,null,"Bazemore REBOUND (Off:0 Def:1)",null,null],["0041400204",58,2,1,1,"7:16 PM","4:14",null,null,"MISS Bazemore 4' Jump Shot",null,null],["0041400204",59,4,0,1,"7:16 PM","4:13","Nene REBOUND (Off:0 Def:2)",null,null,null,null],["0041400204",60,2,1,1,"7:16 PM","3:59","MISS Gortat 4' Jump Shot",null,null,null,null],["0041400204",61,4,0,1,"7:17 PM","3:58",null,null,"Millsap REBOUND (Off:0 Def:3)",null,null],["0041400204",62,1,41,1,"7:17 PM","3:52",null,null,"Antic 2' Running Layup (2 PTS) (Millsap 3 AST)","19 - 16","-3"],["0041400204",63,9,1,1,"7:17 PM","3:52","WIZARDS Timeout: Regular (Full 1 Short 0)",null,null,null,null],["0041400204",65,8,0,1,"7:18 PM","3:52","SUB: Gooden FOR Nene",null,null,null,null],["0041400204",66,8,0,1,"7:19 PM","3:52","SUB: Porter FOR Pierce",null,null,null,null],["0041400204",67,8,0,1,"7:19 PM","3:52",null,null,"SUB: Schroder FOR Teague",null,null],["0041400204",68,6,1,1,"7:20 PM","3:34",null,null,"Korver P.FOUL (P1.T3) (K.Mauer)",null,null],["0041400204",69,6,2,1,"7:21 PM","3:28",null,null,"Bazemore S.FOUL (P1.T4) (E.Malloy)",null,null],["0041400204",70,3,11,1,"7:21 PM","3:28","Beal Free Throw 1 of 2 (1 PTS)",null,null,"19 - 17","-2"],["0041400204",72,3,12,1,"7:21 PM","3:28","Beal Free Throw 2 of 2 (2 PTS)",null,null,"19 - 18","-1"],["0041400204",75,5,8,1,"7:22 PM","3:15",null,null,"Antic 3 Second Violation Turnover (P1.T1)",null,null],["0041400204",76,1,80,1,"7:22 PM","3:00","Beal 26' 3PT Step Back Jump Shot (5 PTS)",null,null,"19 - 21","2"],["0041400204",78,8,0,1,"7:23 PM","2:44","SUB: Temple FOR Beal",null,null,null,null],["0041400204",79,1,79,1,"7:23 PM","2:39",null,null,"Schroder 18' Pullup Jump Shot (2 PTS)","21 - 21","TIE"],["0041400204",80,2,1,1,"7:23 PM","2:27","MISS Sessions 27' 3PT Jump Shot",null,null,null,null],["0041400204",81,4,0,1,"7:23 PM","2:26",null,null,"Hawks Rebound",null,null],["0041400204",82,8,0,1,"7:24 PM","2:26",null,null,"SUB: Horford FOR Millsap",null,null],["0041400204",83,1,1,1,"7:24 PM","2:15",null,null,"Horford 15' Jump Shot (4 PTS) (Korver 3 AST)","23 - 21","-2"],["0041400204",84,2,1,1,"7:24 PM","2:00","MISS Temple 25' 3PT Jump Shot",null,null,null,null],["0041400204",85,4,0,1,"7:24 PM","1:59","Porter REBOUND (Off:1 Def:0)",null,null,null,null],["0041400204",86,1,42,1,"7:24 PM","1:53","Sessions 2' Driving Layup (7 PTS) (Porter 1 AST)",null,null,"23 - 23","TIE"],["0041400204",87,1,1,1,"7:25 PM","1:38",null,null,"Horford 17' Jump Shot (6 PTS) (Schroder 1 AST)","25 - 23","-2"],["0041400204",88,5,2,1,"7:25 PM","1:19","Temple Lost Ball Turnover (P1.T5)",null,"Bazemore STEAL (1 STL)",null,null],["0041400204",89,6,2,1,"7:25 PM","1:16","Temple S.FOUL (P1.T2) (E.Malloy)",null,null,null,null],["0041400204",90,3,11,1,"7:25 PM","1:16",null,null,"Bazemore Free Throw 1 of 2 (1 PTS)","26 - 23","-3"],["0041400204",92,8,0,1,"7:26 PM","1:16",null,null,"SUB: Muscala FOR Antic",null,null],["0041400204",93,8,0,1,"7:26 PM","1:16",null,null,"SUB: Carroll FOR Korver",null,null],["0041400204",94,3,12,1,"7:26 PM","1:16",null,null,"Bazemore Free Throw 2 of 2 (2 PTS)","27 - 23","-4"],["0041400204",97,1,1,1,"7:26 PM","1:02","Gooden 26' 3PT Jump Shot (3 PTS) (Sessions 2 AST)",null,null,"27 - 26","-1"],["0041400204",98,1,42,1,"7:26 PM","0:47",null,null,"Horford 2' Driving Layup (8 PTS) (Schroder 2 AST)","29 - 26","-3"],["0041400204",99,2,1,1,"7:27 PM","0:31","MISS Gooden 20' Jump Shot",null,null,null,null],["0041400204",100,4,0,1,"7:27 PM","0:30",null,null,"Horford REBOUND (Off:1 Def:1)",null,null],["0041400204",101,2,5,1,"7:27 PM","0:09",null,null,"MISS Schroder 1' Layup",null,null],["0041400204",102,4,0,1,"7:27 PM","0:08","Gortat REBOUND (Off:0 Def:3)",null,null,null,null],["0041400204",103,5,1,1,"7:27 PM","0:02","Gooden Bad Pass Turnover (P1.T6)",null,"Carroll STEAL (1 STL)",null,null],["0041400204",104,13,0,1,"7:27 PM","0:00",null,null,null,"29 - 26","-3"],["0041400204",106,12,0,2,"7:31 PM","12:00",null,null,null,"29 - 26","-3"],["0041400204",107,2,1,2,"7:32 PM","11:37",null,null,"MISS Horford 13' Jump Shot",null,null],["0041400204",108,4,0,2,"7:32 PM","11:37","WIZARDS Rebound",null,null,null,null],["0041400204",109,6,3,2,"7:32 PM","11:37",null,null,"Muscala L.B.FOUL (P1.T1) (E.Malloy)",null,null],["0041400204",110,1,1,2,"7:32 PM","11:24","Beal 26' 3PT Jump Shot (8 PTS) (Nene 2 AST)",null,null,"29 - 29","TIE"],["0041400204",111,1,1,2,"7:32 PM","11:12",null,null,"Muscala 20' Jump Shot (2 PTS) (Schroder 3 AST)","31 - 29","-2"],["0041400204",112,1,8,2,"7:33 PM","10:50","Nene  Slam Dunk (4 PTS) (Porter 2 AST)",null,null,"31 - 31","TIE"],["0041400204",113,1,1,2,"7:33 PM","10:33",null,null,"Schroder 26' 3PT Jump Shot (5 PTS)","34 - 31","-3"],["0041400204",114,1,78,2,"7:33 PM","10:07","Bynum 4' Floating Jump Shot (2 PTS)",null,null,"34 - 33","-1"],["0041400204",115,6,1,2,"7:34 PM","9:57","Gooden P.FOUL (P1.T1) (J.Goble)",null,null,null,null],["0041400204",116,8,0,2,"7:34 PM","9:57",null,null,"SUB: Teague FOR Bazemore",null,null],["0041400204",117,8,0,2,"7:34 PM","9:57",null,null,"SUB: Millsap FOR Muscala",null,null],["0041400204",118,1,75,2,"7:34 PM","9:52",null,null,"Schroder  Driving Finger Roll Layup (7 PTS)","36 - 33","-3"],["0041400204",119,5,2,2,"7:34 PM","9:37","Beal Lost Ball Turnover (P2.T7)",null,"Horford STEAL (2 STL)",null,null],["0041400204",120,2,5,2,"7:34 PM","9:33","Gooden BLOCK (1 BLK)",null,"MISS Teague 1' Layup",null,null],["0041400204",121,4,0,2,"7:34 PM","9:31",null,null,"Teague REBOUND (Off:1 Def:0)",null,null],["0041400204",122,6,2,2,"7:34 PM","9:29","Bynum S.FOUL (P1.T2) (K.Mauer)",null,null,null,null],["0041400204",123,3,11,2,"7:35 PM","9:29",null,null,"Teague Free Throw 1 of 2 (7 PTS)","37 - 33","-4"],["0041400204",125,3,12,2,"7:35 PM","9:29",null,null,"Teague Free Throw 2 of 2 (8 PTS)","38 - 33","-5"],["0041400204",128,2,1,2,"7:35 PM","9:12","MISS Porter 24' 3PT Jump Shot",null,null,null,null],["0041400204",129,4,0,2,"7:35 PM","9:11",null,null,"Carroll REBOUND (Off:0 Def:2)",null,null],["0041400204",130,1,5,2,"7:36 PM","8:54",null,null,"Schroder 1' Layup (9 PTS) (Millsap 4 AST)","40 - 33","-7"],["0041400204",131,9,1,2,"7:36 PM","8:53","WIZARDS Timeout: Regular (Full 2 Short 0)",null,null,null,null],["0041400204",133,8,0,2,"7:39 PM","8:53",null,null,"SUB: Antic FOR Horford",null,null],["0041400204",134,1,1,2,"7:39 PM","8:44","Beal 25' 3PT Jump Shot (11 PTS) (Nene 3 AST)",null,null,"40 - 36","-4"],["0041400204",135,1,5,2,"7:39 PM","8:28",null,null,"Millsap 1' Layup (8 PTS) (Teague 3 AST)","42 - 36","-6"],["0041400204",136,6,6,2,"7:40 PM","8:28","Gooden AWAY.FROM.PLAY.FOUL (P2.T3) (J.Goble)",null,null,null,null],["0041400204",137,8,0,2,"7:40 PM","8:28","SUB: Pierce FOR Gooden",null,null,null,null],["0041400204",138,3,10,2,"7:40 PM","8:28",null,null,"MISS Antic Free Throw 1 of 1",null,null],["0041400204",139,4,1,2,"7:40 PM","8:28",null,null,"Hawks Rebound",null,null],["0041400204",142,2,5,2,"7:40 PM","8:19",null,null,"MISS Millsap 2' Layup",null,null],["0041400204",143,4,0,2,"7:40 PM","8:19","WIZARDS Rebound",null,null,null,null],["0041400204",145,2,1,2,"7:41 PM","8:04","MISS Pierce 16' Jump Shot",null,null,null,null],["0041400204",146,4,0,2,"7:41 PM","8:03",null,null,"Carroll REBOUND (Off:0 Def:3)",null,null],["0041400204",147,6,2,2,"7:41 PM","7:52","Nene S.FOUL (P2.T4) (K.Mauer)",null,null,null,null],["0041400204",148,3,11,2,"7:41 PM","7:52",null,null,"Millsap Free Throw 1 of 2 (9 PTS)","43 - 36","-7"],["0041400204",150,8,0,2,"7:41 PM","7:52",null,null,"SUB: Korver FOR Schroder",null,null],["0041400204",151,3,12,2,"7:42 PM","7:52",null,null,"Millsap Free Throw 2 of 2 (10 PTS)","44 - 36","-8"],["0041400204",154,2,1,2,"7:42 PM","7:43","MISS Beal 19' Jump Shot",null,null,null,null],["0041400204",155,4,0,2,"7:42 PM","7:43",null,null,"Teague REBOUND (Off:1 Def:1)",null,null],["0041400204",156,2,1,2,"7:42 PM","7:35",null,null,"MISS Teague 27' 3PT Jump Shot",null,null],["0041400204",157,4,0,2,"7:42 PM","7:34","Beal REBOUND (Off:0 Def:1)",null,null,null,null],["0041400204",158,1,76,2,"7:42 PM","7:28","Bynum  Running Finger Roll Layup (4 PTS) (Beal 4 AST)",null,null,"44 - 38","-6"],["0041400204",159,2,1,2,"7:43 PM","7:01",null,null,"MISS Carroll 7' Jump Shot",null,null],["0041400204",160,4,0,2,"7:43 PM","7:00","Porter REBOUND (Off:1 Def:1)",null,null,null,null],["0041400204",161,1,42,2,"7:43 PM","6:51","Bynum 2' Driving Layup (6 PTS)",null,null,"44 - 40","-4"],["0041400204",162,9,1,2,"7:43 PM","6:51",null,null,"Hawks Timeout: Regular (Reg.2 Short 0)",null,null],["0041400204",164,8,0,2,"7:46 PM","6:51",null,null,"SUB: Horford FOR Antic",null,null],["0041400204",165,5,2,2,"7:47 PM","6:36","Bynum STEAL (1 STL)",null,"Teague Lost Ball Turnover (P1.T2)",null,null],["0041400204",166,2,5,2,"7:47 PM","6:32","MISS Bynum 1' Layup",null,null,null,null],["0041400204",167,4,0,2,"7:47 PM","6:26",null,null,"Horford REBOUND (Off:1 Def:2)",null,null],["0041400204",168,1,74,2,"7:47 PM","6:22",null,null,"Millsap 3' Running Reverse Layup (12 PTS)","46 - 40","-6"],["0041400204",169,6,2,2,"7:47 PM","6:22","Pierce S.FOUL (P1.PN) (E.Malloy)",null,null,null,null],["0041400204",170,3,10,2,"7:47 PM","6:22",null,null,"Millsap Free Throw 1 of 1 (13 PTS)","47 - 40","-7"],["0041400204",173,1,8,2,"7:48 PM","6:07","Nene  Slam Dunk (6 PTS) (Beal 5 AST)",null,null,"47 - 42","-5"],["0041400204",174,2,1,2,"7:48 PM","5:54",null,null,"MISS Teague 14' Jump Shot",null,null],["0041400204",175,4,0,2,"7:48 PM","5:53","Beal REBOUND (Off:0 Def:2)",null,null,null,null],["0041400204",176,5,2,2,"7:48 PM","5:42","Nene Lost Ball Turnover (P2.T8)",null,"Millsap STEAL (1 STL)",null,null],["0041400204",177,1,5,2,"7:48 PM","5:37",null,null,"Carroll 1' Layup (2 PTS) (Millsap 5 AST)","49 - 42","-7"],["0041400204",178,5,1,2,"7:48 PM","5:19","Bynum Bad Pass Turnover (P1.T9)",null,"Millsap STEAL (2 STL)",null,null],["0041400204",179,1,1,2,"7:49 PM","5:09",null,null,"Teague 25' 3PT Jump Shot (11 PTS) (Millsap 6 AST)","52 - 42","-10"],["0041400204",180,9,2,2,"7:49 PM","5:09","WIZARDS Timeout: Short (Full 2 Short 1)",null,null,null,null],["0041400204",182,8,0,2,"7:49 PM","5:09",null,null,"SUB: Schroder FOR Carroll",null,null],["0041400204",183,8,0,2,"7:50 PM","5:09","SUB: Gortat FOR Nene",null,null,null,null],["0041400204",184,8,0,2,"7:50 PM","5:09","SUB: Sessions FOR Bynum",null,null,null,null],["0041400204",185,1,75,2,"7:50 PM","4:54","Pierce  Driving Finger Roll Layup (11 PTS) (Beal 6 AST)",null,null,"52 - 44","-8"],["0041400204",186,1,1,2,"7:50 PM","4:41",null,null,"Korver 27' 3PT Jump Shot (6 PTS) (Teague 4 AST)","55 - 44","-11"],["0041400204",187,2,5,2,"7:50 PM","4:27","MISS Gortat 1' Layup",null,null,null,null],["0041400204",188,4,0,2,"7:50 PM","4:26",null,null,"Horford REBOUND (Off:1 Def:3)",null,null],["0041400204",189,6,2,2,"7:51 PM","4:18","Porter S.FOUL (P1.PN) (K.Mauer)",null,null,null,null],["0041400204",190,3,11,2,"7:51 PM","4:18",null,null,"MISS Teague Free Throw 1 of 2",null,null],["0041400204",191,4,1,2,"7:51 PM","4:18",null,null,"Hawks Rebound",null,null],["0041400204",192,8,0,2,"7:51 PM","4:18",null,null,"SUB: Muscala FOR Millsap",null,null],["0041400204",193,3,12,2,"7:51 PM","4:18",null,null,"Teague Free Throw 2 of 2 (12 PTS)","56 - 44","-12"],["0041400204",196,2,1,2,"7:52 PM","4:00","MISS Beal 28' 3PT Jump Shot",null,null,null,null],["0041400204",197,4,0,2,"7:52 PM","3:59",null,null,"Hawks Rebound",null,null],["0041400204",198,1,52,2,"7:52 PM","3:46",null,null,"Muscala  Alley Oop Dunk (4 PTS) (Teague 5 AST)","58 - 44","-14"],["0041400204",199,1,1,2,"7:52 PM","3:30","Pierce 29' 3PT Jump Shot (14 PTS) (Beal 7 AST)",null,null,"58 - 47","-11"],["0041400204",200,1,1,2,"7:53 PM","3:12",null,null,"Horford 18' Jump Shot (10 PTS) (Schroder 4 AST)","60 - 47","-13"],["0041400204",201,2,1,2,"7:53 PM","2:54","MISS Sessions 9' Jump Shot",null,null,null,null],["0041400204",202,4,0,2,"7:53 PM","2:53","Gortat REBOUND (Off:1 Def:3)",null,null,null,null],["0041400204",203,6,1,2,"7:53 PM","2:53",null,null,"Teague P.FOUL (P1.T2) (E.Malloy)",null,null],["0041400204",204,9,4,2,"7:53 PM","2:53",null,null,null,null,null],["0041400204",206,8,0,2,"7:56 PM","2:53",null,null,"SUB: Carroll FOR Muscala",null,null],["0041400204",207,8,0,2,"7:56 PM","2:53",null,null,"SUB: Millsap FOR Teague",null,null],["0041400204",208,6,2,2,"7:56 PM","2:48",null,null,"Horford S.FOUL (P1.T3) (K.Mauer)",null,null],["0041400204",209,3,11,2,"7:57 PM","2:48","Beal Free Throw 1 of 2 (12 PTS)",null,null,"60 - 48","-12"],["0041400204",211,3,12,2,"7:57 PM","2:48","Beal Free Throw 2 of 2 (13 PTS)",null,null,"60 - 49","-11"],["0041400204",213,1,78,2,"7:57 PM","2:34",null,null,"Millsap 10' Floating Jump Shot (15 PTS) (Schroder 5 AST)","62 - 49","-13"],["0041400204",214,1,41,2,"7:57 PM","2:17","Beal 3' Running Layup (15 PTS)",null,null,"62 - 51","-11"],["0041400204",215,5,1,2,"7:58 PM","2:00",null,null,"Millsap Bad Pass Turnover (P1.T3)",null,null],["0041400204",216,6,2,2,"7:58 PM","1:52",null,null,"Millsap S.FOUL (P2.T4) (K.Mauer)",null,null],["0041400204",217,3,11,2,"7:58 PM","1:52","MISS Gortat Free Throw 1 of 2",null,null,null,null],["0041400204",218,4,1,2,"7:58 PM","1:52","WIZARDS Rebound",null,null,null,null],["0041400204",219,8,0,2,"7:58 PM","1:52",null,null,"SUB: Teague FOR Schroder",null,null],["0041400204",220,3,12,2,"7:59 PM","1:52","Gortat Free Throw 2 of 2 (1 PTS)",null,null,"62 - 52","-10"],["0041400204",223,2,1,2,"7:59 PM","1:31",null,null,"MISS Teague 29' 3PT Jump Shot",null,null],["0041400204",224,4,0,2,"7:59 PM","1:30",null,null,"Horford REBOUND (Off:2 Def:3)",null,null],["0041400204",225,1,1,2,"7:59 PM","1:27",null,null,"Carroll 25' 3PT Jump Shot (5 PTS) (Horford 1 AST)","65 - 52","-13"],["0041400204",226,1,1,2,"8:00 PM","1:02","Porter  3PT Jump Shot (3 PTS) (Sessions 3 AST)",null,null,"65 - 55","-10"],["0041400204",227,2,5,2,"8:00 PM","0:53",null,null,"MISS Teague 1' Layup",null,null],["0041400204",228,4,0,2,"8:00 PM","0:52",null,null,"Carroll REBOUND (Off:1 Def:3)",null,null],["0041400204",229,6,4,2,"8:00 PM","0:50",null,null,"Carroll OFF.Foul (P2) (E.Malloy)",null,null],["0041400204",230,5,5,2,"8:00 PM","0:50",null,null,"Carroll Foul Turnover (P1.T4)",null,null],["0041400204",231,8,0,2,"8:00 PM","0:50",null,null,"SUB: Schroder FOR Carroll",null,null],["0041400204",232,8,0,2,"8:00 PM","0:50",null,null,"SUB: Muscala FOR Millsap",null,null],["0041400204",234,5,4,2,"8:01 PM","0:34","Beal Traveling Turnover (P3.T10)",null,null,null,null],["0041400204",235,8,0,2,"8:01 PM","0:34",null,null,"SUB: Millsap FOR Muscala",null,null],["0041400204",236,2,5,2,"8:01 PM","0:27",null,null,"MISS Millsap 2' Layup",null,null],["0041400204",237,4,0,2,"8:01 PM","0:25","Gortat REBOUND (Off:1 Def:4)",null,null,null,null],["0041400204",238,2,5,2,"8:01 PM","0:04","MISS Beal 1' Layup",null,"Horford BLOCK (1 BLK)",null,null],["0041400204",239,4,0,2,"8:01 PM","0:03",null,null,"Horford REBOUND (Off:2 Def:4)",null,null],["0041400204",241,13,0,2,"8:02 PM","0:00",null,null,null,"65 - 55","-10"],["0041400204",243,12,0,3,"8:20 PM","12:00",null,null,null,"65 - 55","-10"],["0041400204",244,5,2,3,"8:20 PM","11:45","Beal STEAL (1 STL)",null,"Korver Lost Ball Turnover (P1.T5)",null,null],["0041400204",245,6,3,3,"8:20 PM","11:45",null,null,"Korver L.B.FOUL (P2.T1) (K.Mauer)",null,null],["0041400204",246,2,1,3,"8:21 PM","11:21","MISS Gortat 11' Jump Shot",null,null,null,null],["0041400204",247,4,0,3,"8:21 PM","11:20",null,null,"Korver REBOUND (Off:0 Def:1)",null,null],["0041400204",248,5,1,3,"8:21 PM","11:03","Sessions STEAL (1 STL)",null,"Millsap Bad Pass Turnover (P2.T6)",null,null],["0041400204",249,6,2,3,"8:21 PM","10:52",null,null,"Millsap S.FOUL (P3.T2) (J.Goble)",null,null],["0041400204",250,3,11,3,"8:21 PM","10:52","Beal Free Throw 1 of 2 (16 PTS)",null,null,"65 - 56","-9"],["0041400204",252,3,12,3,"8:21 PM","10:52","Beal Free Throw 2 of 2 (17 PTS)",null,null,"65 - 57","-8"],["0041400204",255,2,1,3,"8:22 PM","10:37",null,null,"MISS Horford 11' Jump Shot",null,null],["0041400204",256,4,0,3,"8:22 PM","10:36","Sessions REBOUND (Off:0 Def:1)",null,null,null,null],["0041400204",257,2,5,3,"8:22 PM","10:30","MISS Sessions 2' Layup",null,null,null,null],["0041400204",258,4,0,3,"8:22 PM","10:28","Nene REBOUND (Off:1 Def:2)",null,null,null,null],["0041400204",259,2,1,3,"8:22 PM","10:19","MISS Beal 26' 3PT Jump Shot",null,null,null,null],["0041400204",260,4,0,3,"8:22 PM","10:18","WIZARDS Rebound",null,null,null,null],["0041400204",261,6,3,3,"8:22 PM","10:18",null,null,"Millsap L.B.FOUL (P4.T3) (E.Malloy)",null,null],["0041400204",262,1,63,3,"8:23 PM","10:12","Pierce 13' Fadeaway Jumper (16 PTS)",null,null,"65 - 59","-6"],["0041400204",263,2,1,3,"8:23 PM","9:54","Pierce BLOCK (2 BLK)",null,"MISS Carroll 24' 3PT Jump Shot",null,null],["0041400204",264,4,0,3,"8:23 PM","9:52","Beal REBOUND (Off:0 Def:3)",null,null,null,null],["0041400204",265,1,79,3,"8:23 PM","9:47","Beal 26' 3PT Pullup Jump Shot (20 PTS)",null,null,"65 - 62","-3"],["0041400204",266,9,1,3,"8:23 PM","9:46",null,null,"Hawks Timeout: Regular (Reg.3 Short 0)",null,null],["0041400204",268,8,0,3,"8:26 PM","9:46",null,null,"SUB: Antic FOR Millsap",null,null],["0041400204",269,2,1,3,"8:27 PM","9:23",null,null,"MISS Horford 14' Jump Shot",null,null],["0041400204",270,4,0,3,"8:27 PM","9:22",null,null,"Hawks Rebound",null,null],["0041400204",271,5,40,3,"8:28 PM","9:16",null,null,"Korver Out of Bounds Lost Ball Turnover (P2.T7)",null,null],["0041400204",272,1,5,3,"8:28 PM","9:09","Pierce 1' Layup (18 PTS) (Sessions 4 AST)",null,null,"65 - 64","-1"],["0041400204",273,1,5,3,"8:28 PM","9:00",null,null,"Teague 1' Layup (14 PTS)","67 - 64","-3"],["0041400204",274,6,4,3,"8:28 PM","8:53","Gortat OFF.Foul (P1) (J.Goble)",null,null,null,null],["0041400204",275,5,5,3,"8:28 PM","8:53","Gortat Foul Turnover (P1.T11)",null,null,null,null],["0041400204",276,2,1,3,"8:29 PM","8:41",null,null,"MISS Teague 14' Jump Shot",null,null],["0041400204",277,4,0,3,"8:29 PM","8:41",null,null,"Hawks Rebound",null,null],["0041400204",278,2,1,3,"8:29 PM","8:35",null,null,"MISS Korver 25' 3PT Jump Shot",null,null],["0041400204",279,4,0,3,"8:29 PM","8:34","Pierce REBOUND (Off:0 Def:3)",null,null,null,null],["0041400204",280,2,1,3,"8:29 PM","8:17","MISS Nene 19' Jump Shot",null,null,null,null],["0041400204",281,4,0,3,"8:29 PM","8:16","Sessions REBOUND (Off:1 Def:1)",null,null,null,null],["0041400204",282,2,1,3,"8:30 PM","8:06","MISS Sessions 11' Jump Shot",null,null,null,null],["0041400204",283,4,0,3,"8:30 PM","8:05",null,null,"Antic REBOUND (Off:0 Def:2)",null,null],["0041400204",284,1,1,3,"8:30 PM","7:57",null,null,"Antic 28' 3PT Jump Shot (5 PTS) (Teague 6 AST)","70 - 64","-6"],["0041400204",285,6,1,3,"8:30 PM","7:41",null,null,"Antic P.FOUL (P1.T4) (K.Mauer)",null,null],["0041400204",286,2,1,3,"8:30 PM","7:33","MISS Beal 25' 3PT Jump Shot",null,null,null,null],["0041400204",287,4,0,3,"8:30 PM","7:32","Nene REBOUND (Off:2 Def:2)",null,null,null,null],["0041400204",288,1,87,3,"8:31 PM","7:30","Nene  Putback Dunk (8 PTS)",null,null,"70 - 66","-4"],["0041400204",289,1,5,3,"8:31 PM","7:18",null,null,"Antic 2' Layup (7 PTS) (Horford 2 AST)","72 - 66","-6"],["0041400204",290,2,1,3,"8:31 PM","6:56","MISS Beal 3' Jump Shot",null,null,null,null],["0041400204",291,4,0,3,"8:31 PM","6:55",null,null,"Horford REBOUND (Off:2 Def:5)",null,null],["0041400204",292,6,1,3,"8:31 PM","6:54","Nene P.FOUL (P3.T1) (J.Goble)",null,null,null,null],["0041400204",293,2,1,3,"8:32 PM","6:48",null,null,"MISS Teague 15' Jump Shot",null,null],["0041400204",294,4,0,3,"8:32 PM","6:47",null,null,"Teague REBOUND (Off:2 Def:1)",null,null],["0041400204",295,1,66,3,"8:32 PM","6:46",null,null,"Teague 8' Jump Bank Shot (16 PTS)","74 - 66","-8"],["0041400204",296,2,1,3,"8:32 PM","6:26","MISS Nene 15' Jump Shot",null,null,null,null],["0041400204",297,4,0,3,"8:32 PM","6:25",null,null,"Carroll REBOUND (Off:1 Def:4)",null,null],["0041400204",298,2,1,3,"8:32 PM","6:12",null,null,"MISS Carroll 11' Jump Shot",null,null],["0041400204",299,4,0,3,"8:32 PM","6:11","Beal REBOUND (Off:0 Def:4)",null,null,null,null],["0041400204",300,6,1,3,"8:32 PM","6:07",null,null,"Antic P.FOUL (P2.PN) (K.Mauer)",null,null],["0041400204",301,3,11,3,"8:33 PM","6:07","MISS Pierce Free Throw 1 of 2",null,null,null,null],["0041400204",302,4,1,3,"8:33 PM","6:07","WIZARDS Rebound",null,null,null,null],["0041400204",303,8,0,3,"8:33 PM","6:07","SUB: Gooden FOR Nene",null,null,null,null],["0041400204",304,8,0,3,"8:33 PM","6:07",null,null,"SUB: Bazemore FOR Korver",null,null],["0041400204",305,3,12,3,"8:33 PM","6:07","Pierce Free Throw 2 of 2 (19 PTS)",null,null,"74 - 67","-7"],["0041400204",308,1,1,3,"8:34 PM","5:54",null,null,"Horford 17' Jump Shot (12 PTS) (Teague 7 AST)","76 - 67","-9"],["0041400204",309,5,1,3,"8:34 PM","5:41","Gooden Bad Pass Turnover (P2.T12)",null,null,null,null],["0041400204",310,6,3,3,"8:34 PM","5:40","Pierce L.B.FOUL (P2.T2) (J.Goble)",null,null,null,null],["0041400204",311,2,5,3,"8:34 PM","5:37","Gooden BLOCK (2 BLK)",null,"MISS Teague 2' Layup",null,null],["0041400204",312,4,0,3,"8:34 PM","5:35","Gooden REBOUND (Off:0 Def:1)",null,null,null,null],["0041400204",313,1,1,3,"8:34 PM","5:25","Pierce 27' 3PT Jump Shot (22 PTS) (Gooden 1 AST)",null,null,"76 - 70","-6"],["0041400204",314,6,4,3,"8:35 PM","5:08",null,null,"Horford OFF.Foul (P2) (E.Malloy)",null,null],["0041400204",315,5,5,3,"8:35 PM","5:08",null,null,"Horford Foul Turnover (P1.T8)",null,null],["0041400204",317,8,0,3,"8:35 PM","5:08",null,null,"SUB: Schroder FOR Teague",null,null],["0041400204",318,2,1,3,"8:36 PM","4:53","MISS Sessions 3' Jump Shot",null,null,null,null],["0041400204",319,4,0,3,"8:36 PM","4:53",null,null,"Hawks Rebound",null,null],["0041400204",320,6,3,3,"8:36 PM","4:53","Gortat L.B.FOUL (P2.T3) (J.Goble)",null,null,null,null],["0041400204",321,1,1,3,"8:36 PM","4:41",null,null,"Horford 15' Jump Shot (14 PTS) (Schroder 6 AST)","78 - 70","-8"],["0041400204",322,2,1,3,"8:36 PM","4:12","MISS Gooden 11' Jump Shot",null,null,null,null],["0041400204",323,4,0,3,"8:36 PM","4:11","Beal REBOUND (Off:1 Def:4)",null,null,null,null],["0041400204",324,2,5,3,"8:36 PM","4:08","MISS Beal 1' Layup",null,null,null,null],["0041400204",325,4,0,3,"8:37 PM","4:07",null,null,"Schroder REBOUND (Off:0 Def:1)",null,null],["0041400204",326,5,1,3,"8:37 PM","4:05",null,null,"Schroder Bad Pass Turnover (P1.T9)",null,null],["0041400204",328,9,1,3,"8:37 PM","4:05","WIZARDS Timeout: Regular (Full 3 Short 1)",null,null,null,null],["0041400204",330,1,42,3,"8:40 PM","3:44","Sessions 2' Driving Layup (9 PTS)",null,null,"78 - 72","-6"],["0041400204",331,1,1,3,"8:41 PM","3:20",null,null,"Bazemore 26' 3PT Jump Shot (5 PTS) (Antic 1 AST)","81 - 72","-9"],["0041400204",332,2,1,3,"8:41 PM","2:54","MISS Gooden 17' Jump Shot",null,null,null,null],["0041400204",333,4,0,3,"8:41 PM","2:53",null,null,"Carroll REBOUND (Off:1 Def:5)",null,null],["0041400204",334,2,1,3,"8:41 PM","2:38",null,null,"MISS Antic 30' 3PT Jump Shot",null,null],["0041400204",335,4,0,3,"8:41 PM","2:37","Pierce REBOUND (Off:0 Def:4)",null,null,null,null],["0041400204",336,2,1,3,"8:42 PM","2:29","MISS Gooden 27' 3PT Jump Shot",null,null,null,null],["0041400204",337,4,0,3,"8:42 PM","2:28",null,null,"Hawks Rebound",null,null],["0041400204",338,6,3,3,"8:42 PM","2:28","Gortat L.B.FOUL (P3.T4) (K.Mauer)",null,null,null,null],["0041400204",339,8,0,3,"8:42 PM","2:28","SUB: Porter FOR Pierce",null,null,null,null],["0041400204",340,2,1,3,"8:42 PM","2:12",null,null,"MISS Carroll 26' 3PT Jump Shot",null,null],["0041400204",341,4,0,3,"8:42 PM","2:11","Sessions REBOUND (Off:1 Def:2)",null,null,null,null],["0041400204",342,6,1,3,"8:42 PM","2:08",null,null,"Bazemore P.FOUL (P2.PN) (E.Malloy)",null,null],["0041400204",343,3,11,3,"8:43 PM","2:08","MISS Beal Free Throw 1 of 2",null,null,null,null],["0041400204",344,4,1,3,"8:43 PM","2:08","WIZARDS Rebound",null,null,null,null],["0041400204",345,8,0,3,"8:43 PM","2:08",null,null,"SUB: Muscala FOR Antic",null,null],["0041400204",346,8,0,3,"8:43 PM","2:08",null,null,"SUB: Korver FOR Carroll",null,null],["0041400204",347,3,12,3,"8:43 PM","2:08","Beal Free Throw 2 of 2 (21 PTS)",null,null,"81 - 73","-8"],["0041400204",350,1,52,3,"8:43 PM","1:54",null,null,"Horford  Alley Oop Dunk (16 PTS) (Schroder 7 AST)","83 - 73","-10"],["0041400204",351,2,1,3,"8:44 PM","1:36","MISS Sessions 4' Jump Shot",null,null,null,null],["0041400204",352,4,0,3,"8:44 PM","1:35",null,null,"Muscala REBOUND (Off:0 Def:1)",null,null],["0041400204",353,2,5,3,"8:44 PM","1:14",null,null,"MISS Muscala  Layup",null,null],["0041400204",354,4,0,3,"8:44 PM","1:13",null,null,"Muscala REBOUND (Off:1 Def:1)",null,null],["0041400204",355,2,1,3,"8:44 PM","0:58",null,null,"MISS Horford 18' Jump Shot",null,null],["0041400204",356,4,0,3,"8:44 PM","0:57","WIZARDS Rebound",null,null,null,null],["0041400204",357,8,0,3,"8:45 PM","0:57","SUB: Temple FOR Beal",null,null,null,null],["0041400204",359,2,1,3,"8:45 PM","0:40","MISS Gortat 6' Jump Shot",null,null,null,null],["0041400204",360,4,0,3,"8:45 PM","0:39",null,null,"Bazemore REBOUND (Off:0 Def:2)",null,null],["0041400204",361,2,1,3,"8:45 PM","0:28",null,null,"MISS Schroder 5' Jump Shot",null,null],["0041400204",362,4,0,3,"8:45 PM","0:28","Gortat REBOUND (Off:1 Def:5)",null,null,null,null],["0041400204",363,1,5,3,"8:45 PM","0:22","Sessions 1' Layup (11 PTS)",null,null,"83 - 75","-8"],["0041400204",364,6,2,3,"8:46 PM","0:02","Temple S.FOUL (P2.PN) (E.Malloy)",null,null,null,null],["0041400204",365,3,11,3,"8:46 PM","0:02",null,null,"Schroder Free Throw 1 of 2 (10 PTS)","84 - 75","-9"],["0041400204",367,8,0,3,"8:46 PM","0:02",null,null,"SUB: Antic FOR Horford",null,null],["0041400204",368,3,12,3,"8:46 PM","0:02",null,null,"Schroder Free Throw 2 of 2 (11 PTS)","85 - 75","-10"],["0041400204",371,2,1,3,"8:47 PM","0:00","MISS Sessions 35' 3PT Jump Shot",null,null,null,null],["0041400204",372,4,0,3,"8:47 PM","0:00","WIZARDS Rebound",null,null,null,null],["0041400204",373,13,0,3,"8:47 PM","0:00",null,null,null,"85 - 75","-10"],["0041400204",375,12,0,4,"8:51 PM","12:00",null,null,null,"85 - 75","-10"],["0041400204",376,5,40,4,"8:51 PM","11:55","Bynum Out of Bounds Lost Ball Turnover (P2.T13)",null,null,null,null],["0041400204",377,1,7,4,"8:51 PM","11:48",null,null,"Muscala  Dunk (6 PTS) (Korver 4 AST)","87 - 75","-12"],["0041400204",378,1,42,4,"8:51 PM","11:29","Beal  Driving Layup (23 PTS)",null,null,"87 - 77","-10"],["0041400204",379,2,1,4,"8:52 PM","11:11",null,null,"MISS Muscala 24' 3PT Jump Shot",null,null],["0041400204",380,4,0,4,"8:52 PM","11:10",null,null,"Millsap REBOUND (Off:1 Def:3)",null,null],["0041400204",381,2,1,4,"8:52 PM","11:05",null,null,"MISS Schroder  3PT Jump Shot",null,null],["0041400204",382,4,0,4,"8:52 PM","11:04","Gooden REBOUND (Off:0 Def:2)",null,null,null,null],["0041400204",383,6,1,4,"8:52 PM","10:54",null,null,"Muscala P.FOUL (P2.T1) (E.Malloy)",null,null],["0041400204",384,8,0,4,"8:52 PM","10:54",null,null,"SUB: Teague FOR Bazemore",null,null],["0041400204",385,1,77,4,"8:53 PM","10:41","Nene 3' Driving Jump Shot (10 PTS)",null,null,"87 - 79","-8"],["0041400204",386,1,73,4,"8:53 PM","10:26",null,null,"Teague 2' Driving Reverse Layup (18 PTS)","89 - 79","-10"],["0041400204",387,2,1,4,"8:53 PM","10:12","MISS Beal 17' Jump Shot",null,null,null,null],["0041400204",388,4,0,4,"8:53 PM","10:10","WIZARDS Rebound",null,null,null,null],["0041400204",389,1,42,4,"8:54 PM","9:57","Beal 3' Driving Layup (25 PTS)",null,null,"89 - 81","-8"],["0041400204",390,6,2,4,"8:54 PM","9:57",null,null,"Millsap S.FOUL (P5.T2) (K.Mauer)",null,null],["0041400204",391,8,0,4,"8:54 PM","9:57",null,null,"SUB: Horford FOR Millsap",null,null],["0041400204",392,3,10,4,"8:54 PM","9:57","Beal Free Throw 1 of 1 (26 PTS)",null,null,"89 - 82","-7"],["0041400204",395,5,40,4,"8:55 PM","9:45",null,null,"Horford Out of Bounds Lost Ball Turnover (P2.T10)",null,null],["0041400204",396,5,15,4,"8:55 PM","9:29","Gooden Offensive Goaltending Turnover (P3.T14)",null,null,null,null],["0041400204",398,2,1,4,"8:56 PM","9:11",null,null,"MISS Horford 7' Jump Shot",null,null],["0041400204",399,4,0,4,"8:56 PM","9:10","Gooden REBOUND (Off:0 Def:3)",null,null,null,null],["0041400204",400,2,5,4,"8:56 PM","9:04","MISS Bynum  Layup",null,"Korver BLOCK (2 BLK)",null,null],["0041400204",401,4,0,4,"8:56 PM","9:01",null,null,"Horford REBOUND (Off:2 Def:6)",null,null],["0041400204",402,2,1,4,"8:56 PM","8:50",null,null,"MISS Schroder 4' Jump Shot",null,null],["0041400204",403,4,0,4,"8:56 PM","8:49","Nene REBOUND (Off:2 Def:3)",null,null,null,null],["0041400204",404,1,41,4,"8:56 PM","8:44","Bynum 1' Running Layup (8 PTS)",null,null,"89 - 84","-5"],["0041400204",405,7,5,4,"8:56 PM","8:27","Nene Violation:Kicked Ball (J.Goble)",null,null,null,null],["0041400204",406,9,4,4,"8:57 PM","8:27",null,null,null,null,null],["0041400204",409,5,2,4,"9:00 PM","8:25","Beal STEAL (2 STL)",null,"Schroder Lost Ball Turnover (P2.T11)",null,null],["0041400204",410,2,5,4,"9:00 PM","8:20","MISS Beal 1' Layup",null,null,null,null],["0041400204",411,4,0,4,"9:00 PM","8:19","Bynum REBOUND (Off:1 Def:0)",null,null,null,null],["0041400204",412,5,1,4,"9:00 PM","8:17","Bynum Bad Pass Turnover (P3.T15)",null,null,null,null],["0041400204",413,1,1,4,"9:01 PM","8:03",null,null,"Schroder  3PT Jump Shot (14 PTS) (Teague 8 AST)","92 - 84","-8"],["0041400204",414,2,1,4,"9:01 PM","7:40","MISS Gooden 27' 3PT Jump Shot",null,"Horford BLOCK (2 BLK)",null,null],["0041400204",415,4,0,4,"9:01 PM","7:38",null,null,"Korver REBOUND (Off:0 Def:2)",null,null],["0041400204",416,5,1,4,"9:01 PM","7:34","Beal STEAL (3 STL)",null,"Korver Bad Pass Turnover (P3.T12)",null,null],["0041400204",417,1,5,4,"9:01 PM","7:31","Beal 1' Layup (28 PTS)",null,null,"92 - 86","-6"],["0041400204",418,2,1,4,"9:01 PM","7:15",null,null,"MISS Horford 21' Jump Shot",null,null],["0041400204",419,4,0,4,"9:01 PM","7:13","Bynum REBOUND (Off:1 Def:1)",null,null,null,null],["0041400204",420,2,1,4,"9:02 PM","7:01","MISS Porter 26' 3PT Jump Shot",null,null,null,null],["0041400204",421,4,0,4,"9:02 PM","7:00",null,null,"Schroder REBOUND (Off:0 Def:2)",null,null],["0041400204",422,1,78,4,"9:02 PM","6:45",null,null,"Teague 5' Floating Jump Shot (20 PTS)","94 - 86","-8"],["0041400204",423,6,2,4,"9:02 PM","6:45","Nene S.FOUL (P4.T1) (E.Malloy)",null,null,null,null],["0041400204",424,8,0,4,"9:02 PM","6:45",null,null,"SUB: Millsap FOR Horford",null,null],["0041400204",425,8,0,4,"9:02 PM","6:45","SUB: Pierce FOR Gooden",null,null,null,null],["0041400204",426,8,0,4,"9:02 PM","6:45",null,null,"SUB: Carroll FOR Korver",null,null],["0041400204",427,3,10,4,"9:02 PM","6:45",null,null,"Teague Free Throw 1 of 1 (21 PTS)","95 - 86","-9"],["0041400204",430,1,42,4,"9:03 PM","6:33","Bynum 2' Driving Layup (10 PTS)",null,null,"95 - 88","-7"],["0041400204",431,2,1,4,"9:03 PM","6:09","Bynum BLOCK (1 BLK)",null,"MISS Teague 5' Jump Shot",null,null],["0041400204",432,4,0,4,"9:03 PM","6:07",null,null,"Teague REBOUND (Off:3 Def:1)",null,null],["0041400204",433,2,5,4,"9:03 PM","6:05","Pierce BLOCK (3 BLK)",null,"MISS Teague 3' Layup",null,null],["0041400204",434,4,0,4,"9:03 PM","6:04","Porter REBOUND (Off:1 Def:2)",null,null,null,null],["0041400204",435,5,1,4,"9:03 PM","6:03","Porter Bad Pass Turnover (P1.T16)",null,"Teague STEAL (1 STL)",null,null],["0041400204",436,6,2,4,"9:03 PM","6:03","Bynum S.FOUL (P2.T2) (J.Goble)",null,null,null,null],["0041400204",437,3,11,4,"9:04 PM","6:03",null,null,"Teague Free Throw 1 of 2 (22 PTS)","96 - 88","-8"],["0041400204",439,8,0,4,"9:04 PM","6:03",null,null,"SUB: Bazemore FOR Millsap",null,null],["0041400204",440,9,1,4,"9:04 PM","6:03","WIZARDS Timeout: Regular (Full 4 Short 1)",null,null,null,null],["0041400204",443,8,0,4,"9:08 PM","6:03",null,null,"SUB: Horford FOR Bazemore",null,null],["0041400204",444,3,12,4,"9:08 PM","6:03",null,null,"Teague Free Throw 2 of 2 (23 PTS)","97 - 88","-9"],["0041400204",446,6,1,4,"9:08 PM","5:52",null,null,"Schroder P.FOUL (P1.T3) (E.Malloy)",null,null],["0041400204",447,1,79,4,"9:09 PM","5:45","Beal 20' Pullup Jump Shot (30 PTS) (Nene 4 AST)",null,null,"97 - 90","-7"],["0041400204",448,2,1,4,"9:09 PM","5:27",null,null,"MISS Horford 19' Jump Shot",null,null],["0041400204",449,4,0,4,"9:09 PM","5:26","Porter REBOUND (Off:1 Def:3)",null,null,null,null],["0041400204",450,2,1,4,"9:09 PM","5:18","MISS Pierce 26' 3PT Jump Shot",null,null,null,null],["0041400204",451,4,0,4,"9:09 PM","5:17","WIZARDS Rebound",null,null,null,null],["0041400204",452,8,0,4,"9:10 PM","5:16",null,null,"SUB: Millsap FOR Muscala",null,null],["0041400204",454,5,2,4,"9:10 PM","5:10","Bynum Lost Ball Turnover (P4.T17)",null,"Teague STEAL (2 STL)",null,null],["0041400204",455,5,7,4,"9:10 PM","5:10",null,null,"Horford Discontinue Dribble Turnover (P3.T13)",null,null],["0041400204",456,8,0,4,"9:10 PM","5:10",null,null,"SUB: Korver FOR Teague",null,null],["0041400204",457,8,0,4,"9:11 PM","5:10","SUB: Gortat FOR Nene",null,null,null,null],["0041400204",458,2,1,4,"9:11 PM","4:59","MISS Pierce 9' Jump Shot",null,null,null,null],["0041400204",459,4,0,4,"9:11 PM","4:58","Gortat REBOUND (Off:2 Def:5)",null,null,null,null],["0041400204",460,2,5,4,"9:11 PM","4:56","MISS Gortat 3' Layup",null,null,null,null],["0041400204",461,4,0,4,"9:11 PM","4:55",null,null,"Horford REBOUND (Off:2 Def:7)",null,null],["0041400204",462,2,1,4,"9:11 PM","4:49",null,null,"MISS Millsap 6' Jump Shot",null,null],["0041400204",463,4,0,4,"9:11 PM","4:48","Beal REBOUND (Off:1 Def:5)",null,null,null,null],["0041400204",464,2,1,4,"9:11 PM","4:42","MISS Beal 4' Jump Shot",null,null,null,null],["0041400204",465,4,0,4,"9:11 PM","4:40","Bynum REBOUND (Off:2 Def:1)",null,null,null,null],["0041400204",466,2,1,4,"9:11 PM","4:36","MISS Porter 25' 3PT Jump Shot",null,null,null,null],["0041400204",467,4,0,4,"9:11 PM","4:36",null,null,"Hawks Rebound",null,null],["0041400204",468,6,3,4,"9:11 PM","4:36","Gortat L.B.FOUL (P4.T3) (K.Mauer)",null,null,null,null],["0041400204",469,8,0,4,"9:12 PM","4:36","SUB: Sessions FOR Bynum",null,null,null,null],["0041400204",470,1,1,4,"9:12 PM","4:26",null,null,"Horford 20' Jump Shot (18 PTS) (Schroder 8 AST)","99 - 90","-9"],["0041400204",471,1,46,4,"9:12 PM","4:07","Beal 9' Running Jump Shot (32 PTS)",null,null,"99 - 92","-7"],["0041400204",472,2,1,4,"9:13 PM","3:49",null,null,"MISS Schroder 20' Jump Shot",null,null],["0041400204",473,4,0,4,"9:13 PM","3:48",null,null,"Schroder REBOUND (Off:1 Def:2)",null,null],["0041400204",474,1,5,4,"9:13 PM","3:40",null,null,"Millsap 3' Layup (17 PTS) (Horford 3 AST)","101 - 92","-9"],["0041400204",475,2,1,4,"9:13 PM","3:18","MISS Sessions 3' Jump Shot",null,null,null,null],["0041400204",476,4,0,4,"9:13 PM","3:17","Gortat REBOUND (Off:3 Def:5)",null,null,null,null],["0041400204",477,1,4,4,"9:13 PM","3:16","Gortat  Tip Shot (3 PTS)",null,null,"101 - 94","-7"],["0041400204",478,9,1,4,"9:13 PM","3:09",null,null,"Hawks Timeout: Regular (Reg.4 Short 0)",null,null],["0041400204",480,8,0,4,"9:16 PM","3:09","SUB: Nene FOR Gortat",null,null,null,null],["0041400204",481,6,2,4,"9:16 PM","2:54","Sessions S.FOUL (P1.T4) (J.Goble)",null,null,null,null],["0041400204",482,3,11,4,"9:17 PM","2:54",null,null,"MISS Schroder Free Throw 1 of 2",null,null],["0041400204",483,4,1,4,"9:17 PM","2:54",null,null,"Hawks Rebound",null,null],["0041400204",484,8,0,4,"9:17 PM","2:54",null,null,"SUB: Teague FOR Korver",null,null],["0041400204",485,3,12,4,"9:17 PM","2:54",null,null,"MISS Schroder Free Throw 2 of 2",null,null],["0041400204",487,4,0,4,"9:17 PM","2:53","Pierce REBOUND (Off:0 Def:5)",null,null,null,null],["0041400204",488,2,1,4,"9:17 PM","2:39","MISS Beal 9' Jump Shot",null,null,null,null],["0041400204",489,4,0,4,"9:17 PM","2:38",null,null,"Horford REBOUND (Off:2 Def:8)",null,null],["0041400204",490,2,1,4,"9:18 PM","2:18",null,null,"MISS Millsap 5' Jump Shot",null,null],["0041400204",491,4,0,4,"9:18 PM","2:17","Nene REBOUND (Off:2 Def:4)",null,null,null,null],["0041400204",492,1,74,4,"9:18 PM","2:11","Sessions 1' Running Reverse Layup (13 PTS) (Porter 3 AST)",null,null,"101 - 96","-5"],["0041400204",493,2,1,4,"9:18 PM","1:52",null,null,"MISS Horford 19' Jump Shot",null,null],["0041400204",494,4,0,4,"9:18 PM","1:51","Porter REBOUND (Off:1 Def:4)",null,null,null,null],["0041400204",495,6,2,4,"9:19 PM","1:36",null,null,"Horford S.FOUL (P3.T4) (E.Malloy)",null,null],["0041400204",496,3,11,4,"9:19 PM","1:36","Porter Free Throw 1 of 2 (4 PTS)",null,null,"101 - 97","-4"],["0041400204",498,8,0,4,"9:19 PM","1:36",null,null,"SUB: Korver FOR Carroll",null,null],["0041400204",499,3,12,4,"9:19 PM","1:36","MISS Porter Free Throw 2 of 2",null,null,null,null],["0041400204",501,4,0,4,"9:19 PM","1:34",null,null,"Millsap REBOUND (Off:1 Def:4)",null,null],["0041400204",503,1,80,4,"9:20 PM","1:12",null,null,"Teague 27' 3PT Step Back Jump Shot (26 PTS)","104 - 97","-7"],["0041400204",504,9,1,4,"9:20 PM","1:12","WIZARDS Timeout: Regular (Full 5 Short 1)",null,null,null,null],["0041400204",506,8,0,4,"9:22 PM","1:12",null,null,"SUB: Bazemore FOR Millsap",null,null],["0041400204",507,8,0,4,"9:22 PM","1:12",null,null,"SUB: Carroll FOR Korver",null,null],["0041400204",508,1,42,4,"9:22 PM","1:10","Beal 1' Driving Layup (34 PTS) (Sessions 5 AST)",null,null,"104 - 99","-5"],["0041400204",509,9,1,4,"9:22 PM","1:03",null,null,"Hawks Timeout: Regular (Reg.5 Short 0)",null,null],["0041400204",511,8,0,4,"9:24 PM","1:03",null,null,"SUB: Millsap FOR Carroll",null,null],["0041400204",512,8,0,4,"9:24 PM","1:03",null,null,"SUB: Korver FOR Bazemore",null,null],["0041400204",513,2,1,4,"9:25 PM","0:46",null,null,"MISS Schroder 6' Jump Shot",null,null],["0041400204",514,4,0,4,"9:25 PM","0:45","Nene REBOUND (Off:2 Def:5)",null,null,null,null],["0041400204",515,9,2,4,"9:25 PM","0:38","WIZARDS Timeout: Short (Full 5 Short 2)",null,null,null,null],["0041400204",517,8,0,4,"9:26 PM","0:38",null,null,"SUB: Carroll FOR Millsap",null,null],["0041400204",518,1,7,4,"9:26 PM","0:36","Nene  Dunk (12 PTS) (Pierce 1 AST)",null,null,"104 - 101","-3"],["0041400204",519,2,1,4,"9:26 PM","0:14","Beal BLOCK (1 BLK)",null,"MISS Schroder 6' Jump Shot",null,null],["0041400204",520,4,0,4,"9:27 PM","0:12",null,null,"Schroder REBOUND (Off:2 Def:2)",null,null],["0041400204",524,2,45,4,"9:27 PM","0:11",null,null,"MISS Schroder 13' Jump Shot",null,null],["0041400204",526,4,0,4,"9:27 PM","0:09","Sessions REBOUND (Off:1 Def:3)",null,null,null,null],["0041400204",522,9,2,4,"9:27 PM","0:09","WIZARDS Timeout: Short (Full 5 Short 3)",null,null,null,null],["0041400204",527,8,0,4,"9:28 PM","0:09",null,null,"SUB: Bazemore FOR Teague",null,null],["0041400204",528,2,1,4,"9:28 PM","0:06","MISS Pierce 25' 3PT Jump Shot",null,null,null,null],["0041400204",529,4,0,4,"9:28 PM","0:05",null,null,"Hawks Rebound",null,null],["0041400204",530,9,2,4,"9:28 PM","0:03",null,null,"Hawks Timeout: Short (Reg.5 Short 1)",null,null],["0041400204",531,8,0,4,"9:29 PM","0:03","SUB: Bynum FOR Pierce",null,null,null,null],["0041400204",532,8,0,4,"9:29 PM","0:03","SUB: Temple FOR Nene",null,null,null,null],["0041400204",534,8,0,4,"9:29 PM","0:03",null,null,"SUB: Teague FOR Carroll",null,null],["0041400204",535,8,0,4,"9:29 PM","0:03",null,null,"SUB: Millsap FOR Bazemore",null,null],["0041400204",536,6,1,4,"9:30 PM","0:00","Bynum P.FOUL (P3.PN) (J.Goble)",null,null,null,null],["0041400204",537,3,11,4,"9:30 PM","0:00",null,null,"Millsap Free Throw 1 of 2 (18 PTS)","105 - 101","-4"],["0041400204",539,3,12,4,"9:30 PM","0:00",null,null,"Millsap Free Throw 2 of 2 (19 PTS)","106 - 101","-5"],["0041400204",541,13,0,4,"9:31 PM","0:00",null,null,null,"106 - 101","-5"]]},{"name":"AvailableVideo","headers":["VIDEO_AVAILABLE_FLAG"],"rowSet":[[1]]}]}