{"resource":"playbyplay","parameters":{"GameID":"0041400216","StartPeriod":0,"EndPeriod":14},"resultSets":[{"name":"PlayByPlay","headers":["GAME_ID","EVENTNUM","EVENTMSGTYPE","EVENTMSGACTIONTYPE","PERIOD","WCTIMESTRING","PCTIMESTRING","HOMEDESCRIPTION","NEUTRALDESCRIPTION","VISITORDESCRIPTION","SCORE","SCOREMARGIN"],"rowSet":[["0041400216",0,12,0,1,"8:11 PM","12:00",null,null,null,null,null],["0041400216",1,10,0,1,"8:11 PM","12:00","Jump Ball Gasol vs. Mozgov: Tip to Noah",null,null,null,null],["0041400216",2,1,1,1,"8:11 PM","11:40","Gasol 17' Jump Shot (2 PTS) (Butler 1 AST)",null,null,"0 - 2","2"],["0041400216",3,7,5,1,"8:11 PM","11:25","Butler Violation:Kicked Ball (.)",null,null,null,null],["0041400216",4,2,1,1,"8:12 PM","11:13",null,null,"MISS Shumpert 20' Jump Shot",null,null],["0041400216",5,4,0,1,"8:12 PM","11:13","BULLS Rebound",null,null,null,null],["0041400216",6,6,3,1,"8:12 PM","11:13",null,null,"Mozgov L.B.FOUL (P1.T1) (S.Wright)",null,null],["0041400216",7,1,66,1,"8:12 PM","11:06","Rose 19' Jump Bank Shot (2 PTS)",null,null,"0 - 4","4"],["0041400216",8,1,1,1,"8:12 PM","10:39",null,null,"Thompson 5' Jump Shot (2 PTS) (James 1 AST)","2 - 4","2"],["0041400216",9,2,1,1,"8:13 PM","10:25","MISS Rose 24' 3PT Jump Shot",null,null,null,null],["0041400216",10,4,0,1,"8:13 PM","10:24",null,null,"James REBOUND (Off:0 Def:1)",null,null],["0041400216",11,1,63,1,"8:13 PM","10:15",null,null,"James 12' Fadeaway Jumper (2 PTS)","4 - 4","TIE"],["0041400216",12,2,86,1,"8:13 PM","9:52","MISS Gasol 13' Turnaround Fadeaway Shot",null,null,null,null],["0041400216",13,4,0,1,"8:13 PM","9:51","Noah REBOUND (Off:1 Def:0)",null,null,null,null],["0041400216",16,6,2,1,"8:13 PM","9:51",null,null,"Thompson S.FOUL (P1.T2) (M.Davis)",null,null],["0041400216",17,3,11,1,"8:14 PM","9:51","Gasol Free Throw 1 of 2 (3 PTS)",null,null,"4 - 5","1"],["0041400216",19,3,12,1,"8:14 PM","9:51","Gasol Free Throw 2 of 2 (4 PTS)",null,null,"4 - 6","2"],["0041400216",21,6,2,1,"8:14 PM","9:31","Noah S.FOUL (P1.T1) (D.Crawford)",null,null,null,null],["0041400216",22,3,11,1,"8:15 PM","9:31",null,null,"Thompson Free Throw 1 of 2 (3 PTS)","5 - 6","1"],["0041400216",24,3,12,1,"8:15 PM","9:31",null,null,"Thompson Free Throw 2 of 2 (4 PTS)","6 - 6","TIE"],["0041400216",26,1,1,1,"8:15 PM","9:18","Dunleavy 22' Jump Shot (2 PTS) (Rose 1 AST)",null,null,"6 - 8","2"],["0041400216",27,6,26,1,"8:16 PM","9:01",null,null,"James Offensive Charge Foul (P1.T3) (S.Wright)",null,null],["0041400216",28,5,5,1,"8:16 PM","9:01",null,null,"James Foul Turnover (P1.T1)",null,null],["0041400216",29,2,1,1,"8:16 PM","8:42","MISS Dunleavy 26' 3PT Jump Shot",null,null,null,null],["0041400216",31,4,0,1,"8:16 PM","8:41","Butler REBOUND (Off:1 Def:0)",null,null,null,null],["0041400216",30,1,87,1,"8:16 PM","8:41","Butler  Putback Dunk (2 PTS)",null,null,"6 - 10","4"],["0041400216",32,2,1,1,"8:17 PM","8:19",null,null,"MISS James 19' Jump Shot",null,null],["0041400216",33,4,0,1,"8:17 PM","8:18","Noah REBOUND (Off:1 Def:1)",null,null,null,null],["0041400216",34,2,1,1,"8:17 PM","8:11","MISS Butler 25' 3PT Jump Shot",null,null,null,null],["0041400216",35,4,0,1,"8:17 PM","8:10",null,null,"Shumpert REBOUND (Off:0 Def:1)",null,null],["0041400216",36,2,1,1,"8:17 PM","8:03",null,null,"MISS James 26' 3PT Jump Shot",null,null],["0041400216",37,4,0,1,"8:17 PM","8:02","Butler REBOUND (Off:1 Def:1)",null,null,null,null],["0041400216",38,1,7,1,"8:17 PM","7:54","Gasol  Dunk (6 PTS) (Rose 2 AST)",null,null,"6 - 12","6"],["0041400216",39,9,1,1,"8:17 PM","7:53",null,null,"Cavaliers Timeout: Regular (Reg.1 Short 0)",null,null],["0041400216",40,1,1,1,"8:21 PM","7:39",null,null,"Irving 17' Jump Shot (2 PTS) (Mozgov 1 AST)","8 - 12","4"],["0041400216",41,5,1,1,"8:21 PM","7:28","Rose Bad Pass Turnover (P1.T1)",null,"Shumpert STEAL (1 STL)",null,null],["0041400216",42,1,1,1,"8:21 PM","7:23",null,null,"Irving 24' 3PT Jump Shot (5 PTS) (James 2 AST)","11 - 12","1"],["0041400216",43,2,1,1,"8:21 PM","7:08","MISS Gasol 6' Jump Shot",null,null,null,null],["0041400216",44,4,0,1,"8:21 PM","7:07",null,null,"Thompson REBOUND (Off:0 Def:1)",null,null],["0041400216",45,2,1,1,"8:21 PM","6:52",null,null,"MISS James 17' Jump Shot",null,null],["0041400216",46,4,0,1,"8:21 PM","6:52","BULLS Rebound",null,null,null,null],["0041400216",47,2,44,1,"8:22 PM","6:42","MISS Rose 1' Reverse Layup",null,null,null,null],["0041400216",48,4,0,1,"8:22 PM","6:41",null,null,"Mozgov REBOUND (Off:0 Def:1)",null,null],["0041400216",49,1,5,1,"8:22 PM","6:22",null,null,"Mozgov 2' Layup (2 PTS) (James 3 AST)","13 - 12","-1"],["0041400216",51,1,56,1,"8:22 PM","6:05","Gasol 4' Running Hook Shot (8 PTS) (Dunleavy 1 AST)",null,null,"13 - 14","1"],["0041400216",52,1,1,1,"8:23 PM","5:42",null,null,"Mozgov 11' Jump Shot (4 PTS) (Shumpert 1 AST)","15 - 14","-1"],["0041400216",53,5,1,1,"8:23 PM","5:27","Gasol Bad Pass Turnover (P1.T2)",null,null,null,null],["0041400216",55,2,5,1,"8:23 PM","5:10",null,null,"MISS Thompson 2' Layup",null,null],["0041400216",56,4,0,1,"8:23 PM","5:09","Gasol REBOUND (Off:0 Def:1)",null,null,null,null],["0041400216",57,1,7,1,"8:23 PM","5:05","Butler  Dunk (4 PTS) (Dunleavy 2 AST)",null,null,"15 - 16","1"],["0041400216",58,6,2,1,"8:24 PM","4:42","Gasol S.FOUL (P1.T2) (M.Davis)",null,null,null,null],["0041400216",59,3,11,1,"8:24 PM","4:42",null,null,"Mozgov Free Throw 1 of 2 (5 PTS)","16 - 16","TIE"],["0041400216",60,8,0,1,"8:25 PM","4:42","SUB: Gibson FOR Gasol",null,null,null,null],["0041400216",61,8,0,1,"8:25 PM","4:42",null,null,"SUB: Smith FOR Shumpert",null,null],["0041400216",62,3,12,1,"8:25 PM","4:42",null,null,"Mozgov Free Throw 2 of 2 (6 PTS)","17 - 16","-1"],["0041400216",64,1,78,1,"8:25 PM","4:30","Rose 7' Floating Jump Shot (4 PTS)",null,null,"17 - 18","1"],["0041400216",65,6,2,1,"8:25 PM","4:18","Gibson S.FOUL (P1.T3) (S.Wright)",null,null,null,null],["0041400216",66,3,11,1,"8:26 PM","4:18",null,null,"MISS Mozgov Free Throw 1 of 2",null,null],["0041400216",67,4,1,1,"8:26 PM","4:18",null,null,"Cavaliers Rebound",null,null],["0041400216",68,3,12,1,"8:26 PM","4:18",null,null,"Mozgov Free Throw 2 of 2 (7 PTS)","18 - 18","TIE"],["0041400216",70,1,7,1,"8:26 PM","4:06","Gibson  Dunk (2 PTS) (Noah 1 AST)",null,null,"18 - 20","2"],["0041400216",71,2,1,1,"8:27 PM","3:45",null,null,"MISS Mozgov 17' Jump Shot",null,null],["0041400216",72,4,0,1,"8:27 PM","3:43","Gibson REBOUND (Off:0 Def:1)",null,null,null,null],["0041400216",73,6,2,1,"8:27 PM","3:39",null,null,"Mozgov S.FOUL (P2.T4) (M.Davis)",null,null],["0041400216",74,3,11,1,"8:27 PM","3:39","Noah Free Throw 1 of 2 (1 PTS)",null,null,"18 - 21","3"],["0041400216",76,8,0,1,"8:28 PM","3:39",null,null,"SUB: Jones FOR Mozgov",null,null],["0041400216",77,3,12,1,"8:28 PM","3:39","Noah Free Throw 2 of 2 (2 PTS)",null,null,"18 - 22","4"],["0041400216",79,2,1,1,"8:28 PM","3:23",null,null,"MISS James 5' Jump Shot",null,null],["0041400216",80,4,0,1,"8:28 PM","3:20",null,null,"Thompson REBOUND (Off:1 Def:1)",null,null],["0041400216",81,2,1,1,"8:28 PM","3:16",null,null,"MISS James 25' 3PT Jump Shot",null,null],["0041400216",82,4,0,1,"8:28 PM","3:13","Noah REBOUND (Off:1 Def:2)",null,null,null,null],["0041400216",83,1,1,1,"8:28 PM","3:07","Dunleavy 24' 3PT Jump Shot (5 PTS) (Rose 3 AST)",null,null,"18 - 25","7"],["0041400216",84,6,2,1,"8:29 PM","2:55","Gibson S.FOUL (P2.T4) (M.Davis)",null,null,null,null],["0041400216",85,9,1,1,"8:29 PM","2:55","BULLS Timeout: Regular (Full 1 Short 0)",null,null,null,null],["0041400216",87,3,11,1,"8:32 PM","2:55",null,null,"Irving Free Throw 1 of 2 (6 PTS)","19 - 25","6"],["0041400216",89,3,12,1,"8:32 PM","2:55",null,null,"MISS Irving Free Throw 2 of 2",null,null],["0041400216",91,4,0,1,"8:32 PM","2:53","Noah REBOUND (Off:1 Def:3)",null,null,null,null],["0041400216",92,2,79,1,"8:33 PM","2:34","MISS Butler 22' Pullup Jump Shot",null,null,null,null],["0041400216",93,4,0,1,"8:33 PM","2:33",null,null,"Irving REBOUND (Off:0 Def:1)",null,null],["0041400216",94,1,1,1,"8:33 PM","2:24",null,null,"Jones 25' 3PT Jump Shot (3 PTS) (James 4 AST)","22 - 25","3"],["0041400216",95,1,73,1,"8:33 PM","2:10","Rose 2' Driving Reverse Layup (6 PTS)",null,null,"22 - 27","5"],["0041400216",96,2,5,1,"8:34 PM","1:44",null,null,"MISS Thompson 1' Layup",null,null],["0041400216",98,4,0,1,"8:34 PM","1:43",null,null,"Thompson REBOUND (Off:2 Def:1)",null,null],["0041400216",97,2,4,1,"8:34 PM","1:43",null,null,"MISS Thompson 1' Tip Shot",null,null],["0041400216",100,4,0,1,"8:34 PM","1:43",null,null,"Thompson REBOUND (Off:3 Def:1)",null,null],["0041400216",99,1,4,1,"8:34 PM","1:43",null,null,"Thompson 1' Tip Shot (6 PTS)","24 - 27","3"],["0041400216",101,6,2,1,"8:34 PM","1:43","Gibson S.FOUL (P3.PN) (S.Wright)",null,null,null,null],["0041400216",102,8,0,1,"8:34 PM","1:43","SUB: Hinrich FOR Gibson",null,null,null,null],["0041400216",103,3,10,1,"8:34 PM","1:43",null,null,"Thompson Free Throw 1 of 1 (7 PTS)","25 - 27","2"],["0041400216",105,2,5,1,"8:35 PM","1:28","MISS Rose 2' Layup",null,"Irving BLOCK (1 BLK)",null,null],["0041400216",107,4,0,1,"8:35 PM","1:25","Rose REBOUND (Off:1 Def:0)",null,null,null,null],["0041400216",106,1,5,1,"8:35 PM","1:25","Rose 2' Layup (8 PTS)",null,null,"25 - 29","4"],["0041400216",109,1,42,1,"8:35 PM","0:58",null,null,"James 1' Driving Layup (4 PTS) (Jones 1 AST)","27 - 29","2"],["0041400216",110,2,1,1,"8:35 PM","0:46","MISS Hinrich 25' 3PT Jump Shot",null,null,null,null],["0041400216",111,4,0,1,"8:35 PM","0:45",null,null,"James REBOUND (Off:0 Def:2)",null,null],["0041400216",112,1,1,1,"8:35 PM","0:38",null,null,"Jones 24' 3PT Jump Shot (6 PTS) (James 5 AST)","30 - 29","-1"],["0041400216",113,6,1,1,"8:36 PM","0:24",null,null,"James P.FOUL (P2.PN) (S.Wright)",null,null],["0041400216",114,8,0,1,"8:36 PM","0:24",null,null,"SUB: Dellavedova FOR Irving",null,null],["0041400216",115,8,0,1,"8:36 PM","0:24",null,null,"SUB: Shumpert FOR James",null,null],["0041400216",116,1,66,1,"8:36 PM","0:13","Rose 15' Jump Bank Shot (10 PTS)",null,null,"30 - 31","1"],["0041400216",117,1,43,1,"8:37 PM","0:02",null,null,"Thompson 3' Alley Oop Layup (9 PTS) (Dellavedova 1 AST)","32 - 31","-1"],["0041400216",118,6,2,1,"8:37 PM","0:02","Dunleavy S.FOUL (P1.PN) (M.Davis)",null,null,null,null],["0041400216",119,3,10,1,"8:37 PM","0:02",null,null,"Thompson Free Throw 1 of 1 (10 PTS)","33 - 31","-2"],["0041400216",122,2,1,1,"8:38 PM","0:00","MISS Rose 59' 3PT Jump Shot",null,null,null,null],["0041400216",124,4,0,1,"8:38 PM","0:00","BULLS Rebound",null,null,null,null],["0041400216",123,13,0,1,"8:38 PM","0:00",null,null,null,"33 - 31","-2"],["0041400216",125,12,0,2,"8:41 PM","12:00",null,null,null,"33 - 31","-2"],["0041400216",126,6,1,2,"8:42 PM","11:45","Hinrich P.FOUL (P1.T1) (D.Crawford)",null,null,null,null],["0041400216",127,5,1,2,"8:42 PM","11:38","Mirotic STEAL (1 STL)",null,"Dellavedova Bad Pass Turnover (P1.T2)",null,null],["0041400216",128,1,41,2,"8:42 PM","11:22","Mirotic 2' Running Layup (2 PTS) (Brooks 1 AST)",null,null,"33 - 33","TIE"],["0041400216",129,2,1,2,"8:42 PM","11:04",null,null,"MISS Shumpert 22' Jump Shot",null,null],["0041400216",130,4,0,2,"8:42 PM","11:03","Brooks REBOUND (Off:0 Def:1)",null,null,null,null],["0041400216",131,2,1,2,"8:43 PM","10:54","MISS Mirotic 25' 3PT Jump Shot",null,null,null,null],["0041400216",132,4,0,2,"8:43 PM","10:53",null,null,"Jones REBOUND (Off:0 Def:1)",null,null],["0041400216",133,1,42,2,"8:43 PM","10:44",null,null,"Shumpert 1' Driving Layup (2 PTS)","35 - 33","-2"],["0041400216",134,6,1,2,"8:43 PM","10:22",null,null,"Dellavedova P.FOUL (P1.T1) (S.Wright)",null,null],["0041400216",135,8,0,2,"8:43 PM","10:22",null,null,"SUB: Irving FOR Dellavedova",null,null],["0041400216",136,2,1,2,"8:44 PM","10:10","MISS Brooks 20' Jump Shot",null,null,null,null],["0041400216",138,4,0,2,"8:44 PM","10:09","Mirotic REBOUND (Off:1 Def:0)",null,null,null,null],["0041400216",137,1,4,2,"8:44 PM","10:09","Mirotic 2' Tip Shot (4 PTS)",null,null,"35 - 35","TIE"],["0041400216",139,2,1,2,"8:44 PM","9:50",null,null,"MISS Jones 25' 3PT Jump Shot",null,null],["0041400216",140,4,0,2,"8:44 PM","9:50",null,null,"Thompson REBOUND (Off:4 Def:1)",null,null],["0041400216",141,9,1,2,"8:44 PM","9:47",null,null,"Cavaliers Timeout: Regular (Reg.2 Short 0)",null,null],["0041400216",142,8,0,2,"8:47 PM","9:47",null,null,"SUB: James FOR Irving",null,null],["0041400216",143,8,0,2,"8:47 PM","9:47","SUB: Butler FOR Dunleavy",null,null,null,null],["0041400216",144,1,1,2,"8:48 PM","9:44",null,null,"Jones 25' 3PT Jump Shot (9 PTS) (James 6 AST)","38 - 35","-3"],["0041400216",145,2,86,2,"8:48 PM","9:24","MISS Mirotic 4' Turnaround Fadeaway Shot",null,null,null,null],["0041400216",146,4,0,2,"8:48 PM","9:23","Gasol REBOUND (Off:1 Def:1)",null,null,null,null],["0041400216",147,1,44,2,"8:48 PM","9:17","Mirotic 2' Reverse Layup (6 PTS) (Gasol 1 AST)",null,null,"38 - 37","-1"],["0041400216",148,6,1,2,"8:48 PM","9:01","Mirotic P.FOUL (P1.T2) (S.Wright)",null,null,null,null],["0041400216",149,8,0,2,"8:49 PM","9:01",null,null,"SUB: Mozgov FOR Thompson",null,null],["0041400216",150,7,5,2,"8:49 PM","8:57","Butler Violation:Kicked Ball (.)",null,null,null,null],["0041400216",151,2,1,2,"8:49 PM","8:43",null,null,"MISS Jones 26' 3PT Jump Shot",null,null],["0041400216",152,4,0,2,"8:49 PM","8:42","Gasol REBOUND (Off:1 Def:2)",null,null,null,null],["0041400216",153,2,1,2,"8:50 PM","8:23","MISS Butler 25' 3PT Jump Shot",null,null,null,null],["0041400216",154,4,0,2,"8:50 PM","8:22",null,null,"Shumpert REBOUND (Off:0 Def:2)",null,null],["0041400216",155,2,5,2,"8:50 PM","8:10",null,null,"MISS Mozgov 2' Layup",null,null],["0041400216",156,4,0,2,"8:50 PM","8:09","Gasol REBOUND (Off:1 Def:3)",null,null,null,null],["0041400216",158,7,5,2,"8:50 PM","8:02",null,null,"Jones Violation:Kicked Ball (.)",null,null],["0041400216",159,8,0,2,"8:50 PM","8:02",null,null,"SUB: Dellavedova FOR Jones",null,null],["0041400216",160,1,86,2,"8:51 PM","7:53","Butler 13' Turnaround Fadeaway (6 PTS)",null,null,"38 - 39","1"],["0041400216",161,2,1,2,"8:51 PM","7:43","Hinrich BLOCK (1 BLK)",null,"MISS James 5' Jump Shot",null,null],["0041400216",162,10,0,2,"8:52 PM","7:38","Jump Ball Hinrich vs. James: Tip to Butler",null,null,null,null],["0041400216",163,4,0,2,"8:52 PM","7:38","BULLS Rebound",null,null,null,null],["0041400216",164,5,1,2,"8:52 PM","7:32","Gasol Bad Pass Turnover (P2.T3)",null,"Smith STEAL (1 STL)",null,null],["0041400216",165,5,1,2,"8:52 PM","7:27",null,null,"Smith Bad Pass Turnover (P1.T3)",null,null],["0041400216",166,2,1,2,"8:52 PM","7:12","MISS Gasol 21' Jump Shot",null,null,null,null],["0041400216",167,4,0,2,"8:52 PM","7:11",null,null,"Shumpert REBOUND (Off:0 Def:3)",null,null],["0041400216",170,2,1,2,"8:53 PM","6:54",null,null,"MISS Shumpert  3PT Jump Shot",null,null],["0041400216",171,4,0,2,"8:53 PM","6:52","Brooks REBOUND (Off:0 Def:2)",null,null,null,null],["0041400216",172,6,2,2,"8:53 PM","6:38",null,null,"Smith S.FOUL (P1.T2) (D.Crawford)",null,null],["0041400216",173,3,11,2,"8:53 PM","6:38","MISS Mirotic Free Throw 1 of 2",null,null,null,null],["0041400216",174,4,1,2,"8:53 PM","6:38","BULLS Rebound",null,null,null,null],["0041400216",175,8,0,2,"8:54 PM","6:38","SUB: Rose FOR Brooks",null,null,null,null],["0041400216",176,3,12,2,"8:54 PM","6:38","Mirotic Free Throw 2 of 2 (7 PTS)",null,null,"38 - 40","2"],["0041400216",178,2,1,2,"8:54 PM","6:17",null,null,"MISS Smith 24' 3PT Jump Shot",null,null],["0041400216",179,4,0,2,"8:54 PM","6:16",null,null,"Mozgov REBOUND (Off:1 Def:1)",null,null],["0041400216",180,2,1,2,"8:55 PM","6:02",null,null,"MISS James 5' Jump Shot",null,null],["0041400216",181,4,0,2,"8:55 PM","6:00",null,null,"Cavaliers Rebound",null,null],["0041400216",182,6,1,2,"8:55 PM","6:00","Butler P.FOUL (P1.T3) (S.Wright)",null,null,null,null],["0041400216",183,1,1,2,"8:55 PM","5:43",null,null,"Dellavedova 24' 3PT Jump Shot (3 PTS) (Smith 1 AST)","41 - 40","-1"],["0041400216",184,2,1,2,"8:56 PM","5:25","MISS Butler 6' Jump Shot",null,null,null,null],["0041400216",185,4,0,2,"8:56 PM","5:24",null,null,"Smith REBOUND (Off:0 Def:1)",null,null],["0041400216",186,6,14,2,"8:56 PM","5:19","Mirotic FLAGRANT.FOUL.TYPE1 (P2.T4) (D.Crawford)",null,null,null,null],["0041400216",187,9,1,2,"8:56 PM","5:19",null,null,null,null,null],["0041400216",188,18,1,2,"8:58 PM","5:19",null,null,null,null,null],["0041400216",189,8,0,2,"8:59 PM","5:19","SUB: Noah FOR Gasol",null,null,null,null],["0041400216",190,3,18,2,"8:59 PM","5:19",null,null,"Shumpert Free Throw Flagrant 1 of 2 (3 PTS)","42 - 40","-2"],["0041400216",192,3,19,2,"9:00 PM","5:19",null,null,"MISS Shumpert Free Throw Flagrant 2 of 2",null,null],["0041400216",193,4,1,2,"9:00 PM","5:19",null,null,"Cavaliers Rebound",null,null],["0041400216",194,1,42,2,"9:00 PM","5:10",null,null,"Shumpert 1' Driving Layup (5 PTS)","44 - 40","-4"],["0041400216",195,2,1,2,"9:00 PM","4:47","MISS Mirotic 25' 3PT Jump Shot",null,null,null,null],["0041400216",196,4,0,2,"9:00 PM","4:46",null,null,"Shumpert REBOUND (Off:0 Def:4)",null,null],["0041400216",197,1,1,2,"9:01 PM","4:39",null,null,"Shumpert 26' 3PT Jump Shot (8 PTS)","47 - 40","-7"],["0041400216",198,9,1,2,"9:01 PM","4:31","BULLS Timeout: Regular (Full 2 Short 0)",null,null,null,null],["0041400216",200,8,0,2,"9:03 PM","4:31","SUB: Dunleavy FOR Mirotic",null,null,null,null],["0041400216",203,5,1,2,"9:04 PM","4:19","Butler Bad Pass Turnover (P1.T4)",null,null,null,null],["0041400216",204,5,40,2,"9:04 PM","4:05",null,null,"James Out of Bounds Lost Ball Turnover (P2.T4)",null,null],["0041400216",205,1,66,2,"9:05 PM","3:43","Rose 10' Jump Bank Shot (12 PTS)",null,null,"47 - 42","-5"],["0041400216",206,2,5,2,"9:05 PM","3:21","Noah BLOCK (1 BLK)",null,"MISS Mozgov 1' Layup",null,null],["0041400216",207,4,0,2,"9:05 PM","3:20",null,null,"Cavaliers Rebound",null,null],["0041400216",208,8,0,2,"9:06 PM","3:20",null,null,"SUB: Thompson FOR Mozgov",null,null],["0041400216",210,1,1,2,"9:06 PM","3:13",null,null,"James 22' Jump Shot (6 PTS) (Smith 2 AST)","49 - 42","-7"],["0041400216",211,2,1,2,"9:06 PM","3:01","MISS Butler 10' Jump Shot",null,"Shumpert BLOCK (1 BLK)",null,null],["0041400216",212,4,0,2,"9:06 PM","2:58",null,null,"Shumpert REBOUND (Off:0 Def:5)",null,null],["0041400216",213,2,5,2,"9:06 PM","2:50","Dunleavy BLOCK (1 BLK)",null,"MISS Shumpert 2' Layup",null,null],["0041400216",214,4,0,2,"9:06 PM","2:49",null,null,"Shumpert REBOUND (Off:1 Def:5)",null,null],["0041400216",215,1,1,2,"9:06 PM","2:46",null,null,"Smith 24' 3PT Jump Shot (3 PTS) (Shumpert 2 AST)","52 - 42","-10"],["0041400216",216,2,66,2,"9:07 PM","2:29","MISS Rose 10' Jump Bank Shot",null,null,null,null],["0041400216",217,4,0,2,"9:07 PM","2:28",null,null,"Smith REBOUND (Off:0 Def:2)",null,null],["0041400216",218,1,1,2,"9:07 PM","2:20",null,null,"Shumpert 25' 3PT Jump Shot (11 PTS) (James 7 AST)","55 - 42","-13"],["0041400216",219,2,1,2,"9:07 PM","2:03","MISS Dunleavy 15' Jump Shot",null,null,null,null],["0041400216",220,4,0,2,"9:07 PM","2:02",null,null,"James REBOUND (Off:0 Def:3)",null,null],["0041400216",221,5,4,2,"9:07 PM","1:49",null,null,"James Traveling Turnover (P3.T5)",null,null],["0041400216",222,6,1,2,"9:08 PM","1:38",null,null,"Smith P.FOUL (P2.T3) (M.Davis)",null,null],["0041400216",223,2,1,2,"9:08 PM","1:23","MISS Rose 16' Jump Shot",null,null,null,null],["0041400216",224,4,0,2,"9:08 PM","1:22",null,null,"James REBOUND (Off:0 Def:4)",null,null],["0041400216",226,9,2,2,"9:09 PM","1:21",null,null,"Cavaliers Timeout: Short (Reg.2 Short 1)",null,null],["0041400216",228,8,0,2,"9:09 PM","1:21","SUB: Snell FOR Hinrich",null,null,null,null],["0041400216",229,2,1,2,"9:10 PM","1:00",null,null,"MISS James 10' Jump Shot",null,null],["0041400216",230,4,0,2,"9:10 PM","0:59","Snell REBOUND (Off:0 Def:1)",null,null,null,null],["0041400216",231,2,1,2,"9:10 PM","0:48","MISS Butler 24' 3PT Jump Shot",null,null,null,null],["0041400216",232,4,0,2,"9:10 PM","0:47",null,null,"Smith REBOUND (Off:0 Def:3)",null,null],["0041400216",233,6,2,2,"9:11 PM","0:26","Snell S.FOUL (P1.PN) (M.Davis)",null,null,null,null],["0041400216",235,18,0,2,"9:11 PM","0:26",null,null,null,null,null],["0041400216",236,3,13,2,"9:12 PM","0:26",null,null,"Smith Free Throw 1 of 3 (4 PTS)","56 - 42","-14"],["0041400216",238,3,14,2,"9:12 PM","0:26",null,null,"Smith Free Throw 2 of 3 (5 PTS)","57 - 42","-15"],["0041400216",240,8,0,2,"9:12 PM","0:26",null,null,"SUB: Jones FOR James",null,null],["0041400216",241,3,15,2,"9:13 PM","0:26",null,null,"Smith Free Throw 3 of 3 (6 PTS)","58 - 42","-16"],["0041400216",243,1,5,2,"9:13 PM","0:05","Butler 2' Layup (8 PTS)",null,null,"58 - 44","-14"],["0041400216",244,6,4,2,"9:13 PM","0:02",null,null,"Jones OFF.Foul (P1) (M.Davis)",null,null],["0041400216",245,5,5,2,"9:13 PM","0:02",null,null,"Jones Foul Turnover (P1.T6)",null,null],["0041400216",246,2,1,2,"9:14 PM","0:00","MISS Snell 22' Jump Shot",null,null,null,null],["0041400216",248,4,0,2,"9:14 PM","0:00","BULLS Rebound",null,null,null,null],["0041400216",247,13,0,2,"9:14 PM","0:00",null,null,null,"58 - 44","-14"],["0041400216",250,12,0,3,"9:31 PM","12:00",null,null,null,"58 - 44","-14"],["0041400216",251,2,5,3,"9:31 PM","11:40",null,null,"MISS Shumpert 2' Layup",null,null],["0041400216",252,4,0,3,"9:31 PM","11:39","Noah REBOUND (Off:1 Def:4)",null,null,null,null],["0041400216",253,2,1,3,"9:31 PM","11:22","MISS Dunleavy  3PT Jump Shot",null,null,null,null],["0041400216",254,4,0,3,"9:31 PM","11:21","Noah REBOUND (Off:2 Def:4)",null,null,null,null],["0041400216",255,2,1,3,"9:31 PM","11:16","MISS Dunleavy 24' 3PT Jump Shot",null,null,null,null],["0041400216",256,4,0,3,"9:31 PM","11:15",null,null,"James REBOUND (Off:0 Def:5)",null,null],["0041400216",257,2,1,3,"9:32 PM","10:55",null,null,"MISS James 24' 3PT Jump Shot",null,null],["0041400216",258,4,0,3,"9:32 PM","10:54","Noah REBOUND (Off:2 Def:5)",null,null,null,null],["0041400216",259,2,5,3,"9:32 PM","10:41","MISS Butler 3' Layup",null,null,null,null],["0041400216",260,4,0,3,"9:32 PM","10:40","Noah REBOUND (Off:3 Def:5)",null,null,null,null],["0041400216",261,2,42,3,"9:32 PM","10:35","MISS Rose 2' Driving Layup",null,null,null,null],["0041400216",262,4,0,3,"9:32 PM","10:34",null,null,"James REBOUND (Off:0 Def:6)",null,null],["0041400216",263,2,1,3,"9:32 PM","10:11",null,null,"MISS Mozgov 17' Jump Shot",null,null],["0041400216",264,4,0,3,"9:32 PM","10:11","BULLS Rebound",null,null,null,null],["0041400216",265,6,3,3,"9:33 PM","10:11",null,null,"Thompson L.B.FOUL (P2.T1) (M.Davis)",null,null],["0041400216",266,2,1,3,"9:33 PM","9:47","MISS Dunleavy 25' 3PT Jump Shot",null,null,null,null],["0041400216",267,4,0,3,"9:33 PM","9:46",null,null,"Thompson REBOUND (Off:4 Def:2)",null,null],["0041400216",268,2,1,3,"9:33 PM","9:20",null,null,"MISS Shumpert 17' Jump Shot",null,null],["0041400216",269,4,0,3,"9:34 PM","9:19","Gasol REBOUND (Off:1 Def:4)",null,null,null,null],["0041400216",270,2,5,3,"9:34 PM","9:12","MISS Butler 3' Layup",null,null,null,null],["0041400216",271,4,0,3,"9:34 PM","9:11","Butler REBOUND (Off:2 Def:1)",null,null,null,null],["0041400216",272,2,5,3,"9:34 PM","9:09","MISS Butler 3' Layup",null,"Mozgov BLOCK (1 BLK)",null,null],["0041400216",273,4,0,3,"9:34 PM","9:09","BULLS Rebound",null,null,null,null],["0041400216",274,1,42,3,"9:34 PM","9:05","Dunleavy 3' Driving Layup (7 PTS)",null,null,"58 - 46","-12"],["0041400216",275,2,1,3,"9:35 PM","8:36",null,null,"MISS Shumpert  3PT Jump Shot",null,null],["0041400216",276,4,0,3,"9:35 PM","8:35",null,null,"Mozgov REBOUND (Off:2 Def:1)",null,null],["0041400216",277,2,5,3,"9:35 PM","8:30",null,null,"MISS Thompson 3' Layup",null,null],["0041400216",278,4,0,3,"9:35 PM","8:29","Noah REBOUND (Off:3 Def:6)",null,null,null,null],["0041400216",279,2,1,3,"9:35 PM","8:17","MISS Gasol 6' Jump Shot",null,null,null,null],["0041400216",280,4,0,3,"9:35 PM","8:15",null,null,"Thompson REBOUND (Off:4 Def:3)",null,null],["0041400216",281,2,1,3,"9:35 PM","7:53",null,null,"MISS James 20' Jump Shot",null,null],["0041400216",282,4,0,3,"9:35 PM","7:52","Dunleavy REBOUND (Off:0 Def:1)",null,null,null,null],["0041400216",283,2,1,3,"9:36 PM","7:34","MISS Rose 20' Jump Shot",null,null,null,null],["0041400216",284,4,0,3,"9:36 PM","7:33",null,null,"Thompson REBOUND (Off:4 Def:4)",null,null],["0041400216",285,2,1,3,"9:36 PM","7:12","Dunleavy BLOCK (2 BLK)",null,"MISS Shumpert 6' Jump Shot",null,null],["0041400216",286,4,0,3,"9:36 PM","7:10",null,null,"Shumpert REBOUND (Off:2 Def:5)",null,null],["0041400216",287,2,1,3,"9:36 PM","7:10",null,null,"MISS Shumpert 12' Jump Shot",null,null],["0041400216",288,4,0,3,"9:36 PM","7:10",null,null,"Cavaliers Rebound",null,null],["0041400216",289,5,11,3,"9:36 PM","7:10",null,null,"Cavaliers Turnover: Shot Clock (T#7)",null,null],["0041400216",290,8,0,3,"9:36 PM","7:10",null,null,"SUB: Smith FOR Mozgov",null,null],["0041400216",291,6,1,3,"9:37 PM","6:50",null,null,"Dellavedova P.FOUL (P2.T2) (D.Crawford)",null,null],["0041400216",292,6,1,3,"9:37 PM","6:43",null,null,"James P.FOUL (P3.T3) (S.Wright)",null,null],["0041400216",293,6,1,3,"9:38 PM","6:35",null,null,"Smith P.FOUL (P3.T4) (D.Crawford)",null,null],["0041400216",294,5,1,3,"9:38 PM","6:30","Noah Bad Pass Turnover (P1.T5)",null,"Shumpert STEAL (2 STL)",null,null],["0041400216",295,2,5,3,"9:38 PM","6:23",null,null,"MISS James 2' Layup",null,null],["0041400216",297,4,0,3,"9:38 PM","6:22",null,null,"Thompson REBOUND (Off:5 Def:4)",null,null],["0041400216",296,2,4,3,"9:38 PM","6:22",null,null,"MISS Thompson 2' Tip Shot",null,null],["0041400216",298,4,0,3,"9:38 PM","6:22",null,null,"Thompson REBOUND (Off:6 Def:4)",null,null],["0041400216",299,6,1,3,"9:38 PM","6:22","Butler P.FOUL (P2.T1) (S.Wright)",null,null,null,null],["0041400216",300,1,78,3,"9:39 PM","6:13",null,null,"Dellavedova 4' Floating Jump Shot (5 PTS)","60 - 46","-14"],["0041400216",301,6,2,3,"9:39 PM","6:02",null,null,"James S.FOUL (P4.PN) (M.Davis)",null,null],["0041400216",302,3,11,3,"9:39 PM","6:02","Butler Free Throw 1 of 2 (9 PTS)",null,null,"60 - 47","-13"],["0041400216",304,8,0,3,"9:40 PM","6:02","SUB: Gibson FOR Gasol",null,null,null,null],["0041400216",305,3,12,3,"9:40 PM","6:02","Butler Free Throw 2 of 2 (10 PTS)",null,null,"60 - 48","-12"],["0041400216",307,1,1,3,"9:40 PM","5:45",null,null,"Dellavedova 25' 3PT Jump Shot (8 PTS) (James 8 AST)","63 - 48","-15"],["0041400216",308,2,5,3,"9:41 PM","5:34","MISS Noah 2' Layup",null,"James BLOCK (1 BLK)",null,null],["0041400216",309,4,0,3,"9:41 PM","5:32",null,null,"Thompson REBOUND (Off:6 Def:5)",null,null],["0041400216",310,2,5,3,"9:41 PM","5:24","Dunleavy BLOCK (3 BLK)",null,"MISS Thompson 2' Layup",null,null],["0041400216",311,4,0,3,"9:41 PM","5:22",null,null,"James REBOUND (Off:1 Def:6)",null,null],["0041400216",312,6,1,3,"9:41 PM","5:13","Dunleavy P.FOUL (P2.T2) (D.Crawford)",null,null,null,null],["0041400216",313,9,1,3,"9:41 PM","5:13","BULLS Timeout: Regular (Full 3 Short 0)",null,null,null,null],["0041400216",315,1,86,3,"9:45 PM","5:00",null,null,"James 15' Turnaround Fadeaway (8 PTS) (Shumpert 3 AST)","65 - 48","-17"],["0041400216",316,2,1,3,"9:45 PM","4:45","MISS Butler 22' Jump Shot",null,null,null,null],["0041400216",317,4,0,3,"9:45 PM","4:44",null,null,"Thompson REBOUND (Off:6 Def:6)",null,null],["0041400216",318,1,1,3,"9:45 PM","4:22",null,null,"James 15' Jump Shot (10 PTS)","67 - 48","-19"],["0041400216",319,2,71,3,"9:46 PM","4:03","MISS Dunleavy 2' Finger Roll Layup",null,null,null,null],["0041400216",320,4,0,3,"9:46 PM","4:02",null,null,"Thompson REBOUND (Off:6 Def:7)",null,null],["0041400216",321,2,1,3,"9:46 PM","3:45",null,null,"MISS Smith 25' 3PT Jump Shot",null,null],["0041400216",322,4,0,3,"9:46 PM","3:44","Rose REBOUND (Off:1 Def:1)",null,null,null,null],["0041400216",323,1,1,3,"9:46 PM","3:38","Butler 26' 3PT Jump Shot (13 PTS) (Dunleavy 3 AST)",null,null,"67 - 51","-16"],["0041400216",324,2,1,3,"9:46 PM","3:15",null,null,"MISS Dellavedova 24' 3PT Jump Shot",null,null],["0041400216",325,4,0,3,"9:46 PM","3:13","Noah REBOUND (Off:3 Def:7)",null,null,null,null],["0041400216",326,6,26,3,"9:47 PM","3:05","Rose Offensive Charge Foul (P1.T3) (S.Wright)",null,null,null,null],["0041400216",327,5,5,3,"9:47 PM","3:05","Rose Foul Turnover (P2.T6)",null,null,null,null],["0041400216",328,9,1,3,"9:47 PM","3:05",null,null,"Cavaliers Timeout: Regular (Reg.3 Short 1)",null,null],["0041400216",329,2,1,3,"9:51 PM","2:41",null,null,"MISS James 16' Jump Shot",null,null],["0041400216",330,4,0,3,"9:51 PM","2:40",null,null,"Smith REBOUND (Off:1 Def:3)",null,null],["0041400216",331,2,1,3,"9:51 PM","2:21",null,null,"MISS James 15' Jump Shot",null,null],["0041400216",332,4,0,3,"9:51 PM","2:20","Gibson REBOUND (Off:0 Def:2)",null,null,null,null],["0041400216",333,1,47,3,"9:51 PM","2:01","Butler 16' Turnaround Jump Shot (15 PTS) (Rose 4 AST)",null,null,"67 - 53","-14"],["0041400216",334,1,1,3,"9:52 PM","1:34",null,null,"Smith  3PT Jump Shot (9 PTS)","70 - 53","-17"],["0041400216",335,1,78,3,"9:52 PM","1:06","Rose 10' Floating Jump Shot (14 PTS) (Dunleavy 4 AST)",null,null,"70 - 55","-15"],["0041400216",336,5,1,3,"9:53 PM","0:45","Gibson STEAL (1 STL)",null,"Dellavedova Bad Pass Turnover (P2.T8)",null,null],["0041400216",337,1,50,3,"9:53 PM","0:43","Butler  Running Dunk (17 PTS) (Gibson 1 AST)",null,null,"70 - 57","-13"],["0041400216",338,1,1,3,"9:53 PM","0:25",null,null,"Smith 25' 3PT Jump Shot (12 PTS) (James 9 AST)","73 - 57","-16"],["0041400216",339,1,1,3,"9:54 PM","0:05","Butler 26' 3PT Jump Shot (20 PTS) (Rose 5 AST)",null,null,"73 - 60","-13"],["0041400216",340,2,1,3,"9:54 PM","0:00",null,null,"MISS James 27' 3PT Jump Shot",null,null],["0041400216",342,4,0,3,"9:54 PM","0:00",null,null,"Cavaliers Rebound",null,null],["0041400216",341,13,0,3,"9:54 PM","0:00",null,null,null,"73 - 60","-13"],["0041400216",344,12,0,4,"9:58 PM","12:00",null,null,null,"73 - 60","-13"],["0041400216",345,2,1,4,"9:58 PM","11:43","MISS Butler 20' Jump Shot",null,null,null,null],["0041400216",346,4,0,4,"9:58 PM","11:42",null,null,"Thompson REBOUND (Off:6 Def:8)",null,null],["0041400216",347,5,11,4,"9:58 PM","11:21",null,null,"Cavaliers Turnover: Shot Clock (T#9)",null,null],["0041400216",348,2,1,4,"9:59 PM","11:05","MISS Butler 26' 3PT Jump Shot",null,null,null,null],["0041400216",349,4,0,4,"9:59 PM","11:04",null,null,"James REBOUND (Off:1 Def:7)",null,null],["0041400216",350,1,1,4,"9:59 PM","10:49",null,null,"Dellavedova 5' Jump Shot (10 PTS)","75 - 60","-15"],["0041400216",351,2,1,4,"9:59 PM","10:27","MISS Gibson 5' Jump Shot",null,"James BLOCK (2 BLK)",null,null],["0041400216",352,4,0,4,"9:59 PM","10:25",null,null,"Smith REBOUND (Off:1 Def:4)",null,null],["0041400216",353,1,1,4,"10:00 PM","10:19",null,null,"Dellavedova 22' Jump Shot (12 PTS) (Shumpert 4 AST)","77 - 60","-17"],["0041400216",354,2,1,4,"10:00 PM","10:02","MISS Butler 16' Jump Shot",null,null,null,null],["0041400216",355,4,0,4,"10:00 PM","10:01","Butler REBOUND (Off:3 Def:1)",null,null,null,null],["0041400216",356,2,5,4,"10:00 PM","10:00","MISS Gibson 1' Layup",null,"Thompson BLOCK (1 BLK)",null,null],["0041400216",357,4,0,4,"10:00 PM","9:58",null,null,"James REBOUND (Off:1 Def:8)",null,null],["0041400216",358,1,1,4,"10:00 PM","9:47",null,null,"James 6' Jump Shot (12 PTS)","79 - 60","-19"],["0041400216",359,1,42,4,"10:00 PM","9:32","Brooks 2' Driving Layup (2 PTS)",null,null,"79 - 62","-17"],["0041400216",360,1,1,4,"10:01 PM","9:12",null,null,"Dellavedova 25' 3PT Jump Shot (15 PTS) (James 10 AST)","82 - 62","-20"],["0041400216",361,9,1,4,"10:01 PM","9:11","BULLS Timeout: Regular (Full 4 Short 0)",null,null,null,null],["0041400216",363,8,0,4,"10:04 PM","9:11","SUB: Gasol FOR Noah",null,null,null,null],["0041400216",364,8,0,4,"10:04 PM","9:11",null,null,"SUB: Mozgov FOR Shumpert",null,null],["0041400216",365,2,84,4,"10:05 PM","8:52","MISS Brooks 15' Running Bank Shot",null,null,null,null],["0041400216",366,4,0,4,"10:05 PM","8:51",null,null,"Thompson REBOUND (Off:6 Def:9)",null,null],["0041400216",367,2,1,4,"10:05 PM","8:27",null,null,"MISS Dellavedova 26' 3PT Jump Shot",null,null],["0041400216",368,4,0,4,"10:05 PM","8:26",null,null,"Smith REBOUND (Off:2 Def:4)",null,null],["0041400216",369,1,42,4,"10:06 PM","8:05",null,null,"James 2' Driving Layup (14 PTS)","84 - 62","-22"],["0041400216",370,1,66,4,"10:06 PM","7:38","Brooks 15' Jump Bank Shot (4 PTS)",null,null,"84 - 64","-20"],["0041400216",371,2,1,4,"10:06 PM","7:14",null,null,"MISS James 10' Jump Shot",null,null],["0041400216",372,4,0,4,"10:06 PM","7:13",null,null,"Mozgov REBOUND (Off:3 Def:1)",null,null],["0041400216",373,9,1,4,"10:06 PM","7:12",null,null,"Cavaliers Timeout: Regular (Reg.4 Short 1)",null,null],["0041400216",374,8,0,4,"10:09 PM","7:12","SUB: Rose FOR Brooks",null,null,null,null],["0041400216",375,8,0,4,"10:09 PM","7:12",null,null,"SUB: Shumpert FOR James",null,null],["0041400216",376,2,1,4,"10:10 PM","7:04","Gibson BLOCK (1 BLK)",null,"MISS Dellavedova 14' Jump Shot",null,null],["0041400216",377,4,0,4,"10:10 PM","7:03",null,null,"Dellavedova REBOUND (Off:1 Def:0)",null,null],["0041400216",378,1,1,4,"10:10 PM","6:57",null,null,"Shumpert 17' Jump Shot (13 PTS)","86 - 64","-22"],["0041400216",379,6,26,4,"10:10 PM","6:45","Butler Offensive Charge Foul (P3.T1) (D.Crawford)",null,null,null,null],["0041400216",380,5,5,4,"10:10 PM","6:45","Butler Foul Turnover (P2.T7)",null,null,null,null],["0041400216",381,2,1,4,"10:10 PM","6:26",null,null,"MISS Smith 24' 3PT Jump Shot",null,null],["0041400216",382,4,0,4,"10:10 PM","6:25",null,null,"Mozgov REBOUND (Off:4 Def:1)",null,null],["0041400216",383,1,78,4,"10:11 PM","6:09",null,null,"Dellavedova 8' Floating Jump Shot (17 PTS)","88 - 64","-24"],["0041400216",384,2,3,4,"10:11 PM","5:50","MISS Gasol 5' Hook Shot",null,null,null,null],["0041400216",385,4,0,4,"10:11 PM","5:49",null,null,"Thompson REBOUND (Off:6 Def:10)",null,null],["0041400216",386,6,2,4,"10:11 PM","5:36","Gibson S.FOUL (P4.T2) (M.Davis)",null,null,null,null],["0041400216",387,3,11,4,"10:11 PM","5:36",null,null,"Dellavedova Free Throw 1 of 2 (18 PTS)","89 - 64","-25"],["0041400216",389,8,0,4,"10:12 PM","5:36",null,null,"SUB: James FOR Shumpert",null,null],["0041400216",390,8,0,4,"10:12 PM","5:36","SUB: Noah FOR Gasol",null,null,null,null],["0041400216",391,8,0,4,"10:12 PM","5:36","SUB: Mirotic FOR Gibson",null,null,null,null],["0041400216",392,3,12,4,"10:12 PM","5:36",null,null,"Dellavedova Free Throw 2 of 2 (19 PTS)","90 - 64","-26"],["0041400216",394,1,7,4,"10:12 PM","5:22","Noah  Dunk (4 PTS) (Rose 6 AST)",null,null,"90 - 66","-24"],["0041400216",395,2,1,4,"10:13 PM","5:03",null,null,"MISS Thompson 7' Jump Shot",null,null],["0041400216",396,4,0,4,"10:13 PM","5:02","Butler REBOUND (Off:3 Def:2)",null,null,null,null],["0041400216",397,2,1,4,"10:13 PM","4:52","MISS Butler 4' Jump Shot",null,"Thompson BLOCK (2 BLK)",null,null],["0041400216",398,4,0,4,"10:13 PM","4:50",null,null,"Smith REBOUND (Off:2 Def:5)",null,null],["0041400216",399,1,1,4,"10:13 PM","4:37",null,null,"Thompson 6' Jump Shot (12 PTS) (James 11 AST)","92 - 66","-26"],["0041400216",400,6,2,4,"10:13 PM","4:37","Noah S.FOUL (P2.T3) (D.Crawford)",null,null,null,null],["0041400216",401,3,10,4,"10:13 PM","4:37",null,null,"Thompson Free Throw 1 of 1 (13 PTS)","93 - 66","-27"],["0041400216",404,2,1,4,"10:14 PM","4:26","MISS Rose 25' 3PT Jump Shot",null,"Smith BLOCK (1 BLK)",null,null],["0041400216",405,4,0,4,"10:14 PM","4:25",null,null,"Thompson REBOUND (Off:6 Def:11)",null,null],["0041400216",406,5,40,4,"10:14 PM","4:05",null,null,"Smith Out of Bounds Lost Ball Turnover (P2.T10)",null,null],["0041400216",407,8,0,4,"10:14 PM","4:05","SUB: Snell FOR Hinrich",null,null,null,null],["0041400216",408,1,1,4,"10:14 PM","3:55","Snell 24' 3PT Jump Shot (3 PTS) (Noah 2 AST)",null,null,"93 - 69","-24"],["0041400216",409,2,1,4,"10:15 PM","3:32",null,null,"MISS James 12' Jump Shot",null,null],["0041400216",410,4,0,4,"10:15 PM","3:31","Noah REBOUND (Off:3 Def:8)",null,null,null,null],["0041400216",411,6,2,4,"10:15 PM","3:23",null,null,"Smith S.FOUL (P4.T1) (M.Davis)",null,null],["0041400216",412,3,11,4,"10:15 PM","3:23","Snell Free Throw 1 of 2 (4 PTS)",null,null,"93 - 70","-23"],["0041400216",414,3,12,4,"10:16 PM","3:23","Snell Free Throw 2 of 2 (5 PTS)",null,null,"93 - 71","-22"],["0041400216",416,6,2,4,"10:16 PM","3:02","Butler S.FOUL (P4.T4) (D.Crawford)",null,null,null,null],["0041400216",417,3,11,4,"10:16 PM","3:02",null,null,"MISS James Free Throw 1 of 2",null,null],["0041400216",418,4,1,4,"10:16 PM","3:02",null,null,"Cavaliers Rebound",null,null],["0041400216",419,3,12,4,"10:16 PM","3:02",null,null,"James Free Throw 2 of 2 (15 PTS)","94 - 71","-23"],["0041400216",421,2,1,4,"10:17 PM","2:51","MISS Mirotic 22' Jump Shot",null,null,null,null],["0041400216",422,4,0,4,"10:17 PM","2:49",null,null,"Smith REBOUND (Off:2 Def:6)",null,null],["0041400216",423,5,2,4,"10:17 PM","2:31","Butler STEAL (1 STL)",null,"James Lost Ball Turnover (P4.T11)",null,null],["0041400216",424,2,1,4,"10:17 PM","2:21","MISS Mirotic 25' 3PT Jump Shot",null,null,null,null],["0041400216",425,4,0,4,"10:17 PM","2:20",null,null,"Dellavedova REBOUND (Off:1 Def:1)",null,null],["0041400216",426,9,1,4,"10:18 PM","2:16",null,null,"Cavaliers Timeout: Regular (Reg.5 Short 1)",null,null],["0041400216",427,8,0,4,"10:19 PM","2:16","SUB: McDermott FOR Noah",null,null,null,null],["0041400216",428,8,0,4,"10:19 PM","2:16","SUB: Mohammed FOR Butler",null,null,null,null],["0041400216",429,8,0,4,"10:19 PM","2:16","SUB: Moore FOR Rose",null,null,null,null],["0041400216",430,8,0,4,"10:20 PM","2:16",null,null,"SUB: Jones FOR James",null,null],["0041400216",432,8,0,4,"10:20 PM","2:16",null,null,"SUB: Perkins FOR Mozgov",null,null],["0041400216",431,8,0,4,"10:20 PM","2:16",null,null,"SUB: Harris FOR Thompson",null,null],["0041400216",433,8,0,4,"10:20 PM","2:16",null,null,"SUB: Miller FOR Smith",null,null],["0041400216",434,5,2,4,"10:21 PM","2:04","Moore STEAL (1 STL)",null,"Dellavedova Lost Ball Turnover (P3.T12)",null,null],["0041400216",435,6,1,4,"10:21 PM","2:03",null,null,"Dellavedova P.FOUL (P3.T2) (M.Davis)",null,null],["0041400216",436,2,1,4,"10:21 PM","1:54","MISS Snell 22' Jump Shot",null,null,null,null],["0041400216",437,4,0,4,"10:21 PM","1:53",null,null,"Jones REBOUND (Off:0 Def:2)",null,null],["0041400216",438,5,1,4,"10:21 PM","1:41","Moore STEAL (2 STL)",null,"Harris Bad Pass Turnover (P1.T13)",null,null],["0041400216",439,2,1,4,"10:21 PM","1:31","MISS Mohammed 16' Jump Shot",null,null,null,null],["0041400216",440,4,0,4,"10:21 PM","1:30",null,null,"Perkins REBOUND (Off:0 Def:1)",null,null],["0041400216",441,2,1,4,"10:22 PM","1:14",null,null,"MISS Jones 25' 3PT Jump Shot",null,null],["0041400216",442,4,0,4,"10:22 PM","1:12","McDermott REBOUND (Off:0 Def:1)",null,null,null,null],["0041400216",443,2,1,4,"10:22 PM","1:03","MISS Moore 18' Jump Shot",null,null,null,null],["0041400216",444,4,0,4,"10:22 PM","1:02",null,null,"Perkins REBOUND (Off:0 Def:2)",null,null],["0041400216",445,2,1,4,"10:22 PM","0:44",null,null,"MISS Dellavedova 26' 3PT Jump Shot",null,null],["0041400216",446,4,0,4,"10:22 PM","0:43","Mohammed REBOUND (Off:0 Def:1)",null,null,null,null],["0041400216",447,1,44,4,"10:22 PM","0:32","Moore 2' Reverse Layup (2 PTS) (McDermott 1 AST)",null,null,"94 - 73","-21"],["0041400216",449,5,11,4,"10:23 PM","0:08",null,null,"Cavaliers Turnover: Shot Clock (T#14)",null,null],["0041400216",450,2,1,4,"10:23 PM","0:00","MISS Mohammed 25' 3PT Jump Shot",null,null,null,null],["0041400216",452,4,0,4,"10:23 PM","0:00","BULLS Rebound",null,null,null,null],["0041400216",451,13,0,4,"10:23 PM","0:00",null,null,null,"94 - 73","-21"]]},{"name":"AvailableVideo","headers":["VIDEO_AVAILABLE_FLAG"],"rowSet":[[1]]}]}