{"resource":"playbyplay","parameters":{"GameID":"0041400314","StartPeriod":0,"EndPeriod":14},"resultSets":[{"name":"PlayByPlay","headers":["GAME_ID","EVENTNUM","EVENTMSGTYPE","EVENTMSGACTIONTYPE","PERIOD","WCTIMESTRING","PCTIMESTRING","HOMEDESCRIPTION","NEUTRALDESCRIPTION","VISITORDESCRIPTION","SCORE","SCOREMARGIN"],"rowSet":[["0041400314",0,12,0,1,"9:11 PM","12:00",null,null,null,null,null],["0041400314",1,10,0,1,"9:11 PM","12:00","Jump Ball Howard vs. Bogut: Tip to Green",null,null,null,null],["0041400314",2,2,1,1,"9:11 PM","11:43",null,null,"MISS Thompson 25' 3PT Jump Shot",null,null],["0041400314",3,4,0,1,"9:11 PM","11:41","Smith REBOUND (Off:0 Def:1)",null,null,null,null],["0041400314",4,2,42,1,"9:12 PM","11:35","MISS Harden 1' Driving Layup",null,null,null,null],["0041400314",5,4,0,1,"9:12 PM","11:34",null,null,"Green REBOUND (Off:0 Def:1)",null,null],["0041400314",6,2,1,1,"9:12 PM","11:24",null,null,"MISS Barnes  3PT Jump Shot",null,null],["0041400314",7,4,0,1,"9:12 PM","11:22","Smith REBOUND (Off:0 Def:2)",null,null,null,null],["0041400314",8,1,79,1,"9:12 PM","11:14","Smith 25' 3PT Pullup Jump Shot (3 PTS)",null,null,"0 - 3","3"],["0041400314",9,2,63,1,"9:12 PM","11:00",null,null,"MISS Thompson 15' Fadeaway Jumper",null,null],["0041400314",10,4,0,1,"9:12 PM","10:58","Ariza REBOUND (Off:0 Def:1)",null,null,null,null],["0041400314",11,1,42,1,"9:12 PM","10:54","Howard 1' Driving Layup (2 PTS) (Ariza 1 AST)",null,null,"0 - 5","5"],["0041400314",12,2,1,1,"9:12 PM","10:38",null,null,"MISS Curry 25' 3PT Jump Shot",null,null],["0041400314",13,4,0,1,"9:12 PM","10:37","Howard REBOUND (Off:0 Def:1)",null,null,null,null],["0041400314",14,2,1,1,"9:13 PM","10:31","MISS Ariza 24' 3PT Jump Shot",null,null,null,null],["0041400314",15,4,0,1,"9:13 PM","10:30","Harden REBOUND (Off:1 Def:0)",null,null,null,null],["0041400314",16,2,66,1,"9:13 PM","10:26","MISS Harden 13' Jump Bank Shot",null,null,null,null],["0041400314",17,4,0,1,"9:13 PM","10:25",null,null,"Bogut REBOUND (Off:0 Def:1)",null,null],["0041400314",18,5,1,1,"9:13 PM","10:10",null,null,"Green Bad Pass Turnover (P1.T1)",null,null],["0041400314",19,1,50,1,"9:13 PM","10:02","Ariza  Running Dunk (2 PTS) (Smith 1 AST)",null,null,"0 - 7","7"],["0041400314",20,5,1,1,"9:14 PM","9:47","Harden STEAL (1 STL)",null,"Bogut Bad Pass Turnover (P1.T2)",null,null],["0041400314",21,1,67,1,"9:14 PM","9:40","Smith 7' Hook Bank Shot (5 PTS) (Ariza 2 AST)",null,null,"0 - 9","9"],["0041400314",22,9,1,1,"9:14 PM","9:31",null,null,"Warriors Timeout: Regular (Reg.1 Short 0)",null,null],["0041400314",24,2,46,1,"9:17 PM","9:18",null,null,"MISS Barnes 9' Running Jump Shot",null,null],["0041400314",25,4,0,1,"9:17 PM","9:17","Smith REBOUND (Off:0 Def:3)",null,null,null,null],["0041400314",26,1,1,1,"9:18 PM","9:10","Smith 25' 3PT Jump Shot (8 PTS)",null,null,"0 - 12","12"],["0041400314",27,1,1,1,"9:18 PM","8:45",null,null,"Barnes 25' 3PT Jump Shot (3 PTS) (Thompson 1 AST)","3 - 12","9"],["0041400314",28,1,1,1,"9:18 PM","8:19","Ariza 24' 3PT Jump Shot (5 PTS) (Smith 2 AST)",null,null,"3 - 15","12"],["0041400314",29,2,1,1,"9:19 PM","8:06",null,null,"MISS Barnes  3PT Jump Shot",null,null],["0041400314",30,4,0,1,"9:19 PM","8:04","Terry REBOUND (Off:0 Def:1)",null,null,null,null],["0041400314",31,1,42,1,"9:19 PM","7:58","Terry  Driving Layup (2 PTS)",null,null,"3 - 17","14"],["0041400314",32,2,1,1,"9:19 PM","7:43",null,null,"MISS Green 25' 3PT Jump Shot",null,null],["0041400314",33,4,0,1,"9:19 PM","7:42","Ariza REBOUND (Off:0 Def:2)",null,null,null,null],["0041400314",34,5,1,1,"9:19 PM","7:32","Smith Bad Pass Turnover (P1.T1)",null,"Thompson STEAL (1 STL)",null,null],["0041400314",35,2,79,1,"9:19 PM","7:27",null,null,"MISS Curry 25' 3PT Pullup Jump Shot",null,null],["0041400314",36,4,0,1,"9:19 PM","7:25","Howard REBOUND (Off:0 Def:2)",null,null,null,null],["0041400314",37,1,8,1,"9:19 PM","7:14","Howard  Slam Dunk (4 PTS) (Terry 1 AST)",null,null,"3 - 19","16"],["0041400314",38,1,79,1,"9:20 PM","6:55",null,null,"Barnes 15' Pullup Jump Shot (5 PTS)","5 - 19","14"],["0041400314",39,5,1,1,"9:20 PM","6:43","Howard Bad Pass Turnover (P1.T2)",null,null,null,null],["0041400314",40,8,0,1,"9:20 PM","6:43",null,null,"SUB: Iguodala FOR Barnes",null,null],["0041400314",41,8,0,1,"9:20 PM","6:43",null,null,"SUB: Barbosa FOR Thompson",null,null],["0041400314",42,6,2,1,"9:20 PM","6:35","Terry S.FOUL (P1.T1) (M.Callahan)",null,null,null,null],["0041400314",43,3,11,1,"9:21 PM","6:35",null,null,"Curry Free Throw 1 of 2 (1 PTS)","6 - 19","13"],["0041400314",45,3,12,1,"9:21 PM","6:35",null,null,"Curry Free Throw 2 of 2 (2 PTS)","7 - 19","12"],["0041400314",48,1,80,1,"9:21 PM","6:26","Smith 25' 3PT Step Back Jump Shot (11 PTS) (Terry 2 AST)",null,null,"7 - 22","15"],["0041400314",49,2,3,1,"9:22 PM","6:12",null,null,"MISS Bogut 7' Hook Shot",null,null],["0041400314",50,4,0,1,"9:22 PM","6:11",null,null,"Green REBOUND (Off:1 Def:1)",null,null],["0041400314",51,1,79,1,"9:22 PM","6:06",null,null,"Curry 25' 3PT Pullup Jump Shot (5 PTS) (Green 1 AST)","10 - 22","12"],["0041400314",52,1,79,1,"9:22 PM","5:56","Terry 24' 3PT Pullup Jump Shot (5 PTS) (Smith 3 AST)",null,null,"10 - 25","15"],["0041400314",53,6,1,1,"9:22 PM","5:41","Terry P.FOUL (P2.T2) (J.Crawford)",null,null,null,null],["0041400314",54,8,0,1,"9:22 PM","5:41","SUB: Prigioni FOR Terry",null,null,null,null],["0041400314",55,8,0,1,"9:22 PM","5:41","SUB: Jones FOR Howard",null,null,null,null],["0041400314",56,1,80,1,"9:23 PM","5:29",null,null,"Curry  3PT Step Back Jump Shot (8 PTS) (Iguodala 1 AST)","13 - 25","12"],["0041400314",57,1,46,1,"9:23 PM","5:15","Smith 9' Running Jump Shot (13 PTS)",null,null,"13 - 27","14"],["0041400314",58,6,4,1,"9:23 PM","5:05",null,null,"Bogut OFF.Foul (P1) (J.Crawford)",null,null],["0041400314",59,5,5,1,"9:23 PM","5:05",null,null,"Bogut Foul Turnover (P2.T3)",null,null],["0041400314",60,6,2,1,"9:24 PM","4:45",null,null,"Green S.FOUL (P1.T1) (J.Crawford)",null,null],["0041400314",61,3,11,1,"9:24 PM","4:45","Harden Free Throw 1 of 2 (1 PTS)",null,null,"13 - 28","15"],["0041400314",63,8,0,1,"9:24 PM","4:45",null,null,"SUB: Barnes FOR Bogut",null,null],["0041400314",64,3,12,1,"9:24 PM","4:45","Harden Free Throw 2 of 2 (2 PTS)",null,null,"13 - 29","16"],["0041400314",66,2,1,1,"9:25 PM","4:33",null,null,"MISS Barbosa  3PT Jump Shot",null,null],["0041400314",67,4,0,1,"9:25 PM","4:31",null,null,"Barnes REBOUND (Off:1 Def:0)",null,null],["0041400314",68,1,1,1,"9:25 PM","4:28",null,null,"Curry 25' 3PT Jump Shot (11 PTS) (Barnes 1 AST)","16 - 29","13"],["0041400314",69,7,5,1,"9:25 PM","4:22",null,null,"Barnes Violation:Kicked Ball (J.Crawford)",null,null],["0041400314",70,8,0,1,"9:25 PM","4:22","SUB: Brewer FOR Ariza",null,null,null,null],["0041400314",71,1,42,1,"9:26 PM","4:07","Jones 1' Driving Layup (2 PTS) (Prigioni 1 AST)",null,null,"16 - 31","15"],["0041400314",72,2,1,1,"9:26 PM","3:47","Harden BLOCK (1 BLK)",null,"MISS Green 6' Jump Shot",null,null],["0041400314",73,4,0,1,"9:26 PM","3:46","Harden REBOUND (Off:1 Def:1)",null,null,null,null],["0041400314",77,1,80,1,"9:28 PM","3:25","Harden 25' 3PT Step Back Jump Shot (5 PTS)",null,null,"16 - 34","18"],["0041400314",78,1,42,1,"9:28 PM","3:08",null,null,"Barbosa  Driving Layup (2 PTS)","18 - 34","16"],["0041400314",79,2,5,1,"9:28 PM","2:58","MISS Brewer 1' Layup",null,null,null,null],["0041400314",80,4,0,1,"9:28 PM","2:57",null,null,"Iguodala REBOUND (Off:0 Def:1)",null,null],["0041400314",81,1,46,1,"9:28 PM","2:50",null,null,"Barbosa 5' Running Jump Shot (4 PTS)","20 - 34","14"],["0041400314",82,1,1,1,"9:29 PM","2:30","Prigioni 26' 3PT Jump Shot (3 PTS)",null,null,"20 - 37","17"],["0041400314",83,2,1,1,"9:29 PM","2:12",null,null,"MISS Curry 26' 3PT Jump Shot",null,null],["0041400314",84,4,0,1,"9:29 PM","2:11","Brewer REBOUND (Off:0 Def:1)",null,null,null,null],["0041400314",85,2,1,1,"9:29 PM","1:57","MISS Brewer 5' Jump Shot",null,"Iguodala BLOCK (1 BLK)",null,null],["0041400314",86,4,0,1,"9:29 PM","1:55",null,null,"Green REBOUND (Off:1 Def:2)",null,null],["0041400314",87,1,42,1,"9:29 PM","1:53",null,null,"Iguodala 1' Driving Layup (2 PTS) (Green 2 AST)","22 - 37","15"],["0041400314",88,6,2,1,"9:29 PM","1:53","Harden S.FOUL (P1.T3) (T.Washington)",null,null,null,null],["0041400314",89,9,1,1,"9:30 PM","1:53","ROCKETS Timeout: Regular (Full 1 Short 0)",null,null,null,null],["0041400314",91,8,0,1,"9:31 PM","1:53","SUB: Howard FOR Smith",null,null,null,null],["0041400314",92,8,0,1,"9:33 PM","1:53",null,null,"SUB: Ezeli FOR Green",null,null],["0041400314",93,3,10,1,"9:33 PM","1:53",null,null,"MISS Iguodala Free Throw 1 of 1",null,null],["0041400314",95,4,0,1,"9:33 PM","1:53","Jones REBOUND (Off:0 Def:1)",null,null,null,null],["0041400314",96,5,1,1,"9:33 PM","1:33","Harden Bad Pass Turnover (P1.T3)",null,"Iguodala STEAL (1 STL)",null,null],["0041400314",97,2,5,1,"9:33 PM","1:28","Brewer BLOCK (1 BLK)",null,"MISS Barbosa 1' Layup",null,null],["0041400314",98,4,0,1,"9:33 PM","1:26",null,null,"Iguodala REBOUND (Off:1 Def:1)",null,null],["0041400314",99,2,1,1,"9:33 PM","1:23",null,null,"MISS Curry 25' 3PT Jump Shot",null,null],["0041400314",100,4,0,1,"9:33 PM","1:22","Howard REBOUND (Off:0 Def:3)",null,null,null,null],["0041400314",101,1,66,1,"9:34 PM","1:16","Jones 4' Jump Bank Shot (4 PTS) (Brewer 1 AST)",null,null,"22 - 39","17"],["0041400314",102,2,1,1,"9:34 PM","1:04",null,null,"MISS Iguodala  3PT Jump Shot",null,null],["0041400314",103,4,0,1,"9:34 PM","1:03","Jones REBOUND (Off:0 Def:2)",null,null,null,null],["0041400314",104,1,79,1,"9:34 PM","0:58","Harden 24' 3PT Pullup Jump Shot (8 PTS) (Jones 1 AST)",null,null,"22 - 42","20"],["0041400314",105,2,1,1,"9:34 PM","0:48",null,null,"MISS Barnes 18' Jump Shot",null,null],["0041400314",106,4,0,1,"9:34 PM","0:47","Howard REBOUND (Off:0 Def:4)",null,null,null,null],["0041400314",107,6,29,1,"9:34 PM","0:43",null,null,"Curry Shooting Block Foul (P1.T2) (T.Washington)",null,null],["0041400314",108,3,11,1,"9:35 PM","0:43","MISS Brewer Free Throw 1 of 2",null,null,null,null],["0041400314",109,4,1,1,"9:35 PM","0:43","ROCKETS Rebound",null,null,null,null],["0041400314",110,8,0,1,"9:35 PM","0:43","SUB: Ariza FOR Harden",null,null,null,null],["0041400314",111,3,12,1,"9:35 PM","0:43","Brewer Free Throw 2 of 2 (1 PTS)",null,null,"22 - 43","21"],["0041400314",113,2,1,1,"9:35 PM","0:23",null,null,"MISS Barbosa  3PT Jump Shot",null,null],["0041400314",114,4,0,1,"9:35 PM","0:21","ROCKETS Rebound",null,null,null,null],["0041400314",115,8,0,1,"9:36 PM","0:21","SUB: Harden FOR Jones",null,null,null,null],["0041400314",116,8,0,1,"9:36 PM","0:21",null,null,"SUB: Livingston FOR Curry",null,null],["0041400314",117,1,80,1,"9:36 PM","0:01","Harden 19' Step Back Jump Shot (10 PTS)",null,null,"22 - 45","23"],["0041400314",118,13,0,1,"9:36 PM","0:00",null,null,null,"22 - 45","23"],["0041400314",121,12,0,2,"9:40 PM","12:00",null,null,null,"22 - 45","23"],["0041400314",122,1,67,2,"9:40 PM","11:46","Howard 6' Hook Bank Shot (6 PTS) (Jones 2 AST)",null,null,"22 - 47","25"],["0041400314",123,6,2,2,"9:41 PM","11:31","Ariza S.FOUL (P1.T1) (T.Washington)",null,null,null,null],["0041400314",124,3,11,2,"9:41 PM","11:31",null,null,"Iguodala Free Throw 1 of 2 (3 PTS)","23 - 47","24"],["0041400314",126,3,12,2,"9:41 PM","11:31",null,null,"MISS Iguodala Free Throw 2 of 2",null,null],["0041400314",130,4,0,2,"9:42 PM","11:30",null,null,"Green REBOUND (Off:2 Def:2)",null,null],["0041400314",131,1,53,2,"9:42 PM","11:30",null,null,"Green 1' Tip Shot (2 PTS)","25 - 47","22"],["0041400314",132,6,1,2,"9:42 PM","11:18",null,null,"Livingston P.FOUL (P1.T1) (M.Callahan)",null,null],["0041400314",133,6,1,2,"9:42 PM","11:09",null,null,"Bogut P.FOUL (P2.T2) (J.Crawford)",null,null],["0041400314",134,2,1,2,"9:43 PM","10:56","MISS Jones 18' Jump Shot",null,null,null,null],["0041400314",135,4,0,2,"9:43 PM","10:55",null,null,"Bogut REBOUND (Off:0 Def:2)",null,null],["0041400314",137,5,1,2,"9:43 PM","10:39","Ariza STEAL (1 STL)",null,"Bogut Bad Pass Turnover (P3.T4)",null,null],["0041400314",138,2,5,2,"9:43 PM","10:25","MISS Howard 1' Layup",null,"Bogut BLOCK (1 BLK)",null,null],["0041400314",139,4,0,2,"9:43 PM","10:24",null,null,"Bogut REBOUND (Off:0 Def:3)",null,null],["0041400314",142,1,47,2,"9:44 PM","10:02",null,null,"Green 4' Turnaround Jump Shot (4 PTS) (Iguodala 2 AST)","27 - 47","20"],["0041400314",143,2,1,2,"9:44 PM","9:41","MISS Ariza  3PT Jump Shot",null,null,null,null],["0041400314",144,4,0,2,"9:44 PM","9:40",null,null,"Bogut REBOUND (Off:0 Def:4)",null,null],["0041400314",145,5,1,2,"9:44 PM","9:26",null,null,"Iguodala Bad Pass Turnover (P1.T5)",null,null],["0041400314",147,5,1,2,"9:45 PM","9:16","Prigioni Bad Pass Turnover (P1.T4)",null,"Iguodala STEAL (2 STL)",null,null],["0041400314",148,1,5,2,"9:45 PM","9:10",null,null,"Green 1' Layup (6 PTS) (Livingston 1 AST)","29 - 47","18"],["0041400314",149,6,11,2,"9:45 PM","9:10",null,null,"Livingston T.FOUL (P1.T2) (J.Crawford)",null,null],["0041400314",150,3,16,2,"9:45 PM","9:10","Ariza Free Throw Technical (6 PTS)",null,null,"29 - 48","19"],["0041400314",152,8,0,2,"9:45 PM","9:10","SUB: Terry FOR Prigioni",null,null,null,null],["0041400314",153,8,0,2,"9:46 PM","9:10","SUB: Smith FOR Jones",null,null,null,null],["0041400314",154,5,8,2,"9:46 PM","8:55","Howard 3 Second Violation Turnover (P2.T5)",null,null,null,null],["0041400314",155,9,4,2,"9:46 PM","8:55",null,null,null,null,null],["0041400314",158,2,1,2,"9:49 PM","8:41",null,null,"MISS Thompson 17' Jump Shot",null,null],["0041400314",159,4,0,2,"9:49 PM","8:40","Smith REBOUND (Off:0 Def:4)",null,null,null,null],["0041400314",160,1,79,2,"9:49 PM","8:32","Smith 19' Pullup Jump Shot (15 PTS)",null,null,"29 - 50","21"],["0041400314",161,5,1,2,"9:50 PM","8:16","Ariza STEAL (2 STL)",null,"Livingston Bad Pass Turnover (P1.T6)",null,null],["0041400314",162,1,42,2,"9:50 PM","8:10","Terry 1' Driving Layup (7 PTS) (Ariza 3 AST)",null,null,"29 - 52","23"],["0041400314",163,1,1,2,"9:50 PM","8:00",null,null,"Green 26' 3PT Jump Shot (9 PTS) (Bogut 1 AST)","32 - 52","20"],["0041400314",164,2,42,2,"9:50 PM","7:45","MISS Brewer  Driving Layup",null,null,null,null],["0041400314",165,4,0,2,"9:50 PM","7:45","Howard REBOUND (Off:1 Def:4)",null,null,null,null],["0041400314",166,6,2,2,"9:50 PM","7:45",null,null,"Bogut S.FOUL (P3.T3) (M.Callahan)",null,null],["0041400314",167,3,11,2,"9:50 PM","7:45","Howard Free Throw 1 of 2 (7 PTS)",null,null,"32 - 53","21"],["0041400314",169,8,0,2,"9:51 PM","7:45",null,null,"SUB: Ezeli FOR Bogut",null,null],["0041400314",170,3,12,2,"9:51 PM","7:45","MISS Howard Free Throw 2 of 2",null,null,null,null],["0041400314",172,4,0,2,"9:51 PM","7:45",null,null,"Green REBOUND (Off:2 Def:3)",null,null],["0041400314",173,2,1,2,"9:51 PM","7:24",null,null,"MISS Livingston 6' Jump Shot",null,null],["0041400314",174,4,0,2,"9:51 PM","7:23",null,null,"Ezeli REBOUND (Off:1 Def:0)",null,null],["0041400314",175,2,4,2,"9:51 PM","7:23",null,null,"MISS Ezeli 1' Tip Shot",null,null],["0041400314",176,4,0,2,"9:51 PM","7:22","Terry REBOUND (Off:0 Def:2)",null,null,null,null],["0041400314",177,1,5,2,"9:52 PM","7:15","Howard 1' Layup (9 PTS) (Brewer 2 AST)",null,null,"32 - 55","23"],["0041400314",178,6,2,2,"9:52 PM","7:15",null,null,"Ezeli S.FOUL (P1.T4) (T.Washington)",null,null],["0041400314",179,8,0,2,"9:52 PM","7:15","SUB: Harden FOR Brewer",null,null,null,null],["0041400314",180,8,0,2,"9:52 PM","7:15",null,null,"SUB: Curry FOR Iguodala",null,null],["0041400314",181,3,10,2,"9:52 PM","7:15","MISS Howard Free Throw 1 of 1",null,null,null,null],["0041400314",183,4,0,2,"9:52 PM","7:15",null,null,"Green REBOUND (Off:2 Def:4)",null,null],["0041400314",184,5,1,2,"9:53 PM","6:56",null,null,"Thompson Bad Pass Turnover (P1.T7)",null,null],["0041400314",185,2,1,2,"9:53 PM","6:45","MISS Ariza 25' 3PT Jump Shot",null,null,null,null],["0041400314",186,4,0,2,"9:53 PM","6:44",null,null,"Green REBOUND (Off:2 Def:5)",null,null],["0041400314",187,1,79,2,"9:53 PM","6:35",null,null,"Thompson 16' Pullup Jump Shot (2 PTS)","34 - 55","21"],["0041400314",188,2,5,2,"9:53 PM","6:28","MISS Terry 1' Layup",null,"Green BLOCK (1 BLK)",null,null],["0041400314",189,4,0,2,"9:53 PM","6:26",null,null,"Green REBOUND (Off:2 Def:6)",null,null],["0041400314",190,5,1,2,"9:53 PM","6:20","Howard STEAL (1 STL)",null,"Livingston Bad Pass Turnover (P2.T8)",null,null],["0041400314",191,5,1,2,"9:53 PM","6:14","Smith Bad Pass Turnover (P2.T6)",null,null,null,null],["0041400314",192,1,5,2,"9:54 PM","5:58",null,null,"Thompson 2' Layup (4 PTS) (Ezeli 1 AST)","36 - 55","19"],["0041400314",193,6,2,2,"9:54 PM","5:52",null,null,"Curry S.FOUL (P2.PN) (T.Washington)",null,null],["0041400314",194,9,1,2,"9:54 PM","5:52","ROCKETS Timeout: Regular (Full 2 Short 0)",null,null,null,null],["0041400314",196,8,0,2,"9:58 PM","5:52",null,null,"SUB: Barbosa FOR Curry",null,null],["0041400314",197,3,11,2,"9:59 PM","5:52","Ariza Free Throw 1 of 2 (7 PTS)",null,null,"36 - 56","20"],["0041400314",199,3,12,2,"9:59 PM","5:52","Ariza Free Throw 2 of 2 (8 PTS)",null,null,"36 - 57","21"],["0041400314",202,9,1,2,"9:59 PM","5:42",null,null,"Warriors Timeout: Regular (Reg.2 Short 0)",null,null],["0041400314",205,2,5,2,"10:02 PM","5:30","Howard BLOCK (1 BLK)",null,"MISS Ezeli 2' Layup",null,null],["0041400314",206,4,0,2,"10:02 PM","5:27",null,null,"Ezeli REBOUND (Off:2 Def:0)",null,null],["0041400314",207,1,87,2,"10:02 PM","5:26",null,null,"Ezeli  Putback Dunk (2 PTS)","38 - 57","19"],["0041400314",209,1,56,2,"10:03 PM","4:58","Howard 7' Running Hook Shot (11 PTS)",null,null,"38 - 59","21"],["0041400314",210,1,42,2,"10:03 PM","4:51",null,null,"Livingston 2' Driving Layup (2 PTS)","40 - 59","19"],["0041400314",211,2,79,2,"10:03 PM","4:41","MISS Ariza 21' Pullup Jump Shot",null,null,null,null],["0041400314",212,4,0,2,"10:03 PM","4:40",null,null,"Ezeli REBOUND (Off:2 Def:1)",null,null],["0041400314",213,1,79,2,"10:04 PM","4:26",null,null,"Thompson 25' 3PT Pullup Jump Shot (7 PTS)","43 - 59","16"],["0041400314",214,5,1,2,"10:04 PM","4:15","Smith Bad Pass Turnover (P3.T7)",null,"Livingston STEAL (1 STL)",null,null],["0041400314",215,1,80,2,"10:04 PM","4:08",null,null,"Thompson  3PT Step Back Jump Shot (10 PTS) (Livingston 2 AST)","46 - 59","13"],["0041400314",216,9,2,2,"10:04 PM","4:07","ROCKETS Timeout: Short (Full 2 Short 1)",null,null,null,null],["0041400314",220,6,1,2,"10:05 PM","3:53",null,null,"Thompson P.FOUL (P1.PN) (J.Crawford)",null,null],["0041400314",221,3,11,2,"10:05 PM","3:53","Harden Free Throw 1 of 2 (11 PTS)",null,null,"46 - 60","14"],["0041400314",223,3,12,2,"10:06 PM","3:53","Harden Free Throw 2 of 2 (12 PTS)",null,null,"46 - 61","15"],["0041400314",225,1,7,2,"10:06 PM","3:40",null,null,"Livingston  Dunk (4 PTS) (Ezeli 2 AST)","48 - 61","13"],["0041400314",226,6,4,2,"10:06 PM","3:30","Howard OFF.Foul (P1) (M.Callahan)",null,null,null,null],["0041400314",227,5,5,2,"10:06 PM","3:30","Howard Foul Turnover (P3.T8)",null,null,null,null],["0041400314",228,1,1,2,"10:07 PM","3:17",null,null,"Barbosa 25' 3PT Jump Shot (7 PTS) (Livingston 3 AST)","51 - 61","10"],["0041400314",229,2,1,2,"10:07 PM","2:58","MISS Howard 4' Jump Shot",null,null,null,null],["0041400314",230,4,0,2,"10:07 PM","2:57",null,null,"Ezeli REBOUND (Off:2 Def:2)",null,null],["0041400314",231,2,42,2,"10:07 PM","2:51",null,null,"MISS Livingston 2' Driving Layup",null,null],["0041400314",232,4,0,2,"10:07 PM","2:51","Howard REBOUND (Off:1 Def:5)",null,null,null,null],["0041400314",233,1,1,2,"10:07 PM","2:45","Ariza  3PT Jump Shot (11 PTS) (Smith 4 AST)",null,null,"51 - 64","13"],["0041400314",234,6,2,2,"10:07 PM","2:45",null,null,"Livingston S.FOUL (P2.PN) (T.Washington)",null,null],["0041400314",235,8,0,2,"10:08 PM","2:45","SUB: Jones FOR Smith",null,null,null,null],["0041400314",236,3,10,2,"10:08 PM","2:45","Ariza Free Throw 1 of 1 (12 PTS)",null,null,"51 - 65","14"],["0041400314",238,2,1,2,"10:08 PM","2:30",null,null,"MISS Ezeli 7' Jump Shot",null,null],["0041400314",239,4,0,2,"10:08 PM","2:29","Howard REBOUND (Off:1 Def:6)",null,null,null,null],["0041400314",240,6,1,2,"10:09 PM","2:19",null,null,"Ezeli P.FOUL (P2.PN) (J.Crawford)",null,null],["0041400314",241,3,11,2,"10:09 PM","2:19","MISS Howard Free Throw 1 of 2",null,null,null,null],["0041400314",242,4,1,2,"10:09 PM","2:19","ROCKETS Rebound",null,null,null,null],["0041400314",244,9,2,2,"10:09 PM","2:19",null,null,"Warriors Timeout: Short (Reg.2 Short 1)",null,null],["0041400314",248,3,12,2,"10:11 PM","2:19","Howard Free Throw 2 of 2 (12 PTS)",null,null,"51 - 66","15"],["0041400314",250,1,1,2,"10:11 PM","2:08",null,null,"Thompson 25' 3PT Jump Shot (13 PTS) (Barbosa 1 AST)","54 - 66","12"],["0041400314",251,6,28,2,"10:11 PM","2:05",null,null,"Barbosa Personal Take Foul (P1.PN) (J.Crawford)",null,null],["0041400314",252,3,11,2,"10:11 PM","2:05","MISS Howard Free Throw 1 of 2",null,null,null,null],["0041400314",253,4,1,2,"10:11 PM","2:05","ROCKETS Rebound",null,null,null,null],["0041400314",254,3,12,2,"10:12 PM","2:05","MISS Howard Free Throw 2 of 2",null,null,null,null],["0041400314",256,4,0,2,"10:12 PM","2:05",null,null,"Ezeli REBOUND (Off:2 Def:3)",null,null],["0041400314",257,6,1,2,"10:12 PM","2:03","Jones P.FOUL (P1.T2) (T.Washington)",null,null,null,null],["0041400314",258,8,0,2,"10:12 PM","2:03","SUB: Brewer FOR Howard",null,null,null,null],["0041400314",259,8,0,2,"10:12 PM","2:03",null,null,"SUB: Barnes FOR Ezeli",null,null],["0041400314",260,6,26,2,"10:13 PM","1:54",null,null,"Thompson Offensive Charge Foul (P2.PN) (J.Crawford)",null,null],["0041400314",261,5,5,2,"10:13 PM","1:54",null,null,"Thompson Foul Turnover (P2.T9)",null,null],["0041400314",262,2,5,2,"10:13 PM","1:48","MISS Harden 2' Layup",null,"Green BLOCK (2 BLK)",null,null],["0041400314",263,4,0,2,"10:13 PM","1:46",null,null,"Green REBOUND (Off:2 Def:7)",null,null],["0041400314",264,2,86,2,"10:13 PM","1:33",null,null,"MISS Livingston 11' Turnaround Fadeaway Shot",null,null],["0041400314",265,4,0,2,"10:13 PM","1:32","Ariza REBOUND (Off:0 Def:3)",null,null,null,null],["0041400314",266,2,1,2,"10:13 PM","1:25","MISS Terry  3PT Jump Shot",null,null,null,null],["0041400314",267,4,0,2,"10:13 PM","1:23",null,null,"Barnes REBOUND (Off:1 Def:1)",null,null],["0041400314",268,1,79,2,"10:13 PM","1:19",null,null,"Thompson 25' 3PT Pullup Jump Shot (16 PTS) (Barnes 2 AST)","57 - 66","9"],["0041400314",269,2,79,2,"10:14 PM","1:05","MISS Harden 25' 3PT Pullup Jump Shot",null,null,null,null],["0041400314",270,4,0,2,"10:14 PM","1:04",null,null,"Thompson REBOUND (Off:0 Def:1)",null,null],["0041400314",271,2,1,2,"10:14 PM","0:56",null,null,"MISS Thompson 25' 3PT Jump Shot",null,null],["0041400314",272,4,0,2,"10:14 PM","0:53",null,null,"Thompson REBOUND (Off:1 Def:1)",null,null],["0041400314",273,1,42,2,"10:14 PM","0:32",null,null,"Green 1' Driving Layup (11 PTS)","59 - 66","7"],["0041400314",274,1,1,2,"10:15 PM","0:08","Terry  3PT Jump Shot (10 PTS) (Harden 1 AST)",null,null,"59 - 69","10"],["0041400314",275,2,1,2,"10:15 PM","0:01","Harden BLOCK (2 BLK)",null,"MISS Barnes 5' Jump Shot",null,null],["0041400314",276,4,0,2,"10:15 PM","0:00","Harden REBOUND (Off:1 Def:2)",null,null,null,null],["0041400314",278,18,0,2,"10:15 PM","0:00",null,null,null,null,null],["0041400314",279,18,0,2,"10:16 PM","0:00",null,null,null,null,null],["0041400314",280,13,0,2,"10:17 PM","0:00",null,null,null,"59 - 69","10"],["0041400314",282,12,0,3,"10:32 PM","12:00",null,null,null,"59 - 69","10"],["0041400314",283,2,65,3,"10:33 PM","11:39","MISS Howard 6' Jump Hook Shot",null,null,null,null],["0041400314",284,4,0,3,"10:33 PM","11:38",null,null,"Green REBOUND (Off:2 Def:8)",null,null],["0041400314",285,1,7,3,"10:33 PM","11:32",null,null,"Barnes  Dunk (7 PTS) (Green 3 AST)","61 - 69","8"],["0041400314",286,1,3,3,"10:33 PM","11:10","Smith 5' Hook Shot (17 PTS)",null,null,"61 - 71","10"],["0041400314",287,2,47,3,"10:34 PM","10:49",null,null,"MISS Livingston 10' Turnaround Jump Shot",null,null],["0041400314",288,4,0,3,"10:34 PM","10:48","Howard REBOUND (Off:1 Def:7)",null,null,null,null],["0041400314",289,1,42,3,"10:34 PM","10:26","Harden 2' Driving Layup (14 PTS) (Terry 3 AST)",null,null,"61 - 73","12"],["0041400314",290,2,1,3,"10:34 PM","10:16",null,null,"MISS Thompson 25' 3PT Jump Shot",null,null],["0041400314",291,4,0,3,"10:34 PM","10:15","Terry REBOUND (Off:0 Def:3)",null,null,null,null],["0041400314",292,5,1,3,"10:34 PM","10:03","Smith Bad Pass Turnover (P4.T9)",null,null,null,null],["0041400314",294,2,1,3,"10:35 PM","9:40",null,null,"MISS Thompson  3PT Jump Shot",null,null],["0041400314",295,4,0,3,"10:35 PM","9:39","Ariza REBOUND (Off:0 Def:4)",null,null,null,null],["0041400314",296,2,96,3,"10:35 PM","9:28","MISS Howard 9' Turnaround Bank Hook Shot",null,null,null,null],["0041400314",297,4,0,3,"10:35 PM","9:27",null,null,"Bogut REBOUND (Off:0 Def:5)",null,null],["0041400314",298,1,85,3,"10:35 PM","9:14",null,null,"Green 5' Turnaround Bank Shot (13 PTS)","63 - 73","10"],["0041400314",299,6,2,3,"10:35 PM","9:14","Smith S.FOUL (P1.T1) (J.Crawford)",null,null,null,null],["0041400314",300,3,10,3,"10:36 PM","9:14",null,null,"Green Free Throw 1 of 1 (14 PTS)","64 - 73","9"],["0041400314",303,1,49,3,"10:36 PM","8:58","Harden  Driving Dunk (16 PTS)",null,null,"64 - 75","11"],["0041400314",304,5,2,3,"10:36 PM","8:34","Terry STEAL (1 STL)",null,"Green Lost Ball Turnover (P2.T10)",null,null],["0041400314",305,2,1,3,"10:37 PM","8:28","MISS Terry 25' 3PT Jump Shot",null,null,null,null],["0041400314",306,4,0,3,"10:37 PM","8:27",null,null,"Bogut REBOUND (Off:0 Def:6)",null,null],["0041400314",307,2,1,3,"10:37 PM","8:19",null,null,"MISS Barnes 21' Jump Shot",null,null],["0041400314",308,4,0,3,"10:37 PM","8:18","Ariza REBOUND (Off:0 Def:5)",null,null,null,null],["0041400314",309,5,2,3,"10:37 PM","8:07","Smith Lost Ball Turnover (P5.T10)",null,"Barnes STEAL (1 STL)",null,null],["0041400314",310,6,14,3,"10:37 PM","8:07","Howard FLAGRANT.FOUL.TYPE1 (P2.T2) (J.Crawford)",null,null,null,null],["0041400314",311,18,0,3,"10:38 PM","8:07",null,null,null,null,null],["0041400314",312,8,0,3,"10:39 PM","8:07",null,null,"SUB: Iguodala FOR Livingston",null,null],["0041400314",314,3,18,3,"10:39 PM","8:07",null,null,"MISS Bogut Free Throw Flagrant 1 of 2",null,null],["0041400314",315,4,1,3,"10:39 PM","8:07",null,null,"Warriors Rebound",null,null],["0041400314",316,3,19,3,"10:39 PM","8:07",null,null,"MISS Bogut Free Throw Flagrant 2 of 2",null,null],["0041400314",317,4,1,3,"10:39 PM","8:07",null,null,"Warriors Rebound",null,null],["0041400314",319,2,1,3,"10:40 PM","7:41",null,null,"MISS Iguodala 25' 3PT Jump Shot",null,null],["0041400314",320,4,0,3,"10:40 PM","7:40","Smith REBOUND (Off:0 Def:5)",null,null,null,null],["0041400314",321,2,1,3,"10:40 PM","7:22","MISS Harden 25' 3PT Jump Shot",null,null,null,null],["0041400314",322,4,0,3,"10:40 PM","7:21",null,null,"Bogut REBOUND (Off:0 Def:7)",null,null],["0041400314",323,1,7,3,"10:40 PM","7:16",null,null,"Barnes  Dunk (9 PTS) (Bogut 2 AST)","66 - 75","9"],["0041400314",327,6,1,3,"10:42 PM","7:06",null,null,"Iguodala P.FOUL (P1.T1) (T.Washington)",null,null],["0041400314",328,1,1,3,"10:42 PM","6:46","Ariza 25' 3PT Jump Shot (15 PTS) (Harden 2 AST)",null,null,"66 - 78","12"],["0041400314",329,6,1,3,"10:43 PM","6:35","Terry P.FOUL (P3.T3) (J.Crawford)",null,null,null,null],["0041400314",330,1,1,3,"10:43 PM","6:26",null,null,"Green 26' 3PT Jump Shot (17 PTS) (Bogut 3 AST)","69 - 78","9"],["0041400314",331,5,1,3,"10:43 PM","6:17","Smith Bad Pass Turnover (P6.T11)",null,"Iguodala STEAL (3 STL)",null,null],["0041400314",332,6,28,3,"10:43 PM","6:14","Terry Personal Take Foul (P4.T4) (M.Callahan)",null,null,null,null],["0041400314",333,8,0,3,"10:43 PM","6:14","SUB: Jones FOR Smith",null,null,null,null],["0041400314",334,8,0,3,"10:43 PM","6:14","SUB: Prigioni FOR Terry",null,null,null,null],["0041400314",335,2,1,3,"10:44 PM","6:05","Howard BLOCK (2 BLK)",null,"MISS Thompson 14' Jump Shot",null,null],["0041400314",336,4,0,3,"10:44 PM","6:04","Howard REBOUND (Off:1 Def:8)",null,null,null,null],["0041400314",337,6,2,3,"10:44 PM","5:58",null,null,"Green S.FOUL (P2.T2) (J.Crawford)",null,null],["0041400314",338,9,1,3,"10:44 PM","5:58","ROCKETS Timeout: Regular (Full 3 Short 1)",null,null,null,null],["0041400314",340,6,11,3,"10:45 PM","5:58",null,null,null,null,null],["0041400314",342,8,0,3,"10:47 PM","5:58",null,null,"SUB: Ezeli FOR Barnes",null,null],["0041400314",343,8,0,3,"10:47 PM","5:58",null,null,"SUB: Curry FOR Bogut",null,null],["0041400314",344,3,16,3,"10:47 PM","5:58","Harden Free Throw Technical (17 PTS)",null,null,"69 - 79","10"],["0041400314",346,3,11,3,"10:48 PM","5:58","Harden Free Throw 1 of 2 (18 PTS)",null,null,"69 - 80","11"],["0041400314",348,3,12,3,"10:48 PM","5:58","Harden Free Throw 2 of 2 (19 PTS)",null,null,"69 - 81","12"],["0041400314",351,2,1,3,"10:48 PM","5:42",null,null,"MISS Green 25' 3PT Jump Shot",null,null],["0041400314",352,4,0,3,"10:48 PM","5:40","Jones REBOUND (Off:0 Def:3)",null,null,null,null],["0041400314",353,1,80,3,"10:49 PM","5:28","Harden 25' 3PT Step Back Jump Shot (22 PTS)",null,null,"69 - 84","15"],["0041400314",354,5,1,3,"10:49 PM","5:14",null,null,"Iguodala Bad Pass Turnover (P2.T11)",null,null],["0041400314",355,5,2,3,"10:49 PM","5:03","Harden Lost Ball Turnover (P2.T12)",null,"Ezeli STEAL (1 STL)",null,null],["0041400314",356,1,52,3,"10:49 PM","4:56",null,null,"Ezeli  Alley Oop Dunk (4 PTS) (Green 4 AST)","71 - 84","13"],["0041400314",357,1,1,3,"10:50 PM","4:38","Jones 24' 3PT Jump Shot (7 PTS)",null,null,"71 - 87","16"],["0041400314",358,2,80,3,"10:50 PM","4:27",null,null,"MISS Curry 22' Step Back Jump Shot",null,null],["0041400314",359,4,0,3,"10:50 PM","4:25","ROCKETS Rebound",null,null,null,null],["0041400314",360,8,0,3,"10:50 PM","4:25","SUB: Brewer FOR Ariza",null,null,null,null],["0041400314",361,1,79,3,"10:50 PM","4:08","Harden 25' 3PT Pullup Jump Shot (25 PTS)",null,null,"71 - 90","19"],["0041400314",362,9,1,3,"10:51 PM","4:07",null,null,"Warriors Timeout: Regular (Reg.3 Short 1)",null,null],["0041400314",364,8,0,3,"10:52 PM","4:07","SUB: Capela FOR Howard",null,null,null,null],["0041400314",366,6,1,3,"10:54 PM","3:56","Jones P.FOUL (P2.PN) (M.Callahan)",null,null,null,null],["0041400314",367,3,11,3,"10:54 PM","3:56",null,null,"MISS Ezeli Free Throw 1 of 2",null,null],["0041400314",368,4,1,3,"10:54 PM","3:56",null,null,"Warriors Rebound",null,null],["0041400314",369,3,12,3,"10:55 PM","3:56",null,null,"MISS Ezeli Free Throw 2 of 2",null,null],["0041400314",371,4,0,3,"10:55 PM","3:56","Harden REBOUND (Off:1 Def:3)",null,null,null,null],["0041400314",372,2,1,3,"10:55 PM","3:40","MISS Harden 15' Jump Shot",null,null,null,null],["0041400314",373,4,0,3,"10:55 PM","3:39",null,null,"Green REBOUND (Off:2 Def:9)",null,null],["0041400314",374,2,1,3,"10:55 PM","3:32","Jones BLOCK (1 BLK)",null,"MISS Curry 25' 3PT Jump Shot",null,null],["0041400314",375,4,0,3,"10:55 PM","3:30","Harden REBOUND (Off:1 Def:4)",null,null,null,null],["0041400314",376,2,1,3,"10:56 PM","3:23","MISS Harden 25' 3PT Jump Shot",null,null,null,null],["0041400314",377,4,0,3,"10:56 PM","3:21","ROCKETS Rebound",null,null,null,null],["0041400314",378,8,0,3,"10:56 PM","3:21",null,null,"SUB: Lee FOR Ezeli",null,null],["0041400314",379,6,29,3,"10:56 PM","3:14",null,null,"Green Shooting Block Foul (P3.T3) (M.Callahan)",null,null],["0041400314",380,3,11,3,"10:56 PM","3:14","MISS Capela Free Throw 1 of 2",null,null,null,null],["0041400314",381,4,1,3,"10:56 PM","3:14","ROCKETS Rebound",null,null,null,null],["0041400314",382,8,0,3,"10:57 PM","3:14",null,null,"SUB: Barbosa FOR Thompson",null,null],["0041400314",383,3,12,3,"10:57 PM","3:14","Capela Free Throw 2 of 2 (1 PTS)",null,null,"71 - 91","20"],["0041400314",386,5,40,3,"10:57 PM","3:06",null,null,"Lee Out of Bounds Lost Ball Turnover (P1.T12)",null,null],["0041400314",387,1,52,3,"10:57 PM","3:00","Capela  Alley Oop Dunk (3 PTS) (Harden 3 AST)",null,null,"71 - 93","22"],["0041400314",389,2,5,3,"10:58 PM","2:43",null,null,"MISS Iguodala 3' Layup",null,null],["0041400314",391,4,0,3,"10:58 PM","2:41",null,null,"Green REBOUND (Off:3 Def:9)",null,null],["0041400314",390,1,4,3,"10:58 PM","2:41",null,null,"Green  Tip Shot (19 PTS)","73 - 93","20"],["0041400314",392,2,63,3,"10:58 PM","2:29","MISS Jones 9' Fadeaway Jumper",null,"Green BLOCK (3 BLK)",null,null],["0041400314",393,4,0,3,"10:58 PM","2:28",null,null,"Lee REBOUND (Off:0 Def:1)",null,null],["0041400314",394,6,2,3,"10:58 PM","2:25","Harden S.FOUL (P2.PN) (M.Callahan)",null,null,null,null],["0041400314",395,3,11,3,"10:58 PM","2:25",null,null,"Iguodala Free Throw 1 of 2 (4 PTS)","74 - 93","19"],["0041400314",397,3,12,3,"10:58 PM","2:25",null,null,"Iguodala Free Throw 2 of 2 (5 PTS)","75 - 93","18"],["0041400314",399,6,11,3,"10:59 PM","2:25","Jones T.FOUL (P2.PN) (J.Crawford)",null,null,null,null],["0041400314",400,3,16,3,"10:59 PM","2:25",null,null,"Curry Free Throw Technical (12 PTS)","76 - 93","17"],["0041400314",402,2,1,3,"11:00 PM","2:01","MISS Jones 25' 3PT Jump Shot",null,"Green BLOCK (4 BLK)",null,null],["0041400314",403,4,0,3,"11:00 PM","2:00","ROCKETS Rebound",null,null,null,null],["0041400314",404,5,11,3,"11:00 PM","2:00","ROCKETS Turnover: Shot Clock (T#13)",null,null,null,null],["0041400314",405,2,1,3,"11:00 PM","1:48",null,null,"MISS Green 24' 3PT Jump Shot",null,null],["0041400314",406,4,0,3,"11:00 PM","1:46","Capela REBOUND (Off:0 Def:1)",null,null,null,null],["0041400314",407,6,2,3,"11:00 PM","1:42",null,null,"Barbosa S.FOUL (P2.T4) (J.Crawford)",null,null],["0041400314",408,3,11,3,"11:01 PM","1:42","MISS Harden Free Throw 1 of 2",null,null,null,null],["0041400314",409,4,1,3,"11:01 PM","1:42","ROCKETS Rebound",null,null,null,null],["0041400314",410,3,12,3,"11:01 PM","1:42","Harden Free Throw 2 of 2 (26 PTS)",null,null,"76 - 94","18"],["0041400314",413,1,1,3,"11:01 PM","1:30",null,null,"Iguodala 24' 3PT Jump Shot (8 PTS) (Curry 1 AST)","79 - 94","15"],["0041400314",414,5,1,3,"11:02 PM","1:13","Jones Bad Pass Turnover (P1.T14)",null,"Lee STEAL (1 STL)",null,null],["0041400314",415,1,46,3,"11:02 PM","0:55",null,null,"Green 6' Running Jump Shot (21 PTS)","81 - 94","13"],["0041400314",416,1,73,3,"11:02 PM","0:45","Harden 1' Driving Reverse Layup (28 PTS)",null,null,"81 - 96","15"],["0041400314",417,2,46,3,"11:02 PM","0:36","Jones BLOCK (2 BLK)",null,"MISS Curry 11' Running Jump Shot",null,null],["0041400314",430,4,0,3,"11:02 PM","0:35","Harden REBOUND (Off:1 Def:5)",null,null,null,null],["0041400314",419,6,28,3,"11:03 PM","0:32",null,null,"Lee Personal Take Foul (P1.PN) (J.Crawford)",null,null],["0041400314",420,3,11,3,"11:03 PM","0:32","Capela Free Throw 1 of 2 (4 PTS)",null,null,"81 - 97","16"],["0041400314",422,8,0,3,"11:03 PM","0:32","SUB: Ariza FOR Prigioni",null,null,null,null],["0041400314",423,3,12,3,"11:03 PM","0:32","MISS Capela Free Throw 2 of 2",null,null,null,null],["0041400314",425,4,0,3,"11:04 PM","0:32",null,null,"Iguodala REBOUND (Off:1 Def:2)",null,null],["0041400314",426,1,1,3,"11:04 PM","0:09",null,null,"Barbosa 25' 3PT Jump Shot (10 PTS) (Curry 2 AST)","84 - 97","13"],["0041400314",427,2,1,3,"11:04 PM","0:02","MISS Harden 26' 3PT Jump Shot",null,"Iguodala BLOCK (2 BLK)",null,null],["0041400314",428,4,0,3,"11:04 PM","0:01","Jones REBOUND (Off:1 Def:3)",null,null,null,null],["0041400314",429,1,87,3,"11:04 PM","0:00","Jones  Putback Dunk (9 PTS)",null,null,"84 - 99","15"],["0041400314",431,18,0,3,"11:05 PM","0:00",null,null,null,null,null],["0041400314",433,13,0,3,"11:05 PM","0:00",null,null,null,"84 - 99","15"],["0041400314",435,12,0,4,"11:08 PM","12:00",null,null,null,"84 - 99","15"],["0041400314",436,5,1,4,"11:08 PM","11:40","Prigioni STEAL (1 STL)",null,"Thompson Bad Pass Turnover (P3.T13)",null,null],["0041400314",437,2,1,4,"11:09 PM","11:34","MISS Ariza 26' 3PT Jump Shot",null,null,null,null],["0041400314",438,4,0,4,"11:09 PM","11:34",null,null,"Bogut REBOUND (Off:0 Def:8)",null,null],["0041400314",439,1,5,4,"11:09 PM","11:28",null,null,"Barbosa 2' Layup (12 PTS) (Thompson 2 AST)","86 - 99","13"],["0041400314",440,5,13,4,"11:09 PM","11:14","Prigioni Backcourt Turnover (P2.T15)",null,null,null,null],["0041400314",441,1,1,4,"11:09 PM","11:06",null,null,"Barnes 25' 3PT Jump Shot (12 PTS) (Curry 3 AST)","89 - 99","10"],["0041400314",442,6,1,4,"11:10 PM","10:49",null,null,"Thompson P.FOUL (P3.T1) (M.Callahan)",null,null],["0041400314",443,1,5,4,"11:10 PM","10:40","Jones 1' Layup (11 PTS)",null,null,"89 - 101","12"],["0041400314",444,6,2,4,"11:10 PM","10:40",null,null,"Bogut S.FOUL (P4.T2) (T.Washington)",null,null],["0041400314",445,3,10,4,"11:10 PM","10:40","Jones Free Throw 1 of 1 (12 PTS)",null,null,"89 - 102","13"],["0041400314",448,1,1,4,"11:11 PM","10:29",null,null,"Thompson 25' 3PT Jump Shot (19 PTS) (Bogut 4 AST)","92 - 102","10"],["0041400314",449,2,1,4,"11:11 PM","10:04","MISS Brewer 27' 3PT Jump Shot",null,null,null,null],["0041400314",450,4,0,4,"11:11 PM","10:03",null,null,"Barbosa REBOUND (Off:0 Def:1)",null,null],["0041400314",451,2,5,4,"11:11 PM","9:54",null,null,"MISS Barbosa 3' Layup",null,null],["0041400314",452,4,0,4,"11:11 PM","9:52","Jones REBOUND (Off:1 Def:4)",null,null,null,null],["0041400314",453,2,86,4,"11:12 PM","9:39","MISS Jones 7' Turnaround Fadeaway Shot",null,null,null,null],["0041400314",454,4,0,4,"11:12 PM","9:38",null,null,"Barnes REBOUND (Off:1 Def:2)",null,null],["0041400314",455,1,79,4,"11:12 PM","9:28",null,null,"Thompson 25' 3PT Pullup Jump Shot (22 PTS)","95 - 102","7"],["0041400314",456,9,1,4,"11:12 PM","9:27","ROCKETS Timeout: Regular (Full 4 Short 1)",null,null,null,null],["0041400314",458,8,0,4,"11:14 PM","9:27","SUB: Smith FOR Prigioni",null,null,null,null],["0041400314",459,8,0,4,"11:14 PM","9:27","SUB: Harden FOR Jones",null,null,null,null],["0041400314",460,8,0,4,"11:14 PM","9:27","SUB: Terry FOR Brewer",null,null,null,null],["0041400314",462,1,80,4,"11:15 PM","9:09","Harden 16' Step Back Jump Shot (30 PTS)",null,null,"95 - 104","9"],["0041400314",463,5,2,4,"11:16 PM","8:55","Howard STEAL (2 STL)",null,"Thompson Lost Ball Turnover (P4.T14)",null,null],["0041400314",464,6,1,4,"11:16 PM","8:54",null,null,"Thompson P.FOUL (P4.T3) (T.Washington)",null,null],["0041400314",465,8,0,4,"11:16 PM","8:54",null,null,"SUB: Green FOR Bogut",null,null],["0041400314",466,2,1,4,"11:16 PM","8:36","MISS Harden 6' Jump Shot",null,"Green BLOCK (5 BLK)",null,null],["0041400314",467,4,0,4,"11:16 PM","8:35","Harden REBOUND (Off:2 Def:5)",null,null,null,null],["0041400314",468,5,1,4,"11:16 PM","8:33","Harden Bad Pass Turnover (P3.T16)",null,null,null,null],["0041400314",469,1,79,4,"11:17 PM","8:24",null,null,"Curry 26' 3PT Pullup Jump Shot (15 PTS)","98 - 104","6"],["0041400314",470,2,1,4,"11:17 PM","8:08","MISS Terry 25' 3PT Jump Shot",null,null,null,null],["0041400314",471,4,0,4,"11:17 PM","8:07",null,null,"Barbosa REBOUND (Off:0 Def:2)",null,null],["0041400314",472,2,1,4,"11:17 PM","7:52",null,null,"MISS Barbosa 24' 3PT Jump Shot",null,null],["0041400314",473,4,0,4,"11:17 PM","7:51","Howard REBOUND (Off:1 Def:9)",null,null,null,null],["0041400314",474,6,2,4,"11:18 PM","7:31",null,null,"Green S.FOUL (P4.T4) (J.Crawford)",null,null],["0041400314",475,3,11,4,"11:18 PM","7:31","Harden Free Throw 1 of 2 (31 PTS)",null,null,"98 - 105","7"],["0041400314",477,8,0,4,"11:18 PM","7:31",null,null,"SUB: Iguodala FOR Barbosa",null,null],["0041400314",478,3,12,4,"11:18 PM","7:31","Harden Free Throw 2 of 2 (32 PTS)",null,null,"98 - 106","8"],["0041400314",481,2,42,4,"11:19 PM","7:18",null,null,"MISS Curry 1' Driving Layup",null,null],["0041400314",482,4,0,4,"11:19 PM","7:17",null,null,"Curry REBOUND (Off:1 Def:0)",null,null],["0041400314",483,6,3,4,"11:19 PM","7:17","Ariza L.B.FOUL (P2.T1) (J.Crawford)",null,null,null,null],["0041400314",484,2,1,4,"11:19 PM","7:08",null,null,"MISS Iguodala 26' 3PT Jump Shot",null,null],["0041400314",485,4,0,4,"11:19 PM","7:07","Harden REBOUND (Off:2 Def:6)",null,null,null,null],["0041400314",486,1,79,4,"11:19 PM","7:00","Harden 26' 3PT Pullup Jump Shot (35 PTS)",null,null,"98 - 109","11"],["0041400314",487,5,2,4,"11:20 PM","6:43","Harden STEAL (2 STL)",null,"Green Lost Ball Turnover (P3.T15)",null,null],["0041400314",488,1,5,4,"11:20 PM","6:39","Harden 1' Layup (37 PTS) (Smith 5 AST)",null,null,"98 - 111","13"],["0041400314",489,9,1,4,"11:20 PM","6:37",null,null,"Warriors Timeout: Regular (Reg.4 Short 1)",null,null],["0041400314",493,2,1,4,"11:23 PM","6:20","Smith BLOCK (1 BLK)",null,"MISS Green 6' Jump Shot",null,null],["0041400314",494,4,0,4,"11:23 PM","6:18",null,null,"Barnes REBOUND (Off:2 Def:2)",null,null],["0041400314",495,2,78,4,"11:23 PM","6:14",null,null,"MISS Thompson 15' Floating Jump Shot",null,null],["0041400314",496,4,0,4,"11:23 PM","6:14","ROCKETS Rebound",null,null,null,null],["0041400314",497,6,3,4,"11:23 PM","6:14",null,null,"Green L.B.FOUL (P5.PN) (T.Washington)",null,null],["0041400314",498,3,11,4,"11:24 PM","6:14","MISS Smith Free Throw 1 of 2",null,null,null,null],["0041400314",499,4,1,4,"11:24 PM","6:14","ROCKETS Rebound",null,null,null,null],["0041400314",500,3,12,4,"11:24 PM","6:14","MISS Smith Free Throw 2 of 2",null,null,null,null],["0041400314",502,4,0,4,"11:24 PM","6:14",null,null,"Green REBOUND (Off:3 Def:10)",null,null],["0041400314",503,2,79,4,"11:25 PM","5:53",null,null,"MISS Barnes 11' Pullup Jump Shot",null,null],["0041400314",504,4,0,4,"11:25 PM","5:52","Howard REBOUND (Off:1 Def:10)",null,null,null,null],["0041400314",506,6,28,4,"11:25 PM","5:46",null,null,"Barnes Personal Take Foul (P1.PN) (J.Crawford)",null,null],["0041400314",507,3,11,4,"11:25 PM","5:46","Smith Free Throw 1 of 2 (18 PTS)",null,null,"98 - 112","14"],["0041400314",509,3,12,4,"11:26 PM","5:46","MISS Smith Free Throw 2 of 2",null,null,null,null],["0041400314",511,4,0,4,"11:26 PM","5:46",null,null,"Iguodala REBOUND (Off:1 Def:3)",null,null],["0041400314",512,2,44,4,"11:26 PM","5:30","Smith BLOCK (2 BLK)",null,"MISS Thompson 1' Reverse Layup",null,null],["0041400314",513,4,0,4,"11:26 PM","5:29","Harden REBOUND (Off:2 Def:7)",null,null,null,null],["0041400314",514,2,1,4,"11:26 PM","5:22","MISS Smith 25' 3PT Jump Shot",null,null,null,null],["0041400314",515,4,0,4,"11:26 PM","5:21",null,null,"Iguodala REBOUND (Off:1 Def:4)",null,null],["0041400314",516,2,79,4,"11:26 PM","5:15",null,null,"MISS Curry 26' 3PT Pullup Jump Shot",null,null],["0041400314",517,4,0,4,"11:26 PM","5:14","Smith REBOUND (Off:0 Def:6)",null,null,null,null],["0041400314",518,1,52,4,"11:27 PM","5:01","Howard  Alley Oop Dunk (14 PTS) (Harden 4 AST)",null,null,"98 - 114","16"],["0041400314",519,2,1,4,"11:27 PM","4:48",null,null,"MISS Thompson 25' 3PT Jump Shot",null,null],["0041400314",520,4,0,4,"11:27 PM","4:47","Howard REBOUND (Off:1 Def:11)",null,null,null,null],["0041400314",521,6,28,4,"11:27 PM","4:40",null,null,"Barnes Personal Take Foul (P2.PN) (T.Washington)",null,null],["0041400314",522,3,11,4,"11:27 PM","4:40","MISS Smith Free Throw 1 of 2",null,null,null,null],["0041400314",523,4,1,4,"11:27 PM","4:40","ROCKETS Rebound",null,null,null,null],["0041400314",524,3,12,4,"11:27 PM","4:40","MISS Smith Free Throw 2 of 2",null,null,null,null],["0041400314",526,4,0,4,"11:28 PM","4:40",null,null,"Barnes REBOUND (Off:2 Def:3)",null,null],["0041400314",527,1,1,4,"11:28 PM","4:29",null,null,"Curry 25' 3PT Jump Shot (18 PTS) (Barnes 3 AST)","101 - 114","13"],["0041400314",528,6,28,4,"11:28 PM","4:24",null,null,"Barnes Personal Take Foul (P3.PN) (T.Washington)",null,null],["0041400314",529,3,11,4,"11:28 PM","4:24","Smith Free Throw 1 of 2 (19 PTS)",null,null,"101 - 115","14"],["0041400314",531,3,12,4,"11:28 PM","4:24","MISS Smith Free Throw 2 of 2",null,null,null,null],["0041400314",533,4,0,4,"11:29 PM","4:24",null,null,"Iguodala REBOUND (Off:1 Def:5)",null,null],["0041400314",534,2,1,4,"11:29 PM","4:12",null,null,"MISS Iguodala 25' 3PT Jump Shot",null,null],["0041400314",535,4,0,4,"11:29 PM","4:11","Terry REBOUND (Off:0 Def:4)",null,null,null,null],["0041400314",536,6,28,4,"11:29 PM","4:09",null,null,"Thompson Personal Take Foul (P5.PN) (M.Callahan)",null,null],["0041400314",537,3,11,4,"11:29 PM","4:09","Smith Free Throw 1 of 2 (20 PTS)",null,null,"101 - 116","15"],["0041400314",539,8,0,4,"11:29 PM","4:09",null,null,"SUB: Barbosa FOR Iguodala",null,null],["0041400314",540,3,12,4,"11:30 PM","4:09","MISS Smith Free Throw 2 of 2",null,null,null,null],["0041400314",542,4,0,4,"11:30 PM","4:09",null,null,"Thompson REBOUND (Off:1 Def:2)",null,null],["0041400314",543,1,42,4,"11:30 PM","3:59",null,null,"Thompson 2' Driving Layup (24 PTS)","103 - 116","13"],["0041400314",544,6,28,4,"11:30 PM","3:53",null,null,"Curry Personal Take Foul (P3.PN) (M.Callahan)",null,null],["0041400314",545,3,11,4,"11:30 PM","3:53","MISS Smith Free Throw 1 of 2",null,null,null,null],["0041400314",546,4,1,4,"11:30 PM","3:53","ROCKETS Rebound",null,null,null,null],["0041400314",547,3,12,4,"11:31 PM","3:53","MISS Smith Free Throw 2 of 2",null,null,null,null],["0041400314",549,4,0,4,"11:31 PM","3:53",null,null,"Green REBOUND (Off:3 Def:11)",null,null],["0041400314",550,6,28,4,"11:31 PM","3:51","Ariza Personal Take Foul (P3.T2) (T.Washington)",null,null,null,null],["0041400314",551,8,0,4,"11:31 PM","3:51","SUB: Jones FOR Smith",null,null,null,null],["0041400314",552,8,0,4,"11:31 PM","3:51","SUB: Brewer FOR Howard",null,null,null,null],["0041400314",553,1,80,4,"11:32 PM","3:44",null,null,"Curry 25' 3PT Step Back Jump Shot (21 PTS)","106 - 116","10"],["0041400314",554,2,1,4,"11:32 PM","3:19","MISS Terry 25' 3PT Jump Shot",null,null,null,null],["0041400314",555,4,0,4,"11:32 PM","3:18",null,null,"Green REBOUND (Off:3 Def:12)",null,null],["0041400314",556,6,1,4,"11:32 PM","3:13","Brewer P.FOUL (P1.T3) (J.Crawford)",null,null,null,null],["0041400314",557,2,1,4,"11:33 PM","3:10",null,null,"MISS Curry 24' 3PT Jump Shot",null,null],["0041400314",558,4,0,4,"11:33 PM","3:09","ROCKETS Rebound",null,null,null,null],["0041400314",559,6,3,4,"11:33 PM","3:09",null,null,"Green L.B.FOUL (P6.PN) (T.Washington)",null,null],["0041400314",560,8,0,4,"11:34 PM","3:09",null,null,"SUB: Iguodala FOR Green",null,null],["0041400314",561,3,11,4,"11:34 PM","3:09","Harden Free Throw 1 of 2 (38 PTS)",null,null,"106 - 117","11"],["0041400314",563,3,12,4,"11:34 PM","3:09","Harden Free Throw 2 of 2 (39 PTS)",null,null,"106 - 118","12"],["0041400314",565,1,47,4,"11:35 PM","2:49",null,null,"Barnes 6' Turnaround Jump Shot (14 PTS) (Barbosa 2 AST)","108 - 118","10"],["0041400314",566,2,1,4,"11:35 PM","2:24","MISS Jones 7' Jump Shot",null,"Iguodala BLOCK (3 BLK)",null,null],["0041400314",567,4,0,4,"11:35 PM","2:23",null,null,"Iguodala REBOUND (Off:1 Def:6)",null,null],["0041400314",568,6,1,4,"11:35 PM","2:23","Jones P.FOUL (P3.T4) (J.Crawford)",null,null,null,null],["0041400314",570,9,4,4,"11:36 PM","2:23",null,null,null,null,null],["0041400314",575,1,7,4,"11:38 PM","2:11",null,null,"Iguodala  Dunk (10 PTS) (Curry 4 AST)","110 - 118","8"],["0041400314",576,1,80,4,"11:39 PM","1:42","Harden 25' 3PT Step Back Jump Shot (42 PTS)",null,null,"110 - 121","11"],["0041400314",577,1,82,4,"11:39 PM","1:35",null,null,"Curry 10' Driving Bank Shot (23 PTS)","112 - 121","9"],["0041400314",578,5,1,4,"11:39 PM","1:19","Terry Bad Pass Turnover (P1.T17)",null,"Thompson STEAL (2 STL)",null,null],["0041400314",579,2,1,4,"11:39 PM","1:12",null,null,"MISS Thompson 26' 3PT Jump Shot",null,null],["0041400314",580,4,0,4,"11:39 PM","1:11","Terry REBOUND (Off:0 Def:5)",null,null,null,null],["0041400314",581,1,5,4,"11:40 PM","1:07","Jones 1' Layup (14 PTS) (Harden 5 AST)",null,null,"112 - 123","11"],["0041400314",582,9,1,4,"11:40 PM","1:07",null,null,"Warriors Timeout: Regular (Reg.5 Short 1)",null,null],["0041400314",587,2,1,4,"11:42 PM","1:03",null,null,"MISS Thompson 25' 3PT Jump Shot",null,null],["0041400314",588,4,0,4,"11:42 PM","1:01","Terry REBOUND (Off:0 Def:6)",null,null,null,null],["0041400314",589,1,7,4,"11:42 PM","0:57","Ariza  Dunk (17 PTS) (Terry 4 AST)",null,null,"112 - 125","13"],["0041400314",590,2,5,4,"11:42 PM","0:50","Ariza BLOCK (1 BLK)",null,"MISS Curry  Layup",null,null],["0041400314",591,4,0,4,"11:42 PM","0:49","Brewer REBOUND (Off:0 Def:2)",null,null,null,null],["0041400314",592,1,80,4,"11:43 PM","0:25","Harden 25' 3PT Step Back Jump Shot (45 PTS)",null,null,"112 - 128","16"],["0041400314",593,1,79,4,"11:43 PM","0:20",null,null,"Iguodala 25' 3PT Pullup Jump Shot (13 PTS)","115 - 128","13"],["0041400314",594,13,0,4,"11:43 PM","0:00",null,null,null,"115 - 128","13"]]},{"name":"AvailableVideo","headers":["VIDEO_AVAILABLE_FLAG"],"rowSet":[[1]]}]}