{"resource":"playbyplay","parameters":{"GameID":"0041400212","StartPeriod":0,"EndPeriod":14},"resultSets":[{"name":"PlayByPlay","headers":["GAME_ID","EVENTNUM","EVENTMSGTYPE","EVENTMSGACTIONTYPE","PERIOD","WCTIMESTRING","PCTIMESTRING","HOMEDESCRIPTION","NEUTRALDESCRIPTION","VISITORDESCRIPTION","SCORE","SCOREMARGIN"],"rowSet":[["0041400212",0,12,0,1,"7:04 PM","12:00",null,null,null,null,null],["0041400212",1,10,0,1,"7:04 PM","12:00","Jump Ball Mozgov vs. Gasol: Tip to Rose",null,null,null,null],["0041400212",2,2,46,1,"7:04 PM","11:36",null,null,"MISS Rose 7' Running Jump Shot",null,null],["0041400212",3,4,0,1,"7:04 PM","11:33","Mozgov REBOUND (Off:0 Def:1)",null,null,null,null],["0041400212",4,2,1,1,"7:05 PM","11:20","MISS Mozgov 19' Jump Shot",null,null,null,null],["0041400212",5,4,0,1,"7:05 PM","11:19",null,null,"Butler REBOUND (Off:0 Def:1)",null,null],["0041400212",6,5,1,1,"7:05 PM","11:05","Mozgov STEAL (1 STL)",null,"Dunleavy Bad Pass Turnover (P1.T1)",null,null],["0041400212",7,6,1,1,"7:05 PM","11:00",null,null,"Rose P.FOUL (P1.T1) (J.Williams)",null,null],["0041400212",8,1,65,1,"7:06 PM","10:47","Mozgov 1' Jump Hook Shot (2 PTS) (James 1 AST)",null,null,"0 - 2","2"],["0041400212",9,1,44,1,"7:06 PM","10:30",null,null,"Dunleavy  Reverse Layup (2 PTS) (Noah 1 AST)","2 - 2","TIE"],["0041400212",10,2,47,1,"7:06 PM","10:09","MISS Mozgov 11' Turnaround Jump Shot",null,null,null,null],["0041400212",11,4,0,1,"7:06 PM","10:09",null,null,"Bulls Rebound",null,null],["0041400212",12,6,3,1,"7:06 PM","10:09","Thompson L.B.FOUL (P1.T1) (M.McCutchen)",null,null,null,null],["0041400212",13,5,1,1,"7:07 PM","9:55","Shumpert STEAL (1 STL)",null,"Rose Bad Pass Turnover (P1.T2)",null,null],["0041400212",14,1,1,1,"7:07 PM","9:47","Shumpert 27' 3PT Jump Shot (3 PTS) (James 2 AST)",null,null,"2 - 5","3"],["0041400212",16,5,39,1,"7:07 PM","9:37",null,null,"Dunleavy Step Out of Bounds Turnover (P2.T3)",null,null],["0041400212",17,1,56,1,"7:08 PM","9:19","James 5' Running Hook Shot (2 PTS)",null,null,"2 - 7","5"],["0041400212",18,6,2,1,"7:08 PM","9:10","James S.FOUL (P1.T2) (J.Capers)",null,null,null,null],["0041400212",19,3,11,1,"7:08 PM","9:10",null,null,"MISS Noah Free Throw 1 of 2",null,null],["0041400212",20,4,1,1,"7:08 PM","9:10",null,null,"Bulls Rebound",null,null],["0041400212",21,3,12,1,"7:08 PM","9:10",null,null,"MISS Noah Free Throw 2 of 2",null,null],["0041400212",23,4,0,1,"7:09 PM","9:09","Shumpert REBOUND (Off:0 Def:1)",null,null,null,null],["0041400212",24,5,1,1,"7:09 PM","8:50","Irving Bad Pass Turnover (P1.T1)",null,"Dunleavy STEAL (1 STL)",null,null],["0041400212",25,5,1,1,"7:09 PM","8:45","Irving STEAL (1 STL)",null,"Dunleavy Bad Pass Turnover (P3.T4)",null,null],["0041400212",26,5,1,1,"7:09 PM","8:40","James Bad Pass Turnover (P1.T2)",null,"Gasol STEAL (1 STL)",null,null],["0041400212",27,2,1,1,"7:09 PM","8:22",null,null,"MISS Dunleavy 28' 3PT Jump Shot",null,null],["0041400212",28,4,0,1,"7:09 PM","8:21","Mozgov REBOUND (Off:0 Def:2)",null,null,null,null],["0041400212",29,1,5,1,"7:10 PM","8:09","James 2' Layup (4 PTS)",null,null,"2 - 9","7"],["0041400212",30,6,2,1,"7:10 PM","8:09",null,null,"Noah S.FOUL (P1.T2) (J.Williams)",null,null],["0041400212",31,3,10,1,"7:10 PM","8:09","James Free Throw 1 of 1 (5 PTS)",null,null,"2 - 10","8"],["0041400212",33,2,46,1,"7:10 PM","7:57",null,null,"MISS Rose 8' Running Jump Shot",null,null],["0041400212",34,4,0,1,"7:10 PM","7:56",null,null,"Bulls Rebound",null,null],["0041400212",36,8,0,1,"7:11 PM","7:56","SUB: Miller FOR James",null,null,null,null],["0041400212",37,2,1,1,"7:11 PM","7:49",null,null,"MISS Dunleavy 19' Jump Shot",null,null],["0041400212",38,4,0,1,"7:11 PM","7:48",null,null,"Noah REBOUND (Off:1 Def:0)",null,null],["0041400212",39,2,1,1,"7:11 PM","7:43",null,null,"MISS Butler 25' 3PT Jump Shot",null,null],["0041400212",40,4,0,1,"7:11 PM","7:41","Shumpert REBOUND (Off:0 Def:2)",null,null,null,null],["0041400212",41,1,1,1,"7:11 PM","7:33","Shumpert 25' 3PT Jump Shot (6 PTS) (Irving 1 AST)",null,null,"2 - 13","11"],["0041400212",42,9,1,1,"7:11 PM","7:26",null,null,"Bulls Timeout: Regular (Reg.1 Short 0)",null,null],["0041400212",46,6,1,1,"7:15 PM","7:23","Miller P.FOUL (P1.T3) (M.McCutchen)",null,null,null,null],["0041400212",47,8,0,1,"7:15 PM","7:23",null,null,"SUB: Hinrich FOR Butler",null,null],["0041400212",48,2,47,1,"7:15 PM","7:12",null,null,"MISS Gasol 12' Turnaround Jump Shot",null,null],["0041400212",49,4,0,1,"7:15 PM","7:10","Mozgov REBOUND (Off:0 Def:3)",null,null,null,null],["0041400212",50,2,46,1,"7:15 PM","7:02","MISS Shumpert 7' Running Jump Shot",null,null,null,null],["0041400212",51,4,0,1,"7:16 PM","7:00",null,null,"Hinrich REBOUND (Off:0 Def:1)",null,null],["0041400212",52,2,1,1,"7:16 PM","6:50",null,null,"MISS Gasol 18' Jump Shot",null,null],["0041400212",53,4,0,1,"7:16 PM","6:48",null,null,"Rose REBOUND (Off:1 Def:0)",null,null],["0041400212",54,2,1,1,"7:16 PM","6:45",null,null,"MISS Rose 17' Jump Shot",null,null],["0041400212",55,4,0,1,"7:16 PM","6:43",null,null,"Rose REBOUND (Off:2 Def:0)",null,null],["0041400212",56,1,42,1,"7:16 PM","6:39",null,null,"Dunleavy  Driving Layup (4 PTS) (Rose 1 AST)","4 - 13","9"],["0041400212",57,6,2,1,"7:16 PM","6:39","Mozgov S.FOUL (P1.T4) (J.Capers)",null,null,null,null],["0041400212",58,8,0,1,"7:16 PM","6:39",null,null,"SUB: Butler FOR Hinrich",null,null],["0041400212",59,8,0,1,"7:16 PM","6:39","SUB: James FOR Miller",null,null,null,null],["0041400212",60,3,10,1,"7:16 PM","6:39",null,null,"Dunleavy Free Throw 1 of 1 (5 PTS)","5 - 13","8"],["0041400212",62,2,1,1,"7:17 PM","6:24","MISS James 25' 3PT Jump Shot",null,null,null,null],["0041400212",63,4,0,1,"7:17 PM","6:23","Mozgov REBOUND (Off:1 Def:3)",null,null,null,null],["0041400212",64,2,7,1,"7:17 PM","6:14","MISS Thompson  Dunk",null,null,null,null],["0041400212",65,4,0,1,"7:17 PM","6:12","Thompson REBOUND (Off:1 Def:0)",null,null,null,null],["0041400212",66,1,5,1,"7:17 PM","6:09","Mozgov  Layup (4 PTS) (Thompson 1 AST)",null,null,"5 - 15","10"],["0041400212",67,2,42,1,"7:17 PM","6:01",null,null,"MISS Rose 1' Driving Layup",null,null],["0041400212",68,4,0,1,"7:17 PM","5:59","James REBOUND (Off:0 Def:1)",null,null,null,null],["0041400212",69,6,2,1,"7:17 PM","5:59",null,null,"Noah S.FOUL (P2.T3) (J.Capers)",null,null],["0041400212",70,3,11,1,"7:18 PM","5:59","James Free Throw 1 of 2 (6 PTS)",null,null,"5 - 16","11"],["0041400212",72,8,0,1,"7:18 PM","5:59",null,null,"SUB: Gibson FOR Noah",null,null],["0041400212",73,3,12,1,"7:18 PM","5:59","James Free Throw 2 of 2 (7 PTS)",null,null,"5 - 17","12"],["0041400212",75,2,1,1,"7:18 PM","5:45",null,null,"MISS Butler 17' Jump Shot",null,null],["0041400212",76,4,0,1,"7:18 PM","5:44","Thompson REBOUND (Off:1 Def:1)",null,null,null,null],["0041400212",77,1,1,1,"7:18 PM","5:28","Shumpert  3PT Jump Shot (9 PTS) (James 3 AST)",null,null,"5 - 20","15"],["0041400212",78,6,1,1,"7:19 PM","5:15","Thompson P.FOUL (P2.PN) (M.McCutchen)",null,null,null,null],["0041400212",79,3,11,1,"7:19 PM","5:15",null,null,"MISS Butler Free Throw 1 of 2",null,null],["0041400212",80,4,1,1,"7:19 PM","5:15",null,null,"Bulls Rebound",null,null],["0041400212",81,8,0,1,"7:19 PM","5:15","SUB: Jones FOR Thompson",null,null,null,null],["0041400212",82,3,12,1,"7:19 PM","5:15",null,null,"Butler Free Throw 2 of 2 (1 PTS)","6 - 20","14"],["0041400212",84,2,1,1,"7:20 PM","5:03","MISS Irving 7' Jump Shot",null,"Butler BLOCK (1 BLK)",null,null],["0041400212",85,4,0,1,"7:20 PM","5:03","CAVALIERS Rebound",null,null,null,null],["0041400212",87,6,2,1,"7:20 PM","4:58",null,null,"Dunleavy S.FOUL (P1.T4) (J.Williams)",null,null],["0041400212",88,3,11,1,"7:20 PM","4:58","Shumpert Free Throw 1 of 2 (10 PTS)",null,null,"6 - 21","15"],["0041400212",90,8,0,1,"7:21 PM","4:58",null,null,"SUB: Hinrich FOR Dunleavy",null,null],["0041400212",91,8,0,1,"7:21 PM","4:58","SUB: Perkins FOR Mozgov",null,null,null,null],["0041400212",92,3,12,1,"7:21 PM","4:58","MISS Shumpert Free Throw 2 of 2",null,null,null,null],["0041400212",94,4,0,1,"7:21 PM","4:57",null,null,"Rose REBOUND (Off:2 Def:1)",null,null],["0041400212",95,5,1,1,"7:21 PM","4:46","Shumpert STEAL (2 STL)",null,"Gasol Bad Pass Turnover (P1.T5)",null,null],["0041400212",96,6,2,1,"7:21 PM","4:43",null,null,"Hinrich S.FOUL (P1.PN) (J.Capers)",null,null],["0041400212",97,3,11,1,"7:21 PM","4:43","MISS James Free Throw 1 of 2",null,null,null,null],["0041400212",98,4,1,1,"7:21 PM","4:43","CAVALIERS Rebound",null,null,null,null],["0041400212",99,8,0,1,"7:22 PM","4:43","SUB: Dellavedova FOR Irving",null,null,null,null],["0041400212",100,3,12,1,"7:22 PM","4:43","James Free Throw 2 of 2 (8 PTS)",null,null,"6 - 22","16"],["0041400212",102,5,40,1,"7:22 PM","4:34",null,null,"Butler Out of Bounds Lost Ball Turnover (P1.T6)",null,null],["0041400212",103,1,5,1,"7:22 PM","4:25","James 1' Layup (10 PTS) (Dellavedova 1 AST)",null,null,"6 - 24","18"],["0041400212",104,2,1,1,"7:23 PM","4:08",null,null,"MISS Gasol 16' Jump Shot",null,null],["0041400212",105,4,0,1,"7:23 PM","4:07","Shumpert REBOUND (Off:0 Def:3)",null,null,null,null],["0041400212",106,2,1,1,"7:23 PM","3:59","MISS James 19' Jump Shot",null,null,null,null],["0041400212",107,4,0,1,"7:23 PM","3:58",null,null,"Gasol REBOUND (Off:0 Def:1)",null,null],["0041400212",108,1,7,1,"7:23 PM","3:50",null,null,"Gibson  Dunk (2 PTS) (Rose 2 AST)","8 - 24","16"],["0041400212",109,5,1,1,"7:23 PM","3:33","Dellavedova Bad Pass Turnover (P1.T3)",null,"Gasol STEAL (2 STL)",null,null],["0041400212",111,6,2,1,"7:23 PM","3:30","Jones S.FOUL (P1.PN) (J.Williams)",null,null,null,null],["0041400212",112,3,11,1,"7:24 PM","3:30",null,null,"MISS Gibson Free Throw 1 of 2",null,null],["0041400212",113,4,1,1,"7:24 PM","3:30",null,null,"Bulls Rebound",null,null],["0041400212",115,8,0,1,"7:24 PM","3:30",null,null,"SUB: Brooks FOR Rose",null,null],["0041400212",116,3,12,1,"7:24 PM","3:30",null,null,"Gibson Free Throw 2 of 2 (3 PTS)","9 - 24","15"],["0041400212",119,1,1,1,"7:24 PM","3:14","James 17' Jump Shot (12 PTS)",null,null,"9 - 26","17"],["0041400212",120,1,47,1,"7:25 PM","2:55",null,null,"Gibson 14' Turnaround Jump Shot (5 PTS)","11 - 26","15"],["0041400212",121,1,1,1,"7:25 PM","2:40","Dellavedova 6' Jump Shot (2 PTS)",null,null,"11 - 28","17"],["0041400212",122,1,1,1,"7:25 PM","2:18",null,null,"Hinrich 24' 3PT Jump Shot (3 PTS) (Butler 1 AST)","14 - 28","14"],["0041400212",123,9,1,1,"7:26 PM","2:11","CAVALIERS Timeout: Regular (Full 1 Short 0)",null,null,null,null],["0041400212",126,8,0,1,"7:28 PM","2:11","SUB: Irving FOR Shumpert",null,null,null,null],["0041400212",127,1,1,1,"7:29 PM","2:00","James 17' Jump Shot (14 PTS)",null,null,"14 - 30","16"],["0041400212",128,2,5,1,"7:29 PM","1:46",null,null,"MISS Gasol 1' Layup",null,null],["0041400212",129,4,0,1,"7:29 PM","1:45","Jones REBOUND (Off:0 Def:1)",null,null,null,null],["0041400212",130,1,1,1,"7:30 PM","1:32","Irving 25' 3PT Jump Shot (3 PTS) (Dellavedova 2 AST)",null,null,"14 - 33","19"],["0041400212",131,5,40,1,"7:30 PM","1:08",null,null,"Gasol Out of Bounds Lost Ball Turnover (P2.T7)",null,null],["0041400212",132,1,1,1,"7:31 PM","0:43","Jones 24' 3PT Jump Shot (3 PTS) (Dellavedova 3 AST)",null,null,"14 - 36","22"],["0041400212",134,6,2,1,"7:31 PM","0:33","Perkins S.FOUL (P1.PN) (J.Williams)",null,null,null,null],["0041400212",135,3,11,1,"7:31 PM","0:33",null,null,"Butler Free Throw 1 of 2 (2 PTS)","15 - 36","21"],["0041400212",137,3,12,1,"7:31 PM","0:33",null,null,"Butler Free Throw 2 of 2 (3 PTS)","16 - 36","20"],["0041400212",139,6,2,1,"7:32 PM","0:18",null,null,"Brooks S.FOUL (P1.PN) (J.Williams)",null,null],["0041400212",140,3,11,1,"7:32 PM","0:18","Irving Free Throw 1 of 2 (4 PTS)",null,null,"16 - 37","21"],["0041400212",142,8,0,1,"7:32 PM","0:18","SUB: Shumpert FOR James",null,null,null,null],["0041400212",143,8,0,1,"7:32 PM","0:18",null,null,"SUB: Rose FOR Hinrich",null,null],["0041400212",144,3,12,1,"7:33 PM","0:18","Irving Free Throw 2 of 2 (5 PTS)",null,null,"16 - 38","22"],["0041400212",146,1,66,1,"7:33 PM","0:00",null,null,"Rose 14' Jump Bank Shot (2 PTS)","18 - 38","20"],["0041400212",149,18,0,1,"7:33 PM","0:00",null,null,null,null,null],["0041400212",147,13,0,1,"7:33 PM","0:00",null,null,null,"18 - 38","20"],["0041400212",150,12,0,2,"7:37 PM","12:00",null,null,null,"18 - 38","20"],["0041400212",151,2,1,2,"7:38 PM","11:36","MISS Jones 26' 3PT Jump Shot",null,null,null,null],["0041400212",152,4,0,2,"7:38 PM","11:35",null,null,"Brooks REBOUND (Off:0 Def:1)",null,null],["0041400212",153,1,7,2,"7:38 PM","11:32",null,null,"Gibson  Dunk (7 PTS) (Brooks 1 AST)","20 - 38","18"],["0041400212",154,6,2,2,"7:38 PM","11:13",null,null,"Dunleavy S.FOUL (P2.T1) (J.Williams)",null,null],["0041400212",155,3,11,2,"7:38 PM","11:13","MISS Perkins Free Throw 1 of 2",null,null,null,null],["0041400212",156,4,1,2,"7:38 PM","11:13","CAVALIERS Rebound",null,null,null,null],["0041400212",157,3,12,2,"7:38 PM","11:13","MISS Perkins Free Throw 2 of 2",null,null,null,null],["0041400212",159,4,0,2,"7:39 PM","11:12",null,null,"Gibson REBOUND (Off:0 Def:1)",null,null],["0041400212",160,1,1,2,"7:39 PM","10:55",null,null,"Rose 25' 3PT Jump Shot (5 PTS) (Brooks 2 AST)","23 - 38","15"],["0041400212",161,1,5,2,"7:39 PM","10:42","Irving  Layup (7 PTS)",null,null,"23 - 40","17"],["0041400212",162,2,1,2,"7:40 PM","10:19","Perkins BLOCK (1 BLK)",null,"MISS Brooks 12' Jump Shot",null,null],["0041400212",163,4,0,2,"7:40 PM","10:17","Perkins REBOUND (Off:0 Def:1)",null,null,null,null],["0041400212",164,2,1,2,"7:40 PM","10:11","MISS Irving 27' 3PT Jump Shot",null,null,null,null],["0041400212",165,4,0,2,"7:40 PM","10:10",null,null,"Dunleavy REBOUND (Off:0 Def:1)",null,null],["0041400212",166,1,8,2,"7:40 PM","10:01",null,null,"Gibson  Slam Dunk (9 PTS) (Rose 3 AST)","25 - 40","15"],["0041400212",167,1,1,2,"7:40 PM","9:36","Jones 26' 3PT Jump Shot (6 PTS) (Dellavedova 4 AST)",null,null,"25 - 43","18"],["0041400212",169,1,46,2,"7:41 PM","9:21",null,null,"Rose 8' Running Jump Shot (7 PTS)","27 - 43","16"],["0041400212",170,6,2,2,"7:41 PM","9:05",null,null,"Rose S.FOUL (P2.T2) (J.Capers)",null,null],["0041400212",171,3,11,2,"7:41 PM","9:05","Irving Free Throw 1 of 2 (8 PTS)",null,null,"27 - 44","17"],["0041400212",173,8,0,2,"7:41 PM","9:05",null,null,"SUB: Butler FOR Brooks",null,null],["0041400212",174,8,0,2,"7:42 PM","9:05","SUB: Thompson FOR Perkins",null,null,null,null],["0041400212",175,8,0,2,"7:42 PM","9:05","SUB: Mozgov FOR Jones",null,null,null,null],["0041400212",176,3,12,2,"7:42 PM","9:05","Irving Free Throw 2 of 2 (9 PTS)",null,null,"27 - 45","18"],["0041400212",178,5,2,2,"7:42 PM","8:54","Shumpert STEAL (3 STL)",null,"Butler Lost Ball Turnover (P2.T8)",null,null],["0041400212",179,2,7,2,"7:42 PM","8:50","MISS Mozgov  Dunk",null,null,null,null],["0041400212",180,4,0,2,"7:42 PM","8:47","Shumpert REBOUND (Off:1 Def:3)",null,null,null,null],["0041400212",181,1,1,2,"7:42 PM","8:32","Dellavedova 27' 3PT Jump Shot (5 PTS) (Irving 2 AST)",null,null,"27 - 48","21"],["0041400212",182,2,1,2,"7:43 PM","8:13","Mozgov BLOCK (1 BLK)",null,"MISS Butler 6' Jump Shot",null,null],["0041400212",184,4,0,2,"7:43 PM","8:11",null,null,"Noah REBOUND (Off:2 Def:0)",null,null],["0041400212",183,1,4,2,"7:43 PM","8:11",null,null,"Noah 1' Tip Shot (2 PTS)","29 - 48","19"],["0041400212",185,2,1,2,"7:43 PM","7:51","MISS Shumpert 20' Jump Shot",null,null,null,null],["0041400212",186,4,0,2,"7:43 PM","7:50",null,null,"Noah REBOUND (Off:2 Def:1)",null,null],["0041400212",187,2,1,2,"7:43 PM","7:43",null,null,"MISS Rose 18' Jump Shot",null,null],["0041400212",188,4,0,2,"7:43 PM","7:42","Mozgov REBOUND (Off:1 Def:4)",null,null,null,null],["0041400212",189,2,1,2,"7:43 PM","7:34","MISS Irving 26' 3PT Jump Shot",null,null,null,null],["0041400212",190,4,0,2,"7:43 PM","7:33",null,null,"Rose REBOUND (Off:2 Def:2)",null,null],["0041400212",191,1,5,2,"7:43 PM","7:32",null,null,"Butler 1' Layup (5 PTS) (Rose 4 AST)","31 - 48","17"],["0041400212",192,6,2,2,"7:43 PM","7:32","Irving S.FOUL (P1.T1) (M.McCutchen)",null,null,null,null],["0041400212",193,9,4,2,"7:44 PM","7:32",null,null,null,null,null],["0041400212",196,8,0,2,"7:46 PM","7:32","SUB: James FOR Irving",null,null,null,null],["0041400212",197,3,10,2,"7:47 PM","7:32",null,null,"Butler Free Throw 1 of 1 (6 PTS)","32 - 48","16"],["0041400212",199,10,0,2,"7:48 PM","7:16","Jump Ball James vs. Gibson: Tip to",null,null,null,null],["0041400212",200,2,1,2,"7:48 PM","7:11","MISS Shumpert 25' 3PT Jump Shot",null,null,null,null],["0041400212",201,4,0,2,"7:48 PM","7:11",null,null,"Bulls Rebound",null,null],["0041400212",202,6,3,2,"7:48 PM","7:11","Mozgov L.B.FOUL (P2.T2) (J.Williams)",null,null,null,null],["0041400212",203,2,1,2,"7:49 PM","6:58",null,null,"MISS Rose 25' 3PT Jump Shot",null,null],["0041400212",204,4,0,2,"7:49 PM","6:57",null,null,"Noah REBOUND (Off:3 Def:1)",null,null],["0041400212",205,2,66,2,"7:49 PM","6:52",null,null,"MISS Rose 11' Jump Bank Shot",null,null],["0041400212",210,4,0,2,"7:49 PM","6:50",null,null,"Noah REBOUND (Off:4 Def:1)",null,null],["0041400212",212,2,53,2,"7:49 PM","6:50",null,null,"MISS Noah 1' Tip Shot",null,null],["0041400212",206,4,0,2,"7:49 PM","6:49","James REBOUND (Off:0 Def:2)",null,null,null,null],["0041400212",207,1,42,2,"7:49 PM","6:41","James 1' Driving Layup (16 PTS)",null,null,"32 - 50","18"],["0041400212",208,1,80,2,"7:49 PM","6:21",null,null,"Butler 25' 3PT Step Back Jump Shot (9 PTS) (Noah 2 AST)","35 - 50","15"],["0041400212",209,1,1,2,"7:50 PM","6:03","Shumpert 25' 3PT Jump Shot (13 PTS) (Dellavedova 5 AST)",null,null,"35 - 53","18"],["0041400212",211,1,48,2,"7:50 PM","5:34",null,null,"Dunleavy  Dunk (7 PTS) (Noah 3 AST)","37 - 53","16"],["0041400212",213,2,1,2,"7:50 PM","5:14","MISS Mozgov 17' Jump Shot",null,null,null,null],["0041400212",214,4,0,2,"7:50 PM","5:13","Thompson REBOUND (Off:2 Def:1)",null,null,null,null],["0041400212",215,6,1,2,"7:51 PM","5:13",null,null,"Gibson P.FOUL (P1.T3) (M.McCutchen)",null,null],["0041400212",217,9,1,2,"7:51 PM","5:13","CAVALIERS Timeout: Regular (Full 2 Short 0)",null,null,null,null],["0041400212",221,2,1,2,"7:54 PM","5:00","MISS James 15' Jump Shot",null,null,null,null],["0041400212",222,4,0,2,"7:54 PM","4:58","Shumpert REBOUND (Off:2 Def:3)",null,null,null,null],["0041400212",223,1,1,2,"7:54 PM","4:51","Dellavedova 26' 3PT Jump Shot (8 PTS) (Shumpert 1 AST)",null,null,"37 - 56","19"],["0041400212",224,6,2,2,"7:55 PM","4:36","Mozgov S.FOUL (P3.T3) (M.McCutchen)",null,null,null,null],["0041400212",225,3,11,2,"7:55 PM","4:36",null,null,"Butler Free Throw 1 of 2 (10 PTS)","38 - 56","18"],["0041400212",227,8,0,2,"7:55 PM","4:36",null,null,"SUB: Gasol FOR Noah",null,null],["0041400212",228,8,0,2,"7:55 PM","4:36","SUB: Irving FOR Mozgov",null,null,null,null],["0041400212",229,3,12,2,"7:55 PM","4:36",null,null,"Butler Free Throw 2 of 2 (11 PTS)","39 - 56","17"],["0041400212",231,2,1,2,"7:56 PM","4:13","MISS James 19' Jump Shot",null,null,null,null],["0041400212",232,4,0,2,"7:56 PM","4:12",null,null,"Dunleavy REBOUND (Off:0 Def:2)",null,null],["0041400212",233,2,46,2,"7:56 PM","4:04",null,null,"MISS Rose 6' Running Jump Shot",null,null],["0041400212",234,4,0,2,"7:56 PM","4:02","Thompson REBOUND (Off:2 Def:2)",null,null,null,null],["0041400212",235,1,42,2,"7:56 PM","3:56","James 1' Driving Layup (18 PTS)",null,null,"39 - 58","19"],["0041400212",236,6,4,2,"7:57 PM","3:42",null,null,"Gasol OFF.Foul (P1) (M.McCutchen)",null,null],["0041400212",237,5,5,2,"7:57 PM","3:42",null,null,"Gasol Foul Turnover (P3.T9)",null,null],["0041400212",238,1,88,2,"7:57 PM","3:23","James  Driving Slam Dunk (20 PTS)",null,null,"39 - 60","21"],["0041400212",239,9,1,2,"7:57 PM","3:16",null,null,"Bulls Timeout: Regular (Reg.2 Short 0)",null,null],["0041400212",243,2,47,2,"8:01 PM","3:06",null,null,"MISS Dunleavy 16' Turnaround Jump Shot",null,null],["0041400212",244,4,0,2,"8:01 PM","3:06","CAVALIERS Rebound",null,null,null,null],["0041400212",246,2,1,2,"8:02 PM","2:54","MISS James 19' Jump Shot",null,null,null,null],["0041400212",248,4,0,2,"8:02 PM","2:52","Thompson REBOUND (Off:3 Def:2)",null,null,null,null],["0041400212",247,2,4,2,"8:02 PM","2:52","MISS Thompson 2' Tip Shot",null,"Gibson BLOCK (1 BLK)",null,null],["0041400212",249,4,0,2,"8:02 PM","2:49",null,null,"Rose REBOUND (Off:2 Def:3)",null,null],["0041400212",250,2,42,2,"8:02 PM","2:44","James BLOCK (1 BLK)",null,"MISS Rose 1' Driving Layup",null,null],["0041400212",251,4,0,2,"8:02 PM","2:42","Thompson REBOUND (Off:3 Def:3)",null,null,null,null],["0041400212",252,2,44,2,"8:02 PM","2:31","MISS James 1' Reverse Layup",null,null,null,null],["0041400212",253,4,0,2,"8:02 PM","2:29",null,null,"Dunleavy REBOUND (Off:0 Def:3)",null,null],["0041400212",254,2,1,2,"8:02 PM","2:24",null,null,"MISS Butler 24' 3PT Jump Shot",null,null],["0041400212",255,4,0,2,"8:02 PM","2:21","James REBOUND (Off:0 Def:3)",null,null,null,null],["0041400212",256,2,1,2,"8:03 PM","2:10","MISS James 7' Jump Shot",null,"Rose BLOCK (1 BLK)",null,null],["0041400212",257,4,0,2,"8:03 PM","2:08",null,null,"Dunleavy REBOUND (Off:0 Def:4)",null,null],["0041400212",258,5,1,2,"8:03 PM","2:02","Irving STEAL (2 STL)",null,"Rose Bad Pass Turnover (P2.T10)",null,null],["0041400212",259,2,5,2,"8:03 PM","1:56","MISS James 3' Layup",null,null,null,null],["0041400212",261,4,0,2,"8:03 PM","1:54","James REBOUND (Off:1 Def:3)",null,null,null,null],["0041400212",260,1,5,2,"8:03 PM","1:54","James 1' Layup (22 PTS)",null,null,"39 - 62","23"],["0041400212",262,6,1,2,"8:03 PM","1:50","Shumpert P.FOUL (P1.T4) (J.Williams)",null,null,null,null],["0041400212",263,8,0,2,"8:03 PM","1:50","SUB: Perkins FOR James",null,null,null,null],["0041400212",264,8,0,2,"8:03 PM","1:50","SUB: Jones FOR Thompson",null,null,null,null],["0041400212",265,8,0,2,"8:04 PM","1:50",null,null,"SUB: Snell FOR Gibson",null,null],["0041400212",266,1,3,2,"8:04 PM","1:34",null,null,"Gasol 8' Hook Shot (2 PTS)","41 - 62","21"],["0041400212",267,1,1,2,"8:04 PM","1:18","Irving 21' Jump Shot (11 PTS)",null,null,"41 - 64","23"],["0041400212",268,6,2,2,"8:04 PM","1:11","Perkins S.FOUL (P2.PN) (J.Williams)",null,null,null,null],["0041400212",269,6,11,2,"8:05 PM","1:11","Perkins T.FOUL (P2.PN) (M.McCutchen)",null,null,null,null],["0041400212",270,3,16,2,"8:05 PM","1:11",null,null,"Dunleavy Free Throw Technical (8 PTS)","42 - 64","22"],["0041400212",272,3,11,2,"8:05 PM","1:11",null,null,"Gasol Free Throw 1 of 2 (3 PTS)","43 - 64","21"],["0041400212",275,8,0,2,"8:05 PM","1:11",null,null,"SUB: Mirotic FOR Butler",null,null],["0041400212",276,3,12,2,"8:05 PM","1:11",null,null,"MISS Gasol Free Throw 2 of 2",null,null],["0041400212",278,4,0,2,"8:06 PM","1:09","Shumpert REBOUND (Off:2 Def:4)",null,null,null,null],["0041400212",279,2,1,2,"8:06 PM","0:56","MISS Jones 27' 3PT Jump Shot",null,null,null,null],["0041400212",280,4,0,2,"8:06 PM","0:55",null,null,"Gasol REBOUND (Off:0 Def:2)",null,null],["0041400212",281,6,29,2,"8:06 PM","0:47","Dellavedova Shooting Block Foul (P1.PN) (J.Williams)",null,null,null,null],["0041400212",282,3,11,2,"8:06 PM","0:47",null,null,"Gasol Free Throw 1 of 2 (4 PTS)","44 - 64","20"],["0041400212",284,3,12,2,"8:07 PM","0:47",null,null,"Gasol Free Throw 2 of 2 (5 PTS)","45 - 64","19"],["0041400212",286,9,2,2,"8:07 PM","0:47","CAVALIERS Timeout: Short (Full 2 Short 1)",null,null,null,null],["0041400212",289,8,0,2,"8:08 PM","0:47","SUB: James FOR Perkins",null,null,null,null],["0041400212",290,2,49,2,"8:09 PM","0:24","MISS Shumpert  Driving Dunk",null,null,null,null],["0041400212",291,4,0,2,"8:09 PM","0:22","James REBOUND (Off:2 Def:3)",null,null,null,null],["0041400212",292,2,80,2,"8:09 PM","0:00","MISS James 20' Step Back Jump Shot",null,null,null,null],["0041400212",293,4,0,2,"8:09 PM","0:00","CAVALIERS Rebound",null,null,null,null],["0041400212",294,13,0,2,"8:09 PM","0:00",null,null,null,"45 - 64","19"],["0041400212",296,12,0,3,"8:27 PM","12:00",null,null,null,"45 - 64","19"],["0041400212",297,2,1,3,"8:28 PM","11:38","MISS James 19' Jump Shot",null,null,null,null],["0041400212",298,4,0,3,"8:28 PM","11:36",null,null,"Noah REBOUND (Off:4 Def:2)",null,null],["0041400212",299,6,1,3,"8:28 PM","11:28","Shumpert P.FOUL (P2.T1) (M.McCutchen)",null,null,null,null],["0041400212",300,1,1,3,"8:28 PM","11:18",null,null,"Rose 18' Jump Shot (9 PTS)","47 - 64","17"],["0041400212",301,2,1,3,"8:29 PM","10:59","MISS Shumpert 24' 3PT Jump Shot",null,null,null,null],["0041400212",302,4,0,3,"8:29 PM","10:58","CAVALIERS Rebound",null,null,null,null],["0041400212",304,1,5,3,"8:29 PM","10:48","Mozgov 1' Layup (6 PTS)",null,null,"47 - 66","19"],["0041400212",305,2,1,3,"8:30 PM","10:26",null,null,"MISS Butler 27' 3PT Jump Shot",null,null],["0041400212",306,4,0,3,"8:30 PM","10:25","James REBOUND (Off:2 Def:4)",null,null,null,null],["0041400212",307,2,1,3,"8:30 PM","10:10","MISS Thompson 7' Jump Shot",null,null,null,null],["0041400212",308,4,0,3,"8:30 PM","10:09","Mozgov REBOUND (Off:2 Def:4)",null,null,null,null],["0041400212",309,1,50,3,"8:30 PM","10:05","Shumpert  Running Dunk (15 PTS) (James 4 AST)",null,null,"47 - 68","21"],["0041400212",310,2,42,3,"8:30 PM","9:42",null,null,"MISS Rose 2' Driving Layup",null,null],["0041400212",311,4,0,3,"8:30 PM","9:40","Mozgov REBOUND (Off:2 Def:5)",null,null,null,null],["0041400212",312,6,1,3,"8:31 PM","9:30",null,null,"Dunleavy P.FOUL (P3.T1) (M.McCutchen)",null,null],["0041400212",313,6,2,3,"8:31 PM","9:17",null,null,"Rose S.FOUL (P3.T2) (J.Williams)",null,null],["0041400212",314,3,13,3,"8:31 PM","9:17","Irving Free Throw 1 of 3 (12 PTS)",null,null,"47 - 69","22"],["0041400212",316,3,14,3,"8:32 PM","9:17","Irving Free Throw 2 of 3 (13 PTS)",null,null,"47 - 70","23"],["0041400212",318,8,0,3,"8:32 PM","9:17","SUB: Dellavedova FOR Shumpert",null,null,null,null],["0041400212",319,3,15,3,"8:32 PM","9:17","MISS Irving Free Throw 3 of 3",null,null,null,null],["0041400212",321,4,0,3,"8:32 PM","9:16",null,null,"Gasol REBOUND (Off:0 Def:3)",null,null],["0041400212",322,2,5,3,"8:32 PM","9:05",null,null,"MISS Butler  Layup",null,null],["0041400212",323,4,0,3,"8:32 PM","9:04","Thompson REBOUND (Off:3 Def:4)",null,null,null,null],["0041400212",324,1,78,3,"8:32 PM","8:56","Irving 9' Floating Jump Shot (15 PTS)",null,null,"47 - 72","25"],["0041400212",325,1,66,3,"8:33 PM","8:40",null,null,"Gasol 7' Jump Bank Shot (7 PTS) (Rose 5 AST)","49 - 72","23"],["0041400212",326,5,1,3,"8:33 PM","8:30","Irving Bad Pass Turnover (P2.T4)",null,"Butler STEAL (1 STL)",null,null],["0041400212",327,1,5,3,"8:33 PM","8:25",null,null,"Butler  Layup (13 PTS) (Rose 6 AST)","51 - 72","21"],["0041400212",328,2,1,3,"8:33 PM","8:05","MISS Dellavedova 23' Jump Shot",null,null,null,null],["0041400212",329,4,0,3,"8:33 PM","8:04",null,null,"Noah REBOUND (Off:4 Def:3)",null,null],["0041400212",330,1,84,3,"8:33 PM","7:58",null,null,"Rose 8' Running Bank Shot (11 PTS)","53 - 72","19"],["0041400212",332,9,1,3,"8:33 PM","7:58","CAVALIERS Timeout: Regular (Full 3 Short 1)",null,null,null,null],["0041400212",336,5,2,3,"8:37 PM","7:45","Mozgov Lost Ball Turnover (P1.T5)",null,"Dunleavy STEAL (2 STL)",null,null],["0041400212",337,1,1,3,"8:37 PM","7:39",null,null,"Rose 26' 3PT Jump Shot (14 PTS)","56 - 72","16"],["0041400212",338,6,1,3,"8:38 PM","7:15",null,null,"Noah P.FOUL (P3.T3) (M.McCutchen)",null,null],["0041400212",339,5,1,3,"8:38 PM","7:07","Irving Bad Pass Turnover (P3.T6)",null,"Butler STEAL (2 STL)",null,null],["0041400212",340,2,1,3,"8:38 PM","6:47",null,null,"MISS Rose 24' 3PT Jump Shot",null,null],["0041400212",341,4,0,3,"8:38 PM","6:46",null,null,"Rose REBOUND (Off:3 Def:3)",null,null],["0041400212",342,1,1,3,"8:38 PM","6:42",null,null,"Gasol 17' Jump Shot (9 PTS) (Rose 7 AST)","58 - 72","14"],["0041400212",343,2,52,3,"8:39 PM","6:19","MISS Mozgov  Alley Oop Dunk",null,null,null,null],["0041400212",344,4,0,3,"8:39 PM","6:18",null,null,"Bulls Rebound",null,null],["0041400212",346,1,1,3,"8:39 PM","6:03",null,null,"Butler 26' 3PT Jump Shot (16 PTS) (Rose 8 AST)","61 - 72","11"],["0041400212",347,2,46,3,"8:40 PM","5:34","MISS James 6' Running Jump Shot",null,null,null,null],["0041400212",348,4,0,3,"8:40 PM","5:34","CAVALIERS Rebound",null,null,null,null],["0041400212",349,5,11,3,"8:40 PM","5:34","CAVALIERS Turnover: Shot Clock (T#7)",null,null,null,null],["0041400212",350,8,0,3,"8:40 PM","5:34","SUB: Jones FOR Mozgov",null,null,null,null],["0041400212",351,2,46,3,"8:41 PM","5:21",null,null,"MISS Gasol 7' Running Jump Shot",null,null],["0041400212",352,4,0,3,"8:41 PM","5:20","Thompson REBOUND (Off:3 Def:5)",null,null,null,null],["0041400212",353,1,42,3,"8:41 PM","5:13","James  Driving Layup (24 PTS)",null,null,"61 - 74","13"],["0041400212",354,1,5,3,"8:41 PM","4:55",null,null,"Butler 1' Layup (18 PTS) (Noah 4 AST)","63 - 74","11"],["0041400212",355,1,1,3,"8:41 PM","4:36","Jones 24' 3PT Jump Shot (9 PTS) (Dellavedova 6 AST)",null,null,"63 - 77","14"],["0041400212",357,1,66,3,"8:42 PM","4:14",null,null,"Noah 6' Jump Bank Shot (4 PTS) (Rose 9 AST)","65 - 77","12"],["0041400212",358,2,1,3,"8:42 PM","3:54","MISS Jones 25' 3PT Jump Shot",null,null,null,null],["0041400212",359,4,0,3,"8:42 PM","3:53","Thompson REBOUND (Off:4 Def:5)",null,null,null,null],["0041400212",360,1,1,3,"8:43 PM","3:37","Jones 24' 3PT Jump Shot (12 PTS) (James 5 AST)",null,null,"65 - 80","15"],["0041400212",362,8,0,3,"8:43 PM","3:15",null,null,"SUB: Gibson FOR Noah",null,null],["0041400212",363,1,1,3,"8:44 PM","3:10",null,null,"Gibson 18' Jump Shot (11 PTS) (Rose 10 AST)","67 - 80","13"],["0041400212",364,1,46,3,"8:44 PM","2:47","James 7' Running Jump Shot (26 PTS)",null,null,"67 - 82","15"],["0041400212",365,2,1,3,"8:44 PM","2:34",null,null,"MISS Rose 18' Jump Shot",null,null],["0041400212",366,4,0,3,"8:44 PM","2:32",null,null,"Gasol REBOUND (Off:1 Def:3)",null,null],["0041400212",367,6,2,3,"8:44 PM","2:31","Jones S.FOUL (P2.T2) (J.Williams)",null,null,null,null],["0041400212",368,9,1,3,"8:45 PM","2:31",null,null,"Bulls Timeout: Regular (Reg.3 Short 0)",null,null],["0041400212",372,3,11,3,"8:48 PM","2:31",null,null,"Gasol Free Throw 1 of 2 (10 PTS)","68 - 82","14"],["0041400212",374,8,0,3,"8:48 PM","2:31",null,null,"SUB: Brooks FOR Dunleavy",null,null],["0041400212",375,3,12,3,"8:48 PM","2:31",null,null,"Gasol Free Throw 2 of 2 (11 PTS)","69 - 82","13"],["0041400212",377,2,1,3,"8:49 PM","2:13","MISS James 7' Jump Shot",null,null,null,null],["0041400212",378,4,0,3,"8:49 PM","2:12","James REBOUND (Off:3 Def:4)",null,null,null,null],["0041400212",379,1,5,3,"8:49 PM","2:10","James 1' Layup (28 PTS)",null,null,"69 - 84","15"],["0041400212",381,2,1,3,"8:49 PM","1:57",null,null,"MISS Butler 16' Jump Shot",null,null],["0041400212",382,4,0,3,"8:49 PM","1:56","CAVALIERS Rebound",null,null,null,null],["0041400212",383,6,3,3,"8:49 PM","1:55",null,null,"Gasol L.B.FOUL (P2.T4) (J.Williams)",null,null],["0041400212",385,2,1,3,"8:49 PM","1:42","MISS James 25' 3PT Jump Shot",null,null,null,null],["0041400212",386,4,0,3,"8:49 PM","1:42","CAVALIERS Rebound",null,null,null,null],["0041400212",387,6,3,3,"8:50 PM","1:42",null,null,"Gasol L.B.FOUL (P3.PN) (J.Williams)",null,null],["0041400212",388,3,11,3,"8:50 PM","1:42","MISS Thompson Free Throw 1 of 2",null,null,null,null],["0041400212",389,4,1,3,"8:50 PM","1:42","CAVALIERS Rebound",null,null,null,null],["0041400212",390,8,0,3,"8:50 PM","1:42","SUB: Miller FOR Irving",null,null,null,null],["0041400212",391,3,12,3,"8:50 PM","1:42","Thompson Free Throw 2 of 2 (1 PTS)",null,null,"69 - 85","16"],["0041400212",394,2,1,3,"8:51 PM","1:29",null,null,"MISS Brooks 25' 3PT Jump Shot",null,null],["0041400212",395,4,0,3,"8:51 PM","1:29","CAVALIERS Rebound",null,null,null,null],["0041400212",397,1,42,3,"8:51 PM","1:10","James 1' Driving Layup (30 PTS)",null,null,"69 - 87","18"],["0041400212",399,8,0,3,"8:52 PM","0:55",null,null,"SUB: Hinrich FOR Rose",null,null],["0041400212",400,1,46,3,"8:52 PM","0:50",null,null,"Hinrich 6' Running Jump Shot (5 PTS) (Brooks 3 AST)","71 - 87","16"],["0041400212",401,2,1,3,"8:52 PM","0:24","MISS James 7' Jump Shot",null,null,null,null],["0041400212",402,4,0,3,"8:52 PM","0:23","Thompson REBOUND (Off:5 Def:5)",null,null,null,null],["0041400212",404,5,2,3,"8:53 PM","0:03","James Lost Ball Turnover (P2.T8)",null,"Brooks STEAL (1 STL)",null,null],["0041400212",405,6,1,3,"8:53 PM","0:02","Miller P.FOUL (P2.T3) (J.Capers)",null,null,null,null],["0041400212",406,2,1,3,"8:53 PM","0:00",null,null,"MISS Brooks 26' 3PT Jump Shot",null,null],["0041400212",407,4,0,3,"8:53 PM","0:00",null,null,"Bulls Rebound",null,null],["0041400212",408,13,0,3,"8:53 PM","0:00",null,null,null,"71 - 87","16"],["0041400212",411,12,0,4,"8:57 PM","12:00",null,null,null,"71 - 87","16"],["0041400212",412,2,1,4,"8:57 PM","11:45",null,null,"MISS Brooks 7' Jump Shot",null,null],["0041400212",413,4,0,4,"8:57 PM","11:44","Miller REBOUND (Off:0 Def:1)",null,null,null,null],["0041400212",414,1,42,4,"8:58 PM","11:33","Irving 1' Driving Layup (17 PTS)",null,null,"71 - 89","18"],["0041400212",415,2,46,4,"8:58 PM","11:10",null,null,"MISS Snell 7' Running Jump Shot",null,null],["0041400212",416,4,0,4,"8:58 PM","11:07","Jones REBOUND (Off:0 Def:2)",null,null,null,null],["0041400212",417,2,42,4,"8:58 PM","10:58","MISS Irving  Driving Layup",null,null,null,null],["0041400212",418,4,0,4,"8:58 PM","10:55",null,null,"Gibson REBOUND (Off:0 Def:2)",null,null],["0041400212",419,6,1,4,"8:58 PM","10:53","Dellavedova P.FOUL (P2.T1) (J.Capers)",null,null,null,null],["0041400212",420,8,0,4,"8:59 PM","10:53",null,null,"SUB: Rose FOR Gibson",null,null],["0041400212",421,2,1,4,"8:59 PM","10:48",null,null,"MISS Rose 17' Jump Shot",null,null],["0041400212",422,4,0,4,"8:59 PM","10:47","Miller REBOUND (Off:0 Def:2)",null,null,null,null],["0041400212",424,2,1,4,"8:59 PM","10:25","MISS Dellavedova 28' 3PT Jump Shot",null,null,null,null],["0041400212",425,4,0,4,"8:59 PM","10:24",null,null,"Rose REBOUND (Off:3 Def:4)",null,null],["0041400212",426,1,1,4,"9:00 PM","10:14",null,null,"Snell  3PT Jump Shot (3 PTS) (Hinrich 1 AST)","74 - 89","15"],["0041400212",427,6,2,4,"9:00 PM","9:55",null,null,"Rose S.FOUL (P4.T1) (M.McCutchen)",null,null],["0041400212",428,3,13,4,"9:00 PM","9:55","Irving Free Throw 1 of 3 (18 PTS)",null,null,"74 - 90","16"],["0041400212",430,3,14,4,"9:00 PM","9:55","MISS Irving Free Throw 2 of 3",null,null,null,null],["0041400212",431,4,1,4,"9:00 PM","9:55","CAVALIERS Rebound",null,null,null,null],["0041400212",432,8,0,4,"9:01 PM","9:55","SUB: James FOR Jones",null,null,null,null],["0041400212",433,8,0,4,"9:01 PM","9:55",null,null,"SUB: Butler FOR Hinrich",null,null],["0041400212",434,3,15,4,"9:01 PM","9:55","Irving Free Throw 3 of 3 (19 PTS)",null,null,"74 - 91","17"],["0041400212",436,2,1,4,"9:01 PM","9:35",null,null,"MISS Brooks 6' Jump Shot",null,null],["0041400212",437,4,0,4,"9:01 PM","9:34","Thompson REBOUND (Off:5 Def:6)",null,null,null,null],["0041400212",438,2,1,4,"9:02 PM","9:14","MISS James 18' Jump Shot",null,null,null,null],["0041400212",439,4,0,4,"9:02 PM","9:12",null,null,"Brooks REBOUND (Off:0 Def:2)",null,null],["0041400212",440,6,1,4,"9:02 PM","9:07","James P.FOUL (P2.T2) (J.Williams)",null,null,null,null],["0041400212",441,2,1,4,"9:02 PM","8:55",null,null,"MISS Butler 25' 3PT Jump Shot",null,null],["0041400212",442,4,0,4,"9:02 PM","8:52","James REBOUND (Off:3 Def:5)",null,null,null,null],["0041400212",443,6,2,4,"9:02 PM","8:47",null,null,"Noah S.FOUL (P4.T2) (M.McCutchen)",null,null],["0041400212",444,9,4,4,"9:03 PM","8:47",null,null,null,null,null],["0041400212",447,8,0,4,"9:05 PM","8:47","SUB: Shumpert FOR Irving",null,null,null,null],["0041400212",448,3,11,4,"9:06 PM","8:47","MISS James Free Throw 1 of 2",null,null,null,null],["0041400212",449,4,1,4,"9:06 PM","8:47","CAVALIERS Rebound",null,null,null,null],["0041400212",450,3,12,4,"9:06 PM","8:47","James Free Throw 2 of 2 (31 PTS)",null,null,"74 - 92","18"],["0041400212",452,5,1,4,"9:06 PM","8:27","James STEAL (1 STL)",null,"Brooks Bad Pass Turnover (P1.T11)",null,null],["0041400212",453,2,5,4,"9:06 PM","8:22","MISS James 2' Layup",null,"Snell BLOCK (1 BLK)",null,null],["0041400212",454,4,0,4,"9:06 PM","8:21",null,null,"Bulls Rebound",null,null],["0041400212",455,2,1,4,"9:07 PM","8:11",null,null,"MISS Rose 25' 3PT Jump Shot",null,null],["0041400212",456,4,0,4,"9:07 PM","8:10","Miller REBOUND (Off:0 Def:3)",null,null,null,null],["0041400212",457,2,1,4,"9:07 PM","7:45","MISS Dellavedova 21' Jump Shot",null,null,null,null],["0041400212",458,4,0,4,"9:07 PM","7:45","CAVALIERS Rebound",null,null,null,null],["0041400212",459,5,11,4,"9:07 PM","7:45","CAVALIERS Turnover: Shot Clock (T#9)",null,null,null,null],["0041400212",460,8,0,4,"9:07 PM","7:45","SUB: Irving FOR Dellavedova",null,null,null,null],["0041400212",461,6,1,4,"9:08 PM","7:39","Shumpert P.FOUL (P3.T3) (J.Capers)",null,null,null,null],["0041400212",462,2,5,4,"9:08 PM","7:33",null,null,"MISS Noah 1' Layup",null,null],["0041400212",463,4,0,4,"9:08 PM","7:32","Miller REBOUND (Off:0 Def:4)",null,null,null,null],["0041400212",464,2,1,4,"9:08 PM","7:08","MISS Shumpert  3PT Jump Shot",null,null,null,null],["0041400212",465,4,0,4,"9:08 PM","7:07","Thompson REBOUND (Off:6 Def:6)",null,null,null,null],["0041400212",466,6,2,4,"9:08 PM","7:05",null,null,"Butler S.FOUL (P1.T3) (J.Capers)",null,null],["0041400212",467,3,11,4,"9:09 PM","7:05","Irving Free Throw 1 of 2 (20 PTS)",null,null,"74 - 93","19"],["0041400212",469,3,12,4,"9:09 PM","7:05","Irving Free Throw 2 of 2 (21 PTS)",null,null,"74 - 94","20"],["0041400212",471,6,1,4,"9:10 PM","6:47","Thompson P.FOUL (P3.T4) (J.Williams)",null,null,null,null],["0041400212",472,1,5,4,"9:10 PM","6:39",null,null,"Brooks 1' Layup (2 PTS)","76 - 94","18"],["0041400212",473,1,78,4,"9:10 PM","6:21","Thompson 7' Floating Jump Shot (3 PTS) (Irving 3 AST)",null,null,"76 - 96","20"],["0041400212",474,2,1,4,"9:11 PM","6:02",null,null,"MISS Brooks 25' 3PT Jump Shot",null,null],["0041400212",475,4,0,4,"9:11 PM","6:01",null,null,"Butler REBOUND (Off:1 Def:1)",null,null],["0041400212",476,2,1,4,"9:11 PM","5:57",null,null,"MISS Butler 24' 3PT Jump Shot",null,null],["0041400212",477,4,0,4,"9:11 PM","5:56","Shumpert REBOUND (Off:2 Def:5)",null,null,null,null],["0041400212",478,9,1,4,"9:11 PM","5:52","CAVALIERS Timeout: Regular (Full 4 Short 1)",null,null,null,null],["0041400212",480,8,0,4,"9:13 PM","5:52",null,null,"SUB: Mirotic FOR Butler",null,null],["0041400212",481,8,0,4,"9:13 PM","5:52",null,null,"SUB: Hinrich FOR Rose",null,null],["0041400212",483,6,2,4,"9:15 PM","5:37",null,null,"Snell S.FOUL (P1.T4) (J.Williams)",null,null],["0041400212",484,3,11,4,"9:15 PM","5:37","James Free Throw 1 of 2 (32 PTS)",null,null,"76 - 97","21"],["0041400212",486,8,0,4,"9:15 PM","5:37","SUB: Dellavedova FOR Irving",null,null,null,null],["0041400212",487,3,12,4,"9:15 PM","5:37","James Free Throw 2 of 2 (33 PTS)",null,null,"76 - 98","22"],["0041400212",489,5,1,4,"9:16 PM","5:21","James STEAL (2 STL)",null,"Mirotic Bad Pass Turnover (P1.T12)",null,null],["0041400212",490,2,1,4,"9:16 PM","4:57","MISS Dellavedova 25' 3PT Jump Shot",null,null,null,null],["0041400212",491,4,0,4,"9:16 PM","4:55",null,null,"Brooks REBOUND (Off:0 Def:3)",null,null],["0041400212",492,2,1,4,"9:16 PM","4:43",null,null,"MISS Snell 24' 3PT Jump Shot",null,null],["0041400212",493,4,0,4,"9:16 PM","4:42","Dellavedova REBOUND (Off:0 Def:1)",null,null,null,null],["0041400212",494,9,1,4,"9:17 PM","4:36","CAVALIERS Timeout: Regular (Full 5 Short 1)",null,null,null,null],["0041400212",496,8,0,4,"9:18 PM","4:36",null,null,"SUB: Mohammed FOR Noah",null,null],["0041400212",497,8,0,4,"9:19 PM","4:36","SUB: Jones FOR James",null,null,null,null],["0041400212",498,8,0,4,"9:19 PM","4:36","SUB: Marion FOR Shumpert",null,null,null,null],["0041400212",499,1,52,4,"9:20 PM","4:23","Thompson  Alley Oop Dunk (5 PTS) (Dellavedova 7 AST)",null,null,"76 - 100","24"],["0041400212",500,1,5,4,"9:20 PM","4:03",null,null,"Mirotic 1' Layup (2 PTS) (Snell 1 AST)","78 - 100","22"],["0041400212",501,2,1,4,"9:21 PM","3:36","MISS Dellavedova 25' 3PT Jump Shot",null,null,null,null],["0041400212",502,4,0,4,"9:21 PM","3:35",null,null,"Mohammed REBOUND (Off:0 Def:1)",null,null],["0041400212",503,6,2,4,"9:21 PM","3:30","Thompson S.FOUL (P4.PN) (J.Williams)",null,null,null,null],["0041400212",504,3,11,4,"9:21 PM","3:30",null,null,"Brooks Free Throw 1 of 2 (3 PTS)","79 - 100","21"],["0041400212",506,8,0,4,"9:21 PM","3:30","SUB: Perkins FOR Thompson",null,null,null,null],["0041400212",507,3,12,4,"9:21 PM","3:30",null,null,"Brooks Free Throw 2 of 2 (4 PTS)","80 - 100","20"],["0041400212",509,2,78,4,"9:22 PM","3:13","MISS Marion 7' Floating Jump Shot",null,null,null,null],["0041400212",510,4,0,4,"9:22 PM","3:12","Marion REBOUND (Off:1 Def:0)",null,null,null,null],["0041400212",511,2,47,4,"9:22 PM","3:09","MISS Marion 13' Turnaround Jump Shot",null,null,null,null],["0041400212",512,4,0,4,"9:22 PM","3:06",null,null,"Hinrich REBOUND (Off:0 Def:2)",null,null],["0041400212",513,1,1,4,"9:22 PM","2:56",null,null,"Hinrich 26' 3PT Jump Shot (8 PTS)","83 - 100","17"],["0041400212",514,6,1,4,"9:22 PM","2:45",null,null,"Hinrich P.FOUL (P2.PN) (M.McCutchen)",null,null],["0041400212",515,3,11,4,"9:22 PM","2:45","Dellavedova Free Throw 1 of 2 (9 PTS)",null,null,"83 - 101","18"],["0041400212",517,3,12,4,"9:23 PM","2:45","MISS Dellavedova Free Throw 2 of 2",null,null,null,null],["0041400212",519,4,0,4,"9:23 PM","2:44",null,null,"Snell REBOUND (Off:0 Def:1)",null,null],["0041400212",520,2,5,4,"9:23 PM","2:30",null,null,"MISS Mirotic 1' Layup",null,null],["0041400212",522,4,0,4,"9:23 PM","2:28",null,null,"Mohammed REBOUND (Off:1 Def:1)",null,null],["0041400212",521,2,4,4,"9:23 PM","2:28",null,null,"MISS Mohammed 1' Tip Shot",null,null],["0041400212",523,4,0,4,"9:23 PM","2:27","Marion REBOUND (Off:1 Def:1)",null,null,null,null],["0041400212",524,2,1,4,"9:24 PM","2:04","MISS Jones 28' 3PT Jump Shot",null,null,null,null],["0041400212",525,4,0,4,"9:24 PM","2:03",null,null,"Hinrich REBOUND (Off:0 Def:3)",null,null],["0041400212",526,2,1,4,"9:24 PM","1:58",null,null,"MISS Brooks 28' 3PT Jump Shot",null,null],["0041400212",527,4,0,4,"9:24 PM","1:58",null,null,"Bulls Rebound",null,null],["0041400212",528,6,3,4,"9:24 PM","1:58","Jones L.B.FOUL (P3.PN) (M.McCutchen)",null,null,null,null],["0041400212",529,3,11,4,"9:24 PM","1:58",null,null,"Mirotic Free Throw 1 of 2 (3 PTS)","84 - 101","17"],["0041400212",531,8,0,4,"9:24 PM","1:58","SUB: Harris FOR Miller",null,null,null,null],["0041400212",532,8,0,4,"9:24 PM","1:58",null,null,"SUB: Moore FOR Hinrich",null,null],["0041400212",533,3,12,4,"9:24 PM","1:58",null,null,"Mirotic Free Throw 2 of 2 (4 PTS)","85 - 101","16"],["0041400212",535,2,1,4,"9:25 PM","1:37","MISS Harris 17' Jump Shot",null,null,null,null],["0041400212",536,4,0,4,"9:25 PM","1:36",null,null,"Mirotic REBOUND (Off:0 Def:1)",null,null],["0041400212",537,1,75,4,"9:25 PM","1:30",null,null,"Mirotic 1' Driving Finger Roll Layup (6 PTS)","87 - 101","14"],["0041400212",538,5,4,4,"9:25 PM","1:12","Dellavedova Traveling Turnover (P2.T10)",null,null,null,null],["0041400212",539,8,0,4,"9:25 PM","1:12",null,null,"SUB: McDermott FOR Brooks",null,null],["0041400212",540,2,1,4,"9:26 PM","1:04",null,null,"MISS Mirotic 26' 3PT Jump Shot",null,null],["0041400212",541,4,0,4,"9:26 PM","1:03",null,null,"Mohammed REBOUND (Off:2 Def:1)",null,null],["0041400212",542,1,8,4,"9:26 PM","1:02",null,null,"Mohammed  Slam Dunk (2 PTS)","89 - 101","12"],["0041400212",543,1,1,4,"9:26 PM","0:37","Jones 21' Jump Shot (14 PTS) (Dellavedova 8 AST)",null,null,"89 - 103","14"],["0041400212",544,2,1,4,"9:26 PM","0:27","Perkins BLOCK (2 BLK)",null,"MISS Moore 19' Jump Shot",null,null],["0041400212",545,4,0,4,"9:27 PM","0:27",null,null,"Bulls Rebound",null,null],["0041400212",546,6,3,4,"9:27 PM","0:27","Dellavedova L.B.FOUL (P3.PN) (J.Williams)",null,null,null,null],["0041400212",547,3,11,4,"9:27 PM","0:27",null,null,"Mirotic Free Throw 1 of 2 (7 PTS)","90 - 103","13"],["0041400212",549,3,12,4,"9:27 PM","0:27",null,null,"Mirotic Free Throw 2 of 2 (8 PTS)","91 - 103","12"],["0041400212",552,1,1,4,"9:28 PM","0:07","Jones  3PT Jump Shot (17 PTS) (Dellavedova 9 AST)",null,null,"91 - 106","15"],["0041400212",553,2,47,4,"9:28 PM","0:01",null,null,"MISS Moore 13' Turnaround Jump Shot",null,null],["0041400212",554,4,0,4,"9:28 PM","0:00","Perkins REBOUND (Off:0 Def:2)",null,null,null,null],["0041400212",555,13,0,4,"9:28 PM","0:00",null,null,null,"91 - 106","15"]]},{"name":"AvailableVideo","headers":["VIDEO_AVAILABLE_FLAG"],"rowSet":[[1]]}]}