{"resource":"playbyplay","parameters":{"GameID":"0041400173","StartPeriod":0,"EndPeriod":14},"resultSets":[{"name":"PlayByPlay","headers":["GAME_ID","EVENTNUM","EVENTMSGTYPE","EVENTMSGACTIONTYPE","PERIOD","WCTIMESTRING","PCTIMESTRING","HOMEDESCRIPTION","NEUTRALDESCRIPTION","VISITORDESCRIPTION","SCORE","SCOREMARGIN"],"rowSet":[["0041400173",0,12,0,1,"10:46 PM","12:00",null,null,null,null,null],["0041400173",1,10,0,1,"10:46 PM","12:00","Jump Ball Lopez vs. Gasol: Tip to Batum",null,null,null,null],["0041400173",2,2,1,1,"10:46 PM","11:46","MISS Aldridge 20' Jump Shot",null,null,null,null],["0041400173",3,4,0,1,"10:46 PM","11:45",null,null,"Conley REBOUND (Off:0 Def:1)",null,null],["0041400173",4,1,79,1,"10:46 PM","11:27",null,null,"Lee 17' Pullup Jump Shot (2 PTS) (Conley 1 AST)","2 - 0","-2"],["0041400173",5,2,1,1,"10:47 PM","11:12","MISS Aldridge 18' Jump Shot",null,null,null,null],["0041400173",6,4,0,1,"10:47 PM","11:11",null,null,"Lee REBOUND (Off:0 Def:1)",null,null],["0041400173",7,1,5,1,"10:47 PM","11:03",null,null,"Allen 1' Layup (2 PTS) (Randolph 1 AST)","4 - 0","-4"],["0041400173",8,2,5,1,"10:47 PM","10:38","MISS Aldridge 2' Layup",null,"Gasol BLOCK (1 BLK)",null,null],["0041400173",9,4,0,1,"10:47 PM","10:37","Aldridge REBOUND (Off:1 Def:0)",null,null,null,null],["0041400173",10,5,11,1,"10:47 PM","10:32","TRAIL BLAZERS Turnover: Shot Clock (T#1)",null,null,null,null],["0041400173",11,2,1,1,"10:48 PM","10:03",null,null,"MISS Gasol 22' Jump Shot",null,null],["0041400173",12,4,0,1,"10:48 PM","10:02","Afflalo REBOUND (Off:0 Def:1)",null,null,null,null],["0041400173",13,5,1,1,"10:48 PM","9:56","Afflalo Bad Pass Turnover (P1.T2)",null,null,null,null],["0041400173",14,1,42,1,"10:48 PM","9:43",null,null,"Conley 2' Driving Layup (2 PTS)","6 - 0","-6"],["0041400173",15,2,1,1,"10:49 PM","9:25","MISS Aldridge 3' Jump Shot",null,"Gasol BLOCK (2 BLK)",null,null],["0041400173",16,4,0,1,"10:49 PM","9:23",null,null,"Randolph REBOUND (Off:0 Def:1)",null,null],["0041400173",17,2,1,1,"10:49 PM","9:09",null,null,"MISS Conley 20' Jump Shot",null,null],["0041400173",18,4,0,1,"10:49 PM","9:08","Afflalo REBOUND (Off:0 Def:2)",null,null,null,null],["0041400173",19,6,1,1,"10:49 PM","9:00",null,null,"Conley P.FOUL (P1.T1) (B.Kennedy)",null,null],["0041400173",20,1,1,1,"10:50 PM","8:57","Lillard 29' 3PT Jump Shot (3 PTS) (Batum 1 AST)",null,null,"6 - 3","-3"],["0041400173",21,6,1,1,"10:50 PM","8:42","Afflalo P.FOUL (P1.T1) (B.Kennedy)",null,null,null,null],["0041400173",22,1,1,1,"10:50 PM","8:27",null,null,"Lee 21' Jump Shot (4 PTS)","8 - 3","-5"],["0041400173",23,2,1,1,"10:51 PM","8:10","MISS Lillard 31' 3PT Jump Shot",null,null,null,null],["0041400173",24,4,0,1,"10:51 PM","8:09",null,null,"Gasol REBOUND (Off:0 Def:1)",null,null],["0041400173",25,1,1,1,"10:51 PM","7:57",null,null,"Lee 26' 3PT Jump Shot (7 PTS) (Randolph 2 AST)","11 - 3","-8"],["0041400173",26,2,1,1,"10:51 PM","7:40","MISS Batum 17' Jump Shot",null,null,null,null],["0041400173",27,4,0,1,"10:51 PM","7:39",null,null,"Gasol REBOUND (Off:0 Def:2)",null,null],["0041400173",28,2,1,1,"10:51 PM","7:30",null,null,"MISS Randolph 18' Jump Shot",null,null],["0041400173",29,4,0,1,"10:51 PM","7:29","Batum REBOUND (Off:0 Def:1)",null,null,null,null],["0041400173",30,2,1,1,"10:52 PM","7:18","MISS Afflalo  3PT Jump Shot",null,null,null,null],["0041400173",31,4,0,1,"10:52 PM","7:17",null,null,"Conley REBOUND (Off:0 Def:2)",null,null],["0041400173",32,2,79,1,"10:52 PM","7:04",null,null,"MISS Randolph 16' Pullup Jump Shot",null,null],["0041400173",33,4,0,1,"10:52 PM","7:02","Aldridge REBOUND (Off:1 Def:1)",null,null,null,null],["0041400173",34,6,2,1,"10:52 PM","6:54",null,null,"Lee S.FOUL (P1.T2) (B.Kennedy)",null,null],["0041400173",35,3,11,1,"10:52 PM","6:54","Lopez Free Throw 1 of 2 (1 PTS)",null,null,"11 - 4","-7"],["0041400173",37,3,12,1,"10:52 PM","6:54","Lopez Free Throw 2 of 2 (2 PTS)",null,null,"11 - 5","-6"],["0041400173",41,2,1,1,"10:53 PM","6:33",null,null,"MISS Gasol 20' Jump Shot",null,null],["0041400173",42,4,0,1,"10:53 PM","6:32","Lopez REBOUND (Off:0 Def:1)",null,null,null,null],["0041400173",43,2,3,1,"10:53 PM","6:22","MISS Lopez 2' Hook Shot",null,"Gasol BLOCK (3 BLK)",null,null],["0041400173",44,4,0,1,"10:54 PM","6:21",null,null,"Grizzlies Rebound",null,null],["0041400173",45,2,1,1,"10:54 PM","5:59",null,null,"MISS Randolph 5' Jump Shot",null,null],["0041400173",46,4,0,1,"10:54 PM","5:58",null,null,"Grizzlies Rebound",null,null],["0041400173",47,9,1,1,"10:54 PM","5:58","TRAIL BLAZERS Timeout: Regular (Full 1 Short 0)",null,null,null,null],["0041400173",49,18,1,1,"10:55 PM","5:58",null,null,null,null,null],["0041400173",51,8,0,1,"10:57 PM","5:58","SUB: Kaman FOR Lopez",null,null,null,null],["0041400173",53,1,1,1,"10:57 PM","5:52",null,null,"Conley 18' Jump Shot (4 PTS) (Gasol 1 AST)","13 - 5","-8"],["0041400173",54,6,2,1,"10:58 PM","5:34",null,null,"Gasol S.FOUL (P1.T3) (S.Foster)",null,null],["0041400173",55,3,11,1,"10:58 PM","5:34","Aldridge Free Throw 1 of 2 (1 PTS)",null,null,"13 - 6","-7"],["0041400173",57,3,12,1,"10:58 PM","5:34","Aldridge Free Throw 2 of 2 (2 PTS)",null,null,"13 - 7","-6"],["0041400173",60,2,1,1,"10:59 PM","5:18",null,null,"MISS Lee 15' Jump Shot",null,null],["0041400173",61,4,0,1,"10:59 PM","5:17","Aldridge REBOUND (Off:1 Def:2)",null,null,null,null],["0041400173",62,2,1,1,"10:59 PM","5:08","MISS Batum 25' 3PT Jump Shot",null,null,null,null],["0041400173",63,4,0,1,"10:59 PM","5:07",null,null,"Allen REBOUND (Off:0 Def:1)",null,null],["0041400173",64,1,42,1,"10:59 PM","4:47",null,null,"Lee 2' Driving Layup (9 PTS)","15 - 7","-8"],["0041400173",65,6,2,1,"10:59 PM","4:47","Kaman S.FOUL (P1.T2) (S.Foster)",null,null,null,null],["0041400173",66,8,0,1,"11:00 PM","4:47",null,null,"SUB: Green FOR Allen",null,null],["0041400173",67,3,10,1,"11:00 PM","4:47",null,null,"Lee Free Throw 1 of 1 (10 PTS)","16 - 7","-9"],["0041400173",69,2,1,1,"11:00 PM","4:29","MISS Aldridge 18' Jump Shot",null,null,null,null],["0041400173",70,4,0,1,"11:00 PM","4:28",null,null,"Green REBOUND (Off:0 Def:1)",null,null],["0041400173",71,1,65,1,"11:01 PM","4:17",null,null,"Randolph 5' Jump Hook Shot (2 PTS)","18 - 7","-11"],["0041400173",72,6,27,1,"11:01 PM","4:07",null,null,"Green Personal Block Foul (P1.T4) (S.Foster)",null,null],["0041400173",73,8,0,1,"11:01 PM","4:07","SUB: McCollum FOR Afflalo",null,null,null,null],["0041400173",74,1,42,1,"11:01 PM","3:58","Lillard 2' Driving Layup (5 PTS) (Aldridge 1 AST)",null,null,"18 - 9","-9"],["0041400173",75,1,5,1,"11:02 PM","3:37",null,null,"Randolph 3' Layup (4 PTS) (Gasol 2 AST)","20 - 9","-11"],["0041400173",76,1,63,1,"11:02 PM","3:22","Kaman 13' Fadeaway Jumper (2 PTS) (Batum 2 AST)",null,null,"20 - 11","-9"],["0041400173",77,2,1,1,"11:02 PM","2:59",null,null,"MISS Conley 20' Jump Shot",null,null],["0041400173",78,4,0,1,"11:02 PM","2:58",null,null,"Grizzlies Rebound",null,null],["0041400173",79,9,1,1,"11:02 PM","2:56",null,null,"Grizzlies Timeout: Regular (Reg.1 Short 0)",null,null],["0041400173",82,8,0,1,"11:06 PM","2:56","SUB: Lopez FOR Aldridge",null,null,null,null],["0041400173",83,8,0,1,"11:06 PM","2:56",null,null,"SUB: Calathes FOR Conley",null,null],["0041400173",84,1,86,1,"11:06 PM","2:34",null,null,"Gasol 14' Turnaround Fadeaway (2 PTS)","22 - 11","-11"],["0041400173",85,2,1,1,"11:06 PM","2:17","MISS McCollum 26' 3PT Jump Shot",null,null,null,null],["0041400173",86,4,0,1,"11:07 PM","2:16",null,null,"Grizzlies Rebound",null,null],["0041400173",87,8,0,1,"11:07 PM","2:16",null,null,"SUB: Koufos FOR Randolph",null,null],["0041400173",88,5,1,1,"11:07 PM","2:01",null,null,"Green Bad Pass Turnover (P1.T1)",null,null],["0041400173",89,1,1,1,"11:07 PM","1:40","McCollum 26' 3PT Jump Shot (3 PTS) (Lopez 1 AST)",null,null,"22 - 14","-8"],["0041400173",90,6,1,1,"11:08 PM","1:24","Lopez P.FOUL (P1.T3) (S.Foster)",null,null,null,null],["0041400173",91,2,63,1,"11:08 PM","1:10",null,null,"MISS Gasol 18' Fadeaway Jumper",null,null],["0041400173",92,4,0,1,"11:08 PM","1:10",null,null,"Koufos REBOUND (Off:1 Def:0)",null,null],["0041400173",93,5,11,1,"11:08 PM","1:10",null,null,"Grizzlies Turnover: Shot Clock (T#2)",null,null],["0041400173",94,1,1,1,"11:09 PM","0:58","Batum 25' 3PT Jump Shot (3 PTS) (Lillard 1 AST)",null,null,"22 - 17","-5"],["0041400173",95,2,1,1,"11:09 PM","0:43",null,null,"MISS Gasol 18' Jump Shot",null,null],["0041400173",96,4,0,1,"11:09 PM","0:42","Kaman REBOUND (Off:0 Def:1)",null,null,null,null],["0041400173",97,6,1,1,"11:09 PM","0:37",null,null,"Lee P.FOUL (P2.PN) (M.Ayotte)",null,null],["0041400173",98,3,11,1,"11:09 PM","0:37","McCollum Free Throw 1 of 2 (4 PTS)",null,null,"22 - 18","-4"],["0041400173",100,8,0,1,"11:10 PM","0:37","SUB: Blake FOR Lillard",null,null,null,null],["0041400173",101,8,0,1,"11:10 PM","0:37",null,null,"SUB: Carter FOR Lee",null,null],["0041400173",102,3,12,1,"11:10 PM","0:37","McCollum Free Throw 2 of 2 (5 PTS)",null,null,"22 - 19","-3"],["0041400173",105,1,78,1,"11:10 PM","0:26",null,null,"Calathes 13' Floating Jump Shot (2 PTS)","24 - 19","-5"],["0041400173",106,2,1,1,"11:11 PM","0:02","MISS Blake 25' 3PT Jump Shot",null,null,null,null],["0041400173",107,4,0,1,"11:11 PM","0:01",null,null,"Calathes REBOUND (Off:0 Def:1)",null,null],["0041400173",108,13,0,1,"11:11 PM","0:00",null,null,null,"24 - 19","-5"],["0041400173",110,12,0,2,"11:15 PM","12:00",null,null,null,"24 - 19","-5"],["0041400173",111,6,2,2,"11:15 PM","11:46","Leonard S.FOUL (P1.T1) (B.Kennedy)",null,null,null,null],["0041400173",112,3,11,2,"11:15 PM","11:46",null,null,"Green Free Throw 1 of 2 (1 PTS)","25 - 19","-6"],["0041400173",114,3,12,2,"11:15 PM","11:46",null,null,"Green Free Throw 2 of 2 (2 PTS)","26 - 19","-7"],["0041400173",116,6,2,2,"11:16 PM","11:26",null,null,"Allen S.FOUL (P1.T1) (S.Foster)",null,null],["0041400173",117,3,11,2,"11:16 PM","11:26","Aldridge Free Throw 1 of 2 (3 PTS)",null,null,"26 - 20","-6"],["0041400173",119,3,12,2,"11:16 PM","11:26","Aldridge Free Throw 2 of 2 (4 PTS)",null,null,"26 - 21","-5"],["0041400173",121,2,1,2,"11:17 PM","11:06",null,null,"MISS Green 19' Jump Shot",null,null],["0041400173",122,4,0,2,"11:17 PM","11:05","McCollum REBOUND (Off:0 Def:1)",null,null,null,null],["0041400173",123,6,27,2,"11:17 PM","10:57",null,null,"Calathes Personal Block Foul (P1.T2) (M.Ayotte)",null,null],["0041400173",124,1,1,2,"11:18 PM","10:49","Afflalo 9' Jump Shot (2 PTS) (Blake 1 AST)",null,null,"26 - 23","-3"],["0041400173",125,6,2,2,"11:18 PM","10:49",null,null,"Calathes S.FOUL (P2.T3) (S.Foster)",null,null],["0041400173",126,3,10,2,"11:18 PM","10:49","MISS Afflalo Free Throw 1 of 1",null,null,null,null],["0041400173",128,4,0,2,"11:18 PM","10:48",null,null,"Allen REBOUND (Off:0 Def:2)",null,null],["0041400173",129,2,1,2,"11:18 PM","10:33",null,null,"MISS Calathes 6' Jump Shot",null,null],["0041400173",130,4,0,2,"11:18 PM","10:33",null,null,"Grizzlies Rebound",null,null],["0041400173",131,6,3,2,"11:19 PM","10:33","Leonard L.B.FOUL (P2.T2) (B.Kennedy)",null,null,null,null],["0041400173",132,1,1,2,"11:19 PM","10:22",null,null,"Calathes 26' 3PT Jump Shot (5 PTS)","29 - 23","-6"],["0041400173",133,6,2,2,"11:19 PM","10:13",null,null,"Allen S.FOUL (P2.T4) (B.Kennedy)",null,null],["0041400173",134,3,11,2,"11:19 PM","10:13","McCollum Free Throw 1 of 2 (6 PTS)",null,null,"29 - 24","-5"],["0041400173",136,8,0,2,"11:20 PM","10:13",null,null,"SUB: Conley FOR Allen",null,null],["0041400173",137,3,12,2,"11:20 PM","10:13","MISS McCollum Free Throw 2 of 2",null,null,null,null],["0041400173",139,4,0,2,"11:20 PM","10:11",null,null,"Green REBOUND (Off:0 Def:2)",null,null],["0041400173",140,1,8,2,"11:20 PM","9:52",null,null,"Koufos  Slam Dunk (2 PTS) (Calathes 1 AST)","31 - 24","-7"],["0041400173",141,6,2,2,"11:20 PM","9:52","McCollum S.FOUL (P1.T3) (B.Kennedy)",null,null,null,null],["0041400173",142,3,10,2,"11:20 PM","9:52",null,null,"Koufos Free Throw 1 of 1 (3 PTS)","32 - 24","-8"],["0041400173",145,2,1,2,"11:21 PM","9:35","MISS Aldridge 19' Jump Shot",null,null,null,null],["0041400173",146,4,0,2,"11:21 PM","9:34",null,null,"Carter REBOUND (Off:0 Def:1)",null,null],["0041400173",147,2,1,2,"11:21 PM","9:27",null,null,"MISS Conley 20' Jump Shot",null,null],["0041400173",148,4,0,2,"11:21 PM","9:26","Afflalo REBOUND (Off:0 Def:3)",null,null,null,null],["0041400173",149,1,78,2,"11:21 PM","9:14","McCollum 15' Floating Jump Shot (8 PTS) (Blake 2 AST)",null,null,"32 - 26","-6"],["0041400173",150,1,42,2,"11:21 PM","8:59",null,null,"Green 2' Driving Layup (4 PTS) (Conley 2 AST)","34 - 26","-8"],["0041400173",151,2,1,2,"11:22 PM","8:44","MISS Afflalo 6' Jump Shot",null,"Calathes BLOCK (1 BLK)",null,null],["0041400173",152,4,0,2,"11:22 PM","8:44","TRAIL BLAZERS Rebound",null,null,null,null],["0041400173",153,9,4,2,"11:22 PM","8:44",null,null,null,null,null],["0041400173",157,2,80,2,"11:25 PM","8:37","MISS McCollum 17' Step Back Jump Shot",null,null,null,null],["0041400173",158,4,0,2,"11:25 PM","8:34",null,null,"Green REBOUND (Off:0 Def:3)",null,null],["0041400173",159,6,2,2,"11:25 PM","8:33","Afflalo S.FOUL (P2.T4) (M.Ayotte)",null,null,null,null],["0041400173",160,18,0,2,"11:26 PM","8:33",null,null,null,null,null],["0041400173",162,3,11,2,"11:27 PM","8:33",null,null,"Green Free Throw 1 of 2 (5 PTS)","35 - 26","-9"],["0041400173",164,8,0,2,"11:27 PM","8:33","SUB: Lillard FOR McCollum",null,null,null,null],["0041400173",165,3,12,2,"11:27 PM","8:33",null,null,"Green Free Throw 2 of 2 (6 PTS)","36 - 26","-10"],["0041400173",167,2,1,2,"11:28 PM","8:13","MISS Aldridge 27' 3PT Jump Shot",null,null,null,null],["0041400173",168,4,0,2,"11:28 PM","8:11",null,null,"Green REBOUND (Off:0 Def:4)",null,null],["0041400173",169,1,46,2,"11:28 PM","7:52",null,null,"Conley 11' Running Jump Shot (6 PTS) (Koufos 1 AST)","38 - 26","-12"],["0041400173",170,1,5,2,"11:29 PM","7:31","Aldridge 1' Layup (6 PTS)",null,null,"38 - 28","-10"],["0041400173",171,1,3,2,"11:29 PM","7:13",null,null,"Koufos 7' Hook Shot (5 PTS) (Conley 3 AST)","40 - 28","-12"],["0041400173",172,6,4,2,"11:29 PM","6:58","Afflalo OFF.Foul (P3) (B.Kennedy)",null,null,null,null],["0041400173",173,5,5,2,"11:29 PM","6:58","Afflalo Foul Turnover (P2.T3)",null,null,null,null],["0041400173",174,8,0,2,"11:30 PM","6:58","SUB: McCollum FOR Afflalo",null,null,null,null],["0041400173",175,8,0,2,"11:30 PM","6:58","SUB: Lopez FOR Blake",null,null,null,null],["0041400173",176,8,0,2,"11:30 PM","6:58","SUB: Batum FOR Leonard",null,null,null,null],["0041400173",178,2,1,2,"11:30 PM","6:42",null,null,"MISS Green 11' Jump Shot",null,null],["0041400173",179,4,0,2,"11:30 PM","6:41","Batum REBOUND (Off:0 Def:2)",null,null,null,null],["0041400173",181,1,49,2,"11:31 PM","6:30","Lillard  Driving Dunk (7 PTS)",null,null,"40 - 30","-10"],["0041400173",182,1,42,2,"11:31 PM","6:10",null,null,"Calathes 3' Driving Layup (7 PTS) (Green 1 AST)","42 - 30","-12"],["0041400173",183,1,80,2,"11:31 PM","5:58","Lillard 28' 3PT Step Back Jump Shot (10 PTS)",null,null,"42 - 33","-9"],["0041400173",184,1,1,2,"11:32 PM","5:41",null,null,"Conley 4' Jump Shot (8 PTS)","44 - 33","-11"],["0041400173",185,6,2,2,"11:32 PM","5:41","Aldridge S.FOUL (P1.PN) (S.Foster)",null,null,null,null],["0041400173",186,9,1,2,"11:32 PM","5:41","TRAIL BLAZERS Timeout: Regular (Full 2 Short 0)",null,null,null,null],["0041400173",188,8,0,2,"11:34 PM","5:41",null,null,"SUB: Gasol FOR Calathes",null,null],["0041400173",189,8,0,2,"11:34 PM","5:41",null,null,"SUB: Randolph FOR Koufos",null,null],["0041400173",191,3,10,2,"11:35 PM","5:41",null,null,"Conley Free Throw 1 of 1 (9 PTS)","45 - 33","-12"],["0041400173",194,1,3,2,"11:36 PM","5:27","Lopez 6' Hook Shot (4 PTS) (Lillard 2 AST)",null,null,"45 - 35","-10"],["0041400173",195,2,1,2,"11:36 PM","5:06","Lillard BLOCK (1 BLK)",null,"MISS Conley 11' Jump Shot",null,null],["0041400173",196,4,0,2,"11:36 PM","5:05",null,null,"Randolph REBOUND (Off:1 Def:1)",null,null],["0041400173",198,5,2,2,"11:36 PM","5:02","McCollum STEAL (1 STL)",null,"Randolph Lost Ball Turnover (P1.T3)",null,null],["0041400173",199,6,2,2,"11:37 PM","5:00",null,null,"Carter S.FOUL (P1.PN) (S.Foster)",null,null],["0041400173",200,3,11,2,"11:37 PM","5:00","McCollum Free Throw 1 of 2 (9 PTS)",null,null,"45 - 36","-9"],["0041400173",202,3,12,2,"11:37 PM","5:00","McCollum Free Throw 2 of 2 (10 PTS)",null,null,"45 - 37","-8"],["0041400173",204,1,43,2,"11:38 PM","4:40",null,null,"Carter 1' Alley Oop Layup (2 PTS) (Randolph 3 AST)","47 - 37","-10"],["0041400173",205,6,2,2,"11:38 PM","4:40","McCollum S.FOUL (P2.PN) (B.Kennedy)",null,null,null,null],["0041400173",206,3,10,2,"11:38 PM","4:40",null,null,"Carter Free Throw 1 of 1 (3 PTS)","48 - 37","-11"],["0041400173",208,1,1,2,"11:38 PM","4:25","Batum 25' 3PT Jump Shot (6 PTS) (Lillard 3 AST)",null,null,"48 - 40","-8"],["0041400173",209,1,1,2,"11:39 PM","4:07",null,null,"Gasol 8' Jump Shot (4 PTS) (Conley 4 AST)","50 - 40","-10"],["0041400173",210,6,2,2,"11:39 PM","3:50",null,null,"Randolph S.FOUL (P1.PN) (B.Kennedy)",null,null],["0041400173",211,3,11,2,"11:39 PM","3:50","Aldridge Free Throw 1 of 2 (7 PTS)",null,null,"50 - 41","-9"],["0041400173",213,8,0,2,"11:39 PM","3:50",null,null,"SUB: Lee FOR Carter",null,null],["0041400173",214,3,12,2,"11:39 PM","3:50","Aldridge Free Throw 2 of 2 (8 PTS)",null,null,"50 - 42","-8"],["0041400173",216,2,1,2,"11:40 PM","3:32",null,null,"MISS Randolph 10' Jump Shot",null,null],["0041400173",217,4,0,2,"11:40 PM","3:31","Lopez REBOUND (Off:0 Def:2)",null,null,null,null],["0041400173",218,1,73,2,"11:40 PM","3:23","Lillard 2' Driving Reverse Layup (12 PTS)",null,null,"50 - 44","-6"],["0041400173",219,9,1,2,"11:40 PM","3:13",null,null,"Grizzlies Timeout: Regular (Reg.2 Short 0)",null,null],["0041400173",221,8,0,2,"11:43 PM","3:13",null,null,"SUB: Allen FOR Green",null,null],["0041400173",223,1,3,2,"11:43 PM","2:57",null,null,"Gasol 8' Hook Shot (6 PTS)","52 - 44","-8"],["0041400173",224,2,1,2,"11:44 PM","2:32","MISS Aldridge 18' Jump Shot",null,null,null,null],["0041400173",225,4,0,2,"11:44 PM","2:30",null,null,"Randolph REBOUND (Off:1 Def:2)",null,null],["0041400173",226,2,79,2,"11:44 PM","2:19",null,null,"MISS Conley 25' 3PT Pullup Jump Shot",null,null],["0041400173",227,4,0,2,"11:44 PM","2:17","McCollum REBOUND (Off:0 Def:2)",null,null,null,null],["0041400173",228,1,42,2,"11:44 PM","2:07","Lillard 2' Driving Layup (14 PTS) (Aldridge 2 AST)",null,null,"52 - 46","-6"],["0041400173",229,1,1,2,"11:45 PM","1:43",null,null,"Conley 27' 3PT Jump Shot (12 PTS) (Gasol 3 AST)","55 - 46","-9"],["0041400173",230,2,1,2,"11:45 PM","1:31","MISS Lillard 25' 3PT Jump Shot",null,null,null,null],["0041400173",231,4,0,2,"11:45 PM","1:30",null,null,"Gasol REBOUND (Off:0 Def:3)",null,null],["0041400173",232,6,1,2,"11:45 PM","1:24","Lopez P.FOUL (P2.PN) (S.Foster)",null,null,null,null],["0041400173",233,3,11,2,"11:45 PM","1:24",null,null,"Randolph Free Throw 1 of 2 (5 PTS)","56 - 46","-10"],["0041400173",235,8,0,2,"11:46 PM","1:24",null,null,"SUB: Calathes FOR Conley",null,null],["0041400173",236,3,12,2,"11:46 PM","1:24",null,null,"Randolph Free Throw 2 of 2 (6 PTS)","57 - 46","-11"],["0041400173",239,2,5,2,"11:46 PM","1:08","MISS Lillard 2' Layup",null,null,null,null],["0041400173",240,4,0,2,"11:46 PM","1:07",null,null,"Calathes REBOUND (Off:0 Def:2)",null,null],["0041400173",241,6,2,2,"11:46 PM","1:02","Lopez S.FOUL (P3.PN) (M.Ayotte)",null,null,null,null],["0041400173",242,3,11,2,"11:47 PM","1:02",null,null,"MISS Gasol Free Throw 1 of 2",null,null],["0041400173",243,4,1,2,"11:47 PM","1:02",null,null,"Grizzlies Rebound",null,null],["0041400173",244,8,0,2,"11:47 PM","1:02","SUB: Kaman FOR Lopez",null,null,null,null],["0041400173",245,3,12,2,"11:47 PM","1:02",null,null,"Gasol Free Throw 2 of 2 (7 PTS)","58 - 46","-12"],["0041400173",247,1,1,2,"11:48 PM","0:49","Batum 27' 3PT Jump Shot (9 PTS) (Kaman 1 AST)",null,null,"58 - 49","-9"],["0041400173",248,1,5,2,"11:48 PM","0:34",null,null,"Randolph 2' Layup (8 PTS)","60 - 49","-11"],["0041400173",249,2,1,2,"11:48 PM","0:18","MISS Aldridge 7' Jump Shot",null,null,null,null],["0041400173",250,4,0,2,"11:48 PM","0:17",null,null,"Gasol REBOUND (Off:0 Def:4)",null,null],["0041400173",251,9,2,2,"11:49 PM","0:13",null,null,"Grizzlies Timeout: Short (Reg.2 Short 1)",null,null],["0041400173",254,8,0,2,"11:49 PM","0:13",null,null,"SUB: Conley FOR Allen",null,null],["0041400173",255,8,0,2,"11:49 PM","0:13",null,null,"SUB: Green FOR Calathes",null,null],["0041400173",256,6,1,2,"11:50 PM","0:02","Kaman P.FOUL (P2.PN) (B.Kennedy)",null,null,null,null],["0041400173",257,3,11,2,"11:50 PM","0:02",null,null,"Gasol Free Throw 1 of 2 (8 PTS)","61 - 49","-12"],["0041400173",259,8,0,2,"11:50 PM","0:02",null,null,"SUB: Calathes FOR Conley",null,null],["0041400173",260,8,0,2,"11:51 PM","0:02",null,null,"SUB: Allen FOR Randolph",null,null],["0041400173",261,3,12,2,"11:51 PM","0:02",null,null,"Gasol Free Throw 2 of 2 (9 PTS)","62 - 49","-13"],["0041400173",263,9,2,2,"11:51 PM","0:02","TRAIL BLAZERS Timeout: Short (Full 2 Short 1)",null,null,null,null],["0041400173",266,8,0,2,"11:52 PM","0:02","SUB: Leonard FOR Kaman",null,null,null,null],["0041400173",267,2,1,2,"11:52 PM","0:00","MISS McCollum 29' 3PT Jump Shot",null,null,null,null],["0041400173",268,4,0,2,"11:52 PM","0:00","TRAIL BLAZERS Rebound",null,null,null,null],["0041400173",269,13,0,2,"11:52 PM","0:00",null,null,null,"62 - 49","-13"],["0041400173",271,12,0,3,"12:09 AM","12:00",null,null,null,"62 - 49","-13"],["0041400173",272,2,78,3,"12:10 AM","11:44",null,null,"MISS Conley 15' Floating Jump Shot",null,null],["0041400173",273,4,0,3,"12:10 AM","11:42","Aldridge REBOUND (Off:1 Def:3)",null,null,null,null],["0041400173",274,1,1,3,"12:10 AM","11:31","Batum 25' 3PT Jump Shot (12 PTS) (Lillard 4 AST)",null,null,"62 - 52","-10"],["0041400173",275,2,1,3,"12:10 AM","11:09","Aldridge BLOCK (1 BLK)",null,"MISS Randolph 4' Jump Shot",null,null],["0041400173",276,4,0,3,"12:10 AM","11:07","Aldridge REBOUND (Off:1 Def:4)",null,null,null,null],["0041400173",277,5,1,3,"12:10 AM","11:05","Lillard Bad Pass Turnover (P1.T4)",null,null,null,null],["0041400173",278,6,1,3,"12:11 AM","10:48","Afflalo P.FOUL (P4.T1) (S.Foster)",null,null,null,null],["0041400173",279,6,1,3,"12:11 AM","10:44","Batum P.FOUL (P1.T2) (B.Kennedy)",null,null,null,null],["0041400173",280,2,1,3,"12:12 AM","10:34",null,null,"MISS Conley 26' 3PT Jump Shot",null,null],["0041400173",281,4,0,3,"12:12 AM","10:33","Afflalo REBOUND (Off:0 Def:4)",null,null,null,null],["0041400173",282,2,1,3,"12:12 AM","10:22","MISS Lillard 28' 3PT Jump Shot",null,null,null,null],["0041400173",283,4,0,3,"12:12 AM","10:21",null,null,"Randolph REBOUND (Off:1 Def:3)",null,null],["0041400173",284,2,1,3,"12:12 AM","10:08",null,null,"MISS Randolph 6' Jump Shot",null,null],["0041400173",285,4,0,3,"12:12 AM","10:08",null,null,"Allen REBOUND (Off:1 Def:2)",null,null],["0041400173",286,5,39,3,"12:12 AM","10:08",null,null,"Allen Step Out of Bounds Turnover (P1.T4)",null,null],["0041400173",287,1,3,3,"12:13 AM","9:51","Aldridge 6' Hook Shot (10 PTS) (Lillard 5 AST)",null,null,"62 - 54","-8"],["0041400173",288,1,3,3,"12:13 AM","9:30",null,null,"Randolph 6' Hook Shot (10 PTS)","64 - 54","-10"],["0041400173",290,5,15,3,"12:14 AM","9:21","Lopez Offensive Goaltending Turnover (P1.T5)",null,null,null,null],["0041400173",292,2,5,3,"12:14 AM","9:02",null,null,"MISS Lee 3' Layup",null,null],["0041400173",293,4,0,3,"12:14 AM","9:00","Afflalo REBOUND (Off:0 Def:5)",null,null,null,null],["0041400173",294,2,1,3,"12:14 AM","8:54","MISS Afflalo 9' Jump Shot",null,null,null,null],["0041400173",295,4,0,3,"12:14 AM","8:53",null,null,"Lee REBOUND (Off:0 Def:2)",null,null],["0041400173",296,2,5,3,"12:14 AM","8:45",null,null,"MISS Allen 1' Layup",null,null],["0041400173",297,4,0,3,"12:14 AM","8:44","Batum REBOUND (Off:0 Def:3)",null,null,null,null],["0041400173",298,2,86,3,"12:14 AM","8:32","MISS Aldridge 13' Turnaround Fadeaway Shot",null,null,null,null],["0041400173",299,4,0,3,"12:14 AM","8:30","Lopez REBOUND (Off:1 Def:2)",null,null,null,null],["0041400173",300,5,1,3,"12:15 AM","8:26","Lopez Bad Pass Turnover (P2.T6)",null,"Allen STEAL (1 STL)",null,null],["0041400173",301,6,2,3,"12:15 AM","8:23","Lillard S.FOUL (P1.T3) (B.Kennedy)",null,null,null,null],["0041400173",302,3,11,3,"12:15 AM","8:23",null,null,"Lee Free Throw 1 of 2 (11 PTS)","65 - 54","-11"],["0041400173",304,3,12,3,"12:15 AM","8:23",null,null,"Lee Free Throw 2 of 2 (12 PTS)","66 - 54","-12"],["0041400173",307,1,1,3,"12:16 AM","8:05","Aldridge 15' Jump Shot (12 PTS) (Batum 3 AST)",null,null,"66 - 56","-10"],["0041400173",308,6,2,3,"12:16 AM","7:40","Lopez S.FOUL (P4.T4) (S.Foster)",null,null,null,null],["0041400173",309,3,11,3,"12:17 AM","7:40",null,null,"Gasol Free Throw 1 of 2 (10 PTS)","67 - 56","-11"],["0041400173",312,8,0,3,"12:17 AM","7:40","SUB: Kaman FOR Lopez",null,null,null,null],["0041400173",313,3,12,3,"12:17 AM","7:40",null,null,"Gasol Free Throw 2 of 2 (11 PTS)","68 - 56","-12"],["0041400173",316,6,1,3,"12:18 AM","7:31",null,null,"Allen P.FOUL (P3.T1) (S.Foster)",null,null],["0041400173",317,2,1,3,"12:18 AM","7:23","MISS Batum 26' 3PT Jump Shot",null,null,null,null],["0041400173",318,4,0,3,"12:18 AM","7:22",null,null,"Allen REBOUND (Off:1 Def:3)",null,null],["0041400173",319,5,4,3,"12:18 AM","7:12",null,null,"Randolph Traveling Turnover (P2.T5)",null,null],["0041400173",320,8,0,3,"12:18 AM","7:12","SUB: McCollum FOR Afflalo",null,null,null,null],["0041400173",321,5,2,3,"12:19 AM","7:01","Lillard Lost Ball Turnover (P2.T7)",null,"Conley STEAL (1 STL)",null,null],["0041400173",322,1,3,3,"12:19 AM","6:47",null,null,"Randolph 6' Hook Shot (12 PTS)","70 - 56","-14"],["0041400173",323,9,1,3,"12:19 AM","6:47","TRAIL BLAZERS Timeout: Regular (Full 3 Short 1)",null,null,null,null],["0041400173",326,1,47,3,"12:22 AM","6:26","Aldridge 18' Turnaround Jump Shot (14 PTS)",null,null,"70 - 58","-12"],["0041400173",327,1,42,3,"12:23 AM","6:02",null,null,"Conley 2' Driving Layup (14 PTS)","72 - 58","-14"],["0041400173",328,2,1,3,"12:23 AM","5:42","MISS Batum 22' Jump Shot",null,null,null,null],["0041400173",329,4,0,3,"12:23 AM","5:41",null,null,"Conley REBOUND (Off:0 Def:3)",null,null],["0041400173",330,2,1,3,"12:23 AM","5:30",null,null,"MISS Conley 8' Jump Shot",null,null],["0041400173",331,4,0,3,"12:23 AM","5:29","Kaman REBOUND (Off:0 Def:2)",null,null,null,null],["0041400173",332,1,1,3,"12:23 AM","5:23","McCollum 12' Jump Shot (12 PTS) (Lillard 6 AST)",null,null,"72 - 60","-12"],["0041400173",333,1,1,3,"12:24 AM","5:00",null,null,"Gasol 15' Jump Shot (13 PTS)","74 - 60","-14"],["0041400173",334,1,5,3,"12:24 AM","4:38","McCollum 2' Layup (14 PTS)",null,null,"74 - 62","-12"],["0041400173",335,2,1,3,"12:25 AM","4:16",null,null,"MISS Gasol 21' Jump Shot",null,null],["0041400173",336,4,0,3,"12:25 AM","4:15","McCollum REBOUND (Off:0 Def:3)",null,null,null,null],["0041400173",337,1,42,3,"12:25 AM","4:03","Lillard 2' Driving Layup (16 PTS) (Aldridge 3 AST)",null,null,"74 - 64","-10"],["0041400173",338,9,1,3,"12:25 AM","4:03",null,null,"Grizzlies Timeout: Regular (Reg.3 Short 1)",null,null],["0041400173",340,8,0,3,"12:27 AM","4:03",null,null,"SUB: Calathes FOR Allen",null,null],["0041400173",341,8,0,3,"12:27 AM","4:03",null,null,"SUB: Green FOR Conley",null,null],["0041400173",343,6,1,3,"12:28 AM","3:44","Lillard P.FOUL (P2.PN) (M.Ayotte)",null,null,null,null],["0041400173",344,3,11,3,"12:28 AM","3:44",null,null,"Gasol Free Throw 1 of 2 (14 PTS)","75 - 64","-11"],["0041400173",346,3,12,3,"12:29 AM","3:44",null,null,"Gasol Free Throw 2 of 2 (15 PTS)","76 - 64","-12"],["0041400173",348,1,47,3,"12:29 AM","3:27","Aldridge 12' Turnaround Jump Shot (16 PTS) (Batum 4 AST)",null,null,"76 - 66","-10"],["0041400173",349,1,1,3,"12:30 AM","3:05",null,null,"Calathes 27' 3PT Jump Shot (10 PTS) (Gasol 4 AST)","79 - 66","-13"],["0041400173",350,6,2,3,"12:30 AM","2:51",null,null,"Calathes S.FOUL (P3.T2) (S.Foster)",null,null],["0041400173",351,3,11,3,"12:30 AM","2:51","MISS Lillard Free Throw 1 of 2",null,null,null,null],["0041400173",352,4,1,3,"12:30 AM","2:51","TRAIL BLAZERS Rebound",null,null,null,null],["0041400173",353,3,12,3,"12:30 AM","2:51","Lillard Free Throw 2 of 2 (17 PTS)",null,null,"79 - 67","-12"],["0041400173",355,1,56,3,"12:31 AM","2:29",null,null,"Randolph 7' Running Hook Shot (14 PTS)","81 - 67","-14"],["0041400173",356,1,79,3,"12:31 AM","2:20","Lillard 18' Pullup Jump Shot (19 PTS)",null,null,"81 - 69","-12"],["0041400173",357,6,1,3,"12:32 AM","2:09","Lillard P.FOUL (P3.PN) (S.Foster)",null,null,null,null],["0041400173",358,3,11,3,"12:32 AM","2:09",null,null,"Calathes Free Throw 1 of 2 (11 PTS)","82 - 69","-13"],["0041400173",360,3,12,3,"12:32 AM","2:09",null,null,"MISS Calathes Free Throw 2 of 2",null,null],["0041400173",362,4,0,3,"12:32 AM","2:08","Aldridge REBOUND (Off:1 Def:5)",null,null,null,null],["0041400173",363,5,2,3,"12:32 AM","1:57","Aldridge Lost Ball Turnover (P1.T8)",null,"Lee STEAL (1 STL)",null,null],["0041400173",364,2,1,3,"12:33 AM","1:49",null,null,"MISS Gasol 17' Jump Shot",null,null],["0041400173",365,4,0,3,"12:33 AM","1:48","Lillard REBOUND (Off:0 Def:1)",null,null,null,null],["0041400173",366,2,1,3,"12:33 AM","1:43","MISS Lillard 27' 3PT Jump Shot",null,null,null,null],["0041400173",367,4,0,3,"12:33 AM","1:42",null,null,"Green REBOUND (Off:0 Def:5)",null,null],["0041400173",368,2,1,3,"12:33 AM","1:21",null,null,"MISS Green 9' Jump Shot",null,null],["0041400173",369,4,0,3,"12:33 AM","1:20","Kaman REBOUND (Off:0 Def:3)",null,null,null,null],["0041400173",370,6,2,3,"12:33 AM","1:17",null,null,"Lee S.FOUL (P3.T3) (S.Foster)",null,null],["0041400173",371,3,11,3,"12:33 AM","1:17","McCollum Free Throw 1 of 2 (15 PTS)",null,null,"82 - 70","-12"],["0041400173",373,8,0,3,"12:34 AM","1:17","SUB: Blake FOR Lillard",null,null,null,null],["0041400173",374,3,12,3,"12:34 AM","1:17","McCollum Free Throw 2 of 2 (16 PTS)",null,null,"82 - 71","-11"],["0041400173",376,1,1,3,"12:34 AM","1:02",null,null,"Green 4' Jump Shot (8 PTS) (Randolph 4 AST)","84 - 71","-13"],["0041400173",377,6,2,3,"12:34 AM","1:02","Blake S.FOUL (P1.PN) (M.Ayotte)",null,null,null,null],["0041400173",378,8,0,3,"12:34 AM","1:02",null,null,"SUB: Koufos FOR Gasol",null,null],["0041400173",379,3,10,3,"12:35 AM","1:02",null,null,"Green Free Throw 1 of 1 (9 PTS)","85 - 71","-14"],["0041400173",381,1,1,3,"12:35 AM","0:45","Batum 20' Jump Shot (14 PTS) (Aldridge 4 AST)",null,null,"85 - 73","-12"],["0041400173",382,2,1,3,"12:36 AM","0:20",null,null,"MISS Calathes 18' Jump Shot",null,null],["0041400173",383,4,0,3,"12:36 AM","0:20","TRAIL BLAZERS Rebound",null,null,null,null],["0041400173",384,6,3,3,"12:36 AM","0:20",null,null,"Randolph L.B.FOUL (P2.PN) (S.Foster)",null,null],["0041400173",385,3,11,3,"12:36 AM","0:20","Blake Free Throw 1 of 2 (1 PTS)",null,null,"85 - 74","-11"],["0041400173",387,8,0,3,"12:37 AM","0:20",null,null,"SUB: Carter FOR Koufos",null,null],["0041400173",389,8,0,3,"12:37 AM","0:20","SUB: Afflalo FOR Kaman",null,null,null,null],["0041400173",390,8,0,3,"12:37 AM","0:20","SUB: Lopez FOR Aldridge",null,null,null,null],["0041400173",391,3,12,3,"12:37 AM","0:20","Blake Free Throw 2 of 2 (2 PTS)",null,null,"85 - 75","-10"],["0041400173",394,5,2,3,"12:38 AM","0:07","McCollum STEAL (2 STL)",null,"Green Lost Ball Turnover (P2.T6)",null,null],["0041400173",395,2,40,3,"12:38 AM","0:01","MISS McCollum 1' Layup",null,"Carter BLOCK (1 BLK)",null,null],["0041400173",397,4,0,3,"12:38 AM","0:01",null,null,"Lee REBOUND (Off:0 Def:3)",null,null],["0041400173",396,13,0,3,"12:38 AM","0:00",null,null,null,"85 - 75","-10"],["0041400173",399,12,0,4,"12:42 AM","12:00",null,null,null,"85 - 75","-10"],["0041400173",400,6,2,4,"12:42 AM","11:41",null,null,"Koufos S.FOUL (P1.T1) (S.Foster)",null,null],["0041400173",401,3,11,4,"12:42 AM","11:41","Aldridge Free Throw 1 of 2 (17 PTS)",null,null,"85 - 76","-9"],["0041400173",403,3,12,4,"12:42 AM","11:41","Aldridge Free Throw 2 of 2 (18 PTS)",null,null,"85 - 77","-8"],["0041400173",405,2,1,4,"12:43 AM","11:22",null,null,"MISS Green 19' Jump Shot",null,null],["0041400173",406,4,0,4,"12:43 AM","11:22",null,null,"Grizzlies Rebound",null,null],["0041400173",407,6,3,4,"12:43 AM","11:22","Afflalo L.B.FOUL (P5.T1) (S.Foster)",null,null,null,null],["0041400173",408,8,0,4,"12:43 AM","11:22","SUB: Kaman FOR Lopez",null,null,null,null],["0041400173",409,8,0,4,"12:43 AM","11:22","SUB: Batum FOR Afflalo",null,null,null,null],["0041400173",410,1,1,4,"12:44 AM","11:10",null,null,"Lee 16' Jump Shot (14 PTS)","87 - 77","-10"],["0041400173",411,1,1,4,"12:44 AM","10:52","Aldridge 17' Jump Shot (20 PTS)",null,null,"87 - 79","-8"],["0041400173",412,2,1,4,"12:44 AM","10:31",null,null,"MISS Calathes 26' 3PT Jump Shot",null,null],["0041400173",413,4,0,4,"12:44 AM","10:30",null,null,"Carter REBOUND (Off:1 Def:1)",null,null],["0041400173",414,2,1,4,"12:45 AM","10:15","Blake BLOCK (1 BLK)",null,"MISS Calathes 3' Jump Shot",null,null],["0041400173",415,4,0,4,"12:45 AM","10:15",null,null,"Grizzlies Rebound",null,null],["0041400173",416,8,0,4,"12:45 AM","10:15","SUB: Lillard FOR Blake",null,null,null,null],["0041400173",418,2,1,4,"12:45 AM","10:09",null,null,"MISS Green 13' Jump Shot",null,null],["0041400173",419,4,0,4,"12:45 AM","10:08","Kaman REBOUND (Off:0 Def:4)",null,null,null,null],["0041400173",420,2,5,4,"12:45 AM","9:53","MISS McCollum 2' Layup",null,null,null,null],["0041400173",421,4,0,4,"12:46 AM","9:53","Kaman REBOUND (Off:1 Def:4)",null,null,null,null],["0041400173",422,6,1,4,"12:46 AM","9:53",null,null,"Lee P.FOUL (P4.T2) (S.Foster)",null,null],["0041400173",423,8,0,4,"12:46 AM","9:53",null,null,"SUB: Gasol FOR Lee",null,null],["0041400173",424,2,1,4,"12:46 AM","9:47","MISS McCollum 4' Jump Shot",null,"Koufos BLOCK (1 BLK)",null,null],["0041400173",425,4,0,4,"12:46 AM","9:45",null,null,"Gasol REBOUND (Off:0 Def:5)",null,null],["0041400173",426,1,75,4,"12:46 AM","9:29",null,null,"Carter 1' Driving Finger Roll Layup (5 PTS)","89 - 79","-10"],["0041400173",428,5,1,4,"12:47 AM","9:16","Lillard Bad Pass Turnover (P3.T9)",null,null,null,null],["0041400173",430,2,86,4,"12:48 AM","8:55",null,null,"MISS Gasol 12' Turnaround Fadeaway Shot",null,null],["0041400173",431,4,0,4,"12:48 AM","8:54","Batum REBOUND (Off:0 Def:4)",null,null,null,null],["0041400173",432,2,86,4,"12:48 AM","8:44","MISS Aldridge 14' Turnaround Fadeaway Shot",null,null,null,null],["0041400173",434,4,0,4,"12:48 AM","8:40","Batum REBOUND (Off:1 Def:4)",null,null,null,null],["0041400173",433,2,4,4,"12:48 AM","8:40","MISS Batum  Tip Shot",null,null,null,null],["0041400173",435,4,0,4,"12:48 AM","8:39","Kaman REBOUND (Off:2 Def:4)",null,null,null,null],["0041400173",436,2,1,4,"12:48 AM","8:31","MISS Kaman 17' Jump Shot",null,null,null,null],["0041400173",437,4,0,4,"12:48 AM","8:30",null,null,"Calathes REBOUND (Off:0 Def:3)",null,null],["0041400173",438,6,2,4,"12:48 AM","8:17","Aldridge S.FOUL (P2.T2) (B.Kennedy)",null,null,null,null],["0041400173",439,9,4,4,"12:48 AM","8:17",null,null,null,null,null],["0041400173",442,8,0,4,"12:51 AM","8:17","SUB: Lopez FOR Kaman",null,null,null,null],["0041400173",443,8,0,4,"12:51 AM","8:17","SUB: Afflalo FOR McCollum",null,null,null,null],["0041400173",444,3,11,4,"12:51 AM","8:17",null,null,"MISS Calathes Free Throw 1 of 2",null,null],["0041400173",445,4,1,4,"12:51 AM","8:17",null,null,"Grizzlies Rebound",null,null],["0041400173",446,3,12,4,"12:51 AM","8:17",null,null,"Calathes Free Throw 2 of 2 (12 PTS)","90 - 79","-11"],["0041400173",448,2,1,4,"12:52 AM","8:01","MISS Aldridge 16' Jump Shot",null,null,null,null],["0041400173",449,4,0,4,"12:52 AM","8:00",null,null,"Grizzlies Rebound",null,null],["0041400173",450,2,63,4,"12:52 AM","7:39",null,null,"MISS Gasol 15' Fadeaway Jumper",null,null],["0041400173",451,4,0,4,"12:52 AM","7:39","TRAIL BLAZERS Rebound",null,null,null,null],["0041400173",452,6,3,4,"12:52 AM","7:39",null,null,"Koufos L.B.FOUL (P2.T3) (B.Kennedy)",null,null],["0041400173",454,6,2,4,"12:53 AM","7:29",null,null,"Green S.FOUL (P2.T4) (S.Foster)",null,null],["0041400173",455,3,13,4,"12:53 AM","7:29","Batum Free Throw 1 of 3 (15 PTS)",null,null,"90 - 80","-10"],["0041400173",457,3,14,4,"12:53 AM","7:29","Batum Free Throw 2 of 3 (16 PTS)",null,null,"90 - 81","-9"],["0041400173",459,3,15,4,"12:54 AM","7:29","Batum Free Throw 3 of 3 (17 PTS)",null,null,"90 - 82","-8"],["0041400173",462,2,1,4,"12:54 AM","7:11",null,null,"MISS Green 8' Jump Shot",null,null],["0041400173",463,4,0,4,"12:54 AM","7:10",null,null,"Green REBOUND (Off:1 Def:5)",null,null],["0041400173",464,2,56,4,"12:55 AM","6:58",null,null,"MISS Gasol 5' Running Hook Shot",null,null],["0041400173",465,4,0,4,"12:55 AM","6:56","Batum REBOUND (Off:1 Def:5)",null,null,null,null],["0041400173",466,2,1,4,"12:55 AM","6:43","MISS Batum 25' 3PT Jump Shot",null,null,null,null],["0041400173",467,4,0,4,"12:55 AM","6:42",null,null,"Gasol REBOUND (Off:0 Def:6)",null,null],["0041400173",468,2,1,4,"12:55 AM","6:20",null,null,"MISS Calathes 28' 3PT Jump Shot",null,null],["0041400173",469,4,0,4,"12:55 AM","6:18",null,null,"Gasol REBOUND (Off:1 Def:6)",null,null],["0041400173",470,1,86,4,"12:55 AM","6:03",null,null,"Gasol 7' Turnaround Fadeaway (17 PTS)","92 - 82","-10"],["0041400173",471,2,1,4,"12:56 AM","5:49","MISS Batum 26' 3PT Jump Shot",null,null,null,null],["0041400173",472,4,0,4,"12:56 AM","5:48",null,null,"Carter REBOUND (Off:1 Def:2)",null,null],["0041400173",473,1,1,4,"12:56 AM","5:31",null,null,"Gasol 20' Jump Shot (19 PTS) (Calathes 2 AST)","94 - 82","-12"],["0041400173",474,9,1,4,"12:56 AM","5:31","TRAIL BLAZERS Timeout: Regular (Full 4 Short 1)",null,null,null,null],["0041400173",477,8,0,4,"12:59 AM","5:31",null,null,"SUB: Randolph FOR Koufos",null,null],["0041400173",478,2,1,4,"12:59 AM","5:15","MISS Lillard 22' Jump Shot",null,null,null,null],["0041400173",479,4,0,4,"12:59 AM","5:14",null,null,"Grizzlies Rebound",null,null],["0041400173",480,2,1,4,"1:00 AM","4:54","Aldridge BLOCK (2 BLK)",null,"MISS Green 3' Jump Shot",null,null],["0041400173",481,4,0,4,"1:00 AM","4:53","Lopez REBOUND (Off:1 Def:3)",null,null,null,null],["0041400173",482,1,1,4,"1:00 AM","4:41","Batum 13' Jump Shot (19 PTS)",null,null,"94 - 84","-10"],["0041400173",483,2,1,4,"1:00 AM","4:18",null,null,"MISS Gasol 12' Jump Shot",null,null],["0041400173",484,4,0,4,"1:00 AM","4:17","Aldridge REBOUND (Off:1 Def:6)",null,null,null,null],["0041400173",485,1,1,4,"1:01 AM","4:09","Afflalo 25' 3PT Jump Shot (5 PTS) (Lillard 7 AST)",null,null,"94 - 87","-7"],["0041400173",486,9,1,4,"1:01 AM","4:08",null,null,"Grizzlies Timeout: Regular (Reg.4 Short 1)",null,null],["0041400173",488,8,0,4,"1:02 AM","4:08",null,null,"SUB: Lee FOR Green",null,null],["0041400173",489,8,0,4,"1:02 AM","4:08",null,null,"SUB: Allen FOR Carter",null,null],["0041400173",491,2,1,4,"1:04 AM","3:43",null,null,"MISS Lee 26' 3PT Jump Shot",null,null],["0041400173",492,4,0,4,"1:04 AM","3:42","Afflalo REBOUND (Off:0 Def:6)",null,null,null,null],["0041400173",493,2,1,4,"1:04 AM","3:26","MISS Lillard 21' Jump Shot",null,null,null,null],["0041400173",494,4,0,4,"1:04 AM","3:25",null,null,"Allen REBOUND (Off:1 Def:4)",null,null],["0041400173",495,5,4,4,"1:05 AM","3:04",null,null,"Lee Traveling Turnover (P1.T7)",null,null],["0041400173",497,6,2,4,"1:05 AM","2:50",null,null,"Gasol S.FOUL (P2.PN) (S.Foster)",null,null],["0041400173",498,3,11,4,"1:05 AM","2:50","MISS Aldridge Free Throw 1 of 2",null,null,null,null],["0041400173",499,4,1,4,"1:05 AM","2:50","TRAIL BLAZERS Rebound",null,null,null,null],["0041400173",500,3,12,4,"1:06 AM","2:50","Aldridge Free Throw 2 of 2 (21 PTS)",null,null,"94 - 88","-6"],["0041400173",502,2,44,4,"1:06 AM","2:31",null,null,"MISS Gasol 3' Reverse Layup",null,null],["0041400173",503,4,0,4,"1:06 AM","2:29","Lillard REBOUND (Off:0 Def:2)",null,null,null,null],["0041400173",504,1,1,4,"1:06 AM","2:23","Batum 26' 3PT Jump Shot (22 PTS) (Lillard 8 AST)",null,null,"94 - 91","-3"],["0041400173",505,1,5,4,"1:07 AM","2:06",null,null,"Allen 1' Layup (4 PTS) (Calathes 3 AST)","96 - 91","-5"],["0041400173",506,2,1,4,"1:07 AM","1:47","MISS Batum 25' 3PT Jump Shot",null,null,null,null],["0041400173",507,4,0,4,"1:07 AM","1:46",null,null,"Calathes REBOUND (Off:0 Def:4)",null,null],["0041400173",508,6,2,4,"1:07 AM","1:32","Lopez S.FOUL (P5.T3) (S.Foster)",null,null,null,null],["0041400173",509,3,11,4,"1:07 AM","1:32",null,null,"Randolph Free Throw 1 of 2 (15 PTS)","97 - 91","-6"],["0041400173",511,3,12,4,"1:08 AM","1:32",null,null,"Randolph Free Throw 2 of 2 (16 PTS)","98 - 91","-7"],["0041400173",513,2,1,4,"1:08 AM","1:18","MISS Lillard 26' 3PT Jump Shot",null,null,null,null],["0041400173",514,4,0,4,"1:08 AM","1:17",null,null,"Lee REBOUND (Off:0 Def:4)",null,null],["0041400173",515,1,7,4,"1:08 AM","1:14",null,null,"Allen  Dunk (6 PTS) (Lee 1 AST)","100 - 91","-9"],["0041400173",516,9,1,4,"1:09 AM","1:14","TRAIL BLAZERS Timeout: Regular (Full 5 Short 1)",null,null,null,null],["0041400173",519,8,0,4,"1:10 AM","1:14","SUB: McCollum FOR Lopez",null,null,null,null],["0041400173",520,1,1,4,"1:11 AM","1:12","Batum 29' 3PT Jump Shot (25 PTS) (Aldridge 5 AST)",null,null,"100 - 94","-6"],["0041400173",521,6,28,4,"1:11 AM","1:09","McCollum Personal Take Foul (P3.PN) (S.Foster)",null,null,null,null],["0041400173",522,3,11,4,"1:11 AM","1:09",null,null,"Allen Free Throw 1 of 2 (7 PTS)","101 - 94","-7"],["0041400173",525,8,0,4,"1:12 AM","1:09","SUB: Lopez FOR McCollum",null,null,null,null],["0041400173",526,3,12,4,"1:12 AM","1:09",null,null,"Allen Free Throw 2 of 2 (8 PTS)","102 - 94","-8"],["0041400173",528,6,1,4,"1:12 AM","1:03",null,null,"Allen P.FOUL (P4.PN) (S.Foster)",null,null],["0041400173",529,3,11,4,"1:12 AM","1:03","MISS Lillard Free Throw 1 of 2",null,null,null,null],["0041400173",530,4,1,4,"1:12 AM","1:03","TRAIL BLAZERS Rebound",null,null,null,null],["0041400173",531,3,12,4,"1:12 AM","1:03","Lillard Free Throw 2 of 2 (20 PTS)",null,null,"102 - 95","-7"],["0041400173",533,9,2,4,"1:13 AM","1:03",null,null,"Grizzlies Timeout: Short (Reg.4 Short 2)",null,null],["0041400173",535,8,0,4,"1:14 AM","1:03","SUB: Blake FOR Lopez",null,null,null,null],["0041400173",536,8,0,4,"1:14 AM","1:03","SUB: McCollum FOR Afflalo",null,null,null,null],["0041400173",537,8,0,4,"1:14 AM","1:03",null,null,"SUB: Green FOR Allen",null,null],["0041400173",538,6,28,4,"1:14 AM","1:03","Batum Personal Take Foul (P2.PN) (M.Ayotte)",null,null,null,null],["0041400173",539,3,11,4,"1:14 AM","1:03",null,null,"Gasol Free Throw 1 of 2 (20 PTS)","103 - 95","-8"],["0041400173",541,8,0,4,"1:15 AM","1:03",null,null,"SUB: Allen FOR Randolph",null,null],["0041400173",542,8,0,4,"1:15 AM","1:03","SUB: Afflalo FOR Blake",null,null,null,null],["0041400173",543,3,12,4,"1:15 AM","1:03",null,null,"Gasol Free Throw 2 of 2 (21 PTS)","104 - 95","-9"],["0041400173",545,1,42,4,"1:15 AM","0:57","McCollum 1' Driving Layup (18 PTS)",null,null,"104 - 97","-7"],["0041400173",546,6,1,4,"1:15 AM","0:55","Batum P.FOUL (P3.PN) (M.Ayotte)",null,null,null,null],["0041400173",547,3,11,4,"1:16 AM","0:55",null,null,"Gasol Free Throw 1 of 2 (22 PTS)","105 - 97","-8"],["0041400173",549,3,12,4,"1:16 AM","0:55",null,null,"Gasol Free Throw 2 of 2 (23 PTS)","106 - 97","-9"],["0041400173",551,1,42,4,"1:16 AM","0:49","Lillard 3' Driving Layup (22 PTS)",null,null,"106 - 99","-7"],["0041400173",552,6,28,4,"1:17 AM","0:48","McCollum Personal Take Foul (P4.PN) (M.Ayotte)",null,null,null,null],["0041400173",553,3,11,4,"1:17 AM","0:48",null,null,"Calathes Free Throw 1 of 2 (13 PTS)","107 - 99","-8"],["0041400173",555,3,12,4,"1:17 AM","0:48",null,null,"MISS Calathes Free Throw 2 of 2",null,null],["0041400173",557,4,0,4,"1:17 AM","0:47","McCollum REBOUND (Off:0 Def:4)",null,null,null,null],["0041400173",558,1,42,4,"1:17 AM","0:38","Batum 1' Driving Layup (27 PTS) (Afflalo 1 AST)",null,null,"107 - 101","-6"],["0041400173",559,6,28,4,"1:18 AM","0:33","Lillard Personal Take Foul (P4.PN) (S.Foster)",null,null,null,null],["0041400173",560,3,11,4,"1:18 AM","0:33",null,null,"Lee Free Throw 1 of 2 (15 PTS)","108 - 101","-7"],["0041400173",562,8,0,4,"1:18 AM","0:33",null,null,"SUB: Randolph FOR Green",null,null],["0041400173",563,3,12,4,"1:18 AM","0:33",null,null,"Lee Free Throw 2 of 2 (16 PTS)","109 - 101","-8"],["0041400173",565,1,42,4,"1:19 AM","0:28","McCollum 3' Driving Layup (20 PTS)",null,null,"109 - 103","-6"],["0041400173",566,6,2,4,"1:19 AM","0:28",null,null,"Lee S.FOUL (P5.PN) (M.Ayotte)",null,null],["0041400173",567,8,0,4,"1:19 AM","0:28",null,null,"SUB: Carter FOR Allen",null,null],["0041400173",568,3,10,4,"1:19 AM","0:28","McCollum Free Throw 1 of 1 (21 PTS)",null,null,"109 - 104","-5"],["0041400173",570,6,28,4,"1:20 AM","0:21","Aldridge Personal Take Foul (P3.PN) (B.Kennedy)",null,null,null,null],["0041400173",571,3,11,4,"1:20 AM","0:21",null,null,"Gasol Free Throw 1 of 2 (24 PTS)","110 - 104","-6"],["0041400173",573,8,0,4,"1:20 AM","0:21",null,null,"SUB: Allen FOR Carter",null,null],["0041400173",574,3,12,4,"1:20 AM","0:21",null,null,"Gasol Free Throw 2 of 2 (25 PTS)","111 - 104","-7"],["0041400173",577,2,79,4,"1:21 AM","0:15","MISS Batum 28' 3PT Pullup Jump Shot",null,null,null,null],["0041400173",578,4,0,4,"1:21 AM","0:12",null,null,"Lee REBOUND (Off:0 Def:5)",null,null],["0041400173",579,6,28,4,"1:21 AM","0:12","Lillard Personal Take Foul (P5.PN) (B.Kennedy)",null,null,null,null],["0041400173",580,3,11,4,"1:21 AM","0:12",null,null,"Lee Free Throw 1 of 2 (17 PTS)","112 - 104","-8"],["0041400173",582,3,12,4,"1:21 AM","0:12",null,null,"Lee Free Throw 2 of 2 (18 PTS)","113 - 104","-9"],["0041400173",584,1,42,4,"1:22 AM","0:07","McCollum 2' Driving Layup (23 PTS)",null,null,"113 - 106","-7"],["0041400173",585,6,28,4,"1:22 AM","0:05","Afflalo Personal Take Foul (P6.PN) (B.Kennedy)",null,null,null,null],["0041400173",586,8,0,4,"1:22 AM","0:05","SUB: Blake FOR Afflalo",null,null,null,null],["0041400173",587,3,11,4,"1:22 AM","0:05",null,null,"Lee Free Throw 1 of 2 (19 PTS)","114 - 106","-8"],["0041400173",589,3,12,4,"1:22 AM","0:05",null,null,"Lee Free Throw 2 of 2 (20 PTS)","115 - 106","-9"],["0041400173",591,1,1,4,"1:23 AM","0:00","McCollum 25' 3PT Jump Shot (26 PTS) (Lillard 9 AST)",null,null,"115 - 109","-6"],["0041400173",592,18,0,4,"1:23 AM","0:00",null,null,null,null,null],["0041400173",593,13,0,4,"1:23 AM","0:00",null,null,null,"115 - 109","-6"]]},{"name":"AvailableVideo","headers":["VIDEO_AVAILABLE_FLAG"],"rowSet":[[1]]}]}